driver_id,date,is_inhouse,n_legs,first_pickup,last_pickup,span_minutes
1,2025-10-01,1,2,09:15,11:30,135
4,2025-10-01,0,1,11:08,11:08,0
7,2025-10-01,0,3,06:30,11:30,300
9,2025-10-01,1,2,10:00,11:30,90
12,2025-10-01,0,1,18:58,18:58,0
13,2025-10-01,0,5,09:30,16:00,390
20,2025-10-01,1,3,18:50,23:25,275
1,2025-10-02,1,2,12:30,21:15,525
4,2025-10-02,0,4,09:15,16:15,420
7,2025-10-02,0,1,17:46,17:46,0
9,2025-10-02,1,6,08:30,22:55,865
12,2025-10-02,0,4,03:30,13:45,615
13,2025-10-02,0,6,05:30,15:35,605
19,2025-10-02,0,4,12:20,15:55,215
20,2025-10-02,1,2,19:15,23:59,284
1,2025-10-03,1,2,08:30,15:45,435
4,2025-10-03,0,1,09:40,09:40,0
5,2025-10-03,0,1,13:52,13:52,0
7,2025-10-03,0,3,09:45,19:47,602
9,2025-10-03,1,3,10:48,20:25,577
13,2025-10-03,0,2,15:15,15:40,25
19,2025-10-03,0,4,08:30,13:08,278
1,2025-10-04,1,5,07:15,17:44,629
4,2025-10-04,0,1,07:00,07:00,0
5,2025-10-04,0,2,09:45,15:55,370
7,2025-10-04,0,6,07:00,17:02,602
9,2025-10-04,1,2,12:36,14:30,114
13,2025-10-04,0,8,10:00,17:00,420
15,2025-10-04,0,1,11:32,11:32,0
19,2025-10-04,0,5,08:00,13:50,350
20,2025-10-04,1,7,03:30,15:21,711
23,2025-10-04,0,2,10:10,12:12,122
24,2025-10-04,0,1,11:36,11:36,0
1,2025-10-05,1,4,07:00,13:15,375
4,2025-10-05,0,1,15:05,15:05,0
5,2025-10-05,0,2,12:00,12:45,45
7,2025-10-05,0,5,07:20,16:07,527
9,2025-10-05,1,2,15:55,19:28,213
12,2025-10-05,0,1,16:28,16:28,0
13,2025-10-05,0,10,08:00,23:29,929
15,2025-10-05,0,1,07:55,07:55,0
16,2025-10-05,0,1,16:43,16:43,0
19,2025-10-05,0,5,09:15,13:00,225
20,2025-10-05,1,9,04:45,16:30,705
24,2025-10-05,0,1,16:49,16:49,0
1,2025-10-06,1,6,07:00,17:20,620
4,2025-10-06,0,2,07:45,13:15,330
5,2025-10-06,0,1,12:55,12:55,0
7,2025-10-06,0,3,09:30,14:30,300
9,2025-10-06,1,6,07:15,16:24,549
12,2025-10-06,0,3,05:30,18:50,800
13,2025-10-06,0,2,11:15,11:15,0
16,2025-10-06,0,1,10:25,10:25,0
1,2025-10-07,1,2,07:00,12:41,341
4,2025-10-07,0,1,09:30,09:30,0
7,2025-10-07,0,3,05:20,11:07,347
9,2025-10-07,1,5,07:50,14:56,426
13,2025-10-07,0,2,13:05,14:17,72
1,2025-10-08,1,7,07:00,14:30,450
7,2025-10-08,0,3,09:30,20:13,643
9,2025-10-08,1,6,07:20,18:25,665
13,2025-10-08,0,3,10:30,15:45,315
20,2025-10-08,1,2,16:19,19:23,184
24,2025-10-08,0,1,15:30,15:30,0
1,2025-10-09,1,3,08:00,17:49,589
4,2025-10-09,0,2,08:15,14:15,360
7,2025-10-09,0,6,06:00,21:15,915
8,2025-10-09,0,1,13:25,13:25,0
9,2025-10-09,1,4,07:50,13:46,356
12,2025-10-09,0,2,05:45,16:40,655
13,2025-10-09,0,2,14:50,15:00,10
16,2025-10-09,0,2,09:49,12:55,186
20,2025-10-09,1,4,17:29,23:59,390
24,2025-10-09,0,1,11:15,11:15,0
26,2025-10-09,1,7,04:20,13:45,565
1,2025-10-10,1,4,09:00,16:30,450
4,2025-10-10,0,1,12:09,12:09,0
5,2025-10-10,0,2,07:30,12:30,300
6,2025-10-10,1,2,10:58,11:00,2
7,2025-10-10,0,3,09:25,14:30,305
8,2025-10-10,0,2,10:00,16:30,390
9,2025-10-10,1,1,14:00,14:00,0
12,2025-10-10,0,1,15:00,15:00,0
13,2025-10-10,0,5,07:15,11:46,271
16,2025-10-10,0,1,10:01,10:01,0
19,2025-10-10,0,2,10:40,11:15,35
20,2025-10-10,1,1,20:15,20:15,0
26,2025-10-10,1,6,03:45,15:07,682
27,2025-10-10,0,1,10:35,10:35,0
1,2025-10-11,1,3,08:00,11:45,225
6,2025-10-11,1,2,10:45,11:10,25
7,2025-10-11,0,3,09:00,13:20,260
8,2025-10-11,0,1,10:30,10:30,0
13,2025-10-11,0,6,08:00,13:55,355
16,2025-10-11,0,2,10:20,12:00,100
19,2025-10-11,0,2,09:36,11:45,129
20,2025-10-11,1,8,05:00,15:55,655
24,2025-10-11,0,2,09:30,11:40,130
26,2025-10-11,1,7,05:00,15:30,630
27,2025-10-11,0,3,09:30,10:45,75
1,2025-10-12,1,1,18:00,18:00,0
4,2025-10-12,0,1,11:40,11:40,0
7,2025-10-12,0,1,11:00,11:00,0
9,2025-10-12,1,1,09:00,09:00,0
13,2025-10-12,0,1,13:50,13:50,0
20,2025-10-12,1,4,03:30,12:00,510
26,2025-10-12,1,4,08:30,18:00,570
1,2025-10-13,1,4,08:45,19:00,615
4,2025-10-13,0,1,13:15,13:15,0
5,2025-10-13,0,3,09:00,12:40,220
7,2025-10-13,0,3,08:30,12:15,225
9,2025-10-13,1,6,07:00,16:15,555
13,2025-10-13,0,2,12:09,16:15,246
20,2025-10-13,1,1,19:18,19:18,0
24,2025-10-13,0,1,09:00,09:00,0
26,2025-10-13,1,9,03:30,16:30,780
27,2025-10-13,0,2,08:40,12:57,257
1,2025-10-14,1,3,07:20,16:00,520
4,2025-10-14,0,1,11:00,11:00,0
5,2025-10-14,0,2,10:59,16:48,349
7,2025-10-14,0,3,07:45,16:26,521
9,2025-10-14,1,5,08:15,14:20,365
20,2025-10-14,1,3,18:15,23:54,339
24,2025-10-14,0,1,11:15,11:15,0
26,2025-10-14,1,8,07:30,17:59,629
1,2025-10-15,1,2,07:00,16:00,540
9,2025-10-15,1,3,10:49,17:06,377
13,2025-10-15,0,1,16:30,16:30,0
20,2025-10-15,1,1,21:01,21:01,0
26,2025-10-15,1,2,09:30,15:39,369
1,2025-10-16,1,3,06:30,16:00,570
7,2025-10-16,0,3,11:37,17:35,358
9,2025-10-16,1,3,08:48,13:01,253
13,2025-10-16,0,1,11:00,11:00,0
20,2025-10-16,1,3,18:01,22:57,296
24,2025-10-16,0,2,09:00,16:00,420
26,2025-10-16,1,7,06:45,17:25,640
1,2025-10-17,1,5,06:15,16:00,585
5,2025-10-17,0,1,10:21,10:21,0
7,2025-10-17,0,4,05:38,15:45,607
9,2025-10-17,1,3,10:30,12:54,144
13,2025-10-17,0,1,08:40,08:40,0
16,2025-10-17,0,2,10:49,13:35,166
19,2025-10-17,0,2,16:38,23:59,441
20,2025-10-17,1,1,18:45,18:45,0
26,2025-10-17,1,6,06:00,15:45,585
27,2025-10-17,0,1,09:40,09:40,0
1,2025-10-18,1,5,07:00,17:00,600
7,2025-10-18,0,3,08:00,17:09,549
9,2025-10-18,1,2,09:00,14:00,300
13,2025-10-18,0,5,09:00,15:20,380
20,2025-10-18,1,5,07:15,17:20,605
24,2025-10-18,0,1,09:30,09:30,0
26,2025-10-18,1,6,06:25,15:55,570
27,2025-10-18,0,4,09:00,10:43,103
29,2025-10-18,0,3,09:27,11:30,123
30,2025-10-18,0,1,08:55,08:55,0
1,2025-10-19,1,5,04:45,17:21,756
7,2025-10-19,0,3,06:45,20:03,798
9,2025-10-19,1,4,06:30,18:30,720
13,2025-10-19,0,2,09:50,10:49,59
16,2025-10-19,0,1,11:35,11:35,0
20,2025-10-19,1,7,04:15,22:09,1074
26,2025-10-19,1,6,04:00,17:45,825
27,2025-10-19,0,1,08:15,08:15,0
30,2025-10-19,0,1,10:55,10:55,0
1,2025-10-20,1,5,08:00,18:00,600
7,2025-10-20,0,2,09:30,10:21,51
9,2025-10-20,1,4,07:15,13:24,369
13,2025-10-20,0,1,08:28,08:28,0
19,2025-10-20,0,1,14:33,14:33,0
20,2025-10-20,1,2,06:30,09:00,150
24,2025-10-20,0,1,09:00,09:00,0
26,2025-10-20,1,6,06:30,17:46,676
1,2025-10-21,1,2,09:40,13:15,215
13,2025-10-21,0,1,21:00,21:00,0
20,2025-10-21,1,3,05:45,09:30,225
26,2025-10-21,1,3,10:43,15:09,266
1,2025-10-22,1,1,11:00,11:00,0
9,2025-10-22,1,3,10:45,18:00,435
13,2025-10-22,0,1,17:15,17:15,0
20,2025-10-22,1,3,10:47,18:10,443
26,2025-10-22,1,4,07:45,15:55,490
1,2025-10-23,1,1,16:30,16:30,0
7,2025-10-23,0,2,10:30,13:09,159
9,2025-10-23,1,1,11:30,11:30,0
13,2025-10-23,0,3,09:10,12:30,200
20,2025-10-23,1,6,05:55,23:59,1084
26,2025-10-23,1,4,07:50,14:42,412
1,2025-10-24,1,1,08:30,08:30,0
4,2025-10-24,0,1,09:38,09:38,0
7,2025-10-24,0,2,10:35,15:19,284
9,2025-10-24,1,2,08:40,18:45,605
12,2025-10-24,0,1,23:38,23:38,0
13,2025-10-24,0,1,09:00,09:00,0
20,2025-10-24,1,8,08:00,23:40,940
26,2025-10-24,1,7,06:30,20:05,815
29,2025-10-24,0,1,17:15,17:15,0
1,2025-10-25,1,5,07:30,15:10,460
4,2025-10-25,0,2,09:00,14:45,345
7,2025-10-25,0,4,08:30,17:58,568
9,2025-10-25,1,5,07:30,18:00,630
12,2025-10-25,0,1,07:30,07:30,0
13,2025-10-25,0,1,11:04,11:04,0
20,2025-10-25,1,5,06:45,17:08,623
26,2025-10-25,1,8,04:40,18:05,805
29,2025-10-25,0,1,07:00,07:00,0
30,2025-10-25,0,1,10:00,10:00,0
1,2025-10-26,1,5,05:30,18:00,750
4,2025-10-26,0,1,13:15,13:15,0
7,2025-10-26,0,4,09:30,20:30,660
9,2025-10-26,1,3,11:00,22:00,660
13,2025-10-26,0,1,18:15,18:15,0
20,2025-10-26,1,4,04:00,11:00,420
24,2025-10-26,0,1,10:49,10:49,0
26,2025-10-26,1,4,08:40,17:00,500
30,2025-10-26,0,1,09:22,09:22,0
1,2025-10-27,1,5,05:40,18:30,770
7,2025-10-27,0,2,13:06,15:31,145
9,2025-10-27,1,3,06:45,15:20,515
13,2025-10-27,0,1,09:49,09:49,0
24,2025-10-27,0,1,04:15,04:15,0
26,2025-10-27,1,7,04:30,17:30,780
1,2025-10-28,1,2,11:00,17:10,370
13,2025-10-28,0,1,09:05,09:05,0
20,2025-10-28,1,5,08:00,16:21,501
26,2025-10-28,1,5,09:40,16:45,425
1,2025-10-29,1,2,09:00,13:30,270
7,2025-10-29,0,2,12:57,20:43,466
8,2025-10-29,0,2,09:12,11:11,119
13,2025-10-29,0,2,08:30,09:00,30
16,2025-10-29,0,2,15:05,19:28,263
20,2025-10-29,1,5,06:00,15:17,557
26,2025-10-29,1,7,06:00,19:46,826
30,2025-10-29,0,1,19:40,19:40,0
1,2025-10-30,1,3,08:00,15:15,435
7,2025-10-30,0,2,09:40,13:30,230
9,2025-10-30,1,5,07:00,18:00,660
19,2025-10-30,0,1,09:48,09:48,0
20,2025-10-30,1,5,08:15,17:00,525
24,2025-10-30,0,1,06:30,06:30,0
26,2025-10-30,1,4,08:30,14:15,345
27,2025-10-30,0,3,11:15,13:30,135
30,2025-10-30,0,1,13:08,13:08,0
1,2025-10-31,1,2,08:15,10:00,105
7,2025-10-31,0,1,08:53,08:53,0
9,2025-10-31,1,1,12:28,12:28,0
12,2025-10-31,0,1,14:37,14:37,0
20,2025-10-31,1,6,07:27,15:20,473
27,2025-10-31,0,1,20:47,20:47,0
1,2025-11-01,1,2,15:15,21:45,390
4,2025-11-01,0,1,15:51,15:51,0
7,2025-11-01,0,2,15:00,16:48,108
9,2025-11-01,1,3,12:34,18:00,326
13,2025-11-01,0,1,12:28,12:28,0
16,2025-11-01,0,1,10:16,10:16,0
20,2025-11-01,1,7,09:30,20:24,654
24,2025-11-01,0,2,03:30,15:07,697
26,2025-11-01,1,7,03:45,15:19,694
27,2025-11-01,0,2,10:48,15:00,252
29,2025-11-01,0,1,11:15,11:15,0
30,2025-11-01,0,2,10:20,13:42,202
1,2025-11-02,1,3,10:30,19:00,510
7,2025-11-02,0,6,07:00,16:30,570
8,2025-11-02,0,1,10:10,10:10,0
9,2025-11-02,1,5,08:30,19:15,645
13,2025-11-02,0,1,11:00,11:00,0
16,2025-11-02,0,1,11:10,11:10,0
19,2025-11-02,0,1,11:14,11:14,0
26,2025-11-02,1,7,09:30,18:15,525
27,2025-11-02,0,3,11:15,13:30,135
29,2025-11-02,0,1,11:09,11:09,0
30,2025-11-02,0,3,10:25,22:33,728
1,2025-11-03,1,5,09:00,17:00,480
4,2025-11-03,0,2,15:29,20:17,288
7,2025-11-03,0,2,08:25,10:47,142
9,2025-11-03,1,2,09:15,11:30,135
19,2025-11-03,0,2,09:50,11:05,75
24,2025-11-03,0,1,08:44,08:44,0
26,2025-11-03,1,8,04:15,16:23,728
27,2025-11-03,0,1,20:23,20:23,0
30,2025-11-03,0,1,09:20,09:20,0
1,2025-11-04,1,4,07:00,17:00,600
7,2025-11-04,0,2,09:52,17:00,428
9,2025-11-04,1,3,09:02,17:43,521
16,2025-11-04,0,1,16:33,16:33,0
19,2025-11-04,0,2,02:30,10:34,484
20,2025-11-04,1,4,09:14,22:15,781
26,2025-11-04,1,4,04:40,11:34,414
1,2025-11-05,1,3,09:20,16:15,415
7,2025-11-05,0,3,08:32,16:35,483
8,2025-11-05,0,1,11:45,11:45,0
9,2025-11-05,1,3,08:00,13:09,309
20,2025-11-05,1,7,07:15,18:39,684
26,2025-11-05,1,4,09:20,19:05,585
27,2025-11-05,0,1,09:35,09:35,0
30,2025-11-05,0,1,15:27,15:27,0
1,2025-11-06,1,2,09:30,11:00,90
4,2025-11-06,0,1,17:05,17:05,0
7,2025-11-06,0,2,11:10,13:19,129
8,2025-11-06,0,1,14:09,14:09,0
9,2025-11-06,1,4,08:00,16:16,496
20,2025-11-06,1,6,09:00,21:40,760
24,2025-11-06,0,2,04:20,12:38,498
26,2025-11-06,1,6,09:25,18:45,560
27,2025-11-06,0,2,13:02,15:06,124
29,2025-11-06,0,1,14:11,14:11,0
30,2025-11-06,0,2,11:16,21:47,631
31,2025-11-06,1,1,16:30,16:30,0
1,2025-11-07,1,2,08:30,11:30,180
4,2025-11-07,0,1,12:00,12:00,0
7,2025-11-07,0,3,11:20,17:20,360
9,2025-11-07,1,2,12:30,16:49,259
15,2025-11-07,0,1,13:02,13:02,0
16,2025-11-07,0,1,10:10,10:10,0
19,2025-11-07,0,1,12:19,12:19,0
20,2025-11-07,1,7,08:40,19:46,666
24,2025-11-07,0,1,03:00,03:00,0
26,2025-11-07,1,8,03:45,15:45,720
27,2025-11-07,0,1,14:26,14:26,0
30,2025-11-07,0,1,18:53,18:53,0
31,2025-11-07,1,2,13:45,15:00,75
1,2025-11-08,1,6,08:00,15:15,435
4,2025-11-08,0,1,08:30,08:30,0
5,2025-11-08,0,2,13:30,18:00,270
6,2025-11-08,1,1,12:15,12:15,0
7,2025-11-08,0,3,07:30,13:40,370
8,2025-11-08,0,1,10:15,10:15,0
9,2025-11-08,1,5,08:00,15:40,460
20,2025-11-08,1,8,04:00,16:58,778
24,2025-11-08,0,1,04:30,04:30,0
26,2025-11-08,1,8,04:00,14:40,640
27,2025-11-08,0,2,10:35,14:15,220
30,2025-11-08,0,3,08:00,13:30,330
1,2025-11-09,1,5,07:00,16:30,570
5,2025-11-09,0,1,10:57,10:57,0
7,2025-11-09,0,1,15:40,15:40,0
8,2025-11-09,0,2,12:29,16:15,226
9,2025-11-09,1,2,16:00,19:36,216
13,2025-11-09,0,1,06:30,06:30,0
19,2025-11-09,0,4,09:55,20:56,661
20,2025-11-09,1,5,04:00,11:30,450
26,2025-11-09,1,7,06:05,17:36,691
27,2025-11-09,0,1,06:10,06:10,0
29,2025-11-09,0,2,09:55,14:51,296
31,2025-11-09,1,5,06:30,17:20,650
1,2025-11-10,1,4,09:00,18:00,540
9,2025-11-10,1,4,14:25,21:41,436
12,2025-11-10,0,1,04:30,04:30,0
24,2025-11-10,0,2,03:50,10:13,383
26,2025-11-10,1,6,04:00,14:16,616
27,2025-11-10,0,3,01:29,15:36,847
31,2025-11-10,1,5,06:00,14:00,480
1,2025-11-11,1,2,09:30,14:15,285
4,2025-11-11,0,2,14:30,15:00,30
5,2025-11-11,0,1,09:37,09:37,0
9,2025-11-11,1,3,15:30,20:40,310
13,2025-11-11,0,2,09:00,10:40,100
20,2025-11-11,1,7,08:45,19:48,663
24,2025-11-11,0,1,11:45,11:45,0
26,2025-11-11,1,7,03:45,15:00,675
27,2025-11-11,0,2,09:15,12:10,175
30,2025-11-11,0,2,05:30,14:13,523
31,2025-11-11,1,3,06:00,10:15,255
1,2025-11-12,1,2,13:20,17:00,220
5,2025-11-12,0,1,13:25,13:25,0
8,2025-11-12,0,1,11:40,11:40,0
9,2025-11-12,1,3,09:00,17:35,515
16,2025-11-12,0,2,10:10,13:31,201
20,2025-11-12,1,7,03:30,16:29,779
26,2025-11-12,1,7,03:40,14:45,665
27,2025-11-12,0,3,12:45,13:53,68
30,2025-11-12,0,3,10:04,18:00,476
1,2025-11-13,1,2,08:30,22:05,815
5,2025-11-13,0,1,13:51,13:51,0
9,2025-11-13,1,1,13:50,13:50,0
20,2025-11-13,1,4,03:30,20:31,1021
26,2025-11-13,1,5,04:30,17:40,790
30,2025-11-13,0,2,08:15,12:37,262
1,2025-11-14,1,3,08:30,18:30,600
5,2025-11-14,0,2,09:00,11:00,120
9,2025-11-14,1,2,19:30,21:45,135
20,2025-11-14,1,5,07:45,19:40,715
24,2025-11-14,0,1,09:00,09:00,0
26,2025-11-14,1,4,07:45,15:10,445
27,2025-11-14,0,2,10:14,16:40,386
29,2025-11-14,0,1,09:00,09:00,0
31,2025-11-14,1,8,08:32,21:25,773
1,2025-11-15,1,4,06:10,18:24,734
5,2025-11-15,0,4,09:27,16:45,438
6,2025-11-15,1,1,11:02,11:02,0
7,2025-11-15,0,2,13:45,16:51,186
8,2025-11-15,0,1,10:58,10:58,0
9,2025-11-15,1,3,12:30,19:50,440
13,2025-11-15,0,1,13:53,13:53,0
16,2025-11-15,0,1,11:09,11:09,0
19,2025-11-15,0,4,11:45,14:45,180
20,2025-11-15,1,9,06:00,19:36,816
24,2025-11-15,0,1,03:30,03:30,0
26,2025-11-15,1,8,06:00,17:00,660
27,2025-11-15,0,4,08:50,12:42,232
29,2025-11-15,0,1,09:20,09:20,0
30,2025-11-15,0,2,12:30,14:45,135
1,2025-11-16,1,7,06:00,18:50,770
5,2025-11-16,0,2,11:00,13:30,150
6,2025-11-16,1,1,12:51,12:51,0
7,2025-11-16,0,6,07:15,23:30,975
8,2025-11-16,0,1,14:00,14:00,0
9,2025-11-16,1,1,11:00,11:00,0
13,2025-11-16,0,1,12:45,12:45,0
16,2025-11-16,0,1,09:39,09:39,0
19,2025-11-16,0,2,13:25,14:00,35
21,2025-11-16,0,4,12:00,17:31,331
24,2025-11-16,0,1,04:15,04:15,0
26,2025-11-16,1,8,04:00,13:01,541
27,2025-11-16,0,2,09:44,11:10,86
29,2025-11-16,0,1,14:25,14:25,0
32,2025-11-16,1,7,06:30,16:25,595
1,2025-11-17,1,3,08:00,12:45,285
5,2025-11-17,0,1,12:37,12:37,0
7,2025-11-17,0,2,11:00,13:45,165
9,2025-11-17,1,4,13:00,18:15,315
26,2025-11-17,1,8,05:30,18:00,750
31,2025-11-17,1,4,09:30,14:45,315
7,2025-11-18,0,1,13:53,13:53,0
9,2025-11-18,1,2,09:20,13:15,235
19,2025-11-18,0,1,09:45,09:45,0
26,2025-11-18,1,5,08:30,17:50,560
29,2025-11-18,0,1,08:15,08:15,0
31,2025-11-18,1,6,06:45,18:31,706
32,2025-11-18,1,6,07:15,16:40,565
1,2025-11-19,1,5,07:20,16:00,520
8,2025-11-19,0,1,14:45,14:45,0
9,2025-11-19,1,3,08:45,21:58,793
19,2025-11-19,0,2,12:50,20:15,445
26,2025-11-19,1,7,06:45,17:00,615
31,2025-11-19,1,4,07:00,12:30,330
32,2025-11-19,1,6,07:00,22:30,930
1,2025-11-20,1,4,08:30,14:36,366
5,2025-11-20,0,2,15:25,17:15,110
7,2025-11-20,0,4,05:34,18:04,750
8,2025-11-20,0,1,09:24,09:24,0
9,2025-11-20,1,1,15:30,15:30,0
12,2025-11-20,0,1,18:29,18:29,0
13,2025-11-20,0,3,08:40,20:44,724
24,2025-11-20,0,1,11:40,11:40,0
26,2025-11-20,1,5,06:20,15:37,557
32,2025-11-20,1,7,08:15,20:41,746
1,2025-11-21,1,6,08:00,19:30,690
5,2025-11-21,0,1,12:35,12:35,0
7,2025-11-21,0,4,10:15,23:30,795
8,2025-11-21,0,1,09:15,09:15,0
9,2025-11-21,1,4,10:00,20:38,638
16,2025-11-21,0,1,15:15,15:15,0
19,2025-11-21,0,3,10:26,13:10,164
24,2025-11-21,0,1,11:00,11:00,0
26,2025-11-21,1,8,04:00,15:40,700
27,2025-11-21,0,1,11:00,11:00,0
29,2025-11-21,0,4,09:30,15:16,346
32,2025-11-21,1,8,08:15,22:36,861
33,2025-11-21,1,6,09:05,20:01,656
1,2025-11-22,1,2,09:30,15:30,360
6,2025-11-22,1,2,05:30,17:00,690
7,2025-11-22,0,3,10:00,15:30,330
8,2025-11-22,0,1,13:15,13:15,0
9,2025-11-22,1,1,23:36,23:36,0
13,2025-11-22,0,2,10:45,13:15,150
16,2025-11-22,0,3,10:33,16:00,327
19,2025-11-22,0,2,14:25,15:48,83
20,2025-11-22,1,8,03:30,15:40,730
26,2025-11-22,1,9,04:10,17:15,785
27,2025-11-22,0,1,10:12,10:12,0
29,2025-11-22,0,3,11:00,12:00,60
32,2025-11-22,1,7,08:30,18:15,585
33,2025-11-22,1,6,07:00,16:30,570
5,2025-11-23,0,2,09:42,11:33,111
6,2025-11-23,1,1,06:30,06:30,0
7,2025-11-23,0,1,09:53,09:53,0
13,2025-11-23,0,1,12:10,12:10,0
20,2025-11-23,1,9,04:00,16:50,770
26,2025-11-23,1,7,06:45,17:30,645
27,2025-11-23,0,1,13:25,13:25,0
29,2025-11-23,0,1,16:25,16:25,0
32,2025-11-23,1,8,06:15,17:23,668
33,2025-11-23,1,7,06:30,17:30,660
4,2025-11-24,0,1,09:45,09:45,0
5,2025-11-24,0,1,09:50,09:50,0
7,2025-11-24,0,1,10:45,10:45,0
13,2025-11-24,0,1,10:26,10:26,0
24,2025-11-24,0,1,05:30,05:30,0
26,2025-11-24,1,8,05:10,17:00,710
31,2025-11-24,1,4,08:45,17:30,525
32,2025-11-24,1,5,09:00,19:00,600
33,2025-11-24,1,5,08:32,17:11,519
5,2025-11-25,0,2,08:30,12:10,220
7,2025-11-25,0,4,07:33,19:52,739
8,2025-11-25,0,1,11:45,11:45,0
9,2025-11-25,1,1,20:55,20:55,0
13,2025-11-25,0,3,09:00,12:00,180
19,2025-11-25,0,2,19:54,19:54,0
26,2025-11-25,1,7,07:30,21:05,815
29,2025-11-25,0,1,10:00,10:00,0
31,2025-11-25,1,5,06:10,15:20,550
32,2025-11-25,1,4,06:30,15:05,515
33,2025-11-25,1,8,06:30,19:10,760
1,2025-11-26,1,3,10:00,22:40,760
7,2025-11-26,0,1,12:25,12:25,0
24,2025-11-26,0,1,04:30,04:30,0
26,2025-11-26,1,7,03:00,19:35,995
27,2025-11-26,0,1,22:30,22:30,0
29,2025-11-26,0,2,16:19,16:30,11
31,2025-11-26,1,6,06:20,18:54,754
32,2025-11-26,1,7,10:00,18:58,538
7,2025-11-27,0,2,11:34,14:15,161
9,2025-11-27,1,5,09:30,20:44,674
26,2025-11-27,1,6,04:30,15:16,646
32,2025-11-27,1,6,04:30,17:00,750
33,2025-11-27,1,5,06:30,18:30,720
4,2025-11-28,0,1,09:00,09:00,0
5,2025-11-28,0,1,14:51,14:51,0
7,2025-11-28,0,6,07:00,18:00,660
9,2025-11-28,1,6,08:10,22:00,830
13,2025-11-28,0,2,09:00,11:30,150
24,2025-11-28,0,1,09:24,09:24,0
26,2025-11-28,1,5,05:20,15:30,610
27,2025-11-28,0,3,09:00,11:35,155
29,2025-11-28,0,3,12:44,19:50,426
32,2025-11-28,1,6,05:30,18:10,760
33,2025-11-28,1,7,07:00,22:00,900
5,2025-11-29,0,1,13:23,13:23,0
7,2025-11-29,0,3,04:30,13:34,544
9,2025-11-29,1,8,06:30,21:20,890
13,2025-11-29,0,2,09:00,09:00,0
19,2025-11-29,0,2,10:43,11:23,40
24,2025-11-29,0,1,10:39,10:39,0
26,2025-11-29,1,8,04:25,17:30,785
27,2025-11-29,0,6,09:00,12:55,235
29,2025-11-29,0,7,09:12,13:00,228
32,2025-11-29,1,9,04:50,17:32,762
33,2025-11-29,1,9,05:10,19:04,834
34,2025-11-29,1,7,09:51,21:18,687
1,2025-11-30,1,3,11:15,17:00,345
4,2025-11-30,0,1,13:00,13:00,0
7,2025-11-30,0,4,11:00,23:59,779
8,2025-11-30,0,1,08:15,08:15,0
13,2025-11-30,0,2,08:30,15:49,439
24,2025-11-30,0,1,03:00,03:00,0
26,2025-11-30,1,6,06:30,16:05,575
27,2025-11-30,0,4,12:00,13:07,67
29,2025-11-30,0,6,07:45,14:02,377
31,2025-11-30,1,4,05:00,11:00,360
32,2025-11-30,1,5,08:30,19:00,630
33,2025-11-30,1,8,07:20,19:00,700
34,2025-11-30,1,4,12:31,20:06,455
4,2025-12-01,0,1,13:07,13:07,0
7,2025-12-01,0,1,14:25,14:25,0
13,2025-12-01,0,1,15:14,15:14,0
24,2025-12-01,0,1,15:14,15:14,0
26,2025-12-01,1,7,04:00,17:00,780
31,2025-12-01,1,6,05:30,17:15,705
32,2025-12-01,1,5,07:30,18:00,630
33,2025-12-01,1,4,08:32,17:29,537
5,2025-12-02,0,2,09:30,11:49,139
7,2025-12-02,0,2,10:23,12:15,112
8,2025-12-02,0,1,10:54,10:54,0
24,2025-12-02,0,1,14:50,14:50,0
26,2025-12-02,1,6,04:00,15:10,670
30,2025-12-02,0,1,09:40,09:40,0
31,2025-12-02,1,3,09:45,13:36,231
32,2025-12-02,1,2,08:30,10:00,90
33,2025-12-02,1,6,09:30,21:49,739
1,2025-12-03,1,1,09:10,09:10,0
7,2025-12-03,0,1,14:00,14:00,0
13,2025-12-03,0,1,13:26,13:26,0
26,2025-12-03,1,7,04:15,14:23,608
29,2025-12-03,0,1,18:30,18:30,0
31,2025-12-03,1,7,04:45,15:10,625
32,2025-12-03,1,6,09:02,23:45,883
33,2025-12-03,1,6,09:08,22:42,814
1,2025-12-04,1,1,12:00,12:00,0
5,2025-12-04,0,1,11:40,11:40,0
7,2025-12-04,0,3,10:52,19:35,523
8,2025-12-04,0,2,14:50,18:45,235
13,2025-12-04,0,1,10:05,10:05,0
26,2025-12-04,1,6,08:14,18:15,601
29,2025-12-04,0,1,20:15,20:15,0
32,2025-12-04,1,8,08:40,22:30,830
33,2025-12-04,1,7,08:45,22:55,850
35,2025-12-04,1,6,08:41,18:45,604
1,2025-12-05,1,2,09:30,13:00,210
5,2025-12-05,0,1,13:00,13:00,0
7,2025-12-05,0,4,09:07,19:44,637
8,2025-12-05,0,2,09:45,13:10,205
9,2025-12-05,1,1,09:30,09:30,0
12,2025-12-05,0,1,08:45,08:45,0
13,2025-12-05,0,1,16:04,16:04,0
26,2025-12-05,1,9,04:45,16:30,705
27,2025-12-05,0,2,12:10,20:15,485
32,2025-12-05,1,9,06:20,19:16,776
33,2025-12-05,1,6,09:00,20:19,679
34,2025-12-05,1,6,09:30,18:34,544
1,2025-12-06,1,4,10:45,18:35,470
5,2025-12-06,0,3,10:40,14:45,245
6,2025-12-06,1,4,10:57,11:30,33
7,2025-12-06,0,3,09:40,22:03,743
8,2025-12-06,0,2,11:15,13:40,145
9,2025-12-06,1,2,19:35,22:07,152
12,2025-12-06,0,1,12:00,12:00,0
13,2025-12-06,0,3,10:55,14:00,185
19,2025-12-06,0,2,11:00,11:45,45
20,2025-12-06,1,9,04:30,17:00,750
24,2025-12-06,0,3,09:37,15:30,353
26,2025-12-06,1,7,07:00,16:00,540
27,2025-12-06,0,2,10:57,12:10,73
29,2025-12-06,0,2,12:10,14:03,113
32,2025-12-06,1,8,08:20,21:51,811
33,2025-12-06,1,7,07:30,18:47,677
1,2025-12-07,1,2,23:45,23:59,14
6,2025-12-07,1,1,15:17,15:17,0
7,2025-12-07,0,3,08:30,12:13,223
8,2025-12-07,0,2,11:10,16:20,310
9,2025-12-07,1,2,10:05,13:45,220
19,2025-12-07,0,1,09:30,09:30,0
20,2025-12-07,1,6,03:30,16:58,808
24,2025-12-07,0,1,04:30,04:30,0
26,2025-12-07,1,7,04:40,16:00,680
29,2025-12-07,0,3,09:00,16:10,430
32,2025-12-07,1,7,07:05,16:30,565
33,2025-12-07,1,7,08:00,23:39,939
1,2025-12-08,1,3,07:15,11:30,255
6,2025-12-08,1,4,10:45,12:50,125
7,2025-12-08,0,3,09:00,14:08,308
8,2025-12-08,0,1,10:00,10:00,0
13,2025-12-08,0,1,11:45,11:45,0
19,2025-12-08,0,1,11:10,11:10,0
24,2025-12-08,0,2,05:30,11:10,340
26,2025-12-08,1,7,04:00,15:45,705
29,2025-12-08,0,4,10:17,12:10,113
31,2025-12-08,1,3,08:01,11:00,179
32,2025-12-08,1,5,05:00,14:23,563
33,2025-12-08,1,9,07:00,19:18,738
7,2025-12-09,0,1,14:57,14:57,0
9,2025-12-09,1,1,09:15,09:15,0
13,2025-12-09,0,3,08:35,18:45,610
26,2025-12-09,1,6,06:10,16:00,590
29,2025-12-09,0,1,18:21,18:21,0
30,2025-12-09,0,1,14:48,14:48,0
31,2025-12-09,1,6,07:00,18:36,696
32,2025-12-09,1,4,10:00,17:30,450
33,2025-12-09,1,3,06:15,08:45,150
1,2025-12-10,1,2,10:30,14:30,240
7,2025-12-10,0,3,09:40,20:36,656
13,2025-12-10,0,1,13:00,13:00,0
26,2025-12-10,1,4,08:30,13:00,270
31,2025-12-10,1,6,08:15,14:55,400
32,2025-12-10,1,5,09:55,16:13,378
34,2025-12-10,1,4,09:49,17:30,461
7,2025-12-11,0,1,16:24,16:24,0
8,2025-12-11,0,1,10:24,10:24,0
13,2025-12-11,0,1,11:05,11:05,0
21,2025-12-11,0,2,17:45,22:53,308
26,2025-12-11,1,5,05:30,12:30,420
32,2025-12-11,1,7,05:30,22:49,1039
33,2025-12-11,1,7,06:30,17:30,660
35,2025-12-11,1,3,09:45,14:00,255
1,2025-12-12,1,1,11:15,11:15,0
5,2025-12-12,0,1,09:45,09:45,0
7,2025-12-12,0,2,08:30,17:20,530
8,2025-12-12,0,2,12:30,14:25,115
13,2025-12-12,0,1,09:00,09:00,0
21,2025-12-12,0,2,15:00,16:30,90
24,2025-12-12,0,1,09:30,09:30,0
26,2025-12-12,1,5,05:40,15:10,570
29,2025-12-12,0,5,08:30,17:30,540
32,2025-12-12,1,7,09:00,21:28,748
33,2025-12-12,1,3,08:40,17:55,555
38,2025-12-12,1,6,09:00,17:45,525
1,2025-12-13,1,1,23:17,23:17,0
5,2025-12-13,0,1,11:46,11:46,0
6,2025-12-13,1,1,12:30,12:30,0
7,2025-12-13,0,6,08:00,19:35,695
8,2025-12-13,0,1,09:30,09:30,0
19,2025-12-13,0,3,08:45,13:45,300
20,2025-12-13,1,7,06:00,17:00,660
24,2025-12-13,0,3,08:30,13:15,285
26,2025-12-13,1,7,08:30,19:35,665
27,2025-12-13,0,6,08:15,19:00,645
29,2025-12-13,0,7,09:00,19:00,600
30,2025-12-13,0,3,10:00,13:35,215
33,2025-12-13,1,8,08:15,18:00,585
5,2025-12-14,0,1,15:19,15:19,0
6,2025-12-14,1,2,10:30,10:41,11
7,2025-12-14,0,3,10:03,15:18,315
8,2025-12-14,0,1,09:00,09:00,0
13,2025-12-14,0,1,08:10,08:10,0
20,2025-12-14,1,9,04:00,15:27,687
24,2025-12-14,0,1,16:39,16:39,0
26,2025-12-14,1,5,05:30,17:53,743
27,2025-12-14,0,2,09:20,19:05,585
29,2025-12-14,0,4,08:50,10:00,70
30,2025-12-14,0,1,10:20,10:20,0
32,2025-12-14,1,5,06:00,18:10,730
33,2025-12-14,1,6,06:10,17:06,656
5,2025-12-15,0,2,10:00,15:30,330
7,2025-12-15,0,3,13:00,19:51,411
8,2025-12-15,0,1,13:15,13:15,0
26,2025-12-15,1,6,06:00,17:52,712
29,2025-12-15,0,4,08:20,13:42,322
31,2025-12-15,1,5,07:30,19:00,690
32,2025-12-15,1,5,07:00,18:25,685
38,2025-12-15,1,7,08:15,19:39,684
7,2025-12-16,0,1,11:10,11:10,0
24,2025-12-16,0,1,04:30,04:30,0
26,2025-12-16,1,2,11:15,12:05,50
29,2025-12-16,0,2,13:15,15:40,145
32,2025-12-16,1,3,11:17,18:40,443
33,2025-12-16,1,3,12:30,15:50,200
38,2025-12-16,1,2,08:30,11:00,150
7,2025-12-17,0,1,12:36,12:36,0
8,2025-12-17,0,1,11:05,11:05,0
13,2025-12-17,0,3,10:00,13:45,225
26,2025-12-17,1,5,08:00,15:00,420
30,2025-12-17,0,1,11:46,11:46,0
32,2025-12-17,1,6,08:45,23:25,880
33,2025-12-17,1,4,09:30,16:30,420
38,2025-12-17,1,2,12:00,14:00,120
5,2025-12-18,0,1,10:22,10:22,0
7,2025-12-18,0,4,09:40,19:48,608
13,2025-12-18,0,3,11:00,21:40,640
26,2025-12-18,1,7,06:30,22:03,933
27,2025-12-18,0,5,11:54,23:55,721
29,2025-12-18,0,2,16:10,18:00,110
31,2025-12-18,1,4,16:41,23:59,438
32,2025-12-18,1,6,07:00,23:20,980
33,2025-12-18,1,5,06:30,18:45,735
38,2025-12-18,1,4,06:30,14:03,453
5,2025-12-19,0,2,10:00,12:15,135
7,2025-12-19,0,2,11:30,13:30,120
13,2025-12-19,0,1,14:45,14:45,0
19,2025-12-19,0,3,10:20,12:55,155
26,2025-12-19,1,6,08:10,17:59,589
27,2025-12-19,0,2,10:10,13:39,209
29,2025-12-19,0,2,07:00,22:00,900
30,2025-12-19,0,1,13:14,13:14,0
32,2025-12-19,1,8,08:15,21:59,824
33,2025-12-19,1,4,10:00,18:35,515
38,2025-12-19,1,4,09:45,18:45,540
5,2025-12-20,0,2,11:45,12:15,30
7,2025-12-20,0,2,09:20,11:30,130
8,2025-12-20,0,2,10:00,11:30,90
13,2025-12-20,0,3,08:00,11:30,210
19,2025-12-20,0,1,09:30,09:30,0
20,2025-12-20,1,5,09:00,15:15,375
26,2025-12-20,1,6,08:00,17:00,540
27,2025-12-20,0,1,08:45,08:45,0
29,2025-12-20,0,2,13:00,16:30,210
32,2025-12-20,1,7,05:45,19:45,840
33,2025-12-20,1,4,09:30,17:30,480
4,2025-12-21,0,1,09:00,09:00,0
5,2025-12-21,0,1,09:45,09:45,0
7,2025-12-21,0,1,10:00,10:00,0
13,2025-12-21,0,3,09:00,10:30,90
20,2025-12-21,1,4,09:00,15:35,395
26,2025-12-21,1,6,06:30,17:00,630
32,2025-12-21,1,6,07:25,20:21,776
33,2025-12-21,1,4,08:30,18:02,572
38,2025-12-21,1,2,13:00,16:00,180
5,2025-12-22,0,2,10:59,13:00,121
7,2025-12-22,0,1,13:30,13:30,0
19,2025-12-22,0,2,13:30,15:23,113
26,2025-12-22,1,5,04:20,14:22,602
32,2025-12-22,1,6,05:30,17:45,735
33,2025-12-22,1,7,09:15,23:47,872
34,2025-12-22,1,2,09:40,15:00,320
38,2025-12-22,1,6,05:00,16:38,698
7,2025-12-23,0,1,09:45,09:45,0
13,2025-12-23,0,2,12:00,12:10,10
24,2025-12-23,0,1,16:42,16:42,0
26,2025-12-23,1,6,04:45,16:24,699
31,2025-12-23,1,3,11:51,18:15,384
32,2025-12-23,1,7,07:00,20:00,780
33,2025-12-23,1,4,10:00,16:00,360
38,2025-12-23,1,5,04:00,13:45,585
6,2025-12-24,1,1,05:15,05:15,0
7,2025-12-24,0,3,06:15,21:59,944
26,2025-12-24,1,6,05:00,14:45,585
27,2025-12-24,0,1,13:35,13:35,0
32,2025-12-24,1,5,05:30,15:15,585
33,2025-12-24,1,5,05:30,21:45,975
38,2025-12-24,1,5,05:00,13:15,495
7,2025-12-25,0,2,11:20,16:50,330
8,2025-12-25,0,1,17:04,17:04,0
26,2025-12-25,1,3,11:30,16:23,293
32,2025-12-25,1,4,11:38,20:15,517
33,2025-12-25,1,5,10:55,22:55,720
38,2025-12-25,1,5,10:45,21:45,660
44,2025-12-25,0,1,20:25,20:25,0
1,2025-12-26,1,2,05:02,09:30,268
6,2025-12-26,1,1,11:25,11:25,0
7,2025-12-26,0,4,08:00,16:29,509
8,2025-12-26,0,1,08:05,08:05,0
16,2025-12-26,0,1,11:05,11:05,0
21,2025-12-26,0,4,04:00,12:00,480
26,2025-12-26,1,5,04:30,15:05,635
27,2025-12-26,0,2,10:28,10:45,17
29,2025-12-26,0,10,08:00,20:05,725
30,2025-12-26,0,2,11:00,15:30,270
32,2025-12-26,1,6,08:35,23:59,924
33,2025-12-26,1,6,08:30,23:23,893
34,2025-12-26,1,2,17:50,22:39,289
38,2025-12-26,1,5,00:30,16:51,981
41,2025-12-26,0,1,11:00,11:00,0
4,2025-12-27,0,2,14:24,18:52,268
5,2025-12-27,0,1,14:51,14:51,0
6,2025-12-27,1,2,11:00,12:00,60
7,2025-12-27,0,5,09:00,18:52,592
8,2025-12-27,0,2,08:40,18:41,601
9,2025-12-27,1,1,09:30,09:30,0
13,2025-12-27,0,1,11:05,11:05,0
16,2025-12-27,0,1,12:00,12:00,0
21,2025-12-27,0,7,07:30,16:20,530
24,2025-12-27,0,1,04:30,04:30,0
26,2025-12-27,1,6,07:15,16:15,540
27,2025-12-27,0,6,04:00,14:26,626
29,2025-12-27,0,5,09:00,23:59,899
32,2025-12-27,1,7,09:00,20:11,671
33,2025-12-27,1,6,09:00,19:09,609
34,2025-12-27,1,4,07:30,20:00,750
38,2025-12-27,1,3,07:30,12:15,285
41,2025-12-27,0,2,08:14,11:22,188
44,2025-12-27,0,3,09:20,22:46,806
1,2025-12-28,1,2,09:30,11:00,90
4,2025-12-28,0,2,08:42,12:00,198
7,2025-12-28,0,5,07:21,17:05,584
9,2025-12-28,1,1,08:00,08:00,0
19,2025-12-28,0,3,08:55,11:03,128
21,2025-12-28,0,4,13:10,17:45,275
26,2025-12-28,1,4,04:50,10:00,310
27,2025-12-28,0,1,09:00,09:00,0
29,2025-12-28,0,2,09:00,11:10,130
30,2025-12-28,0,1,10:45,10:45,0
32,2025-12-28,1,6,07:00,19:30,750
33,2025-12-28,1,5,09:00,15:42,402
34,2025-12-28,1,5,09:00,18:21,561
38,2025-12-28,1,6,08:00,19:45,705
44,2025-12-28,0,5,09:06,20:28,682
4,2025-12-29,0,1,07:30,07:30,0
7,2025-12-29,0,2,07:30,11:02,212
8,2025-12-29,0,1,10:40,10:40,0
12,2025-12-29,0,1,04:45,04:45,0
19,2025-12-29,0,1,16:12,16:12,0
21,2025-12-29,0,7,07:00,18:00,660
27,2025-12-29,0,3,08:45,16:04,439
29,2025-12-29,0,2,10:05,10:45,40
32,2025-12-29,1,7,07:30,20:00,750
33,2025-12-29,1,7,07:30,21:10,820
34,2025-12-29,1,5,09:30,17:41,491
35,2025-12-29,1,4,07:00,16:00,540
38,2025-12-29,1,6,07:00,19:00,720
44,2025-12-29,0,2,09:45,10:45,60
4,2025-12-30,0,1,09:35,09:35,0
5,2025-12-30,0,1,10:00,10:00,0
7,2025-12-30,0,4,08:45,17:18,513
12,2025-12-30,0,2,10:00,11:25,85
21,2025-12-30,0,7,04:00,15:45,705
24,2025-12-30,0,1,10:00,10:00,0
29,2025-12-30,0,1,10:00,10:00,0
31,2025-12-30,1,5,09:15,18:15,540
32,2025-12-30,1,6,09:00,18:30,570
33,2025-12-30,1,6,09:30,18:15,525
34,2025-12-30,1,2,09:45,13:40,235
38,2025-12-30,1,7,05:00,18:33,813
5,2025-12-31,0,1,10:00,10:00,0
7,2025-12-31,0,3,07:50,11:00,190
21,2025-12-31,0,5,04:30,13:32,542
24,2025-12-31,0,1,02:30,02:30,0
27,2025-12-31,0,1,09:45,09:45,0
30,2025-12-31,0,1,11:10,11:10,0
31,2025-12-31,1,6,07:00,15:15,495
32,2025-12-31,1,7,07:45,23:59,974
33,2025-12-31,1,4,06:15,10:20,245
34,2025-12-31,1,2,10:30,13:00,150
38,2025-12-31,1,4,06:30,11:00,270
44,2025-12-31,0,3,11:00,11:20,20
5,2026-01-01,0,1,12:16,12:16,0
7,2026-01-01,0,3,09:50,16:38,408
21,2026-01-01,0,5,08:30,16:45,495
27,2026-01-01,0,2,12:40,12:42,2
29,2026-01-01,0,1,20:20,20:20,0
30,2026-01-01,0,1,16:23,16:23,0
31,2026-01-01,1,2,08:30,10:00,90
32,2026-01-01,1,5,06:30,15:49,559
33,2026-01-01,1,8,07:00,20:00,780
34,2026-01-01,1,2,12:30,14:06,96
38,2026-01-01,1,8,04:00,15:58,718
44,2026-01-01,0,1,04:30,04:30,0
7,2026-01-02,0,3,08:00,14:36,396
13,2026-01-02,0,1,09:00,09:00,0
21,2026-01-02,0,6,04:15,14:30,615
24,2026-01-02,0,1,08:30,08:30,0
27,2026-01-02,0,2,08:30,09:00,30
29,2026-01-02,0,4,09:00,16:00,420
32,2026-01-02,1,7,04:45,14:30,585
33,2026-01-02,1,7,08:00,18:30,630
34,2026-01-02,1,5,17:00,22:59,359
35,2026-01-02,1,6,04:30,15:00,630
38,2026-01-02,1,8,03:45,16:09,744
5,2026-01-03,0,1,09:00,09:00,0
7,2026-01-03,0,1,10:00,10:00,0
20,2026-01-03,1,10,02:30,17:00,870
21,2026-01-03,0,6,06:25,19:00,755
24,2026-01-03,0,1,09:23,09:23,0
27,2026-01-03,0,1,15:23,15:23,0
29,2026-01-03,0,3,11:27,14:00,153
32,2026-01-03,1,8,08:00,20:47,767
33,2026-01-03,1,6,05:30,13:51,501
34,2026-01-03,1,2,17:00,17:46,46
35,2026-01-03,1,6,06:00,18:00,720
38,2026-01-03,1,7,03:30,13:00,570
44,2026-01-03,0,2,09:45,21:10,685
5,2026-01-04,0,1,09:40,09:40,0
6,2026-01-04,1,2,09:15,09:25,10
7,2026-01-04,0,3,08:20,15:00,400
8,2026-01-04,0,1,10:35,10:35,0
13,2026-01-04,0,1,10:00,10:00,0
20,2026-01-04,1,7,06:00,16:30,630
21,2026-01-04,0,4,05:45,13:38,473
27,2026-01-04,0,1,13:52,13:52,0
31,2026-01-04,1,3,06:30,10:43,253
33,2026-01-04,1,5,05:45,19:00,795
34,2026-01-04,1,7,08:00,18:50,650
41,2026-01-04,0,1,09:00,09:00,0
44,2026-01-04,0,7,08:30,22:30,840
7,2026-01-05,0,1,11:03,11:03,0
8,2026-01-05,0,1,07:15,07:15,0
13,2026-01-05,0,2,08:00,09:00,60
21,2026-01-05,0,6,06:30,15:10,520
24,2026-01-05,0,1,09:15,09:15,0
27,2026-01-05,0,2,08:00,13:14,314
31,2026-01-05,1,4,07:15,11:45,270
32,2026-01-05,1,7,05:45,16:57,672
33,2026-01-05,1,6,06:00,15:04,544
34,2026-01-05,1,4,16:30,23:59,449
35,2026-01-05,1,2,09:30,11:45,135
38,2026-01-05,1,5,05:00,13:06,486
44,2026-01-05,0,1,20:15,20:15,0
4,2026-01-06,0,2,13:00,16:30,210
5,2026-01-06,0,1,13:50,13:50,0
7,2026-01-06,0,2,13:01,14:40,99
21,2026-01-06,0,4,09:30,15:13,343
27,2026-01-06,0,2,13:12,15:20,128
31,2026-01-06,1,4,11:15,15:20,245
32,2026-01-06,1,6,07:30,19:00,690
33,2026-01-06,1,4,09:30,15:45,375
38,2026-01-06,1,4,04:30,12:28,478
12,2026-01-07,0,1,01:59,01:59,0
31,2026-01-07,1,5,06:30,11:40,310
32,2026-01-07,1,6,07:25,18:55,690
33,2026-01-07,1,6,09:30,20:05,635
38,2026-01-07,1,5,12:30,20:45,495
7,2026-01-08,0,2,09:30,12:55,205
12,2026-01-08,0,1,14:30,14:30,0
16,2026-01-08,0,1,16:00,16:00,0
21,2026-01-08,0,4,09:15,15:00,345
26,2026-01-08,1,6,06:00,15:25,565
27,2026-01-08,0,1,14:00,14:00,0
32,2026-01-08,1,4,09:30,15:17,347
33,2026-01-08,1,5,10:08,22:20,732
38,2026-01-08,1,5,09:00,18:20,560
5,2026-01-09,0,2,11:30,11:47,17
7,2026-01-09,0,2,11:30,16:10,280
16,2026-01-09,0,1,11:48,11:48,0
19,2026-01-09,0,1,11:37,11:37,0
21,2026-01-09,0,5,09:00,17:30,510
26,2026-01-09,1,8,04:00,16:00,720
27,2026-01-09,0,1,13:30,13:30,0
29,2026-01-09,0,1,12:45,12:45,0
32,2026-01-09,1,6,09:30,21:10,700
33,2026-01-09,1,7,08:15,23:59,944
34,2026-01-09,1,2,16:36,20:51,255
38,2026-01-09,1,6,04:00,11:45,465
44,2026-01-09,0,2,10:15,12:48,153
4,2026-01-10,0,2,09:00,14:30,330
5,2026-01-10,0,1,13:25,13:25,0
7,2026-01-10,0,3,08:00,14:40,400
12,2026-01-10,0,1,07:45,07:45,0
13,2026-01-10,0,1,09:00,09:00,0
19,2026-01-10,0,2,14:13,14:13,0
20,2026-01-10,1,7,03:30,16:41,791
21,2026-01-10,0,4,09:00,17:28,508
24,2026-01-10,0,1,13:07,13:07,0
26,2026-01-10,1,7,06:00,14:30,510
27,2026-01-10,0,3,09:00,13:15,255
29,2026-01-10,0,1,14:00,14:00,0
30,2026-01-10,0,1,15:45,15:45,0
32,2026-01-10,1,5,09:00,16:55,475
33,2026-01-10,1,4,09:30,17:07,457
35,2026-01-10,1,5,05:20,16:00,640
44,2026-01-10,0,2,11:19,13:05,106
4,2026-01-11,0,1,14:00,14:00,0
5,2026-01-11,0,3,09:00,16:30,450
7,2026-01-11,0,6,10:00,23:22,802
12,2026-01-11,0,1,11:00,11:00,0
13,2026-01-11,0,1,11:30,11:30,0
20,2026-01-11,1,8,04:30,15:46,676
21,2026-01-11,0,6,04:40,15:07,627
31,2026-01-11,1,3,08:15,16:35,500
32,2026-01-11,1,5,04:45,12:45,480
33,2026-01-11,1,5,08:00,14:45,405
35,2026-01-11,1,6,04:15,15:30,675
38,2026-01-11,1,5,09:00,18:43,583
44,2026-01-11,0,2,10:00,10:42,42
4,2026-01-12,0,1,09:49,09:49,0
7,2026-01-12,0,1,10:15,10:15,0
12,2026-01-12,0,1,07:00,07:00,0
21,2026-01-12,0,3,09:30,16:25,415
24,2026-01-12,0,1,10:47,10:47,0
26,2026-01-12,1,6,04:45,12:45,480
27,2026-01-12,0,3,09:00,10:44,104
31,2026-01-12,1,5,07:00,16:30,570
32,2026-01-12,1,5,06:00,15:14,554
34,2026-01-12,1,4,09:45,20:20,635
38,2026-01-12,1,7,05:00,18:17,797
46,2026-01-12,1,6,06:00,15:30,570
7,2026-01-13,0,4,09:15,21:57,762
13,2026-01-13,0,2,16:44,18:42,118
21,2026-01-13,0,2,10:30,11:07,37
26,2026-01-13,1,5,06:45,15:50,545
31,2026-01-13,1,4,10:00,17:45,465
38,2026-01-13,1,2,10:00,13:00,180
44,2026-01-13,0,1,16:23,16:23,0
46,2026-01-13,1,6,09:50,17:00,430
4,2026-01-14,0,2,10:40,19:30,530
5,2026-01-14,0,1,11:15,11:15,0
7,2026-01-14,0,2,08:45,12:30,225
8,2026-01-14,0,1,08:30,08:30,0
12,2026-01-14,0,1,10:05,10:05,0
19,2026-01-14,0,2,12:10,13:54,104
24,2026-01-14,0,2,12:00,14:30,150
26,2026-01-14,1,3,05:00,14:06,546
29,2026-01-14,0,1,20:35,20:35,0
30,2026-01-14,0,1,11:48,11:48,0
31,2026-01-14,1,6,06:15,15:29,554
33,2026-01-14,1,6,08:40,21:55,795
34,2026-01-14,1,5,08:30,15:26,416
38,2026-01-14,1,4,10:30,20:30,600
44,2026-01-14,0,3,13:20,21:00,460
7,2026-01-15,0,3,08:55,22:54,839
24,2026-01-15,0,1,10:27,10:27,0
26,2026-01-15,1,6,04:25,13:45,560
27,2026-01-15,0,1,13:05,13:05,0
29,2026-01-15,0,3,16:45,22:52,367
31,2026-01-15,1,5,09:00,17:45,525
32,2026-01-15,1,2,05:45,12:58,433
33,2026-01-15,1,6,08:45,18:35,590
35,2026-01-15,1,4,09:15,14:45,330
38,2026-01-15,1,3,15:15,20:02,287
46,2026-01-15,1,6,08:30,16:05,455
4,2026-01-16,0,1,18:10,18:10,0
6,2026-01-16,1,3,05:00,16:30,690
7,2026-01-16,0,5,06:00,22:30,990
12,2026-01-16,0,3,04:30,23:59,1169
13,2026-01-16,0,1,11:08,11:08,0
21,2026-01-16,0,6,08:30,17:00,510
26,2026-01-16,1,8,04:30,16:30,720
27,2026-01-16,0,5,09:00,12:06,186
29,2026-01-16,0,1,17:28,17:28,0
31,2026-01-16,1,3,07:30,12:15,285
32,2026-01-16,1,9,04:30,22:40,1090
33,2026-01-16,1,5,08:30,21:50,800
35,2026-01-16,1,3,06:00,18:30,750
38,2026-01-16,1,3,09:00,16:30,450
44,2026-01-16,0,2,10:07,18:30,503
46,2026-01-16,1,5,06:05,15:55,590
4,2026-01-17,0,1,14:50,14:50,0
5,2026-01-17,0,4,10:30,18:17,467
7,2026-01-17,0,5,09:05,20:43,698
8,2026-01-17,0,1,10:35,10:35,0
13,2026-01-17,0,2,10:00,11:19,79
20,2026-01-17,1,6,04:00,14:35,635
21,2026-01-17,0,5,08:30,15:40,430
24,2026-01-17,0,3,10:35,15:25,290
26,2026-01-17,1,8,07:00,17:00,600
27,2026-01-17,0,6,10:30,20:20,590
29,2026-01-17,0,3,10:20,10:50,30
30,2026-01-17,0,2,13:17,15:23,126
32,2026-01-17,1,7,08:00,23:00,900
33,2026-01-17,1,6,09:00,23:00,840
38,2026-01-17,1,5,08:00,16:15,495
41,2026-01-17,0,2,10:30,11:25,55
44,2026-01-17,0,2,11:00,14:25,205
46,2026-01-17,1,5,07:30,14:56,446
7,2026-01-18,0,4,09:07,18:55,588
8,2026-01-18,0,1,08:30,08:30,0
13,2026-01-18,0,1,09:00,09:00,0
20,2026-01-18,1,1,12:00,12:00,0
21,2026-01-18,0,4,08:00,14:43,403
24,2026-01-18,0,1,11:30,11:30,0
26,2026-01-18,1,7,04:45,14:38,593
27,2026-01-18,0,8,08:10,13:30,320
29,2026-01-18,0,4,08:45,16:30,465
30,2026-01-18,0,2,11:00,13:10,130
32,2026-01-18,1,5,06:30,18:00,690
33,2026-01-18,1,6,07:30,16:33,543
34,2026-01-18,1,6,09:00,18:33,573
41,2026-01-18,0,1,13:33,13:33,0
44,2026-01-18,0,2,08:30,19:17,647
46,2026-01-18,1,7,07:45,18:00,615
4,2026-01-19,0,1,08:23,08:23,0
5,2026-01-19,0,2,12:15,15:15,180
7,2026-01-19,0,4,04:20,10:47,387
8,2026-01-19,0,3,07:30,12:46,316
12,2026-01-19,0,2,11:30,12:58,88
21,2026-01-19,0,5,08:15,15:13,418
24,2026-01-19,0,1,09:00,09:00,0
26,2026-01-19,1,7,04:45,14:40,595
27,2026-01-19,0,6,08:00,15:19,439
29,2026-01-19,0,1,12:55,12:55,0
32,2026-01-19,1,5,04:00,12:00,480
33,2026-01-19,1,8,04:00,17:45,825
34,2026-01-19,1,1,09:00,09:00,0
38,2026-01-19,1,6,07:00,18:30,690
44,2026-01-19,0,2,08:45,09:50,65
46,2026-01-19,1,6,07:45,16:39,534
49,2026-01-19,1,7,07:45,19:22,697
7,2026-01-20,0,2,10:40,16:30,350
21,2026-01-20,0,5,09:31,17:05,454
26,2026-01-20,1,5,05:20,14:26,546
27,2026-01-20,0,1,22:54,22:54,0
32,2026-01-20,1,6,07:30,17:14,584
33,2026-01-20,1,3,11:30,17:00,330
38,2026-01-20,1,4,07:45,13:00,315
46,2026-01-20,1,8,06:30,16:00,570
49,2026-01-20,1,7,07:00,20:02,782
4,2026-01-21,0,1,10:00,10:00,0
7,2026-01-21,0,1,10:55,10:55,0
26,2026-01-21,1,7,08:00,17:55,595
27,2026-01-21,0,1,15:12,15:12,0
30,2026-01-21,0,1,14:48,14:48,0
32,2026-01-21,1,3,10:00,17:30,450
33,2026-01-21,1,5,09:40,17:35,475
38,2026-01-21,1,6,08:00,18:05,605
49,2026-01-21,1,6,09:10,17:55,525
7,2026-01-22,0,1,10:44,10:44,0
21,2026-01-22,0,4,09:27,15:05,338
26,2026-01-22,1,5,05:30,13:59,509
30,2026-01-22,0,1,14:52,14:52,0
32,2026-01-22,1,6,06:00,17:46,706
33,2026-01-22,1,1,10:00,10:00,0
34,2026-01-22,1,2,17:41,20:25,164
38,2026-01-22,1,6,10:30,19:30,540
46,2026-01-22,1,5,08:50,16:00,430
49,2026-01-22,1,7,10:20,20:45,625
5,2026-01-23,0,1,18:20,18:20,0
7,2026-01-23,0,4,10:03,18:31,508
12,2026-01-23,0,3,04:45,09:57,312
21,2026-01-23,0,4,09:45,14:50,305
24,2026-01-23,0,2,04:15,08:37,262
26,2026-01-23,1,8,04:00,15:25,685
27,2026-01-23,0,7,08:52,17:45,533
29,2026-01-23,0,2,11:20,22:23,663
30,2026-01-23,0,2,08:30,09:35,65
32,2026-01-23,1,6,04:00,19:44,944
34,2026-01-23,1,4,00:50,23:40,1370
38,2026-01-23,1,7,04:30,18:25,835
44,2026-01-23,0,1,08:00,08:00,0
46,2026-01-23,1,7,08:00,18:00,600
48,2026-01-23,1,4,04:00,13:30,570
49,2026-01-23,1,5,09:00,18:26,566
5,2026-01-24,0,3,12:55,17:30,275
7,2026-01-24,0,6,05:45,18:40,775
20,2026-01-24,1,8,04:00,15:05,665
24,2026-01-24,0,3,05:00,10:15,315
26,2026-01-24,1,7,07:30,15:55,505
27,2026-01-24,0,5,10:58,15:37,279
29,2026-01-24,0,2,09:35,10:50,75
30,2026-01-24,0,1,11:02,11:02,0
32,2026-01-24,1,7,08:00,20:37,757
34,2026-01-24,1,2,18:05,19:52,107
35,2026-01-24,1,5,05:30,16:40,670
38,2026-01-24,1,4,08:00,13:00,300
46,2026-01-24,1,6,06:00,15:14,554
48,2026-01-24,1,6,05:00,16:20,680
49,2026-01-24,1,7,08:30,19:45,675
50,2026-01-24,1,2,16:30,19:45,195
8,2026-01-25,0,1,08:30,08:30,0
9,2026-01-25,1,1,01:50,01:50,0
20,2026-01-25,1,2,05:25,08:30,185
26,2026-01-25,1,5,06:00,16:00,600
27,2026-01-25,0,3,09:00,18:57,597
32,2026-01-25,1,8,06:30,20:30,840
35,2026-01-25,1,5,06:25,14:55,510
38,2026-01-25,1,2,08:00,09:30,90
46,2026-01-25,1,6,06:50,15:21,511
48,2026-01-25,1,4,04:45,12:30,465
49,2026-01-25,1,4,07:15,13:30,375
5,2026-01-26,0,1,18:30,18:30,0
24,2026-01-26,0,1,03:00,03:00,0
26,2026-01-26,1,5,05:15,12:50,455
27,2026-01-26,0,1,17:45,17:45,0
32,2026-01-26,1,2,07:30,09:35,125
35,2026-01-26,1,2,09:00,18:00,540
38,2026-01-26,1,4,05:00,13:30,510
46,2026-01-26,1,4,06:15,12:00,345
49,2026-01-26,1,7,07:00,19:45,765
1,2026-01-27,1,4,10:18,23:30,792
7,2026-01-27,0,3,04:30,20:55,985
9,2026-01-27,1,2,13:00,22:30,570
12,2026-01-27,0,2,15:25,21:00,335
19,2026-01-27,0,1,22:15,22:15,0
24,2026-01-27,0,1,05:00,05:00,0
26,2026-01-27,1,6,05:00,16:30,690
27,2026-01-27,0,2,16:15,19:50,215
30,2026-01-27,0,1,16:40,16:40,0
31,2026-01-27,1,6,06:00,16:10,610
38,2026-01-27,1,3,05:50,13:30,460
44,2026-01-27,0,1,22:19,22:19,0
46,2026-01-27,1,6,07:30,17:00,570
51,2026-01-27,1,6,08:45,16:50,485
7,2026-01-28,0,2,08:50,17:03,493
9,2026-01-28,1,1,23:18,23:18,0
12,2026-01-28,0,1,21:30,21:30,0
26,2026-01-28,1,5,06:30,13:30,420
27,2026-01-28,0,1,17:00,17:00,0
31,2026-01-28,1,6,08:30,17:15,525
32,2026-01-28,1,7,09:19,22:47,808
35,2026-01-28,1,7,09:35,21:05,690
38,2026-01-28,1,8,08:00,19:38,698
49,2026-01-28,1,7,12:45,23:29,644
51,2026-01-28,1,4,04:30,11:00,390
4,2026-01-29,0,1,11:35,11:35,0
5,2026-01-29,0,1,16:38,16:38,0
7,2026-01-29,0,4,09:00,16:38,458
12,2026-01-29,0,3,08:54,13:30,276
26,2026-01-29,1,7,04:00,15:45,705
27,2026-01-29,0,4,09:55,17:54,479
30,2026-01-29,0,1,12:43,12:43,0
32,2026-01-29,1,7,06:30,18:00,690
38,2026-01-29,1,6,09:00,18:21,561
46,2026-01-29,1,6,08:30,16:30,480
49,2026-01-29,1,7,08:00,22:52,892
52,2026-01-29,1,5,09:30,17:45,495
7,2026-01-30,0,4,11:47,20:00,493
12,2026-01-30,0,1,14:47,14:47,0
26,2026-01-30,1,5,07:00,12:55,355
27,2026-01-30,0,1,21:50,21:50,0
30,2026-01-30,0,1,15:00,15:00,0
32,2026-01-30,1,5,07:30,16:18,528
33,2026-01-30,1,3,19:00,23:58,298
35,2026-01-30,1,4,08:00,18:30,630
38,2026-01-30,1,5,08:00,18:04,604
44,2026-01-30,0,2,16:12,17:30,78
46,2026-01-30,1,5,08:30,16:20,470
48,2026-01-30,1,7,08:00,18:00,600
49,2026-01-30,1,6,09:30,20:35,665
4,2026-01-31,0,1,10:50,10:50,0
5,2026-01-31,0,3,09:30,13:18,228
7,2026-01-31,0,5,09:10,19:46,636
8,2026-01-31,0,1,15:19,15:19,0
19,2026-01-31,0,1,23:28,23:28,0
20,2026-01-31,1,7,04:45,16:30,705
26,2026-01-31,1,7,07:30,15:39,489
27,2026-01-31,0,4,10:50,19:48,538
30,2026-01-31,0,3,11:19,18:55,456
32,2026-01-31,1,7,06:30,19:53,803
33,2026-01-31,1,6,09:30,21:22,712
44,2026-01-31,0,3,10:30,21:24,654
46,2026-01-31,1,7,07:00,15:30,510
48,2026-01-31,1,6,07:15,16:35,560
49,2026-01-31,1,8,07:20,22:00,880
52,2026-01-31,1,6,04:45,16:00,675
5,2026-02-01,0,4,11:00,15:12,252
7,2026-02-01,0,7,07:45,18:55,670
8,2026-02-01,0,2,06:15,12:05,350
12,2026-02-01,0,2,10:20,19:29,549
19,2026-02-01,0,8,09:50,13:42,232
20,2026-02-01,1,6,04:00,14:50,650
24,2026-02-01,0,1,11:10,11:10,0
26,2026-02-01,1,5,06:15,15:30,555
30,2026-02-01,0,1,08:30,08:30,0
32,2026-02-01,1,7,06:00,20:02,842
33,2026-02-01,1,7,07:30,21:02,812
38,2026-02-01,1,8,05:45,17:54,729
44,2026-02-01,0,2,11:00,11:15,15
46,2026-02-01,1,4,08:00,14:47,407
49,2026-02-01,1,5,09:30,18:55,565
51,2026-02-01,1,6,06:30,13:40,430
26,2026-02-02,1,5,06:30,14:40,490
30,2026-02-02,0,1,16:26,16:26,0
31,2026-02-02,1,5,09:00,19:50,650
32,2026-02-02,1,5,05:30,16:46,676
38,2026-02-02,1,6,08:00,15:25,445
46,2026-02-02,1,6,07:30,16:09,519
49,2026-02-02,1,6,08:00,16:50,530
52,2026-02-02,1,6,04:15,14:34,619
4,2026-02-03,0,1,17:55,17:55,0
7,2026-02-03,0,1,12:02,12:02,0
26,2026-02-03,1,5,05:30,14:00,510
30,2026-02-03,0,1,17:47,17:47,0
32,2026-02-03,1,5,08:15,19:49,694
38,2026-02-03,1,3,06:30,15:00,510
46,2026-02-03,1,4,10:40,15:50,310
51,2026-02-03,1,6,05:00,19:45,885
52,2026-02-03,1,5,05:30,15:07,577
4,2026-02-04,0,1,09:44,09:44,0
5,2026-02-04,0,1,09:55,09:55,0
7,2026-02-04,0,1,10:13,10:13,0
8,2026-02-04,0,1,07:16,07:16,0
27,2026-02-04,0,1,09:35,09:35,0
30,2026-02-04,0,1,08:50,08:50,0
31,2026-02-04,1,5,06:40,15:49,549
32,2026-02-04,1,5,07:05,20:30,805
33,2026-02-04,1,6,06:40,14:31,471
35,2026-02-04,1,2,20:45,22:46,121
38,2026-02-04,1,6,08:00,19:19,679
49,2026-02-04,1,8,07:05,21:15,850
51,2026-02-04,1,7,05:30,17:02,692
52,2026-02-04,1,4,06:45,15:25,520
4,2026-02-05,0,1,13:29,13:29,0
5,2026-02-05,0,3,09:50,14:51,301
7,2026-02-05,0,4,10:07,19:36,569
26,2026-02-05,1,4,04:30,13:15,525
27,2026-02-05,0,2,13:15,14:10,55
31,2026-02-05,1,5,10:40,20:33,593
34,2026-02-05,1,2,17:00,22:00,300
35,2026-02-05,1,4,10:08,20:51,643
38,2026-02-05,1,5,08:00,15:25,445
44,2026-02-05,0,1,19:35,19:35,0
46,2026-02-05,1,5,07:30,16:45,555
49,2026-02-05,1,7,09:00,20:48,708
50,2026-02-05,1,1,12:51,12:51,0
51,2026-02-05,1,4,08:15,12:40,265
52,2026-02-05,1,6,08:15,17:30,555
5,2026-02-06,0,1,09:15,09:15,0
7,2026-02-06,0,4,09:00,23:00,840
8,2026-02-06,0,1,10:19,10:19,0
27,2026-02-06,0,4,09:50,10:32,42
29,2026-02-06,0,4,09:50,13:04,194
30,2026-02-06,0,3,10:00,15:00,300
31,2026-02-06,1,8,06:15,17:38,683
34,2026-02-06,1,5,08:30,15:00,390
35,2026-02-06,1,5,08:30,22:20,830
38,2026-02-06,1,4,10:30,20:08,578
44,2026-02-06,0,3,00:01,10:47,646
46,2026-02-06,1,7,06:00,18:00,720
48,2026-02-06,1,6,07:00,18:30,690
49,2026-02-06,1,9,08:15,18:40,625
51,2026-02-06,1,6,06:00,16:58,658
52,2026-02-06,1,4,09:00,16:36,456
5,2026-02-07,0,6,09:30,15:46,376
6,2026-02-07,1,1,07:30,07:30,0
7,2026-02-07,0,5,08:30,15:25,415
8,2026-02-07,0,3,09:20,15:18,358
13,2026-02-07,0,1,12:44,12:44,0
19,2026-02-07,0,6,08:45,14:30,345
20,2026-02-07,1,8,03:30,15:10,700
24,2026-02-07,0,2,11:26,14:13,167
26,2026-02-07,1,7,08:30,16:50,500
27,2026-02-07,0,6,09:52,13:48,236
29,2026-02-07,0,6,09:25,13:10,225
30,2026-02-07,0,3,13:30,16:09,159
34,2026-02-07,1,7,10:00,19:16,556
38,2026-02-07,1,4,08:20,14:15,355
44,2026-02-07,0,3,09:57,20:46,649
46,2026-02-07,1,7,06:15,16:12,597
48,2026-02-07,1,8,05:30,16:40,670
49,2026-02-07,1,6,09:00,22:46,826
50,2026-02-07,1,1,15:50,15:50,0
51,2026-02-07,1,6,08:00,14:47,407
52,2026-02-07,1,5,08:15,15:50,455
1,2026-02-08,1,6,06:50,13:00,370
4,2026-02-08,0,1,16:41,16:41,0
5,2026-02-08,0,2,08:44,10:15,91
6,2026-02-08,1,1,07:20,07:20,0
20,2026-02-08,1,5,04:00,11:15,435
26,2026-02-08,1,7,05:00,15:41,641
27,2026-02-08,0,6,09:23,21:42,739
29,2026-02-08,0,2,09:16,09:36,20
34,2026-02-08,1,6,08:30,19:36,666
38,2026-02-08,1,8,07:15,19:54,759
44,2026-02-08,0,5,10:00,13:55,235
46,2026-02-08,1,7,07:00,17:29,629
48,2026-02-08,1,9,05:00,17:00,720
49,2026-02-08,1,7,08:20,21:50,810
50,2026-02-08,1,1,07:30,07:30,0
51,2026-02-08,1,3,17:24,22:16,292
1,2026-02-09,1,3,08:30,11:45,195
4,2026-02-09,0,4,07:45,20:23,758
8,2026-02-09,0,1,09:00,09:00,0
9,2026-02-09,1,3,06:50,10:00,190
12,2026-02-09,0,2,05:50,11:00,310
24,2026-02-09,0,3,05:00,13:11,491
26,2026-02-09,1,7,05:00,14:00,540
27,2026-02-09,0,5,08:16,11:43,207
31,2026-02-09,1,3,16:30,20:08,218
34,2026-02-09,1,5,09:00,19:40,640
38,2026-02-09,1,6,08:30,17:31,541
46,2026-02-09,1,5,07:30,16:41,551
51,2026-02-09,1,3,15:45,19:38,233
52,2026-02-09,1,7,04:30,17:15,765
26,2026-02-10,1,6,05:00,16:00,660
27,2026-02-10,0,4,15:49,20:42,293
31,2026-02-10,1,6,10:50,19:27,517
38,2026-02-10,1,4,06:40,13:16,396
46,2026-02-10,1,6,07:00,16:20,560
49,2026-02-10,1,6,09:00,23:28,868
51,2026-02-10,1,6,10:15,20:00,585
52,2026-02-10,1,5,09:00,15:25,385
5,2026-02-11,0,2,09:05,11:10,125
8,2026-02-11,0,1,09:00,09:00,0
26,2026-02-11,1,6,06:50,16:04,554
27,2026-02-11,0,9,07:05,20:59,834
30,2026-02-11,0,3,08:02,20:12,730
31,2026-02-11,1,6,09:00,18:40,580
33,2026-02-11,1,7,08:00,22:23,863
34,2026-02-11,1,6,08:15,21:19,784
38,2026-02-11,1,7,06:30,16:30,600
49,2026-02-11,1,7,09:30,21:27,717
51,2026-02-11,1,4,08:30,14:30,360
52,2026-02-11,1,6,08:30,15:58,448
1,2026-02-12,1,1,23:59,23:59,0
4,2026-02-12,0,1,18:10,18:10,0
7,2026-02-12,0,3,17:04,23:29,385
9,2026-02-12,1,1,23:28,23:28,0
24,2026-02-12,0,1,05:00,05:00,0
26,2026-02-12,1,6,06:30,16:04,574
27,2026-02-12,0,5,09:41,13:38,237
29,2026-02-12,0,1,19:49,19:49,0
30,2026-02-12,0,3,08:42,13:12,270
32,2026-02-12,1,5,09:00,19:00,600
34,2026-02-12,1,7,10:00,22:55,775
38,2026-02-12,1,4,10:27,20:02,575
49,2026-02-12,1,6,09:30,19:05,575
51,2026-02-12,1,6,08:15,18:17,602
52,2026-02-12,1,6,04:46,17:15,749
4,2026-02-13,0,1,08:30,08:30,0
7,2026-02-13,0,8,08:00,23:05,905
19,2026-02-13,0,1,19:24,19:24,0
26,2026-02-13,1,5,05:00,13:15,495
27,2026-02-13,0,10,07:30,20:18,768
30,2026-02-13,0,3,08:35,17:22,527
32,2026-02-13,1,8,04:45,18:15,810
33,2026-02-13,1,8,08:15,21:05,770
34,2026-02-13,1,1,08:30,08:30,0
38,2026-02-13,1,5,08:30,18:48,618
44,2026-02-13,0,1,23:24,23:24,0
46,2026-02-13,1,8,06:00,16:10,610
48,2026-02-13,1,8,03:00,16:00,780
49,2026-02-13,1,6,08:45,20:35,710
51,2026-02-13,1,7,09:00,19:51,651
4,2026-02-14,0,1,18:16,18:16,0
5,2026-02-14,0,3,07:27,12:27,300
6,2026-02-14,1,1,20:45,20:45,0
7,2026-02-14,0,5,08:30,19:03,633
8,2026-02-14,0,2,10:00,11:56,116
19,2026-02-14,0,6,08:32,18:45,613
20,2026-02-14,1,8,04:00,17:00,780
24,2026-02-14,0,2,05:30,09:29,239
26,2026-02-14,1,5,06:15,13:00,405
27,2026-02-14,0,4,09:00,09:41,41
29,2026-02-14,0,13,08:45,19:25,640
30,2026-02-14,0,2,09:00,17:53,533
32,2026-02-14,1,2,06:00,09:00,180
33,2026-02-14,1,6,12:27,23:41,674
34,2026-02-14,1,4,09:05,23:10,845
38,2026-02-14,1,4,06:15,11:30,315
44,2026-02-14,0,5,07:45,10:30,165
46,2026-02-14,1,6,09:00,16:45,465
48,2026-02-14,1,10,04:30,15:54,684
49,2026-02-14,1,7,09:15,22:12,777
50,2026-02-14,1,3,10:00,19:42,582
52,2026-02-14,1,6,06:45,19:56,791
1,2026-02-15,1,1,23:32,23:32,0
6,2026-02-15,1,7,09:10,12:40,210
7,2026-02-15,0,5,08:15,22:43,868
19,2026-02-15,0,3,07:35,11:03,208
26,2026-02-15,1,6,05:30,13:21,471
27,2026-02-15,0,9,10:17,19:01,524
29,2026-02-15,0,6,09:57,12:37,160
30,2026-02-15,0,1,09:29,09:29,0
32,2026-02-15,1,4,06:01,13:15,434
33,2026-02-15,1,6,08:00,18:06,606
34,2026-02-15,1,6,09:08,21:04,716
35,2026-02-15,1,3,18:30,22:51,261
38,2026-02-15,1,8,05:30,17:19,709
44,2026-02-15,0,1,23:59,23:59,0
46,2026-02-15,1,6,07:55,17:15,560
48,2026-02-15,1,6,06:00,16:30,630
49,2026-02-15,1,6,08:04,19:10,666
51,2026-02-15,1,5,06:00,16:45,645
6,2026-02-16,1,1,16:15,16:15,0
7,2026-02-16,0,3,09:34,13:51,257
12,2026-02-16,0,1,12:11,12:11,0
26,2026-02-16,1,7,04:45,14:30,585
27,2026-02-16,0,5,11:01,15:52,291
31,2026-02-16,1,8,05:00,18:00,780
32,2026-02-16,1,8,07:30,18:55,685
33,2026-02-16,1,7,07:45,19:48,723
34,2026-02-16,1,4,09:30,17:00,450
38,2026-02-16,1,7,06:00,17:45,705
46,2026-02-16,1,7,06:30,16:45,615
49,2026-02-16,1,8,06:30,16:35,605
52,2026-02-16,1,8,05:20,17:00,700
7,2026-02-17,0,3,11:02,17:11,369
15,2026-02-17,0,1,10:15,10:15,0
26,2026-02-17,1,7,07:30,16:01,511
27,2026-02-17,0,4,11:02,16:14,312
31,2026-02-17,1,6,07:30,18:43,673
32,2026-02-17,1,6,05:40,15:54,614
33,2026-02-17,1,5,06:30,16:30,600
34,2026-02-17,1,4,10:30,18:05,455
38,2026-02-17,1,4,07:30,13:23,353
44,2026-02-17,0,1,21:15,21:15,0
46,2026-02-17,1,5,08:00,14:55,415
51,2026-02-17,1,9,07:00,18:07,667
52,2026-02-17,1,6,05:45,15:48,603
1,2026-02-18,1,1,23:59,23:59,0
7,2026-02-18,0,2,09:27,13:15,228
9,2026-02-18,1,1,22:43,22:43,0
26,2026-02-18,1,4,09:00,15:50,410
27,2026-02-18,0,5,10:06,14:15,249
30,2026-02-18,0,1,20:40,20:40,0
31,2026-02-18,1,3,09:55,14:30,275
32,2026-02-18,1,6,04:30,15:25,655
33,2026-02-18,1,5,10:15,17:02,407
38,2026-02-18,1,4,08:40,14:30,350
49,2026-02-18,1,5,08:00,16:26,506
51,2026-02-18,1,7,06:30,19:30,780
1,2026-02-19,1,1,22:32,22:32,0
4,2026-02-19,0,1,13:15,13:15,0
5,2026-02-19,0,2,12:40,14:30,110
6,2026-02-19,1,1,15:13,15:13,0
7,2026-02-19,0,2,11:52,14:45,173
8,2026-02-19,0,1,13:58,13:58,0
9,2026-02-19,1,1,22:14,22:14,0
27,2026-02-19,0,4,12:30,13:35,65
30,2026-02-19,0,3,15:05,21:40,395
32,2026-02-19,1,6,08:15,18:05,590
33,2026-02-19,1,6,08:30,21:50,800
34,2026-02-19,1,3,11:00,14:30,210
38,2026-02-19,1,8,05:20,15:00,580
46,2026-02-19,1,7,06:15,16:20,605
49,2026-02-19,1,7,06:30,15:30,540
51,2026-02-19,1,7,07:30,19:31,721
52,2026-02-19,1,8,05:00,16:30,690
5,2026-02-20,0,2,10:30,11:55,85
7,2026-02-20,0,3,08:30,12:16,226
8,2026-02-20,0,1,15:05,15:05,0
9,2026-02-20,1,1,00:37,00:37,0
19,2026-02-20,0,3,08:40,09:56,76
20,2026-02-20,1,3,15:30,19:42,252
26,2026-02-20,1,6,04:15,12:15,480
27,2026-02-20,0,10,08:15,19:03,648
29,2026-02-20,0,4,09:00,21:55,775
30,2026-02-20,0,2,13:00,17:35,275
32,2026-02-20,1,4,05:45,16:30,645
33,2026-02-20,1,6,08:15,21:36,801
34,2026-02-20,1,3,07:30,10:57,207
38,2026-02-20,1,5,05:00,12:29,449
44,2026-02-20,0,3,10:00,22:01,721
46,2026-02-20,1,7,06:10,18:20,730
48,2026-02-20,1,7,04:00,16:00,720
49,2026-02-20,1,6,05:45,19:48,843
51,2026-02-20,1,5,08:15,19:45,690
1,2026-02-21,1,1,02:29,02:29,0
5,2026-02-21,0,4,08:30,14:18,348
7,2026-02-21,0,6,08:00,16:25,505
8,2026-02-21,0,3,10:00,12:45,165
13,2026-02-21,0,3,08:30,14:37,367
19,2026-02-21,0,5,08:30,20:15,705
20,2026-02-21,1,6,03:00,13:23,623
24,2026-02-21,0,2,09:00,13:25,265
26,2026-02-21,1,6,02:27,11:00,513
27,2026-02-21,0,17,08:05,22:01,836
29,2026-02-21,0,6,10:06,17:50,464
30,2026-02-21,0,3,09:00,19:40,640
32,2026-02-21,1,8,09:00,22:53,833
33,2026-02-21,1,8,08:00,20:56,776
38,2026-02-21,1,6,04:30,13:05,515
44,2026-02-21,0,2,10:30,21:41,671
46,2026-02-21,1,7,06:30,15:29,539
48,2026-02-21,1,8,02:50,14:10,680
49,2026-02-21,1,8,04:30,17:00,750
50,2026-02-21,1,1,16:00,16:00,0
51,2026-02-21,1,6,14:30,23:24,534
52,2026-02-21,1,6,04:30,14:05,575
4,2026-02-22,0,1,15:05,15:05,0
5,2026-02-22,0,1,11:55,11:55,0
6,2026-02-22,1,1,16:20,16:20,0
7,2026-02-22,0,4,08:45,14:28,343
8,2026-02-22,0,2,10:31,16:16,345
9,2026-02-22,1,3,15:36,18:37,181
12,2026-02-22,0,1,23:26,23:26,0
13,2026-02-22,0,4,09:00,15:09,369
19,2026-02-22,0,8,09:46,15:25,339
24,2026-02-22,0,1,11:29,11:29,0
26,2026-02-22,1,7,05:25,12:11,406
27,2026-02-22,0,14,08:30,20:40,730
29,2026-02-22,0,7,11:01,14:31,210
30,2026-02-22,0,4,09:00,22:14,794
32,2026-02-22,1,8,07:45,19:30,705
33,2026-02-22,1,7,06:00,17:12,672
34,2026-02-22,1,4,09:00,16:30,450
35,2026-02-22,1,7,05:30,16:00,630
38,2026-02-22,1,8,06:30,19:00,750
44,2026-02-22,0,4,08:30,20:35,725
46,2026-02-22,1,7,06:00,17:14,674
48,2026-02-22,1,8,05:15,18:00,765
49,2026-02-22,1,7,06:30,17:00,630
50,2026-02-22,1,1,08:15,08:15,0
1,2026-02-23,1,1,08:30,08:30,0
4,2026-02-23,0,1,13:07,13:07,0
5,2026-02-23,0,2,08:30,08:53,23
6,2026-02-23,1,1,10:00,10:00,0
7,2026-02-23,0,4,07:35,12:45,310
8,2026-02-23,0,1,08:10,08:10,0
27,2026-02-23,0,1,17:17,17:17,0
29,2026-02-23,0,2,09:00,16:34,454
30,2026-02-23,0,1,08:06,08:06,0
32,2026-02-23,1,6,09:30,22:15,765
33,2026-02-23,1,1,07:00,07:00,0
34,2026-02-23,1,3,08:20,12:00,220
35,2026-02-23,1,4,07:30,17:01,571
38,2026-02-23,1,7,07:00,17:55,655
46,2026-02-23,1,5,06:45,14:55,490
49,2026-02-23,1,6,07:00,17:00,600
51,2026-02-23,1,2,19:54,22:55,181
52,2026-02-23,1,5,07:45,16:31,526
7,2026-02-24,0,2,11:33,13:25,112
27,2026-02-24,0,2,12:24,17:29,305
31,2026-02-24,1,8,09:00,21:40,760
32,2026-02-24,1,6,09:00,17:53,533
33,2026-02-24,1,5,11:39,21:31,592
38,2026-02-24,1,4,10:15,14:30,255
46,2026-02-24,1,6,09:15,17:10,475
51,2026-02-24,1,7,08:30,19:55,685
52,2026-02-24,1,6,06:30,16:10,580
7,2026-02-25,0,1,11:50,11:50,0
27,2026-02-25,0,2,16:52,17:49,57
30,2026-02-25,0,2,17:44,20:12,148
31,2026-02-25,1,4,13:00,20:45,465
32,2026-02-25,1,8,06:25,18:00,695
33,2026-02-25,1,5,09:35,18:55,560
34,2026-02-25,1,3,20:02,23:50,228
35,2026-02-25,1,3,05:00,09:00,240
38,2026-02-25,1,6,09:30,19:28,598
44,2026-02-25,0,1,16:33,16:33,0
49,2026-02-25,1,8,04:30,17:00,750
50,2026-02-25,1,1,17:50,17:50,0
51,2026-02-25,1,7,07:30,19:30,720
52,2026-02-25,1,7,04:30,17:45,795
4,2026-02-26,0,2,09:00,10:17,77
7,2026-02-26,0,2,08:35,11:30,175
27,2026-02-26,0,8,08:35,23:59,924
31,2026-02-26,1,1,23:08,23:08,0
32,2026-02-26,1,8,09:00,23:59,899
33,2026-02-26,1,7,09:15,21:41,746
35,2026-02-26,1,6,07:00,16:30,570
38,2026-02-26,1,6,09:00,19:49,649
46,2026-02-26,1,6,07:00,16:30,570
49,2026-02-26,1,6,07:30,18:30,660
50,2026-02-26,1,1,09:54,09:54,0
51,2026-02-26,1,7,07:00,17:16,616
52,2026-02-26,1,7,05:00,15:11,611
1,2026-02-27,1,1,00:05,00:05,0
6,2026-02-27,1,1,23:46,23:46,0
7,2026-02-27,0,4,04:30,15:15,645
8,2026-02-27,0,2,09:30,11:00,90
24,2026-02-27,0,1,04:00,04:00,0
27,2026-02-27,0,10,05:00,23:50,1130
29,2026-02-27,0,2,08:45,09:15,30
30,2026-02-27,0,1,15:26,15:26,0
32,2026-02-27,1,5,09:00,18:44,584
33,2026-02-27,1,6,08:30,22:37,847
38,2026-02-27,1,6,08:30,18:10,580
46,2026-02-27,1,6,09:00,18:00,540
48,2026-02-27,1,8,03:30,15:32,722
49,2026-02-27,1,8,05:00,19:19,859
51,2026-02-27,1,8,08:45,23:59,914
52,2026-02-27,1,2,05:00,09:00,240
5,2026-02-28,0,4,10:09,16:56,407
6,2026-02-28,1,4,08:45,13:30,285
7,2026-02-28,0,5,04:00,16:40,760
13,2026-02-28,0,2,09:00,09:15,15
19,2026-02-28,0,1,09:00,09:00,0
20,2026-02-28,1,7,04:30,15:45,675
24,2026-02-28,0,2,07:40,09:30,110
27,2026-02-28,0,14,08:00,21:22,802
29,2026-02-28,0,1,08:30,08:30,0
30,2026-02-28,0,5,10:09,17:25,436
32,2026-02-28,1,7,03:45,17:30,825
33,2026-02-28,1,5,09:45,19:02,557
34,2026-02-28,1,4,08:30,15:00,390
35,2026-02-28,1,6,04:00,16:45,765
38,2026-02-28,1,7,04:00,13:26,566
44,2026-02-28,0,1,17:04,17:04,0
46,2026-02-28,1,7,06:30,15:39,549
48,2026-02-28,1,10,04:00,17:00,780
49,2026-02-28,1,9,04:00,16:40,760
51,2026-02-28,1,6,09:00,16:09,429
5,2026-03-01,0,1,10:39,10:39,0
7,2026-03-01,0,4,06:30,13:00,390
8,2026-03-01,0,1,09:53,09:53,0
9,2026-03-01,1,1,01:41,01:41,0
13,2026-03-01,0,1,11:23,11:23,0
19,2026-03-01,0,2,09:53,09:58,5
20,2026-03-01,1,6,03:45,13:17,572
26,2026-03-01,1,6,06:00,14:00,480
27,2026-03-01,0,15,08:36,20:26,710
29,2026-03-01,0,6,08:00,13:45,345
30,2026-03-01,0,3,09:34,20:53,679
32,2026-03-01,1,7,07:00,18:54,714
33,2026-03-01,1,7,06:15,17:33,678
38,2026-03-01,1,6,05:30,15:09,579
44,2026-03-01,0,2,10:08,21:55,707
46,2026-03-01,1,7,06:30,16:26,596
48,2026-03-01,1,7,06:20,15:00,520
49,2026-03-01,1,5,08:30,14:17,347
52,2026-03-01,1,6,07:00,17:00,600
1,2026-03-02,1,1,21:59,21:59,0
7,2026-03-02,0,3,04:00,13:31,571
24,2026-03-02,0,2,04:30,07:15,165
26,2026-03-02,1,9,04:30,17:16,766
27,2026-03-02,0,8,09:27,21:59,752
29,2026-03-02,0,1,13:45,13:45,0
30,2026-03-02,0,1,11:45,11:45,0
31,2026-03-02,1,6,04:15,15:03,648
32,2026-03-02,1,8,08:00,20:00,720
33,2026-03-02,1,6,09:05,23:40,875
34,2026-03-02,1,5,09:00,17:00,480
44,2026-03-02,0,1,19:41,19:41,0
46,2026-03-02,1,5,08:00,13:46,346
49,2026-03-02,1,5,08:15,15:40,445
51,2026-03-02,1,6,04:30,13:17,527
52,2026-03-02,1,8,04:00,17:00,780
5,2026-03-03,0,2,08:45,13:31,286
7,2026-03-03,0,1,10:05,10:05,0
9,2026-03-03,1,1,18:45,18:45,0
26,2026-03-03,1,6,07:00,16:30,570
27,2026-03-03,0,2,12:10,19:54,464
30,2026-03-03,0,3,13:31,21:31,480
31,2026-03-03,1,6,08:30,19:09,639
32,2026-03-03,1,6,05:00,14:28,568
33,2026-03-03,1,3,10:00,12:30,150
38,2026-03-03,1,5,06:50,14:00,430
44,2026-03-03,0,1,12:40,12:40,0
46,2026-03-03,1,7,07:30,17:00,570
51,2026-03-03,1,4,10:08,20:30,622
52,2026-03-03,1,5,07:00,13:06,366
5,2026-03-04,0,2,10:30,15:05,275
7,2026-03-04,0,3,09:30,14:20,290
8,2026-03-04,0,1,12:39,12:39,0
26,2026-03-04,1,7,04:30,15:40,670
27,2026-03-04,0,6,11:52,15:03,191
30,2026-03-04,0,1,15:38,15:38,0
31,2026-03-04,1,3,09:00,12:00,180
32,2026-03-04,1,5,09:05,20:40,695
34,2026-03-04,1,1,09:00,09:00,0
35,2026-03-04,1,4,05:30,14:28,538
38,2026-03-04,1,8,09:15,21:04,709
49,2026-03-04,1,6,09:15,20:45,690
51,2026-03-04,1,4,08:39,19:45,666
52,2026-03-04,1,6,06:15,16:30,615
5,2026-03-05,0,2,11:20,13:13,113
7,2026-03-05,0,2,10:17,13:05,168
13,2026-03-05,0,1,10:06,10:06,0
19,2026-03-05,0,1,11:11,11:11,0
26,2026-03-05,1,7,09:00,18:25,565
27,2026-03-05,0,5,10:35,22:15,700
30,2026-03-05,0,3,10:15,22:05,710
32,2026-03-05,1,6,07:15,16:31,556
33,2026-03-05,1,5,08:10,17:50,580
34,2026-03-05,1,4,10:13,17:30,437
35,2026-03-05,1,3,09:25,14:51,326
44,2026-03-05,0,1,10:38,10:38,0
48,2026-03-05,1,6,07:00,15:25,505
49,2026-03-05,1,6,10:00,23:22,802
51,2026-03-05,1,5,11:00,23:45,765
52,2026-03-05,1,5,06:00,13:45,465
5,2026-03-06,0,3,08:30,15:15,405
7,2026-03-06,0,4,08:15,15:46,451
9,2026-03-06,1,1,05:00,05:00,0
19,2026-03-06,0,1,23:59,23:59,0
24,2026-03-06,0,2,09:00,11:03,123
26,2026-03-06,1,7,07:00,16:58,598
27,2026-03-06,0,17,08:30,23:59,929
29,2026-03-06,0,4,08:45,23:32,887
30,2026-03-06,0,5,09:30,19:32,602
32,2026-03-06,1,9,06:00,19:00,780
33,2026-03-06,1,7,08:15,17:16,541
34,2026-03-06,1,4,09:00,17:15,495
38,2026-03-06,1,6,09:00,17:30,510
44,2026-03-06,0,1,12:07,12:07,0
46,2026-03-06,1,6,08:30,15:25,415
48,2026-03-06,1,8,03:30,16:35,785
49,2026-03-06,1,7,09:30,23:59,869
50,2026-03-06,1,2,18:31,23:22,291
51,2026-03-06,1,5,09:30,18:00,510
5,2026-03-07,0,1,14:45,14:45,0
6,2026-03-07,1,2,08:15,11:00,165
7,2026-03-07,0,6,05:30,15:50,620
8,2026-03-07,0,2,07:30,08:05,35
19,2026-03-07,0,9,10:43,23:59,796
26,2026-03-07,1,7,04:30,14:24,594
27,2026-03-07,0,16,08:55,23:59,904
29,2026-03-07,0,8,07:50,16:00,490
30,2026-03-07,0,3,15:20,20:15,295
32,2026-03-07,1,8,05:30,21:10,940
33,2026-03-07,1,8,04:45,17:43,778
34,2026-03-07,1,5,09:00,14:19,319
35,2026-03-07,1,4,08:30,16:15,465
38,2026-03-07,1,8,05:00,15:45,645
44,2026-03-07,0,3,08:00,20:07,727
46,2026-03-07,1,8,06:11,15:59,588
48,2026-03-07,1,7,05:15,15:49,634
49,2026-03-07,1,7,07:30,20:04,754
50,2026-03-07,1,1,17:14,17:14,0
52,2026-03-07,1,6,06:20,16:30,610
5,2026-03-08,0,1,09:30,09:30,0
6,2026-03-08,1,1,18:20,18:20,0
7,2026-03-08,0,4,09:25,16:18,413
8,2026-03-08,0,2,09:20,12:30,190
19,2026-03-08,0,5,09:00,12:51,231
24,2026-03-08,0,1,04:30,04:30,0
26,2026-03-08,1,7,04:00,16:15,735
27,2026-03-08,0,8,11:10,23:00,710
29,2026-03-08,0,7,08:00,11:51,231
30,2026-03-08,0,2,12:00,15:55,235
32,2026-03-08,1,9,05:30,19:00,810
33,2026-03-08,1,8,07:15,17:15,600
34,2026-03-08,1,3,10:38,15:05,267
35,2026-03-08,1,10,03:30,15:30,720
38,2026-03-08,1,8,05:30,15:10,580
44,2026-03-08,0,5,08:00,16:32,512
46,2026-03-08,1,7,07:15,14:10,415
49,2026-03-08,1,7,07:30,19:35,725
51,2026-03-08,1,7,07:30,23:39,969
55,2026-03-08,1,5,06:15,13:15,420
6,2026-03-09,1,3,06:30,09:00,150
7,2026-03-09,0,2,09:30,11:20,110
8,2026-03-09,0,2,09:00,14:42,342
26,2026-03-09,1,6,04:30,15:00,630
27,2026-03-09,0,5,10:00,12:00,120
29,2026-03-09,0,1,09:00,09:00,0
31,2026-03-09,1,4,08:30,14:00,330
32,2026-03-09,1,6,07:30,16:45,555
33,2026-03-09,1,6,06:00,14:00,480
38,2026-03-09,1,5,07:15,17:50,635
46,2026-03-09,1,6,07:00,16:05,545
49,2026-03-09,1,6,08:30,17:50,560
51,2026-03-09,1,6,07:30,19:49,739
52,2026-03-09,1,5,03:45,13:45,600
54,2026-03-09,1,5,06:00,13:45,465
5,2026-03-10,0,1,10:00,10:00,0
7,2026-03-10,0,2,10:00,10:13,13
24,2026-03-10,0,1,10:30,10:30,0
26,2026-03-10,1,5,04:00,11:18,438
27,2026-03-10,0,1,18:22,18:22,0
31,2026-03-10,1,7,04:00,15:15,675
33,2026-03-10,1,5,09:26,19:30,604
46,2026-03-10,1,5,08:30,13:42,312
51,2026-03-10,1,4,10:30,18:10,460
52,2026-03-10,1,6,04:45,16:16,691
54,2026-03-10,1,6,07:00,13:09,369
55,2026-03-10,1,4,10:30,16:35,365
7,2026-03-11,0,3,07:45,12:30,285
27,2026-03-11,0,13,07:00,21:30,870
30,2026-03-11,0,2,11:30,21:59,629
31,2026-03-11,1,6,06:30,15:10,520
32,2026-03-11,1,6,08:30,16:52,502
34,2026-03-11,1,5,09:15,23:59,884
35,2026-03-11,1,7,03:35,13:30,595
38,2026-03-11,1,8,06:18,18:30,732
44,2026-03-11,0,1,15:18,15:18,0
51,2026-03-11,1,8,09:30,23:37,847
52,2026-03-11,1,5,05:00,11:30,390
55,2026-03-11,1,7,08:30,20:29,719
1,2026-03-12,1,1,23:02,23:02,0
5,2026-03-12,0,1,11:09,11:09,0
7,2026-03-12,0,2,11:08,15:30,262
19,2026-03-12,0,1,23:04,23:04,0
26,2026-03-12,1,6,06:40,13:37,417
27,2026-03-12,0,6,11:30,22:25,655
29,2026-03-12,0,3,10:58,12:15,77
30,2026-03-12,0,1,16:43,16:43,0
32,2026-03-12,1,5,10:00,20:55,655
33,2026-03-12,1,4,15:52,23:39,467
35,2026-03-12,1,4,05:40,12:00,380
44,2026-03-12,0,1,09:40,09:40,0
46,2026-03-12,1,8,06:30,17:30,660
48,2026-03-12,1,7,03:00,15:17,737
51,2026-03-12,1,8,09:00,20:46,706
52,2026-03-12,1,5,09:00,15:53,413
54,2026-03-12,1,4,06:00,14:13,493
55,2026-03-12,1,6,09:15,18:00,525
5,2026-03-13,0,2,09:30,14:36,306
7,2026-03-13,0,3,09:00,15:49,409
19,2026-03-13,0,4,16:05,23:59,474
26,2026-03-13,1,8,03:30,14:30,660
27,2026-03-13,0,9,08:15,16:15,480
29,2026-03-13,0,2,13:07,23:59,652
30,2026-03-13,0,4,17:10,19:03,113
32,2026-03-13,1,8,07:00,19:15,735
33,2026-03-13,1,6,09:00,17:51,531
44,2026-03-13,0,2,09:00,12:40,220
46,2026-03-13,1,6,07:15,14:30,435
48,2026-03-13,1,6,06:30,15:15,525
49,2026-03-13,1,5,09:05,19:00,595
51,2026-03-13,1,6,09:00,22:23,803
54,2026-03-13,1,4,07:30,14:05,395
55,2026-03-13,1,5,09:00,21:31,751
1,2026-03-14,1,1,23:08,23:08,0
5,2026-03-14,0,3,12:50,18:10,320
6,2026-03-14,1,1,10:43,10:43,0
7,2026-03-14,0,3,08:48,16:40,472
8,2026-03-14,0,2,10:16,17:45,449
9,2026-03-14,1,2,20:29,22:30,121
19,2026-03-14,0,5,08:55,22:24,809
26,2026-03-14,1,9,04:30,16:58,748
27,2026-03-14,0,13,08:30,22:54,864
29,2026-03-14,0,11,07:58,20:05,727
32,2026-03-14,1,8,04:30,17:07,757
33,2026-03-14,1,9,08:20,20:31,731
44,2026-03-14,0,4,02:23,22:45,1222
46,2026-03-14,1,8,07:15,17:20,605
48,2026-03-14,1,9,04:00,17:30,810
49,2026-03-14,1,7,08:00,17:08,548
50,2026-03-14,1,2,09:46,15:00,314
51,2026-03-14,1,8,05:30,23:03,1053
52,2026-03-14,1,5,07:30,15:53,503
55,2026-03-14,1,8,09:30,18:50,560
1,2026-03-15,1,3,09:00,11:35,155
6,2026-03-15,1,2,05:45,20:43,898
7,2026-03-15,0,6,08:05,17:08,543
8,2026-03-15,0,1,14:00,14:00,0
19,2026-03-15,0,5,09:41,22:55,794
24,2026-03-15,0,1,04:30,04:30,0
26,2026-03-15,1,7,04:30,14:38,608
27,2026-03-15,0,10,09:10,15:22,372
29,2026-03-15,0,10,09:30,16:58,448
30,2026-03-15,0,3,09:00,16:54,474
34,2026-03-15,1,7,08:00,22:49,889
35,2026-03-15,1,5,06:30,16:19,589
44,2026-03-15,0,4,09:00,15:55,415
46,2026-03-15,1,8,06:45,16:15,570
49,2026-03-15,1,5,09:00,20:30,690
50,2026-03-15,1,3,09:30,15:10,340
51,2026-03-15,1,7,04:45,16:16,691
52,2026-03-15,1,7,07:00,15:10,490
55,2026-03-15,1,5,07:30,15:55,505
56,2026-03-15,1,9,03:30,16:00,750
6,2026-03-16,1,2,11:15,15:04,229
26,2026-03-16,1,5,03:30,12:27,537
27,2026-03-16,0,3,09:38,21:00,682
30,2026-03-16,0,1,10:14,10:14,0
31,2026-03-16,1,5,09:00,20:05,665
33,2026-03-16,1,6,06:00,21:18,918
34,2026-03-16,1,1,12:56,12:56,0
38,2026-03-16,1,2,09:30,11:30,120
44,2026-03-16,0,1,23:28,23:28,0
46,2026-03-16,1,7,06:00,18:30,750
49,2026-03-16,1,5,08:00,21:00,780
52,2026-03-16,1,5,05:00,13:34,514
54,2026-03-16,1,6,09:15,22:31,796
1,2026-03-17,1,1,00:31,00:31,0
9,2026-03-17,1,1,21:59,21:59,0
13,2026-03-17,0,1,14:31,14:31,0
19,2026-03-17,0,2,14:47,23:59,552
24,2026-03-17,0,1,03:30,03:30,0
26,2026-03-17,1,7,07:15,18:08,653
27,2026-03-17,0,11,10:08,23:59,831
29,2026-03-17,0,1,07:03,07:03,0
30,2026-03-17,0,3,12:14,18:05,351
31,2026-03-17,1,3,10:20,15:00,280
33,2026-03-17,1,6,07:00,21:32,872
38,2026-03-17,1,3,11:00,13:42,162
44,2026-03-17,0,2,14:31,20:25,354
46,2026-03-17,1,5,07:30,15:15,465
51,2026-03-17,1,5,08:00,20:00,720
52,2026-03-17,1,5,06:45,12:00,315
54,2026-03-17,1,6,08:00,18:14,614
7,2026-03-18,0,3,07:45,14:37,412
19,2026-03-18,0,2,15:14,23:59,525
26,2026-03-18,1,6,06:00,17:45,705
27,2026-03-18,0,3,15:53,22:17,384
30,2026-03-18,0,1,14:28,14:28,0
31,2026-03-18,1,5,11:34,20:32,538
32,2026-03-18,1,8,06:30,19:14,764
38,2026-03-18,1,4,08:00,14:23,383
49,2026-03-18,1,6,10:20,21:00,640
51,2026-03-18,1,6,11:00,22:25,685
52,2026-03-18,1,7,06:20,15:30,550
55,2026-03-18,1,5,07:00,14:37,457
57,2026-03-18,1,6,03:00,13:59,659
5,2026-03-19,0,2,09:15,11:05,110
7,2026-03-19,0,4,06:00,14:32,512
8,2026-03-19,0,1,13:30,13:30,0
19,2026-03-19,0,3,10:21,23:42,801
26,2026-03-19,1,6,05:15,13:10,475
27,2026-03-19,0,9,09:05,22:36,811
30,2026-03-19,0,2,11:05,13:50,165
32,2026-03-19,1,7,03:20,19:00,940
33,2026-03-19,1,7,05:53,17:28,695
48,2026-03-19,1,7,05:30,16:14,644
49,2026-03-19,1,11,08:00,22:05,845
50,2026-03-19,1,1,22:10,22:10,0
51,2026-03-19,1,7,08:18,19:00,642
52,2026-03-19,1,5,08:00,14:15,375
54,2026-03-19,1,5,08:15,17:53,578
55,2026-03-19,1,3,05:30,10:30,300
56,2026-03-19,1,4,15:02,23:39,517
57,2026-03-19,1,7,07:30,19:10,700
5,2026-03-20,0,3,10:31,18:09,458
6,2026-03-20,1,1,09:30,09:30,0
7,2026-03-20,0,4,11:11,19:03,472
8,2026-03-20,0,3,08:39,13:15,276
13,2026-03-20,0,2,08:15,14:34,379
26,2026-03-20,1,9,04:00,18:00,840
27,2026-03-20,0,10,13:15,23:30,615
29,2026-03-20,0,8,08:00,09:30,90
30,2026-03-20,0,4,10:00,20:26,626
32,2026-03-20,1,7,05:30,18:45,795
33,2026-03-20,1,6,03:00,14:15,675
38,2026-03-20,1,4,15:15,22:05,410
41,2026-03-20,0,1,09:00,09:00,0
44,2026-03-20,0,1,09:40,09:40,0
46,2026-03-20,1,5,06:15,12:24,369
48,2026-03-20,1,6,05:00,14:24,564
49,2026-03-20,1,6,08:30,21:00,750
50,2026-03-20,1,1,19:55,19:55,0
51,2026-03-20,1,7,09:00,23:59,899
54,2026-03-20,1,6,05:00,17:36,756
55,2026-03-20,1,6,06:45,16:47,602
56,2026-03-20,1,5,09:30,17:33,483
7,2026-03-21,0,6,06:45,16:18,573
8,2026-03-21,0,2,17:17,20:00,163
13,2026-03-21,0,3,07:30,12:54,324
19,2026-03-21,0,8,07:00,17:10,610
26,2026-03-21,1,8,04:30,17:00,750
27,2026-03-21,0,12,04:00,17:24,804
29,2026-03-21,0,5,09:42,18:30,528
30,2026-03-21,0,4,04:30,18:25,835
32,2026-03-21,1,9,06:30,22:45,975
33,2026-03-21,1,6,03:45,12:30,525
34,2026-03-21,1,6,08:00,18:59,659
44,2026-03-21,0,6,11:00,16:59,359
46,2026-03-21,1,7,06:00,15:17,557
48,2026-03-21,1,10,03:30,15:15,705
49,2026-03-21,1,10,07:00,18:40,700
51,2026-03-21,1,1,08:30,08:30,0
53,2026-03-21,1,3,10:11,13:30,199
54,2026-03-21,1,8,06:00,16:00,600
55,2026-03-21,1,6,10:00,20:04,604
56,2026-03-21,1,7,06:30,18:35,725
57,2026-03-21,1,7,03:45,13:15,570
5,2026-03-22,0,2,08:52,12:49,237
7,2026-03-22,0,5,08:15,18:31,616
19,2026-03-22,0,1,10:30,10:30,0
26,2026-03-22,1,8,04:15,13:30,555
27,2026-03-22,0,19,03:30,18:30,900
29,2026-03-22,0,4,10:20,22:35,735
30,2026-03-22,0,3,09:27,15:31,364
32,2026-03-22,1,6,07:51,15:32,461
33,2026-03-22,1,8,04:00,14:24,624
34,2026-03-22,1,5,07:57,21:30,813
35,2026-03-22,1,5,04:45,12:30,465
46,2026-03-22,1,8,07:00,17:15,615
49,2026-03-22,1,8,04:30,18:06,816
51,2026-03-22,1,8,08:30,22:56,866
53,2026-03-22,1,1,08:15,08:15,0
55,2026-03-22,1,8,08:45,19:09,624
56,2026-03-22,1,5,07:30,16:00,510
57,2026-03-22,1,7,04:15,13:00,525
7,2026-03-23,0,4,06:45,16:00,555
26,2026-03-23,1,6,04:20,12:36,496
27,2026-03-23,0,3,09:00,11:38,158
29,2026-03-23,0,6,10:45,17:05,380
31,2026-03-23,1,7,08:55,20:30,695
33,2026-03-23,1,5,04:15,11:00,405
38,2026-03-23,1,5,09:30,17:51,501
46,2026-03-23,1,7,07:00,16:23,563
49,2026-03-23,1,6,08:10,19:35,685
51,2026-03-23,1,6,12:10,23:59,709
54,2026-03-23,1,6,08:45,19:21,636
55,2026-03-23,1,3,08:15,11:52,217
57,2026-03-23,1,7,03:30,14:30,660
26,2026-03-24,1,5,05:00,15:00,600
27,2026-03-24,0,1,20:03,20:03,0
29,2026-03-24,0,1,14:21,14:21,0
31,2026-03-24,1,4,15:30,20:09,279
32,2026-03-24,1,4,06:00,11:45,345
33,2026-03-24,1,6,04:30,12:08,458
38,2026-03-24,1,4,07:00,13:25,385
46,2026-03-24,1,7,07:05,16:30,565
51,2026-03-24,1,4,07:45,14:09,384
52,2026-03-24,1,4,07:25,14:30,425
54,2026-03-24,1,4,06:30,13:10,400
56,2026-03-24,1,4,12:53,22:00,547
5,2026-03-25,0,1,11:30,11:30,0
6,2026-03-25,1,1,10:20,10:20,0
7,2026-03-25,0,2,08:45,10:30,105
26,2026-03-25,1,7,04:30,13:39,549
27,2026-03-25,0,8,08:46,21:15,749
29,2026-03-25,0,7,08:37,23:59,922
31,2026-03-25,1,6,09:00,20:41,701
32,2026-03-25,1,6,09:30,17:57,507
38,2026-03-25,1,6,09:00,19:45,645
51,2026-03-25,1,7,08:15,21:06,771
52,2026-03-25,1,6,08:15,18:00,585
55,2026-03-25,1,5,08:30,20:20,710
56,2026-03-25,1,5,08:30,18:14,584
57,2026-03-25,1,7,08:00,19:34,694
58,2026-03-25,1,6,07:30,17:35,605
26,2026-03-26,1,7,04:30,15:56,686
27,2026-03-26,0,3,14:13,15:39,86
29,2026-03-26,0,6,08:47,23:00,853
32,2026-03-26,1,8,09:30,22:30,780
33,2026-03-26,1,7,05:15,18:00,765
38,2026-03-26,1,4,14:48,23:02,494
46,2026-03-26,1,1,07:00,07:00,0
48,2026-03-26,1,6,04:35,13:57,562
49,2026-03-26,1,4,08:51,17:14,503
51,2026-03-26,1,7,08:30,23:22,892
52,2026-03-26,1,6,06:10,17:54,704
56,2026-03-26,1,4,09:17,20:39,682
57,2026-03-26,1,5,05:30,11:30,360
58,2026-03-26,1,5,09:45,23:07,802
7,2026-03-27,0,5,09:00,19:00,600
8,2026-03-27,0,1,19:02,19:02,0
26,2026-03-27,1,6,04:30,14:53,623
27,2026-03-27,0,4,08:21,13:42,321
29,2026-03-27,0,7,00:22,22:09,1307
32,2026-03-27,1,2,09:00,10:30,90
38,2026-03-27,1,5,09:30,19:32,602
44,2026-03-27,0,1,18:38,18:38,0
46,2026-03-27,1,5,07:30,16:30,540
48,2026-03-27,1,7,03:00,16:46,826
49,2026-03-27,1,7,07:30,19:21,711
51,2026-03-27,1,9,08:45,23:59,914
54,2026-03-27,1,7,03:00,15:00,720
55,2026-03-27,1,5,06:30,17:30,660
56,2026-03-27,1,8,08:50,21:39,769
57,2026-03-27,1,7,07:30,21:18,828
58,2026-03-27,1,7,07:15,17:54,639
4,2026-03-28,0,1,16:00,16:00,0
5,2026-03-28,0,1,15:39,15:39,0
6,2026-03-28,1,1,09:30,09:30,0
7,2026-03-28,0,5,05:03,13:32,509
9,2026-03-28,1,1,23:59,23:59,0
19,2026-03-28,0,6,08:45,13:30,285
24,2026-03-28,0,1,04:15,04:15,0
26,2026-03-28,1,8,06:00,18:00,720
27,2026-03-28,0,18,07:35,23:52,977
29,2026-03-28,0,22,08:47,22:56,849
32,2026-03-28,1,9,05:30,19:00,810
34,2026-03-28,1,1,13:00,13:00,0
35,2026-03-28,1,5,15:00,21:39,399
38,2026-03-28,1,8,03:30,12:20,530
44,2026-03-28,0,1,09:30,09:30,0
46,2026-03-28,1,8,06:30,18:30,720
48,2026-03-28,1,8,03:15,14:00,645
49,2026-03-28,1,7,09:00,18:15,555
52,2026-03-28,1,9,06:30,18:47,737
55,2026-03-28,1,7,09:00,21:18,738
56,2026-03-28,1,7,08:00,17:07,547
57,2026-03-28,1,8,07:30,20:09,759
58,2026-03-28,1,8,09:00,20:00,660
5,2026-03-29,0,1,08:15,08:15,0
7,2026-03-29,0,4,07:56,14:39,403
8,2026-03-29,0,1,09:30,09:30,0
13,2026-03-29,0,1,08:00,08:00,0
19,2026-03-29,0,7,00:30,14:45,855
24,2026-03-29,0,1,14:32,14:32,0
26,2026-03-29,1,10,04:00,17:42,822
27,2026-03-29,0,20,08:15,21:58,823
29,2026-03-29,0,10,08:30,14:38,368
30,2026-03-29,0,4,11:05,20:15,550
32,2026-03-29,1,10,06:15,22:27,972
34,2026-03-29,1,2,10:45,16:00,315
35,2026-03-29,1,7,00:38,15:15,877
38,2026-03-29,1,8,04:00,17:08,788
44,2026-03-29,0,3,09:00,23:22,862
46,2026-03-29,1,6,07:00,16:17,557
49,2026-03-29,1,6,06:30,17:05,635
50,2026-03-29,1,2,13:00,14:35,95
51,2026-03-29,1,6,09:00,23:10,850
54,2026-03-29,1,4,12:20,19:00,400
55,2026-03-29,1,7,07:00,15:30,510
56,2026-03-29,1,5,08:00,17:15,555
58,2026-03-29,1,6,07:30,20:00,750
7,2026-03-30,0,2,09:15,12:50,215
26,2026-03-30,1,6,06:30,15:46,556
27,2026-03-30,0,2,09:53,10:18,25
29,2026-03-30,0,7,09:00,22:25,805
31,2026-03-30,1,4,09:30,15:33,363
38,2026-03-30,1,4,09:33,16:54,441
46,2026-03-30,1,4,09:00,14:53,353
49,2026-03-30,1,6,09:00,20:45,705
51,2026-03-30,1,6,09:30,22:06,756
52,2026-03-30,1,6,07:00,16:05,545
53,2026-03-30,1,1,11:45,11:45,0
54,2026-03-30,1,4,09:40,16:28,408
56,2026-03-30,1,5,06:20,15:45,565
57,2026-03-30,1,4,09:00,14:00,300
58,2026-03-30,1,7,09:40,19:21,581
6,2026-03-31,1,2,06:45,08:45,120
8,2026-03-31,0,1,19:27,19:27,0
29,2026-03-31,0,1,19:53,19:53,0
31,2026-03-31,1,5,11:46,23:58,732
44,2026-03-31,0,1,23:59,23:59,0
46,2026-03-31,1,5,06:05,14:21,496
52,2026-03-31,1,6,06:45,17:15,630
54,2026-03-31,1,5,11:00,18:45,465
55,2026-03-31,1,3,16:00,23:52,472
57,2026-03-31,1,6,06:00,19:07,787
58,2026-03-31,1,7,12:00,23:16,676
7,2026-04-01,0,2,10:30,17:55,445
26,2026-04-01,1,7,06:00,14:59,539
27,2026-04-01,0,2,19:27,20:56,89
29,2026-04-01,0,1,09:25,09:25,0
31,2026-04-01,1,6,09:30,16:00,390
32,2026-04-01,1,7,04:00,15:48,708
34,2026-04-01,1,1,22:35,22:35,0
38,2026-04-01,1,4,04:30,13:00,510
49,2026-04-01,1,7,06:30,22:05,935
51,2026-04-01,1,7,10:04,22:33,749
52,2026-04-01,1,5,04:30,11:27,417
55,2026-04-01,1,6,09:14,20:06,652
56,2026-04-01,1,6,08:40,21:14,754
57,2026-04-01,1,7,06:15,14:23,488
58,2026-04-01,1,6,09:30,20:14,644
8,2026-04-02,0,2,11:40,18:14,394
26,2026-04-02,1,9,05:15,16:00,645
27,2026-04-02,0,5,09:28,20:15,647
29,2026-04-02,0,9,09:40,20:48,668
30,2026-04-02,0,4,02:30,15:42,792
33,2026-04-02,1,8,06:00,19:46,826
48,2026-04-02,1,9,04:45,15:46,661
49,2026-04-02,1,5,05:30,11:28,358
51,2026-04-02,1,9,06:00,23:20,1040
52,2026-04-02,1,6,05:45,16:00,615
54,2026-04-02,1,5,09:55,18:30,515
55,2026-04-02,1,6,11:00,23:59,779
56,2026-04-02,1,5,09:15,20:29,674
57,2026-04-02,1,7,07:30,19:44,734
58,2026-04-02,1,7,07:00,18:40,700
6,2026-04-03,1,6,08:01,11:30,209
7,2026-04-03,0,5,07:52,17:54,602
8,2026-04-03,0,2,08:30,10:30,120
13,2026-04-03,0,3,07:29,12:06,277
19,2026-04-03,0,9,09:00,23:05,845
26,2026-04-03,1,8,04:55,16:00,665
27,2026-04-03,0,21,04:15,23:47,1172
29,2026-04-03,0,17,07:00,23:56,1016
32,2026-04-03,1,9,04:15,21:00,1005
33,2026-04-03,1,9,07:00,21:44,884
34,2026-04-03,1,3,17:47,22:57,310
44,2026-04-03,0,1,09:30,09:30,0
46,2026-04-03,1,5,08:00,16:30,510
48,2026-04-03,1,11,03:30,16:30,780
49,2026-04-03,1,7,07:00,16:20,560
51,2026-04-03,1,8,07:15,18:05,650
54,2026-04-03,1,7,07:00,18:15,675
55,2026-04-03,1,8,08:30,22:56,866
56,2026-04-03,1,6,07:30,15:00,450
57,2026-04-03,1,8,07:30,17:00,570
58,2026-04-03,1,4,07:45,15:38,473
5,2026-04-04,0,1,11:10,11:10,0
7,2026-04-04,0,4,05:30,13:25,475
13,2026-04-04,0,4,08:00,12:45,285
24,2026-04-04,0,2,05:30,06:50,80
26,2026-04-04,1,7,04:30,14:10,580
27,2026-04-04,0,14,07:56,19:52,716
29,2026-04-04,0,15,08:00,19:10,670
30,2026-04-04,0,1,10:15,10:15,0
32,2026-04-04,1,8,07:34,19:05,691
33,2026-04-04,1,7,08:00,17:20,560
34,2026-04-04,1,7,08:00,17:33,573
46,2026-04-04,1,6,06:45,13:07,382
48,2026-04-04,1,8,04:45,15:15,630
49,2026-04-04,1,9,05:00,17:10,730
52,2026-04-04,1,5,05:15,14:15,540
55,2026-04-04,1,4,08:00,16:20,500
56,2026-04-04,1,8,05:15,17:06,711
57,2026-04-04,1,6,05:30,17:53,743
58,2026-04-04,1,4,06:00,09:35,215
7,2026-04-05,0,6,05:45,18:53,788
13,2026-04-05,0,4,09:00,20:13,673
19,2026-04-05,0,9,07:23,19:45,742
24,2026-04-05,0,1,09:10,09:10,0
26,2026-04-05,1,10,04:30,17:45,795
27,2026-04-05,0,6,08:30,20:36,726
29,2026-04-05,0,11,08:30,22:03,813
32,2026-04-05,1,7,07:30,18:55,685
33,2026-04-05,1,7,07:00,18:45,705
34,2026-04-05,1,6,09:00,20:40,700
46,2026-04-05,1,7,06:00,17:00,660
49,2026-04-05,1,5,09:15,19:35,620
51,2026-04-05,1,6,09:00,20:25,685
55,2026-04-05,1,7,07:15,18:09,654
56,2026-04-05,1,8,07:30,20:00,750
57,2026-04-05,1,6,04:45,14:40,595
59,2026-04-05,1,6,02:45,13:30,645
7,2026-04-06,0,4,06:00,14:03,483
13,2026-04-06,0,2,08:55,09:00,5
19,2026-04-06,0,1,17:20,17:20,0
26,2026-04-06,1,8,05:45,16:16,631
27,2026-04-06,0,14,08:23,20:52,749
29,2026-04-06,0,6,08:36,13:15,279
30,2026-04-06,0,2,09:38,19:04,566
31,2026-04-06,1,9,07:15,19:15,720
32,2026-04-06,1,6,06:30,17:34,664
33,2026-04-06,1,5,03:30,12:20,530
34,2026-04-06,1,7,09:30,19:23,593
38,2026-04-06,1,3,02:00,06:15,255
44,2026-04-06,0,1,11:23,11:23,0
46,2026-04-06,1,6,07:00,16:18,558
49,2026-04-06,1,6,07:30,18:04,634
51,2026-04-06,1,5,07:00,19:35,755
52,2026-04-06,1,7,07:30,17:33,603
54,2026-04-06,1,7,08:00,18:43,643
57,2026-04-06,1,7,07:00,18:35,695
58,2026-04-06,1,7,07:15,15:30,495
59,2026-04-06,1,2,20:00,23:59,239
6,2026-04-07,1,1,11:35,11:35,0
7,2026-04-07,0,1,09:57,09:57,0
26,2026-04-07,1,6,04:15,13:14,539
32,2026-04-07,1,2,06:45,18:30,705
38,2026-04-07,1,3,04:45,11:00,375
46,2026-04-07,1,5,06:30,13:02,392
51,2026-04-07,1,6,09:53,20:36,643
52,2026-04-07,1,5,06:30,12:55,385
54,2026-04-07,1,5,10:02,18:16,494
56,2026-04-07,1,4,10:53,21:06,613
57,2026-04-07,1,5,04:00,13:45,585
58,2026-04-07,1,6,06:30,19:39,789
7,2026-04-08,0,1,08:25,08:25,0
8,2026-04-08,0,1,09:30,09:30,0
26,2026-04-08,1,5,07:30,14:29,419
27,2026-04-08,0,2,08:15,08:15,0
29,2026-04-08,0,3,08:30,09:00,30
32,2026-04-08,1,7,09:00,20:56,716
38,2026-04-08,1,4,07:15,16:00,525
46,2026-04-08,1,6,08:00,16:30,510
49,2026-04-08,1,4,09:15,20:10,655
51,2026-04-08,1,6,08:30,17:32,542
52,2026-04-08,1,4,05:30,12:44,434
55,2026-04-08,1,3,06:30,13:28,418
56,2026-04-08,1,3,09:00,14:50,350
58,2026-04-08,1,5,08:00,18:10,610
59,2026-04-08,1,6,08:30,19:35,665
6,2026-04-09,1,1,11:00,11:00,0
26,2026-04-09,1,4,04:55,10:00,305
27,2026-04-09,0,2,10:46,13:09,143
29,2026-04-09,0,1,12:33,12:33,0
32,2026-04-09,1,8,05:45,20:30,885
33,2026-04-09,1,6,09:30,19:00,570
46,2026-04-09,1,6,07:20,17:20,600
48,2026-04-09,1,7,02:30,14:00,690
49,2026-04-09,1,7,06:30,19:00,750
51,2026-04-09,1,7,08:00,17:00,540
52,2026-04-09,1,5,03:30,11:31,481
54,2026-04-09,1,5,09:30,16:26,416
56,2026-04-09,1,5,03:30,12:53,563
57,2026-04-09,1,5,08:30,16:00,450
58,2026-04-09,1,5,14:30,20:55,385
6,2026-04-10,1,1,17:00,17:00,0
7,2026-04-10,0,4,08:45,15:06,381
8,2026-04-10,0,2,09:00,14:00,300
13,2026-04-10,0,2,08:40,09:00,20
26,2026-04-10,1,7,06:00,16:00,600
27,2026-04-10,0,16,08:00,17:30,570
29,2026-04-10,0,15,08:45,20:44,719
32,2026-04-10,1,9,07:45,18:49,664
33,2026-04-10,1,6,08:30,18:16,586
46,2026-04-10,1,7,08:00,16:19,499
48,2026-04-10,1,7,05:00,16:48,708
49,2026-04-10,1,7,08:45,19:30,645
54,2026-04-10,1,5,08:00,17:00,540
55,2026-04-10,1,3,15:00,20:00,300
56,2026-04-10,1,5,08:00,12:30,270
57,2026-04-10,1,7,03:30,15:30,720
58,2026-04-10,1,8,09:30,21:55,745
59,2026-04-10,1,5,01:12,19:23,1091
5,2026-04-11,0,1,13:35,13:35,0
6,2026-04-11,1,2,08:10,09:30,80
7,2026-04-11,0,4,09:00,18:07,547
8,2026-04-11,0,2,08:30,11:51,201
13,2026-04-11,0,4,08:06,13:13,307
19,2026-04-11,0,12,08:30,20:34,724
24,2026-04-11,0,1,11:00,11:00,0
26,2026-04-11,1,8,04:00,16:00,720
27,2026-04-11,0,6,08:30,11:25,175
29,2026-04-11,0,11,08:00,14:34,394
32,2026-04-11,1,7,08:15,19:08,653
33,2026-04-11,1,9,08:00,20:30,750
34,2026-04-11,1,7,09:00,17:50,530
44,2026-04-11,0,2,09:30,11:15,105
48,2026-04-11,1,8,05:00,15:07,607
49,2026-04-11,1,9,09:00,22:33,813
52,2026-04-11,1,7,04:00,14:44,644
55,2026-04-11,1,8,08:20,18:27,607
57,2026-04-11,1,7,03:00,12:30,570
58,2026-04-11,1,7,09:30,22:13,763
59,2026-04-11,1,7,06:00,19:30,810
60,2026-04-11,0,2,08:21,09:30,69
5,2026-04-12,0,1,14:21,14:21,0
6,2026-04-12,1,1,05:15,05:15,0
7,2026-04-12,0,5,07:07,17:17,610
8,2026-04-12,0,2,09:00,12:00,180
13,2026-04-12,0,2,11:30,13:23,113
19,2026-04-12,0,6,08:46,15:59,433
24,2026-04-12,0,1,08:45,08:45,0
26,2026-04-12,1,9,04:15,17:30,795
27,2026-04-12,0,14,07:10,15:32,502
29,2026-04-12,0,13,08:23,15:44,441
32,2026-04-12,1,8,04:45,18:05,800
33,2026-04-12,1,7,07:45,19:40,715
34,2026-04-12,1,5,09:00,18:00,540
35,2026-04-12,1,8,03:45,16:00,735
49,2026-04-12,1,5,08:45,21:30,765
51,2026-04-12,1,6,08:37,21:25,768
55,2026-04-12,1,6,05:00,14:37,577
57,2026-04-12,1,6,04:15,17:00,765
58,2026-04-12,1,6,07:30,15:00,450
59,2026-04-12,1,5,06:05,10:49,284
61,2026-04-12,1,5,08:20,13:54,334
7,2026-04-13,0,2,07:19,08:53,94
26,2026-04-13,1,2,04:30,07:00,150
27,2026-04-13,0,5,07:35,13:06,331
29,2026-04-13,0,2,09:15,09:30,15
31,2026-04-13,1,6,08:00,19:00,660
32,2026-04-13,1,4,09:15,16:16,421
33,2026-04-13,1,4,06:00,14:15,495
35,2026-04-13,1,5,08:00,17:40,580
38,2026-04-13,1,6,05:37,15:36,599
46,2026-04-13,1,5,07:45,14:21,396
51,2026-04-13,1,6,09:30,22:21,771
52,2026-04-13,1,5,07:15,14:00,405
54,2026-04-13,1,7,04:00,16:45,765
58,2026-04-13,1,5,09:00,17:36,516
59,2026-04-13,1,8,08:00,22:44,884
19,2026-04-14,0,1,22:12,22:12,0
26,2026-04-14,1,5,08:00,14:15,375
33,2026-04-14,1,6,09:30,19:54,624
52,2026-04-14,1,5,05:45,15:45,600
54,2026-04-14,1,5,09:30,14:30,300
55,2026-04-14,1,3,15:45,22:17,392
56,2026-04-14,1,4,17:00,21:53,293
58,2026-04-14,1,6,06:15,13:00,405
59,2026-04-14,1,1,09:25,09:25,0
7,2026-04-15,0,2,10:31,19:59,568
26,2026-04-15,1,5,09:30,15:40,370
27,2026-04-15,0,3,09:23,10:27,64
31,2026-04-15,1,6,09:00,23:44,884
32,2026-04-15,1,5,08:00,19:49,709
46,2026-04-15,1,5,07:30,13:39,369
49,2026-04-15,1,4,10:20,19:35,555
51,2026-04-15,1,5,09:00,20:28,688
52,2026-04-15,1,4,09:15,14:42,327
56,2026-04-15,1,6,09:32,19:44,612
57,2026-04-15,1,6,09:00,20:04,664
58,2026-04-15,1,4,08:30,16:00,450
59,2026-04-15,1,5,08:50,18:31,581
26,2026-04-16,1,6,05:30,14:45,555
27,2026-04-16,0,2,09:16,10:05,49
29,2026-04-16,0,3,08:59,09:46,47
32,2026-04-16,1,7,05:57,15:45,588
33,2026-04-16,1,5,05:30,15:00,570
46,2026-04-16,1,7,06:05,16:25,620
48,2026-04-16,1,6,07:00,15:00,480
49,2026-04-16,1,7,09:30,20:09,639
51,2026-04-16,1,6,06:45,16:45,600
52,2026-04-16,1,6,05:45,15:00,555
54,2026-04-16,1,6,06:00,16:28,628
55,2026-04-16,1,1,10:30,10:30,0
56,2026-04-16,1,5,06:00,14:24,504
57,2026-04-16,1,5,08:45,16:00,435
58,2026-04-16,1,6,10:00,18:35,515
6,2026-04-17,1,1,18:30,18:30,0
7,2026-04-17,0,2,08:13,13:42,329
8,2026-04-17,0,2,08:45,10:30,105
13,2026-04-17,0,1,08:45,08:45,0
26,2026-04-17,1,6,04:00,13:00,540
27,2026-04-17,0,13,09:00,23:59,899
29,2026-04-17,0,4,07:30,23:51,981
30,2026-04-17,0,1,20:00,20:00,0
32,2026-04-17,1,7,08:45,22:58,853
33,2026-04-17,1,5,05:30,15:00,570
34,2026-04-17,1,3,17:47,23:12,325
38,2026-04-17,1,4,04:45,11:00,375
48,2026-04-17,1,6,04:05,14:49,644
49,2026-04-17,1,8,08:30,23:30,900
51,2026-04-17,1,7,04:45,15:40,655
54,2026-04-17,1,5,05:00,16:15,675
55,2026-04-17,1,7,09:00,19:31,631
56,2026-04-17,1,5,04:45,14:21,576
57,2026-04-17,1,7,05:45,18:03,738
58,2026-04-17,1,6,00:15,18:53,1118
59,2026-04-17,1,5,04:30,11:48,438
7,2026-04-18,0,5,08:30,21:17,767
8,2026-04-18,0,2,12:20,14:01,101
13,2026-04-18,0,1,09:00,09:00,0
19,2026-04-18,0,4,08:20,18:02,582
26,2026-04-18,1,5,05:00,13:45,525
27,2026-04-18,0,11,08:16,22:53,877
29,2026-04-18,0,5,08:40,14:33,353
30,2026-04-18,0,3,08:56,20:13,677
32,2026-04-18,1,7,07:30,20:00,750
33,2026-04-18,1,5,07:15,15:00,465
34,2026-04-18,1,5,09:30,20:19,649
48,2026-04-18,1,7,04:30,14:45,615
49,2026-04-18,1,5,09:00,15:15,375
52,2026-04-18,1,6,04:45,15:40,655
55,2026-04-18,1,5,08:45,19:43,658
56,2026-04-18,1,9,07:30,22:15,885
57,2026-04-18,1,8,04:30,17:00,750
58,2026-04-18,1,4,09:15,15:55,400
59,2026-04-18,1,5,09:00,19:30,630
61,2026-04-18,1,7,05:30,18:12,762
5,2026-04-19,0,2,09:00,10:35,95
7,2026-04-19,0,3,08:00,15:31,451
8,2026-04-19,0,1,11:22,11:22,0
13,2026-04-19,0,1,10:30,10:30,0
19,2026-04-19,0,1,09:18,09:18,0
24,2026-04-19,0,1,12:45,12:45,0
26,2026-04-19,1,7,04:30,13:00,510
27,2026-04-19,0,8,07:57,15:25,448
29,2026-04-19,0,1,23:59,23:59,0
30,2026-04-19,0,2,09:08,15:58,410
32,2026-04-19,1,5,08:19,17:20,541
33,2026-04-19,1,5,04:00,14:00,600
34,2026-04-19,1,6,07:56,16:51,535
46,2026-04-19,1,6,06:00,15:00,540
49,2026-04-19,1,7,08:30,18:48,618
51,2026-04-19,1,8,06:00,19:00,780
55,2026-04-19,1,6,08:30,20:39,729
56,2026-04-19,1,6,08:30,17:52,562
57,2026-04-19,1,7,05:00,17:45,765
59,2026-04-19,1,7,06:30,17:05,635
61,2026-04-19,1,7,08:00,20:35,755
7,2026-04-20,0,3,08:00,13:53,353
26,2026-04-20,1,5,07:30,14:01,391
27,2026-04-20,0,6,08:00,13:53,353
29,2026-04-20,0,1,08:15,08:15,0
33,2026-04-20,1,3,07:40,12:00,260
35,2026-04-20,1,3,07:30,14:05,395
38,2026-04-20,1,4,03:00,14:30,690
46,2026-04-20,1,7,07:00,16:30,570
51,2026-04-20,1,8,07:30,19:00,690
52,2026-04-20,1,5,08:30,15:41,431
54,2026-04-20,1,5,03:30,14:51,681
55,2026-04-20,1,6,08:30,21:52,802
56,2026-04-20,1,7,07:50,23:15,925
58,2026-04-20,1,6,08:00,21:44,824
59,2026-04-20,1,5,07:00,14:51,471
8,2026-04-21,0,1,11:47,11:47,0
26,2026-04-21,1,5,05:00,13:00,480
33,2026-04-21,1,6,06:30,19:45,795
38,2026-04-21,1,4,06:30,13:34,424
46,2026-04-21,1,6,07:00,15:47,527
51,2026-04-21,1,6,09:18,22:00,762
52,2026-04-21,1,4,07:30,13:41,371
54,2026-04-21,1,6,10:14,19:34,560
57,2026-04-21,1,4,06:30,12:57,387
58,2026-04-21,1,5,07:30,18:17,647
7,2026-04-22,0,1,09:31,09:31,0
26,2026-04-22,1,8,03:30,16:15,765
27,2026-04-22,0,3,09:05,15:04,359
29,2026-04-22,0,1,02:30,02:30,0
31,2026-04-22,1,7,08:15,22:31,856
32,2026-04-22,1,6,08:43,19:55,672
38,2026-04-22,1,7,07:30,18:15,645
46,2026-04-22,1,5,06:15,15:28,553
51,2026-04-22,1,5,10:44,23:59,795
55,2026-04-22,1,7,07:30,17:29,599
56,2026-04-22,1,8,05:30,18:41,791
57,2026-04-22,1,7,05:30,11:45,375
58,2026-04-22,1,6,07:30,18:46,676
59,2026-04-22,1,5,06:30,16:45,615
7,2026-04-23,0,3,10:01,22:55,774
26,2026-04-23,1,6,07:00,15:45,525
27,2026-04-23,0,5,11:00,23:12,732
29,2026-04-23,0,7,10:31,22:53,742
30,2026-04-23,0,2,14:01,18:00,239
32,2026-04-23,1,5,11:44,22:55,671
33,2026-04-23,1,5,06:07,13:31,444
38,2026-04-23,1,7,04:00,16:30,750
46,2026-04-23,1,6,08:39,17:04,505
48,2026-04-23,1,6,03:00,12:25,565
51,2026-04-23,1,7,09:35,18:34,539
52,2026-04-23,1,2,10:00,11:40,100
54,2026-04-23,1,4,14:44,21:37,413
55,2026-04-23,1,5,11:30,22:13,643
56,2026-04-23,1,6,06:00,17:45,705
57,2026-04-23,1,6,09:12,20:51,699
58,2026-04-23,1,6,09:00,20:16,676
7,2026-04-24,0,2,08:45,13:00,255
8,2026-04-24,0,2,07:50,13:23,333
26,2026-04-24,1,5,04:35,11:57,442
27,2026-04-24,0,13,08:00,23:59,959
29,2026-04-24,0,5,09:00,13:29,269
30,2026-04-24,0,2,08:30,12:48,258
33,2026-04-24,1,8,06:30,16:09,579
34,2026-04-24,1,5,07:15,16:00,525
35,2026-04-24,1,1,17:00,17:00,0
38,2026-04-24,1,7,07:30,19:45,735
48,2026-04-24,1,8,05:30,16:15,645
51,2026-04-24,1,6,07:30,16:17,527
54,2026-04-24,1,4,18:30,23:21,291
55,2026-04-24,1,6,11:46,21:10,564
56,2026-04-24,1,7,08:30,18:21,591
57,2026-04-24,1,8,07:00,17:46,646
58,2026-04-24,1,4,09:00,18:27,567
59,2026-04-24,1,4,06:30,12:30,360
5,2026-04-25,0,3,08:44,13:59,315
7,2026-04-25,0,4,08:15,14:37,382
8,2026-04-25,0,2,09:40,13:10,210
19,2026-04-25,0,9,09:30,14:37,307
24,2026-04-25,0,1,13:09,13:09,0
26,2026-04-25,1,7,04:15,15:00,645
27,2026-04-25,0,13,08:43,18:49,606
29,2026-04-25,0,17,08:13,14:26,373
30,2026-04-25,0,3,09:40,14:02,262
33,2026-04-25,1,8,03:30,16:30,780
34,2026-04-25,1,2,13:10,15:04,114
35,2026-04-25,1,5,09:00,16:17,437
38,2026-04-25,1,3,08:00,11:05,185
41,2026-04-25,0,2,10:10,12:45,155
48,2026-04-25,1,7,05:00,14:44,584
52,2026-04-25,1,8,04:30,14:06,576
55,2026-04-25,1,5,08:30,13:45,315
56,2026-04-25,1,10,09:30,23:35,845
57,2026-04-25,1,8,06:30,17:00,630
58,2026-04-25,1,8,06:30,19:48,798
59,2026-04-25,1,8,06:30,17:21,651
61,2026-04-25,1,6,07:27,18:40,673
5,2026-04-26,0,2,08:30,12:18,228
7,2026-04-26,0,5,07:00,14:25,445
8,2026-04-26,0,1,10:15,10:15,0
19,2026-04-26,0,4,09:17,14:45,328
26,2026-04-26,1,7,06:00,17:30,690
27,2026-04-26,0,12,06:30,15:01,511
29,2026-04-26,0,9,08:31,11:47,196
30,2026-04-26,0,4,07:02,14:44,462
33,2026-04-26,1,6,06:30,21:00,870
34,2026-04-26,1,5,12:00,22:57,657
38,2026-04-26,1,7,05:15,16:52,697
46,2026-04-26,1,6,08:00,16:48,528
51,2026-04-26,1,8,08:00,22:19,859
54,2026-04-26,1,2,12:56,15:39,163
55,2026-04-26,1,7,06:45,15:17,512
56,2026-04-26,1,8,07:03,21:00,837
57,2026-04-26,1,6,07:00,16:15,555
58,2026-04-26,1,7,07:00,19:00,720
59,2026-04-26,1,9,05:00,17:16,736
61,2026-04-26,1,6,06:00,16:00,600
7,2026-04-27,0,2,08:39,16:17,458
8,2026-04-27,0,1,08:59,08:59,0
19,2026-04-27,0,1,07:27,07:27,0
26,2026-04-27,1,4,07:00,14:30,450
27,2026-04-27,0,5,08:26,22:58,872
29,2026-04-27,0,3,08:49,09:57,68
30,2026-04-27,0,1,09:22,09:22,0
31,2026-04-27,1,4,07:50,14:26,396
33,2026-04-27,1,6,06:10,12:45,395
34,2026-04-27,1,4,09:30,15:30,360
38,2026-04-27,1,4,07:30,13:18,348
46,2026-04-27,1,7,07:00,16:17,557
51,2026-04-27,1,7,09:00,21:30,750
52,2026-04-27,1,4,06:10,12:53,403
54,2026-04-27,1,5,08:00,17:00,540
56,2026-04-27,1,7,08:45,20:13,688
57,2026-04-27,1,6,08:45,21:30,765
58,2026-04-27,1,4,08:30,17:15,525
59,2026-04-27,1,4,09:30,16:30,420
7,2026-04-28,0,1,13:06,13:06,0
8,2026-04-28,0,1,16:49,16:49,0
13,2026-04-28,0,1,16:37,16:37,0
26,2026-04-28,1,5,06:00,15:00,540
27,2026-04-28,0,1,17:22,17:22,0
29,2026-04-28,0,1,13:28,13:28,0
31,2026-04-28,1,3,10:30,14:15,225
32,2026-04-28,1,6,06:00,16:45,645
38,2026-04-28,1,5,06:20,17:00,640
46,2026-04-28,1,6,07:00,15:46,526
51,2026-04-28,1,4,06:20,11:55,335
52,2026-04-28,1,6,07:00,14:38,458
54,2026-04-28,1,6,10:15,22:41,746
55,2026-04-28,1,4,10:30,16:58,388
56,2026-04-28,1,6,09:30,21:21,711
58,2026-04-28,1,8,06:55,17:32,637
59,2026-04-28,1,5,07:45,16:11,506
7,2026-04-29,0,2,09:45,16:34,409
26,2026-04-29,1,6,06:00,15:30,570
27,2026-04-29,0,4,12:24,22:01,577
29,2026-04-29,0,2,10:39,17:09,390
30,2026-04-29,0,1,10:00,10:00,0
31,2026-04-29,1,6,06:15,17:41,686
32,2026-04-29,1,8,03:30,19:54,984
35,2026-04-29,1,7,09:30,20:31,661
38,2026-04-29,1,3,18:00,22:01,241
46,2026-04-29,1,6,06:45,14:58,493
51,2026-04-29,1,6,07:00,17:39,639
52,2026-04-29,1,7,06:30,17:20,650
58,2026-04-29,1,4,06:00,12:30,390
7,2026-04-30,0,2,09:18,12:48,210
8,2026-04-30,0,1,20:39,20:39,0
26,2026-04-30,1,4,04:30,09:30,300
27,2026-04-30,0,10,09:07,21:57,770
29,2026-04-30,0,3,10:00,18:55,535
32,2026-04-30,1,6,10:00,20:00,600
33,2026-04-30,1,6,11:12,18:30,438
34,2026-04-30,1,3,18:00,22:45,285
38,2026-04-30,1,3,18:30,22:19,229
46,2026-04-30,1,6,09:15,17:20,485
48,2026-04-30,1,6,06:30,14:52,502
51,2026-04-30,1,7,08:57,18:40,583
52,2026-04-30,1,4,04:30,11:12,402
54,2026-04-30,1,5,10:21,21:21,660
56,2026-04-30,1,6,09:01,20:43,702
58,2026-04-30,1,6,10:00,22:32,752
59,2026-04-30,1,5,09:15,16:34,439
63,2026-04-30,1,3,09:40,13:34,234
7,2026-05-01,0,5,06:45,15:15,510
19,2026-05-01,0,4,09:22,16:00,398
27,2026-05-01,0,11,09:30,16:30,420
29,2026-05-01,0,10,03:00,18:06,906
30,2026-05-01,0,3,16:00,18:30,150
32,2026-05-01,1,7,06:45,16:45,600
35,2026-05-01,1,5,06:30,17:00,630
48,2026-05-01,1,9,05:00,15:05,605
51,2026-05-01,1,7,04:00,16:00,720
52,2026-05-01,1,3,09:00,11:59,179
54,2026-05-01,1,4,08:45,14:30,345
55,2026-05-01,1,4,10:00,16:36,396
56,2026-05-01,1,7,06:45,18:07,682
58,2026-05-01,1,7,07:30,15:33,483
59,2026-05-01,1,7,08:00,18:58,658
63,2026-05-01,1,4,06:30,17:15,645
5,2026-05-02,0,2,11:07,15:03,236
6,2026-05-02,1,1,13:13,13:13,0
7,2026-05-02,0,5,08:48,23:52,904
13,2026-05-02,0,1,13:34,13:34,0
19,2026-05-02,0,9,09:00,18:35,575
24,2026-05-02,0,3,09:30,13:18,228
26,2026-05-02,1,7,06:45,17:00,615
27,2026-05-02,0,20,09:15,19:41,626
29,2026-05-02,0,20,08:30,20:16,706
30,2026-05-02,0,2,11:45,18:13,388
32,2026-05-02,1,7,06:50,17:31,641
34,2026-05-02,1,7,09:00,17:20,500
35,2026-05-02,1,6,09:00,17:15,495
44,2026-05-02,0,2,15:25,23:27,482
48,2026-05-02,1,6,05:30,14:46,556
52,2026-05-02,1,6,08:30,17:30,540
55,2026-05-02,1,6,06:30,18:58,748
56,2026-05-02,1,6,07:00,18:27,687
57,2026-05-02,1,7,08:30,18:00,570
58,2026-05-02,1,8,06:00,18:51,771
59,2026-05-02,1,6,08:15,20:06,711
61,2026-05-02,1,8,05:15,15:36,621
63,2026-05-02,1,4,07:50,15:25,455
5,2026-05-03,0,1,12:51,12:51,0
7,2026-05-03,0,3,10:08,17:15,427
19,2026-05-03,0,4,08:07,20:05,718
26,2026-05-03,1,8,05:00,15:58,658
27,2026-05-03,0,17,08:18,16:10,472
29,2026-05-03,0,8,08:53,16:45,472
30,2026-05-03,0,3,10:56,15:40,284
32,2026-05-03,1,9,06:30,18:13,703
34,2026-05-03,1,7,09:15,20:35,680
38,2026-05-03,1,7,06:01,18:00,719
46,2026-05-03,1,7,07:00,15:05,485
51,2026-05-03,1,8,06:00,18:00,720
55,2026-05-03,1,5,08:20,19:05,645
56,2026-05-03,1,8,07:00,18:35,695
57,2026-05-03,1,8,06:00,16:30,630
59,2026-05-03,1,10,07:00,19:00,720
61,2026-05-03,1,8,05:30,17:30,720
7,2026-05-04,0,2,09:15,11:15,120
19,2026-05-04,0,1,10:38,10:38,0
24,2026-05-04,0,1,07:30,07:30,0
27,2026-05-04,0,5,09:06,19:42,636
29,2026-05-04,0,3,09:42,10:46,64
32,2026-05-04,1,6,07:00,17:00,600
33,2026-05-04,1,5,06:30,12:22,352
34,2026-05-04,1,4,08:30,16:05,455
46,2026-05-04,1,6,06:30,15:50,560
51,2026-05-04,1,5,03:00,10:00,420
52,2026-05-04,1,5,08:15,18:28,613
53,2026-05-04,1,6,06:30,16:20,590
54,2026-05-04,1,6,05:30,15:21,591
55,2026-05-04,1,2,07:00,09:30,150
56,2026-05-04,1,7,06:00,16:30,630
57,2026-05-04,1,7,05:00,14:00,540
58,2026-05-04,1,7,08:45,20:02,677
59,2026-05-04,1,3,07:30,10:00,150
26,2026-05-05,1,5,08:38,18:25,587
27,2026-05-05,0,1,21:28,21:28,0
32,2026-05-05,1,7,07:30,17:30,600
33,2026-05-05,1,5,04:45,12:30,465
46,2026-05-05,1,5,09:42,15:34,352
51,2026-05-05,1,5,08:30,14:30,360
52,2026-05-05,1,7,06:46,16:48,602
53,2026-05-05,1,7,11:45,22:51,666
54,2026-05-05,1,7,09:49,22:03,734
58,2026-05-05,1,4,08:30,16:00,450
5,2026-05-06,0,2,08:07,13:47,340
7,2026-05-06,0,2,11:15,15:51,276
26,2026-05-06,1,5,08:30,14:51,381
27,2026-05-06,0,8,09:46,22:20,754
29,2026-05-06,0,4,08:20,13:56,336
32,2026-05-06,1,7,06:00,17:55,715
34,2026-05-06,1,1,21:04,21:04,0
38,2026-05-06,1,4,07:45,16:30,525
46,2026-05-06,1,6,08:08,16:42,514
51,2026-05-06,1,5,05:31,13:02,451
52,2026-05-06,1,4,09:30,16:42,432
53,2026-05-06,1,5,08:30,19:04,634
55,2026-05-06,1,6,07:45,17:20,575
56,2026-05-06,1,6,07:30,21:55,865
57,2026-05-06,1,6,08:00,17:30,570
58,2026-05-06,1,7,08:55,19:04,609
59,2026-05-06,1,5,08:45,16:39,474
7,2026-05-07,0,3,08:31,13:50,319
26,2026-05-07,1,4,05:30,14:00,510
27,2026-05-07,0,4,09:20,14:00,280
32,2026-05-07,1,6,07:57,19:30,693
33,2026-05-07,1,4,10:00,17:10,430
38,2026-05-07,1,4,15:45,23:57,492
46,2026-05-07,1,5,08:30,17:30,540
48,2026-05-07,1,7,06:00,15:48,588
52,2026-05-07,1,4,08:15,12:55,280
53,2026-05-07,1,2,07:30,10:26,176
54,2026-05-07,1,5,05:00,13:26,506
56,2026-05-07,1,6,09:30,19:50,620
57,2026-05-07,1,5,05:30,13:50,500
58,2026-05-07,1,7,08:53,21:28,755
63,2026-05-07,1,2,08:49,12:23,214
7,2026-05-08,0,3,10:00,15:59,359
8,2026-05-08,0,1,09:15,09:15,0
26,2026-05-08,1,6,05:00,14:29,569
27,2026-05-08,0,7,09:14,11:30,136
29,2026-05-08,0,5,09:08,11:25,137
32,2026-05-08,1,8,06:00,17:00,660
33,2026-05-08,1,5,06:00,16:59,659
38,2026-05-08,1,3,09:30,16:40,430
48,2026-05-08,1,8,04:01,15:45,704
53,2026-05-08,1,6,09:28,19:45,617
54,2026-05-08,1,6,11:00,19:04,484
55,2026-05-08,1,4,08:46,18:51,605
56,2026-05-08,1,8,10:00,23:25,805
57,2026-05-08,1,8,06:15,19:00,765
58,2026-05-08,1,5,06:45,18:21,696
59,2026-05-08,1,6,08:15,22:03,828
7,2026-05-09,0,4,09:00,16:13,433
8,2026-05-09,0,4,09:19,21:00,701
19,2026-05-09,0,6,08:40,12:50,250
26,2026-05-09,1,9,05:00,18:48,828
27,2026-05-09,0,18,08:04,22:40,876
29,2026-05-09,0,12,08:42,14:13,331
30,2026-05-09,0,5,09:45,16:26,401
32,2026-05-09,1,7,09:30,23:59,869
33,2026-05-09,1,8,07:30,18:26,656
34,2026-05-09,1,7,08:20,22:10,830
38,2026-05-09,1,6,04:30,13:30,540
48,2026-05-09,1,10,04:00,15:58,718
50,2026-05-09,1,2,10:12,11:43,91
52,2026-05-09,1,6,07:15,15:36,501
53,2026-05-09,1,7,07:30,17:10,580
55,2026-05-09,1,8,07:15,15:52,517
56,2026-05-09,1,8,07:00,17:02,602
57,2026-05-09,1,7,05:00,17:00,720
58,2026-05-09,1,7,05:30,15:29,599
59,2026-05-09,1,7,08:00,17:08,548
6,2026-05-10,1,1,16:10,16:10,0
7,2026-05-10,0,5,07:23,18:49,686
8,2026-05-10,0,1,11:55,11:55,0
19,2026-05-10,0,5,09:54,16:52,418
26,2026-05-10,1,8,05:00,17:52,772
27,2026-05-10,0,18,04:45,17:48,783
29,2026-05-10,0,12,08:49,14:00,311
30,2026-05-10,0,5,08:30,13:41,311
32,2026-05-10,1,5,06:30,15:00,510
33,2026-05-10,1,5,09:00,17:19,499
34,2026-05-10,1,6,08:00,16:46,526
44,2026-05-10,0,3,09:09,11:28,139
46,2026-05-10,1,7,06:00,15:35,575
53,2026-05-10,1,5,08:00,14:12,372
55,2026-05-10,1,6,08:55,16:47,472
56,2026-05-10,1,8,08:30,23:36,906
57,2026-05-10,1,7,03:30,14:30,660
59,2026-05-10,1,9,04:30,17:18,768
26,2026-05-11,1,6,04:45,14:10,565
27,2026-05-11,0,9,10:00,17:00,420
32,2026-05-11,1,6,06:30,17:06,636
33,2026-05-11,1,3,10:06,13:00,174
34,2026-05-11,1,5,09:01,16:45,464
46,2026-05-11,1,8,06:00,16:39,639
51,2026-05-11,1,3,10:22,16:10,348
52,2026-05-11,1,5,09:00,17:06,486
53,2026-05-11,1,7,05:30,16:00,630
54,2026-05-11,1,8,08:30,18:30,600
56,2026-05-11,1,4,09:15,14:30,315
57,2026-05-11,1,6,10:00,18:00,480
58,2026-05-11,1,6,10:15,18:26,491
59,2026-05-11,1,4,05:00,16:30,690
26,2026-05-12,1,6,03:30,16:00,750
27,2026-05-12,0,2,11:30,15:47,257
29,2026-05-12,0,2,11:11,12:31,80
32,2026-05-12,1,5,09:30,19:32,602
33,2026-05-12,1,6,11:00,19:43,523
46,2026-05-12,1,7,06:00,16:47,647
51,2026-05-12,1,3,09:07,14:20,313
52,2026-05-12,1,5,09:30,16:00,390
53,2026-05-12,1,6,04:15,14:30,615
54,2026-05-12,1,4,08:45,13:27,282
58,2026-05-12,1,3,18:43,23:59,316
59,2026-05-12,1,4,10:20,13:58,218
26,2026-05-13,1,4,04:15,10:38,383
27,2026-05-13,0,3,19:19,20:31,72
29,2026-05-13,0,2,10:45,11:06,21
32,2026-05-13,1,6,10:02,21:59,717
38,2026-05-13,1,6,09:00,21:00,720
46,2026-05-13,1,3,08:30,11:14,164
52,2026-05-13,1,6,06:00,14:26,506
55,2026-05-13,1,5,09:00,20:04,664
56,2026-05-13,1,1,08:00,08:00,0
57,2026-05-13,1,5,10:40,22:51,731
58,2026-05-13,1,5,09:49,23:00,791
26,2026-05-14,1,5,04:30,12:00,450
27,2026-05-14,0,3,09:34,10:26,52
32,2026-05-14,1,4,10:00,17:45,465
33,2026-05-14,1,5,05:15,13:34,499
46,2026-05-14,1,6,06:30,15:26,536
48,2026-05-14,1,4,03:30,09:31,361
52,2026-05-14,1,4,10:30,15:40,310
53,2026-05-14,1,5,09:29,19:36,607
54,2026-05-14,1,4,09:28,19:12,584
55,2026-05-14,1,4,09:06,15:02,356
56,2026-05-14,1,6,10:15,21:18,663
57,2026-05-14,1,6,10:00,18:00,480
58,2026-05-14,1,4,12:55,21:18,503
59,2026-05-14,1,2,17:50,21:58,248
8,2026-05-15,0,3,09:21,21:39,738
26,2026-05-15,1,4,08:00,14:50,410
27,2026-05-15,0,15,08:30,23:59,929
29,2026-05-15,0,11,08:30,19:44,674
32,2026-05-15,1,9,06:30,20:15,825
33,2026-05-15,1,5,08:00,17:10,550
38,2026-05-15,1,4,08:45,16:30,465
48,2026-05-15,1,9,04:30,18:00,810
51,2026-05-15,1,7,03:45,14:00,615
52,2026-05-15,1,2,09:00,10:30,90
53,2026-05-15,1,5,06:30,16:30,600
54,2026-05-15,1,5,07:30,17:01,571
55,2026-05-15,1,6,08:05,16:58,533
56,2026-05-15,1,4,09:00,17:09,489
57,2026-05-15,1,7,07:00,20:17,797
58,2026-05-15,1,8,08:00,21:06,786
59,2026-05-15,1,2,17:35,20:03,148
4,2026-05-16,0,3,09:30,17:41,491
7,2026-05-16,0,5,09:30,18:00,510
19,2026-05-16,0,9,09:21,16:24,423
26,2026-05-16,1,9,04:15,17:00,765
27,2026-05-16,0,19,06:30,17:00,630
29,2026-05-16,0,10,00:02,16:24,982
30,2026-05-16,0,3,09:34,17:26,472
32,2026-05-16,1,9,05:30,19:36,846
33,2026-05-16,1,9,03:45,16:45,780
34,2026-05-16,1,4,12:02,20:15,493
48,2026-05-16,1,8,03:00,15:45,765
52,2026-05-16,1,8,05:00,15:50,650
53,2026-05-16,1,8,04:00,16:13,733
55,2026-05-16,1,7,04:30,17:00,750
56,2026-05-16,1,10,07:00,19:41,761
57,2026-05-16,1,8,05:00,16:00,660
58,2026-05-16,1,6,09:45,18:15,510
59,2026-05-16,1,7,09:07,20:07,660
62,2026-05-16,1,4,09:30,14:30,300
7,2026-05-17,0,6,03:30,17:13,823
26,2026-05-17,1,8,03:30,13:23,593
27,2026-05-17,0,6,07:48,16:25,517
29,2026-05-17,0,9,07:45,14:01,376
30,2026-05-17,0,1,13:28,13:28,0
32,2026-05-17,1,9,06:30,18:30,720
33,2026-05-17,1,7,06:30,17:30,660
34,2026-05-17,1,5,09:00,15:00,360
38,2026-05-17,1,10,06:00,18:00,720
46,2026-05-17,1,7,06:00,15:00,540
51,2026-05-17,1,7,06:45,18:00,675
53,2026-05-17,1,8,04:00,16:30,750
55,2026-05-17,1,5,08:58,15:25,387
56,2026-05-17,1,6,08:30,16:48,498
57,2026-05-17,1,5,07:30,17:00,570
58,2026-05-17,1,7,06:45,18:00,675
59,2026-05-17,1,7,07:00,16:59,599
60,2026-05-17,0,1,08:31,08:31,0
63,2026-05-17,1,2,20:00,23:00,180
27,2026-05-18,0,4,08:55,19:58,663
30,2026-05-18,0,1,19:29,19:29,0
32,2026-05-18,1,8,00:53,21:37,1244
33,2026-05-18,1,6,06:00,13:40,460
34,2026-05-18,1,5,08:26,17:37,551
46,2026-05-18,1,7,07:20,15:49,509
51,2026-05-18,1,5,09:30,19:00,570
52,2026-05-18,1,5,05:00,12:56,476
53,2026-05-18,1,6,05:30,16:03,633
54,2026-05-18,1,6,07:55,18:34,639
55,2026-05-18,1,4,08:00,12:54,294
56,2026-05-18,1,5,07:35,16:45,550
57,2026-05-18,1,4,07:00,13:00,360
59,2026-05-18,1,4,09:19,19:33,614
62,2026-05-18,1,1,10:00,10:00,0
33,2026-05-19,1,5,05:00,12:47,467
38,2026-05-19,1,4,05:30,13:07,457
46,2026-05-19,1,4,09:00,16:35,455
51,2026-05-19,1,5,09:30,23:21,831
53,2026-05-19,1,5,05:00,20:32,932
54,2026-05-19,1,4,10:03,15:20,317
58,2026-05-19,1,6,09:15,18:30,555
59,2026-05-19,1,3,09:36,18:19,523
63,2026-05-19,1,3,09:26,17:29,483
27,2026-05-20,0,4,00:11,23:56,1425
32,2026-05-20,1,5,07:30,13:11,341
34,2026-05-20,1,6,09:00,18:52,592
38,2026-05-20,1,7,04:00,15:13,673
46,2026-05-20,1,6,07:00,14:08,428
51,2026-05-20,1,6,08:32,23:59,927
52,2026-05-20,1,5,08:00,13:45,345
53,2026-05-20,1,7,07:00,19:00,720
56,2026-05-20,1,8,08:00,20:42,762
57,2026-05-20,1,7,08:00,17:34,574
58,2026-05-20,1,6,07:00,19:14,734
59,2026-05-20,1,5,08:36,19:16,640
62,2026-05-20,1,6,08:30,17:21,531
63,2026-05-20,1,3,12:46,22:53,607
7,2026-05-21,0,3,07:46,15:00,434
27,2026-05-21,0,5,08:43,10:00,77
29,2026-05-21,0,1,08:40,08:40,0
30,2026-05-21,0,1,08:38,08:38,0
32,2026-05-21,1,6,08:30,16:27,477
33,2026-05-21,1,4,05:00,14:21,561
38,2026-05-21,1,3,18:00,23:46,346
46,2026-05-21,1,7,06:00,15:04,544
48,2026-05-21,1,8,04:00,14:51,651
51,2026-05-21,1,6,00:40,22:26,1306
52,2026-05-21,1,6,08:00,15:47,467
53,2026-05-21,1,6,08:15,17:58,583
54,2026-05-21,1,5,07:30,17:30,600
55,2026-05-21,1,2,21:18,23:38,140
56,2026-05-21,1,6,07:45,17:30,585
57,2026-05-21,1,6,08:30,22:20,830
58,2026-05-21,1,4,08:15,13:22,307
59,2026-05-21,1,3,07:31,15:47,496
62,2026-05-21,1,7,01:41,20:29,1128
63,2026-05-21,1,3,19:17,23:25,248
7,2026-05-22,0,1,05:52,05:52,0
27,2026-05-22,0,6,08:30,20:43,733
29,2026-05-22,0,7,08:08,18:20,612
33,2026-05-22,1,9,08:00,22:20,860
34,2026-05-22,1,5,08:38,19:21,643
38,2026-05-22,1,8,07:06,20:06,780
48,2026-05-22,1,6,05:30,16:03,633
51,2026-05-22,1,9,07:30,23:09,939
52,2026-05-22,1,4,06:00,10:48,288
53,2026-05-22,1,7,05:45,16:46,661
54,2026-05-22,1,4,08:30,17:00,510
55,2026-05-22,1,3,16:41,22:42,361
56,2026-05-22,1,6,08:30,22:00,810
57,2026-05-22,1,4,08:00,12:00,240
58,2026-05-22,1,9,03:30,16:00,750
59,2026-05-22,1,4,06:30,16:54,624
62,2026-05-22,1,4,11:30,22:24,654
6,2026-05-23,1,1,19:00,19:00,0
7,2026-05-23,0,3,09:15,13:00,225
27,2026-05-23,0,7,08:00,12:10,250
29,2026-05-23,0,6,08:45,13:13,268
30,2026-05-23,0,1,09:30,09:30,0
33,2026-05-23,1,8,08:00,23:23,923
34,2026-05-23,1,5,09:00,18:26,566
35,2026-05-23,1,4,09:30,22:51,801
48,2026-05-23,1,8,04:45,14:06,561
51,2026-05-23,1,4,13:51,20:16,385
52,2026-05-23,1,6,05:19,18:42,803
53,2026-05-23,1,9,05:00,16:35,695
55,2026-05-23,1,5,09:10,20:03,653
56,2026-05-23,1,10,07:00,20:33,813
57,2026-05-23,1,8,05:00,17:10,730
58,2026-05-23,1,7,05:00,17:00,720
59,2026-05-23,1,7,07:00,22:03,903
62,2026-05-23,1,5,09:00,20:01,661
63,2026-05-23,1,4,04:15,11:00,405
7,2026-05-24,0,4,11:30,21:01,571
8,2026-05-24,0,2,09:00,22:45,825
27,2026-05-24,0,5,08:30,11:03,153
29,2026-05-24,0,12,09:00,22:49,829
30,2026-05-24,0,3,09:00,22:45,825
32,2026-05-24,1,8,08:15,23:59,944
33,2026-05-24,1,5,09:00,19:47,647
34,2026-05-24,1,1,08:30,08:30,0
46,2026-05-24,1,7,06:15,16:45,630
51,2026-05-24,1,7,07:45,22:20,875
52,2026-05-24,1,5,07:30,15:41,491
53,2026-05-24,1,7,03:45,15:31,706
55,2026-05-24,1,7,09:00,19:20,620
56,2026-05-24,1,6,08:15,15:50,455
57,2026-05-24,1,7,04:40,19:11,871
58,2026-05-24,1,8,05:00,16:30,690
59,2026-05-24,1,6,08:30,18:27,597
62,2026-05-24,1,5,09:00,20:59,719
7,2026-05-25,0,2,08:54,10:28,94
27,2026-05-25,0,7,10:09,17:48,459
29,2026-05-25,0,6,08:45,19:22,637
32,2026-05-25,1,9,09:00,19:27,627
33,2026-05-25,1,5,05:45,15:30,585
46,2026-05-25,1,8,06:45,16:35,590
51,2026-05-25,1,5,12:36,23:23,647
52,2026-05-25,1,9,04:00,16:49,769
53,2026-05-25,1,6,08:00,17:54,594
54,2026-05-25,1,7,04:30,15:00,630
55,2026-05-25,1,4,10:05,17:02,417
57,2026-05-25,1,4,06:00,11:30,330
58,2026-05-25,1,7,04:00,14:45,645
59,2026-05-25,1,8,06:00,18:35,755
62,2026-05-25,1,4,07:29,15:00,451
65,2026-05-25,1,6,09:00,18:50,590
6,2026-05-26,1,1,09:35,09:35,0
7,2026-05-26,0,1,09:37,09:37,0
27,2026-05-26,0,8,08:13,19:04,651
32,2026-05-26,1,8,06:30,20:19,829
33,2026-05-26,1,4,05:00,15:49,649
38,2026-05-26,1,4,05:30,14:54,564
46,2026-05-26,1,6,06:45,17:45,660
51,2026-05-26,1,7,10:00,20:00,600
53,2026-05-26,1,6,06:30,15:32,542
54,2026-05-26,1,7,09:30,22:01,751
55,2026-05-26,1,6,06:34,17:00,626
58,2026-05-26,1,6,08:30,19:04,634
59,2026-05-26,1,4,08:48,14:46,358
62,2026-05-26,1,4,10:27,17:58,451
64,2026-05-26,1,7,09:23,23:09,826
65,2026-05-26,1,5,08:48,18:03,555
7,2026-05-27,0,1,09:45,09:45,0
8,2026-05-27,0,1,16:35,16:35,0
27,2026-05-27,0,6,09:32,16:12,400
30,2026-05-27,0,1,11:07,11:07,0
32,2026-05-27,1,5,07:15,17:14,599
38,2026-05-27,1,7,08:12,21:33,801
46,2026-05-27,1,4,07:00,16:15,555
51,2026-05-27,1,6,07:30,17:38,608
53,2026-05-27,1,5,07:03,14:00,417
55,2026-05-27,1,6,11:30,23:02,692
56,2026-05-27,1,7,09:30,23:17,827
57,2026-05-27,1,5,07:48,17:14,566
58,2026-05-27,1,6,09:00,17:59,539
64,2026-05-27,1,5,07:30,17:48,618
65,2026-05-27,1,8,09:27,22:10,763
7,2026-05-28,0,1,09:02,09:02,0
29,2026-05-28,0,1,10:44,10:44,0
30,2026-05-28,0,2,09:09,14:48,339
32,2026-05-28,1,6,08:30,17:30,540
33,2026-05-28,1,4,05:00,10:51,351
38,2026-05-28,1,2,09:00,09:32,32
46,2026-05-28,1,6,06:30,15:45,555
48,2026-05-28,1,7,05:35,15:35,600
51,2026-05-28,1,3,09:00,11:00,120
52,2026-05-28,1,5,08:15,16:55,520
53,2026-05-28,1,5,06:00,11:32,332
54,2026-05-28,1,6,08:45,20:32,707
55,2026-05-28,1,3,09:53,16:42,409
56,2026-05-28,1,6,10:00,23:13,793
57,2026-05-28,1,5,09:00,19:46,646
58,2026-05-28,1,6,04:15,12:36,501
64,2026-05-28,1,2,19:23,23:37,254
7,2026-05-29,0,3,07:10,17:14,604
27,2026-05-29,0,2,08:30,09:30,60
29,2026-05-29,0,9,01:58,23:43,1305
30,2026-05-29,0,2,09:00,10:53,113
32,2026-05-29,1,7,06:00,16:15,615
33,2026-05-29,1,3,06:30,10:30,240
38,2026-05-29,1,5,04:30,16:30,720
48,2026-05-29,1,6,03:00,17:12,852
51,2026-05-29,1,6,08:00,22:56,896
52,2026-05-29,1,2,08:30,10:45,135
53,2026-05-29,1,4,07:45,13:41,356
54,2026-05-29,1,6,00:30,15:00,870
55,2026-05-29,1,6,07:30,19:23,713
56,2026-05-29,1,7,07:30,20:30,780
57,2026-05-29,1,7,08:30,23:14,884
62,2026-05-29,1,5,07:30,15:40,490
64,2026-05-29,1,6,09:00,21:30,750
6,2026-05-30,1,1,07:45,07:45,0
7,2026-05-30,0,5,07:33,16:30,537
8,2026-05-30,0,2,09:00,13:06,246
13,2026-05-30,0,2,08:38,13:40,302
19,2026-05-30,0,9,09:15,15:14,359
27,2026-05-30,0,9,09:15,14:55,340
29,2026-05-30,0,14,09:00,17:55,535
30,2026-05-30,0,3,09:00,11:25,145
31,2026-05-30,1,7,07:30,17:15,585
32,2026-05-30,1,9,06:15,18:20,725
44,2026-05-30,0,4,08:32,14:52,380
48,2026-05-30,1,7,05:00,16:15,675
51,2026-05-30,1,3,09:12,11:34,142
52,2026-05-30,1,6,05:00,15:00,600
53,2026-05-30,1,8,08:30,19:50,680
55,2026-05-30,1,6,09:00,20:12,672
56,2026-05-30,1,6,06:45,18:31,706
57,2026-05-30,1,6,07:00,15:54,534
58,2026-05-30,1,4,09:45,22:40,775
61,2026-05-30,1,3,15:30,21:16,346
62,2026-05-30,1,6,05:30,15:00,570
64,2026-05-30,1,6,07:51,20:05,734
7,2026-05-31,0,5,09:00,16:15,435
8,2026-05-31,0,2,09:48,22:25,757
19,2026-05-31,0,3,08:34,09:46,72
27,2026-05-31,0,3,11:00,16:15,315
29,2026-05-31,0,6,09:00,18:18,558
30,2026-05-31,0,3,11:29,17:33,364
31,2026-05-31,1,6,05:30,14:12,522
32,2026-05-31,1,8,07:15,18:30,675
46,2026-05-31,1,7,06:15,17:30,675
51,2026-05-31,1,8,05:50,18:15,745
53,2026-05-31,1,6,07:00,19:06,726
55,2026-05-31,1,5,08:37,17:45,548
56,2026-05-31,1,6,03:30,15:30,720
57,2026-05-31,1,9,06:30,20:00,810
58,2026-05-31,1,6,09:00,19:25,625
59,2026-05-31,1,7,05:45,17:53,728
61,2026-05-31,1,5,11:30,21:34,604
62,2026-05-31,1,6,06:30,17:45,675
64,2026-05-31,1,8,09:30,23:25,835
65,2026-05-31,1,5,03:00,08:15,315
6,2026-06-01,1,1,04:00,04:00,0
30,2026-06-01,0,1,08:45,08:45,0
32,2026-06-01,1,5,08:00,17:30,570
33,2026-06-01,1,6,07:30,17:26,596
46,2026-06-01,1,6,06:00,16:19,619
51,2026-06-01,1,6,09:05,22:33,808
52,2026-06-01,1,5,07:42,18:15,633
53,2026-06-01,1,4,09:00,15:45,405
54,2026-06-01,1,6,05:00,15:45,645
56,2026-06-01,1,6,04:00,14:30,630
57,2026-06-01,1,6,04:51,15:00,609
58,2026-06-01,1,6,06:00,14:57,537
59,2026-06-01,1,4,09:00,16:04,424
62,2026-06-01,1,4,05:10,14:02,532
64,2026-06-01,1,6,07:39,21:50,851
32,2026-06-02,1,5,03:30,12:26,536
46,2026-06-02,1,7,06:45,16:16,571
51,2026-06-02,1,6,08:00,21:35,815
52,2026-06-02,1,5,03:30,12:47,557
53,2026-06-02,1,5,09:00,20:45,705
54,2026-06-02,1,6,06:30,18:37,727
59,2026-06-02,1,5,09:30,22:35,785
63,2026-06-02,1,5,07:00,16:55,595
64,2026-06-02,1,4,07:48,18:25,637
65,2026-06-02,1,6,07:00,19:52,772
7,2026-06-03,0,3,09:38,23:27,829
29,2026-06-03,0,4,08:00,09:15,75
30,2026-06-03,0,1,09:18,09:18,0
32,2026-06-03,1,8,06:15,16:46,631
46,2026-06-03,1,5,07:00,14:34,454
51,2026-06-03,1,6,07:45,17:51,606
52,2026-06-03,1,7,04:00,13:51,591
53,2026-06-03,1,6,08:00,19:08,668
57,2026-06-03,1,7,07:30,18:30,660
58,2026-06-03,1,5,08:00,14:04,364
59,2026-06-03,1,7,07:15,17:30,615
62,2026-06-03,1,5,07:00,16:33,573
63,2026-06-03,1,6,09:00,16:46,466
64,2026-06-03,1,7,08:00,19:26,686
65,2026-06-03,1,6,08:30,20:13,703
32,2026-06-04,1,6,06:00,14:00,480
33,2026-06-04,1,4,09:43,17:00,437
46,2026-06-04,1,5,06:15,15:10,535
48,2026-06-04,1,6,04:00,13:15,555
51,2026-06-04,1,5,09:20,17:57,517
52,2026-06-04,1,6,08:30,15:23,413
53,2026-06-04,1,5,11:30,17:06,336
54,2026-06-04,1,5,06:22,16:07,585
56,2026-06-04,1,4,10:30,15:43,313
57,2026-06-04,1,4,11:32,21:00,568
58,2026-06-04,1,4,08:31,16:50,499
65,2026-06-04,1,5,09:00,17:30,510
7,2026-06-05,0,2,09:00,22:27,807
19,2026-06-05,0,2,00:05,22:15,1330
27,2026-06-05,0,4,08:27,09:01,34
29,2026-06-05,0,8,01:48,12:48,660
30,2026-06-05,0,1,16:20,16:20,0
32,2026-06-05,1,7,05:00,18:55,835
33,2026-06-05,1,8,07:00,18:38,698
51,2026-06-05,1,8,07:30,23:54,984
52,2026-06-05,1,5,04:30,10:20,350
53,2026-06-05,1,9,04:00,21:30,1050
54,2026-06-05,1,7,07:00,15:25,505
55,2026-06-05,1,5,04:30,11:13,403
56,2026-06-05,1,6,04:00,15:33,693
57,2026-06-05,1,6,07:50,20:00,730
58,2026-06-05,1,6,07:30,18:30,660
59,2026-06-05,1,5,15:09,23:33,504
62,2026-06-05,1,3,08:00,11:00,180
63,2026-06-05,1,4,07:30,14:45,435
64,2026-06-05,1,7,03:15,14:34,679
7,2026-06-06,0,5,08:45,14:15,330
13,2026-06-06,0,4,08:48,12:00,192
19,2026-06-06,0,8,09:03,14:14,311
27,2026-06-06,0,8,08:14,12:57,283
29,2026-06-06,0,19,07:41,21:30,829
30,2026-06-06,0,2,10:04,12:36,152
32,2026-06-06,1,8,05:00,15:23,623
33,2026-06-06,1,7,03:00,13:59,659
51,2026-06-06,1,1,20:14,20:14,0
52,2026-06-06,1,7,07:30,18:41,671
53,2026-06-06,1,9,06:45,18:59,734
55,2026-06-06,1,7,05:30,15:15,585
56,2026-06-06,1,5,03:00,13:10,610
57,2026-06-06,1,5,07:33,14:47,434
58,2026-06-06,1,6,06:30,19:00,750
59,2026-06-06,1,6,10:04,19:25,561
61,2026-06-06,1,7,08:45,18:45,600
62,2026-06-06,1,6,06:30,19:30,780
63,2026-06-06,1,8,08:30,20:50,740
64,2026-06-06,1,6,08:30,16:40,490
7,2026-06-07,0,5,07:15,14:43,448
8,2026-06-07,0,1,08:30,08:30,0
13,2026-06-07,0,1,11:56,11:56,0
19,2026-06-07,0,5,08:00,23:48,948
27,2026-06-07,0,16,08:19,12:45,266
29,2026-06-07,0,13,08:30,20:01,691
30,2026-06-07,0,2,10:30,13:33,183
32,2026-06-07,1,7,04:30,15:08,638
33,2026-06-07,1,7,07:00,17:21,621
44,2026-06-07,0,2,10:00,10:00,0
46,2026-06-07,1,6,06:00,15:45,585
50,2026-06-07,1,1,08:32,08:32,0
51,2026-06-07,1,6,07:30,18:07,637
53,2026-06-07,1,7,05:25,15:30,605
55,2026-06-07,1,6,06:30,18:10,700
56,2026-06-07,1,6,04:15,14:43,628
57,2026-06-07,1,5,06:45,14:33,468
58,2026-06-07,1,9,08:00,20:47,767
59,2026-06-07,1,7,08:00,19:15,675
61,2026-06-07,1,8,06:30,19:35,785
64,2026-06-07,1,7,07:15,21:20,845
65,2026-06-07,1,7,03:30,15:31,721
7,2026-06-08,0,1,08:43,08:43,0
27,2026-06-08,0,1,11:04,11:04,0
29,2026-06-08,0,1,11:31,11:31,0
30,2026-06-08,0,1,12:07,12:07,0
32,2026-06-08,1,5,04:45,13:12,507
33,2026-06-08,1,6,04:00,12:08,488
46,2026-06-08,1,4,08:30,17:30,540
51,2026-06-08,1,1,09:16,09:16,0
52,2026-06-08,1,6,06:45,15:53,548
53,2026-06-08,1,8,04:30,18:30,840
54,2026-06-08,1,5,08:00,19:13,673
56,2026-06-08,1,6,05:00,15:00,600
57,2026-06-08,1,5,10:00,19:37,577
58,2026-06-08,1,5,08:45,17:52,547
59,2026-06-08,1,3,16:45,23:00,375
63,2026-06-08,1,4,01:00,22:24,1284
64,2026-06-08,1,1,10:00,10:00,0
65,2026-06-08,1,5,04:30,14:13,583
66,2026-06-08,1,5,08:36,18:52,616
7,2026-06-09,0,1,08:54,08:54,0
29,2026-06-09,0,1,09:40,09:40,0
32,2026-06-09,1,4,08:39,16:37,478
33,2026-06-09,1,5,09:00,15:16,376
38,2026-06-09,1,3,09:00,11:44,164
46,2026-06-09,1,5,08:00,15:21,441
53,2026-06-09,1,6,13:23,23:15,592
54,2026-06-09,1,3,08:51,14:18,327
55,2026-06-09,1,2,00:11,23:00,1369
59,2026-06-09,1,4,08:54,15:21,387
62,2026-06-09,1,4,08:40,21:38,778
63,2026-06-09,1,2,21:33,23:21,108
64,2026-06-09,1,2,08:30,09:30,60
65,2026-06-09,1,6,06:00,16:40,640
66,2026-06-09,1,4,09:00,14:21,321
67,2026-06-09,1,5,08:45,16:02,437
27,2026-06-10,0,2,09:45,15:05,320
29,2026-06-10,0,2,08:39,14:04,325
30,2026-06-10,0,1,13:17,13:17,0
32,2026-06-10,1,6,04:00,13:10,550
33,2026-06-10,1,5,08:00,16:39,519
38,2026-06-10,1,6,04:35,15:24,649
46,2026-06-10,1,6,07:00,16:30,570
51,2026-06-10,1,7,08:00,20:43,763
52,2026-06-10,1,3,09:00,13:55,295
53,2026-06-10,1,4,09:00,13:30,270
55,2026-06-10,1,1,17:42,17:42,0
56,2026-06-10,1,8,07:30,16:09,519
58,2026-06-10,1,5,14:01,23:20,559
59,2026-06-10,1,6,09:00,19:45,645
62,2026-06-10,1,4,08:30,13:17,287
63,2026-06-10,1,3,17:00,21:20,260
64,2026-06-10,1,7,06:30,22:05,935
65,2026-06-10,1,5,04:45,11:02,377
67,2026-06-10,1,4,08:15,15:03,408
32,2026-06-11,1,5,09:00,14:45,345
33,2026-06-11,1,7,07:33,18:00,627
38,2026-06-11,1,4,09:49,17:30,461
46,2026-06-11,1,5,06:30,15:00,510
51,2026-06-11,1,6,00:41,22:33,1312
52,2026-06-11,1,4,05:00,12:42,462
53,2026-06-11,1,4,04:15,14:05,590
54,2026-06-11,1,5,08:45,19:00,615
55,2026-06-11,1,4,01:00,23:00,1320
56,2026-06-11,1,6,08:20,21:24,784
57,2026-06-11,1,6,09:09,18:16,547
58,2026-06-11,1,6,09:00,23:44,884
59,2026-06-11,1,3,08:45,14:15,330
63,2026-06-11,1,3,01:32,10:06,514
7,2026-06-12,0,3,09:45,21:37,712
8,2026-06-12,0,1,08:42,08:42,0
19,2026-06-12,0,4,10:26,13:09,163
27,2026-06-12,0,3,10:55,19:53,538
29,2026-06-12,0,5,08:30,12:29,239
30,2026-06-12,0,3,12:27,16:22,235
32,2026-06-12,1,8,07:13,20:00,767
33,2026-06-12,1,6,03:00,17:01,841
38,2026-06-12,1,7,08:00,23:30,930
51,2026-06-12,1,7,08:00,19:07,667
53,2026-06-12,1,7,04:00,15:30,690
54,2026-06-12,1,7,07:13,19:31,738
55,2026-06-12,1,7,09:05,18:14,549
56,2026-06-12,1,7,09:00,20:28,688
57,2026-06-12,1,8,04:00,18:00,840
58,2026-06-12,1,8,07:15,18:05,650
63,2026-06-12,1,5,08:01,17:30,569
64,2026-06-12,1,7,08:30,19:33,663
66,2026-06-12,1,6,04:00,14:00,600
67,2026-06-12,1,3,18:32,23:15,283
6,2026-06-13,1,1,22:30,22:30,0
7,2026-06-13,0,4,08:30,15:09,399
8,2026-06-13,0,1,15:26,15:26,0
19,2026-06-13,0,2,11:00,12:43,103
27,2026-06-13,0,8,09:00,15:00,360
29,2026-06-13,0,13,08:23,21:23,780
30,2026-06-13,0,1,15:01,15:01,0
32,2026-06-13,1,12,07:00,20:54,834
33,2026-06-13,1,6,07:00,14:35,455
48,2026-06-13,1,9,03:30,14:00,630
52,2026-06-13,1,9,05:00,19:15,855
53,2026-06-13,1,9,04:50,17:00,730
55,2026-06-13,1,6,09:00,20:48,708
56,2026-06-13,1,9,08:00,20:48,768
57,2026-06-13,1,6,08:00,17:33,573
58,2026-06-13,1,6,08:45,15:30,405
61,2026-06-13,1,9,05:45,16:38,653
62,2026-06-13,1,8,06:00,18:15,735
63,2026-06-13,1,2,05:00,07:00,120
64,2026-06-13,1,8,09:00,20:23,683
66,2026-06-13,1,3,16:38,20:30,232
67,2026-06-13,1,3,15:20,20:02,282
7,2026-06-14,0,6,07:00,17:09,609
8,2026-06-14,0,1,10:00,10:00,0
19,2026-06-14,0,4,01:18,14:58,820
27,2026-06-14,0,8,09:00,17:36,516
29,2026-06-14,0,12,07:15,23:20,965
30,2026-06-14,0,2,14:54,15:10,16
32,2026-06-14,1,6,06:00,16:29,629
33,2026-06-14,1,9,05:00,16:30,690
46,2026-06-14,1,8,06:00,17:00,660
51,2026-06-14,1,9,07:00,21:12,852
53,2026-06-14,1,10,05:43,18:13,750
54,2026-06-14,1,7,05:00,17:46,766
55,2026-06-14,1,5,06:00,15:07,547
56,2026-06-14,1,8,06:15,17:15,660
58,2026-06-14,1,8,03:00,14:33,693
59,2026-06-14,1,8,05:50,17:15,685
61,2026-06-14,1,9,05:45,19:05,800
64,2026-06-14,1,8,08:00,17:43,583
65,2026-06-14,1,7,04:00,13:15,555
66,2026-06-14,1,3,18:45,23:09,264
7,2026-06-15,0,2,08:25,10:30,125
27,2026-06-15,0,4,08:38,09:37,59
29,2026-06-15,0,4,05:30,10:14,284
30,2026-06-15,0,1,09:37,09:37,0
32,2026-06-15,1,6,08:00,17:45,585
33,2026-06-15,1,6,05:10,15:50,640
46,2026-06-15,1,7,06:00,16:08,608
51,2026-06-15,1,4,08:30,21:15,765
52,2026-06-15,1,4,04:30,12:26,476
53,2026-06-15,1,6,06:00,16:33,633
54,2026-06-15,1,4,07:00,15:18,498
56,2026-06-15,1,5,04:15,13:00,525
58,2026-06-15,1,6,08:30,21:48,798
59,2026-06-15,1,5,07:18,19:03,705
64,2026-06-15,1,5,07:30,15:30,480
65,2026-06-15,1,5,08:55,20:13,678
66,2026-06-15,1,3,09:00,14:15,315
7,2026-06-16,0,1,11:22,11:22,0
27,2026-06-16,0,1,11:12,11:12,0
32,2026-06-16,1,5,06:45,17:26,641
33,2026-06-16,1,4,07:30,15:08,458
38,2026-06-16,1,3,05:15,09:55,280
46,2026-06-16,1,8,06:40,16:57,617
51,2026-06-16,1,4,08:30,15:45,435
52,2026-06-16,1,5,09:07,16:00,413
54,2026-06-16,1,5,06:00,13:00,420
62,2026-06-16,1,3,07:00,11:30,270
64,2026-06-16,1,5,05:15,11:46,391
65,2026-06-16,1,6,07:15,17:18,603
66,2026-06-16,1,3,10:26,21:23,657
67,2026-06-16,1,4,10:31,21:41,670
7,2026-06-17,0,1,11:23,11:23,0
27,2026-06-17,0,1,10:55,10:55,0
32,2026-06-17,1,7,04:30,15:00,630
33,2026-06-17,1,5,09:45,19:50,605
38,2026-06-17,1,6,09:30,20:23,653
46,2026-06-17,1,5,08:15,16:10,475
51,2026-06-17,1,8,08:00,22:12,852
52,2026-06-17,1,7,04:00,14:30,630
53,2026-06-17,1,7,04:15,18:15,840
56,2026-06-17,1,6,10:00,20:21,621
58,2026-06-17,1,6,08:45,18:43,598
59,2026-06-17,1,5,09:25,19:18,593
64,2026-06-17,1,6,11:45,23:35,710
65,2026-06-17,1,4,09:00,17:10,490
67,2026-06-17,1,4,10:48,20:47,599
27,2026-06-18,0,3,08:44,10:04,80
29,2026-06-18,0,1,10:06,10:06,0
32,2026-06-18,1,6,08:30,19:00,630
38,2026-06-18,1,7,09:43,22:10,747
46,2026-06-18,1,5,07:45,16:15,510
48,2026-06-18,1,5,05:10,15:21,611
52,2026-06-18,1,7,06:15,18:18,723
53,2026-06-18,1,4,04:15,10:00,345
54,2026-06-18,1,5,04:44,15:15,631
55,2026-06-18,1,7,04:10,15:35,685
56,2026-06-18,1,4,08:00,17:34,574
58,2026-06-18,1,6,07:00,17:00,600
59,2026-06-18,1,4,08:49,16:39,470
64,2026-06-18,1,8,07:30,21:55,865
65,2026-06-18,1,6,13:33,22:00,507
6,2026-06-19,1,1,17:56,17:56,0
7,2026-06-19,0,2,09:30,13:08,218
27,2026-06-19,0,5,08:47,23:48,901
29,2026-06-19,0,6,08:16,09:30,74
32,2026-06-19,1,8,04:00,16:53,773
38,2026-06-19,1,5,07:30,18:00,630
48,2026-06-19,1,7,04:45,16:45,720
50,2026-06-19,1,3,19:30,23:59,269
51,2026-06-19,1,7,07:30,20:00,750
53,2026-06-19,1,7,06:05,16:35,630
54,2026-06-19,1,3,06:30,09:44,194
55,2026-06-19,1,6,06:30,17:00,630
56,2026-06-19,1,4,06:30,09:57,207
58,2026-06-19,1,6,06:30,17:40,670
59,2026-06-19,1,4,08:30,19:31,661
62,2026-06-19,1,4,14:42,20:03,321
64,2026-06-19,1,7,07:46,22:08,862
66,2026-06-19,1,5,06:30,16:05,575
67,2026-06-19,1,6,09:00,17:54,534
6,2026-06-20,1,1,17:30,17:30,0
7,2026-06-20,0,3,07:33,12:44,311
27,2026-06-20,0,4,08:46,21:00,734
29,2026-06-20,0,13,08:00,21:33,813
30,2026-06-20,0,3,10:26,19:55,569
48,2026-06-20,1,9,03:00,15:07,727
51,2026-06-20,1,5,08:30,18:30,600
52,2026-06-20,1,9,05:00,19:06,846
53,2026-06-20,1,9,03:50,15:23,693
55,2026-06-20,1,8,07:15,22:22,907
56,2026-06-20,1,10,04:00,18:00,840
58,2026-06-20,1,7,07:00,14:41,461
59,2026-06-20,1,6,09:00,21:33,753
61,2026-06-20,1,9,06:00,18:05,725
62,2026-06-20,1,7,09:00,23:11,851
64,2026-06-20,1,9,08:30,23:30,900
66,2026-06-20,1,8,07:00,18:24,684
67,2026-06-20,1,8,05:00,15:54,654
6,2026-06-21,1,4,08:53,17:30,517
7,2026-06-21,0,2,08:30,09:52,82
19,2026-06-21,0,1,09:21,09:21,0
27,2026-06-21,0,7,07:43,11:41,238
29,2026-06-21,0,8,09:00,11:00,120
30,2026-06-21,0,3,08:00,11:53,233
46,2026-06-21,1,7,06:00,16:22,622
50,2026-06-21,1,2,19:12,23:16,244
51,2026-06-21,1,6,03:30,14:40,670
53,2026-06-21,1,8,03:30,14:45,675
55,2026-06-21,1,8,08:00,19:02,662
56,2026-06-21,1,8,07:15,18:00,645
58,2026-06-21,1,9,07:30,20:00,750
59,2026-06-21,1,6,06:30,12:42,372
61,2026-06-21,1,8,06:30,19:30,780
62,2026-06-21,1,2,09:00,10:00,60
64,2026-06-21,1,4,09:20,20:30,670
65,2026-06-21,1,6,04:00,14:00,600
66,2026-06-21,1,7,08:00,23:45,945
67,2026-06-21,1,8,03:30,15:30,720
7,2026-06-22,0,1,11:00,11:00,0
24,2026-06-22,0,1,10:35,10:35,0
27,2026-06-22,0,5,09:30,11:49,139
29,2026-06-22,0,2,10:57,14:00,183
30,2026-06-22,0,1,10:10,10:10,0
32,2026-06-22,1,5,09:30,17:21,471
46,2026-06-22,1,4,06:30,13:45,435
50,2026-06-22,1,2,21:40,23:57,137
51,2026-06-22,1,5,05:30,14:53,563
53,2026-06-22,1,8,04:00,14:30,630
54,2026-06-22,1,6,05:00,14:30,570
56,2026-06-22,1,8,07:45,18:10,625
58,2026-06-22,1,4,09:00,16:37,457
59,2026-06-22,1,5,05:00,12:45,465
63,2026-06-22,1,6,09:00,17:15,495
64,2026-06-22,1,5,09:00,17:43,523
65,2026-06-22,1,3,08:50,17:01,491
66,2026-06-22,1,4,09:00,14:53,353
67,2026-06-22,1,6,09:00,18:35,575
7,2026-06-23,0,1,09:38,09:38,0
32,2026-06-23,1,8,07:19,18:43,684
38,2026-06-23,1,6,05:45,14:18,513
46,2026-06-23,1,6,06:30,16:28,598
50,2026-06-23,1,2,00:35,20:49,1214
51,2026-06-23,1,2,11:00,20:08,548
52,2026-06-23,1,6,03:30,14:35,665
54,2026-06-23,1,5,07:15,15:11,476
62,2026-06-23,1,4,08:44,17:48,544
63,2026-06-23,1,7,09:30,20:09,639
64,2026-06-23,1,8,02:00,13:30,690
65,2026-06-23,1,5,08:28,22:02,814
66,2026-06-23,1,6,09:57,19:49,592
67,2026-06-23,1,8,07:00,19:31,751
68,2026-06-23,1,4,09:10,17:04,474
32,2026-06-24,1,5,09:30,19:57,627
38,2026-06-24,1,5,08:05,15:24,439
46,2026-06-24,1,6,07:30,16:48,558
51,2026-06-24,1,6,08:42,20:58,736
52,2026-06-24,1,6,07:00,16:00,540
53,2026-06-24,1,5,04:15,13:55,580
58,2026-06-24,1,5,09:00,18:46,586
59,2026-06-24,1,5,09:00,19:45,645
64,2026-06-24,1,6,08:30,19:30,660
67,2026-06-24,1,4,10:40,20:50,610
68,2026-06-24,1,4,07:00,13:20,380
32,2026-06-25,1,8,07:00,18:16,676
38,2026-06-25,1,5,08:29,18:39,610
46,2026-06-25,1,5,07:00,15:29,509
48,2026-06-25,1,6,05:00,13:45,525
53,2026-06-25,1,7,03:30,14:30,660
54,2026-06-25,1,4,09:09,18:30,561
55,2026-06-25,1,4,10:00,17:15,435
56,2026-06-25,1,6,09:00,18:04,544
58,2026-06-25,1,6,10:00,23:59,839
59,2026-06-25,1,3,07:42,13:30,348
63,2026-06-25,1,3,08:57,17:55,538
64,2026-06-25,1,7,09:50,22:43,773
7,2026-06-26,0,4,08:30,17:00,510
24,2026-06-26,0,2,08:14,16:42,508
27,2026-06-26,0,8,08:11,13:11,300
29,2026-06-26,0,8,08:00,16:54,534
30,2026-06-26,0,2,08:00,09:17,77
32,2026-06-26,1,7,04:15,17:00,765
38,2026-06-26,1,6,12:29,21:27,538
48,2026-06-26,1,7,04:00,15:15,675
50,2026-06-26,1,2,19:10,21:11,121
51,2026-06-26,1,7,08:30,21:33,783
52,2026-06-26,1,3,08:20,10:45,145
53,2026-06-26,1,7,04:00,16:45,765
54,2026-06-26,1,6,04:30,13:29,539
55,2026-06-26,1,6,07:10,21:46,876
56,2026-06-26,1,8,04:00,13:35,575
58,2026-06-26,1,5,07:30,13:35,365
63,2026-06-26,1,3,08:15,11:00,165
64,2026-06-26,1,5,09:00,21:46,766
66,2026-06-26,1,7,08:15,19:54,699
67,2026-06-26,1,6,09:00,21:32,752
68,2026-06-26,1,9,08:00,19:54,714
7,2026-06-27,0,3,06:04,11:01,297
13,2026-06-27,0,1,09:00,09:00,0
24,2026-06-27,0,2,09:20,10:44,84
27,2026-06-27,0,8,08:29,22:17,828
29,2026-06-27,0,8,08:00,22:25,865
30,2026-06-27,0,2,08:56,11:22,146
32,2026-06-27,1,9,04:00,15:15,675
48,2026-06-27,1,8,04:45,14:00,555
52,2026-06-27,1,7,06:00,18:49,769
53,2026-06-27,1,8,06:15,17:30,675
55,2026-06-27,1,7,07:00,15:34,514
56,2026-06-27,1,10,05:00,15:25,625
58,2026-06-27,1,12,07:15,22:45,930
59,2026-06-27,1,4,09:00,21:30,750
61,2026-06-27,1,9,07:45,21:16,811
62,2026-06-27,1,2,18:46,21:55,189
63,2026-06-27,1,8,04:00,13:19,559
64,2026-06-27,1,8,06:00,21:30,930
66,2026-06-27,1,5,08:00,15:10,430
68,2026-06-27,1,8,06:30,18:51,741
7,2026-06-28,0,3,08:30,13:17,287
13,2026-06-28,0,2,09:00,11:55,175
27,2026-06-28,0,13,09:00,22:19,799
29,2026-06-28,0,12,08:03,23:19,916
30,2026-06-28,0,3,08:40,14:17,337
32,2026-06-28,1,7,06:30,16:51,621
44,2026-06-28,0,2,09:30,12:00,150
50,2026-06-28,1,7,08:15,18:35,620
51,2026-06-28,1,6,04:15,15:01,646
53,2026-06-28,1,7,05:30,15:00,570
54,2026-06-28,1,1,21:01,21:01,0
55,2026-06-28,1,7,08:00,18:25,625
56,2026-06-28,1,6,09:00,18:30,570
58,2026-06-28,1,6,07:00,19:47,767
59,2026-06-28,1,4,07:30,19:26,716
61,2026-06-28,1,6,04:00,13:00,540
62,2026-06-28,1,3,13:08,18:59,351
64,2026-06-28,1,8,09:00,22:22,802
65,2026-06-28,1,5,02:30,11:15,525
66,2026-06-28,1,8,07:30,20:04,754
68,2026-06-28,1,9,07:00,18:00,660
27,2026-06-29,0,1,12:38,12:38,0
29,2026-06-29,0,1,23:51,23:51,0
32,2026-06-29,1,8,04:30,16:45,735
51,2026-06-29,1,6,09:15,18:30,555
52,2026-06-29,1,5,03:45,10:58,433
53,2026-06-29,1,4,07:00,14:00,420
54,2026-06-29,1,5,08:30,15:14,404
56,2026-06-29,1,6,04:15,16:54,759
59,2026-06-29,1,4,10:00,18:33,513
63,2026-06-29,1,8,07:00,16:30,570
64,2026-06-29,1,6,07:00,15:53,533
65,2026-06-29,1,4,11:30,17:11,341
66,2026-06-29,1,3,09:04,12:30,206
67,2026-06-29,1,7,09:48,21:17,689
68,2026-06-29,1,7,10:30,22:23,713
7,2026-06-30,0,1,09:50,09:50,0
29,2026-06-30,0,1,21:30,21:30,0
30,2026-06-30,0,1,10:28,10:28,0
32,2026-06-30,1,11,05:00,21:30,990
38,2026-06-30,1,4,06:30,13:36,426
46,2026-06-30,1,5,06:40,16:48,608
51,2026-06-30,1,3,14:08,22:52,524
52,2026-06-30,1,6,06:00,15:00,540
54,2026-06-30,1,5,05:30,13:36,486
62,2026-06-30,1,3,09:22,15:15,353
63,2026-06-30,1,4,09:14,14:41,327
64,2026-06-30,1,6,09:14,23:59,885
65,2026-06-30,1,4,09:09,14:00,291
67,2026-06-30,1,3,09:29,15:33,364
68,2026-06-30,1,6,09:30,23:44,854
69,2026-06-30,1,5,09:04,17:20,496
7,2026-07-01,0,2,08:42,12:40,238
27,2026-07-01,0,2,17:00,23:42,402
32,2026-07-01,1,6,05:00,16:27,687
46,2026-07-01,1,6,08:00,15:52,472
52,2026-07-01,1,6,05:00,13:58,538
56,2026-07-01,1,6,08:30,17:33,543
58,2026-07-01,1,5,08:50,16:36,466
59,2026-07-01,1,5,07:30,14:55,445
63,2026-07-01,1,6,07:00,16:36,576
64,2026-07-01,1,1,21:14,21:14,0
65,2026-07-01,1,4,09:34,17:51,497
67,2026-07-01,1,6,07:57,18:22,625
68,2026-07-01,1,2,08:41,12:42,241
6,2026-07-02,1,1,17:00,17:00,0
7,2026-07-02,0,1,15:40,15:40,0
27,2026-07-02,0,3,00:06,17:00,1014
32,2026-07-02,1,6,04:45,13:30,525
46,2026-07-02,1,7,06:40,18:30,710
48,2026-07-02,1,9,04:00,17:30,810
52,2026-07-02,1,6,07:00,17:00,600
53,2026-07-02,1,9,04:00,18:09,849
54,2026-07-02,1,7,07:30,18:05,635
56,2026-07-02,1,6,11:26,23:43,737
57,2026-07-02,1,8,08:00,21:26,806
58,2026-07-02,1,7,06:45,17:53,668
63,2026-07-02,1,2,18:44,21:17,153
64,2026-07-02,1,9,00:18,22:20,1322
65,2026-07-02,1,5,10:30,21:02,632
7,2026-07-03,0,4,07:54,14:28,394
13,2026-07-03,0,2,10:00,12:18,138
27,2026-07-03,0,9,08:14,13:33,319
29,2026-07-03,0,7,08:51,14:44,353
30,2026-07-03,0,3,08:00,13:53,353
32,2026-07-03,1,9,04:45,16:45,720
38,2026-07-03,1,2,18:30,19:30,60
48,2026-07-03,1,10,04:20,17:30,790
51,2026-07-03,1,8,09:00,19:00,600
53,2026-07-03,1,7,04:30,15:00,630
54,2026-07-03,1,6,06:20,12:15,355
55,2026-07-03,1,2,18:50,21:07,137
56,2026-07-03,1,7,09:00,18:00,540
57,2026-07-03,1,6,08:15,17:23,548
58,2026-07-03,1,6,05:52,14:35,523
59,2026-07-03,1,5,07:44,18:00,616
63,2026-07-03,1,2,00:14,20:10,1196
64,2026-07-03,1,8,07:45,18:15,630
67,2026-07-03,1,3,15:05,21:43,398
68,2026-07-03,1,7,05:10,14:30,560
69,2026-07-03,1,8,05:00,14:07,547
7,2026-07-04,0,1,08:47,08:47,0
27,2026-07-04,0,2,09:53,13:45,232
29,2026-07-04,0,3,10:09,14:37,268
32,2026-07-04,1,6,08:00,15:00,420
48,2026-07-04,1,7,05:00,14:33,573
53,2026-07-04,1,7,04:00,16:37,757
55,2026-07-04,1,8,07:45,18:00,615
56,2026-07-04,1,5,07:00,15:28,508
57,2026-07-04,1,5,07:30,12:50,320
58,2026-07-04,1,4,08:56,15:31,395
59,2026-07-04,1,4,08:00,16:23,503
61,2026-07-04,1,6,05:00,16:09,669
63,2026-07-04,1,4,09:15,16:09,414
64,2026-07-04,1,7,08:30,19:22,652
69,2026-07-04,1,4,09:00,18:11,551
7,2026-07-05,0,2,08:23,10:37,134
13,2026-07-05,0,1,08:34,08:34,0
26,2026-07-05,1,9,03:00,13:35,635
27,2026-07-05,0,11,09:21,19:24,603
29,2026-07-05,0,11,08:30,12:27,237
30,2026-07-05,0,2,07:29,14:16,407
32,2026-07-05,1,9,03:00,16:14,794
44,2026-07-05,0,2,09:47,17:55,488
46,2026-07-05,1,7,06:30,18:30,720
53,2026-07-05,1,8,06:30,18:31,721
54,2026-07-05,1,3,13:49,18:30,281
55,2026-07-05,1,5,16:12,23:44,452
56,2026-07-05,1,8,03:30,14:30,660
57,2026-07-05,1,8,04:45,16:14,689
58,2026-07-05,1,7,07:45,17:44,599
61,2026-07-05,1,8,07:45,18:40,655
64,2026-07-05,1,5,08:00,17:39,579
65,2026-07-05,1,6,03:00,13:35,635
68,2026-07-05,1,4,05:00,10:00,300
69,2026-07-05,1,7,07:12,17:30,618
7,2026-07-06,0,2,09:47,12:52,185
26,2026-07-06,1,6,03:05,13:00,595
27,2026-07-06,0,1,13:01,13:01,0
29,2026-07-06,0,1,09:48,09:48,0
30,2026-07-06,0,1,12:45,12:45,0
32,2026-07-06,1,5,03:00,15:32,752
33,2026-07-06,1,6,04:30,15:19,649
46,2026-07-06,1,6,08:00,17:57,597
51,2026-07-06,1,3,08:00,10:30,150
52,2026-07-06,1,5,05:00,15:30,630
53,2026-07-06,1,5,08:30,16:09,459
54,2026-07-06,1,4,06:30,14:59,509
56,2026-07-06,1,4,08:40,15:00,380
57,2026-07-06,1,6,04:45,16:38,713
59,2026-07-06,1,7,08:00,20:02,722
64,2026-07-06,1,9,00:16,21:30,1274
67,2026-07-06,1,5,08:37,21:48,791
7,2026-07-07,0,1,10:41,10:41,0
26,2026-07-07,1,7,03:15,13:50,635
32,2026-07-07,1,6,01:27,12:43,676
38,2026-07-07,1,5,05:30,13:00,450
46,2026-07-07,1,6,06:30,15:26,536
51,2026-07-07,1,8,05:15,17:03,708
52,2026-07-07,1,7,05:30,14:00,510
53,2026-07-07,1,6,06:00,19:23,803
54,2026-07-07,1,4,08:00,14:39,399
59,2026-07-07,1,7,09:00,21:25,745
62,2026-07-07,1,3,10:00,19:44,584
63,2026-07-07,1,5,00:11,15:30,919
64,2026-07-07,1,6,03:10,20:26,1036
65,2026-07-07,1,1,04:30,04:30,0
67,2026-07-07,1,7,09:41,23:53,852
7,2026-07-08,0,1,08:52,08:52,0
26,2026-07-08,1,7,04:30,15:30,660
27,2026-07-08,0,2,08:47,08:52,5
29,2026-07-08,0,4,08:19,09:30,71
30,2026-07-08,0,1,08:51,08:51,0
38,2026-07-08,1,3,09:00,13:14,254
46,2026-07-08,1,6,06:00,15:30,570
51,2026-07-08,1,6,08:25,20:08,703
52,2026-07-08,1,5,08:30,15:00,390
53,2026-07-08,1,6,07:30,18:30,660
57,2026-07-08,1,6,08:45,19:30,645
58,2026-07-08,1,6,08:09,21:35,806
59,2026-07-08,1,5,07:50,20:23,753
63,2026-07-08,1,5,00:17,14:16,839
64,2026-07-08,1,7,09:15,21:00,705
67,2026-07-08,1,7,08:30,19:42,672
68,2026-07-08,1,3,09:30,18:28,538
7,2026-07-09,0,1,09:07,09:07,0
26,2026-07-09,1,7,03:00,14:30,690
27,2026-07-09,0,1,16:37,16:37,0
29,2026-07-09,0,4,09:12,11:47,155
30,2026-07-09,0,1,09:27,09:27,0
32,2026-07-09,1,5,08:00,17:00,540
33,2026-07-09,1,6,10:07,20:00,593
38,2026-07-09,1,5,10:00,18:57,537
46,2026-07-09,1,3,08:52,11:11,139
48,2026-07-09,1,4,09:30,16:37,427
51,2026-07-09,1,5,09:00,17:50,530
53,2026-07-09,1,3,08:47,19:56,669
54,2026-07-09,1,4,08:30,14:14,344
55,2026-07-09,1,2,17:59,21:52,233
57,2026-07-09,1,5,09:04,16:58,474
58,2026-07-09,1,3,10:30,15:00,270
62,2026-07-09,1,2,17:45,21:55,250
63,2026-07-09,1,3,05:15,11:13,358
64,2026-07-09,1,1,22:57,22:57,0
67,2026-07-09,1,3,16:30,20:56,266
7,2026-07-10,0,1,09:00,09:00,0
26,2026-07-10,1,5,04:30,13:03,513
27,2026-07-10,0,1,09:30,09:30,0
29,2026-07-10,0,3,08:27,09:51,84
32,2026-07-10,1,5,09:00,17:32,512
33,2026-07-10,1,5,09:30,19:00,570
38,2026-07-10,1,2,19:11,21:48,157
48,2026-07-10,1,5,04:00,10:44,404
51,2026-07-10,1,6,09:15,20:36,681
53,2026-07-10,1,4,09:00,19:39,639
54,2026-07-10,1,2,16:26,20:10,224
55,2026-07-10,1,4,08:40,17:38,538
57,2026-07-10,1,6,08:00,17:08,548
58,2026-07-10,1,4,09:21,19:49,628
63,2026-07-10,1,4,17:00,22:48,348
64,2026-07-10,1,7,07:35,20:03,748
67,2026-07-10,1,5,09:30,18:50,560
68,2026-07-10,1,3,09:00,12:45,225
69,2026-07-10,1,2,07:30,09:53,143
7,2026-07-11,0,2,04:30,12:11,461
26,2026-07-11,1,10,03:00,16:18,798
27,2026-07-11,0,8,09:19,13:30,251
29,2026-07-11,0,13,08:30,16:25,475
30,2026-07-11,0,2,10:37,12:55,138
32,2026-07-11,1,9,03:08,16:54,826
33,2026-07-11,1,10,07:30,18:30,660
48,2026-07-11,1,9,04:30,16:12,702
52,2026-07-11,1,7,07:00,16:52,592
53,2026-07-11,1,7,09:30,16:51,441
54,2026-07-11,1,1,04:21,04:21,0
56,2026-07-11,1,7,08:30,16:16,466
57,2026-07-11,1,8,04:45,14:21,576
58,2026-07-11,1,6,08:30,14:06,336
59,2026-07-11,1,4,04:30,12:50,500
61,2026-07-11,1,7,08:00,20:36,756
62,2026-07-11,1,3,15:33,18:30,177
63,2026-07-11,1,5,13:59,23:15,556
64,2026-07-11,1,7,00:51,21:41,1250
68,2026-07-11,1,3,16:32,20:55,263
69,2026-07-11,1,4,08:15,11:20,185
