slack_min,overrun_vs_chain_min,minutes_vs_deadline,eta_minutes,leg_id,pickup_date,evaluated_at_utc
-42.8,-45.7,-3.0,49,989,2026-07-21,2026-07-21 14:23:45
26.8,-15.7,-42.5,59,4767,2026-07-23,2026-07-23 12:34:12
55.9,-6.0,-61.9,9,5336,2026-06-18,2026-06-18 08:35:05
75.9,31.3,-44.6,57,6423,2026-06-08,2026-06-08 11:17:06
-3.2,-3.9,-0.7,12,6967,2026-06-14,2026-06-14 18:23:09
52.6,40.8,-11.8,21,7123,2026-06-28,2026-06-28 21:46:23
4.6,-13.7,-18.3,77,7394,2026-08-16,2026-08-16 15:38:26
-12.2,-13.1,-0.8,61,8693,2026-07-13,2026-07-13 14:58:14
19.5,5.4,-14.1,17,8705,2026-07-25,2026-07-25 11:53:29
67.1,74.0,6.9,11,9030,2026-06-14,2026-06-14 16:00:56
136.1,155.6,19.6,11,9136,2026-06-12,2026-06-12 17:08:56
-15.2,10.7,26.0,13,9149,2026-07-07,2026-07-07 16:47:14
27.2,30.0,2.8,31,9613,2026-06-24,2026-06-24 16:57:50
160.3,148.4,-12.0,38,10316,2026-06-16,2026-06-16 11:41:40
7.3,-4.6,-12.0,13,10316,2026-06-16,2026-06-16 14:39:40
33.5,10.1,-23.3,35,10383,2026-06-20,2026-06-20 08:06:32
-44.1,-53.1,-8.9,83,10448,2026-07-31,2026-07-31 12:51:06
10.1,136.8,126.7,36,10694,2026-07-06,2026-07-06 19:16:56
44.6,-2.4,-47.0,14,10695,2026-07-12,2026-07-12 13:01:26
54.8,56.3,1.5,40,10800,2026-08-18,2026-08-18 13:48:10
54.2,55.7,1.5,32,10800,2026-08-18,2026-08-18 13:56:50
41.4,14.3,-27.1,33,10811,2026-08-01,2026-08-01 16:00:33
21.5,-5.7,-27.1,12,10811,2026-08-01,2026-08-01 16:41:32
35.3,289.5,254.2,11,11122,2026-08-14,2026-08-14 19:22:43
-4.2,2.8,7.0,12,11195,2026-06-09,2026-06-09 15:45:11
19.2,14.9,-4.3,20,11196,2026-06-16,2026-06-16 18:40:49
-6.6,-11.2,-4.6,34,11663,2026-06-27,2026-06-27 12:22:34
-1.4,-2.9,-1.5,10,11688,2026-06-14,2026-06-14 13:05:23
29.0,13.6,-15.4,46,11689,2026-06-19,2026-06-19 19:29:58
43.9,41.2,-2.7,17,11728,2026-07-29,2026-07-29 19:59:06
31.1,19.2,-11.8,12,11986,2026-07-08,2026-07-08 13:16:55
199.9,198.7,-1.2,46,12023,2026-07-03,2026-07-03 10:54:07
-15.8,-2.3,13.5,11,12354,2026-06-20,2026-06-20 11:49:49
29.8,22.6,-7.2,29,12647,2026-08-18,2026-08-19 01:07:49
-9.4,-7.8,1.6,51,12674,2026-06-13,2026-06-13 11:03:26
-1.1,-10.9,-9.8,21,12744,2026-06-20,2026-06-20 17:10:04
21.3,30.3,9.0,32,12823,2026-06-15,2026-06-15 11:43:44
46.4,0.7,-45.7,77,12971,2026-06-12,2026-06-12 16:41:38
8.6,14.3,5.7,32,13029,2026-07-22,2026-07-22 15:56:39
1.6,-1.9,-3.5,54,13080,2026-07-08,2026-07-08 12:04:21
8.8,-9.2,-18.1,10,13096,2026-06-17,2026-06-17 18:31:09
57.1,34.6,-22.5,75,13162,2026-06-12,2026-06-12 17:02:52
13.4,-4.9,-18.3,16,13251,2026-06-16,2026-06-16 14:30:35
41.6,15.3,-26.3,21,13423,2026-07-16,2026-07-16 18:57:22
13.8,2.2,-11.7,12,13572,2026-07-27,2026-07-27 10:47:09
32.4,40.9,8.5,55,13586,2026-08-17,2026-08-17 09:32:33
13.7,0.9,-12.8,46,13683,2026-08-21,2026-08-21 17:00:19
-13.0,-3.3,9.7,12,13731,2026-06-27,2026-06-27 15:51:01
-23.7,8.6,32.3,30,13957,2026-06-20,2026-06-20 13:56:39
80.8,191.9,111.0,111,13979,2026-06-19,2026-06-19 15:19:09
11.9,33.1,21.2,15,14036,2026-07-03,2026-07-03 13:04:05
1.2,-4.7,-5.9,39,14085,2026-06-17,2026-06-17 12:49:47
29.6,5.6,-24.0,44,14092,2026-06-29,2026-06-29 16:31:21
21.1,16.2,-4.9,73,14096,2026-08-08,2026-08-08 15:28:55
21.8,2.5,-19.3,40,14156,2026-06-13,2026-06-13 12:28:12
43.9,129.9,86.0,63,14439,2026-06-08,2026-06-08 13:30:05
30.2,-2.6,-32.8,17,14473,2026-07-05,2026-07-05 13:12:48
12.0,8.2,-3.9,36,14552,2026-06-10,2026-06-10 13:41:58
7.1,-7.1,-14.3,18,14590,2026-07-19,2026-07-19 12:34:51
29.1,36.2,7.2,11,14692,2026-06-18,2026-06-18 20:10:56
5.6,-9.1,-14.7,56,14723,2026-06-24,2026-06-24 11:58:26
29.8,-8.9,-38.7,12,14765,2026-06-20,2026-06-20 16:05:12
-15.4,-11.4,4.0,38,14860,2026-07-11,2026-07-11 11:37:24
128.0,46.5,-81.5,20,14954,2026-08-07,2026-08-07 09:02:00
16.0,26.6,10.6,32,14964,2026-07-12,2026-07-12 16:39:01
44.9,-5.5,-50.3,20,14965,2026-07-20,2026-07-20 14:55:08
-6.7,-2.7,4.0,18,15203,2026-06-28,2026-06-28 12:48:41
-7.6,-10.7,-3.0,36,15300,2026-07-19,2026-07-19 11:46:36
-7.1,44.4,51.5,34,15327,2026-06-13,2026-06-13 22:03:06
58.8,57.4,-1.4,13,15553,2026-08-07,2026-08-07 12:28:59
-0.9,46.4,47.3,17,15650,2026-06-24,2026-06-24 17:03:52
13.1,-1.2,-14.2,60,15706,2026-07-11,2026-07-11 12:46:55
20.0,25.9,6.0,34,15820,2026-06-28,2026-06-28 18:06:00
18.4,93.8,75.4,56,15880,2026-07-31,2026-07-31 11:45:35
24.9,-8.2,-33.0,11,16133,2026-07-25,2026-07-25 14:03:07
-18.4,-57.5,-39.1,87,16134,2026-07-31,2026-07-31 13:36:25
20.5,-3.7,-24.1,18,16134,2026-07-31,2026-07-31 13:51:32
12.8,18.3,5.4,69,16205,2026-07-04,2026-07-04 11:38:09
-21.5,-16.0,5.4,52,16205,2026-07-04,2026-07-04 12:29:27
12.0,0.1,-11.9,59,16260,2026-08-09,2026-08-09 11:49:00
-26.7,12.7,39.3,61,16289,2026-07-01,2026-07-01 18:12:40
131.7,155.3,23.5,10,16291,2026-07-07,2026-07-07 14:28:16
-8.9,-3.2,5.7,14,16292,2026-07-11,2026-07-11 16:54:53
6.4,11.6,5.1,32,16302,2026-07-25,2026-07-25 12:43:34
-8.3,-9.0,-0.7,10,16305,2026-06-08,2026-06-08 16:10:20
24.4,-2.3,-26.7,72,16385,2026-08-15,2026-08-15 11:23:35
138.6,182.0,43.4,62,16401,2026-07-08,2026-07-08 14:20:26
-20.6,4.9,25.5,37,16403,2026-06-22,2026-06-22 14:35:37
38.1,18.3,-19.8,23,16508,2026-06-27,2026-06-27 20:28:55
3.6,-2.7,-6.3,45,16527,2026-06-19,2026-06-19 17:56:21
-2.5,-1.2,1.3,13,16608,2026-06-14,2026-06-14 16:58:27
24.2,-9.4,-33.6,11,16628,2026-06-11,2026-06-11 13:04:45
63.0,21.9,-41.1,40,16629,2026-06-17,2026-06-17 13:16:59
72.7,-2.0,-74.7,23,16660,2026-07-12,2026-07-12 17:09:16
176.2,384.2,208.0,60,16700,2026-06-19,2026-06-19 14:42:50
70.8,68.8,-2.0,58,16700,2026-06-19,2026-06-19 20:00:14
56.7,35.9,-20.8,43,16742,2026-07-25,2026-07-25 11:20:17
91.5,127.3,35.8,34,16902,2026-06-08,2026-06-08 21:06:28
4.9,15.3,10.4,99,16924,2026-07-20,2026-07-20 14:12:07
-10.8,-9.5,1.3,12,16926,2026-06-26,2026-06-26 17:31:48
87.2,65.9,-21.3,47,16965,2026-06-28,2026-06-28 20:15:50
15.6,-5.6,-21.3,31,16965,2026-06-28,2026-06-28 21:43:22
3.6,1.3,-2.3,44,17055,2026-07-23,2026-07-23 18:42:24
25.2,19.1,-6.1,12,17067,2026-06-28,2026-06-28 17:26:44
15.1,3.0,-12.1,35,17068,2026-07-03,2026-07-03 12:39:53
-35.0,-2.8,32.2,9,17104,2026-06-28,2026-06-28 15:34:57
5.6,11.9,6.3,44,17106,2026-06-11,2026-06-11 14:17:26
-8.7,9.7,18.4,144,17150,2026-06-26,2026-06-26 12:44:41
-17.8,0.7,18.4,144,17150,2026-06-26,2026-06-26 12:53:46
33.7,32.2,-1.5,38,17183,2026-08-10,2026-08-10 17:32:16
0.8,0.5,-0.3,48,17199,2026-06-10,2026-06-10 15:58:12
66.9,43.0,-23.9,44,17202,2026-06-19,2026-06-19 19:39:03
28.1,30.6,2.5,41,17225,2026-08-17,2026-08-17 22:49:52
4.0,17.6,13.5,42,17225,2026-08-17,2026-08-17 23:01:57
38.9,37.9,-1.0,125,17276,2026-06-21,2026-06-21 14:16:06
73.7,72.7,-1.0,34,17360,2026-07-09,2026-07-09 16:17:16
7.5,4.7,-2.8,45,17411,2026-07-11,2026-07-11 18:07:27
4.5,1.7,-2.8,45,17411,2026-07-11,2026-07-11 18:10:29
1.5,-1.3,-2.8,45,17411,2026-07-11,2026-07-11 18:13:30
12.8,0.8,-12.0,15,17482,2026-06-20,2026-06-20 12:47:10
25.7,-1.1,-26.8,33,17494,2026-06-29,2026-06-29 08:31:15
28.2,39.0,10.8,32,17508,2026-07-28,2026-07-28 14:57:50
50.6,-0.6,-51.2,13,17595,2026-06-20,2026-06-20 20:56:23
18.0,-4.9,-22.8,21,17641,2026-07-13,2026-07-13 12:21:02
3.6,44.3,40.7,9,17651,2026-06-18,2026-06-18 17:26:24
18.7,28.6,9.9,29,17654,2026-07-03,2026-07-03 13:31:18
-4.0,-28.1,-24.1,45,17680,2026-06-13,2026-06-13 12:03:58
17.4,3.9,-13.6,40,17702,2026-06-25,2026-06-25 11:32:33
-2.3,-9.2,-6.9,10,17719,2026-06-09,2026-06-09 13:35:19
0.2,-14.7,-15.0,53,17721,2026-06-17,2026-06-17 17:36:46
9.1,-5.9,-15.0,20,17721,2026-06-17,2026-06-17 18:00:56
4.9,-2.1,-7.0,28,17805,2026-07-03,2026-07-03 10:57:07
79.8,38.9,-40.9,33,17815,2026-08-16,2026-08-16 14:07:10
25.7,-9.2,-34.9,11,17815,2026-08-16,2026-08-16 15:17:15
3.2,-9.7,-13.0,11,17984,2026-07-14,2026-07-14 13:22:45
-4.3,19.2,23.5,32,18028,2026-07-02,2026-07-02 21:39:18
21.9,40.4,18.5,30,18068,2026-06-18,2026-06-18 20:32:04
70.9,169.6,98.8,39,18071,2026-06-21,2026-06-21 16:53:08
110.2,94.2,-16.0,44,18072,2026-06-24,2026-06-24 12:55:46
-5.1,6.2,11.3,9,18076,2026-07-10,2026-07-10 13:21:06
-29.5,-12.4,17.2,13,18117,2026-06-24,2026-06-24 16:06:32
-22.5,-9.6,12.9,16,18120,2026-07-07,2026-07-07 12:36:30
-9.1,-13.4,-4.3,41,18128,2026-07-03,2026-07-03 19:28:03
-14.3,48.7,63.0,53,18178,2026-06-15,2026-06-15 12:44:19
73.9,-7.9,-81.8,53,18231,2026-07-04,2026-07-04 11:23:03
3.7,38.9,35.2,7,18240,2026-06-10,2026-06-10 17:50:15
46.0,6.6,-39.5,36,18256,2026-06-20,2026-06-20 09:27:57
5.2,22.4,17.2,12,18276,2026-06-24,2026-06-24 15:41:49
26.5,13.0,-13.5,36,18278,2026-06-18,2026-06-18 15:22:27
10.0,3.3,-6.8,29,18318,2026-06-26,2026-06-26 13:20:57
54.0,78.3,24.3,96,18404,2026-07-31,2026-07-31 12:42:01
10.9,-9.1,-20.0,20,18405,2026-08-07,2026-08-07 14:59:05
107.0,101.7,-5.2,25,18449,2026-06-12,2026-06-12 12:33:02
28.2,-0.3,-28.5,50,18458,2026-07-18,2026-07-18 15:13:45
79.0,112.6,33.6,22,18473,2026-06-17,2026-06-17 18:03:58
117.4,99.3,-18.1,37,18485,2026-06-29,2026-06-29 09:55:36
5.4,-12.4,-17.8,14,18530,2026-07-01,2026-07-01 21:13:36
40.0,14.2,-25.8,25,18533,2026-06-21,2026-06-21 13:54:59
-122.7,-157.8,-35.1,205,18610,2026-06-10,2026-06-10 11:37:42
7.2,10.8,3.6,15,18678,2026-06-30,2026-06-30 14:37:47
6.2,22.6,16.3,11,18720,2026-06-27,2026-06-27 18:31:10
18.8,13.3,-5.6,38,18726,2026-08-08,2026-08-08 14:03:09
9.6,9.3,-0.3,39,18733,2026-06-30,2026-06-30 16:02:24
7.6,-16.1,-23.7,41,18734,2026-07-07,2026-07-07 17:11:24
66.5,73.2,6.7,47,18786,2026-08-15,2026-08-15 12:46:27
42.9,86.9,44.0,93,18856,2026-06-10,2026-06-10 17:32:06
36.8,80.8,44.0,93,18856,2026-06-10,2026-06-10 17:38:09
10.4,-5.9,-16.3,37,18857,2026-06-13,2026-06-13 09:17:37
89.7,76.4,-13.3,30,18908,2026-08-18,2026-08-18 19:38:19
48.1,45.1,-3.0,22,18908,2026-08-18,2026-08-18 20:17:36
-37.7,-57.9,-20.3,100,18979,2026-07-25,2026-07-25 15:27:41
17.3,-2.9,-20.3,19,18979,2026-07-25,2026-07-25 15:53:41
177.5,247.1,69.6,30,18982,2026-08-16,2026-08-16 15:44:28
153.7,167.3,13.6,15,18982,2026-08-16,2026-08-16 17:19:16
23.3,-15.7,-39.0,21,18988,2026-06-28,2026-06-28 12:45:41
88.0,41.0,-46.9,59,18995,2026-06-14,2026-06-14 14:18:02
62.5,15.6,-46.9,36,18995,2026-06-14,2026-06-14 15:06:28
29.1,14.6,-14.6,14,19073,2026-06-11,2026-06-11 18:16:51
19.2,-13.8,-33.1,16,19181,2026-06-26,2026-06-26 22:57:45
52.4,-10.0,-62.5,12,19197,2026-06-18,2026-06-18 21:56:33
18.2,27.8,9.7,61,19207,2026-06-15,2026-06-15 15:06:49
30.2,5.0,-25.1,37,19231,2026-06-10,2026-06-10 11:52:50
1.8,7.7,5.9,11,19288,2026-07-08,2026-07-08 13:53:13
-4.8,-9.3,-4.5,39,19289,2026-07-14,2026-07-14 13:25:48
156.2,180.6,24.4,29,19325,2026-07-30,2026-07-30 16:11:45
8.7,-5.8,-14.5,31,19326,2026-08-05,2026-08-05 14:50:18
13.2,40.2,27.0,13,19341,2026-08-17,2026-08-17 17:38:45
6.2,33.2,27.0,11,19341,2026-08-17,2026-08-17 17:47:50
-4.9,23.1,28.0,12,19341,2026-08-17,2026-08-17 17:56:55
16.8,23.6,6.9,11,19369,2026-07-19,2026-07-19 16:30:12
15.3,0.8,-14.5,19,19393,2026-08-07,2026-08-07 13:55:40
-12.8,-27.3,-14.5,29,19393,2026-08-07,2026-08-07 14:13:50
-3.0,-10.1,-7.1,12,19402,2026-06-15,2026-06-15 13:50:59
14.1,5.1,-9.0,77,19407,2026-06-26,2026-06-26 20:32:55
10.5,0.4,-10.1,33,19439,2026-07-03,2026-07-03 11:51:30
41.0,37.7,-3.3,34,19449,2026-06-20,2026-06-20 14:44:59
3.7,0.3,-3.3,23,19449,2026-06-20,2026-06-20 15:33:19
4.5,-11.3,-15.8,41,19465,2026-08-01,2026-08-01 17:59:28
-35.8,-7.6,28.2,12,19561,2026-08-17,2026-08-17 17:38:45
-36.8,-8.6,28.2,10,19561,2026-08-17,2026-08-17 17:41:46
15.7,4.2,-11.5,60,19621,2026-06-25,2026-06-25 10:35:17
22.4,-7.2,-29.6,82,19641,2026-07-06,2026-07-06 16:00:34
23.3,0.5,-22.7,53,19665,2026-06-27,2026-06-27 12:43:43
-21.8,-9.9,11.9,13,19668,2026-06-13,2026-06-13 15:26:46
7.8,-8.5,-16.3,11,19696,2026-07-07,2026-07-07 11:42:11
41.3,260.6,219.3,11,19725,2026-06-10,2026-06-10 15:03:42
73.0,-2.4,-75.3,54,19727,2026-08-07,2026-08-07 12:38:04
80.9,-7.4,-88.3,53,19727,2026-08-07,2026-08-07 12:44:08
4.7,11.1,6.4,31,19753,2026-07-30,2026-07-30 23:11:18
10.8,5.2,-5.6,32,19778,2026-08-15,2026-08-15 14:17:13
56.2,81.5,25.2,51,19780,2026-06-15,2026-06-15 13:29:47
286.3,277.5,-8.8,61,19797,2026-06-18,2026-06-18 13:27:42
6.3,20.3,14.0,9,19831,2026-08-07,2026-08-07 15:47:39
23.0,19.1,-3.9,40,19836,2026-06-12,2026-06-12 12:26:59
5.8,18.0,12.2,13,19838,2026-06-27,2026-06-27 13:50:12
-2.8,-15.5,-12.7,44,19839,2026-07-03,2026-07-03 18:48:46
5.9,-8.5,-14.4,39,19862,2026-06-19,2026-06-19 13:00:04
6.8,-7.7,-14.4,17,19862,2026-06-19,2026-06-19 13:21:13
8.1,-1.4,-9.5,11,19863,2026-07-07,2026-07-07 20:42:40
10.4,-10.1,-20.5,38,19866,2026-06-13,2026-06-13 20:56:34
-31.3,-7.7,23.6,11,19871,2026-07-05,2026-07-05 16:35:19
8.7,0.2,-8.5,41,19872,2026-07-11,2026-07-11 17:40:16
66.4,4.4,-62.0,25,19917,2026-06-15,2026-06-15 18:11:36
110.7,107.2,-3.5,51,19941,2026-06-10,2026-06-10 14:18:19
82.4,78.9,-3.5,40,19941,2026-06-10,2026-06-10 14:57:38
36.8,33.3,-3.5,22,19941,2026-06-10,2026-06-10 16:01:14
95.0,83.5,-11.5,20,19954,2026-06-11,2026-06-11 13:35:02
-15.4,-10.5,4.9,11,19964,2026-07-18,2026-07-18 14:37:26
33.0,10.2,-22.9,56,19965,2026-07-24,2026-07-24 11:00:57
29.8,4.8,-25.0,28,19991,2026-08-16,2026-08-16 21:03:12
11.6,-13.4,-25.0,16,19991,2026-08-16,2026-08-16 21:33:26
-3.9,22.9,26.7,11,20001,2026-07-11,2026-07-11 12:37:51
31.2,52.7,21.5,12,20024,2026-06-13,2026-06-13 15:29:47
6.6,15.4,8.8,38,20034,2026-06-23,2026-06-23 11:00:22
39.6,-26.2,-65.8,76,20040,2026-06-11,2026-06-11 16:09:26
103.3,188.0,84.7,64,20107,2026-07-05,2026-07-05 17:23:40
14.7,69.8,55.2,11,20111,2026-06-19,2026-06-19 20:09:20
8.8,4.1,-4.7,56,20112,2026-06-27,2026-06-27 11:25:12
69.3,35.2,-34.1,34,20125,2026-06-22,2026-06-22 12:46:42
2.7,-3.7,-6.4,55,20141,2026-06-29,2026-06-29 12:02:17
60.1,50.1,-10.0,56,20146,2026-06-21,2026-06-21 07:28:52
45.9,36.0,-10.0,37,20146,2026-06-21,2026-06-21 08:02:03
23.0,32.3,9.3,15,20176,2026-06-27,2026-06-27 13:16:57
-16.1,20.3,36.4,45,20185,2026-06-10,2026-06-10 12:20:07
33.7,-5.4,-39.1,39,20188,2026-07-11,2026-07-11 13:32:16
8.0,54.6,46.6,42,20239,2026-06-19,2026-06-20 01:29:01
14.1,40.9,26.8,34,20244,2026-06-09,2026-06-09 14:59:53
3.7,21.8,18.1,31,20245,2026-06-18,2026-06-18 18:55:17
-0.1,7.3,7.4,23,20266,2026-07-11,2026-07-11 17:40:16
-3.6,1.2,4.7,11,20266,2026-07-11,2026-07-11 17:58:24
-7.0,21.9,28.9,44,20283,2026-07-05,2026-07-05 18:18:00
42.7,46.7,4.0,52,20284,2026-07-09,2026-07-09 19:18:37
-10.1,5.2,15.3,24,20284,2026-07-09,2026-07-09 20:28:04
39.1,-13.0,-52.1,15,20318,2026-06-19,2026-06-19 12:35:55
10.3,-9.7,-20.0,32,20378,2026-06-21,2026-06-21 10:17:41
27.0,-3.6,-30.6,22,20379,2026-06-26,2026-06-26 10:55:59
12.5,-8.8,-21.3,24,20392,2026-08-17,2026-08-17 14:53:27
9.4,-11.9,-21.3,12,20392,2026-08-17,2026-08-17 15:08:34
-8.6,-14.0,-5.4,38,20398,2026-07-17,2026-07-17 08:30:34
49.1,-12.7,-61.8,44,20400,2026-07-30,2026-07-30 13:26:53
-10.9,16.9,27.8,51,20419,2026-06-14,2026-06-14 13:59:52
-0.2,-0.3,-0.1,5,20423,2026-06-14,2026-06-14 10:55:14
5.0,11.0,6.0,40,20440,2026-07-20,2026-07-20 13:44:58
78.5,-10.2,-88.7,57,20462,2026-07-18,2026-07-18 10:14:28
66.2,92.1,25.9,83,20464,2026-07-20,2026-07-20 16:31:46
14.9,45.6,30.7,19,20470,2026-06-11,2026-06-11 11:37:06
19.7,-1.1,-20.8,17,20471,2026-06-13,2026-06-13 20:23:17
15.9,-8.8,-24.7,21,20539,2026-08-15,2026-08-15 15:53:06
-1.2,-5.3,-4.1,17,20557,2026-06-14,2026-06-14 12:44:12
73.6,10.3,-63.3,35,20578,2026-08-05,2026-08-05 21:32:25
13.0,-4.4,-17.4,50,20614,2026-06-29,2026-06-29 13:42:01
58.5,38.4,-20.1,23,20615,2026-07-03,2026-07-03 16:08:31
93.9,97.0,3.1,36,20624,2026-06-18,2026-06-19 00:00:07
63.1,-6.4,-69.5,28,20626,2026-06-14,2026-06-14 12:13:55
23.1,27.1,4.0,56,20647,2026-07-17,2026-07-17 12:40:54
26.3,30.1,3.8,50,20648,2026-08-03,2026-08-03 20:02:40
22.2,26.0,3.8,30,20648,2026-08-03,2026-08-03 20:26:49
2.4,-6.3,-8.7,53,20669,2026-06-14,2026-06-14 11:34:35
10.6,-9.4,-20.0,11,20670,2026-06-14,2026-06-14 13:08:25
-17.4,-9.4,8.0,11,20700,2026-08-13,2026-08-13 13:36:23
-5.0,-9.4,-4.5,36,20740,2026-07-07,2026-07-07 16:13:58
-16.0,66.0,81.9,58,20745,2026-06-30,2026-06-30 20:36:58
-12.7,-8.6,4.2,38,20746,2026-07-03,2026-07-03 14:34:44
26.8,43.7,16.9,24,20766,2026-07-11,2026-07-11 17:34:13
-31.7,-10.8,20.9,12,20766,2026-07-11,2026-07-11 18:40:43
40.9,86.3,45.4,65,20775,2026-06-12,2026-06-12 22:25:03
68.0,16.2,-51.8,28,20811,2026-07-12,2026-07-12 09:23:57
-28.9,-10.7,18.2,12,20856,2026-06-21,2026-06-21 16:10:53
-16.2,0.3,16.5,11,20878,2026-07-11,2026-07-11 15:30:13
56.3,6.4,-49.9,27,20879,2026-07-15,2026-07-15 14:36:43
10.1,29.1,19.0,10,20901,2026-06-21,2026-06-21 13:39:54
69.8,43.7,-26.1,57,20908,2026-07-21,2026-07-21 15:23:10
58.7,32.6,-26.1,50,20908,2026-07-21,2026-07-21 15:41:17
-1.3,-0.7,0.6,12,20917,2026-06-29,2026-06-29 18:38:19
47.3,63.3,16.0,51,20925,2026-08-19,2026-08-19 14:46:41
-4.5,-9.8,-5.3,39,20950,2026-06-16,2026-06-16 11:05:27
-11.6,-7.8,3.8,41,20978,2026-07-28,2026-07-28 14:00:37
48.5,35.8,-12.8,9,20997,2026-06-15,2026-06-15 11:10:28
14.3,33.3,19.0,28,20999,2026-06-19,2026-06-19 11:59:42
-20.4,1.5,21.9,34,21003,2026-06-19,2026-06-19 13:45:24
79.7,70.2,-9.5,10,21030,2026-06-27,2026-06-27 16:30:17
11.4,1.9,-9.5,39,21030,2026-06-27,2026-06-27 17:09:35
67.5,67.9,0.4,32,21066,2026-06-25,2026-06-25 14:15:27
17.2,32.6,15.4,10,21079,2026-06-17,2026-06-17 15:20:49
-2.7,-6.0,-3.3,12,21089,2026-08-13,2026-08-13 14:03:40
66.4,75.6,9.2,31,21091,2026-07-24,2026-07-25 01:30:38
98.0,78.1,-20.0,55,21124,2026-08-19,2026-08-19 13:30:58
10.2,42.6,32.5,32,21131,2026-06-15,2026-06-15 13:35:50
23.2,31.8,8.6,30,21142,2026-06-17,2026-06-17 23:32:48
-19.4,-5.0,14.4,12,21156,2026-06-09,2026-06-09 13:44:24
31.6,-0.2,-31.8,17,21171,2026-06-25,2026-06-25 16:31:21
15.2,-12.3,-27.5,35,21175,2026-06-27,2026-06-27 10:09:45
-0.3,-7.4,-7.1,11,21186,2026-07-12,2026-07-12 12:43:17
17.3,1.0,-16.3,16,21202,2026-06-28,2026-06-28 17:26:44
34.0,4.1,-29.9,56,21210,2026-07-05,2026-07-05 08:04:58
27.7,41.7,14.1,31,21211,2026-06-23,2026-06-23 17:38:51
96.2,2.3,-93.9,38,21226,2026-07-12,2026-07-12 13:43:45
97.2,-6.8,-103.9,35,21226,2026-07-12,2026-07-12 13:55:50
54.9,30.1,-24.9,19,21243,2026-08-21,2026-08-21 19:16:04
60.6,38.7,-21.9,55,21303,2026-07-26,2026-07-26 14:04:25
-9.3,2.4,11.7,35,21327,2026-07-05,2026-07-05 18:54:15
26.3,140.8,114.5,39,21348,2026-06-15,2026-06-15 08:54:40
1.5,7.2,5.7,34,21362,2026-07-05,2026-07-05 14:49:31
29.1,3.0,-26.1,56,21388,2026-06-27,2026-06-27 13:04:52
32.0,3.5,-28.4,11,21400,2026-08-04,2026-08-04 21:32:02
79.1,133.8,54.7,11,21403,2026-06-17,2026-06-17 13:07:55
18.3,1.1,-17.1,19,21404,2026-06-22,2026-06-22 12:52:44
21.8,-10.8,-32.6,53,21414,2026-06-21,2026-06-21 11:45:09
75.0,2.9,-72.1,36,21416,2026-06-17,2026-06-17 21:59:17
25.9,-9.1,-34.9,38,21454,2026-06-16,2026-06-16 09:56:07
9.0,-4.2,-13.2,17,21472,2026-06-14,2026-06-14 10:34:02
46.1,-9.8,-55.9,11,21495,2026-07-16,2026-07-16 17:41:54
79.2,52.6,-26.6,35,21500,2026-06-14,2026-06-14 13:50:47
82.5,89.6,7.1,33,21509,2026-07-07,2026-07-07 12:36:30
56.4,30.3,-26.1,42,21510,2026-07-17,2026-07-17 16:21:37
-9.9,8.4,18.3,40,21567,2026-06-22,2026-06-22 14:59:52
107.0,38.0,-69.1,12,21573,2026-06-11,2026-06-11 18:28:57
24.5,11.5,-12.9,37,21615,2026-07-24,2026-07-24 09:33:32
23.2,-9.0,-32.2,35,21638,2026-06-27,2026-06-27 10:21:49
-8.8,2.7,11.5,31,21648,2026-07-07,2026-07-07 14:52:25
35.0,7.4,-27.6,49,21655,2026-07-03,2026-07-03 17:05:57
20.7,-6.9,-27.6,21,21655,2026-07-03,2026-07-03 17:48:18
11.5,-5.8,-17.3,71,21677,2026-07-12,2026-07-12 20:07:30
39.6,47.9,8.3,11,21686,2026-07-10,2026-07-10 13:57:24
21.1,-3.1,-24.2,60,21706,2026-06-11,2026-06-11 16:38:52
155.3,172.4,17.0,13,21723,2026-06-11,2026-06-11 23:28:40
27.8,66.0,38.2,44,21759,2026-06-26,2026-06-26 14:48:39
23.7,61.9,38.2,36,21759,2026-06-26,2026-06-26 15:00:44
4.9,28.5,23.6,34,21769,2026-07-02,2026-07-02 08:21:06
26.7,36.9,10.3,15,21777,2026-08-15,2026-08-15 17:17:19
16.5,26.8,10.3,10,21777,2026-08-15,2026-08-15 17:32:27
-2.9,80.5,83.3,36,21778,2026-08-21,2026-08-21 16:11:52
16.7,64.5,47.8,31,21788,2026-08-16,2026-08-16 17:19:16
148.0,180.6,32.6,29,21802,2026-07-07,2026-07-07 13:52:01
39.8,-11.9,-51.7,36,21803,2026-07-10,2026-07-10 11:14:13
18.7,-4.5,-23.2,15,21840,2026-08-08,2026-08-08 17:11:17
1.2,-9.2,-10.5,48,21855,2026-07-03,2026-07-03 21:25:45
21.8,4.0,-17.8,44,21879,2026-07-07,2026-07-07 11:39:10
13.8,-4.0,-17.8,40,21879,2026-07-07,2026-07-07 11:51:14
28.3,31.0,2.7,44,21900,2026-06-11,2026-06-11 20:17:41
-6.4,0.2,6.6,31,21933,2026-06-18,2026-06-18 15:16:25
-9.9,-3.2,6.7,23,21934,2026-06-22,2026-06-22 18:16:54
-24.2,7.3,31.6,32,21953,2026-07-19,2026-07-19 13:38:14
-47.8,-13.2,34.6,16,21953,2026-07-19,2026-07-19 14:14:48
63.4,-8.1,-71.5,11,21968,2026-06-10,2026-06-10 13:05:36
-15.6,0.8,16.4,118,21998,2026-08-21,2026-08-21 14:52:38
-23.3,-6.9,16.4,95,21998,2026-08-21,2026-08-21 15:23:20
-1.9,5.2,7.1,26,22018,2026-06-10,2026-06-10 21:00:52
14.2,79.7,65.5,11,22021,2026-06-21,2026-06-21 13:24:47
-14.0,-7.9,6.1,42,22053,2026-06-22,2026-06-22 15:14:59
89.4,40.2,-49.2,31,22083,2026-06-25,2026-06-25 20:39:37
9.5,-3.5,-13.0,35,22084,2026-07-03,2026-07-03 18:15:31
-9.2,-3.6,5.6,112,22144,2026-06-15,2026-06-15 15:49:14
37.4,43.0,5.6,29,22144,2026-06-15,2026-06-15 16:25:35
24.3,-0.4,-24.7,31,22176,2026-06-26,2026-06-26 17:19:43
-1.7,-2.4,-0.7,80,22180,2026-07-18,2026-07-18 16:41:43
97.5,86.5,-10.9,62,22181,2026-08-16,2026-08-16 14:52:31
30.5,-1.6,-32.1,24,22189,2026-06-26,2026-06-26 12:20:31
-5.6,-6.9,-1.3,38,22201,2026-06-17,2026-06-17 08:27:36
120.4,273.4,153.0,41,22203,2026-06-21,2026-06-21 18:08:35
-7.5,-11.3,-3.8,36,22206,2026-06-20,2026-06-20 11:01:29
-9.2,34.6,43.8,63,22209,2026-06-19,2026-06-19 15:34:14
-25.3,24.6,49.8,67,22209,2026-06-19,2026-06-19 15:40:17
15.3,-5.6,-20.9,20,22223,2026-06-18,2026-06-18 13:24:41
0.9,1.0,0.0,61,22224,2026-07-22,2026-07-22 18:58:03
48.5,24.8,-23.8,32,22225,2026-07-28,2026-07-28 16:09:27
49.9,66.7,16.8,31,22231,2026-06-09,2026-06-09 17:58:05
55.6,68.0,12.4,16,22246,2026-06-19,2026-06-19 15:58:25
16.9,20.2,3.3,19,22255,2026-06-12,2026-06-12 17:24:06
12.8,23.7,10.9,37,22261,2026-07-05,2026-07-05 16:23:13
2.1,-8.6,-10.7,55,22262,2026-07-13,2026-07-13 12:02:54
9.6,-8.6,-18.2,18,22279,2026-08-20,2026-08-20 14:32:23
21.7,7.4,-14.2,37,22291,2026-06-12,2026-06-12 08:16:20
11.0,4.1,-6.9,29,22310,2026-06-13,2026-06-13 19:50:00
40.2,42.9,2.8,17,22317,2026-06-11,2026-06-11 16:32:49
-6.0,19.9,25.9,12,22318,2026-08-09,2026-08-09 17:18:02
34.5,38.1,3.6,28,22328,2026-06-12,2026-06-12 23:25:27
82.9,25.1,-57.8,23,22339,2026-06-23,2026-06-23 15:44:06
58.1,107.3,49.3,12,22340,2026-07-11,2026-07-11 19:01:54
50.1,0.5,-49.6,31,22349,2026-07-15,2026-07-15 12:38:53
9.0,-10.6,-19.6,21,22349,2026-07-15,2026-07-15 13:00:01
36.2,37.6,1.4,38,22354,2026-06-17,2026-06-17 17:33:45
103.8,110.2,6.5,46,22389,2026-06-15,2026-06-15 15:49:14
21.0,30.5,9.5,56,22389,2026-06-15,2026-06-15 16:58:57
39.9,-5.1,-45.0,30,22429,2026-06-17,2026-06-17 15:51:03
36.4,26.1,-10.3,17,22434,2026-08-07,2026-08-07 17:36:37
-14.8,-13.6,1.2,43,22435,2026-06-12,2026-06-12 15:16:46
56.4,794.9,738.5,27,22449,2026-07-28,2026-07-28 10:46:09
3.2,-3.9,-7.2,47,22456,2026-08-06,2026-08-06 18:24:45
20.1,-9.1,-29.2,29,22461,2026-06-24,2026-06-24 13:10:51
31.7,65.1,33.4,11,22514,2026-07-03,2026-07-03 20:04:17
25.1,3.1,-21.9,18,22519,2026-06-09,2026-06-09 12:46:56
4.3,59.0,54.8,77,22541,2026-06-26,2026-06-26 20:02:43
-18.3,-9.6,8.8,34,22551,2026-06-14,2026-06-14 12:59:20
102.6,120.3,17.7,37,22553,2026-08-05,2026-08-05 16:27:25
34.2,-2.9,-37.1,18,22554,2026-08-10,2026-08-10 16:37:48
92.3,89.9,-2.5,48,22570,2026-06-13,2026-06-13 17:09:39
9.7,-11.4,-21.1,14,22574,2026-06-18,2026-06-18 12:21:18
-19.8,-17.0,2.8,60,22584,2026-06-26,2026-06-26 15:03:45
19.0,45.0,26.1,46,22585,2026-06-29,2026-06-29 15:55:02
6.8,-16.3,-23.0,41,22593,2026-06-26,2026-06-26 13:57:14
-23.6,-1.8,21.8,12,22605,2026-06-29,2026-06-29 19:17:37
16.5,4.6,-11.9,34,22615,2026-06-14,2026-06-14 09:24:28
35.6,18.0,-17.6,44,22618,2026-06-12,2026-06-12 19:40:25
-7.3,-9.8,-2.6,30,22623,2026-06-15,2026-06-15 10:37:16
-22.3,1.2,23.5,26,22624,2026-06-26,2026-06-26 14:03:17
26.3,11.6,-14.7,33,22627,2026-07-22,2026-07-22 13:00:39
15.5,1.2,-14.4,13,22639,2026-06-11,2026-06-11 12:31:27
6.8,-12.7,-19.5,37,22641,2026-06-26,2026-06-26 08:16:10
63.8,55.0,-8.8,33,22655,2026-07-14,2026-07-14 14:23:12
25.9,31.0,5.1,32,22658,2026-06-10,2026-06-10 22:52:07
12.6,-2.5,-15.1,42,22662,2026-06-26,2026-06-26 16:40:25
11.4,-2.4,-13.8,18,22663,2026-07-03,2026-07-03 18:30:37
10.9,18.0,7.1,22,22678,2026-07-25,2026-07-25 13:57:04
50.3,55.9,5.6,33,22691,2026-07-01,2026-07-01 15:05:39
40.9,31.1,-9.8,45,22695,2026-07-22,2026-07-22 19:04:05
42.3,32.5,-9.8,14,22695,2026-07-22,2026-07-22 19:33:42
3.8,-5.4,-9.2,17,22704,2026-07-01,2026-07-01 16:39:10
21.8,8.6,-13.2,38,22706,2026-07-03,2026-07-03 11:00:09
63.2,82.9,19.8,13,22717,2026-07-01,2026-07-01 15:38:50
72.4,31.3,-41.0,27,22719,2026-07-06,2026-07-06 13:50:38
32.4,26.7,-5.8,15,22742,2026-07-05,2026-07-05 12:42:35
47.0,16.7,-30.3,17,22761,2026-06-18,2026-06-18 20:26:02
-12.8,-7.5,5.3,55,22763,2026-06-19,2026-06-19 12:17:49
-11.5,-6.5,5.0,42,22775,2026-06-12,2026-06-12 16:29:31
25.7,-10.6,-36.3,12,22777,2026-06-12,2026-06-12 21:29:19
-29.0,-10.9,18.0,37,22778,2026-06-20,2026-06-20 16:51:57
20.7,-11.2,-31.9,13,22781,2026-06-09,2026-06-09 18:40:20
31.4,-0.0,-31.4,33,22782,2026-06-13,2026-06-13 15:05:35
-56.0,-63.2,-7.2,118,22784,2026-06-19,2026-06-19 21:58:01
48.7,-9.4,-58.1,39,22791,2026-07-03,2026-07-03 09:02:19
61.9,65.7,3.8,11,22801,2026-07-04,2026-07-04 14:09:08
127.5,-11.5,-139.0,13,22822,2026-07-22,2026-07-22 22:04:31
10.7,-6.3,-17.0,10,22826,2026-06-20,2026-06-20 15:24:15
22.7,25.0,2.3,117,22828,2026-07-20,2026-07-20 12:40:15
64.8,65.2,0.3,17,22829,2026-06-22,2026-06-22 20:48:09
47.7,12.3,-35.5,53,22832,2026-08-01,2026-08-01 11:49:16
12.2,-4.9,-17.1,19,22848,2026-06-24,2026-06-24 19:28:49
43.1,-9.0,-52.0,11,22855,2026-06-13,2026-06-13 17:39:56
34.3,20.0,-14.4,15,22856,2026-06-19,2026-06-19 16:25:40
24.9,-6.5,-31.4,52,22859,2026-07-11,2026-07-11 10:43:04
-5.1,-8.7,-3.6,18,22863,2026-06-25,2026-06-25 18:17:03
19.5,-5.5,-25.0,39,22869,2026-07-08,2026-07-08 18:31:27
20.9,-0.3,-21.2,50,22879,2026-06-12,2026-06-12 07:49:06
14.4,12.3,-2.1,46,22887,2026-06-26,2026-06-26 19:44:38
2.3,0.2,-2.1,46,22887,2026-06-26,2026-06-26 19:56:41
8.2,-2.2,-10.4,20,22891,2026-06-24,2026-06-24 19:31:49
28.4,33.2,4.8,30,22896,2026-06-15,2026-06-15 11:31:38
28.5,-51.0,-79.5,54,22897,2026-06-20,2026-06-20 11:07:31
-38.6,10.2,48.8,28,22902,2026-06-12,2026-06-12 15:01:35
-0.8,32.1,32.9,30,22909,2026-06-08,2026-06-08 19:29:50
-10.4,5.8,16.2,75,22912,2026-06-22,2026-06-22 11:55:22
-20.5,-4.3,16.2,61,22912,2026-06-22,2026-06-22 12:19:30
18.3,13.4,-4.9,28,22914,2026-06-08,2026-06-08 19:05:40
56.8,-9.7,-66.5,37,22936,2026-07-03,2026-07-03 08:41:12
24.3,0.5,-23.8,19,22939,2026-07-03,2026-07-03 21:16:43
53.7,62.0,8.4,36,22942,2026-08-13,2026-08-13 15:28:18
5.9,-6.1,-12.0,21,22948,2026-06-21,2026-06-21 19:33:04
14.1,7.6,-6.5,41,22951,2026-06-20,2026-06-20 12:04:54
4.9,-7.9,-12.8,39,22957,2026-06-27,2026-06-27 18:16:03
-6.4,-2.4,4.0,26,22972,2026-06-17,2026-06-17 14:20:24
10.6,-8.0,-18.5,35,22973,2026-06-21,2026-06-21 09:29:26
13.6,19.8,6.2,34,22988,2026-08-20,2026-08-20 23:11:26
22.3,27.1,4.8,12,22990,2026-06-14,2026-06-14 21:36:39
23.6,-0.5,-24.1,19,22993,2026-07-22,2026-07-22 15:17:23
29.3,32.5,3.2,53,23010,2026-06-15,2026-06-15 13:17:39
-26.0,-10.6,15.4,13,23023,2026-06-14,2026-06-14 14:15:00
27.1,1.3,-25.7,31,23051,2026-07-03,2026-07-03 15:01:56
17.9,-7.8,-25.7,19,23051,2026-07-03,2026-07-03 15:23:06
2.6,-9.1,-11.7,12,23053,2026-07-04,2026-07-04 14:45:25
13.3,26.5,13.2,13,23076,2026-06-27,2026-06-27 15:02:41
-11.7,-8.9,2.8,12,23082,2026-06-12,2026-06-12 13:33:39
35.0,44.4,9.4,8,23083,2026-06-21,2026-06-21 17:41:27
33.1,53.5,20.4,32,23103,2026-07-31,2026-07-31 16:15:42
70.8,81.0,10.3,30,23114,2026-06-30,2026-06-30 13:13:14
-5.7,10.6,16.3,31,23114,2026-06-30,2026-06-30 14:22:40
-101.9,-29.8,72.1,74,23120,2026-06-27,2026-06-27 17:57:56
-12.8,-3.9,8.9,32,23122,2026-08-21,2026-08-21 15:10:50
2.3,-7.5,-9.9,80,23124,2026-06-18,2026-06-18 19:37:40
26.8,6.6,-20.2,21,23126,2026-06-14,2026-06-14 20:27:11
6.0,-11.5,-17.5,35,23133,2026-06-14,2026-06-14 10:34:02
99.3,46.4,-53.0,62,23148,2026-06-26,2026-06-26 14:48:39
7.7,-15.3,-23.0,27,23148,2026-06-26,2026-06-26 16:25:20
-2.4,16.7,19.0,42,23177,2026-06-11,2026-06-11 16:00:21
20.1,32.7,12.6,14,23179,2026-06-16,2026-06-16 15:12:52
-15.9,-8.0,7.9,36,23186,2026-08-01,2026-08-01 10:39:53
61.5,-2.5,-64.0,5,23203,2026-06-13,2026-06-13 14:53:29
20.4,-1.4,-21.7,47,23220,2026-06-24,2026-06-24 18:52:36
-1.7,-9.8,-8.1,27,23226,2026-06-14,2026-06-14 11:49:42
38.7,45.0,6.3,29,23238,2026-06-23,2026-06-23 13:34:16
20.6,26.9,6.3,29,23238,2026-06-23,2026-06-23 13:52:23
-18.7,-12.4,6.3,14,23238,2026-06-23,2026-06-23 14:46:42
-6.4,-11.4,-5.0,47,23243,2026-08-17,2026-08-17 21:49:23
-18.5,-14.0,4.5,76,23245,2026-07-03,2026-07-03 16:02:27
-11.9,-15.0,-3.1,17,23248,2026-06-21,2026-06-21 13:33:51
7.5,-8.2,-15.7,36,23249,2026-06-27,2026-06-27 09:21:28
29.0,24.1,-4.9,34,23258,2026-06-14,2026-06-14 16:07:00
29.0,4.9,-24.1,19,23265,2026-07-24,2026-07-24 15:11:59
41.1,33.7,-7.4,22,23267,2026-08-21,2026-08-21 16:11:52
76.2,93.7,17.5,53,23273,2026-06-23,2026-06-23 23:55:49
41.5,53.9,12.4,28,23281,2026-06-09,2026-06-09 13:59:31
-16.3,3.0,19.3,40,23305,2026-07-25,2026-07-25 17:09:16
7.2,-8.2,-15.4,37,23306,2026-08-01,2026-08-01 07:30:47
31.7,61.3,29.6,29,23313,2026-06-09,2026-06-09 15:57:16
2.4,-9.6,-12.0,37,23317,2026-07-03,2026-07-03 16:20:38
45.4,130.6,85.2,57,23318,2026-07-14,2026-07-14 13:01:37
72.1,111.3,39.2,37,23318,2026-07-14,2026-07-14 13:40:54
152.4,129.9,-22.6,24,23320,2026-08-13,2026-08-13 14:25:34
142.3,125.7,-16.6,13,23320,2026-08-13,2026-08-13 14:40:44
17.9,120.4,102.5,33,23333,2026-06-17,2026-06-17 21:26:05
38.7,14.5,-24.2,38,23339,2026-07-04,2026-07-04 16:58:18
49.7,12.7,-36.9,33,23343,2026-06-12,2026-06-12 14:37:18
17.2,-6.3,-23.4,13,23349,2026-06-22,2026-06-22 19:59:49
70.8,31.8,-39.0,64,23355,2026-06-22,2026-06-22 15:30:12
48.4,24.4,-24.0,41,23355,2026-06-22,2026-06-22 16:00:34
15.8,-8.2,-24.0,10,23355,2026-06-22,2026-06-22 17:04:11
-14.3,-19.6,-5.3,49,23359,2026-07-18,2026-07-18 14:25:20
63.0,12.6,-50.4,51,23362,2026-07-03,2026-07-03 10:35:59
43.9,-24.3,-68.3,60,23378,2026-06-22,2026-06-22 10:46:03
-12.6,52.3,64.9,34,23380,2026-06-27,2026-06-27 14:38:33
-23.6,-10.1,13.5,11,23406,2026-06-27,2026-06-27 19:37:35
25.8,3.3,-22.6,13,23411,2026-07-17,2026-07-17 23:06:09
3.9,1.3,-2.6,37,23414,2026-06-11,2026-06-12 00:44:04
89.3,84.7,-4.6,45,23417,2026-06-12,2026-06-12 11:53:41
4.1,-3.8,-7.9,21,23422,2026-06-26,2026-06-26 17:49:55
-27.5,10.4,38.0,33,23439,2026-07-08,2026-07-08 14:35:32
43.2,35.5,-7.8,29,23444,2026-07-02,2026-07-02 20:17:46
-9.0,-16.7,-7.8,51,23444,2026-07-02,2026-07-02 20:47:57
-5.7,6.0,11.7,17,23461,2026-08-06,2026-08-06 18:18:42
104.5,98.2,-6.3,65,23462,2026-07-22,2026-06-22 12:10:27
24.0,17.7,-6.3,73,23462,2026-07-22,2026-06-22 13:22:57
10.4,4.1,-6.3,17,23462,2026-07-22,2026-06-22 14:32:34
-2.7,12.4,15.1,12,23465,2026-06-25,2026-06-25 14:51:42
-2.9,7.4,10.3,68,23477,2026-06-13,2026-06-13 11:54:53
-35.2,-30.8,4.3,43,23478,2026-06-14,2026-06-14 16:22:09
36.9,-7.7,-44.5,10,23490,2026-08-15,2026-08-15 15:56:08
53.7,61.7,8.0,28,23494,2026-08-12,2026-08-12 17:56:17
21.8,28.8,7.0,31,23503,2026-07-09,2026-07-09 14:10:13
-3.0,12.1,15.1,29,23514,2026-06-13,2026-06-14 00:15:58
24.7,47.8,23.2,14,23515,2026-06-12,2026-06-12 17:42:20
80.1,-0.1,-80.2,11,23523,2026-07-25,2026-07-25 10:22:56
3.5,-1.0,-4.5,27,23524,2026-08-01,2026-08-01 16:29:27
-3.8,-7.9,-4.1,40,23550,2026-06-22,2026-06-22 14:53:48
6.1,-19.8,-25.9,75,23553,2026-08-08,2026-08-08 13:38:56
3.0,-22.9,-25.9,75,23553,2026-08-08,2026-08-08 13:41:58
34.8,8.9,-25.9,19,23553,2026-08-08,2026-08-08 14:06:10
13.2,7.4,-5.8,11,23576,2026-08-06,2026-08-06 11:15:47
44.5,54.2,9.7,11,23583,2026-06-18,2026-06-18 12:54:31
203.4,138.6,-64.8,62,23591,2026-08-07,2026-08-06 13:41:35
165.0,104.2,-60.8,54,23591,2026-08-07,2026-08-06 14:24:00
103.4,15.9,-87.5,28,23591,2026-08-07,2026-08-06 16:18:19
14.3,54.6,40.2,37,23592,2026-08-10,2026-08-10 14:38:40
79.4,107.0,27.6,46,23599,2026-06-18,2026-06-18 10:14:35
-38.9,79.1,118.0,67,23612,2026-06-11,2026-06-11 21:44:53
38.5,-5.6,-44.1,11,23613,2026-07-23,2026-07-23 16:29:51
1.9,-14.0,-15.9,43,23627,2026-06-28,2026-06-28 18:15:04
16.8,-6.5,-23.4,35,23635,2026-06-21,2026-06-21 08:23:09
39.5,20.1,-19.3,36,23644,2026-06-21,2026-06-21 09:44:31
-21.7,-1.9,19.8,53,23654,2026-06-20,2026-06-20 18:46:40
-32.7,-12.9,19.8,61,23654,2026-06-20,2026-06-20 18:49:40
-17.0,-15.8,1.3,40,23657,2026-06-16,2026-06-16 15:37:02
-30.7,-8.2,22.5,11,23662,2026-06-12,2026-06-12 13:39:43
72.1,128.5,56.4,12,23664,2026-07-17,2026-07-17 19:10:53
-6.0,-3.4,2.6,53,23668,2026-07-19,2026-07-19 12:55:59
-15.3,-7.0,8.2,84,23670,2026-07-24,2026-07-24 14:51:15
11.5,-15.8,-27.3,36,23672,2026-06-22,2026-06-22 08:42:29
7.4,-6.3,-13.7,27,23676,2026-06-25,2026-06-25 07:55:38
-16.9,-2.7,14.2,49,23677,2026-07-17,2026-07-17 12:40:54
-26.2,-12.0,14.2,13,23677,2026-07-17,2026-07-17 13:26:11
-0.7,15.7,16.4,12,23680,2026-07-25,2026-07-25 18:21:39
1.8,-9.3,-11.1,38,23685,2026-06-16,2026-06-16 10:20:14
-2.8,6.6,9.4,45,23704,2026-06-21,2026-06-21 18:47:48
-7.6,-5.4,2.2,50,23708,2026-08-21,2026-08-21 15:47:35
-1.7,0.5,2.2,35,23708,2026-08-21,2026-08-21 15:56:40
114.0,120.3,6.3,42,23711,2026-06-16,2026-06-16 15:37:02
4.8,8.8,4.0,29,23715,2026-06-16,2026-06-16 13:24:13
-21.2,10.9,32.0,12,23746,2026-06-15,2026-06-15 14:09:10
12.7,1.5,-11.2,9,23764,2026-06-26,2026-06-26 18:53:19
-2.6,-3.6,-1.0,37,23784,2026-06-20,2026-06-20 18:25:33
7.6,-3.1,-10.7,37,23789,2026-06-27,2026-06-27 09:00:23
-0.1,31.0,31.0,62,23791,2026-06-12,2026-06-12 22:28:04
24.6,38.9,14.4,12,23794,2026-06-17,2026-06-17 11:55:26
47.0,16.4,-30.6,56,23802,2026-07-27,2026-07-27 10:16:57
45.5,135.1,89.6,32,23803,2026-06-12,2026-06-12 18:00:32
77.8,66.4,-11.4,31,23809,2026-08-19,2026-08-19 15:43:11
40.7,35.4,-5.4,10,23809,2026-08-19,2026-08-19 16:35:15
25.4,1.9,-23.5,13,23813,2026-06-23,2026-06-23 13:10:07
-6.1,15.3,21.5,49,23820,2026-08-10,2026-08-10 17:17:08
33.8,32.2,-1.6,34,23822,2026-07-19,2026-07-19 16:30:12
-38.7,11.9,50.6,33,23834,2026-06-17,2026-06-17 23:05:40
14.7,76.8,62.1,35,23836,2026-07-12,2026-07-12 12:40:17
60.6,55.9,-4.6,14,23842,2026-06-20,2026-06-20 18:04:25
-9.0,-8.1,0.9,41,23849,2026-06-20,2026-06-20 14:48:00
31.6,108.2,76.6,52,23876,2026-07-03,2026-07-03 11:36:25
-5.5,0.3,5.9,36,23890,2026-06-30,2026-06-30 14:04:32
40.7,56.3,15.6,30,23894,2026-06-30,2026-06-30 13:22:17
22.5,35.0,12.6,12,23894,2026-06-30,2026-06-30 14:01:31
-3.9,-8.5,-4.6,18,23895,2026-07-05,2026-07-05 13:30:55
-15.4,-14.9,0.5,17,23913,2026-07-19,2026-07-19 19:52:24
22.3,10.2,-12.1,11,23932,2026-06-20,2026-06-20 21:56:44
-3.3,3.7,7.0,41,23961,2026-06-26,2026-06-26 15:24:56
-4.0,-8.4,-4.3,10,23962,2026-06-26,2026-06-26 14:36:33
40.0,68.1,28.1,30,23971,2026-06-15,2026-06-15 12:10:59
45.9,34.8,-11.1,34,23972,2026-06-20,2026-06-20 09:55:06
37.6,-10.1,-47.7,35,23980,2026-06-27,2026-06-27 14:17:23
-5.1,4.1,9.2,11,23982,2026-06-24,2026-06-24 20:32:08
66.2,12.2,-54.0,12,23989,2026-06-14,2026-06-14 19:41:50
29.4,36.0,6.6,44,23996,2026-06-14,2026-06-14 17:16:37
55.4,34.8,-20.6,68,24007,2026-08-17,2026-08-17 15:14:38
6.7,20.1,13.4,41,24007,2026-08-17,2026-08-17 15:56:20
3.6,8.0,4.4,47,24007,2026-08-17,2026-08-17 16:02:23
23.1,54.5,31.4,16,24014,2026-06-21,2026-06-21 16:19:56
10.5,43.3,32.8,15,24021,2026-06-19,2026-06-19 13:57:29
39.7,24.7,-15.0,17,24025,2026-07-19,2026-07-19 15:33:15
86.4,60.8,-25.5,5,24030,2026-07-21,2026-07-21 16:38:36
2.7,-3.7,-6.4,12,24037,2026-06-23,2026-06-23 10:51:19
132.6,194.9,62.3,56,24044,2026-06-17,2026-06-17 19:40:23
53.9,38.3,-15.7,43,24049,2026-06-19,2026-06-19 17:23:04
12.1,12.3,0.2,12,24059,2026-07-24,2026-07-24 13:50:52
25.1,61.0,36.0,77,24065,2026-06-26,2026-06-26 20:35:56
49.8,58.6,8.8,93,24067,2026-07-20,2026-07-20 12:43:16
29.0,32.9,3.9,51,24067,2026-07-20,2026-07-20 13:51:00
7.4,-9.0,-16.4,30,24069,2026-07-12,2026-07-12 13:22:36
-9.9,-4.7,5.2,12,24074,2026-06-23,2026-06-23 17:41:51
-1.9,5.8,7.7,12,24078,2026-06-27,2026-06-27 13:07:54
9.4,0.4,-9.0,20,24082,2026-06-27,2026-06-27 17:15:37
15.0,16.9,1.9,9,24113,2026-06-15,2026-06-15 19:43:04
15.6,-0.1,-15.7,12,24119,2026-06-26,2026-06-26 08:58:22
12.8,-12.3,-25.1,13,24134,2026-07-31,2026-07-31 16:54:59
-5.4,-11.1,-5.6,54,24141,2026-06-26,2026-06-26 12:11:26
34.3,63.4,29.1,11,24186,2026-07-06,2026-07-06 16:12:40
36.1,-0.8,-36.8,18,24200,2026-06-17,2026-06-17 15:35:55
19.6,29.4,9.8,37,24201,2026-07-23,2026-07-23 13:13:25
2.4,-9.2,-11.6,38,24202,2026-07-27,2026-07-27 15:49:35
-33.3,-7.6,25.7,42,24204,2026-06-19,2026-06-19 13:30:18
25.3,44.7,19.4,30,24206,2026-06-19,2026-06-19 14:27:44
2.0,50.3,48.3,37,24210,2026-06-26,2026-06-26 17:22:44
20.0,-61.5,-81.5,72,24212,2026-06-28,2026-06-28 13:28:00
43.5,47.7,4.2,13,24213,2026-07-29,2026-07-29 11:37:32
-81.8,-43.8,38.0,46,24217,2026-06-28,2026-06-28 17:35:48
6.5,0.0,-6.5,54,24218,2026-07-04,2026-07-04 12:29:27
5.6,-4.4,-9.9,27,24225,2026-07-02,2026-07-02 21:57:25
17.3,40.1,22.9,12,24229,2026-07-05,2026-07-05 20:18:44
-4.2,40.7,44.9,12,24232,2026-06-30,2026-06-30 18:00:09
10.0,-3.8,-13.8,25,24234,2026-06-21,2026-06-21 13:54:59
72.5,-11.0,-83.5,13,24244,2026-07-01,2026-07-01 17:33:27
35.6,47.4,11.8,34,24246,2026-07-15,2026-07-15 13:51:23
94.5,62.2,-32.3,5,24247,2026-07-23,2026-07-23 17:35:29
13.9,1.1,-12.8,37,24252,2026-07-14,2026-07-14 16:39:07
-23.4,-8.8,14.6,10,24253,2026-06-22,2026-06-22 11:52:21
52.4,170.4,118.0,48,24259,2026-07-07,2026-07-07 20:21:33
3.6,-0.5,-4.1,43,24264,2026-06-29,2026-06-29 16:43:26
103.0,137.7,34.8,72,24276,2026-06-23,2026-06-23 20:51:57
19.2,-2.2,-21.4,20,24284,2026-06-22,2026-06-22 14:50:46
104.2,61.9,-42.4,95,24285,2026-08-19,2026-08-19 13:09:46
83.0,40.7,-42.4,95,24285,2026-08-19,2026-08-19 13:30:58
124.8,79.5,-45.4,35,24285,2026-08-19,2026-08-19 13:52:10
36.3,-2.1,-38.4,62,24285,2026-08-19,2026-08-19 14:46:41
5.8,-32.6,-38.4,36,24285,2026-08-19,2026-08-19 15:43:11
-6.3,-35.6,-29.3,36,24285,2026-08-19,2026-08-19 15:46:13
-5.0,-7.8,-2.8,11,24287,2026-06-28,2026-06-28 18:06:00
91.6,63.7,-27.9,33,24303,2026-06-17,2026-06-17 19:43:24
3.5,5.2,1.7,15,24304,2026-07-07,2026-07-07 12:33:29
37.5,67.7,30.2,30,24317,2026-06-28,2026-06-28 19:18:28
-6.4,-9.0,-2.6,12,24327,2026-06-18,2026-06-18 19:04:23
58.9,47.6,-11.3,33,24342,2026-07-03,2026-07-03 19:28:03
60.5,-8.3,-68.8,25,24347,2026-08-20,2026-08-20 12:14:30
59.9,-8.9,-68.8,12,24347,2026-08-20,2026-08-20 12:28:07
30.1,34.2,4.0,70,24348,2026-06-17,2026-06-17 20:49:51
21.1,25.1,4.0,70,24348,2026-06-17,2026-06-17 20:58:53
-25.2,8.8,34.0,35,24348,2026-06-17,2026-06-17 21:50:14
42.3,28.0,-14.3,18,24351,2026-07-05,2026-07-05 17:29:42
17.2,35.8,18.7,32,24354,2026-06-26,2026-06-26 10:31:50
-6.2,1.3,7.5,38,24359,2026-08-15,2026-08-15 18:09:13
-8.4,-0.9,7.5,25,24359,2026-08-15,2026-08-15 18:24:22
109.6,-7.4,-117.0,53,24363,2026-08-02,2026-08-02 10:47:22
68.0,142.7,74.7,46,24384,2026-08-06,2026-08-06 16:54:39
-0.4,10.2,10.6,32,24396,2026-06-27,2026-06-27 18:55:21
83.5,-8.8,-92.3,53,24404,2026-06-26,2026-06-26 09:13:28
16.3,49.4,33.1,44,24405,2026-06-27,2026-06-27 14:59:40
89.9,78.2,-11.7,83,24415,2026-08-12,2026-08-12 13:45:03
23.6,16.2,-7.3,32,24417,2026-08-13,2026-08-13 14:10:26
11.4,4.1,-7.3,32,24417,2026-08-13,2026-08-13 14:22:33
-6.9,-14.2,-7.3,17,24417,2026-08-13,2026-08-13 14:55:52
0.4,17.1,16.7,46,24419,2026-06-28,2026-06-28 12:36:36
18.7,28.2,9.5,11,24422,2026-06-25,2026-06-25 11:53:39
-13.2,6.0,19.2,15,24426,2026-06-20,2026-06-20 15:59:09
12.5,42.6,30.1,11,24427,2026-07-11,2026-07-11 20:23:30
31.6,-6.9,-38.5,18,24437,2026-06-21,2026-06-21 14:55:22
109.9,102.0,-7.9,58,24446,2026-06-28,2026-06-28 17:17:40
26.9,16.6,-10.3,45,24477,2026-06-30,2026-06-30 17:48:04
18.2,-32.6,-50.7,37,24479,2026-06-25,2026-06-25 08:49:50
43.7,43.7,0.1,19,24490,2026-08-10,2026-08-10 19:57:20
35.6,35.6,0.1,18,24490,2026-08-10,2026-08-10 20:06:26
-1.2,-15.4,-14.2,16,24491,2026-06-26,2026-06-26 15:03:45
23.0,8.3,-14.7,69,24494,2026-07-05,2026-07-05 20:57:57
1.5,-6.9,-8.4,39,24501,2026-07-17,2026-07-17 11:49:31
32.7,10.4,-22.2,30,24502,2026-06-25,2026-06-25 13:57:20
-23.0,25.6,48.7,11,24508,2026-06-19,2026-06-19 22:01:02
39.3,0.1,-39.3,24,24510,2026-06-19,2026-06-19 11:56:41
-43.0,-51.5,-8.5,80,24514,2026-06-30,2026-06-30 20:43:00
-64.1,-72.7,-8.5,74,24514,2026-06-30,2026-06-30 21:10:08
15.5,63.5,48.1,7,24521,2026-06-19,2026-06-19 23:37:32
34.4,33.4,-1.0,40,24524,2026-06-19,2026-06-19 14:15:38
18.6,15.9,-2.8,33,24533,2026-06-21,2026-06-21 12:15:21
3.5,51.8,48.3,32,24534,2026-06-21,2026-06-21 21:09:32
144.3,240.4,96.1,55,24537,2026-06-25,2026-06-25 14:57:44
-15.8,-1.1,14.8,11,24540,2026-07-17,2026-07-17 13:50:22
37.6,28.0,-9.6,10,24541,2026-07-25,2026-07-25 19:42:24
72.5,68.8,-3.7,39,24542,2026-07-20,2026-07-20 13:08:32
101.8,-10.1,-111.8,11,24564,2026-06-30,2026-06-30 15:38:13
21.0,22.2,1.2,16,24566,2026-07-05,2026-07-05 15:52:58
8.6,-0.9,-9.5,26,24578,2026-06-28,2026-06-28 14:25:24
17.9,-11.8,-29.6,44,24585,2026-07-09,2026-07-09 13:58:07
14.8,0.2,-14.6,26,24585,2026-07-09,2026-07-09 14:04:10
10.7,-3.9,-14.6,15,24585,2026-07-09,2026-07-09 14:19:17
10.3,10.6,0.2,11,24599,2026-07-26,2026-07-26 12:24:39
37.9,20.3,-17.6,74,24605,2026-06-28,2026-06-28 15:53:04
57.0,63.2,6.2,57,24616,2026-06-26,2026-06-26 23:52:01
54.0,60.2,6.2,57,24616,2026-06-26,2026-06-26 23:55:02
110.6,84.9,-25.7,10,24619,2026-07-08,2026-07-08 20:29:25
-9.4,-8.2,1.3,11,24623,2026-08-08,2026-08-08 19:50:24
51.6,15.1,-36.5,34,24631,2026-06-21,2026-06-21 16:56:09
54.7,44.3,-10.3,48,24633,2026-08-08,2026-08-08 17:17:20
4.0,-6.4,-10.3,21,24633,2026-08-08,2026-08-08 18:35:01
-10.8,1.8,12.7,112,24635,2026-07-12,2026-07-12 13:55:50
-13.9,-1.2,12.7,112,24635,2026-07-12,2026-07-12 13:58:52
-4.7,-11.9,-7.3,19,24641,2026-08-13,2026-08-13 14:00:39
-0.7,-2.5,-1.8,38,24656,2026-06-30,2026-06-30 14:22:40
-24.4,-3.3,21.1,9,24662,2026-06-22,2026-06-22 19:08:24
113.4,67.2,-46.1,48,24664,2026-07-13,2026-07-13 13:33:37
110.3,64.2,-46.1,48,24664,2026-07-13,2026-07-13 13:36:39
120.3,74.2,-46.1,35,24664,2026-07-13,2026-07-13 13:39:40
31.6,0.4,-31.1,9,24664,2026-07-13,2026-07-13 15:19:24
-11.4,55.2,66.6,33,24665,2026-06-28,2026-06-28 19:09:24
6.7,20.8,14.0,31,24677,2026-08-11,2026-08-11 16:12:15
5.5,22.3,16.9,44,24689,2026-06-24,2026-06-24 18:40:32
43.9,-2.2,-46.0,18,24698,2026-07-13,2026-07-13 14:43:08
-18.7,-4.2,14.5,57,24703,2026-07-05,2026-07-05 12:51:40
-3.6,56.0,59.6,11,24714,2026-08-06,2026-08-06 14:20:57
-2.3,-7.8,-5.5,38,24715,2026-08-16,2026-08-16 12:24:20
20.7,20.3,-0.3,38,24721,2026-07-04,2026-07-04 19:41:18
60.4,46.5,-13.8,71,24732,2026-07-04,2026-07-04 15:18:37
60.7,55.6,-5.1,33,24736,2026-06-24,2026-06-24 14:26:18
23.5,15.1,-8.4,38,24744,2026-08-20,2026-08-20 13:13:32
10.7,-0.2,-10.9,18,24755,2026-07-04,2026-07-04 17:01:19
-1.9,-6.9,-5.0,21,24757,2026-07-05,2026-07-05 15:40:54
62.0,4.2,-57.8,61,24758,2026-08-19,2026-08-19 13:30:58
63.7,-0.1,-63.8,35,24758,2026-08-19,2026-08-19 14:01:15
25.8,3.3,-22.4,33,24763,2026-06-27,2026-06-27 11:31:14
14.7,30.8,16.1,15,24769,2026-07-01,2026-07-01 11:10:23
62.4,-2.0,-64.4,36,24771,2026-06-24,2026-06-24 15:23:35
-0.9,-16.1,-15.2,41,24813,2026-06-25,2026-06-25 17:49:52
-3.2,-5.8,-2.6,53,24824,2026-08-01,2026-08-01 11:40:13
-24.5,-8.8,15.7,54,24855,2026-08-14,2026-08-14 13:30:29
7.6,6.7,-0.8,12,24868,2026-07-24,2026-07-24 17:10:25
16.1,-7.5,-23.6,24,24888,2026-07-26,2026-07-26 15:19:56
53.9,54.4,0.5,12,24905,2026-07-27,2026-07-27 17:40:03
23.4,1.4,-22.0,14,24906,2026-07-29,2026-07-29 15:22:38
26.8,46.0,19.2,44,24907,2026-06-26,2026-06-27 00:22:13
14.1,-2.7,-16.8,42,24909,2026-07-18,2026-07-18 13:33:54
20.0,3.3,-16.7,17,24912,2026-08-01,2026-08-01 16:52:58
-14.8,-20.5,-5.7,60,24924,2026-07-02,2026-07-02 20:14:45
-2.9,-8.7,-5.7,21,24924,2026-07-02,2026-07-02 20:41:55
-2.8,37.7,40.4,11,24925,2026-06-27,2026-06-27 15:23:49
37.7,28.0,-9.7,15,24930,2026-07-03,2026-07-03 20:07:18
24.0,21.1,-2.9,31,24934,2026-07-12,2026-07-12 16:39:01
31.9,9.1,-22.8,21,24935,2026-07-16,2026-07-16 12:52:03
-14.1,12.2,26.4,9,24946,2026-06-26,2026-06-26 21:06:07
28.8,57.9,29.1,5,24966,2026-08-15,2026-08-15 21:59:11
73.3,110.7,37.4,32,24969,2026-06-26,2026-06-26 14:57:42
-1.9,30.6,32.5,39,24971,2026-08-02,2026-08-02 09:22:55
37.9,66.9,29.0,23,24973,2026-06-25,2026-06-26 01:23:06
7.8,36.8,29.0,32,24973,2026-06-25,2026-06-26 01:44:11
6.8,15.0,8.2,46,24994,2026-07-31,2026-07-31 17:52:13
-5.7,-11.2,-5.5,39,24996,2026-08-13,2026-08-13 12:26:41
10.2,-0.1,-10.3,36,25016,2026-07-15,2026-07-15 09:13:46
46.4,3.2,-43.2,17,25039,2026-07-16,2026-07-16 16:56:36
22.5,7.2,-15.3,36,25046,2026-07-06,2026-07-06 18:01:27
4.7,-0.5,-5.3,53,25048,2026-07-11,2026-07-11 13:32:16
14.8,137.9,123.1,6,25066,2026-06-27,2026-06-28 01:33:25
68.9,110.4,41.5,11,25069,2026-06-25,2026-06-25 15:46:04
93.6,523.4,429.8,43,25079,2026-06-26,2026-06-26 16:37:24
140.6,181.4,40.8,71,25079,2026-06-26,2026-06-26 21:51:22
-23.5,13.3,36.8,31,25079,2026-06-26,2026-06-27 01:19:32
25.9,12.4,-13.5,33,25086,2026-07-03,2026-07-03 13:01:04
34.3,25.2,-9.1,13,25092,2026-06-29,2026-06-29 15:12:41
-3.0,-8.5,-5.5,36,25099,2026-06-29,2026-06-29 13:42:01
12.5,5.2,-7.4,23,25101,2026-06-26,2026-06-26 14:24:28
1.9,-9.9,-11.8,74,25110,2026-07-06,2026-07-06 12:44:05
114.5,159.5,45.0,41,25114,2026-08-13,2026-08-13 14:16:30
-21.6,7.7,29.2,45,25117,2026-07-17,2026-07-17 15:06:34
-28.4,-9.7,18.6,11,25123,2026-07-04,2026-07-04 17:07:21
0.3,6.0,5.7,42,25126,2026-07-06,2026-07-06 16:12:40
-1.0,4.2,5.2,33,25129,2026-07-04,2026-07-04 18:50:01
25.5,-8.3,-33.8,17,25131,2026-07-11,2026-07-11 14:02:30
28.0,11.7,-16.4,34,25135,2026-06-27,2026-06-27 10:42:57
-8.6,8.1,16.7,31,25145,2026-06-27,2026-06-27 17:09:35
0.1,-7.6,-7.7,22,25148,2026-07-11,2026-07-11 16:57:55
-8.0,16.9,24.9,10,25159,2026-07-03,2026-07-03 19:15:58
12.7,-20.2,-32.9,69,25168,2026-06-30,2026-06-30 15:53:19
-21.4,-8.4,13.0,25,25171,2026-07-03,2026-07-03 15:56:24
94.4,131.1,36.7,93,25174,2026-08-03,2026-08-03 15:08:33
38.2,50.8,12.7,17,25174,2026-08-03,2026-08-03 17:44:50
81.2,76.9,-4.2,58,25205,2026-07-26,2026-07-26 18:55:48
26.3,-1.8,-28.1,11,25209,2026-07-03,2026-07-03 21:22:44
6.2,-10.3,-16.5,13,25213,2026-06-25,2026-06-25 21:03:46
80.1,84.7,4.7,5,25216,2026-06-25,2026-06-25 15:27:56
4.9,-4.7,-9.6,16,25218,2026-06-25,2026-06-25 13:24:07
12.8,-18.1,-30.9,41,25229,2026-07-03,2026-07-03 17:36:13
32.8,42.1,9.3,61,25232,2026-06-26,2026-06-26 16:01:10
62.5,89.7,27.2,11,25240,2026-07-01,2026-07-01 14:26:27
26.3,1.4,-25.0,19,25248,2026-06-30,2026-06-30 16:44:40
16.3,0.4,-15.9,32,25249,2026-07-23,2026-07-23 14:26:42
10.1,-6.8,-16.9,9,25249,2026-07-23,2026-07-23 14:56:53
72.3,62.8,-9.5,49,25250,2026-06-26,2026-06-26 17:19:43
13.0,2.6,-10.3,34,25261,2026-07-01,2026-07-01 09:43:02
-12.6,-4.2,8.3,63,25262,2026-07-23,2026-07-23 15:41:33
38.9,66.5,27.6,77,25265,2026-06-29,2026-06-29 16:04:06
87.2,146.1,58.9,30,25266,2026-07-06,2026-07-06 15:36:24
9.0,-3.3,-12.3,17,25267,2026-07-22,2026-07-22 20:33:59
54.5,83.8,29.4,30,25278,2026-06-26,2026-06-26 16:55:32
36.1,23.2,-12.9,18,25311,2026-07-18,2026-07-18 17:05:54
-0.1,-4.6,-4.4,69,25316,2026-07-25,2026-07-25 16:51:08
-4.9,-13.7,-8.9,39,25319,2026-07-16,2026-07-16 14:55:51
2.3,16.8,14.5,45,25348,2026-07-04,2026-07-04 13:05:41
2.0,-5.7,-7.7,16,25360,2026-07-03,2026-07-03 17:12:01
11.3,-7.5,-18.8,26,25363,2026-06-30,2026-06-30 14:22:40
16.3,-8.0,-24.2,9,25384,2026-07-07,2026-07-07 15:34:43
12.0,86.3,74.2,34,25385,2026-06-29,2026-06-29 16:13:11
26.9,-8.1,-35.0,11,25422,2026-07-15,2026-07-15 13:15:08
-1.9,-18.6,-16.7,59,25433,2026-06-29,2026-06-29 19:56:52
-10.2,-11.8,-1.5,12,25451,2026-07-12,2026-07-12 19:22:13
29.6,9.8,-19.8,21,25452,2026-07-19,2026-07-19 18:09:22
6.5,-4.9,-11.4,38,25454,2026-07-07,2026-07-07 12:30:28
59.8,51.2,-8.5,14,25456,2026-08-07,2026-08-07 20:01:14
51.9,28.7,-23.2,56,25469,2026-07-24,2026-07-24 07:57:04
21.6,64.2,42.6,52,25477,2026-07-04,2026-07-04 17:16:25
56.6,48.7,-7.9,38,25481,2026-08-19,2026-08-19 14:10:21
24.2,268.3,244.1,11,25484,2026-08-12,2026-08-12 19:29:50
-11.5,-8.1,3.4,55,25486,2026-06-27,2026-06-27 12:16:32
17.4,6.1,-11.3,9,25508,2026-07-26,2026-07-26 17:18:33
1.0,-11.0,-12.0,14,25508,2026-07-26,2026-07-26 17:30:37
-20.2,-5.2,15.0,12,25533,2026-07-24,2026-07-24 13:38:12
99.7,31.3,-68.4,29,25540,2026-08-20,2026-08-20 14:20:17
93.5,25.1,-68.4,11,25540,2026-08-20,2026-08-20 14:44:29
105.3,118.5,13.3,62,25556,2026-07-16,2026-07-16 14:34:44
25.3,34.4,9.1,12,25570,2026-07-12,2026-07-12 13:34:42
1.6,88.5,86.9,27,25571,2026-07-20,2026-07-20 15:31:22
-9.0,5.5,14.5,58,25575,2026-07-03,2026-07-03 15:11:00
-16.3,-16.9,-0.5,44,25575,2026-07-03,2026-07-03 15:47:19
74.1,4.1,-70.0,50,25582,2026-08-06,2026-08-06 08:40:55
170.1,251.3,81.2,53,25584,2026-06-29,2026-06-29 15:36:53
-3.4,-9.8,-6.4,12,25595,2026-07-18,2026-07-18 15:59:23
2.4,-1.0,-3.4,15,25596,2026-07-25,2026-07-25 15:12:35
19.3,39.1,19.8,11,25598,2026-07-12,2026-07-12 11:21:43
47.1,50.4,3.3,31,25609,2026-08-11,2026-08-11 13:55:51
4.7,-6.5,-11.2,15,25610,2026-08-20,2026-08-20 18:40:20
-5.3,-4.1,1.1,17,25633,2026-07-06,2026-07-06 15:18:16
-14.8,-10.8,4.0,12,25635,2026-07-11,2026-07-11 17:28:10
-44.8,25.1,69.9,9,25637,2026-07-17,2026-07-17 16:42:49
20.5,2.5,-18.0,14,25659,2026-06-28,2026-06-28 19:27:31
63.5,47.5,-16.0,125,25660,2026-07-04,2026-07-04 15:06:32
14.3,-1.7,-16.0,5,25660,2026-07-04,2026-07-04 17:55:40
0.8,-6.9,-7.7,26,25666,2026-07-13,2026-07-13 12:33:10
57.4,136.2,78.9,50,25675,2026-06-28,2026-06-28 19:45:38
21.9,-3.7,-25.5,29,25685,2026-07-12,2026-07-12 12:22:08
22.6,16.4,-6.2,21,25687,2026-06-29,2026-06-29 14:27:21
37.3,-9.4,-46.7,36,25709,2026-07-03,2026-07-03 14:31:43
18.4,4.7,-13.7,28,25715,2026-07-13,2026-07-13 15:43:35
5.2,-8.6,-13.7,11,25715,2026-07-13,2026-07-13 16:13:50
15.4,30.0,14.5,33,25717,2026-07-16,2026-07-16 16:47:33
56.0,68.0,11.9,46,25732,2026-07-06,2026-07-06 14:35:59
-16.7,-15.5,1.2,40,25733,2026-07-11,2026-07-11 16:36:43
94.9,62.0,-32.8,49,25753,2026-07-25,2026-07-25 14:06:08
27.2,-5.6,-32.8,20,25753,2026-07-25,2026-07-25 15:42:47
51.3,62.6,11.2,62,25766,2026-07-05,2026-07-05 15:10:41
122.3,-2.0,-124.3,28,25778,2026-08-20,2026-08-20 15:08:42
130.7,-0.6,-131.3,5,25778,2026-08-20,2026-08-20 15:30:18
120.7,-10.6,-131.3,12,25778,2026-08-20,2026-08-20 15:33:19
-1.8,-12.7,-10.9,42,25801,2026-07-18,2026-07-18 15:19:48
22.5,33.7,11.2,11,25806,2026-07-04,2026-07-04 18:01:43
-3.1,13.8,16.8,11,25825,2026-07-15,2026-07-15 15:28:03
37.1,22.1,-15.0,55,25827,2026-07-25,2026-07-25 21:00:51
10.8,13.9,3.1,52,25829,2026-08-02,2026-08-02 12:27:11
-22.0,102.2,124.2,16,25835,2026-07-20,2026-07-20 17:06:01
-10.6,-9.3,1.3,22,25836,2026-07-25,2026-07-25 15:18:37
20.9,227.5,206.6,18,25845,2026-08-03,2026-08-03 14:08:05
-1.4,0.7,2.0,11,25854,2026-08-06,2026-08-06 13:17:22
-9.7,-9.5,0.2,34,25867,2026-07-26,2026-07-26 08:05:40
99.7,148.0,48.3,10,25868,2026-06-30,2026-06-30 18:30:20
-14.7,39.6,54.3,58,25868,2026-06-30,2026-06-30 19:30:39
-2.2,-7.4,-5.2,18,25871,2026-07-07,2026-07-07 16:44:13
12.3,19.7,7.4,19,25872,2026-07-15,2026-07-15 16:43:39
74.6,161.8,87.2,29,25882,2026-07-22,2026-07-23 02:01:24
47.3,9.6,-37.7,55,25886,2026-07-18,2026-07-18 10:47:41
18.5,20.7,2.1,33,25902,2026-07-06,2026-07-06 18:01:27
-2.1,82.2,84.2,159,25907,2026-07-31,2026-07-31 21:03:04
-11.8,-6.1,5.7,39,25915,2026-07-25,2026-07-25 16:02:46
37.1,9.7,-27.4,7,25920,2026-07-19,2026-07-19 18:15:53
114.1,90.8,-23.3,7,25925,2026-07-25,2026-07-25 16:14:53
-40.7,-4.7,36.0,30,25932,2026-08-09,2026-08-09 15:00:43
-16.0,-7.3,8.7,71,25934,2026-08-09,2026-08-09 13:34:58
16.8,-1.6,-18.4,12,25936,2026-08-18,2026-08-18 19:13:13
30.3,30.3,-0.0,34,25942,2026-08-14,2026-08-15 02:08:42
-9.7,-10.3,-0.6,36,25945,2026-07-26,2026-07-26 10:03:41
13.8,-2.3,-16.1,32,25951,2026-08-21,2026-08-21 12:50:09
8.6,-7.5,-16.1,10,25951,2026-08-21,2026-08-21 13:17:24
59.0,33.9,-25.1,13,25953,2026-07-31,2026-07-31 21:00:02
68.9,36.7,-32.3,11,25963,2026-07-17,2026-07-17 22:51:04
-18.8,-5.8,12.9,11,25977,2026-07-09,2026-07-09 15:16:45
13.9,23.8,10.0,41,25981,2026-07-29,2026-07-29 18:40:07
2.7,-5.5,-8.2,12,25986,2026-07-14,2026-07-14 14:32:16
-33.5,-6.4,27.1,8,26001,2026-07-27,2026-07-27 14:05:48
33.8,46.8,13.0,31,26006,2026-07-04,2026-07-04 19:02:05
137.3,124.5,-12.8,12,26018,2026-07-22,2026-07-22 10:53:43
-19.0,51.0,70.0,36,26035,2026-07-05,2026-07-05 15:59:02
-32.3,38.7,71.0,12,26035,2026-07-05,2026-07-05 16:35:19
69.3,53.6,-15.8,24,26074,2026-07-21,2026-07-21 12:26:40
62.7,63.3,0.6,65,26077,2026-07-06,2026-07-06 13:11:19
16.0,7.3,-8.6,37,26078,2026-07-12,2026-07-12 12:07:01
-28.8,-9.0,19.8,11,26080,2026-07-09,2026-07-09 15:22:47
60.0,77.3,17.4,47,26101,2026-08-08,2026-08-08 13:51:02
50.9,68.3,17.4,47,26101,2026-08-08,2026-08-08 14:00:08
39.8,62.2,22.4,47,26101,2026-08-08,2026-08-08 14:06:10
38.9,31.7,-7.2,44,26102,2026-08-13,2026-08-13 18:37:03
10.9,23.1,12.2,13,26115,2026-07-03,2026-07-03 15:23:06
5.1,-7.0,-12.1,37,26116,2026-07-10,2026-07-10 12:47:52
83.7,51.3,-32.4,38,26120,2026-07-12,2026-07-12 19:28:16
28.2,-4.2,-32.4,6,26120,2026-07-12,2026-07-12 20:55:49
39.9,36.2,-3.7,51,26121,2026-07-25,2026-07-25 21:53:07
34.9,11.6,-23.3,16,26122,2026-08-01,2026-08-01 20:54:04
32.5,28.1,-4.4,9,26146,2026-07-26,2026-07-26 17:03:27
14.8,-10.1,-25.0,12,26160,2026-07-22,2026-07-22 09:25:09
15.2,-5.0,-20.2,45,26163,2026-08-03,2026-08-03 20:29:50
-1.2,-8.2,-7.0,11,26213,2026-07-11,2026-07-11 15:27:12
-3.3,-3.0,0.3,39,26216,2026-07-25,2026-07-25 17:09:16
14.0,23.2,9.1,13,26218,2026-07-05,2026-07-05 11:05:57
82.5,102.9,20.4,14,26220,2026-07-13,2026-07-13 13:21:32
18.4,7.3,-11.1,39,26231,2026-07-18,2026-07-18 10:32:34
12.2,-3.1,-15.3,25,26236,2026-07-12,2026-07-12 13:52:49
0.9,-8.5,-9.4,21,26239,2026-08-08,2026-08-08 18:38:03
14.7,-4.8,-19.5,26,26257,2026-07-05,2026-07-05 14:19:17
122.1,23.1,-98.9,30,26260,2026-07-19,2026-07-19 12:46:55
111.8,-9.2,-120.9,11,26260,2026-07-19,2026-07-19 13:38:14
1.2,-2.0,-3.2,19,26261,2026-07-12,2026-07-12 18:24:48
99.4,96.1,-3.4,53,26268,2026-08-12,2026-08-12 16:35:35
54.9,54.6,-0.4,44,26268,2026-08-12,2026-08-12 17:26:04
131.7,29.7,-102.0,11,26278,2026-07-30,2026-07-30 15:11:16
20.7,22.1,1.4,34,26289,2026-07-30,2026-07-30 20:09:19
-32.1,-1.2,30.9,10,26315,2026-07-15,2026-07-15 13:03:03
40.0,15.2,-24.8,18,26316,2026-07-21,2026-07-21 20:32:01
43.6,-8.2,-51.8,35,26325,2026-07-05,2026-07-05 09:26:23
-55.0,5.0,59.9,123,26334,2026-08-02,2026-08-02 12:51:57
22.8,13.9,-8.8,34,26352,2026-07-02,2026-07-02 08:33:13
65.1,30.0,-35.1,29,26369,2026-08-06,2026-08-06 06:15:51
-8.1,0.8,8.9,11,26374,2026-07-02,2026-07-02 20:08:43
106.3,115.3,9.0,59,26376,2026-07-20,2026-07-20 20:14:39
1.2,-3.0,-4.1,37,26389,2026-07-18,2026-07-18 13:21:49
-15.0,0.2,15.2,9,26391,2026-07-15,2026-07-15 18:29:21
-13.9,12.7,26.6,18,26408,2026-07-30,2026-07-30 13:20:51
-5.7,-14.2,-8.5,41,26415,2026-07-09,2026-07-09 12:54:40
-14.2,-8.2,6.1,11,26419,2026-07-05,2026-07-05 14:13:14
47.8,48.3,0.5,47,26424,2026-08-08,2026-08-08 14:12:13
-3.7,-4.2,-0.5,47,26424,2026-08-08,2026-08-08 15:04:42
1.0,-0.5,-1.5,10,26424,2026-08-08,2026-08-08 15:38:00
64.4,68.0,3.6,30,26426,2026-07-13,2026-07-13 17:59:35
9.9,-26.6,-36.5,27,26444,2026-07-11,2026-07-11 19:23:05
34.0,19.5,-14.5,29,26452,2026-08-14,2026-08-14 11:20:00
15.7,1.2,-14.5,11,26452,2026-08-14,2026-08-14 11:56:19
16.1,9.0,-7.1,31,26458,2026-07-24,2026-07-24 13:01:55
111.2,89.8,-21.3,69,26459,2026-07-31,2026-07-31 08:59:48
57.7,139.9,82.2,38,26460,2026-08-02,2026-08-02 15:24:20
101.6,138.8,37.2,30,26460,2026-08-02,2026-08-02 15:33:26
-2.8,10.7,13.5,50,26463,2026-07-06,2026-07-06 12:10:50
-4.7,-4.1,0.7,35,26464,2026-07-11,2026-07-11 14:29:42
-15.6,-9.8,5.8,40,26470,2026-08-05,2026-08-05 14:20:38
61.2,44.0,-17.2,64,26495,2026-07-20,2026-07-20 11:42:49
14.8,2.8,-12.0,35,26504,2026-07-05,2026-07-05 21:40:14
13.7,1.7,-12.0,24,26504,2026-07-05,2026-07-05 21:52:18
12.7,31.0,18.3,57,26516,2026-07-13,2026-07-13 15:13:21
3.2,25.8,22.6,32,26516,2026-07-13,2026-07-13 15:43:35
5.9,22.2,16.3,11,26520,2026-07-09,2026-07-09 13:55:04
8.2,-12.3,-20.4,24,26529,2026-08-04,2026-08-04 13:57:50
-10.9,-15.6,-4.7,34,26552,2026-07-18,2026-07-18 13:36:56
5.1,12.7,7.5,11,26561,2026-07-04,2026-07-04 09:22:31
0.6,-6.9,-7.5,19,26566,2026-07-03,2026-07-03 20:25:24
-14.5,16.1,30.6,14,26580,2026-07-21,2026-07-21 12:50:49
78.2,13.6,-64.6,32,26581,2026-07-23,2026-07-23 19:39:46
18.8,45.4,26.6,16,26592,2026-07-13,2026-07-13 17:02:09
8.7,-8.5,-17.2,37,26593,2026-07-18,2026-07-18 09:44:15
170.4,240.8,70.4,60,26604,2026-08-11,2026-08-11 19:13:35
35.6,14.7,-20.9,22,26607,2026-07-13,2026-07-13 17:32:24
185.0,707.5,522.4,9,26612,2026-07-27,2026-07-27 17:21:58
6.0,-9.5,-15.5,11,26630,2026-07-08,2026-07-08 13:22:58
-3.5,5.0,8.5,35,26673,2026-07-16,2026-07-16 14:01:29
68.1,71.7,3.5,37,26674,2026-07-22,2026-07-22 08:24:52
15.0,24.6,9.5,33,26677,2026-07-08,2026-07-08 15:32:57
74.0,-5.3,-79.3,16,26680,2026-07-29,2026-07-29 20:50:00
39.9,-9.3,-49.3,11,26680,2026-07-29,2026-07-29 20:59:03
14.0,-1.6,-15.6,31,26701,2026-07-18,2026-07-18 17:14:58
-1.4,20.0,21.4,71,26703,2026-07-12,2026-07-12 15:05:22
-1.1,-10.0,-8.9,11,26704,2026-07-11,2026-07-11 15:12:04
22.2,22.3,0.1,18,26705,2026-07-04,2026-07-04 18:19:50
0.8,-8.0,-8.7,9,26711,2026-07-29,2026-07-29 21:38:13
4.0,-6.4,-10.4,22,26718,2026-07-12,2026-07-12 18:48:59
-6.3,-2.4,3.9,20,26719,2026-07-09,2026-07-09 13:58:07
53.5,-9.0,-62.5,33,26731,2026-07-11,2026-07-11 08:48:28
38.7,-9.7,-48.4,12,26753,2026-07-19,2026-07-19 10:40:47
17.0,36.7,19.8,12,26760,2026-07-07,2026-07-07 16:26:04
127.5,290.3,162.9,42,26766,2026-07-12,2026-07-12 13:10:31
39.5,29.0,-10.4,16,26767,2026-07-07,2026-07-07 15:04:31
11.7,-10.2,-21.8,12,26777,2026-08-05,2026-08-05 14:53:20
16.7,-9.1,-25.8,10,26778,2026-08-10,2026-08-10 13:53:15
-0.3,-5.8,-5.6,9,26803,2026-07-09,2026-07-09 14:19:17
35.3,10.4,-24.9,33,26823,2026-07-14,2026-07-14 17:51:39
36.4,11.3,-25.1,30,26829,2026-07-07,2026-07-07 09:53:37
19.3,-4.3,-23.6,38,26850,2026-08-18,2026-08-18 13:02:43
33.4,-14.5,-47.9,17,26857,2026-07-15,2026-07-15 16:37:36
20.2,-0.4,-20.5,12,26869,2026-08-01,2026-08-01 13:17:20
77.8,12.2,-65.7,46,26870,2026-08-08,2026-08-08 15:56:09
59.0,-6.7,-65.7,17,26870,2026-08-08,2026-08-08 16:44:01
62.2,-7.0,-69.2,24,26886,2026-07-18,2026-07-18 13:18:48
-3.6,-8.3,-4.7,10,26892,2026-08-09,2026-08-09 19:54:36
-20.2,-4.9,15.3,43,26900,2026-07-11,2026-07-11 17:37:14
12.6,20.0,7.4,38,26904,2026-07-15,2026-07-15 16:10:21
23.6,23.0,-0.6,11,26910,2026-07-21,2026-07-21 11:50:26
3.5,13.4,9.9,39,26929,2026-07-17,2026-07-17 14:02:28
32.0,43.7,11.7,12,26933,2026-07-12,2026-07-12 16:51:07
18.0,-9.3,-27.3,20,26944,2026-07-19,2026-07-19 18:37:00
0.6,-12.5,-13.1,49,26952,2026-08-07,2026-08-07 21:40:22
-4.1,16.3,20.3,12,26957,2026-07-11,2026-07-11 15:21:09
5.8,-18.1,-23.9,48,26958,2026-07-16,2026-07-16 21:46:09
-29.1,-11.3,17.9,13,26988,2026-07-11,2026-07-11 15:18:07
-28.4,292.4,320.8,59,26989,2026-07-18,2026-07-18 15:59:23
23.7,34.9,11.2,12,27007,2026-08-04,2026-08-04 22:00:19
25.1,20.0,-5.1,11,27024,2026-07-25,2026-07-25 23:44:53
-8.3,-1.9,6.4,20,27025,2026-08-01,2026-08-01 15:18:16
-9.0,1.3,10.3,11,27041,2026-08-13,2026-08-13 12:56:59
-12.0,-1.8,10.3,11,27041,2026-08-13,2026-08-13 13:00:02
20.4,-0.9,-21.2,15,27048,2026-07-15,2026-07-15 14:24:37
80.3,99.8,19.5,31,27051,2026-07-09,2026-07-09 15:07:40
94.1,43.8,-50.3,9,27070,2026-07-22,2026-07-22 17:42:38
115.7,143.0,27.4,50,27079,2026-07-09,2026-07-09 18:48:20
142.4,178.0,35.6,9,27079,2026-07-09,2026-07-09 18:54:23
2.0,-0.5,-2.5,12,27097,2026-08-15,2026-08-15 19:30:59
77.3,124.4,47.1,37,27115,2026-07-08,2026-07-08 14:59:43
34.2,27.2,-7.0,65,27125,2026-08-04,2026-08-04 18:03:50
31.1,24.2,-7.0,65,27125,2026-08-04,2026-08-04 18:06:51
28.4,11.8,-16.6,50,27128,2026-07-15,2026-07-15 19:11:38
30.9,-2.4,-33.3,13,27130,2026-08-16,2026-08-16 14:01:07
-0.9,-1.8,-0.9,34,27140,2026-07-19,2026-07-19 14:11:52
26.8,329.2,302.4,12,27143,2026-08-09,2026-08-09 13:57:10
8.0,-1.1,-9.1,37,27181,2026-07-18,2026-07-18 17:14:58
-2.6,48.3,50.8,30,27197,2026-07-15,2026-07-15 14:15:34
-5.6,45.2,50.8,27,27197,2026-07-15,2026-07-15 14:21:37
32.7,-10.2,-42.9,46,27204,2026-08-14,2026-08-14 20:11:19
67.4,11.1,-56.3,18,27221,2026-08-02,2026-08-02 16:04:34
83.6,129.3,45.7,32,27229,2026-07-11,2026-07-11 20:11:25
6.7,-12.6,-19.3,38,27230,2026-07-18,2026-07-18 12:15:16
-17.3,62.4,79.7,30,27234,2026-08-15,2026-08-15 20:17:20
35.9,-6.2,-42.2,9,27235,2026-08-21,2026-08-21 16:30:03
5.6,-10.5,-16.1,13,27236,2026-07-13,2026-07-13 13:06:25
54.2,51.7,-2.5,35,27239,2026-07-30,2026-07-30 18:32:48
-24.1,-9.3,14.8,11,27247,2026-07-17,2026-07-17 13:11:06
-7.6,-9.6,-2.0,21,27282,2026-08-09,2026-08-09 12:46:33
3.2,61.8,58.6,99,27290,2026-08-07,2026-08-07 17:57:48
47.3,31.2,-16.1,12,27297,2026-07-29,2026-07-29 15:28:40
71.2,77.2,6.0,57,27302,2026-07-22,2026-07-22 13:27:49
24.8,32.8,8.0,32,27302,2026-07-22,2026-07-22 14:37:13
3.6,-3.8,-7.4,5,27306,2026-07-13,2026-07-13 16:25:56
25.4,-6.3,-31.7,22,27327,2026-07-17,2026-07-17 15:12:36
-21.5,-7.3,14.2,13,27335,2026-07-21,2026-07-21 13:11:57
3.9,38.0,34.1,10,27357,2026-07-15,2026-07-15 13:03:03
-8.4,-8.9,-0.6,38,27359,2026-07-20,2026-07-20 18:00:21
35.9,34.7,-1.2,11,27373,2026-07-14,2026-07-14 19:01:07
7.3,2.6,-4.7,38,27374,2026-07-18,2026-07-18 16:44:43
76.8,-2.5,-79.3,34,27377,2026-08-02,2026-08-02 17:39:11
51.8,-27.5,-79.3,56,27377,2026-08-02,2026-08-02 17:42:12
48.8,-30.5,-79.3,56,27377,2026-08-02,2026-08-02 17:45:14
106.0,103.2,-2.8,14,27384,2026-08-16,2026-08-16 13:42:57
60.3,149.8,89.5,29,27393,2026-08-08,2026-08-08 15:07:44
36.2,125.7,89.5,47,27393,2026-08-08,2026-08-08 15:13:47
10.9,88.3,77.5,45,27393,2026-08-08,2026-08-08 15:53:08
-8.1,0.7,8.8,23,27403,2026-08-15,2026-08-15 13:59:05
37.1,70.5,33.5,56,27411,2026-07-10,2026-07-10 23:15:56
1.3,-12.8,-14.2,79,27413,2026-07-22,2026-07-22 15:59:40
13.1,77.4,64.4,26,27442,2026-07-15,2026-07-15 14:15:34
-20.1,44.3,64.4,41,27442,2026-07-15,2026-07-15 14:33:42
40.0,21.2,-18.7,33,27459,2026-07-12,2026-07-12 14:17:02
9.4,10.2,0.8,33,27477,2026-07-15,2026-07-15 21:42:24
29.7,33.2,3.5,9,27499,2026-07-19,2026-07-19 19:28:18
41.3,-2.1,-43.5,22,27513,2026-07-26,2026-07-26 21:11:41
-1.4,11.7,13.1,11,27514,2026-07-28,2026-07-28 13:18:21
29.2,8.7,-20.6,14,27515,2026-08-04,2026-08-04 20:16:46
-3.0,12.7,15.7,10,27518,2026-08-18,2026-08-18 17:47:57
190.1,167.9,-22.2,50,27525,2026-07-18,2026-07-18 16:59:52
-24.9,2.3,27.3,52,27535,2026-08-18,2026-08-18 14:31:55
205.9,-38.1,-244.1,41,27544,2026-07-09,2026-07-09 15:53:04
-3.3,25.5,28.8,17,27579,2026-08-18,2026-08-18 16:29:16
31.9,30.5,-1.3,39,27586,2026-08-11,2026-08-11 13:44:06
22.0,20.7,-1.3,22,27586,2026-08-11,2026-08-11 14:10:59
-12.3,-13.7,-1.3,20,27586,2026-08-11,2026-08-11 14:47:19
98.4,36.8,-61.6,35,27589,2026-07-16,2026-07-16 23:16:34
32.3,18.1,-14.1,38,27590,2026-07-17,2026-07-17 12:19:44
9.6,2.1,-7.6,10,27593,2026-08-06,2026-08-06 13:17:22
-1.3,21.3,22.6,54,27601,2026-08-01,2026-08-01 11:52:17
-17.9,4.7,22.6,55,27601,2026-08-01,2026-08-01 12:07:52
-31.1,-8.4,22.6,41,27601,2026-08-01,2026-08-01 12:35:03
60.5,44.7,-15.8,34,27606,2026-08-04,2026-08-04 14:52:27
5.5,-2.6,-8.1,11,27607,2026-07-22,2026-07-22 15:32:29
127.9,64.3,-63.7,27,27616,2026-07-16,2026-07-16 15:26:03
195.9,57.2,-138.7,22,27616,2026-07-16,2026-07-16 15:38:07
2.7,-12.1,-14.8,42,27626,2026-07-18,2026-07-18 12:15:16
31.9,22.1,-9.8,37,27642,2026-07-18,2026-07-18 11:51:06
17.0,3.7,-13.3,20,27644,2026-07-17,2026-07-17 12:52:59
90.7,78.0,-12.7,59,27651,2026-07-23,2026-07-23 18:30:19
0.3,5.6,5.3,58,27655,2026-07-25,2026-07-25 13:01:42
13.8,9.1,-4.7,53,27659,2026-08-03,2026-08-03 14:23:13
-22.3,-10.7,11.6,13,27663,2026-08-02,2026-08-02 13:34:15
136.6,114.6,-22.0,48,27679,2026-08-18,2026-08-18 16:44:25
121.5,99.4,-22.0,48,27679,2026-08-18,2026-08-18 16:59:31
115.3,93.3,-22.0,36,27679,2026-08-18,2026-08-18 17:17:40
12.9,397.1,384.2,29,27699,2026-07-12,2026-07-12 16:45:04
25.6,44.8,19.2,34,27699,2026-07-12,2026-07-12 22:32:24
34.8,39.6,4.8,41,27700,2026-07-15,2026-07-15 17:59:09
-6.6,20.3,26.9,39,27709,2026-07-11,2026-07-11 18:25:36
-12.8,14.1,26.9,24,27709,2026-07-11,2026-07-11 18:46:47
-9.4,-5.9,3.5,30,27719,2026-07-17,2026-07-17 23:54:23
33.5,42.0,8.5,34,27732,2026-07-15,2026-07-15 14:09:30
74.9,49.8,-25.1,33,27739,2026-08-04,2026-08-04 17:20:07
-1.1,-6.7,-5.6,40,27756,2026-07-18,2026-07-18 11:51:06
49.9,-6.5,-56.4,26,27764,2026-07-19,2026-07-19 13:14:05
12.8,73.2,60.4,42,27775,2026-07-16,2026-07-16 15:50:10
3.0,34.3,31.3,41,27780,2026-07-29,2026-07-29 17:17:00
-10.9,-29.1,-18.1,62,27781,2026-08-05,2026-08-05 20:08:56
13.9,2416.6,2402.7,47,27787,2026-07-23,2026-07-21 20:59:08
-0.6,4.1,4.7,25,27806,2026-07-18,2026-07-18 16:26:35
-10.8,-10.2,0.7,12,27806,2026-07-18,2026-07-18 16:53:49
26.4,-11.7,-38.2,53,27822,2026-08-07,2026-08-08 01:40:33
-8.8,-19.1,-10.3,45,27827,2026-07-26,2026-07-26 16:23:48
7.5,1.2,-6.3,49,27830,2026-07-29,2026-07-29 15:04:30
131.9,-9.5,-141.4,12,27844,2026-07-29,2026-07-29 16:38:05
56.5,958.2,901.7,24,27845,2026-08-03,2026-08-02 15:39:29
15.4,86.8,71.4,12,27846,2026-07-25,2026-07-25 19:36:22
2.0,-11.4,-13.3,39,27853,2026-07-12,2026-07-12 12:04:00
22.9,-11.3,-34.2,13,27858,2026-08-03,2026-08-03 13:42:26
2.5,-14.1,-16.6,39,27859,2026-08-10,2026-08-10 18:03:28
-7.1,-14.3,-7.2,94,27871,2026-07-24,2026-07-24 13:32:08
-10.2,-17.4,-7.2,94,27871,2026-07-24,2026-07-24 13:35:10
-8.9,-15.4,-6.4,42,27872,2026-07-31,2026-07-31 12:26:56
8.4,-9.5,-17.8,61,27874,2026-08-03,2026-08-03 15:20:38
33.7,-9.2,-42.9,12,27877,2026-08-03,2026-08-03 13:21:17
-25.4,-9.8,15.5,11,27889,2026-07-18,2026-07-18 21:23:22
88.3,107.8,19.5,38,27892,2026-08-20,2026-08-20 15:08:42
67.1,29.2,-38.0,28,27904,2026-08-05,2026-08-05 14:05:33
12.5,11.5,-1.1,26,27941,2026-07-23,2026-07-23 18:51:27
-4.8,-18.3,-13.5,40,27968,2026-07-26,2026-07-26 10:24:50
16.3,7.8,-8.5,40,27970,2026-07-24,2026-07-24 20:43:43
7.2,73.0,65.8,10,27976,2026-07-23,2026-07-23 21:14:58
-17.3,-1.9,15.4,37,27991,2026-08-03,2026-08-03 19:38:32
-15.3,-3.9,11.4,17,28031,2026-08-07,2026-08-07 21:34:20
-11.7,28.2,39.8,10,28033,2026-07-18,2026-07-18 13:06:40
81.6,88.1,6.5,60,28036,2026-08-13,2026-08-13 19:47:13
-23.7,15.5,39.2,26,28040,2026-07-23,2026-07-23 14:20:39
-23.2,4.9,28.2,15,28051,2026-07-21,2026-07-21 15:29:13
15.9,-4.6,-20.5,18,28064,2026-08-11,2026-08-11 14:26:06
8.3,18.4,10.1,12,28065,2026-07-19,2026-07-19 16:57:21
-20.0,-17.0,3.0,42,28067,2026-08-14,2026-08-14 17:37:57
49.9,-10.5,-60.4,34,28074,2026-08-15,2026-08-15 08:01:05
-0.3,13.3,13.7,32,28082,2026-07-14,2026-07-14 17:09:20
2.9,2.3,-0.6,33,28093,2026-08-08,2026-08-08 15:41:02
28.5,6.8,-21.7,18,28118,2026-07-28,2026-07-28 11:58:27
-13.0,-13.0,0.0,44,28125,2026-07-12,2026-07-12 21:29:01
209.6,153.5,-56.1,58,28143,2026-07-15,2026-07-15 18:41:26
52.6,-8.9,-61.6,12,28178,2026-08-16,2026-08-16 18:22:21
12.2,9.4,-2.8,16,28179,2026-08-21,2026-08-21 15:01:45
26.3,-8.0,-34.3,11,28194,2026-07-13,2026-07-13 19:00:00
16.7,1.8,-14.9,62,28203,2026-08-02,2026-08-02 15:21:20
47.7,60.6,12.9,49,28215,2026-07-20,2026-07-20 12:43:16
60.5,41.0,-19.5,19,28216,2026-07-27,2026-07-27 15:40:31
85.1,33.8,-51.4,11,28223,2026-08-17,2026-08-17 22:28:43
25.5,16.1,-9.4,19,28226,2026-08-14,2026-08-14 14:45:28
2.3,-9.1,-11.4,13,28237,2026-08-16,2026-08-16 18:10:44
7.3,7.7,0.4,33,28248,2026-07-16,2026-07-16 11:39:40
24.3,19.5,-4.8,24,28259,2026-08-05,2026-08-05 15:50:42
-23.8,15.0,38.8,10,28262,2026-07-31,2026-07-31 19:25:49
56.4,60.1,3.7,10,28265,2026-07-21,2026-07-21 18:18:28
-40.3,-0.4,39.9,12,28313,2026-07-15,2026-07-15 15:58:16
12.0,-6.4,-18.5,19,28316,2026-07-19,2026-07-19 12:58:59
-2.7,-4.9,-2.3,12,28325,2026-07-14,2026-07-14 17:54:39
10.3,-12.1,-22.3,13,28337,2026-08-10,2026-08-10 15:33:44
-7.9,-4.4,3.6,57,28344,2026-08-07,2026-08-07 12:25:56
1.8,0.5,-1.3,11,28351,2026-07-14,2026-07-14 18:15:49
3.2,-3.4,-6.7,33,28352,2026-07-17,2026-07-17 14:38:45
29.4,-3.6,-33.0,38,28367,2026-07-25,2026-07-25 09:22:37
33.4,3.3,-30.1,32,28376,2026-07-16,2026-07-16 14:43:47
116.4,182.0,65.7,11,28405,2026-08-02,2026-08-02 18:30:37
-22.0,-10.0,12.0,58,28414,2026-07-19,2026-07-19 14:54:02
17.6,-0.4,-18.1,37,28422,2026-08-05,2026-08-05 13:35:22
-59.3,-89.9,-30.6,149,28430,2026-07-25,2026-07-25 19:30:19
-62.4,-92.9,-30.6,149,28430,2026-07-25,2026-07-25 19:33:21
34.4,3.9,-30.6,19,28430,2026-07-25,2026-07-25 20:06:33
69.0,24.1,-44.9,80,28435,2026-07-31,2026-07-31 14:50:02
61.8,-2.1,-63.9,70,28435,2026-07-31,2026-07-31 15:26:13
15.8,15.6,-0.2,47,28441,2026-07-20,2026-07-20 14:30:14
-10.7,-10.0,0.7,37,28442,2026-07-26,2026-07-26 12:33:43
3.4,-1.7,-5.0,23,28448,2026-07-26,2026-07-26 17:33:38
36.1,11.6,-24.5,35,28455,2026-08-01,2026-08-01 10:48:55
-21.0,-2.2,18.8,11,28461,2026-08-08,2026-08-08 13:44:59
115.1,235.7,120.6,99,28462,2026-07-31,2026-07-31 14:28:54
0.2,-4.7,-4.9,40,28468,2026-08-17,2026-08-17 19:34:50
12.6,-1.8,-14.3,10,28471,2026-07-14,2026-07-14 19:46:25
8.8,-12.4,-21.2,39,28483,2026-07-24,2026-07-24 14:42:11
37.2,6.7,-30.5,15,28522,2026-08-15,2026-08-15 09:34:45
27.1,-3.4,-30.5,10,28522,2026-08-15,2026-08-15 09:49:51
14.7,-17.4,-32.1,27,28525,2026-08-14,2026-08-14 13:03:15
52.2,69.3,17.2,11,28546,2026-07-31,2026-07-31 23:41:50
114.0,90.3,-23.7,49,28548,2026-08-02,2026-08-02 18:46:59
48.0,24.2,-23.7,21,28548,2026-08-02,2026-08-02 20:21:02
-2.1,-10.2,-8.1,13,28553,2026-08-03,2026-08-03 12:56:04
7.9,-14.2,-22.1,54,28554,2026-08-09,2026-08-09 11:58:05
11.7,-10.5,-22.3,39,28558,2026-08-09,2026-08-09 12:19:16
18.2,10.9,-7.3,31,28580,2026-07-28,2026-07-28 17:12:47
145.4,89.5,-55.9,48,28586,2026-07-16,2026-07-16 14:16:36
28.5,8.7,-19.8,114,28606,2026-08-14,2026-08-14 16:52:30
55.3,5.6,-49.8,102,28606,2026-08-14,2026-08-14 17:07:39
47.1,-2.7,-49.8,86,28606,2026-08-14,2026-08-14 17:31:53
108.4,-14.8,-123.2,86,28606,2026-08-14,2026-08-14 17:44:00
15.6,-3.0,-18.7,41,28609,2026-07-25,2026-07-25 19:33:21
-4.0,39.0,42.9,14,28627,2026-07-19,2026-07-19 12:49:57
225.4,242.6,17.2,29,28630,2026-07-17,2026-07-17 18:25:33
35.7,44.5,8.8,34,28630,2026-07-17,2026-07-17 21:38:41
10.2,3.0,-7.3,40,28635,2026-07-26,2026-07-26 12:39:45
40.1,20.2,-19.9,28,28639,2026-08-15,2026-08-15 19:21:54
50.7,52.9,2.1,12,28642,2026-07-25,2026-07-25 14:27:17
-12.3,-10.0,2.2,22,28669,2026-07-18,2026-07-18 15:50:17
100.1,98.5,-1.6,27,28673,2026-07-25,2026-07-25 13:22:51
-7.5,-9.1,-1.6,40,28673,2026-07-25,2026-07-25 14:57:29
168.7,175.0,6.3,59,28680,2026-08-13,2026-08-13 17:45:18
54.2,12.6,-41.7,23,28686,2026-07-26,2026-07-26 18:52:47
44.4,30.3,-14.1,31,28699,2026-07-20,2026-07-20 23:12:36
-23.3,-5.1,18.3,31,28700,2026-07-26,2026-07-26 13:52:20
-6.6,-13.9,-7.3,38,28717,2026-07-25,2026-07-25 09:28:38
188.5,157.5,-31.0,27,28720,2026-07-29,2026-07-29 16:23:01
109.3,78.3,-31.0,16,28720,2026-07-29,2026-07-29 17:53:14
76.4,91.5,15.1,23,28735,2026-07-25,2026-07-25 16:11:52
47.1,96.4,49.3,46,28738,2026-07-26,2026-07-26 15:44:32
81.8,68.5,-13.3,36,28765,2026-07-18,2026-07-18 09:32:10
32.8,5.8,-27.0,13,28794,2026-08-02,2026-08-02 22:02:14
48.5,28.0,-20.4,6,28805,2026-08-16,2026-08-16 15:50:31
22.1,-8.2,-30.3,41,28820,2026-08-05,2026-08-05 19:56:52
46.4,62.2,15.8,11,28840,2026-07-23,2026-07-23 14:17:38
31.7,74.5,42.8,17,28862,2026-07-30,2026-07-30 15:11:16
-3.6,102.7,106.3,11,28870,2026-08-01,2026-08-01 19:38:33
10.1,-11.4,-21.5,42,28873,2026-07-28,2026-07-28 18:37:55
-35.1,-18.6,16.6,45,28883,2026-07-27,2026-07-27 23:39:10
-17.9,-15.1,2.9,48,28921,2026-08-01,2026-08-01 13:17:20
95.1,104.9,9.7,28,28928,2026-07-17,2026-07-18 01:48:52
30.6,-3.3,-33.9,14,28929,2026-07-25,2026-07-25 19:45:26
-27.2,-32.0,-4.8,48,28948,2026-07-25,2026-07-25 14:09:10
20.0,11.7,-8.3,19,28954,2026-07-30,2026-07-30 13:51:01
-10.7,8.0,18.7,28,28999,2026-07-26,2026-07-26 17:45:42
35.9,61.0,25.1,34,29004,2026-07-23,2026-07-23 21:33:03
179.3,226.4,47.1,13,29007,2026-08-05,2026-08-05 15:50:42
-12.8,14.1,26.9,33,29030,2026-07-26,2026-07-26 21:54:46
70.6,5.9,-64.6,35,29034,2026-08-11,2026-08-11 18:52:24
49.2,-9.4,-58.6,11,29034,2026-08-11,2026-08-11 19:31:47
28.4,39.0,10.6,32,29039,2026-07-22,2026-07-22 15:47:35
27.2,9.3,-17.9,19,29042,2026-08-02,2026-08-02 16:28:45
-12.5,3.5,16.0,20,29054,2026-07-24,2026-07-24 17:22:28
14.2,-7.9,-22.1,34,29098,2026-07-18,2026-07-18 10:56:45
-13.7,-10.0,3.7,12,29103,2026-07-20,2026-07-20 16:22:41
15.2,41.3,26.1,34,29122,2026-07-31,2026-07-31 19:19:47
17.6,9.3,-8.4,32,29140,2026-08-02,2026-08-02 18:00:21
46.5,19.7,-26.8,33,29157,2026-08-20,2026-08-20 19:25:30
45.5,18.7,-26.8,28,29157,2026-08-20,2026-08-20 19:31:32
8.0,9.2,1.2,16,29161,2026-07-30,2026-07-30 20:32:02
28.0,-1.8,-29.8,75,29165,2026-07-31,2026-07-31 14:47:01
51.9,70.7,18.8,13,29166,2026-07-18,2026-07-18 23:57:06
57.3,36.1,-21.2,35,29167,2026-07-25,2026-07-25 15:27:41
-73.3,4.1,77.4,43,29172,2026-07-18,2026-07-18 14:19:17
1.3,-5.7,-6.9,27,29191,2026-08-10,2026-08-10 16:31:44
2.2,-4.8,-6.9,17,29191,2026-08-10,2026-08-10 16:40:49
15.6,15.7,0.1,46,29202,2026-08-17,2026-08-17 13:46:26
6.8,2.9,-3.9,19,29202,2026-08-17,2026-08-17 14:26:12
-7.4,-15.3,-7.9,16,29202,2026-08-17,2026-08-17 14:47:24
-16.1,-6.9,9.2,10,29204,2026-08-19,2026-08-19 13:43:05
19.5,9.0,-10.5,31,29237,2026-07-23,2026-07-23 11:45:57
0.3,-10.2,-10.5,11,29237,2026-07-23,2026-07-23 12:25:09
-64.5,-55.5,9.1,58,29264,2026-08-02,2026-08-02 18:21:31
46.0,6.3,-39.7,38,29270,2026-07-20,2026-07-20 09:52:02
88.9,28.4,-60.5,53,29282,2026-07-27,2026-07-27 10:38:06
11.4,-5.9,-17.3,9,29304,2026-07-20,2026-07-20 13:20:36
34.8,-27.4,-62.2,31,29323,2026-07-28,2026-07-28 14:42:44
74.5,104.0,29.4,81,29337,2026-07-26,2026-07-26 14:07:27
39.8,-13.9,-53.7,15,29340,2026-08-08,2026-08-08 19:32:13
62.8,37.5,-25.4,21,29369,2026-08-01,2026-08-01 15:06:11
-1.3,51.4,52.7,11,29384,2026-08-04,2026-08-04 21:57:18
119.8,99.7,-20.1,34,29388,2026-07-23,2026-07-23 17:50:35
14.8,6.5,-8.3,10,29408,2026-07-25,2026-07-25 11:05:13
145.3,240.3,95.0,58,29409,2026-07-25,2026-07-25 20:36:42
23.0,15.8,-7.2,32,29430,2026-08-06,2026-08-06 14:27:01
39.9,-0.4,-40.3,16,29435,2026-07-20,2026-07-20 12:19:07
50.3,71.1,20.8,7,29441,2026-08-01,2026-08-01 20:05:43
24.3,12.1,-12.1,19,29456,2026-07-27,2026-07-27 16:16:44
-23.3,-10.5,12.8,13,29461,2026-08-01,2026-08-01 16:08:17
26.8,8.2,-18.6,37,29462,2026-08-06,2026-08-06 12:56:10
60.0,63.7,3.7,35,29466,2026-08-13,2026-08-13 21:52:58
51.8,53.5,1.7,12,29466,2026-08-13,2026-08-13 22:26:13
16.6,14.8,-1.8,35,29469,2026-08-04,2026-08-04 12:24:26
52.1,33.9,-18.1,19,29500,2026-07-22,2026-07-22 13:48:55
27.6,11.5,-16.1,10,29523,2026-08-04,2026-08-04 13:22:23
56.0,76.6,20.5,57,29529,2026-08-16,2026-08-17 01:26:58
148.0,142.4,-5.6,40,29530,2026-08-21,2026-08-21 08:51:59
20.8,51.0,30.3,36,29534,2026-08-10,2026-08-10 10:18:14
37.7,21.7,-16.0,30,29549,2026-08-06,2026-08-06 12:16:17
76.2,61.8,-14.4,43,29556,2026-07-24,2026-07-24 18:31:52
0.1,-20.7,-20.8,53,29558,2026-08-04,2026-08-04 14:09:54
-71.4,-92.2,-20.8,94,29558,2026-08-04,2026-08-04 14:40:22
55.6,67.1,11.4,44,29559,2026-08-08,2026-08-08 17:20:21
10.6,0.3,-10.4,14,29578,2026-08-02,2026-08-02 22:20:21
28.9,26.8,-2.1,30,29588,2026-08-16,2026-08-16 17:01:06
80.6,-7.3,-87.9,70,29590,2026-08-02,2026-08-02 10:59:25
-22.9,-33.7,-10.8,64,29595,2026-08-06,2026-08-06 17:18:51
-1.3,-0.1,1.2,97,29602,2026-08-17,2026-08-17 15:56:20
-8.5,-7.3,1.2,86,29602,2026-08-17,2026-08-17 16:14:30
-10.9,-9.1,1.8,11,29604,2026-07-26,2026-07-26 16:29:51
118.9,115.2,-3.7,15,29647,2026-08-20,2026-08-20 11:23:08
110.8,104.1,-6.7,11,29647,2026-08-20,2026-08-20 11:38:14
-23.3,23.4,46.7,43,29658,2026-08-01,2026-08-01 23:13:46
31.3,35.9,4.6,9,29670,2026-07-31,2026-07-31 12:06:43
6.7,4.0,-2.7,53,29673,2026-08-01,2026-08-01 09:00:19
95.8,122.5,26.6,9,29675,2026-07-24,2026-07-24 13:32:08
20.7,47.4,26.6,75,29675,2026-07-24,2026-07-24 13:41:13
62.7,52.1,-10.6,57,29683,2026-08-10,2026-08-10 10:30:20
21.0,8.7,-12.3,17,29687,2026-08-04,2026-08-04 18:21:57
23.1,27.7,4.6,46,29700,2026-07-24,2026-07-24 13:50:52
35.1,24.7,-10.4,46,29700,2026-07-24,2026-07-24 13:53:53
-10.6,8.6,19.2,37,29716,2026-08-15,2026-08-15 14:55:36
-14.6,4.6,19.2,38,29716,2026-08-15,2026-08-15 14:58:37
-36.8,-10.5,26.2,38,29716,2026-08-15,2026-08-15 15:13:45
-23.2,11.7,35.0,29,29727,2026-08-13,2026-08-13 13:21:14
-27.3,8.7,36.0,23,29727,2026-08-13,2026-08-13 13:30:20
-38.5,1.5,40.0,12,29727,2026-08-13,2026-08-13 13:48:31
-10.2,15.7,25.9,48,29728,2026-08-14,2026-08-14 16:13:09
-4.2,12.7,16.9,48,29728,2026-08-14,2026-08-14 16:16:12
-7.2,11.6,18.9,46,29728,2026-08-14,2026-08-14 16:19:13
19.9,2.8,-17.0,19,29747,2026-08-16,2026-08-16 16:51:08
-10.8,-9.5,1.3,15,29757,2026-08-21,2026-08-21 15:07:49
-25.4,-0.3,25.1,10,29761,2026-07-24,2026-07-24 16:15:25
-3.3,10.8,14.1,33,29801,2026-07-23,2026-07-23 15:38:33
118.5,131.4,12.9,12,29878,2026-08-20,2026-08-20 19:25:30
173.3,199.1,25.7,70,29880,2026-07-31,2026-07-31 19:56:39
14.2,-1.6,-15.8,10,29889,2026-08-04,2026-08-04 13:54:49
-23.7,-8.9,14.8,48,29895,2026-07-24,2026-07-24 23:39:43
16.3,-6.8,-23.1,20,29908,2026-08-21,2026-08-21 13:53:43
29.2,-4.1,-33.3,37,29932,2026-08-08,2026-08-08 10:38:49
48.3,15.8,-32.5,37,29948,2026-07-31,2026-07-31 23:11:40
9.5,6.5,-3.1,13,29969,2026-08-09,2026-08-09 12:37:27
37.7,39.9,2.2,49,29991,2026-07-24,2026-07-24 15:11:59
48.1,86.4,38.3,24,30003,2026-08-03,2026-08-03 17:47:52
-30.3,-6.6,23.7,42,30014,2026-07-25,2026-07-25 14:30:18
22.7,6.7,-16.0,23,30015,2026-07-30,2026-07-30 15:14:17
54.1,39.1,-15.0,44,30039,2026-07-24,2026-07-24 13:56:54
13.7,3.7,-10.0,16,30039,2026-07-24,2026-07-24 15:00:19
-17.4,-8.3,9.1,21,30048,2026-08-01,2026-08-01 13:41:25
33.5,31.7,-1.7,11,30055,2026-08-08,2026-08-08 14:51:32
33.4,-3.2,-36.7,53,30067,2026-07-26,2026-07-26 12:03:33
-2.0,6.2,8.2,32,30070,2026-08-18,2026-08-18 15:55:57
53.3,61.6,8.4,70,30080,2026-08-16,2026-08-16 16:14:44
105.7,39.5,-66.2,45,30081,2026-08-20,2026-08-20 11:44:17
64.7,-1.5,-66.2,21,30081,2026-08-20,2026-08-20 12:49:19
36.9,0.8,-36.1,12,30084,2026-08-03,2026-08-03 14:11:08
71.9,-35.0,-107.0,38,30092,2026-08-03,2026-08-04 01:53:03
99.4,99.4,0.0,42,30093,2026-08-12,2026-08-12 16:38:37
8.5,-2.6,-11.1,12,30102,2026-08-18,2026-08-18 12:38:27
21.4,-3.2,-24.6,11,30128,2026-08-19,2026-08-19 12:57:38
-21.6,9.1,30.7,12,30129,2026-07-24,2026-07-24 16:48:37
9.5,0.5,-9.1,6,30158,2026-08-16,2026-08-16 15:44:28
18.7,11.4,-7.2,17,30168,2026-08-05,2026-08-05 14:53:20
49.6,28.9,-20.8,20,30169,2026-08-12,2026-08-12 18:05:22
50.3,15.0,-35.2,18,30173,2026-07-23,2026-07-23 18:11:42
-32.4,-13.6,18.8,44,30182,2026-08-21,2026-08-21 17:18:25
54.1,52.2,-2.0,48,30196,2026-08-10,2026-08-10 15:45:50
9.9,-3.4,-13.3,15,30200,2026-08-10,2026-08-10 13:35:05
83.2,90.9,7.8,32,30206,2026-07-26,2026-07-26 18:55:48
204.2,202.1,-2.1,64,30214,2026-08-11,2026-08-11 19:31:47
84.3,54.2,-30.1,63,30251,2026-07-26,2026-07-26 14:37:41
24.3,-6.8,-31.1,33,30251,2026-07-26,2026-07-26 16:08:42
19.3,10.7,-8.6,17,30266,2026-08-04,2026-08-04 20:43:43
-15.6,-0.3,15.3,25,30280,2026-08-13,2026-08-13 14:25:34
2.2,-8.2,-10.4,48,30281,2026-08-17,2026-08-17 12:39:47
-0.0,-10.4,-10.4,23,30281,2026-08-17,2026-08-17 13:07:01
71.8,81.7,9.9,53,30318,2026-08-06,2026-08-06 17:55:10
-45.3,-5.5,39.9,47,30318,2026-08-06,2026-08-06 19:28:19
-15.4,-5.5,9.9,16,30318,2026-08-06,2026-08-06 19:59:22
134.8,93.7,-41.1,15,30324,2026-08-09,2026-08-09 19:00:09
58.3,65.9,7.7,57,30327,2026-07-31,2026-07-31 21:18:44
62.1,33.1,-29.1,59,30328,2026-08-03,2026-08-03 12:28:52
-8.9,11.0,19.9,9,30329,2026-08-21,2026-08-21 15:16:54
-29.5,-9.5,19.9,11,30329,2026-08-21,2026-08-21 15:35:28
43.9,17.1,-26.8,19,30334,2026-08-01,2026-08-01 14:57:07
-37.3,28.1,65.4,28,30343,2026-08-17,2026-08-17 22:13:35
-1.2,-6.3,-5.1,12,30352,2026-08-01,2026-08-01 15:09:12
-6.4,7.3,13.7,35,30355,2026-08-17,2026-08-17 13:40:23
-17.4,4.3,21.7,32,30355,2026-08-17,2026-08-17 13:46:26
10.7,-4.6,-15.3,5,30366,2026-08-01,2026-08-01 16:14:20
59.9,87.3,27.4,24,30375,2026-07-28,2026-07-28 15:31:03
76.6,95.0,18.5,24,30438,2026-08-17,2026-08-17 13:46:26
-13.6,5.8,19.4,25,30438,2026-08-17,2026-08-17 15:14:38
-25.9,-5.4,20.5,12,30438,2026-08-17,2026-08-17 15:38:51
104.0,104.4,0.4,71,30442,2026-08-10,2026-08-10 09:05:01
123.6,188.6,65.0,46,30443,2026-08-14,2026-08-14 18:52:26
132.7,177.3,44.6,30,30443,2026-08-14,2026-08-14 19:19:42
-6.5,-11.5,-5.0,34,30444,2026-08-18,2026-08-18 15:32:27
34.1,-7.0,-41.2,13,30452,2026-08-14,2026-08-14 14:12:51
1.3,-9.8,-11.1,35,30453,2026-08-21,2026-08-21 15:53:39
-9.9,15.2,25.1,11,30466,2026-08-18,2026-08-18 14:28:54
102.4,104.3,1.9,19,30476,2026-07-27,2026-07-27 19:45:38
47.6,50.6,3.0,16,30498,2026-07-29,2026-07-29 12:49:53
71.2,64.8,-6.3,61,30514,2026-08-04,2026-08-04 18:03:50
64.1,57.8,-6.3,65,30514,2026-08-04,2026-08-04 18:06:51
-16.2,0.9,17.1,32,30528,2026-08-16,2026-08-16 12:12:14
-16.3,0.8,17.1,23,30528,2026-08-16,2026-08-16 12:21:18
-27.5,-10.4,17.1,13,30528,2026-08-16,2026-08-16 12:42:30
136.9,120.9,-16.0,48,30529,2026-08-20,2026-08-20 15:55:08
12.7,-3.2,-16.0,19,30529,2026-08-20,2026-08-20 18:28:15
18.2,-1.3,-19.6,37,30546,2026-07-26,2026-07-26 14:49:45
59.0,67.5,8.5,26,30553,2026-08-04,2026-08-04 13:33:41
85.3,67.8,-17.5,16,30556,2026-07-27,2026-07-27 13:53:43
46.0,32.5,-13.5,15,30556,2026-07-27,2026-07-27 14:29:57
13.4,2.8,-10.6,60,30557,2026-07-31,2026-07-31 18:46:33
18.1,7.5,-10.6,10,30557,2026-07-31,2026-07-31 19:31:51
2.9,-14.0,-16.9,48,30564,2026-08-11,2026-08-11 14:23:05
-3.4,-8.5,-5.1,33,30585,2026-07-26,2026-07-26 09:00:23
-22.8,-12.2,10.6,47,30622,2026-08-01,2026-08-01 19:20:50
-6.8,2.0,8.8,30,30640,2026-07-26,2026-07-26 18:03:49
-15.7,-9.8,5.8,11,30640,2026-07-26,2026-07-26 18:34:39
157.5,114.9,-42.6,93,30647,2026-08-03,2026-08-03 15:02:29
82.4,27.8,-54.6,63,30647,2026-08-03,2026-08-03 16:59:34
0.8,-10.7,-11.4,32,30654,2026-08-16,2026-08-16 12:12:14
27.7,12.8,-14.9,26,30656,2026-08-07,2026-08-07 16:16:20
54.6,60.9,6.3,18,30662,2026-07-30,2026-07-30 21:17:26
107.7,69.8,-37.8,53,30668,2026-07-26,2026-07-26 13:49:19
50.2,22.4,-27.8,37,30668,2026-07-26,2026-07-26 14:52:46
45.0,40.1,-4.9,34,30669,2026-07-29,2026-07-29 16:10:57
81.3,266.4,185.1,13,30674,2026-07-26,2026-07-26 18:34:39
22.1,6.8,-15.4,43,30684,2026-07-27,2026-07-27 12:12:51
4.8,-10.6,-15.4,12,30684,2026-07-27,2026-07-27 13:01:11
-7.9,-3.8,4.2,73,30701,2026-07-27,2026-07-27 12:24:56
3.4,8.2,4.8,34,30709,2026-08-01,2026-08-01 10:27:49
14.9,2.9,-12.0,13,30740,2026-08-02,2026-08-02 17:30:07
23.3,33.1,9.8,35,30748,2026-08-02,2026-08-02 08:31:39
22.4,-1.6,-24.0,17,30752,2026-08-15,2026-08-15 17:50:36
-19.7,-18.1,1.6,55,30755,2026-07-27,2026-07-27 13:50:42
45.0,-19.1,-64.0,47,30799,2026-08-14,2026-08-14 15:58:01
49.5,57.7,8.1,36,30813,2026-08-07,2026-08-07 13:34:27
69.9,60.6,-9.3,35,30818,2026-08-16,2026-08-16 16:45:05
83.2,83.8,0.6,67,30821,2026-08-17,2026-08-17 19:28:47
22.3,23.7,1.4,32,30823,2026-08-04,2026-08-04 16:07:41
70.5,48.7,-21.8,36,30824,2026-08-08,2026-08-08 07:28:30
59.8,69.4,9.6,36,30825,2026-07-30,2026-07-30 17:27:11
-6.0,158.6,164.7,10,30844,2026-08-01,2026-08-01 20:45:01
-14.1,150.6,164.7,12,30844,2026-08-01,2026-08-01 20:51:03
50.3,71.5,21.3,12,30846,2026-08-08,2026-08-08 16:13:44
47.1,33.7,-13.3,42,30884,2026-08-21,2026-08-21 08:45:56
-6.8,8.6,15.4,13,30889,2026-07-30,2026-07-30 13:35:56
31.3,8.1,-23.2,39,30891,2026-08-02,2026-08-02 16:19:41
23.9,26.1,2.1,30,30897,2026-08-20,2026-08-20 18:10:05
32.0,30.7,-1.3,118,30900,2026-08-14,2026-08-14 15:30:58
41.8,34.5,-7.3,72,30900,2026-08-14,2026-08-14 16:13:09
41.6,33.3,-8.3,52,30900,2026-08-14,2026-08-14 16:34:22
-18.8,-7.0,11.8,40,30908,2026-08-05,2026-08-05 19:38:46
52.7,23.4,-29.3,47,30913,2026-08-05,2026-08-05 21:08:15
-5.1,-15.3,-10.2,57,30921,2026-08-19,2026-08-19 12:08:07
4.9,-15.4,-20.3,29,30927,2026-08-20,2026-08-20 20:41:04
26.5,-3.2,-29.8,40,30937,2026-08-06,2026-08-06 09:53:28
18.7,1.4,-17.3,18,30949,2026-08-17,2026-08-17 15:53:19
46.7,97.7,51.0,9,30951,2026-08-05,2026-08-05 14:47:18
15.8,49.3,33.5,26,30969,2026-08-03,2026-08-03 18:07:11
33.6,26.3,-7.3,30,30987,2026-08-15,2026-08-15 20:20:22
36.6,29.3,-7.3,24,30987,2026-08-15,2026-08-15 20:23:23
12.4,13.3,0.9,28,30989,2026-08-12,2026-08-12 16:38:37
-0.9,-1.4,-0.5,11,30995,2026-07-28,2026-07-28 15:06:53
9.4,5.2,-4.2,9,31014,2026-08-10,2026-08-10 18:39:48
16.8,16.5,-0.3,46,31018,2026-08-08,2026-08-08 15:59:11
-5.2,-10.5,-5.3,13,31018,2026-08-08,2026-08-08 16:59:10
40.6,47.9,7.3,11,31024,2026-08-11,2026-08-11 14:56:23
4.7,0.1,-4.6,46,31027,2026-08-18,2026-08-18 11:24:19
37.4,31.3,-6.0,33,31032,2026-08-10,2026-08-10 18:21:38
54.1,35.9,-18.2,32,31041,2026-08-03,2026-08-03 20:32:51
36.5,-10.8,-47.3,13,31066,2026-08-01,2026-08-01 22:19:28
-1.8,-29.4,-27.6,43,31069,2026-08-13,2026-08-13 18:18:47
10.1,-1.0,-11.1,10,31073,2026-08-12,2026-08-12 13:39:55
225.8,222.1,-3.6,30,31075,2026-08-14,2026-08-14 19:59:14
46.3,44.9,-1.4,12,31087,2026-07-29,2026-07-29 15:49:49
107.8,104.8,-3.0,33,31094,2026-08-19,2026-08-19 15:43:11
91.7,98.7,7.0,33,31094,2026-08-19,2026-08-19 15:49:15
67.8,75.8,8.0,16,31094,2026-08-19,2026-08-19 16:29:11
40.6,-2.7,-43.3,16,31123,2026-08-08,2026-08-08 14:33:23
3.5,-8.5,-12.0,24,31178,2026-08-03,2026-08-03 19:32:30
97.3,116.7,19.5,11,31182,2026-08-01,2026-08-01 20:02:43
67.8,105.7,37.9,10,31182,2026-08-01,2026-08-01 20:14:47
31.8,9.7,-22.1,33,31184,2026-07-29,2026-07-29 13:43:04
19.8,149.9,130.1,61,31185,2026-08-02,2026-08-02 17:39:11
34.8,164.9,130.1,43,31185,2026-08-02,2026-08-02 17:42:12
12.7,142.8,130.1,53,31185,2026-08-02,2026-08-02 17:54:18
-33.9,-3.4,30.4,36,31222,2026-08-15,2026-08-15 23:35:51
-18.4,-8.9,9.5,11,31252,2026-08-01,2026-08-01 13:35:23
91.6,82.4,-9.2,72,31254,2026-08-09,2026-08-09 18:16:21
8.0,15.3,7.3,33,31261,2026-08-17,2026-08-17 12:57:57
-17.4,-8.1,9.3,11,31261,2026-08-17,2026-08-17 13:43:24
23.7,-0.8,-24.5,12,31280,2026-07-31,2026-07-31 13:21:19
102.7,132.4,29.8,33,31291,2026-08-03,2026-08-03 20:50:19
28.2,-11.8,-40.1,38,31295,2026-08-09,2026-08-09 10:23:45
48.0,36.3,-11.7,11,31302,2026-08-02,2026-08-02 13:01:02
68.9,36.1,-32.9,11,31313,2026-08-01,2026-08-01 09:18:25
175.7,172.2,-3.5,8,31321,2026-08-06,2026-08-06 13:11:18
9.8,-7.1,-16.8,40,31322,2026-08-10,2026-08-10 12:55:13
0.0,-8.7,-8.7,19,31327,2026-08-17,2026-08-17 21:16:58
-4.2,-13.0,-8.7,15,31327,2026-08-17,2026-08-17 21:25:13
23.9,-5.9,-29.8,21,31338,2026-08-08,2026-08-08 14:00:08
-0.7,-12.0,-11.3,13,31339,2026-08-07,2026-08-07 15:53:43
-5.1,-8.1,-3.0,11,31344,2026-07-29,2026-07-29 23:11:07
7.7,-7.6,-15.3,56,31347,2026-08-19,2026-08-19 12:26:18
102.8,105.6,2.8,68,31357,2026-08-02,2026-08-02 21:59:13
99.8,102.6,2.8,68,31357,2026-08-02,2026-08-02 22:02:14
-4.3,27.1,31.4,38,31358,2026-08-08,2026-08-08 12:26:16
39.4,67.4,28.1,32,31365,2026-08-05,2026-08-05 19:11:37
73.1,-1.4,-74.6,21,31367,2026-07-29,2026-07-29 15:55:51
86.5,169.5,83.0,17,31377,2026-08-20,2026-08-20 12:14:30
51.8,136.8,85.0,30,31377,2026-08-20,2026-08-20 12:34:12
56.6,132.6,76.0,7,31377,2026-08-20,2026-08-20 13:01:26
95.6,108.9,13.2,29,31379,2026-08-02,2026-08-02 18:00:21
17.6,24.0,6.4,57,31380,2026-08-08,2026-08-08 14:30:22
-14.8,-8.5,6.4,40,31380,2026-08-08,2026-08-08 15:19:50
-9.0,-8.4,0.6,10,31400,2026-07-31,2026-07-31 14:50:02
83.7,61.3,-22.4,45,31435,2026-07-30,2026-07-30 17:51:19
-6.2,-11.6,-5.4,55,31484,2026-08-08,2026-08-08 19:26:10
37.9,41.3,3.3,8,31509,2026-08-11,2026-08-11 15:51:03
2.9,-11.8,-14.7,26,31510,2026-08-13,2026-08-13 13:06:05
-7.1,1.0,8.0,10,31541,2026-08-16,2026-08-16 13:55:03
22.5,-4.2,-26.6,41,31546,2026-08-05,2026-08-05 18:56:32
8.5,-12.6,-21.1,37,31556,2026-08-08,2026-08-08 09:59:31
84.7,33.0,-51.7,59,31561,2026-08-14,2026-08-14 14:33:19
63.5,14.8,-48.7,59,31561,2026-08-14,2026-08-14 14:51:32
58.4,7.7,-50.7,60,31561,2026-08-14,2026-08-14 14:57:35
56.3,5.6,-50.7,53,31561,2026-08-14,2026-08-14 15:06:41
66.1,6.4,-59.7,31,31561,2026-08-14,2026-08-14 15:27:55
18.8,16.6,-2.2,14,31573,2026-08-05,2026-08-05 14:32:11
11.1,0.7,-10.4,9,31587,2026-08-11,2026-08-11 15:32:53
69.7,99.7,30.0,42,31590,2026-08-08,2026-08-08 17:08:15
-14.1,-44.1,-30.0,60,31590,2026-08-08,2026-08-08 19:14:03
32.5,-9.1,-41.6,12,31621,2026-08-14,2026-08-14 13:33:30
24.5,33.7,9.2,37,31622,2026-08-21,2026-08-21 11:28:28
11.9,-6.2,-18.1,38,31629,2026-08-15,2026-08-15 12:10:07
76.4,22.3,-54.1,55,31642,2026-08-16,2026-08-16 12:48:34
28.2,-2.0,-30.2,51,31679,2026-08-07,2026-08-07 15:59:47
101.7,-4.0,-105.7,24,31686,2026-07-31,2026-07-31 10:54:18
-10.8,-17.7,-6.9,44,31697,2026-08-07,2026-08-07 15:56:45
-19.8,-12.6,7.2,45,31715,2026-08-21,2026-08-21 20:34:47
-6.4,-9.9,-3.5,13,31737,2026-08-05,2026-08-05 13:44:24
2.0,0.3,-1.7,40,31740,2026-08-09,2026-08-09 10:47:59
39.0,27.0,-12.0,15,31746,2026-08-18,2026-08-18 17:50:59
87.0,90.6,3.6,54,31747,2026-08-13,2026-08-13 21:52:58
-10.4,10.7,21.1,26,31753,2026-08-05,2026-08-05 13:44:24
220.8,225.8,5.1,56,31754,2026-08-03,2026-08-03 18:16:14
43.8,-10.7,-54.5,27,31755,2026-08-10,2026-08-10 16:19:09
43.9,-0.8,-44.7,6,31778,2026-08-11,2026-08-11 18:10:05
12.3,-1.4,-13.7,16,31824,2026-08-07,2026-08-07 22:16:41
133.6,54.5,-79.2,26,31856,2026-08-21,2026-08-21 17:15:23
131.5,47.4,-84.2,24,31856,2026-08-21,2026-08-21 17:24:29
122.4,44.2,-78.2,12,31856,2026-08-21,2026-08-21 17:39:38
114.3,36.1,-78.2,11,31856,2026-08-21,2026-08-21 17:48:44
22.5,27.7,5.3,12,31857,2026-08-08,2026-08-08 13:51:02
2.8,20.4,17.6,14,31867,2026-08-12,2026-08-12 17:26:04
24.2,21.5,-2.7,41,31881,2026-08-04,2026-08-04 15:00:47
17.1,10.2,-7.0,20,31882,2026-08-08,2026-08-08 16:22:51
100.7,1745.2,1644.4,63,31901,2026-08-07,2026-08-06 18:07:17
-14.7,691.8,706.4,48,31901,2026-08-07,2026-08-07 11:55:39
11.7,0.3,-11.3,15,31905,2026-08-04,2026-08-04 13:13:20
-0.7,-12.0,-11.3,13,31905,2026-08-04,2026-08-04 13:27:39
92.1,190.8,98.7,19,31907,2026-08-01,2026-08-01 20:29:54
-14.9,-9.5,5.5,44,31912,2026-08-14,2026-08-14 18:00:56
8.1,-10.6,-18.6,28,31916,2026-08-08,2026-08-08 13:38:56
5.0,-13.6,-18.6,28,31916,2026-08-08,2026-08-08 13:41:58
15.0,-3.6,-18.6,15,31916,2026-08-08,2026-08-08 13:44:59
42.7,26.3,-16.4,82,31918,2026-08-04,2026-08-04 18:55:16
48.9,75.8,26.8,30,31938,2026-08-14,2026-08-14 17:01:36
-21.1,5.3,26.4,26,31938,2026-08-14,2026-08-14 18:16:06
26.5,22.9,-3.6,17,31941,2026-08-15,2026-08-15 14:46:30
166.0,155.7,-10.3,31,31943,2026-08-19,2026-08-19 18:05:58
150.8,137.5,-13.3,31,31943,2026-08-19,2026-08-19 18:24:09
162.8,128.4,-34.3,31,31943,2026-08-19,2026-08-19 18:33:12
88.2,87.6,-0.6,28,31962,2026-08-19,2026-08-19 11:28:49
71.1,70.5,-0.6,30,31962,2026-08-19,2026-08-19 11:43:55
78.6,72.4,-6.2,65,31977,2026-08-21,2026-08-21 17:15:23
57.5,60.3,2.8,68,31977,2026-08-21,2026-08-21 17:24:29
57.4,56.2,-1.2,57,31977,2026-08-21,2026-08-21 17:39:38
54.1,45.9,-8.2,37,31977,2026-08-21,2026-08-21 18:09:53
15.4,23.1,7.8,107,32050,2026-08-17,2026-08-17 15:14:38
-9.2,-16.8,-7.5,57,32054,2026-08-08,2026-08-08 14:12:13
2.7,-7.1,-9.9,14,32078,2026-08-20,2026-08-20 21:58:15
29.0,-6.7,-35.7,35,32107,2026-08-13,2026-08-13 16:40:59
-21.1,27.7,48.8,67,32139,2026-08-11,2026-08-11 13:44:06
23.7,3.6,-20.1,29,32155,2026-08-16,2026-08-16 18:16:18
37.7,30.1,-7.6,33,32160,2026-08-05,2026-08-05 17:36:16
60.9,51.0,-9.9,13,32162,2026-08-07,2026-08-07 17:39:39
-1.4,-12.8,-11.5,35,32198,2026-08-15,2026-08-15 22:23:22
-4.4,-6.5,-2.2,15,32200,2026-08-05,2026-08-05 15:32:35
23.7,12.9,-10.8,9,32227,2026-08-03,2026-08-03 16:26:17
74.9,-7.1,-82.0,35,32263,2026-08-19,2026-08-19 09:40:05
-5.0,2.3,7.2,12,32268,2026-08-18,2026-08-18 17:47:57
-6.0,-0.8,5.2,9,32268,2026-08-18,2026-08-18 17:54:00
90.7,-8.7,-99.4,10,32270,2026-08-08,2026-08-08 12:35:20
36.3,10.3,-26.0,31,32285,2026-08-08,2026-08-08 17:52:39
18.0,-11.0,-29.0,13,32285,2026-08-08,2026-08-08 18:32:00
83.4,167.5,84.1,33,32288,2026-08-03,2026-08-03 15:17:38
-7.6,2.1,9.7,46,32295,2026-08-07,2026-08-07 15:41:35
41.6,69.7,28.1,54,32312,2026-08-21,2026-08-21 17:15:23
41.4,69.5,28.1,30,32312,2026-08-21,2026-08-21 17:39:38
27.6,25.2,-2.5,62,32317,2026-08-03,2026-08-03 13:30:22
21.4,18.9,-2.5,38,32317,2026-08-03,2026-08-03 14:00:34
16.4,12.1,-4.3,12,32325,2026-08-15,2026-08-15 12:55:38
21.7,12.3,-9.3,7,32332,2026-08-14,2026-08-14 16:31:20
14.9,9.4,-5.5,31,32346,2026-08-13,2026-08-13 22:05:03
-1.6,16.0,17.6,23,32352,2026-08-03,2026-08-03 17:08:37
32.7,147.1,114.4,35,32377,2026-08-06,2026-08-06 16:21:20
-13.6,-11.9,1.7,32,32378,2026-08-10,2026-08-10 14:26:34
18.7,49.8,31.0,14,32393,2026-08-11,2026-08-11 16:12:15
33.7,49.7,16.0,11,32393,2026-08-11,2026-08-11 16:15:16
74.2,72.0,-2.2,30,32399,2026-08-15,2026-08-15 19:12:49
34.0,24.4,-9.6,15,32405,2026-08-10,2026-08-10 16:55:58
-5.2,21.0,26.2,16,32406,2026-08-14,2026-08-14 18:28:12
46.8,59.8,13.1,28,32428,2026-08-14,2026-08-14 12:54:08
21.4,33.4,12.0,9,32428,2026-08-14,2026-08-14 13:39:34
74.3,85.4,11.1,31,32429,2026-08-06,2026-08-06 13:53:42
30.2,35.1,4.9,20,32430,2026-08-10,2026-08-10 12:09:49
13.6,16.3,2.7,33,32451,2026-08-05,2026-08-05 16:24:23
19.8,16.7,-3.1,38,32469,2026-08-15,2026-08-15 10:32:09
90.7,63.8,-26.9,83,32501,2026-08-20,2026-08-20 14:20:17
29.0,11.6,-17.5,49,32508,2026-08-09,2026-08-09 15:46:57
-60.3,-55.2,5.1,57,32597,2026-08-07,2026-08-07 15:20:19
28.3,19.3,-9.0,32,32605,2026-08-11,2026-08-11 16:18:18
19.9,-8.4,-28.3,20,32606,2026-08-15,2026-08-15 15:50:04
23.2,-9.7,-32.9,11,32626,2026-08-05,2026-08-05 15:59:45
2.3,-10.8,-13.1,40,32632,2026-08-09,2026-08-09 10:17:42
42.7,75.5,32.8,10,32673,2026-08-08,2026-08-08 19:41:18
29.6,10.5,-19.1,19,32687,2026-08-08,2026-08-08 12:41:24
28.6,-9.6,-38.2,12,32697,2026-08-09,2026-08-09 21:30:26
72.6,30.2,-42.4,30,32771,2026-08-17,2026-08-17 13:46:26
41.7,-0.7,-42.4,15,32771,2026-08-17,2026-08-17 14:32:15
21.2,45.7,24.6,29,32774,2026-08-17,2026-08-17 12:42:48
-0.4,-2.4,-2.1,19,32796,2026-08-21,2026-08-21 13:11:21
5.6,-11.5,-17.1,13,32868,2026-08-08,2026-08-08 17:23:23
2.0,-4.7,-6.7,10,32900,2026-08-09,2026-08-09 13:37:59
-46.4,-56.5,-10.1,58,32931,2026-08-06,2026-08-07 00:48:44
0.4,38.7,38.3,12,32934,2026-08-05,2026-08-05 21:37:35
62.0,48.6,-13.5,35,32940,2026-08-13,2026-08-13 16:37:58
11.6,13.1,1.5,28,32940,2026-08-13,2026-08-13 17:20:26
-10.0,4.6,14.5,26,32951,2026-08-19,2026-08-19 13:30:58
-19.2,-1.6,17.5,11,32951,2026-08-19,2026-08-19 13:52:10
48.2,-10.8,-59.0,12,32963,2026-08-15,2026-08-15 21:14:46
21.0,8.1,-12.9,30,32989,2026-08-10,2026-08-10 10:39:02
18.9,123.8,104.9,94,33006,2026-08-07,2026-08-07 17:26:06
-0.5,104.4,104.9,9,33006,2026-08-07,2026-08-07 19:10:30
19.9,39.7,19.8,32,33017,2026-08-21,2026-08-21 13:02:17
16.1,16.9,0.8,50,33021,2026-08-11,2026-08-11 13:55:51
3.8,-9.0,-12.8,73,33022,2026-08-14,2026-08-14 18:28:12
21.4,-6.6,-28.0,11,33033,2026-08-10,2026-08-10 18:15:34
18.4,-9.6,-28.0,11,33033,2026-08-10,2026-08-10 18:18:37
1.7,8.4,6.7,70,33039,2026-08-07,2026-08-07 16:10:17
16.2,1.3,-14.9,13,33047,2026-08-11,2026-08-11 19:31:47
8.2,-1.7,-9.9,13,33047,2026-08-11,2026-08-11 19:34:49
30.5,8.7,-21.7,22,33061,2026-08-07,2026-08-07 15:35:31
-34.0,-0.6,33.4,34,33131,2026-08-06,2026-08-07 03:59:00
-13.5,-32.2,-18.7,33,33134,2026-08-07,2026-08-07 19:10:30
24.7,12.9,-11.8,56,33138,2026-08-14,2026-08-14 14:33:19
7.2,-4.5,-11.8,31,33138,2026-08-14,2026-08-14 15:15:47
150.7,122.9,-27.8,35,33144,2026-08-20,2026-08-20 14:20:17
113.1,163.7,50.6,56,33152,2026-08-12,2026-08-12 15:18:51
92.7,137.3,44.6,45,33152,2026-08-12,2026-08-12 15:56:16
41.0,42.3,1.2,43,33164,2026-08-07,2026-08-07 14:28:58
111.2,29.1,-82.0,28,33239,2026-08-13,2026-08-13 17:14:23
102.9,16.4,-86.5,28,33239,2026-08-13,2026-08-13 17:27:05
89.7,0.2,-89.5,26,33239,2026-08-13,2026-08-13 17:45:18
76.4,-8.1,-84.5,10,33239,2026-08-13,2026-08-13 18:09:35
59.1,-7.3,-66.3,17,33241,2026-08-15,2026-08-15 13:43:56
35.1,-4.1,-39.2,21,33247,2026-08-16,2026-08-16 13:33:53
44.0,42.1,-1.9,13,33251,2026-08-10,2026-08-10 17:02:01
84.6,55.6,-29.0,35,33252,2026-08-13,2026-08-13 10:00:25
85.1,144.7,59.6,34,33255,2026-08-21,2026-08-21 15:16:54
4.7,68.3,63.6,10,33255,2026-08-21,2026-08-21 16:57:17
40.4,28.8,-11.6,68,33260,2026-08-17,2026-08-17 17:47:50
31.8,23.4,-8.4,34,33260,2026-08-17,2026-08-17 18:27:13
-3.4,-11.4,-8.0,83,33279,2026-08-17,2026-08-17 13:40:23
-9.4,-17.4,-8.0,83,33279,2026-08-17,2026-08-17 13:46:26
58.2,14.6,-43.6,31,33280,2026-08-14,2026-08-14 21:14:47
34.4,-9.2,-43.6,12,33280,2026-08-14,2026-08-14 21:57:35
-0.4,-8.1,-7.7,55,33313,2026-08-14,2026-08-14 12:05:23
33.0,47.5,14.5,54,33326,2026-08-13,2026-08-13 23:36:58
4.8,19.3,14.5,46,33326,2026-08-13,2026-08-14 00:13:13
-10.4,11.1,21.5,33,33326,2026-08-13,2026-08-14 00:34:22
94.6,90.1,-4.5,32,33330,2026-08-13,2026-08-13 20:40:24
22.0,17.5,-4.5,32,33330,2026-08-13,2026-08-13 21:52:58
21.4,-8.1,-29.5,11,33330,2026-08-13,2026-08-13 22:39:36
19.5,37.7,18.2,48,33352,2026-08-13,2026-08-13 15:46:30
23.4,31.6,8.2,39,33352,2026-08-13,2026-08-13 16:01:37
263.4,280.5,17.0,60,33355,2026-08-11,2026-08-11 19:13:35
-7.2,17.7,24.9,65,33373,2026-08-08,2026-08-08 19:32:13
18.6,43.6,24.9,24,33373,2026-08-08,2026-08-08 19:47:22
-13.7,-6.4,7.3,39,33383,2026-08-15,2026-08-15 15:04:40
-1.9,-9.2,-7.3,37,33411,2026-08-16,2026-08-16 13:24:53
26.6,14.3,-12.2,31,33445,2026-08-11,2026-08-11 20:52:25
18.5,1.2,-17.2,29,33445,2026-08-11,2026-08-11 21:07:32
147.3,122.1,-25.2,17,33447,2026-08-18,2026-08-18 17:17:40
17.3,-12.2,-29.5,39,33518,2026-08-14,2026-08-14 07:03:41
3.9,-12.0,-15.9,37,33536,2026-08-17,2026-08-17 13:19:08
167.2,226.6,59.4,39,33546,2026-08-12,2026-08-12 10:50:48
93.3,98.6,5.4,16,33546,2026-08-12,2026-08-12 13:21:44
-13.2,-13.2,-0.0,16,33550,2026-08-21,2026-08-21 14:25:11
32.2,33.7,1.5,33,33557,2026-08-17,2026-08-17 12:39:47
78.5,42.4,-36.1,53,33558,2026-08-12,2026-08-12 14:36:29
21.0,-4.1,-25.1,50,33558,2026-08-12,2026-08-12 15:26:01
19.8,-5.3,-25.1,30,33558,2026-08-12,2026-08-12 15:47:11
17.5,-10.7,-28.2,30,33559,2026-08-21,2026-08-21 07:42:29
5.3,-11.8,-17.0,18,33588,2026-08-17,2026-08-17 12:06:44
34.0,36.1,2.0,67,33589,2026-08-21,2026-08-21 18:18:57
96.6,66.8,-29.7,54,33595,2026-08-17,2026-08-17 16:05:25
-0.2,12.7,13.0,14,33596,2026-08-21,2026-08-21 19:31:14
13.3,6.6,-6.7,48,33623,2026-08-10,2026-08-10 11:57:42
136.0,180.0,43.9,6,33640,2026-08-18,2026-08-18 17:47:57
141.7,119.0,-22.7,27,33700,2026-08-12,2026-08-12 17:56:17
46.1,17.4,-28.7,29,33700,2026-08-12,2026-08-12 19:35:52
16.7,-12.0,-28.7,13,33700,2026-08-12,2026-08-12 20:21:15
12.7,-10.5,-23.1,39,33742,2026-08-20,2026-08-20 08:53:18
57.8,80.2,22.4,26,33773,2026-08-18,2026-08-18 13:48:10
6.7,-8.4,-15.1,22,33845,2026-08-21,2026-08-21 14:31:16
47.9,101.9,54.0,43,33861,2026-08-16,2026-08-16 22:53:29
-5.1,-3.6,1.5,57,33915,2026-08-21,2026-08-21 13:02:17
0.4,-6.9,-7.3,30,33915,2026-08-21,2026-08-21 13:32:33
57.6,39.5,-18.1,58,33924,2026-08-19,2026-08-19 14:16:24
40.2,22.1,-18.1,36,33924,2026-08-19,2026-08-19 14:55:45
14.1,-1.0,-15.1,14,33940,2026-08-15,2026-08-15 13:19:51
7.2,-8.0,-15.1,9,33940,2026-08-15,2026-08-15 13:31:50
10.9,-8.3,-19.2,39,33969,2026-08-17,2026-08-17 10:45:05
56.2,16.6,-39.6,20,33972,2026-08-13,2026-08-13 14:43:45
50.9,39.7,-11.2,48,34075,2026-08-16,2026-08-16 14:25:19
55.6,44.7,-10.9,31,34075,2026-08-16,2026-08-16 14:37:24
8.3,-14.4,-22.8,15,34100,2026-08-15,2026-08-15 18:57:40
-4.6,-9.8,-5.2,54,34101,2026-08-21,2026-08-21 11:40:35
18.5,10.2,-8.4,28,34135,2026-08-16,2026-08-16 14:43:27
123.5,115.7,-7.8,29,34155,2026-08-12,2026-08-12 12:51:29
123.3,105.4,-17.8,9,34155,2026-08-12,2026-08-12 13:21:44
45.8,-8.5,-54.3,16,34188,2026-08-21,2026-08-21 14:28:13
77.7,-17.1,-94.8,19,34193,2026-08-12,2026-08-12 17:53:16
54.5,45.7,-8.8,36,34235,2026-08-14,2026-08-14 16:55:32
42.1,22.9,-19.2,55,34251,2026-08-17,2026-08-17 16:50:52
14.6,-4.7,-19.3,17,34253,2026-08-16,2026-08-16 17:28:21
86.2,63.3,-22.9,9,34321,2026-08-20,2026-08-20 10:20:48
9.4,3.1,-6.3,38,34370,2026-08-16,2026-08-16 21:42:33
40.8,41.6,0.8,95,34381,2026-08-13,2026-08-14 00:13:13
117.7,127.4,9.7,29,34390,2026-08-15,2026-08-15 16:08:15
108.7,118.4,9.7,29,34390,2026-08-15,2026-08-15 16:17:19
88.9,94.6,5.7,11,34390,2026-08-15,2026-08-15 16:59:08
-22.5,-5.7,16.7,17,34390,2026-08-15,2026-08-15 18:33:27
4.5,6.2,1.7,47,34465,2026-08-18,2026-08-18 12:38:27
91.8,136.5,44.7,60,34509,2026-08-17,2026-08-17 14:23:11
15.9,12.0,-3.9,40,34562,2026-08-14,2026-08-14 16:04:04
-25.8,3.7,29.5,13,34602,2026-08-17,2026-08-17 20:58:49
44.7,31.4,-13.3,21,34643,2026-08-21,2026-08-21 11:10:19
182.3,195.8,13.5,67,34733,2026-08-14,2026-08-14 19:22:43
10.3,23.8,13.5,72,34733,2026-08-14,2026-08-14 22:09:40
30.4,17.0,-13.4,50,34741,2026-08-17,2026-08-17 12:24:38
21.2,7.8,-13.4,38,34741,2026-08-17,2026-08-17 12:45:50
74.1,48.3,-25.8,25,34751,2026-08-15,2026-08-16 01:01:51
19.4,9.1,-10.3,38,34752,2026-08-19,2026-08-19 10:52:34
53.8,49.0,-4.8,29,34825,2026-08-15,2026-08-15 16:02:11
62.2,55.8,-6.5,41,34835,2026-08-15,2026-08-15 15:16:46
7.0,17.0,9.9,23,34855,2026-08-18,2026-08-18 15:55:57
2.9,12.8,9.9,12,34855,2026-08-18,2026-08-18 16:11:05
43.1,19.1,-24.0,40,34876,2026-08-15,2026-08-15 19:21:54
7.6,-16.4,-24.0,17,34876,2026-08-15,2026-08-15 20:20:22
83.9,77.8,-6.1,66,34953,2026-08-17,2026-08-17 18:12:04
66.6,55.6,-11.0,66,34953,2026-08-17,2026-08-17 18:34:19
51.5,31.4,-20.1,66,34953,2026-08-17,2026-08-17 18:58:31
203.8,293.1,89.3,56,35035,2026-08-20,2026-08-20 18:16:09
164.7,281.0,116.3,56,35035,2026-08-20,2026-08-20 18:28:15
50.3,66.4,16.1,9,35313,2026-08-21,2026-08-21 15:56:40
49.9,51.7,1.8,36,35498,2026-08-19,2026-08-19 13:43:05
159.3,62.4,-96.9,29,35650,2026-08-20,2026-08-20 15:08:42
43.7,47.0,3.3,31,35866,2026-08-21,2026-08-21 16:57:17
25.6,28.9,3.3,31,35866,2026-08-21,2026-08-21 17:15:23
20.4,26.8,6.4,24,35866,2026-08-21,2026-08-21 17:24:29
14.3,17.6,3.3,12,35866,2026-08-21,2026-08-21 17:45:42
141.9,178.3,36.4,21,35907,2026-08-20,2026-08-21 01:17:06
99.7,99.0,-0.7,34,35984,2026-08-21,2026-08-21 13:02:17
87.4,77.7,-9.7,25,35984,2026-08-21,2026-08-21 13:32:33
87.3,72.6,-14.7,9,35984,2026-08-21,2026-08-21 13:53:43
-6.4,-2.9,3.5,55,36025,2026-08-21,2026-08-21 13:11:21
-1.4,-7.5,-6.1,18,36083,2026-08-21,2026-08-21 19:43:21
26.0,-9.8,-35.8,42,36108,2026-08-21,2026-08-21 14:06:58
37.6,30.5,-7.1,26,36194,2026-08-21,2026-08-21 17:15:23
28.4,15.2,-13.1,17,36194,2026-08-21,2026-08-21 17:39:38
