leg_id,pickup_date,raw_events,effective_changes,distinct_drivers
231,2025-10-13,1,0,1
324,2026-04-05,4,0,1
325,2026-04-10,6,1,2
350,2026-01-16,1,0,1
352,2026-01-29,11,10,4
401,2026-01-24,2,1,2
402,2026-01-29,1,0,1
430,2025-09-02,1,0,1
447,2026-01-15,1,0,1
448,2026-01-20,4,3,2
460,2026-03-05,12,10,6
461,2026-03-09,4,0,1
679,2025-08-23,1,0,1
717,2025-12-08,1,0,1
727,2026-02-12,2,1,2
728,2026-02-16,2,0,1
794,2026-02-15,9,5,5
820,2026-01-18,1,0,1
821,2025-11-15,1,0,1
834,2026-02-07,4,3,2
835,2026-02-19,2,1,2
846,2026-03-04,4,2,2
848,2025-08-16,1,0,1
883,2026-01-18,1,0,1
884,2026-01-23,3,2,2
928,2026-01-17,3,2,2
967,2026-04-11,6,1,2
974,2025-12-07,1,0,1
981,2026-01-19,3,2,2
982,2026-01-23,3,2,2
983,2026-01-26,5,4,3
984,2026-01-30,12,11,6
987,2026-07-11,3,2,2
988,2026-07-18,4,2,2
989,2026-07-21,5,3,2
1005,2026-02-14,6,4,3
1006,2026-02-22,5,4,3
1061,2026-03-27,3,1,2
1062,2026-03-30,7,3,3
1078,2025-08-19,1,0,1
1144,2025-11-26,1,0,1
1203,2026-02-08,2,0,1
1204,2026-02-15,16,13,8
1239,2025-11-22,1,0,1
1276,2025-11-30,1,0,1
1311,2026-04-19,11,1,2
1312,2026-04-24,9,6,5
1355,2026-02-12,2,1,2
1356,2026-02-18,5,1,2
1436,2026-02-13,1,0,1
1437,2026-02-21,1,0,1
1440,2025-11-29,1,0,1
1441,2026-04-08,3,0,1
1442,2026-04-15,10,4,2
1476,2026-01-26,3,2,3
1477,2026-01-30,1,0,1
1478,2026-02-05,5,4,4
1491,2026-05-10,9,8,5
1492,2026-05-16,6,5,3
1543,2025-09-08,1,0,1
1569,2026-02-02,1,0,1
1570,2026-02-06,7,6,4
1597,2026-03-26,2,0,1
1598,2026-04-03,7,1,2
1599,2026-04-03,3,0,1
1616,2026-03-28,5,1,2
1617,2026-04-04,2,0,1
1621,2025-11-29,1,0,1
1655,2026-02-21,2,1,2
1660,2026-02-04,1,0,1
1767,2025-11-28,1,0,1
1781,2025-12-27,1,0,1
1821,2026-01-16,1,0,1
1830,2025-11-14,1,0,1
1844,2026-01-17,6,5,4
1846,2025-11-29,1,0,1
1885,2025-11-02,1,0,1
1902,2026-01-13,5,4,2
1918,2026-01-24,9,8,5
1919,2026-01-31,3,2,2
1957,2025-11-28,1,0,1
1974,2025-12-06,1,0,1
2011,2025-11-27,1,0,1
2035,2025-12-28,1,0,1
2039,2026-01-02,1,0,1
2055,2026-01-31,1,0,1
2141,2026-01-20,1,0,1
2152,2026-02-05,5,4,2
2153,2026-02-14,1,0,1
2188,2026-01-17,8,7,4
2198,2026-01-18,7,6,3
2207,2026-01-17,3,2,2
2208,2026-01-26,4,3,2
2245,2025-12-09,1,0,1
2246,2025-12-14,1,0,1
2247,2025-12-13,1,0,1
2248,2025-12-13,1,0,1
2273,2026-02-19,1,0,1
2274,2026-02-25,2,0,1
2284,2025-12-15,1,0,1
2286,2026-01-17,4,3,3
2292,2026-03-23,8,4,4
2293,2026-03-27,3,0,1
2313,2025-12-13,1,0,1
2325,2026-02-22,3,2,2
2326,2026-02-26,7,6,6
2349,2026-01-18,4,3,2
2350,2026-01-23,1,0,1
2351,2026-02-26,4,3,3
2352,2026-03-08,5,3,3
2363,2025-11-21,1,0,1
2379,2026-02-10,3,2,2
2380,2026-02-10,10,9,3
2381,2026-02-15,4,0,1
2442,2025-12-19,1,0,1
2482,2026-01-21,2,1,2
2509,2026-02-13,1,0,1
2510,2026-02-20,7,4,2
2547,2025-11-29,1,0,1
2557,2026-01-30,9,8,4
2558,2026-02-06,1,0,1
2599,2026-01-27,4,3,2
2600,2026-01-27,4,3,3
2610,2026-01-14,4,3,2
2663,2026-01-22,2,1,2
2672,2025-11-29,1,0,1
2673,2025-11-29,1,0,1
2747,2026-01-25,3,2,2
2748,2026-01-31,3,2,2
2761,2026-01-10,3,1,1
2762,2026-01-14,3,2,2
2763,2026-01-18,4,3,3
2767,2026-02-09,1,0,1
2768,2026-02-13,1,0,1
2776,2025-12-26,1,0,1
2784,2026-01-22,1,0,1
2785,2026-01-25,4,3,3
2899,2026-01-29,1,0,1
2900,2026-01-29,1,0,1
2901,2026-01-30,2,1,2
2902,2026-01-30,8,7,4
2919,2026-01-27,1,0,1
2920,2026-02-03,3,2,1
2935,2026-01-26,7,6,3
2948,2026-02-08,1,0,1
2949,2026-02-14,11,9,7
2951,2025-11-29,1,0,1
2966,2025-12-26,1,0,1
2987,2026-01-20,1,0,1
2988,2026-01-26,12,11,3
3012,2026-01-20,4,3,2
3013,2026-01-28,3,2,1
3015,2025-11-21,1,0,1
3016,2025-11-25,1,0,1
3029,2026-01-24,13,12,6
3059,2026-04-06,18,10,6
3060,2026-04-11,5,3,3
3077,2026-01-18,6,5,4
3078,2026-01-29,3,2,2
3079,2026-02-13,7,6,3
3089,2025-11-27,1,0,1
3096,2026-01-16,2,1,2
3097,2026-01-23,3,2,2
3106,2025-11-27,1,0,1
3110,2025-12-05,1,0,1
3111,2025-11-30,1,0,1
3112,2025-12-14,1,0,1
3115,2026-02-13,1,0,1
3116,2026-02-18,12,9,3
3121,2026-02-14,3,1,2
3122,2026-02-20,3,2,2
3124,2025-12-07,1,0,1
3136,2026-05-15,2,0,1
3171,2026-01-03,1,0,1
3185,2026-01-28,1,0,1
3186,2026-02-01,2,1,2
3194,2026-01-15,2,1,2
3211,2025-11-28,1,0,1
3212,2025-12-03,1,0,1
3229,2026-02-07,9,8,3
3230,2026-02-21,4,3,3
3234,2025-12-16,1,0,1
3257,2026-02-28,4,2,2
3258,2026-03-07,3,0,1
3272,2025-11-22,1,0,1
3275,2026-01-30,5,4,1
3276,2026-02-07,6,5,4
3282,2026-01-29,3,2,2
3283,2026-02-03,2,1,2
3307,2025-12-27,1,0,1
3319,2026-01-17,3,2,1
3322,2026-01-19,4,3,3
3323,2026-01-23,1,0,1
3328,2026-01-27,6,5,4
3329,2026-02-01,1,0,1
3338,2026-01-13,6,5,3
3339,2026-01-21,7,6,3
3341,2026-01-19,6,5,3
3358,2025-11-22,1,0,1
3364,2026-05-23,5,3,3
3365,2026-05-31,4,1,2
3388,2026-03-16,8,4,2
3389,2026-03-21,7,4,3
3410,2026-02-15,4,2,2
3421,2025-11-26,1,0,1
3437,2026-01-31,1,0,1
3438,2026-02-07,7,6,4
3439,2026-03-25,3,2,2
3440,2026-03-31,6,4,4
3482,2026-01-31,1,0,1
3483,2026-02-02,1,0,1
3484,2026-02-06,2,1,2
3485,2026-01-20,1,0,1
3486,2026-01-25,8,7,4
3487,2025-12-25,1,0,1
3520,2025-11-27,1,0,1
3524,2026-01-14,3,2,3
3525,2026-01-28,5,4,3
3527,2026-01-11,1,0,1
3551,2026-01-16,3,2,3
3562,2026-02-21,3,2,3
3563,2026-03-02,7,3,3
3565,2025-12-12,1,0,1
3590,2026-01-21,2,1,2
3591,2026-01-28,11,10,3
3592,2025-12-26,1,0,1
3594,2026-03-05,4,1,2
3600,2026-01-20,2,1,2
3601,2026-01-24,6,5,4
3623,2026-01-17,2,1,2
3624,2026-01-14,3,2,2
3625,2026-01-20,1,0,1
3628,2025-11-28,1,0,1
3641,2026-02-09,9,8,7
3642,2026-02-12,3,2,3
3643,2025-12-08,1,0,1
3645,2026-04-10,3,0,1
3646,2026-04-19,2,0,1
3651,2025-12-30,1,0,1
3658,2025-12-13,1,0,1
3660,2025-11-29,1,0,1
3675,2025-11-29,1,0,1
3687,2025-11-21,1,0,1
3693,2026-01-17,3,2,3
3700,2025-12-06,1,0,1
3741,2026-02-02,1,0,1
3742,2026-02-06,2,1,2
3743,2026-04-16,5,1,2
3744,2026-04-22,3,1,2
3745,2026-04-23,4,2,2
3763,2025-11-21,1,0,1
3771,2026-02-08,1,0,1
3772,2026-02-12,2,0,1
3775,2026-02-13,4,3,3
3776,2026-02-18,6,2,2
3793,2026-01-14,5,4,4
3794,2026-01-22,1,0,1
3795,2026-03-01,5,4,4
3796,2026-03-06,5,2,3
3797,2026-03-08,9,6,5
3799,2026-01-12,1,0,1
3800,2026-01-16,1,0,1
3801,2026-01-19,5,4,5
3812,2026-01-15,5,4,4
3813,2025-11-15,1,0,1
3856,2025-11-25,1,0,1
3867,2026-03-12,4,1,2
3868,2026-03-18,3,2,1
3898,2026-01-14,6,5,6
3902,2026-01-12,2,1,2
3904,2026-02-15,7,3,4
3905,2026-02-20,7,4,4
3909,2026-01-16,6,5,3
3913,2026-06-23,2,0,1
3914,2025-11-18,1,0,1
3921,2025-12-26,1,0,1
3924,2026-06-15,10,3,3
3925,2026-06-20,9,5,4
3935,2025-11-23,1,0,1
3943,2026-01-29,1,0,1
3947,2026-01-14,5,4,3
3948,2026-01-19,9,8,5
3978,2025-12-06,1,0,1
3988,2026-01-15,1,0,1
3989,2026-01-19,4,3,3
3993,2025-11-28,1,0,1
3994,2026-01-18,1,0,1
3995,2026-01-23,2,1,1
3996,2025-11-29,1,0,1
3998,2026-03-19,9,6,4
3999,2026-03-25,3,0,1
4002,2026-03-28,6,2,2
4012,2025-12-18,1,0,1
4017,2026-04-19,2,0,1
4018,2026-04-24,4,1,2
4019,2026-02-09,3,2,3
4020,2026-02-13,1,0,1
4045,2026-01-10,2,1,1
4046,2026-01-17,5,4,4
4050,2025-11-28,1,0,1
4052,2025-11-30,1,0,1
4055,2026-01-15,3,2,2
4056,2026-01-19,5,4,3
4058,2026-01-19,4,3,3
4063,2026-04-17,2,0,1
4064,2026-04-21,5,3,4
4067,2026-02-20,9,5,2
4068,2026-02-28,2,0,1
4070,2025-12-12,1,0,1
4080,2025-11-29,1,0,1
4093,2025-12-15,1,0,1
4113,2025-12-09,1,0,1
4117,2026-02-19,1,0,1
4118,2026-02-26,4,3,2
4131,2026-02-20,8,6,5
4132,2026-02-27,2,1,2
4136,2026-03-30,5,3,2
4137,2026-04-03,2,0,1
4152,2025-11-27,1,0,1
4156,2025-11-29,1,0,1
4158,2026-01-26,8,7,4
4159,2026-01-30,1,0,1
4163,2026-02-02,2,1,2
4164,2026-02-07,5,4,3
4171,2025-11-28,1,0,1
4180,2026-01-14,6,5,4
4183,2026-01-19,4,3,2
4184,2026-01-22,4,3,3
4185,2026-01-28,5,4,3
4186,2026-01-14,8,6,5
4190,2026-02-06,7,6,6
4192,2025-12-20,1,0,1
4193,2026-01-27,4,3,3
4203,2026-01-20,1,0,1
4204,2026-01-25,3,2,1
4211,2026-01-25,16,14,8
4212,2025-11-28,1,0,1
4213,2026-01-21,1,0,1
4214,2026-01-27,6,5,4
4215,2025-11-30,1,0,1
4226,2025-11-29,1,0,1
4227,2026-01-20,6,5,4
4245,2025-11-29,1,0,1
4251,2026-03-11,7,4,2
4263,2026-01-28,3,2,2
4283,2026-01-03,1,0,1
4290,2025-12-13,1,0,1
4293,2025-11-29,1,0,1
4307,2026-01-20,3,2,2
4308,2026-01-24,12,11,6
4322,2025-11-28,1,0,1
4323,2026-02-01,1,0,1
4324,2026-02-14,2,0,1
4330,2026-01-02,1,0,1
4333,2026-02-21,1,0,1
4334,2026-02-28,1,0,1
4347,2026-01-19,7,6,4
4348,2026-01-24,3,2,2
4349,2025-11-30,1,0,1
4357,2026-03-23,7,2,3
4358,2026-03-27,3,0,1
4361,2026-02-06,1,0,1
4363,2025-11-30,1,0,1
4380,2026-02-25,4,2,2
4387,2025-12-12,1,0,1
4392,2026-01-28,5,4,4
4393,2026-02-01,3,2,2
4396,2025-12-14,1,0,1
4399,2025-12-08,1,0,1
4400,2026-02-05,1,0,1
4401,2026-02-05,1,0,1
4430,2026-03-14,1,0,1
4431,2026-03-21,1,0,1
4436,2026-03-22,2,0,1
4437,2026-03-27,4,1,2
4446,2026-01-16,5,4,3
4454,2026-01-17,1,0,1
4459,2026-03-07,6,3,3
4460,2026-03-11,3,1,2
4464,2025-12-16,1,0,1
4470,2026-01-19,7,6,5
4471,2026-01-26,5,4,3
4472,2026-03-22,3,0,1
4473,2026-03-27,5,2,3
4474,2026-02-02,1,0,1
4475,2026-02-05,2,1,2
4480,2026-01-17,3,2,2
4481,2026-01-24,8,7,4
4484,2026-01-31,3,2,2
4485,2026-02-07,6,5,5
4491,2025-12-04,1,0,1
4493,2026-01-17,1,0,1
4494,2026-01-24,5,4,3
4498,2026-02-01,10,9,4
4499,2026-02-06,1,0,1
4502,2026-02-13,5,4,3
4514,2026-01-22,4,3,3
4515,2026-01-27,4,3,2
4528,2025-12-29,1,0,1
4531,2026-03-08,7,4,4
4532,2026-03-11,4,3,3
4550,2026-02-04,3,2,2
4551,2026-02-08,1,0,1
4553,2026-01-13,7,6,4
4558,2026-01-12,1,0,1
4559,2026-01-15,5,4,4
4564,2026-02-08,2,1,2
4565,2026-02-15,5,1,2
4571,2026-01-10,1,0,1
4572,2026-01-18,1,0,1
4573,2026-03-07,2,0,1
4574,2026-03-14,14,12,4
4584,2026-01-15,6,5,4
4587,2026-01-13,6,5,3
4588,2025-12-12,1,0,1
4596,2025-12-18,1,0,1
4619,2026-01-16,10,9,6
4620,2026-02-01,2,1,2
4621,2026-02-06,9,8,3
4622,2025-12-06,1,0,1
4639,2026-01-22,3,2,2
4640,2026-01-25,8,7,6
4644,2026-01-27,1,0,1
4645,2026-01-25,2,1,2
4646,2026-01-29,2,1,2
4649,2026-01-25,4,3,2
4650,2026-01-31,6,5,4
4655,2026-04-12,2,0,1
4656,2026-04-17,2,0,1
4657,2026-01-23,1,0,1
4658,2026-01-29,1,0,1
4660,2026-03-06,6,2,3
4661,2026-03-09,7,2,2
4664,2025-12-15,1,0,1
4665,2025-12-19,1,0,1
4672,2026-03-28,4,2,2
4673,2026-04-03,13,6,3
4683,2026-01-13,1,0,1
4684,2026-01-18,2,1,2
4691,2026-01-17,3,2,2
4694,2026-01-20,1,0,1
4695,2026-01-28,4,3,3
4697,2026-01-15,1,0,1
4710,2026-01-17,1,0,1
4711,2025-12-07,1,0,1
4715,2025-12-07,1,0,1
4726,2026-01-18,1,0,1
4727,2026-01-22,3,2,2
4728,2026-02-01,2,1,2
4729,2026-02-07,10,9,7
4735,2025-12-07,1,0,1
4737,2025-12-08,1,0,1
4738,2025-12-13,1,0,1
4741,2026-01-18,6,5,4
4742,2026-01-24,5,4,4
4744,2025-12-27,1,0,1
4753,2026-01-11,3,2,2
4762,2026-01-21,3,2,2
4763,2026-01-24,14,13,6
4764,2026-01-24,6,4,2
4765,2026-02-01,1,0,1
4766,2026-07-18,6,3,3
4767,2026-07-23,2,0,1
4772,2026-01-23,1,0,1
4773,2026-01-26,1,0,1
4775,2026-01-16,9,8,2
4778,2025-12-15,1,0,1
4785,2025-12-14,1,0,1
4793,2025-12-13,1,0,1
4798,2026-01-30,2,1,2
4799,2026-02-04,2,1,2
4803,2026-03-07,2,0,1
4805,2026-01-12,8,7,5
4806,2026-01-22,6,5,4
4807,2026-01-26,19,18,7
4808,2026-03-01,8,7,4
4811,2026-02-23,6,4,3
4818,2026-01-12,4,3,3
4826,2026-01-10,2,1,1
4827,2026-01-16,1,0,1
4838,2026-01-19,5,4,3
4839,2026-01-19,1,0,1
4852,2026-03-20,2,0,1
4853,2026-03-23,7,2,1
4854,2026-01-18,11,10,4
4855,2026-01-24,3,2,2
4859,2026-02-04,3,2,2
4860,2026-02-14,6,4,3
4861,2026-02-07,1,0,1
4862,2026-02-14,10,8,6
4866,2026-01-21,4,3,3
4867,2026-01-27,1,0,1
4876,2025-12-28,1,0,1
4884,2026-01-17,12,11,4
4894,2026-02-22,5,3,3
4895,2026-02-28,1,0,1
4897,2026-02-17,4,3,3
4898,2026-02-22,1,0,1
4899,2026-01-15,1,0,1
4904,2026-04-25,10,3,3
4905,2026-04-29,6,3,3
4906,2026-01-12,1,0,1
4907,2026-01-16,13,12,3
4908,2026-02-01,3,2,2
4909,2026-02-07,10,9,7
4911,2026-02-09,11,10,9
4912,2026-02-14,8,6,4
4924,2026-01-20,3,2,2
4925,2026-01-11,1,0,1
4926,2026-01-15,7,6,2
4929,2026-02-11,11,10,4
4934,2026-02-13,1,0,1
4935,2026-02-18,7,4,3
4936,2026-01-22,6,5,4
4937,2026-01-24,6,5,5
4940,2026-03-27,3,0,1
4941,2026-03-28,3,0,1
4942,2026-04-03,6,2,2
4948,2026-02-03,1,0,1
4949,2026-02-09,1,0,1
4951,2026-02-22,1,0,1
4952,2026-02-28,16,15,7
4959,2026-01-12,8,7,4
4960,2026-01-19,7,6,5
4967,2026-02-15,5,4,4
4968,2026-02-19,4,3,3
4977,2026-01-14,3,2,3
4981,2026-01-12,2,1,1
4982,2026-03-03,2,1,2
4983,2026-01-28,5,4,2
4986,2026-02-25,4,3,2
4987,2026-03-02,8,3,3
5003,2025-12-12,1,0,1
5005,2026-01-12,13,12,6
5006,2026-01-18,4,3,4
5012,2026-01-27,1,0,1
5013,2026-01-31,1,0,1
5016,2026-03-25,3,0,1
5017,2026-04-01,4,1,2
5020,2026-01-17,3,2,2
5021,2026-01-22,5,4,2
5022,2026-02-14,7,5,3
5023,2026-02-24,1,0,1
5029,2026-02-21,6,5,3
5036,2026-02-21,1,0,1
5037,2026-02-28,9,8,7
5041,2026-02-07,5,4,3
5042,2026-02-14,5,3,4
5045,2026-01-14,3,2,2
5046,2026-01-18,21,20,7
5049,2026-03-04,3,0,1
5050,2026-03-09,9,8,6
5051,2026-03-10,7,2,3
5056,2026-01-13,2,1,2
5057,2026-01-17,5,4,4
5058,2026-01-23,4,3,3
5059,2026-01-19,15,14,6
5069,2026-01-11,2,1,2
5071,2026-04-05,3,0,1
5072,2026-04-10,5,2,2
5081,2026-01-19,3,2,2
5082,2026-01-28,13,12,5
5083,2026-02-21,8,5,4
5085,2026-02-08,5,4,3
5086,2026-02-13,9,8,6
5091,2026-02-01,2,1,2
5092,2026-01-25,14,13,6
5097,2026-01-13,1,0,1
5100,2026-01-13,7,6,3
5101,2026-01-17,5,4,3
5102,2025-12-26,1,0,1
5105,2026-01-17,3,2,2
5106,2026-01-01,1,0,1
5111,2026-01-14,2,1,2
5112,2026-01-20,6,5,3
5117,2026-01-14,2,1,2
5118,2026-01-18,1,0,1
5122,2026-06-13,6,2,3
5123,2026-06-21,5,4,4
5128,2026-01-30,3,2,2
5131,2026-03-13,3,0,1
5132,2026-03-21,8,7,5
5138,2026-02-23,5,3,4
5139,2026-02-28,8,7,6
5144,2026-01-29,1,0,1
5145,2026-02-01,3,2,1
5146,2026-02-08,4,3,4
5147,2026-02-09,3,2,2
5156,2025-12-28,1,0,1
5166,2026-01-15,1,0,1
5167,2026-01-18,5,4,3
5168,2026-01-23,1,0,1
5172,2026-01-12,3,2,2
5173,2026-01-11,3,2,2
5174,2026-02-18,5,2,2
5175,2026-02-22,2,1,2
5183,2026-02-01,1,0,1
5184,2026-02-06,1,0,1
5190,2026-01-21,3,2,2
5191,2026-01-29,1,0,1
5192,2026-01-17,3,2,2
5193,2026-01-21,18,17,8
5198,2026-01-23,3,2,2
5199,2026-01-26,2,1,2
5200,2026-01-31,3,2,2
5201,2026-02-05,6,5,4
5207,2026-02-19,1,0,1
5208,2026-02-23,6,5,4
5209,2026-01-29,5,4,3
5210,2026-02-03,3,2,2
5219,2026-03-18,1,0,1
5224,2026-01-13,1,0,1
5229,2026-03-20,2,0,1
5230,2025-12-27,1,0,1
5232,2026-01-16,1,0,1
5233,2026-01-30,5,4,3
5234,2026-02-08,7,6,6
5237,2026-01-17,3,2,1
5238,2026-01-25,10,9,6
5242,2026-01-17,6,5,4
5247,2026-02-09,1,0,1
5248,2026-02-12,2,1,2
5249,2026-02-13,3,2,3
5250,2026-02-06,1,0,1
5251,2026-02-09,13,12,10
5252,2026-01-18,3,2,2
5253,2026-01-23,4,3,3
5255,2026-01-31,4,3,3
5259,2025-12-28,1,0,1
5263,2026-04-02,3,0,1
5264,2026-04-05,12,6,5
5267,2026-01-18,1,0,1
5268,2026-01-22,3,2,3
5269,2026-01-24,6,5,4
5270,2026-01-30,20,19,9
5273,2026-02-07,4,3,2
5274,2026-02-12,6,4,4
5279,2026-01-04,1,0,1
5285,2026-01-29,4,3,3
5286,2026-01-23,2,0,1
5287,2026-01-26,4,3,2
5288,2025-12-26,1,0,1
5296,2026-01-11,1,0,1
5297,2026-02-13,11,10,8
5298,2026-02-18,9,5,4
5299,2026-02-07,7,6,4
5300,2026-02-11,6,3,2
5301,2026-01-23,9,8,3
5302,2026-01-28,9,8,5
5304,2026-01-20,1,0,1
5310,2026-02-15,1,0,1
5311,2026-02-21,9,8,5
5316,2026-01-13,5,4,3
5323,2026-01-17,6,5,3
5324,2026-01-24,3,2,3
5325,2026-02-11,10,7,7
5328,2026-02-05,4,3,3
5329,2026-02-11,5,4,2
5330,2026-02-23,3,0,1
5331,2026-02-28,1,0,1
5336,2026-06-18,4,2,2
5339,2025-12-20,1,0,1
5342,2025-12-27,1,0,1
5348,2026-01-14,4,3,4
5349,2026-01-21,1,0,1
5351,2026-03-22,10,6,4
5352,2026-03-28,4,0,1
5356,2026-02-18,8,7,6
5357,2026-02-21,2,0,1
5363,2026-02-16,6,4,4
5364,2026-02-22,1,0,1
5367,2026-01-18,6,5,4
5368,2026-01-22,8,7,5
5370,2026-01-21,3,2,2
5371,2026-01-24,7,6,4
5372,2026-01-22,5,4,4
5373,2026-01-22,4,3,3
5387,2026-01-18,6,5,4
5393,2026-01-20,1,0,1
5398,2026-03-06,4,0,1
5399,2025-12-26,1,0,1
5408,2026-01-23,17,16,10
5410,2026-01-29,1,0,1
5411,2026-02-02,5,4,3
5412,2025-12-26,1,0,1
5418,2026-01-11,2,1,1
5419,2026-01-16,1,0,1
5426,2026-03-15,2,0,1
5427,2026-03-21,1,0,1
5428,2026-01-17,6,4,2
5429,2026-01-17,1,0,1
5430,2026-01-17,6,4,2
5431,2026-01-17,10,9,4
5432,2026-02-01,2,0,1
5433,2026-02-05,2,1,2
5438,2026-01-16,1,0,1
5443,2026-01-24,2,1,2
5444,2026-01-31,5,4,2
5447,2026-01-21,1,0,1
5448,2026-01-31,2,1,2
5455,2026-01-13,4,3,3
5456,2026-01-20,1,0,1
5457,2026-01-17,7,6,4
5458,2026-01-17,3,2,2
5459,2026-01-18,7,5,4
5460,2026-01-18,3,2,2
5462,2026-01-17,4,3,4
5474,2026-01-14,6,5,3
5475,2026-01-19,6,5,3
5476,2026-01-22,1,0,1
5477,2026-01-23,1,0,1
5478,2026-02-07,1,0,1
5479,2026-02-08,5,4,4
5487,2026-01-17,3,2,2
5488,2026-01-21,1,0,1
5506,2026-01-23,4,3,2
5507,2026-01-31,6,5,3
5512,2025-12-27,1,0,1
5516,2026-01-15,1,0,1
5517,2026-02-17,4,3,3
5518,2026-02-21,2,0,1
5521,2025-12-26,1,0,1
5523,2025-12-29,1,0,1
5525,2026-01-22,1,0,1
5526,2026-01-28,5,4,3
5527,2026-01-30,1,0,1
5529,2026-01-16,5,4,2
5530,2026-01-30,3,2,2
5538,2026-01-20,2,1,2
5539,2026-01-27,4,3,2
5545,2026-01-12,2,1,2
5548,2026-01-17,1,0,1
5549,2026-01-24,7,6,2
5555,2026-03-10,3,0,1
5556,2026-03-15,7,4,3
5563,2026-01-22,3,2,2
5564,2026-01-27,10,9,6
5565,2025-12-26,1,0,1
5570,2026-02-08,4,3,3
5575,2026-02-15,5,3,3
5576,2026-02-21,12,11,10
5577,2026-01-24,3,2,2
5578,2026-01-30,5,4,3
5580,2026-01-18,8,7,6
5581,2026-01-20,4,3,2
5582,2026-01-18,6,5,4
5583,2026-01-23,1,0,1
5584,2025-12-27,1,0,1
5589,2026-01-16,1,0,1
5598,2026-02-03,3,2,2
5599,2026-02-06,10,9,3
5600,2026-01-12,3,2,2
5608,2026-02-04,7,6,4
5615,2026-02-19,1,0,1
5629,2026-01-27,5,4,2
5636,2025-12-27,1,0,1
5638,2026-01-28,5,4,3
5639,2026-02-01,3,2,2
5640,2025-12-27,1,0,1
5644,2025-12-26,1,0,1
5650,2026-02-22,1,0,1
5651,2026-02-27,6,4,4
5653,2026-03-12,5,2,2
5654,2026-03-19,4,2,3
5655,2026-02-21,3,2,2
5656,2026-02-28,6,4,3
5663,2026-01-19,2,1,2
5664,2026-01-23,1,0,1
5667,2026-02-04,5,4,3
5668,2026-02-08,5,4,4
5669,2026-01-24,6,5,3
5670,2026-01-29,6,5,3
5673,2026-01-25,8,7,4
5674,2026-01-29,1,0,1
5676,2026-02-07,6,5,3
5677,2026-02-14,3,1,2
5681,2026-01-16,3,2,2
5682,2026-01-18,3,2,2
5683,2026-01-16,3,2,2
5684,2026-01-19,4,3,3
5685,2026-02-11,5,4,2
5686,2026-02-15,3,1,2
5687,2026-03-10,4,2,2
5688,2026-03-15,2,0,1
5689,2026-02-08,17,16,10
5690,2026-02-13,1,0,1
5704,2026-02-22,7,6,4
5705,2026-02-27,9,7,6
5706,2026-01-30,4,3,3
5707,2026-02-07,8,7,4
5712,2026-02-20,10,6,3
5714,2026-01-16,3,2,2
5721,2026-01-23,7,6,3
5722,2026-01-26,4,3,3
5724,2026-03-21,3,2,2
5725,2026-02-06,6,4,4
5726,2026-02-11,5,4,2
5728,2026-02-06,1,0,1
5729,2026-01-16,8,6,4
5730,2026-01-19,3,2,1
5732,2026-01-02,1,0,1
5740,2026-02-25,3,2,2
5741,2026-03-01,1,0,1
5742,2026-01-10,1,0,1
5743,2026-01-13,4,3,2
5744,2026-02-04,1,0,1
5745,2026-02-09,2,1,2
5746,2026-02-14,5,3,3
5747,2026-02-19,1,0,1
5749,2026-01-13,3,2,2
5755,2026-01-11,3,2,3
5756,2026-01-13,2,1,2
5757,2026-01-18,1,0,1
5763,2026-03-06,11,9,4
5764,2026-03-10,6,2,2
5766,2026-01-15,6,5,3
5771,2026-02-28,3,2,2
5772,2026-03-07,3,0,1
5776,2026-01-12,7,6,3
5778,2026-01-11,4,3,4
5785,2026-03-21,10,6,4
5786,2026-03-26,3,0,1
5788,2026-02-28,13,12,8
5794,2026-02-28,3,2,1
5795,2026-03-06,3,1,2
5798,2026-01-12,2,1,1
5799,2026-01-15,2,1,1
5804,2026-02-17,2,1,2
5805,2026-02-21,5,4,3
5806,2026-02-15,5,1,1
5807,2026-04-05,4,1,2
5808,2026-04-11,4,2,3
5813,2026-01-31,4,3,3
5814,2026-02-07,6,5,3
5817,2026-03-10,2,0,1
5818,2026-03-15,1,0,1
5820,2026-01-12,1,0,1
5821,2026-05-24,4,0,1
5824,2026-02-17,3,2,2
5825,2026-02-21,3,2,3
5828,2026-01-18,4,3,4
5829,2026-01-11,2,1,2
5830,2026-01-17,3,2,2
5831,2026-01-22,6,5,4
5832,2026-02-22,1,0,1
5833,2026-02-26,3,2,3
5846,2026-02-06,3,2,1
5850,2026-01-22,3,2,2
5856,2025-12-30,1,0,0
5863,2026-07-01,13,11,7
5864,2026-07-06,2,0,1
5873,2026-02-27,2,1,2
5877,2026-01-17,2,1,2
5878,2026-02-06,2,1,2
5880,2026-02-09,5,4,1
5881,2026-03-08,1,0,1
5882,2026-03-12,3,2,1
5883,2026-01-20,1,0,1
5886,2026-02-28,1,0,1
5887,2026-03-07,6,4,3
5888,2026-02-01,4,3,3
5889,2026-02-08,1,0,1
5890,2026-02-21,2,1,2
5891,2026-02-27,2,0,1
5892,2026-02-17,9,8,5
5893,2026-02-22,5,4,3
5896,2026-02-18,4,1,2
5897,2026-02-25,3,2,2
5898,2026-02-01,3,2,2
5899,2026-02-07,6,5,3
5907,2026-01-27,1,0,1
5908,2026-02-01,3,2,3
5909,2026-01-30,1,0,1
5910,2026-03-21,7,2,2
5912,2026-03-28,8,4,3
5913,2026-02-08,13,12,7
5914,2026-02-16,5,3,2
5915,2026-02-15,5,1,2
5916,2026-01-18,3,2,2
5918,2026-01-11,1,0,1
5919,2026-01-17,2,1,2
5928,2026-01-14,5,4,4
5929,2026-03-08,9,5,5
5930,2026-03-12,3,0,1
5934,2026-02-16,3,0,1
5935,2026-02-24,1,0,1
5936,2026-01-14,7,6,5
5937,2026-01-18,10,9,4
5940,2026-01-17,7,6,4
5947,2026-01-17,3,2,2
5948,2026-02-03,1,0,1
5949,2026-02-08,4,3,4
5950,2026-03-01,4,3,3
5951,2026-03-07,2,0,1
5955,2026-01-17,5,4,4
5960,2026-03-21,3,0,1
5961,2026-03-27,8,5,4
5964,2026-03-26,6,4,3
5965,2026-04-02,2,1,1
5967,2026-05-17,1,0,1
5968,2026-03-19,4,2,2
5969,2026-03-25,4,0,1
5976,2026-01-15,7,6,3
5977,2026-01-20,2,1,2
5980,2026-03-11,4,3,3
5981,2026-03-14,4,2,2
5982,2026-01-12,2,1,2
5983,2026-01-16,5,4,3
5989,2026-01-12,3,2,2
5990,2026-01-16,3,2,2
5992,2026-01-12,9,8,5
5993,2026-02-08,1,0,1
5994,2026-02-13,10,9,4
5995,2026-02-22,7,6,4
5996,2026-02-27,4,1,2
5998,2026-02-01,5,4,3
5999,2026-02-07,12,11,8
6000,2026-02-01,2,1,2
6001,2026-02-06,1,0,1
6003,2026-01-12,1,0,1
6004,2026-01-30,7,6,2
6005,2026-02-07,23,22,11
6006,2026-02-02,3,2,2
6007,2026-02-07,3,2,2
6009,2026-01-17,9,8,5
6010,2026-01-21,3,2,3
6014,2026-02-12,2,1,2
6015,2026-02-16,3,1,2
6016,2026-03-01,1,0,1
6017,2026-03-06,6,2,3
6018,2026-02-15,7,3,3
6019,2026-02-20,10,9,5
6020,2026-03-14,2,0,1
6021,2026-03-19,3,1,2
6022,2026-01-30,11,10,4
6023,2026-01-02,1,0,1
6024,2026-02-11,5,4,2
6025,2026-01-17,7,6,5
6026,2026-01-22,4,3,3
6029,2026-01-12,1,0,1
6030,2026-01-15,1,0,1
6031,2026-02-01,4,3,3
6032,2026-02-04,3,2,2
6034,2026-01-11,1,0,1
6035,2026-01-13,4,3,2
6036,2026-01-19,5,4,4
6037,2026-01-23,3,2,2
6038,2026-01-26,15,14,8
6039,2026-02-21,4,3,3
6040,2026-02-25,5,4,1
6043,2026-01-16,11,10,3
6044,2026-01-19,4,3,2
6045,2026-04-19,2,0,1
6046,2026-04-20,3,1,2
6047,2026-04-24,4,1,2
6049,2026-01-12,1,0,1
6050,2026-01-29,3,2,2
6051,2026-02-01,3,2,2
6052,2026-02-08,2,1,2
6053,2026-02-02,2,1,2
6056,2026-01-23,3,2,2
6057,2026-01-28,9,8,3
6058,2026-01-31,3,2,2
6064,2026-01-24,3,2,1
6066,2026-02-04,3,2,2
6067,2026-02-02,7,6,4
6070,2026-01-10,2,1,1
6071,2026-01-17,7,6,5
6072,2026-01-29,1,0,1
6073,2026-05-23,3,2,3
6077,2026-01-13,4,3,3
6078,2026-01-17,4,3,3
6081,2026-01-17,2,0,1
6082,2026-01-21,1,0,1
6083,2026-01-19,2,1,2
6084,2026-01-18,9,7,6
6085,2026-01-23,3,2,2
6086,2026-02-05,5,4,3
6087,2026-02-08,1,0,1
6088,2026-01-18,4,3,3
6089,2026-01-23,1,0,1
6090,2026-01-17,3,2,3
6091,2026-01-21,1,0,1
6092,2026-01-14,2,1,2
6093,2026-01-18,5,4,3
6094,2026-03-19,7,5,4
6095,2026-03-25,4,0,1
6096,2026-02-15,4,2,2
6097,2026-01-24,5,4,1
6098,2026-01-19,1,0,1
6103,2026-01-31,2,1,2
6104,2026-02-07,4,3,2
6112,2026-01-16,4,3,3
6113,2026-01-18,2,1,2
6114,2026-01-18,2,1,2
6115,2026-01-24,4,3,3
6116,2026-03-05,7,4,3
6117,2026-03-11,4,1,2
6119,2026-03-08,7,5,4
6120,2026-03-13,7,4,4
6122,2026-01-15,13,12,5
6123,2026-01-16,1,0,1
6124,2026-01-19,5,4,2
6125,2026-01-16,1,0,1
6126,2026-01-20,1,0,1
6127,2026-02-21,9,8,4
6128,2026-02-28,1,0,1
6133,2026-01-11,5,4,2
6134,2026-01-29,1,0,1
6136,2026-01-13,6,5,3
6137,2026-02-07,1,0,1
6138,2026-02-14,9,6,6
6139,2026-01-12,3,2,2
6140,2026-01-15,4,3,2
6142,2026-01-16,6,5,3
6144,2026-01-25,12,11,6
6145,2026-01-31,10,9,6
6146,2026-02-14,5,3,3
6147,2026-02-21,3,1,2
6148,2026-02-02,5,4,3
6149,2026-02-11,5,2,2
6151,2026-02-01,4,3,3
6152,2026-02-07,9,8,6
6153,2026-02-21,4,2,2
6154,2026-02-27,6,5,3
6156,2026-02-15,5,4,2
6157,2026-01-23,6,5,3
6160,2026-02-01,3,2,2
6164,2026-02-02,9,8,6
6165,2026-06-17,5,3,3
6166,2026-06-26,2,0,1
6167,2026-02-07,5,4,4
6168,2026-02-14,9,6,6
6171,2026-01-18,2,1,2
6174,2026-01-19,6,5,5
6175,2026-01-23,1,0,1
6177,2026-02-13,1,0,1
6178,2026-03-08,3,0,1
6179,2026-03-14,2,0,1
6182,2026-01-27,3,2,2
6183,2026-02-01,2,1,2
6186,2026-01-13,4,3,3
6187,2026-01-18,7,6,3
6190,2026-02-07,4,3,2
6191,2026-02-14,10,8,7
6194,2026-03-07,2,0,1
6195,2026-03-13,3,1,2
6196,2026-02-09,2,1,2
6197,2026-02-13,6,5,2
6198,2026-01-15,3,2,2
6199,2026-01-18,8,7,6
6200,2026-01-09,1,0,1
6201,2026-01-14,3,2,2
6202,2026-03-28,12,9,5
6203,2026-04-03,10,5,3
6204,2026-01-03,1,0,1
6206,2026-02-13,9,7,4
6207,2026-02-16,5,3,2
6208,2026-02-18,9,5,3
6210,2026-02-14,6,5,4
6211,2026-02-17,2,1,2
6212,2026-01-30,1,0,1
6214,2026-02-14,6,4,4
6215,2026-02-28,6,5,4
6216,2026-03-08,4,2,2
6218,2026-01-18,5,4,3
6219,2026-05-02,6,4,4
6220,2026-05-07,4,2,3
6221,2026-02-16,2,0,1
6222,2026-02-20,1,0,1
6223,2026-01-12,1,0,1
6224,2026-01-24,11,10,4
6225,2026-01-31,10,9,4
6226,2026-02-25,1,0,1
6227,2026-03-01,6,5,4
6229,2026-01-11,1,0,1
6230,2026-01-17,6,5,4
6231,2026-01-11,4,3,2
6232,2026-01-15,3,2,2
6233,2026-01-18,11,9,7
6234,2026-01-22,5,4,3
6238,2026-01-17,3,2,3
6239,2026-01-20,1,0,1
6240,2026-01-20,3,2,2
6241,2026-01-27,3,2,2
6242,2026-01-04,1,0,1
6243,2026-01-16,1,0,1
6244,2026-01-19,3,2,2
6248,2026-01-13,5,4,1
6254,2026-02-07,15,14,9
6255,2026-02-13,1,0,1
6256,2026-03-05,5,3,2
6257,2026-03-10,3,0,1
6259,2026-01-12,3,2,3
6260,2026-01-16,1,0,1
6265,2026-01-24,3,2,3
6266,2026-02-02,2,1,2
6267,2026-02-27,4,3,3
6270,2026-01-25,2,1,2
6271,2026-01-14,6,5,4
6275,2026-03-02,13,10,9
6276,2026-03-06,8,3,2
6277,2026-02-10,4,3,2
6278,2026-02-14,1,0,1
6279,2026-02-17,5,4,2
6280,2026-02-21,10,9,8
6283,2026-01-31,1,0,1
6284,2026-02-07,7,6,1
6285,2026-02-23,6,5,4
6286,2026-02-26,3,1,2
6292,2026-01-22,3,2,2
6293,2026-01-28,3,2,2
6294,2026-02-05,2,1,2
6295,2026-02-06,1,0,1
6296,2026-02-09,7,6,6
6297,2026-01-25,8,7,4
6298,2026-02-01,1,0,1
6301,2026-01-14,3,2,3
6302,2026-02-04,1,0,1
6303,2026-02-09,4,3,2
6306,2026-01-11,1,0,0
6308,2026-02-06,5,4,5
6309,2026-02-11,11,10,6
6310,2026-03-23,8,5,2
6311,2026-03-28,4,0,1
6312,2026-01-11,1,0,1
6313,2026-01-16,3,2,2
6314,2026-01-15,6,5,5
6315,2026-01-20,1,0,1
6316,2026-01-19,2,1,2
6324,2026-01-19,8,7,5
6325,2026-01-13,12,11,4
6326,2026-01-16,4,3,3
6327,2026-05-30,6,3,3
6328,2026-06-05,5,2,3
6331,2026-03-14,4,3,3
6332,2026-03-20,4,2,2
6333,2026-02-03,3,2,1
6337,2026-02-22,1,0,1
6338,2026-02-28,6,5,3
6340,2026-04-06,2,0,1
6341,2026-01-31,2,1,2
6342,2026-02-06,8,7,6
6343,2026-02-12,2,1,2
6344,2026-04-25,2,0,1
6345,2026-05-02,3,0,1
6346,2026-01-23,6,4,4
6347,2026-01-30,5,4,2
6349,2026-01-16,9,8,6
6351,2026-02-07,4,2,2
6352,2026-02-14,3,1,2
6353,2026-02-12,1,0,1
6354,2026-02-15,5,1,2
6356,2026-03-05,3,0,1
6357,2026-03-08,6,4,3
6358,2026-02-23,9,8,4
6359,2026-02-28,1,0,1
6365,2026-02-09,6,5,3
6372,2026-02-10,9,8,8
6373,2026-02-15,5,1,2
6374,2026-02-20,4,0,1
6375,2026-01-18,7,6,5
6376,2026-01-23,4,3,3
6377,2026-01-24,4,3,2
6378,2026-02-15,5,1,2
6379,2026-02-22,6,5,2
6380,2026-01-14,2,1,2
6381,2026-01-21,1,0,1
6383,2026-01-14,3,2,3
6384,2026-03-04,3,0,1
6385,2026-03-16,4,3,4
6386,2026-03-21,2,1,2
6387,2026-02-06,3,2,2
6388,2026-02-14,1,0,1
6389,2026-01-31,5,4,3
6392,2026-01-11,1,0,1
6393,2026-01-15,6,5,4
6395,2026-01-17,8,7,5
6396,2026-06-13,4,1,2
6397,2026-06-20,3,1,2
6398,2026-01-31,3,2,2
6399,2026-02-07,1,0,1
6401,2026-02-07,16,15,7
6402,2026-02-13,2,1,2
6405,2026-02-04,4,3,3
6406,2026-02-08,7,6,6
6409,2026-01-29,1,0,1
6410,2026-02-07,2,0,1
6411,2026-01-30,1,0,1
6412,2026-02-07,7,6,6
6413,2026-01-18,2,0,1
6414,2026-01-23,2,1,2
6415,2026-01-18,3,2,2
6416,2026-01-23,1,0,1
6418,2026-01-17,6,5,4
6419,2026-01-23,1,0,1
6422,2026-06-04,5,3,4
6423,2026-06-08,4,2,3
6424,2026-02-06,2,1,2
6425,2026-02-11,9,8,6
6426,2026-01-13,5,4,3
6427,2026-01-18,3,2,1
6428,2026-02-27,12,9,5
6429,2026-01-17,7,6,4
6430,2026-01-24,4,3,3
6433,2026-02-08,1,0,1
6434,2026-02-14,4,3,2
6435,2026-01-31,1,0,1
6436,2026-02-07,6,5,5
6439,2026-01-17,3,2,2
6440,2026-01-24,8,7,4
6442,2026-01-24,3,2,2
6445,2026-01-29,1,0,1
6446,2026-02-01,3,2,2
6448,2026-02-27,3,2,3
6449,2026-03-03,4,3,4
6450,2026-01-15,7,6,4
6451,2026-01-19,4,3,3
6454,2026-02-22,1,0,1
6457,2026-01-16,7,6,3
6458,2026-02-07,6,5,3
6459,2026-02-13,4,3,3
6460,2026-02-01,3,2,3
6461,2026-02-07,12,11,8
6462,2026-02-11,12,11,5
6463,2026-02-18,8,4,4
6464,2026-01-23,1,0,1
6465,2026-03-23,5,2,2
6466,2026-03-28,4,0,1
6467,2026-04-07,4,1,2
6468,2026-04-12,3,1,2
6473,2026-02-13,6,5,4
6474,2026-02-17,1,0,1
6478,2026-01-16,6,5,2
6479,2026-03-07,3,1,2
6480,2026-03-11,1,0,1
6481,2026-04-19,2,0,1
6482,2026-04-20,5,4,3
6483,2026-04-24,4,1,2
6485,2026-01-18,8,7,3
6486,2026-05-04,3,1,2
6487,2026-05-08,3,1,2
6488,2026-01-31,5,4,2
6489,2026-02-07,7,6,4
6490,2026-01-17,1,0,1
6491,2026-03-01,1,0,1
6492,2026-01-12,4,3,2
6493,2026-01-16,16,15,8
6495,2026-02-02,3,2,2
6496,2026-02-06,1,0,1
6497,2026-02-20,11,7,3
6498,2026-02-27,10,9,3
6500,2026-01-14,1,0,1
6502,2026-02-05,3,2,2
6503,2026-02-09,22,21,9
6504,2026-02-22,1,0,1
6507,2026-03-28,5,2,2
6508,2026-04-03,6,3,3
6509,2026-02-21,10,9,7
6510,2026-03-01,2,1,2
6511,2026-02-13,1,0,1
6512,2026-02-20,10,7,3
6514,2026-06-06,4,2,3
6515,2026-06-13,5,3,3
6517,2026-03-06,4,1,2
6518,2026-01-31,2,1,2
6519,2026-01-25,7,6,4
6520,2026-01-31,5,4,4
6521,2026-03-05,4,2,3
6522,2026-03-13,2,0,1
6528,2026-01-28,2,1,2
6529,2026-02-02,8,7,4
6530,2026-01-28,7,6,5
6531,2026-02-05,1,0,1
6533,2026-01-19,6,4,3
6534,2026-01-24,1,0,1
6535,2026-03-02,7,5,3
6536,2026-03-06,3,1,2
6539,2026-03-07,2,0,1
6540,2026-03-14,6,4,4
6541,2026-01-11,1,0,1
6542,2026-01-14,3,2,2
6543,2026-02-22,5,4,2
6544,2026-02-27,3,1,2
6546,2026-01-13,8,7,2
6547,2026-02-02,8,7,6
6548,2026-02-06,6,5,4
6549,2026-04-10,4,0,1
6550,2026-03-12,1,0,1
6551,2026-03-16,4,0,1
6553,2026-01-15,2,1,2
6554,2026-02-04,5,4,3
6555,2026-02-23,5,3,2
6556,2026-02-26,3,2,3
6557,2026-02-10,8,7,4
6558,2026-02-09,8,6,3
6560,2026-01-30,3,2,1
6561,2026-02-07,7,6,4
6562,2026-02-06,5,3,3
6563,2026-02-09,2,1,2
6566,2026-02-06,4,3,3
6567,2026-02-09,2,1,2
6568,2026-03-12,21,17,9
6569,2026-03-18,4,3,3
6570,2026-04-25,1,0,1
6571,2026-02-02,2,1,2
6572,2026-02-06,8,7,5
6573,2026-04-25,6,4,4
6574,2026-04-25,5,3,3
6575,2026-02-21,1,0,1
6576,2026-02-28,1,0,1
6577,2026-02-26,3,2,3
6578,2026-03-02,6,3,3
6579,2026-01-24,11,10,6
6582,2026-01-19,5,4,4
6583,2026-01-23,2,1,2
6584,2026-01-26,5,4,2
6588,2026-01-15,1,0,1
6589,2026-03-16,4,2,2
6590,2026-03-23,3,1,2
6591,2026-02-06,9,8,7
6592,2026-02-11,7,6,3
6594,2026-04-27,4,2,2
6596,2026-03-20,1,0,1
6597,2026-03-29,4,1,2
6598,2026-01-25,5,4,4
6601,2026-02-04,1,0,1
6602,2026-02-06,5,4,3
6603,2026-02-21,6,4,3
6604,2026-02-28,2,0,1
6605,2026-01-14,5,4,3
6606,2026-02-14,4,3,3
6607,2026-02-21,7,6,4
6610,2026-01-12,2,1,2
6611,2026-01-16,2,1,2
6612,2026-01-19,9,8,6
6613,2026-01-25,4,3,2
6614,2026-01-18,2,1,2
6615,2026-01-19,5,4,2
6616,2026-01-26,6,5,3
6617,2026-01-17,3,2,2
6618,2026-01-24,3,2,2
6619,2026-01-20,1,0,1
6620,2026-01-27,8,6,4
6621,2026-04-05,2,0,1
6622,2026-04-08,4,0,1
6623,2026-01-18,2,1,2
6624,2026-01-23,6,5,3
6626,2026-02-18,13,9,6
6628,2026-01-16,3,2,3
6629,2026-01-16,5,4,3
6630,2026-01-19,3,2,2
6631,2026-01-11,4,3,2
6632,2026-01-15,5,4,4
6633,2026-01-17,4,3,3
6634,2026-01-21,2,1,2
6635,2026-01-31,6,5,3
6636,2026-02-04,8,7,4
6637,2026-01-11,2,1,2
6638,2026-01-15,3,2,2
6639,2026-01-15,6,5,3
6641,2026-01-14,2,1,2
6644,2026-02-15,10,6,4
6647,2026-02-22,2,1,2
6648,2026-02-27,13,12,6
6649,2026-02-21,5,3,3
6651,2026-01-11,2,1,1
6652,2026-01-16,4,3,4
6654,2026-01-17,3,2,3
6655,2026-02-15,6,5,5
6656,2026-03-17,12,9,5
6658,2026-01-21,1,0,1
6659,2026-01-26,12,11,5
6660,2026-01-14,3,2,2
6661,2026-03-08,8,6,6
6662,2026-03-14,13,12,7
6663,2026-01-16,2,1,2
6664,2026-01-18,7,6,4
6665,2026-02-21,5,4,5
6666,2026-02-26,1,0,1
6667,2026-01-19,3,2,2
6668,2026-01-28,11,10,5
6669,2026-01-23,6,5,3
6670,2026-01-31,10,9,5
6671,2026-05-15,1,0,1
6672,2026-05-21,3,0,1
6673,2026-01-15,5,4,3
6674,2026-01-23,8,7,2
6675,2026-01-27,6,5,4
6679,2026-01-16,3,2,2
6682,2026-01-28,8,7,3
6683,2026-02-07,4,3,3
6684,2026-03-28,7,2,2
6685,2026-04-05,7,2,2
6686,2026-06-28,5,3,3
6687,2026-07-02,3,1,2
6688,2026-07-03,5,2,3
6690,2026-01-18,1,0,1
6691,2026-01-30,3,2,2
6692,2026-01-28,3,2,1
6695,2026-02-11,9,6,7
6696,2026-01-18,5,4,4
6697,2026-01-25,11,10,7
6699,2026-01-11,2,1,2
6700,2026-02-24,2,1,2
6701,2026-03-03,2,1,2
6704,2026-01-11,4,3,2
6705,2026-03-11,9,7,6
6706,2026-03-14,5,3,3
6707,2026-03-20,3,0,1
6708,2026-03-27,3,1,2
6709,2026-01-12,3,2,2
6710,2026-04-03,9,4,4
6711,2026-04-17,2,1,2
6712,2026-02-25,14,13,8
6713,2026-03-07,3,0,1
6714,2026-03-13,3,0,1
6715,2026-01-12,4,3,4
6716,2026-01-19,6,5,6
6717,2026-01-22,6,5,3
6718,2026-01-26,9,8,5
6719,2026-03-22,5,0,1
6720,2026-03-29,5,1,2
6721,2026-02-28,2,1,1
6722,2026-03-06,1,0,1
6724,2026-01-17,4,3,3
6726,2026-01-11,3,2,2
6727,2026-02-22,2,1,2
6728,2026-02-26,2,0,1
6729,2026-02-17,1,0,1
6730,2026-02-20,23,20,9
6731,2026-02-01,1,0,1
6732,2026-02-07,3,2,3
6733,2026-01-14,3,2,2
6734,2026-01-14,1,0,1
6735,2026-02-11,5,4,2
6736,2026-02-15,6,2,2
6737,2026-01-12,1,0,1
6738,2026-01-15,4,2,2
6739,2026-01-12,4,3,2
6740,2026-01-15,6,5,4
6742,2026-02-28,4,3,2
6743,2026-03-06,4,1,2
6745,2026-01-14,2,1,2
6746,2026-01-19,3,2,2
6748,2026-02-01,4,3,2
6749,2026-02-07,3,2,2
6750,2026-02-01,8,7,4
6751,2026-07-27,2,0,1
6752,2026-08-02,8,5,4
6753,2026-02-02,3,2,2
6754,2026-02-07,9,8,5
6755,2026-03-13,3,1,2
6756,2026-03-21,4,3,3
6757,2026-01-28,7,6,4
6758,2026-03-18,1,0,1
6759,2026-03-22,5,2,2
6760,2026-02-05,1,0,1
6761,2026-03-06,2,1,2
6762,2026-03-10,4,0,1
6763,2026-02-04,1,0,1
6764,2026-02-10,8,7,8
6768,2026-01-23,1,0,1
6769,2026-01-28,3,2,2
6771,2026-03-11,2,1,2
6772,2026-03-17,4,1,2
6773,2026-01-17,3,2,2
6774,2026-01-19,6,5,4
6775,2026-02-14,3,0,1
6776,2026-02-19,3,2,2
6777,2026-02-01,1,0,1
6778,2026-02-17,4,3,3
6779,2026-02-21,6,5,4
6780,2026-02-28,9,7,6
6781,2026-03-07,9,6,3
6782,2026-01-27,5,4,3
6783,2026-02-01,2,1,2
6784,2026-01-11,1,0,1
6785,2026-01-13,3,2,2
6786,2026-01-29,6,5,2
6787,2026-02-03,1,0,1
6788,2026-01-21,3,2,2
6789,2026-01-24,11,10,5
6790,2026-01-29,1,0,1
6791,2026-02-01,1,0,1
6792,2026-01-15,5,4,3
6793,2026-01-18,10,9,6
6794,2026-01-20,1,0,1
6797,2026-04-27,5,3,4
6798,2026-05-02,2,0,1
6799,2026-01-10,1,0,1
6800,2026-02-02,3,2,3
6801,2026-02-06,3,2,2
6802,2026-01-14,7,6,5
6803,2026-01-19,5,4,4
6804,2026-01-12,1,0,1
6805,2026-03-21,3,0,1
6806,2026-01-11,1,0,1
6807,2026-01-15,7,6,2
6812,2026-01-24,4,3,3
6813,2026-01-30,1,0,1
6816,2026-01-17,2,1,2
6817,2026-02-14,8,6,5
6818,2026-02-19,2,1,2
6821,2026-04-18,5,0,1
6822,2026-04-25,5,3,2
6824,2026-02-28,3,1,2
6825,2026-01-12,1,0,1
6826,2026-01-17,10,9,5
6827,2026-01-23,7,6,4
6828,2026-01-18,4,3,3
6829,2026-01-25,2,1,2
6830,2026-02-14,4,2,2
6831,2026-02-21,4,2,1
6832,2026-01-24,5,4,3
6833,2026-01-28,11,10,6
6835,2026-01-27,5,4,2
6836,2026-02-01,4,3,3
6837,2026-02-11,6,5,3
6838,2026-02-16,2,0,1
6840,2026-01-11,3,2,3
6841,2026-04-18,4,0,1
6842,2026-04-25,4,2,3
6843,2026-01-25,1,0,1
6844,2026-01-31,4,3,4
6845,2026-02-06,8,6,5
6846,2026-02-09,5,4,5
6847,2026-02-04,1,0,1
6848,2026-02-07,5,4,5
6849,2026-01-16,7,6,3
6850,2026-02-24,2,0,1
6851,2026-03-03,13,12,6
6852,2026-02-03,5,4,2
6853,2026-02-09,1,0,1
6854,2026-03-06,2,0,1
6855,2026-03-11,3,2,3
6856,2026-01-22,5,4,2
6857,2026-01-28,4,3,3
6858,2026-02-18,8,6,5
6859,2026-02-25,8,7,6
6860,2026-03-01,12,10,7
6861,2026-01-25,6,5,3
6862,2026-01-29,1,0,1
6863,2026-01-14,7,6,5
6864,2026-01-24,10,9,7
6865,2026-02-08,3,2,2
6866,2026-02-27,2,1,2
6867,2026-03-02,9,8,8
6870,2026-01-13,1,0,1
6871,2026-02-08,2,1,2
6872,2026-03-13,3,0,1
6873,2026-01-17,2,1,2
6874,2026-01-19,4,3,2
6875,2026-03-23,5,1,2
6879,2026-02-08,20,19,8
6880,2026-02-13,1,0,1
6881,2026-01-27,1,0,1
6882,2026-01-27,2,1,2
6884,2026-02-25,1,0,1
6885,2026-03-01,5,4,5
6886,2026-03-12,5,3,2
6887,2026-03-15,1,0,1
6889,2026-01-29,2,1,2
6890,2026-01-18,4,3,2
6891,2026-01-24,9,8,4
6892,2026-01-22,4,3,2
6893,2026-01-26,8,7,3
6895,2026-03-19,7,5,3
6896,2026-03-23,8,5,5
6898,2026-01-27,3,2,2
6899,2026-01-31,2,1,2
6901,2026-03-08,7,6,4
6902,2026-01-24,1,0,1
6903,2026-01-30,3,2,3
6904,2026-02-04,1,0,1
6905,2026-01-17,3,2,2
6906,2026-01-24,1,0,1
6907,2026-02-06,3,2,2
6908,2026-02-14,3,0,1
6909,2026-01-17,5,4,3
6910,2026-03-14,8,6,3
6911,2026-03-21,1,0,1
6912,2026-01-18,3,2,3
6913,2026-01-24,6,5,4
6914,2026-03-17,5,2,2
6915,2026-03-20,4,2,2
6916,2026-03-17,7,4,3
6917,2026-03-20,2,0,1
6918,2026-02-22,3,2,1
6919,2026-02-14,9,7,4
6920,2026-02-19,2,1,2
6921,2026-01-14,1,0,1
6922,2026-01-15,1,0,1
6923,2026-01-19,3,2,3
6926,2026-01-23,1,0,1
6927,2026-01-31,7,6,4
6928,2026-03-20,3,0,1
6929,2026-03-25,4,0,1
6930,2026-04-12,2,0,1
6931,2026-04-17,3,1,2
6932,2026-01-25,4,3,3
6933,2026-01-25,7,6,6
6934,2026-02-03,1,0,1
6935,2026-03-25,7,4,3
6936,2026-04-01,3,0,1
6941,2026-05-15,6,4,5
6942,2026-05-20,5,3,3
6945,2026-02-03,5,4,3
6946,2026-02-10,9,8,8
6947,2026-01-14,3,2,2
6948,2026-01-19,3,2,3
6951,2026-02-16,4,2,2
6952,2026-02-21,1,0,1
6953,2026-02-07,7,6,5
6956,2026-03-09,6,2,2
6957,2026-03-14,3,2,1
6958,2026-02-15,6,5,4
6959,2026-02-21,1,0,1
6960,2026-03-15,3,0,1
6961,2026-02-27,5,3,3
6962,2026-03-05,6,3,3
6963,2026-01-16,1,0,1
6964,2026-01-17,4,3,3
6965,2026-02-08,5,3,3
6966,2026-02-14,6,4,4
6967,2026-06-14,4,1,2
6968,2026-06-20,3,1,2
6969,2026-01-31,2,1,2
6970,2026-01-28,3,2,1
6971,2026-02-02,7,6,4
6974,2026-02-23,5,3,3
6975,2026-02-27,8,7,6
6976,2026-03-14,9,7,4
6977,2026-03-21,1,0,1
6978,2026-02-07,12,11,6
6979,2026-02-13,2,1,2
6980,2026-02-19,4,3,2
6985,2026-02-11,3,0,1
6986,2026-02-16,6,4,3
6989,2026-03-08,11,8,6
6990,2026-03-14,3,0,1
6991,2026-01-16,8,7,3
6992,2026-01-20,2,1,2
6995,2026-01-11,1,0,1
6996,2026-01-24,7,6,5
6997,2026-01-28,7,6,4
7000,2026-02-09,5,4,3
7001,2026-02-13,1,0,1
7004,2026-06-26,6,4,3
7005,2026-03-14,7,5,4
7006,2026-03-22,3,0,1
7007,2026-03-19,3,0,1
7008,2026-03-24,3,0,1
7012,2026-01-30,4,3,2
7013,2026-01-15,4,2,2
7014,2026-01-20,3,2,2
7015,2026-01-17,7,6,3
7016,2026-03-30,8,5,3
7017,2026-04-05,5,2,2
7018,2026-01-14,2,1,2
7019,2026-01-19,9,8,5
7020,2026-02-19,1,0,1
7021,2026-02-24,2,1,2
7022,2026-05-26,4,2,2
7023,2026-06-02,2,1,2
7025,2026-03-04,3,1,2
7026,2026-03-09,4,0,1
7027,2026-03-11,1,0,1
7028,2026-01-17,3,2,2
7029,2026-01-22,8,7,2
7030,2026-01-20,2,1,2
7031,2026-01-23,11,10,6
7032,2026-01-25,9,8,5
7033,2026-01-23,2,1,2
7034,2026-01-27,1,0,1
7035,2026-02-10,14,13,8
7036,2026-02-10,16,15,7
7037,2026-01-16,2,1,2
7038,2026-03-19,3,0,1
7039,2026-03-25,8,4,3
7040,2026-02-05,4,3,3
7041,2026-02-09,5,3,3
7042,2026-02-28,4,3,2
7043,2026-03-06,3,0,1
7044,2026-01-25,6,5,2
7045,2026-02-04,7,6,3
7046,2026-02-04,1,0,1
7047,2026-01-24,8,6,3
7048,2026-01-27,1,0,1
7049,2026-01-30,4,3,3
7050,2026-02-03,1,0,1
7051,2026-01-14,5,4,2
7052,2026-02-14,13,11,7
7053,2026-02-19,1,0,1
7054,2026-01-16,3,2,2
7055,2026-03-17,6,2,2
7056,2026-03-23,6,2,3
7058,2026-03-13,5,2,2
7060,2026-01-18,11,10,6
7061,2026-01-22,3,2,2
7062,2026-01-25,3,2,1
7063,2026-01-31,3,2,2
7064,2026-01-31,3,2,1
7065,2026-02-08,4,3,2
7066,2026-02-16,2,0,1
7067,2026-02-23,5,3,3
7068,2026-02-01,6,5,3
7069,2026-02-06,1,0,1
7070,2026-01-14,1,0,1
7071,2026-01-18,1,0,1
7072,2026-02-17,4,3,3
7073,2026-02-21,3,2,2
7074,2026-02-16,2,1,1
7075,2026-01-21,1,0,1
7076,2026-01-24,3,2,2
7077,2026-02-11,7,6,3
7078,2026-02-18,5,2,3
7079,2026-01-17,5,4,2
7080,2026-01-24,3,2,2
7081,2026-03-01,2,1,2
7084,2026-03-06,6,2,2
7085,2026-03-13,4,3,3
7086,2026-03-21,3,2,2
7090,2026-01-13,1,0,1
7093,2026-02-25,4,3,3
7094,2026-03-02,3,1,2
7095,2026-03-06,4,2,3
7097,2026-02-11,5,4,2
7098,2026-02-17,8,7,6
7099,2026-02-28,3,2,1
7100,2026-03-06,4,2,3
7101,2026-02-01,3,2,3
7102,2026-01-19,2,1,2
7104,2026-01-13,1,0,1
7105,2026-01-14,5,4,2
7106,2026-01-20,1,0,1
7107,2026-02-15,7,5,5
7108,2026-02-20,6,2,2
7109,2026-01-15,4,3,3
7110,2026-01-19,7,6,5
7111,2026-01-20,4,3,2
7112,2026-01-24,9,8,4
7113,2026-01-16,3,2,2
7114,2026-01-21,1,0,1
7115,2026-02-14,11,9,3
7116,2026-02-18,6,4,2
7117,2026-02-24,9,8,5
7118,2026-02-28,1,0,1
7119,2026-02-13,3,2,2
7120,2026-02-16,7,5,6
7121,2026-01-16,3,2,2
7122,2026-06-22,6,4,4
7123,2026-06-28,5,3,4
7124,2026-02-15,4,0,1
7125,2026-02-19,2,1,2
7126,2026-02-22,6,5,2
7127,2026-02-07,5,4,3
7128,2026-02-16,4,2,2
7129,2026-03-06,3,0,1
7130,2026-03-12,3,1,2
7131,2026-02-07,3,2,1
7132,2026-02-11,3,0,1
7133,2026-02-15,7,3,3
7136,2026-04-10,4,2,2
7137,2026-04-18,2,0,1
7138,2026-08-16,12,1,2
7140,2026-01-22,6,5,4
7141,2026-01-25,8,7,3
7142,2026-04-04,4,1,2
7144,2026-03-12,3,1,2
7145,2026-03-15,2,1,2
7146,2026-04-26,5,3,3
7148,2026-01-30,4,3,3
7153,2026-02-07,4,3,3
7154,2026-02-14,8,7,5
7159,2026-05-04,3,0,1
7160,2026-05-10,2,0,1
7161,2026-01-20,1,0,1
7162,2026-01-24,6,5,3
7163,2026-01-16,3,2,2
7164,2026-01-20,1,0,1
7165,2026-01-17,5,4,2
7166,2026-01-22,3,2,1
7167,2026-03-07,2,0,1
7168,2026-03-14,6,3,3
7169,2026-01-30,1,0,1
7170,2026-02-02,2,1,2
7171,2026-01-15,7,5,4
7172,2026-01-19,3,2,3
7173,2026-04-23,3,1,2
7174,2026-01-19,5,4,3
7175,2026-01-22,4,3,2
7176,2026-02-15,8,4,5
7177,2026-02-21,4,3,3
7180,2026-03-05,5,2,2
7181,2026-03-09,6,0,1
7184,2026-01-28,13,12,3
7185,2026-02-02,4,3,3
7186,2026-01-26,6,5,3
7187,2026-01-31,5,4,3
7188,2026-02-11,5,4,2
7189,2026-02-17,4,2,2
7190,2026-01-16,5,4,3
7194,2026-03-18,1,0,1
7195,2026-03-22,5,2,2
7200,2026-01-24,1,0,1
7201,2026-01-30,8,7,6
7202,2026-01-30,5,4,3
7203,2026-01-31,3,2,2
7204,2026-03-21,3,2,1
7205,2026-03-26,3,0,1
7206,2026-03-28,4,0,1
7207,2026-03-13,1,0,1
7208,2026-03-21,8,5,4
7209,2026-02-14,6,5,3
7210,2026-02-22,8,7,6
7212,2026-03-15,2,0,1
7213,2026-03-23,7,3,4
7214,2026-03-28,4,0,1
7215,2026-01-16,1,0,1
7216,2026-01-20,1,0,1
7217,2026-01-20,4,3,3
7218,2026-04-22,3,1,2
7219,2026-04-29,3,0,1
7220,2026-03-27,3,1,2
7221,2026-01-19,4,3,3
7222,2026-01-23,1,0,1
7223,2026-02-27,4,2,2
7224,2026-02-20,10,6,2
7226,2026-01-31,6,5,4
7227,2026-02-06,1,0,1
7228,2026-01-15,2,1,2
7229,2026-03-01,7,6,4
7230,2026-03-08,4,3,3
7231,2026-07-18,5,3,3
7232,2026-07-24,3,1,2
7233,2026-01-16,1,0,1
7234,2026-01-19,5,4,3
7235,2026-02-01,1,0,1
7236,2026-02-07,5,4,4
7237,2026-03-05,3,1,2
7238,2026-03-10,3,0,1
7239,2026-01-24,9,8,3
7240,2026-01-28,5,4,3
7241,2026-02-17,1,0,1
7242,2026-03-19,6,4,3
7243,2026-03-23,6,2,3
7244,2026-02-12,6,5,3
7245,2026-02-16,5,3,3
7246,2026-01-23,1,0,1
7247,2026-01-21,6,5,6
7248,2026-01-28,12,11,7
7249,2026-02-07,4,3,3
7250,2026-02-14,3,1,2
7251,2026-01-28,1,0,1
7252,2026-01-28,5,4,2
7253,2026-02-01,4,3,4
7255,2026-01-14,1,0,1
7258,2026-01-23,1,0,1
7261,2026-03-14,6,2,1
7262,2026-03-20,3,0,1
7263,2026-01-22,3,2,2
7264,2026-01-27,12,11,4
7266,2026-01-30,12,11,8
7267,2026-02-03,4,3,3
7269,2026-01-23,16,15,9
7270,2026-01-29,1,0,1
7271,2026-02-26,1,0,1
7272,2026-03-06,4,2,3
7273,2026-02-08,3,2,3
7274,2026-02-13,1,0,1
7275,2026-01-24,8,7,5
7276,2026-01-29,5,4,3
7277,2026-03-19,2,0,1
7278,2026-03-23,14,6,5
7279,2026-04-10,3,0,1
7280,2026-02-15,11,7,5
7281,2026-02-18,6,2,2
7284,2026-02-25,3,2,2
7285,2026-03-01,4,3,2
7286,2026-04-18,3,2,2
7288,2026-01-19,6,5,3
7289,2026-01-24,7,6,3
7290,2026-01-17,3,2,2
7291,2026-01-24,2,1,2
7292,2026-01-31,6,5,3
7293,2026-02-05,3,2,1
7294,2026-02-05,3,2,2
7295,2026-02-08,7,5,4
7297,2026-03-02,7,4,2
7298,2026-03-07,2,0,1
7299,2026-03-02,5,0,1
7300,2026-03-07,3,1,2
7301,2026-04-11,2,0,1
7302,2026-04-12,3,0,1
7303,2026-04-17,4,2,2
7304,2026-01-29,1,0,1
7305,2026-02-03,5,4,2
7306,2026-02-26,2,0,1
7307,2026-03-02,5,2,2
7310,2026-02-15,4,2,2
7311,2026-02-20,6,3,3
7318,2026-01-24,3,2,2
7319,2026-01-28,6,5,5
7324,2026-01-15,1,0,1
7325,2026-01-19,3,2,2
7326,2026-02-17,6,4,3
7327,2026-02-03,1,0,1
7328,2026-02-08,3,2,3
7329,2026-01-18,1,0,1
7330,2026-01-24,7,6,3
7331,2026-01-16,4,3,2
7332,2026-01-19,2,1,2
7333,2026-02-04,2,1,2
7334,2026-02-04,3,2,2
7335,2026-03-21,7,4,2
7336,2026-03-28,3,0,1
7337,2026-03-01,2,1,2
7338,2026-03-06,5,3,3
7339,2026-03-30,6,4,3
7341,2026-02-01,1,0,1
7342,2026-02-06,3,2,2
7343,2026-01-27,1,0,1
7344,2026-02-06,2,1,2
7345,2026-02-12,2,1,2
7346,2026-01-24,9,8,5
7347,2026-01-17,5,4,2
7348,2026-01-24,5,4,3
7349,2026-03-15,1,0,1
7350,2026-03-20,3,1,2
7351,2026-01-15,5,4,2
7352,2026-01-19,1,0,1
7353,2026-01-21,7,6,4
7354,2026-06-09,7,4,4
7355,2026-01-29,3,2,2
7356,2026-02-05,3,2,3
7357,2026-02-12,4,3,3
7359,2026-02-05,1,0,1
7360,2026-03-01,3,1,2
7361,2026-03-07,3,1,2
7362,2026-04-21,7,4,4
7363,2026-05-27,5,1,2
7364,2026-05-31,7,3,2
7365,2026-01-17,4,3,2
7366,2026-01-19,3,2,2
7367,2026-02-21,1,0,1
7370,2026-01-23,4,3,2
7371,2026-01-29,1,0,1
7372,2026-02-19,1,0,1
7373,2026-02-22,3,2,2
7374,2026-02-01,2,1,2
7377,2026-03-02,18,15,6
7378,2026-03-08,4,3,4
7379,2026-02-27,4,3,3
7380,2026-03-04,8,7,5
7381,2026-03-15,3,2,1
7382,2026-03-21,4,3,2
7383,2026-03-14,2,0,1
7384,2026-02-06,1,0,1
7385,2026-02-10,1,0,1
7386,2026-04-26,4,2,2
7387,2026-05-03,6,4,4
7388,2026-01-16,9,8,4
7391,2026-02-23,4,3,2
7392,2026-02-28,4,3,2
7393,2026-08-09,1,0,1
7394,2026-08-16,3,1,2
7396,2026-01-16,3,2,2
7397,2026-01-21,1,0,1
7398,2026-01-17,3,2,2
7399,2026-01-20,2,1,2
7400,2026-01-16,3,2,2
7401,2026-01-24,7,6,4
7402,2026-01-18,3,2,1
7403,2026-01-22,6,5,3
7404,2026-02-10,6,5,3
7405,2026-01-25,6,5,3
7407,2026-04-13,4,2,3
7408,2026-04-18,1,0,1
7409,2026-01-16,3,2,2
7410,2026-01-19,1,0,1
7411,2026-02-05,6,5,3
7412,2026-02-08,1,0,1
7413,2026-02-15,9,8,8
7414,2026-01-16,3,2,1
7415,2026-01-20,3,2,2
7416,2026-01-27,7,6,3
7417,2026-02-02,5,4,4
7418,2026-02-08,11,9,7
7419,2026-02-16,6,4,3
7420,2026-03-22,2,0,1
7421,2026-01-21,1,0,1
7422,2026-01-25,4,3,3
7423,2026-01-16,1,0,1
7424,2026-03-14,5,2,2
7425,2026-03-21,2,1,2
7432,2026-03-09,4,0,1
7433,2026-03-14,1,0,1
7435,2026-01-24,7,6,5
7436,2026-03-19,3,1,2
7437,2026-03-24,6,3,4
7438,2026-01-19,5,4,2
7439,2026-01-30,7,6,3
7440,2026-02-07,8,7,6
7441,2026-04-25,4,1,2
7442,2026-05-01,3,1,2
7443,2026-01-16,1,0,1
7444,2026-02-13,3,2,2
7445,2026-02-19,5,3,3
7446,2026-01-24,4,3,3
7447,2026-01-29,1,0,1
7448,2026-02-14,3,2,2
7449,2026-02-20,14,13,6
7450,2026-01-16,1,0,1
7451,2026-01-23,5,4,3
7452,2026-01-16,2,1,2
7453,2026-01-19,8,7,5
7454,2026-02-16,3,1,2
7455,2026-02-20,4,2,2
7456,2026-02-13,1,0,1
7457,2026-02-16,2,0,1
7458,2026-01-16,1,0,1
7459,2026-01-23,2,1,2
7460,2026-01-27,1,0,1
7465,2026-05-04,6,2,2
7466,2026-05-08,6,4,4
7467,2026-02-07,13,12,6
7468,2026-02-14,4,2,1
7469,2026-03-15,1,0,1
7470,2026-03-21,1,0,1
7471,2026-05-27,6,3,4
7472,2026-06-04,8,6,5
7473,2026-03-20,3,1,2
7474,2026-03-27,4,2,3
7475,2026-02-07,5,4,2
7476,2026-02-12,2,1,2
7477,2026-02-13,6,5,5
7478,2026-02-21,9,8,7
7479,2026-02-18,12,9,6
7480,2026-02-23,4,3,3
7481,2026-05-09,1,0,1
7482,2026-05-16,2,0,1
7483,2026-01-23,2,1,2
7484,2026-04-16,4,2,2
7485,2026-04-22,3,1,2
7486,2026-02-07,12,11,6
7487,2026-03-07,7,0,1
7488,2026-03-14,10,7,5
7489,2026-02-17,1,0,1
7490,2026-02-22,1,0,1
7491,2026-01-21,3,2,2
7492,2026-03-15,4,3,4
7493,2026-03-20,7,5,3
7494,2026-02-14,2,0,1
7495,2026-02-14,2,0,1
7496,2026-02-21,2,0,1
7497,2026-02-15,7,5,3
7498,2026-02-19,2,1,2
7499,2026-03-15,1,0,1
7500,2026-03-19,4,2,2
7501,2026-02-12,2,1,2
7502,2026-05-24,3,0,1
7503,2026-05-29,7,5,4
7504,2026-02-21,2,1,2
7505,2026-02-28,5,4,2
7506,2026-03-21,2,1,2
7507,2026-02-22,3,2,2
7508,2026-02-28,1,0,1
7509,2026-02-06,4,3,3
7510,2026-02-08,3,2,2
7511,2026-04-05,6,3,2
7513,2026-03-17,6,4,4
7514,2026-03-21,1,0,1
7517,2026-01-17,2,1,2
7518,2026-05-02,1,0,1
7519,2026-05-06,3,1,2
7520,2026-04-03,13,6,3
7521,2026-02-16,6,4,2
7522,2026-02-21,2,0,1
7523,2026-01-19,1,0,1
7524,2026-01-24,11,10,4
7525,2026-02-08,2,1,2
7526,2026-02-13,1,0,1
7528,2026-01-23,1,0,1
7529,2026-01-29,1,0,1
7530,2026-02-18,7,3,3
7531,2026-02-24,2,1,2
7532,2026-03-15,4,2,2
7533,2026-04-12,4,1,2
7534,2026-01-23,4,3,2
7535,2026-01-30,7,6,3
7536,2026-01-29,1,0,1
7537,2026-02-28,1,0,1
7538,2026-03-05,5,3,4
7539,2026-02-14,7,6,6
7540,2026-01-17,1,0,1
7541,2026-01-19,3,2,2
7542,2026-01-23,1,0,1
7543,2026-01-17,2,0,1
7544,2026-01-25,3,2,2
7545,2026-02-01,5,4,4
7546,2026-01-25,6,5,3
7547,2026-01-29,2,1,2
7548,2026-01-31,7,6,3
7549,2026-02-06,1,0,1
7550,2026-01-29,1,0,1
7551,2026-01-19,6,5,5
7552,2026-03-06,9,7,7
7556,2026-01-18,9,8,5
7557,2026-01-17,2,0,1
7558,2026-01-28,15,14,6
7559,2026-02-08,3,2,2
7560,2026-02-12,4,3,3
7561,2026-01-24,7,6,2
7562,2026-03-02,4,1,2
7563,2026-03-06,3,0,1
7564,2026-03-13,2,0,1
7565,2026-03-18,2,1,2
7568,2026-03-15,2,0,1
7571,2026-03-23,3,0,1
7572,2026-03-28,6,3,2
7577,2026-01-22,14,13,8
7578,2026-01-27,8,7,4
7579,2026-02-15,9,5,5
7580,2026-02-19,1,0,1
7581,2026-02-23,3,0,1
7582,2026-02-15,12,10,5
7583,2026-02-22,3,2,2
7584,2026-02-15,9,5,4
7585,2026-02-21,6,5,5
7586,2026-02-15,2,0,1
7587,2026-02-21,1,0,1
7588,2026-02-14,9,8,4
7589,2026-02-20,7,4,3
7590,2026-01-28,3,2,2
7591,2026-02-01,1,0,1
7592,2026-01-19,3,2,2
7593,2026-02-10,1,0,1
7594,2026-02-14,7,5,5
7595,2026-02-19,4,3,3
7596,2026-01-31,4,3,2
7599,2026-02-01,1,0,1
7600,2026-02-05,4,3,3
7602,2026-01-26,4,3,1
7603,2026-02-05,2,1,2
7604,2026-02-09,3,2,2
7607,2026-02-13,5,4,2
7608,2026-02-18,5,1,2
7609,2026-03-15,2,0,1
7610,2026-01-31,5,4,2
7611,2026-02-04,4,3,2
7612,2026-01-21,3,2,2
7613,2026-01-27,5,4,3
7614,2026-01-29,1,0,1
7615,2026-02-02,1,0,1
7617,2026-03-30,4,1,2
7618,2026-04-03,4,2,1
7619,2026-01-20,1,0,1
7620,2026-02-01,2,0,1
7621,2026-02-06,7,6,4
7622,2026-03-07,3,0,1
7623,2026-03-14,13,12,9
7626,2026-01-29,1,0,1
7627,2026-02-01,4,3,3
7628,2026-02-08,9,8,3
7629,2026-02-13,2,1,2
7630,2026-01-19,3,2,2
7631,2026-03-15,7,4,3
7632,2026-03-22,5,0,1
7633,2026-03-28,5,2,2
7634,2026-04-03,6,3,2
7635,2026-03-31,7,4,4
7636,2026-02-05,5,4,3
7637,2026-02-09,4,3,2
7638,2026-01-19,3,2,2
7639,2026-01-27,5,4,3
7642,2026-03-16,6,2,2
7643,2026-03-21,4,2,2
7644,2026-04-25,5,2,3
7645,2026-05-02,3,1,2
7646,2026-02-05,3,2,2
7647,2026-02-09,7,6,6
7648,2026-04-09,6,3,3
7649,2026-02-13,7,6,4
7650,2026-02-21,11,10,5
7651,2026-01-21,1,0,1
7652,2026-01-23,5,4,3
7653,2026-01-26,5,4,2
7656,2026-03-26,4,0,1
7657,2026-04-06,6,3,3
7658,2026-04-13,3,0,1
7659,2026-02-11,4,1,2
7660,2026-02-17,1,0,1
7661,2026-03-29,4,2,2
7662,2026-04-10,7,4,5
7663,2026-02-12,2,0,1
7664,2026-02-12,2,1,2
7665,2026-02-15,5,1,2
7666,2026-02-20,9,6,4
7667,2026-02-07,5,4,2
7668,2026-02-11,5,4,2
7669,2026-01-20,1,0,1
7670,2026-01-28,2,1,2
7673,2026-01-18,1,0,1
7676,2026-02-05,14,13,5
7677,2026-01-29,1,0,1
7678,2026-02-02,7,6,3
7679,2026-02-06,4,2,3
7680,2026-02-08,15,14,9
7681,2026-02-13,6,5,4
7682,2026-03-31,12,7,4
7683,2026-04-05,5,2,3
7684,2026-05-16,2,0,1
7685,2026-05-23,3,0,1
7686,2026-03-25,4,1,2
7687,2026-03-29,3,0,1
7689,2026-02-16,3,2,2
7690,2026-02-17,1,0,1
7691,2026-02-19,12,9,5
7692,2026-01-23,3,2,2
7693,2026-04-07,6,1,2
7694,2026-04-16,7,5,6
7697,2026-03-04,8,3,3
7698,2026-03-11,3,0,1
7699,2026-01-18,1,0,1
7700,2026-02-12,2,1,2
7701,2026-02-21,4,3,3
7702,2026-02-11,9,8,6
7703,2026-02-14,9,7,5
7704,2026-05-03,10,6,5
7705,2026-05-09,3,0,1
7706,2026-01-19,1,0,1
7707,2026-03-20,1,0,1
7708,2026-02-18,13,9,6
7709,2026-02-24,1,0,1
7710,2026-02-13,3,2,2
7711,2026-02-16,8,6,7
7712,2026-04-25,10,5,4
7713,2026-05-01,3,1,2
7714,2026-01-19,3,2,2
7715,2026-01-19,1,0,1
7716,2026-02-20,8,4,2
7717,2026-02-27,1,0,1
7720,2026-02-07,4,3,3
7721,2026-02-13,2,1,2
7722,2026-01-20,3,2,2
7723,2026-03-19,2,0,1
7729,2026-01-25,7,6,3
7730,2026-02-01,6,5,4
7731,2026-01-30,4,1,2
7732,2026-02-06,5,4,2
7737,2026-03-14,2,0,1
7738,2026-03-20,3,0,1
7739,2026-02-09,1,0,1
7740,2026-02-13,4,3,4
7741,2026-01-21,1,0,1
7742,2026-03-22,5,2,2
7743,2026-03-28,3,0,1
7744,2026-01-23,1,0,1
7745,2026-04-01,6,1,2
7746,2026-04-06,2,1,2
7747,2026-03-29,5,1,2
7748,2026-04-02,3,0,1
7749,2026-02-01,3,2,2
7750,2026-02-05,3,2,2
7751,2026-01-25,7,6,3
7752,2026-03-17,3,1,2
7753,2026-03-22,3,0,1
7760,2026-01-26,4,3,2
7761,2026-02-02,2,1,2
7762,2026-01-25,2,1,1
7763,2026-02-21,4,2,2
7764,2026-02-26,1,0,1
7765,2026-02-08,4,3,3
7766,2026-02-13,1,0,1
7767,2026-01-21,2,1,2
7768,2026-02-13,5,4,2
7769,2026-07-18,10,9,5
7770,2026-03-08,4,1,2
7771,2026-03-13,3,1,2
7772,2026-03-14,9,7,5
7773,2026-02-13,1,0,1
7774,2026-02-20,6,2,2
7775,2026-01-26,7,6,3
7776,2026-03-20,1,0,1
7777,2026-03-28,4,1,2
7778,2026-04-02,7,3,3
7779,2026-04-11,2,0,1
7782,2026-02-12,4,3,3
7783,2026-01-19,1,0,1
7786,2026-01-23,1,0,1
7787,2026-02-01,4,3,3
7790,2026-03-13,7,4,2
7791,2026-03-19,6,4,4
7792,2026-03-20,5,2,2
7794,2026-02-14,4,3,4
7795,2026-02-08,12,11,8
7796,2026-05-06,2,0,1
7797,2026-05-10,4,2,1
7798,2026-02-08,7,6,5
7799,2026-01-24,2,1,2
7800,2026-01-31,10,9,7
7801,2026-04-13,6,4,3
7802,2026-04-18,4,3,3
7803,2026-03-06,2,1,2
7804,2026-03-09,7,1,2
7805,2026-02-03,5,4,2
7806,2026-02-07,9,8,5
7815,2026-01-20,1,0,1
7816,2026-02-07,6,5,4
7817,2026-03-05,6,3,2
7818,2026-03-09,4,0,1
7819,2026-04-01,3,0,1
7820,2026-04-06,6,3,4
7821,2026-03-04,4,2,2
7822,2026-03-09,7,2,2
7823,2026-02-01,1,0,1
7824,2026-02-07,6,5,4
7825,2026-02-15,7,3,4
7826,2026-02-20,6,2,3
7827,2026-02-06,1,0,1
7828,2026-02-09,8,7,6
7829,2026-02-08,4,3,3
7830,2026-02-11,6,5,3
7831,2026-02-17,5,4,4
7832,2026-02-18,7,4,3
7833,2026-02-21,4,3,3
7838,2026-02-28,3,2,3
7839,2026-03-03,5,4,4
7841,2026-03-02,13,10,4
7842,2026-03-08,6,3,3
7843,2026-02-01,7,6,4
7844,2026-02-07,4,3,3
7845,2026-03-30,5,2,2
7846,2026-04-04,15,6,5
7847,2026-02-19,3,2,2
7848,2026-01-31,3,2,2
7849,2026-02-07,5,4,2
7850,2026-02-15,6,2,2
7851,2026-02-19,3,2,2
7852,2026-02-01,1,0,1
7853,2026-02-06,2,1,2
7854,2026-02-15,14,10,5
7855,2026-02-18,6,2,2
7856,2026-03-06,4,2,2
7857,2026-03-10,6,2,2
7858,2026-04-15,5,3,3
7859,2026-04-24,10,8,5
7860,2026-03-21,5,2,2
7861,2026-03-28,4,0,1
7862,2026-05-15,4,2,2
7863,2026-05-20,5,0,1
7864,2026-02-13,12,11,5
7865,2026-02-21,2,1,2
7866,2026-03-02,9,7,5
7867,2026-03-03,4,3,3
7868,2026-03-08,2,0,1
7869,2026-01-30,2,1,2
7870,2026-01-30,7,6,4
7871,2026-02-15,6,4,3
7872,2026-02-21,6,5,6
7873,2026-02-09,3,2,2
7874,2026-02-11,5,4,2
7875,2026-02-12,6,5,4
7876,2026-02-16,3,1,2
7877,2026-05-24,4,1,2
7878,2026-03-07,5,0,1
7879,2026-03-15,2,1,2
7880,2026-02-10,16,15,10
7881,2026-02-16,5,3,2
7882,2026-03-18,4,2,1
7883,2026-03-22,3,0,1
7884,2026-05-02,5,3,3
7885,2026-05-10,6,4,3
7886,2026-05-05,3,1,2
7887,2026-05-07,9,7,5
7888,2026-01-25,8,7,2
7889,2026-03-17,11,8,6
7890,2026-03-22,2,1,1
7893,2026-05-01,4,3,3
7894,2026-05-04,5,3,4
7895,2026-02-02,6,5,4
7896,2026-02-07,3,2,2
7897,2026-02-01,1,0,1
7898,2026-02-06,4,3,3
7899,2026-03-23,7,3,3
7900,2026-03-27,4,0,1
7901,2026-04-13,11,9,5
7902,2026-04-17,2,0,1
7905,2026-02-28,8,7,4
7906,2026-03-04,5,3,3
7907,2026-03-16,2,0,1
7908,2026-04-24,5,1,2
7909,2026-04-26,2,0,1
7910,2026-04-30,8,6,6
7911,2026-02-28,1,0,1
7912,2026-03-04,4,1,2
7913,2026-02-01,5,4,3
7914,2026-02-06,1,0,1
7915,2026-01-20,1,0,1
7917,2026-02-14,6,4,2
7918,2026-02-22,3,2,3
7919,2026-04-26,5,1,2
7920,2026-02-01,1,0,1
7921,2026-01-22,1,0,1
7922,2026-01-25,4,3,3
7923,2026-04-12,2,0,1
7924,2026-04-18,2,0,1
7925,2026-02-23,8,6,3
7926,2026-02-27,5,1,2
7929,2026-03-04,1,0,1
7930,2026-03-09,5,2,3
7931,2026-02-14,6,3,2
7932,2026-01-23,3,2,2
7933,2026-01-21,1,0,1
7935,2026-03-17,5,3,3
7936,2026-03-22,5,3,3
7939,2026-02-15,5,1,2
7940,2026-02-22,4,3,2
7941,2026-02-21,2,1,2
7942,2026-02-28,1,0,1
7943,2026-02-06,2,1,2
7944,2026-02-13,1,0,1
7945,2026-02-11,6,5,3
7946,2026-02-11,10,9,4
7947,2026-02-12,4,3,3
7948,2026-02-12,8,7,3
7949,2026-01-22,3,2,2
7950,2026-03-14,1,0,1
7951,2026-03-19,5,2,2
7952,2026-01-22,2,1,2
7953,2026-02-10,3,2,1
7954,2026-02-16,5,2,3
7957,2026-03-07,3,0,1
7960,2026-01-22,1,0,1
7961,2026-01-25,2,1,1
7964,2026-02-17,5,4,2
7965,2026-02-19,2,1,2
7966,2026-04-26,5,1,2
7967,2026-05-02,6,2,3
7968,2026-01-30,14,12,6
7969,2026-03-15,5,4,2
7970,2026-03-20,2,0,1
7971,2026-03-21,3,2,2
7972,2026-03-28,5,2,2
7973,2026-02-24,3,2,3
7974,2026-04-12,7,5,4
7976,2026-03-24,6,3,3
7977,2026-03-30,5,1,2
7978,2026-01-24,10,9,4
7980,2026-03-30,5,1,2
7981,2026-04-03,4,1,2
7982,2026-03-29,3,0,1
7983,2026-04-26,3,0,1
7984,2026-05-04,3,1,2
7985,2026-04-06,3,0,1
7986,2026-04-10,8,5,3
7987,2026-02-13,1,0,1
7988,2026-02-17,1,0,1
7989,2026-03-05,6,5,3
7990,2026-02-22,18,17,9
7991,2026-03-08,3,2,2
7992,2026-01-23,2,1,2
7993,2026-01-24,2,1,2
7994,2026-01-29,3,2,3
7995,2026-07-08,2,0,1
7996,2026-07-12,5,2,3
7998,2026-03-31,7,4,3
8000,2026-02-05,4,3,3
8001,2026-03-22,2,0,1
8002,2026-03-26,3,0,1
8005,2026-02-22,5,2,2
8006,2026-02-28,3,2,3
8007,2026-02-15,6,4,3
8012,2026-03-29,5,1,2
8013,2026-04-02,2,0,1
8014,2026-01-23,1,0,1
8017,2026-05-22,2,0,1
8018,2026-05-27,4,1,2
8021,2026-02-19,3,2,3
8022,2026-02-25,1,0,1
8023,2026-04-30,5,3,3
8024,2026-05-04,2,0,1
8025,2026-02-15,3,2,3
8026,2026-02-21,2,1,2
8027,2026-02-12,1,0,1
8028,2026-02-17,4,3,4
8029,2026-04-27,5,3,3
8030,2026-05-02,3,0,1
8031,2026-02-06,7,6,2
8032,2026-03-04,2,0,1
8033,2026-03-08,3,1,2
8034,2026-06-05,5,1,2
8035,2026-06-14,4,1,2
8036,2026-02-07,13,12,8
8037,2026-02-14,5,2,1
8038,2026-01-22,1,0,1
8039,2026-01-26,6,5,4
8040,2026-02-22,1,0,1
8041,2026-02-27,3,2,2
8042,2026-02-20,1,0,1
8043,2026-02-26,2,0,1
8044,2026-01-27,2,1,2
8045,2026-02-01,3,2,2
8046,2026-02-24,2,1,2
8047,2026-02-28,4,3,3
8049,2026-01-30,5,4,2
8050,2026-02-03,3,2,2
8051,2026-02-02,7,6,4
8052,2026-02-06,2,1,2
8053,2026-01-24,14,13,7
8054,2026-01-27,5,4,5
8055,2026-02-21,4,3,3
8057,2026-02-07,1,0,1
8058,2026-02-10,2,1,2
8059,2026-02-04,1,0,1
8060,2026-02-12,11,10,6
8061,2026-03-01,7,6,4
8062,2026-03-07,4,2,2
8063,2026-03-17,6,4,5
8064,2026-03-23,12,8,5
8065,2026-03-06,8,7,6
8066,2026-03-09,5,0,1
8067,2026-02-15,9,5,3
8068,2026-02-19,3,1,2
8069,2026-01-24,1,0,1
8070,2026-01-31,6,5,3
8071,2026-02-20,15,13,8
8072,2026-02-27,7,6,4
8073,2026-05-26,4,1,2
8074,2026-06-01,6,2,2
8075,2026-02-05,1,0,1
8076,2026-02-10,1,0,1
8077,2026-03-17,6,4,3
8078,2026-03-21,2,0,1
8079,2026-05-09,1,0,1
8080,2026-05-17,4,2,2
8081,2026-01-23,1,0,1
8082,2026-01-31,9,8,4
8083,2026-01-25,1,0,1
8084,2026-01-23,1,0,1
8085,2026-03-06,6,4,3
8086,2026-03-14,1,0,1
8089,2026-02-11,3,0,1
8090,2026-02-15,11,7,4
8091,2026-03-21,5,0,1
8093,2026-02-21,3,2,2
8094,2026-02-12,4,3,3
8095,2026-02-17,1,0,1
8096,2026-01-25,1,0,1
8097,2026-02-01,5,4,2
8098,2026-01-23,1,0,1
8099,2026-01-22,1,0,1
8100,2026-01-23,1,0,1
8101,2026-01-24,5,4,2
8102,2026-01-31,5,4,4
8105,2026-01-23,1,0,1
8109,2026-02-02,6,5,3
8110,2026-04-19,6,4,3
8111,2026-04-26,6,4,3
8112,2026-03-20,5,2,2
8113,2026-02-11,7,6,3
8114,2026-02-15,6,2,3
8115,2026-03-29,6,2,2
8118,2026-02-07,2,1,2
8119,2026-04-20,6,4,4
8120,2026-04-25,9,6,3
8121,2026-02-15,4,3,4
8122,2026-02-19,7,5,5
8123,2026-01-23,3,2,2
8124,2026-02-01,3,2,2
8125,2026-02-06,4,3,3
8132,2026-03-20,4,0,1
8133,2026-04-01,6,1,2
8134,2026-04-05,4,1,2
8135,2026-02-06,2,1,2
8136,2026-02-09,3,2,1
8137,2026-02-20,1,0,1
8138,2026-02-20,8,6,3
8139,2026-03-27,3,1,2
8140,2026-04-01,4,1,2
8141,2026-03-08,2,0,1
8142,2026-03-14,7,5,3
8143,2026-01-23,1,0,1
8144,2026-01-28,10,9,4
8145,2026-03-05,3,1,2
8146,2026-03-10,4,0,1
8147,2026-03-08,5,3,3
8148,2026-03-12,2,0,1
8149,2026-02-04,2,1,2
8150,2026-02-15,7,5,4
8151,2026-02-17,1,0,1
8154,2026-03-28,3,0,1
8155,2026-04-01,5,0,1
8156,2026-06-19,14,9,4
8157,2026-06-21,10,7,4
8158,2026-06-24,6,4,2
8160,2026-03-22,3,0,1
8161,2026-03-28,10,6,4
8162,2026-02-28,1,0,1
8163,2026-03-08,15,13,8
8164,2026-04-25,4,1,2
8165,2026-05-02,4,2,2
8166,2026-01-25,1,0,1
8167,2026-01-25,7,6,4
8169,2026-02-04,2,1,2
8170,2026-02-07,10,9,3
8171,2026-02-21,3,2,2
8172,2026-02-27,2,1,2
8173,2026-01-26,3,2,1
8174,2026-01-31,4,3,2
8175,2026-02-08,5,4,3
8176,2026-02-13,1,0,1
8177,2026-01-31,2,0,1
8178,2026-03-31,10,3,4
8179,2026-04-06,4,2,2
8180,2026-03-21,6,4,3
8181,2026-03-28,3,0,1
8182,2026-01-23,1,0,1
8183,2026-01-27,5,4,2
8186,2026-03-17,3,0,1
8187,2026-03-24,3,0,1
8188,2026-03-26,4,2,2
8189,2026-03-29,4,0,1
8190,2026-02-02,6,5,5
8191,2026-02-06,12,11,7
8192,2026-02-24,3,2,3
8193,2026-02-05,8,7,3
8194,2026-02-09,1,0,1
8197,2026-02-04,4,3,3
8198,2026-02-07,16,15,9
8199,2026-03-26,3,0,1
8200,2026-03-26,5,2,2
8201,2026-04-11,4,2,2
8202,2026-04-18,4,2,2
8203,2026-02-09,11,10,9
8204,2026-02-13,1,0,1
8205,2026-03-20,4,2,2
8206,2026-03-01,6,4,3
8207,2026-03-09,4,0,1
8208,2026-03-14,22,16,4
8209,2026-03-22,3,0,1
8210,2026-01-31,7,6,3
8211,2026-02-04,6,5,3
8212,2026-03-04,5,0,1
8213,2026-03-09,4,0,1
8214,2026-02-23,5,3,2
8215,2026-02-26,2,1,2
8216,2026-03-07,4,2,2
8217,2026-03-14,9,6,4
8218,2026-04-27,5,3,3
8219,2026-05-02,5,3,3
8220,2026-03-17,2,0,1
8221,2026-03-22,3,0,1
8222,2026-02-17,3,2,1
8223,2026-02-21,4,3,3
8226,2026-02-15,1,0,1
8227,2026-01-30,10,9,6
8228,2026-02-02,4,3,4
8229,2026-02-21,1,0,1
8230,2026-03-01,8,6,6
8231,2026-01-28,7,6,5
8232,2026-02-03,4,3,2
8235,2026-04-07,7,4,4
8236,2026-04-11,6,4,3
8237,2026-01-29,3,2,2
8238,2026-02-20,9,6,3
8239,2026-02-23,5,3,3
8240,2026-01-31,7,6,4
8241,2026-02-07,1,0,1
8244,2026-02-08,9,8,6
8245,2026-02-11,15,14,7
8246,2026-04-07,4,1,2
8247,2026-04-12,3,2,2
8251,2026-04-12,2,0,1
8252,2026-04-17,5,3,4
8256,2026-02-20,9,5,2
8257,2026-01-28,8,7,4
8258,2026-02-02,5,4,3
8259,2026-03-06,5,3,3
8260,2026-03-11,2,1,2
8261,2026-02-10,12,11,6
8262,2026-02-15,4,0,1
8267,2026-01-24,3,2,3
8268,2026-02-08,3,2,2
8269,2026-02-14,9,8,6
8270,2026-02-07,13,12,3
8278,2026-03-11,5,2,1
8279,2026-04-23,5,3,3
8280,2026-05-01,6,1,2
8281,2026-05-04,3,0,1
8282,2026-01-24,1,0,1
8283,2026-02-01,2,1,2
8284,2026-03-04,3,0,1
8285,2026-03-08,7,5,4
8288,2026-01-29,3,2,2
8289,2026-03-16,4,0,1
8290,2026-03-25,10,4,3
8291,2026-02-21,6,5,4
8292,2026-02-24,2,1,2
8293,2026-03-27,4,1,2
8294,2026-01-30,1,0,1
8295,2026-02-04,1,0,1
8296,2026-01-25,6,5,3
8297,2026-01-28,12,11,3
8298,2026-02-01,2,1,2
8303,2026-01-24,1,0,1
8304,2026-01-31,1,0,1
8305,2026-01-24,1,0,1
8306,2026-01-28,4,3,3
8307,2026-02-06,4,3,2
8308,2026-02-08,14,13,8
8309,2026-01-24,1,0,1
8311,2026-02-15,1,0,1
8312,2026-02-18,9,5,5
8313,2026-04-19,2,0,1
8314,2026-04-22,4,1,2
8315,2026-03-21,1,0,1
8316,2026-03-28,4,0,1
8317,2026-05-28,4,1,2
8318,2026-06-04,7,4,4
8319,2026-01-24,2,1,2
8320,2026-01-24,1,0,1
8321,2026-04-22,3,1,2
8322,2026-02-09,7,6,3
8323,2026-02-14,6,4,3
8324,2026-05-13,2,0,1
8325,2026-05-17,3,1,2
8326,2026-03-28,4,1,2
8327,2026-04-01,5,2,2
8328,2026-01-24,1,0,1
8331,2026-03-06,3,1,2
8332,2026-03-10,5,2,2
8333,2026-04-11,6,2,2
8334,2026-04-13,14,11,6
8336,2026-01-24,1,0,1
8337,2026-02-13,3,2,2
8338,2026-02-16,4,2,3
8340,2026-02-08,6,5,4
8341,2026-01-25,3,2,3
8342,2026-02-04,4,3,3
8343,2026-02-08,6,5,6
8344,2026-05-30,5,2,2
8345,2026-05-30,8,6,5
8346,2026-03-27,4,2,1
8347,2026-02-16,2,0,1
8348,2026-02-20,3,2,2
8349,2026-03-14,4,2,2
8350,2026-03-21,1,0,1
8351,2026-04-01,4,1,2
8352,2026-04-05,7,3,3
8355,2026-01-31,4,3,3
8356,2026-02-06,22,21,11
8357,2026-02-10,14,13,6
8358,2026-02-15,4,0,1
8359,2026-02-20,4,0,1
8360,2026-04-15,3,1,2
8361,2026-01-27,1,0,1
8362,2026-02-04,1,0,1
8365,2026-04-06,5,2,2
8366,2026-04-11,2,0,1
8367,2026-01-29,1,0,1
8368,2026-02-07,1,0,1
8369,2026-02-02,1,0,1
8370,2026-02-06,6,5,3
8375,2026-02-20,9,5,2
8376,2026-02-23,5,3,3
8378,2026-01-25,1,0,1
8381,2026-01-31,4,3,2
8382,2026-02-07,3,2,3
8383,2026-02-20,10,6,3
8384,2026-02-28,7,6,2
8385,2026-02-10,3,2,2
8386,2026-02-15,6,2,3
8388,2026-02-16,2,0,1
8389,2026-03-02,4,3,2
8390,2026-02-26,2,1,2
8391,2026-03-30,6,1,2
8392,2026-04-04,4,0,1
8393,2026-05-06,5,2,2
8394,2026-01-30,6,5,3
8395,2026-02-09,6,5,2
8396,2026-02-09,10,9,4
8397,2026-02-14,9,7,4
8398,2026-03-21,2,0,1
8399,2026-03-26,6,3,4
8400,2026-02-06,1,0,1
8401,2026-02-11,5,4,2
8402,2026-01-27,1,0,1
8403,2026-03-06,3,1,2
8404,2026-03-10,4,0,1
8405,2026-03-18,1,0,1
8406,2026-03-22,3,0,1
8407,2026-01-29,2,1,2
8408,2026-01-31,5,4,2
8409,2026-02-06,4,3,3
8410,2026-02-14,7,5,5
8411,2026-02-19,3,2,2
8414,2026-01-29,3,2,2
8415,2026-02-01,1,0,1
8416,2026-01-25,1,0,1
8417,2026-02-01,3,2,2
8420,2026-05-27,9,2,3
8421,2026-06-06,8,5,4
8422,2026-02-07,4,2,2
8423,2026-02-12,2,1,2
8426,2026-05-11,7,5,2
8427,2026-05-16,2,0,1
8430,2026-03-27,3,0,1
8431,2026-03-31,7,4,4
8434,2026-02-06,3,2,2
8435,2026-02-15,4,0,1
8436,2026-02-07,4,3,3
8437,2026-02-14,8,6,4
8438,2026-01-26,1,0,1
8439,2026-04-26,3,0,1
8440,2026-04-30,6,4,3
8441,2026-04-25,5,3,3
8442,2026-05-02,2,1,2
8443,2026-01-27,1,0,1
8444,2026-02-28,8,5,5
8445,2026-03-20,2,0,1
8446,2026-03-25,4,1,2
8449,2026-03-03,7,3,3
8450,2026-03-08,3,2,3
8451,2026-01-26,1,0,1
8452,2026-01-31,11,10,5
8453,2026-01-28,3,2,2
8454,2026-02-01,6,5,4
8456,2026-01-30,4,3,3
8457,2026-02-04,5,4,2
8460,2026-01-26,1,0,1
8461,2026-03-13,2,0,1
8462,2026-02-02,12,11,5
8463,2026-02-06,2,1,2
8464,2026-02-11,10,9,7
8465,2026-02-18,5,2,3
8466,2026-02-18,3,2,2
8467,2026-02-25,2,1,2
8468,2026-04-05,2,0,1
8469,2026-02-03,1,0,1
8470,2026-02-10,6,5,3
8473,2026-05-20,4,1,2
8474,2026-02-10,8,7,6
8475,2026-02-16,2,0,1
8476,2026-02-03,4,3,3
8477,2026-02-06,1,0,1
8478,2026-01-30,10,9,5
8479,2026-02-03,4,3,2
8480,2026-02-10,1,0,1
8481,2026-02-12,2,1,2
8482,2026-04-02,4,1,2
8483,2026-04-05,4,1,2
8484,2026-03-04,4,2,3
8485,2026-02-01,5,4,3
8486,2026-02-07,1,0,1
8487,2026-02-24,1,0,1
8488,2026-01-29,3,2,2
8489,2026-02-03,5,4,3
8490,2026-03-03,2,1,2
8491,2026-03-06,4,1,2
8492,2026-03-30,4,1,2
8493,2026-04-03,6,2,2
8494,2026-02-20,8,6,2
8495,2026-02-24,2,1,2
8496,2026-02-14,10,9,6
8497,2026-02-20,6,4,2
8498,2026-02-21,7,5,4
8499,2026-02-26,3,2,3
8500,2026-03-15,9,5,3
8501,2026-03-22,4,1,2
8504,2026-02-19,1,0,1
8505,2026-02-25,6,4,5
8506,2026-02-06,3,2,3
8507,2026-03-19,2,0,1
8508,2026-03-22,3,0,1
8509,2026-03-28,5,2,2
8510,2026-04-01,4,0,1
8513,2026-05-16,5,0,1
8514,2026-03-29,7,2,2
8515,2026-04-04,8,3,3
8516,2026-01-31,4,2,2
8517,2026-02-13,1,0,1
8518,2026-02-16,2,0,1
8519,2026-08-15,14,1,2
8520,2026-08-21,3,1,2
8521,2026-03-21,1,0,1
8522,2026-03-28,4,0,1
8523,2026-01-27,5,4,2
8524,2026-02-12,2,0,1
8525,2026-02-16,3,0,1
8526,2026-02-05,3,2,2
8527,2026-02-11,4,1,2
8528,2026-02-16,15,11,8
8529,2026-01-28,1,0,1
8530,2026-02-01,2,1,2
8531,2026-02-15,6,2,2
8532,2026-02-22,1,0,1
8536,2026-01-27,1,0,1
8537,2026-03-24,4,1,2
8538,2026-03-30,12,7,3
8539,2026-03-02,6,2,3
8540,2026-03-08,6,4,4
8541,2026-03-14,2,1,2
8542,2026-03-21,4,1,2
8544,2026-02-04,1,0,1
8545,2026-03-07,2,0,1
8546,2026-03-12,4,2,2
8550,2026-02-15,12,8,5
8551,2026-02-19,1,0,1
8552,2026-03-01,4,3,3
8553,2026-03-07,4,0,1
8554,2026-04-18,4,2,2
8555,2026-04-22,7,5,5
8556,2026-04-24,4,1,2
8560,2026-02-01,6,5,3
8561,2026-02-05,9,8,7
8564,2026-02-24,1,0,1
8565,2026-03-01,9,8,4
8566,2026-02-22,6,4,2
8567,2026-02-26,6,5,5
8568,2026-05-16,3,0,1
8569,2026-05-24,4,1,2
8572,2026-02-28,4,3,3
8573,2026-03-07,1,0,1
8574,2026-02-17,4,3,3
8575,2026-02-22,2,1,2
8578,2026-02-01,10,9,4
8579,2026-02-04,3,2,2
8580,2026-02-21,1,0,1
8581,2026-02-21,8,7,7
8582,2026-02-25,1,0,1
8583,2026-03-30,10,8,5
8585,2026-03-12,7,3,2
8586,2026-03-15,5,2,2
8587,2026-03-19,3,0,1
8588,2026-02-07,2,1,2
8590,2026-02-12,4,3,3
8591,2026-02-15,3,2,2
8594,2026-01-31,4,3,2
8595,2026-03-28,3,0,1
8596,2026-04-04,5,2,2
8597,2026-02-05,5,4,3
8598,2026-04-17,2,0,1
8599,2026-04-24,4,0,1
8600,2026-01-31,3,2,2
8601,2026-02-14,13,10,6
8602,2026-02-22,3,2,2
8603,2026-01-30,5,4,3
8604,2026-02-05,12,11,4
8605,2026-01-27,1,0,1
8606,2026-01-27,1,0,1
8607,2026-04-02,3,0,1
8608,2026-04-08,8,2,3
8609,2026-02-15,3,2,3
8610,2026-02-19,5,4,4
8611,2026-02-11,14,11,10
8612,2026-01-28,1,0,1
8613,2026-01-28,1,0,1
8614,2026-02-01,6,5,4
8615,2026-02-05,10,9,5
8616,2026-02-12,2,0,1
8617,2026-02-16,6,4,4
8618,2026-01-27,5,3,4
8619,2026-02-01,1,0,1
8620,2026-02-22,7,6,4
8621,2026-02-28,1,0,1
8622,2026-01-29,1,0,1
8623,2026-02-03,3,2,2
8624,2026-02-04,2,1,2
8633,2026-02-05,2,1,2
8634,2026-02-09,8,7,5
8635,2026-01-28,2,1,2
8644,2026-01-29,1,0,1
8645,2026-03-28,7,4,3
8646,2026-04-03,3,0,1
8647,2026-01-27,1,0,1
8648,2026-05-29,9,6,5
8649,2026-01-28,1,0,1
8650,2026-02-06,1,0,1
8652,2026-02-20,9,7,3
8655,2026-01-28,3,2,2
8658,2026-01-28,2,1,2
8659,2026-02-08,2,1,2
8660,2026-02-13,2,0,1
8661,2026-03-25,3,0,1
8662,2026-03-29,8,5,4
8663,2026-03-23,5,2,3
8664,2026-03-26,5,2,2
8665,2026-03-29,7,3,3
8666,2026-04-04,9,4,2
8667,2026-02-01,2,1,2
8668,2026-02-06,1,0,1
8669,2026-02-12,2,1,2
8670,2026-02-17,2,1,2
8673,2026-03-27,4,1,2
8674,2026-04-01,6,2,3
8675,2026-02-04,4,3,3
8676,2026-04-04,5,3,2
8677,2026-05-22,1,0,1
8678,2026-05-25,4,0,1
8681,2026-01-29,1,0,1
8682,2026-03-08,1,0,1
8683,2026-01-29,3,2,2
8684,2026-02-01,11,10,6
8685,2026-03-04,5,2,2
8686,2026-01-31,6,5,4
8687,2026-02-03,1,0,1
8688,2026-03-02,4,2,2
8689,2026-03-06,2,1,2
8690,2026-02-02,5,4,2
8691,2026-03-22,2,0,1
8692,2026-03-29,7,3,3
8693,2026-07-13,4,1,2
8694,2026-07-18,3,1,2
8695,2026-03-11,4,2,3
8696,2026-03-15,5,4,3
8697,2026-01-31,3,2,2
8700,2026-04-10,6,2,2
8701,2026-04-15,4,1,2
8702,2026-02-11,5,4,2
8703,2026-04-26,6,3,3
8704,2026-05-03,3,1,2
8705,2026-07-25,4,1,2
8706,2026-04-11,4,0,1
8707,2026-04-16,2,0,1
8708,2026-02-20,9,5,3
8709,2026-02-28,1,0,1
8710,2026-02-03,1,0,1
8711,2026-02-06,1,0,1
8712,2026-02-26,4,2,2
8713,2026-03-02,6,4,2
8714,2026-01-29,1,0,1
8715,2026-01-28,2,0,1
8716,2026-01-30,3,2,3
8719,2026-03-07,2,0,1
8720,2026-03-13,8,5,4
8723,2026-02-01,2,1,2
8725,2026-02-24,3,2,3
8726,2026-03-03,3,2,3
8730,2026-02-19,1,0,1
8731,2026-02-04,2,1,2
8732,2026-02-08,1,0,1
8733,2026-02-16,3,1,2
8734,2026-02-21,4,3,2
8735,2026-02-09,5,4,3
8736,2026-02-22,3,2,2
8737,2026-02-26,5,4,4
8738,2026-05-16,3,0,1
8739,2026-05-24,7,3,3
8740,2026-02-07,1,0,1
8741,2026-02-15,5,1,2
8742,2026-03-15,3,1,2
8743,2026-03-18,8,4,3
8746,2026-02-05,4,3,3
8747,2026-02-09,3,2,2
8748,2026-02-28,3,2,2
8749,2026-03-07,5,2,1
8750,2026-01-29,1,0,1
8753,2026-04-13,7,4,3
8754,2026-04-14,2,0,1
8757,2026-02-14,6,5,4
8758,2026-02-21,1,0,1
8759,2026-02-09,9,8,8
8760,2026-02-14,1,0,1
8763,2026-03-08,2,0,1
8764,2026-03-14,2,0,1
8767,2026-02-21,7,5,5
8768,2026-02-27,11,9,4
8769,2026-03-02,4,0,1
8770,2026-03-06,5,3,3
8771,2026-01-31,3,2,2
8772,2026-02-04,2,1,2
8773,2026-01-31,16,15,7
8774,2026-02-05,3,2,2
8775,2026-06-03,3,1,2
8776,2026-06-10,8,6,6
8777,2026-02-09,9,8,8
8778,2026-04-04,5,0,1
8779,2026-04-11,4,2,2
8780,2026-04-12,3,1,2
8781,2026-04-18,5,2,1
8782,2026-02-08,2,1,2
8783,2026-02-14,5,2,2
8784,2026-02-01,5,4,2
8785,2026-02-02,1,0,1
8786,2026-02-16,10,9,5
8790,2026-02-26,4,3,3
8791,2026-03-01,3,2,3
8792,2026-02-02,3,2,2
8793,2026-02-06,1,0,1
8795,2026-02-11,7,6,3
8797,2026-02-07,3,2,3
8798,2026-02-14,13,10,6
8799,2026-01-31,1,0,1
8800,2026-01-31,3,2,3
8801,2026-05-03,5,4,3
8802,2026-05-09,1,0,1
8803,2026-02-17,5,4,3
8804,2026-02-22,2,1,2
8805,2026-01-30,2,1,2
8806,2026-04-06,8,4,2
8807,2026-04-10,4,1,2
8808,2026-03-17,5,3,4
8809,2026-03-23,9,6,4
8810,2026-03-18,5,3,3
8811,2026-03-20,3,1,2
8815,2026-02-19,1,0,1
8816,2026-02-14,5,2,2
8817,2026-02-21,2,1,2
8818,2026-02-18,6,5,2
8819,2026-02-25,9,7,7
8820,2026-02-07,7,6,4
8821,2026-02-11,9,8,6
8822,2026-02-23,7,3,3
8823,2026-02-27,3,0,1
8824,2026-02-11,5,2,2
8826,2026-03-02,6,4,2
8827,2026-03-06,6,3,3
8828,2026-05-04,2,0,1
8829,2026-05-09,3,1,2
8830,2026-03-13,1,0,1
8831,2026-03-20,6,4,3
8832,2026-02-12,16,15,8
8833,2026-02-18,5,1,2
8834,2026-01-31,4,3,2
8835,2026-02-06,5,4,3
8837,2026-03-08,5,2,3
8838,2026-03-13,4,2,2
8839,2026-01-29,1,0,1
8840,2026-02-15,8,4,5
8841,2026-01-31,2,0,1
8842,2026-02-07,1,0,1
8843,2026-01-30,1,0,1
8844,2026-02-19,2,1,2
8845,2026-02-08,1,0,1
8846,2026-02-13,3,2,2
8849,2026-02-16,2,0,1
8851,2026-02-21,2,1,2
8852,2026-03-31,10,3,2
8853,2026-04-05,5,0,1
8854,2026-01-31,1,0,1
8855,2026-02-06,3,2,2
8856,2026-03-30,10,6,4
8858,2026-03-02,6,4,2
8859,2026-03-07,4,2,2
8860,2026-02-20,4,2,2
8861,2026-01-31,3,2,2
8862,2026-02-10,1,0,1
8863,2026-03-04,3,1,2
8865,2026-06-24,9,1,2
8866,2026-06-28,3,0,1
8867,2026-02-09,10,9,7
8868,2026-02-11,5,4,2
8869,2026-02-17,5,4,3
8870,2026-05-19,14,8,7
8871,2026-05-24,4,0,1
8872,2026-05-26,8,5,4
8873,2026-02-27,7,5,4
8874,2026-03-03,2,0,1
8875,2026-03-05,4,2,2
8876,2026-03-10,5,0,1
8877,2026-01-31,2,1,2
8878,2026-03-14,1,0,1
8879,2026-02-22,1,0,1
8880,2026-02-26,1,0,1
8881,2026-04-12,2,0,1
8882,2026-04-17,2,0,1
8883,2026-05-27,6,2,3
8884,2026-06-04,7,6,3
8885,2026-07-07,7,4,5
8886,2026-07-12,6,0,1
8887,2026-03-12,2,0,1
8888,2026-03-17,3,1,2
8889,2026-03-16,4,0,1
8890,2026-03-21,7,4,2
8891,2026-04-24,5,3,3
8892,2026-04-28,4,2,3
8893,2026-01-31,1,0,1
8894,2026-02-05,5,4,2
8895,2026-03-12,11,8,5
8896,2026-03-19,3,1,2
8897,2026-02-02,3,2,2
8898,2026-02-06,6,5,3
8901,2026-02-24,2,1,2
8902,2026-03-01,14,13,4
8903,2026-03-03,2,1,2
8904,2026-03-08,5,3,3
8905,2026-01-30,1,0,1
8906,2026-02-14,5,4,4
8907,2026-03-19,4,0,1
8908,2026-03-23,10,5,3
8911,2026-02-13,1,0,1
8912,2026-02-21,2,0,1
8913,2026-02-23,3,0,1
8914,2026-03-01,7,6,3
8915,2026-02-05,1,0,1
8916,2026-02-08,6,5,5
8917,2026-02-04,2,1,2
8918,2026-02-08,2,1,2
8919,2026-02-25,1,0,1
8920,2026-03-03,8,5,3
8921,2026-02-10,5,4,3
8922,2026-02-14,6,5,5
8923,2026-02-20,5,4,3
8924,2026-02-23,3,1,2
8925,2026-01-31,1,0,1
8926,2026-01-31,5,4,2
8927,2026-03-13,1,0,1
8928,2026-03-20,2,0,1
8929,2026-03-26,4,2,2
8930,2026-03-26,4,2,2
8931,2026-02-18,9,7,5
8932,2026-02-27,17,15,9
8936,2026-02-02,3,2,3
8937,2026-02-07,7,6,3
8938,2026-02-05,5,4,3
8939,2026-02-08,6,5,3
8940,2026-02-10,10,9,7
8941,2026-02-21,3,2,2
8942,2026-01-31,1,0,1
8943,2026-02-01,5,4,3
8944,2026-02-04,7,6,3
8945,2026-03-18,4,2,2
8946,2026-03-23,6,2,3
8948,2026-02-05,1,0,1
8949,2026-02-11,6,3,3
8950,2026-02-01,1,0,1
8951,2026-02-01,1,0,1
8954,2026-02-05,3,2,2
8955,2026-02-11,5,4,2
8956,2026-03-28,5,2,2
8957,2026-04-04,3,0,1
8958,2026-02-19,1,0,1
8959,2026-02-16,7,6,6
8960,2026-02-21,4,3,3
8961,2026-02-28,1,0,1
8962,2026-02-16,4,2,2
8963,2026-02-24,6,5,4
8964,2026-07-02,5,3,2
8965,2026-07-08,2,0,1
8966,2026-02-14,7,4,4
8967,2026-02-22,5,4,3
8970,2026-03-02,6,3,2
8971,2026-03-07,2,1,2
8972,2026-01-31,1,0,1
8973,2026-03-29,3,0,1
8974,2026-04-06,2,0,1
8975,2026-03-22,5,2,2
8976,2026-03-28,4,1,2
8977,2026-03-07,3,0,1
8978,2026-02-17,1,0,1
8979,2026-02-19,1,0,1
8980,2026-02-22,1,0,1
8981,2026-03-10,9,5,5
8982,2026-03-11,2,0,1
8983,2026-02-21,2,1,2
8984,2026-02-25,1,0,1
8985,2026-03-13,4,3,4
8986,2026-03-22,4,1,2
8990,2026-05-10,2,0,1
8991,2026-05-04,4,2,3
8992,2026-02-20,8,6,3
8993,2026-02-05,1,0,1
8994,2026-02-21,2,1,2
8995,2026-02-28,1,0,1
8996,2026-03-19,12,10,5
8997,2026-03-25,9,3,3
8998,2026-03-23,12,8,5
8999,2026-02-04,4,3,3
9000,2026-02-08,6,5,5
9001,2026-02-14,2,1,2
9002,2026-05-09,2,0,1
9003,2026-05-16,4,2,1
9005,2026-02-03,3,2,1
9006,2026-02-06,1,0,1
9007,2026-04-03,4,2,2
9008,2026-03-06,3,0,1
9009,2026-03-10,4,0,1
9012,2026-03-08,6,4,3
9013,2026-01-31,1,0,1
9014,2026-02-08,2,1,2
9016,2026-02-18,5,1,2
9017,2026-02-21,4,3,3
9018,2026-02-01,3,2,2
9019,2026-02-04,2,1,2
9020,2026-08-17,10,0,1
9023,2026-02-02,7,6,3
9024,2026-02-28,1,0,1
9025,2026-04-24,6,5,2
9026,2026-03-11,2,1,2
9027,2026-03-14,7,6,5
9028,2026-02-05,4,3,3
9029,2026-02-08,1,0,1
9030,2026-06-14,6,4,5
9031,2026-02-14,7,4,2
9032,2026-02-21,4,3,3
9033,2026-04-11,3,1,1
9034,2026-04-17,2,1,1
9035,2026-02-27,3,2,3
9036,2026-02-22,1,0,1
9037,2026-02-28,1,0,1
9040,2026-02-03,1,0,1
9041,2026-02-06,1,0,1
9042,2026-03-15,3,1,2
9043,2026-02-20,4,0,1
9044,2026-02-28,5,4,4
9045,2026-02-02,1,0,1
9046,2026-02-07,5,3,3
9047,2026-02-23,5,3,3
9048,2026-02-26,4,3,3
9049,2026-03-02,4,2,3
9051,2026-03-01,4,3,3
9052,2026-03-05,3,1,2
9053,2026-02-14,7,5,4
9054,2026-02-19,1,0,1
9055,2026-02-07,6,5,4
9056,2026-02-16,7,5,3
9057,2026-04-26,2,0,1
9058,2026-05-01,6,3,3
9059,2026-02-03,3,2,2
9060,2026-02-07,11,10,7
9061,2026-03-20,4,2,2
9062,2026-03-27,6,1,2
9063,2026-02-06,4,3,3
9064,2026-02-14,14,13,10
9065,2026-03-02,4,2,1
9066,2026-03-06,8,3,3
9067,2026-03-28,3,0,1
9068,2026-04-02,3,0,1
9069,2026-02-25,1,0,1
9070,2026-03-03,2,1,2
9071,2026-02-04,1,0,1
9072,2026-02-09,2,1,2
9073,2026-04-16,3,2,2
9074,2026-03-13,3,2,2
9075,2026-03-19,5,1,2
9076,2026-04-15,5,3,2
9077,2026-04-18,3,1,2
9078,2026-02-15,7,3,3
9079,2026-02-21,4,3,3
9082,2026-03-20,4,2,2
9083,2026-03-13,3,1,1
9084,2026-03-21,3,2,3
9085,2026-03-05,4,2,2
9086,2026-03-09,5,3,2
9088,2026-02-20,10,6,3
9089,2026-02-09,3,2,3
9090,2026-02-15,4,0,1
9091,2026-05-02,2,0,1
9092,2026-05-09,3,0,1
9093,2026-03-19,5,2,2
9096,2026-02-21,2,1,2
9097,2026-02-28,3,2,3
9098,2026-04-30,6,4,4
9099,2026-03-14,4,0,1
9100,2026-03-15,2,1,2
9101,2026-02-07,1,0,1
9102,2026-02-14,3,1,2
9103,2026-02-15,8,4,3
9104,2026-02-22,1,0,1
9105,2026-02-15,4,0,1
9106,2026-02-26,7,6,6
9107,2026-03-01,4,3,3
9110,2026-02-07,9,7,6
9111,2026-02-14,10,8,4
9112,2026-03-01,1,0,1
9113,2026-03-06,3,1,2
9114,2026-02-03,2,1,2
9115,2026-02-03,1,0,1
9116,2026-02-08,5,4,3
9117,2026-02-12,5,4,3
9118,2026-08-18,13,2,3
9120,2026-05-16,2,0,1
9121,2026-05-24,2,0,1
9122,2026-05-02,4,0,1
9123,2026-05-09,2,0,1
9126,2026-02-22,3,2,3
9127,2026-02-26,3,1,2
9129,2026-02-22,1,0,1
9130,2026-02-17,1,0,1
9131,2026-02-28,1,0,1
9132,2026-03-25,5,2,2
9133,2026-03-28,6,2,2
9134,2026-05-02,1,0,1
9135,2026-05-09,2,0,1
9136,2026-06-12,5,2,3
9137,2026-06-14,4,1,2
9138,2026-02-06,5,4,2
9139,2026-02-09,12,11,8
9140,2026-02-24,1,0,1
9141,2026-03-04,2,0,1
9142,2026-07-26,5,3,3
9143,2026-08-02,2,0,1
9144,2026-02-20,8,4,2
9145,2026-02-28,8,5,5
9148,2026-02-09,1,0,1
9149,2026-07-07,3,1,2
9152,2026-04-23,7,4,4
9153,2026-04-28,3,1,2
9154,2026-02-16,9,7,7
9155,2026-03-29,6,3,3
9156,2026-04-04,5,2,2
9157,2026-02-05,1,0,1
9158,2026-02-08,1,0,1
9159,2026-03-31,10,5,3
9160,2026-04-07,8,3,3
9161,2026-02-26,3,2,2
9162,2026-03-01,3,1,2
9168,2026-02-07,1,0,1
9169,2026-02-15,5,1,2
9170,2026-02-12,3,2,2
9171,2026-02-17,2,1,2
9172,2026-04-03,6,3,3
9175,2026-02-05,6,4,2
9176,2026-02-11,5,4,2
9177,2026-02-16,3,1,2
9178,2026-02-06,1,0,1
9179,2026-02-10,8,7,7
9180,2026-02-11,11,10,8
9181,2026-02-15,17,13,9
9182,2026-03-13,6,3,3
9183,2026-03-22,5,2,2
9185,2026-02-25,5,4,3
9186,2026-02-12,6,5,3
9187,2026-02-16,17,16,8
9188,2026-05-12,3,1,2
9189,2026-05-19,4,2,2
9190,2026-04-25,2,0,1
9191,2026-04-30,3,1,2
9194,2026-03-08,16,13,5
9195,2026-02-05,5,4,3
9196,2026-02-09,4,3,2
9197,2026-02-05,9,8,3
9198,2026-02-14,5,3,3
9199,2026-02-23,4,3,3
9200,2026-02-27,1,0,1
9201,2026-03-01,2,1,1
9202,2026-02-04,1,0,1
9203,2026-02-03,3,2,2
9204,2026-02-08,1,0,1
9207,2026-02-07,2,1,2
9208,2026-02-13,5,4,3
9212,2026-03-14,1,0,1
9213,2026-03-19,4,1,2
9214,2026-03-07,3,1,2
9215,2026-03-14,3,2,3
9218,2026-02-04,5,4,3
9219,2026-03-12,2,0,1
9220,2026-02-08,4,3,3
9223,2026-02-15,11,9,7
9224,2026-02-21,1,0,1
9226,2026-04-26,7,4,4
9227,2026-03-19,8,4,4
9228,2026-03-23,9,4,3
9229,2026-03-20,5,2,2
9230,2026-03-23,12,8,6
9231,2026-05-02,2,1,2
9232,2026-05-09,2,0,1
9237,2026-03-22,5,2,2
9238,2026-03-29,4,1,2
9240,2026-02-05,1,0,1
9241,2026-02-10,1,0,1
9242,2026-03-13,5,2,2
9243,2026-02-22,6,4,4
9244,2026-03-01,3,2,2
9245,2026-03-04,4,1,2
9246,2026-03-08,9,7,5
9247,2026-02-06,4,3,3
9248,2026-02-07,2,1,2
9249,2026-02-14,6,4,3
9250,2026-03-07,3,0,1
9251,2026-03-13,4,2,2
9252,2026-02-07,1,0,1
9253,2026-02-14,7,4,4
9254,2026-02-11,6,5,3
9255,2026-02-22,5,3,4
9256,2026-02-28,1,0,1
9257,2026-02-04,1,0,1
9258,2026-05-13,3,2,2
9259,2026-05-18,6,3,2
9260,2026-04-12,6,2,2
9261,2026-04-17,2,0,1
9262,2026-03-14,6,2,2
9263,2026-03-18,2,1,2
9264,2026-05-25,3,0,1
9265,2026-05-28,4,1,2
9266,2026-03-01,1,0,1
9267,2026-03-05,4,2,3
9268,2026-02-05,2,1,2
9269,2026-02-13,5,4,3
9272,2026-02-15,9,5,3
9273,2026-02-21,1,0,1
9274,2026-02-11,7,4,5
9275,2026-02-17,1,0,1
9276,2026-03-08,5,4,3
9277,2026-03-14,10,8,3
9279,2026-02-12,2,1,2
9280,2026-02-16,10,8,5
9281,2026-02-27,3,1,2
9282,2026-03-03,3,2,3
9283,2026-04-18,6,3,2
9284,2026-04-25,8,5,5
9285,2026-04-27,7,4,3
9286,2026-02-08,3,2,1
9287,2026-02-12,4,3,3
9291,2026-03-29,6,4,3
9292,2026-02-04,1,0,1
9293,2026-03-01,4,3,3
9294,2026-04-02,6,2,2
9295,2026-04-06,2,0,1
9296,2026-02-22,3,2,2
9297,2026-02-27,11,10,8
9298,2026-03-18,1,0,1
9299,2026-03-25,3,0,1
9300,2026-02-27,8,5,4
9301,2026-02-12,9,8,6
9302,2026-02-16,5,2,1
9303,2026-02-04,1,0,1
9304,2026-02-04,1,0,1
9305,2026-02-04,1,0,1
9306,2026-02-09,10,8,5
9307,2026-02-09,6,5,4
9308,2026-02-14,8,6,4
9309,2026-02-08,3,2,3
9310,2026-02-14,5,3,3
9311,2026-03-07,4,2,2
9312,2026-03-12,4,1,2
9313,2026-02-23,7,5,3
9314,2026-03-09,5,0,1
9315,2026-04-25,5,2,3
9316,2026-05-01,7,4,4
9317,2026-04-11,5,3,3
9318,2026-04-16,4,2,3
9319,2026-02-06,2,1,2
9320,2026-02-07,13,12,7
9321,2026-02-08,2,0,1
9322,2026-02-14,8,6,5
9323,2026-02-08,14,13,5
9324,2026-02-09,1,0,1
9325,2026-02-12,2,1,2
9326,2026-02-19,2,1,2
9331,2026-02-18,6,3,3
9332,2026-04-10,3,0,1
9333,2026-04-17,2,0,1
9334,2026-03-06,4,2,3
9335,2026-03-11,2,1,2
9338,2026-03-09,5,1,2
9339,2026-03-14,3,1,2
9340,2026-04-19,2,0,1
9341,2026-04-23,4,2,3
9342,2026-04-24,3,1,2
9343,2026-04-27,5,3,4
9344,2026-04-30,5,4,3
9345,2026-05-04,3,1,2
9346,2026-03-07,2,0,1
9347,2026-03-12,5,3,3
9348,2026-03-29,4,1,2
9349,2026-04-03,10,4,3
9350,2026-02-22,7,5,5
9351,2026-02-26,6,5,5
9352,2026-02-16,1,0,1
9353,2026-02-20,4,3,4
9354,2026-06-01,3,1,2
9355,2026-06-05,8,6,5
9356,2026-02-07,1,0,1
9357,2026-02-10,11,10,8
9358,2026-02-13,4,3,4
9359,2026-03-06,5,2,2
9360,2026-03-09,5,1,2
9361,2026-02-15,6,2,3
9362,2026-03-07,5,3,2
9363,2026-03-13,7,3,3
9366,2026-04-13,12,10,6
9367,2026-04-17,2,0,1
9370,2026-02-14,4,3,3
9371,2026-02-21,3,2,2
9372,2026-02-21,16,15,10
9373,2026-03-14,13,9,5
9374,2026-03-21,8,5,4
9375,2026-02-04,1,0,1
9376,2026-02-09,12,11,5
9377,2026-03-15,1,0,1
9378,2026-03-19,8,6,5
9379,2026-03-01,8,7,4
9380,2026-02-14,1,0,1
9381,2026-02-19,1,0,1
9382,2026-02-10,2,1,2
9383,2026-02-14,10,8,5
9384,2026-02-09,4,3,3
9385,2026-02-14,4,2,2
9386,2026-02-12,6,5,3
9387,2026-02-16,5,3,2
9388,2026-06-11,5,3,3
9389,2026-06-20,7,3,3
9390,2026-02-05,4,3,3
9393,2026-02-20,4,0,1
9394,2026-02-25,7,6,2
9395,2026-04-24,6,4,3
9396,2026-05-02,1,0,1
9397,2026-02-27,8,7,4
9398,2026-03-06,6,4,5
9399,2026-02-09,3,2,2
9400,2026-02-13,7,6,6
9401,2026-02-05,2,1,2
9402,2026-05-10,3,0,1
9403,2026-05-16,2,0,1
9408,2026-04-19,2,0,1
9409,2026-04-25,3,1,2
9412,2026-04-03,6,4,3
9413,2026-04-08,3,0,1
9414,2026-02-09,3,2,2
9415,2026-02-10,8,7,6
9416,2026-02-14,3,1,2
9417,2026-02-05,6,5,3
9420,2026-02-07,4,2,2
9421,2026-02-14,2,1,2
9422,2026-02-07,4,3,3
9423,2026-02-14,10,8,4
9424,2026-03-31,10,7,6
9425,2026-04-07,5,3,4
9426,2026-04-02,4,0,1
9427,2026-02-05,1,0,1
9428,2026-02-08,1,0,1
9433,2026-02-08,5,4,5
9437,2026-02-10,5,4,4
9438,2026-02-14,6,5,3
9439,2026-03-31,7,2,3
9440,2026-04-06,9,5,4
9441,2026-02-21,2,1,2
9442,2026-03-08,9,6,4
9443,2026-03-13,3,1,2
9444,2026-03-17,10,6,5
9445,2026-02-20,7,3,3
9446,2026-02-28,4,3,3
9447,2026-03-14,4,2,2
9448,2026-03-19,4,1,2
9449,2026-03-06,5,3,3
9450,2026-03-11,3,2,3
9451,2026-03-29,4,1,2
9452,2026-04-02,3,0,1
9453,2026-04-03,7,3,2
9454,2026-04-10,5,2,2
9455,2026-02-16,4,2,2
9458,2026-02-07,2,1,2
9459,2026-02-11,5,4,2
9460,2026-04-02,5,0,1
9461,2026-04-10,4,2,3
9462,2026-02-07,5,4,2
9463,2026-02-11,5,4,2
9464,2026-02-13,3,2,2
9465,2026-02-16,3,1,2
9466,2026-02-10,4,3,2
9467,2026-02-07,1,0,1
9468,2026-02-13,9,8,8
9469,2026-03-20,2,0,1
9470,2026-03-22,8,4,4
9471,2026-02-12,2,1,2
9472,2026-02-20,8,7,5
9473,2026-02-21,2,1,2
9474,2026-02-08,15,13,9
9475,2026-02-13,4,3,3
9476,2026-03-02,4,0,1
9477,2026-03-08,3,0,1
9482,2026-04-01,6,3,3
9483,2026-04-06,4,2,1
9484,2026-02-06,4,3,4
9485,2026-03-07,4,0,1
9486,2026-02-05,1,0,1
9487,2026-04-11,3,0,1
9489,2026-02-14,4,2,2
9490,2026-02-21,4,3,2
9491,2026-02-26,6,5,5
9492,2026-03-04,5,0,1
9493,2026-03-08,1,0,1
9494,2026-04-16,4,2,3
9495,2026-02-21,4,3,2
9496,2026-02-23,5,4,3
9497,2026-02-27,2,0,1
9498,2026-02-07,1,0,1
9499,2026-02-14,2,0,1
9500,2026-03-29,3,0,1
9501,2026-04-04,6,2,2
9502,2026-02-15,7,3,2
9503,2026-02-22,4,3,2
9504,2026-05-11,2,0,1
9505,2026-05-20,8,4,3
9506,2026-02-22,4,3,3
9507,2026-02-25,9,8,4
9508,2026-02-25,11,10,4
9509,2026-02-28,1,0,1
9510,2026-02-15,5,0,1
9511,2026-02-22,1,0,1
9512,2026-02-11,5,4,2
9513,2026-02-14,2,1,2
9514,2026-02-19,5,4,3
9515,2026-02-14,11,10,8
9520,2026-03-23,4,1,2
9523,2026-02-28,1,0,1
9524,2026-03-03,4,3,3
9525,2026-02-21,4,2,1
9526,2026-03-01,3,2,2
9527,2026-02-06,1,0,1
9530,2026-03-14,2,0,1
9531,2026-03-29,5,2,3
9532,2026-02-06,1,0,1
9533,2026-02-08,5,4,3
9534,2026-03-09,5,2,2
9535,2026-03-14,2,1,2
9536,2026-02-20,15,12,5
9537,2026-02-28,1,0,1
9538,2026-02-06,1,0,1
9539,2026-02-11,3,0,1
9540,2026-02-15,10,6,5
9541,2026-03-15,2,0,1
9542,2026-03-19,2,0,1
9543,2026-02-12,1,0,1
9544,2026-02-16,6,5,4
9545,2026-02-08,9,8,7
9546,2026-02-14,6,4,5
9547,2026-02-21,4,3,4
9548,2026-06-25,5,3,3
9549,2026-07-03,6,3,4
9550,2026-02-09,7,6,6
9551,2026-02-13,1,0,1
9552,2026-03-15,1,0,1
9553,2026-02-16,5,2,1
9554,2026-02-11,5,4,2
9555,2026-02-07,1,0,1
9556,2026-02-13,1,0,1
9557,2026-02-23,7,5,4
9558,2026-02-26,2,1,2
9559,2026-02-20,5,2,2
9560,2026-02-26,5,4,4
9561,2026-03-01,2,1,2
9562,2026-04-24,3,1,2
9563,2026-04-29,2,0,1
9564,2026-02-07,4,3,3
9565,2026-02-22,3,2,2
9566,2026-02-28,3,2,2
9567,2026-02-20,2,1,2
9568,2026-02-26,5,4,4
9569,2026-02-18,5,2,3
9570,2026-02-11,6,5,3
9571,2026-02-17,2,1,2
9572,2026-05-02,1,0,1
9573,2026-05-08,2,0,1
9576,2026-04-19,2,0,1
9577,2026-04-23,7,6,4
9578,2026-02-08,1,0,1
9579,2026-04-22,6,4,3
9580,2026-04-29,6,2,1
9581,2026-03-12,5,4,3
9582,2026-03-16,5,2,1
9583,2026-02-07,2,0,1
9584,2026-02-12,7,5,4
9585,2026-02-07,12,11,7
9586,2026-02-17,9,8,6
9588,2026-02-15,7,3,4
9589,2026-03-23,5,0,1
9590,2026-03-27,3,1,2
9591,2026-03-07,1,0,1
9592,2026-03-13,4,2,1
9593,2026-02-10,3,2,2
9594,2026-03-10,5,2,2
9595,2026-03-25,6,2,2
9596,2026-03-28,4,1,2
9597,2026-02-21,8,7,4
9598,2026-02-27,6,4,4
9599,2026-03-27,4,2,3
9600,2026-04-01,3,0,1
9601,2026-02-07,1,0,1
9602,2026-02-12,4,3,3
9603,2026-02-16,2,0,1
9604,2026-02-22,3,2,2
9605,2026-02-27,7,6,5
9606,2026-05-14,2,0,1
9608,2026-03-28,5,4,3
9609,2026-04-04,2,1,1
9610,2026-02-14,3,2,2
9611,2026-02-13,1,0,1
9612,2026-02-17,1,0,1
9613,2026-06-24,5,3,3
9614,2026-06-28,2,0,1
9615,2026-02-08,3,2,3
9616,2026-02-14,2,0,1
9619,2026-07-09,4,0,1
9620,2026-07-15,5,2,3
9621,2026-04-30,4,2,3
9622,2026-05-07,3,1,2
9624,2026-02-08,9,8,7
9625,2026-03-07,4,0,1
9626,2026-03-10,6,2,2
9627,2026-06-29,6,4,5
9630,2026-02-14,12,10,8
9631,2026-02-20,14,11,4
9632,2026-02-14,3,1,2
9633,2026-02-19,2,1,2
9634,2026-03-21,5,2,2
9635,2026-03-27,3,1,2
9637,2026-04-23,4,2,3
9638,2026-03-07,2,0,1
9639,2026-03-14,6,3,3
9640,2026-02-08,13,12,6
9641,2026-02-22,1,0,1
9646,2026-02-10,1,0,1
9647,2026-02-16,2,0,1
9648,2026-06-13,5,3,4
9649,2026-06-19,9,6,6
9650,2026-02-12,2,1,2
9651,2026-02-16,4,2,3
9652,2026-02-24,4,3,3
9653,2026-02-28,6,5,5
9654,2026-05-25,2,0,1
9655,2026-06-01,7,3,4
9656,2026-05-09,2,0,1
9657,2026-05-16,2,0,1
9658,2026-03-25,5,2,2
9659,2026-03-29,4,1,2
9660,2026-02-20,5,2,2
9661,2026-02-23,4,1,2
9662,2026-04-15,3,1,2
9663,2026-04-22,4,2,3
9665,2026-02-15,2,0,1
9666,2026-02-21,6,5,2
9667,2026-03-14,5,2,2
9668,2026-03-19,10,9,5
9669,2026-02-09,2,1,2
9670,2026-02-11,5,4,2
9671,2026-04-19,2,0,1
9672,2026-04-25,6,4,4
9673,2026-02-11,3,0,1
9674,2026-02-15,6,2,3
9679,2026-04-02,5,2,2
9680,2026-04-09,4,1,2
9685,2026-02-12,2,1,2
9686,2026-02-16,6,4,3
9689,2026-03-05,6,5,5
9690,2026-03-11,2,1,2
9691,2026-03-07,2,0,1
9692,2026-03-14,3,0,1
9693,2026-04-08,3,0,1
9694,2026-04-12,6,2,2
9697,2026-02-08,4,3,2
9698,2026-02-13,11,10,7
9699,2026-02-11,4,1,2
9700,2026-06-23,3,1,2
9701,2026-06-30,5,3,4
9702,2026-02-15,6,2,2
9703,2026-02-19,3,1,2
9704,2026-03-11,4,2,3
9705,2026-03-16,4,2,2
9706,2026-02-15,7,4,2
9707,2026-02-19,1,0,1
9708,2026-03-29,3,0,1
9709,2026-03-27,3,1,2
9710,2026-03-30,4,1,2
9711,2026-04-05,19,7,5
9712,2026-02-17,2,1,2
9713,2026-02-21,5,3,3
9714,2026-04-18,3,1,2
9715,2026-04-25,5,2,2
9716,2026-02-15,7,3,3
9717,2026-02-08,3,2,2
9719,2026-02-10,5,4,3
9720,2026-04-10,3,0,1
9721,2026-04-18,2,0,1
9722,2026-04-30,7,5,5
9723,2026-05-05,3,1,2
9724,2026-02-17,5,4,3
9725,2026-02-21,8,7,4
9726,2026-02-13,4,3,3
9727,2026-03-01,1,0,1
9728,2026-03-05,3,0,1
9729,2026-02-09,1,0,1
9730,2026-03-21,3,2,3
9731,2026-03-28,7,3,3
9734,2026-02-08,1,0,1
9737,2026-02-13,1,0,1
9738,2026-02-16,3,1,2
9739,2026-02-20,4,0,1
9740,2026-02-26,6,4,4
9743,2026-02-14,7,6,4
9744,2026-02-16,5,3,3
9745,2026-02-22,5,4,2
9746,2026-02-20,16,14,6
9747,2026-04-06,2,0,1
9748,2026-04-10,3,0,1
9749,2026-02-20,4,0,1
9750,2026-02-22,1,0,1
9753,2026-03-14,3,0,1
9754,2026-03-18,4,3,3
9757,2026-03-19,7,4,3
9758,2026-03-25,3,0,1
9761,2026-03-22,5,2,2
9762,2026-03-22,5,2,2
9763,2026-02-12,2,1,2
9764,2026-02-16,6,4,3
9765,2026-03-29,4,0,1
9766,2026-04-03,12,6,5
9767,2026-02-10,14,13,7
9768,2026-02-14,8,6,7
9770,2026-02-25,2,1,2
9771,2026-03-02,5,0,1
9772,2026-04-04,4,1,2
9779,2026-03-16,10,7,5
9780,2026-03-22,4,0,1
9781,2026-02-15,16,11,8
9782,2026-02-22,1,0,1
9783,2026-03-24,7,2,3
9784,2026-03-28,6,3,2
9785,2026-02-17,3,2,2
9787,2026-02-09,1,0,1
9788,2026-02-13,2,1,2
9789,2026-02-10,11,10,7
9792,2026-04-25,6,3,3
9793,2026-05-02,2,0,1
9794,2026-03-07,6,3,4
9795,2026-03-15,3,1,2
9797,2026-04-01,3,0,1
9798,2026-03-14,4,3,3
9799,2026-02-22,3,2,2
9800,2026-02-27,19,17,8
9801,2026-02-08,1,0,1
9802,2026-03-19,2,0,1
9803,2026-03-24,5,2,3
9804,2026-03-29,2,0,1
9805,2026-03-31,7,4,5
9806,2026-02-20,7,4,2
9807,2026-02-23,2,1,2
9808,2026-03-07,2,1,2
9809,2026-03-12,2,0,1
9811,2026-04-05,6,1,2
9812,2026-04-11,8,6,5
9813,2026-02-26,3,2,2
9816,2026-02-21,9,8,8
9817,2026-02-25,1,0,1
9818,2026-03-26,5,2,2
9819,2026-03-29,4,0,1
9822,2026-02-09,5,4,5
9823,2026-02-14,7,4,3
9824,2026-04-03,4,1,2
9825,2026-02-21,2,1,2
9826,2026-02-09,1,0,1
9827,2026-02-12,6,5,3
9828,2026-02-17,2,1,2
9829,2026-03-01,3,0,1
9830,2026-03-06,3,0,1
9831,2026-02-14,4,2,2
9832,2026-02-21,2,0,1
9833,2026-02-22,3,2,3
9834,2026-02-22,2,1,2
9835,2026-02-10,2,1,2
9836,2026-02-21,2,0,1
9837,2026-02-13,5,4,4
9838,2026-02-24,4,3,3
9839,2026-03-22,2,0,1
9840,2026-03-28,5,2,2
9841,2026-02-11,5,4,2
9842,2026-02-16,2,0,1
9843,2026-03-22,10,8,4
9844,2026-05-02,7,3,3
9845,2026-05-09,4,2,2
9848,2026-04-03,4,0,1
9849,2026-04-11,2,0,1
9850,2026-02-21,3,2,2
9851,2026-02-25,1,0,1
9852,2026-02-12,8,7,3
9853,2026-02-17,1,0,1
9854,2026-03-01,4,3,4
9855,2026-03-08,7,6,2
9856,2026-03-10,5,1,2
9857,2026-03-19,6,4,3
9858,2026-02-16,5,2,1
9859,2026-02-23,5,2,3
9862,2026-05-06,4,1,2
9863,2026-05-10,4,2,2
9864,2026-02-26,3,1,2
9865,2026-03-05,2,0,1
9868,2026-02-11,5,4,2
9869,2026-02-16,2,0,1
9870,2026-05-28,2,0,1
9871,2026-06-03,3,1,2
9872,2026-02-27,5,3,3
9875,2026-03-02,10,8,5
9876,2026-02-11,7,6,4
9877,2026-03-08,7,2,3
9878,2026-03-14,2,0,1
9879,2026-02-16,2,0,1
9880,2026-02-19,3,2,2
9881,2026-02-11,5,4,2
9882,2026-02-24,1,0,1
9883,2026-03-03,8,6,5
9884,2026-07-08,4,1,2
9885,2026-07-14,5,1,2
9886,2026-04-06,6,4,3
9887,2026-04-12,4,1,2
9888,2026-02-14,2,0,1
9889,2026-02-21,2,0,1
9890,2026-05-09,7,5,4
9891,2026-05-16,2,0,1
9892,2026-02-25,9,8,7
9894,2026-03-02,5,2,2
9895,2026-03-06,3,0,1
9898,2026-02-12,10,9,5
9899,2026-02-15,5,1,2
9900,2026-03-29,5,2,2
9903,2026-02-16,3,1,2
9904,2026-02-20,10,6,5
9906,2026-02-10,3,2,1
9909,2026-03-07,9,5,4
9910,2026-03-11,3,2,3
9911,2026-05-31,3,0,1
9912,2026-06-10,11,8,7
9913,2026-02-10,1,0,1
9914,2026-02-19,1,0,1
9915,2026-02-25,21,19,11
9918,2026-02-19,3,2,2
9919,2026-02-24,4,3,4
9920,2026-04-17,3,1,2
9921,2026-05-01,5,2,2
9922,2026-02-10,12,11,8
9923,2026-02-14,3,1,2
9924,2026-02-21,1,0,1
9925,2026-02-13,1,0,1
9926,2026-02-13,4,3,3
9927,2026-04-12,2,0,1
9928,2026-04-18,2,0,1
9930,2026-02-11,9,8,6
9931,2026-02-16,4,2,2
9932,2026-03-18,6,4,2
9933,2026-03-25,7,3,3
9934,2026-02-12,2,1,2
9935,2026-02-17,3,2,3
9936,2026-02-13,5,4,4
9937,2026-02-12,3,2,3
9938,2026-02-17,7,6,4
9939,2026-02-11,8,7,5
9940,2026-02-15,5,1,2
9943,2026-04-17,1,0,1
9944,2026-04-24,3,2,3
9945,2026-05-05,5,0,1
9946,2026-05-05,6,2,3
9947,2026-03-06,7,1,2
9948,2026-02-13,8,7,3
9949,2026-02-13,2,1,2
9952,2026-02-11,12,9,7
9953,2026-02-17,1,0,1
9954,2026-04-15,3,1,2
9955,2026-02-10,1,0,1
9956,2026-04-06,5,2,3
9957,2026-04-10,3,0,1
9958,2026-02-12,2,1,2
9959,2026-03-28,5,2,2
9960,2026-03-29,4,1,2
9961,2026-04-07,4,1,2
9962,2026-04-13,8,5,5
9965,2026-03-04,7,2,2
9966,2026-03-09,3,0,1
9967,2026-02-21,1,0,1
9968,2026-02-24,5,4,3
9969,2026-02-15,4,0,1
9970,2026-02-19,1,0,1
9971,2026-03-12,3,0,1
9972,2026-03-23,10,5,5
9973,2026-03-27,3,1,2
9975,2026-02-15,4,3,3
9976,2026-02-19,1,0,1
9977,2026-02-17,2,1,2
9978,2026-02-20,21,17,13
9979,2026-04-10,4,2,2
9980,2026-02-11,6,5,3
9981,2026-02-18,4,1,2
9982,2026-02-22,1,0,1
9983,2026-03-04,3,1,2
9984,2026-03-08,2,0,1
9985,2026-03-01,3,2,3
9986,2026-03-04,9,7,4
9987,2026-05-18,3,0,1
9988,2026-05-22,2,0,1
9989,2026-02-10,1,0,1
9990,2026-02-23,3,2,3
9991,2026-02-27,9,6,4
9992,2026-04-19,2,0,1
9993,2026-04-25,9,8,4
9994,2026-02-23,5,3,3
9995,2026-02-28,3,2,2
9996,2026-03-17,2,0,1
9997,2026-03-12,1,0,1
9998,2026-03-24,4,0,1
9999,2026-02-22,1,0,1
10000,2026-03-01,3,1,2
10001,2026-07-02,1,0,1
10002,2026-07-07,2,1,2
10003,2026-02-11,3,0,1
10004,2026-04-12,4,0,1
10005,2026-04-17,1,0,1
10006,2026-02-14,9,8,7
10007,2026-03-06,7,3,3
10008,2026-03-11,1,0,1
10009,2026-02-14,5,4,3
10010,2026-02-20,9,7,4
10011,2026-03-06,5,1,2
10012,2026-03-08,2,1,2
10013,2026-04-11,6,2,2
10014,2026-04-17,3,1,2
10015,2026-03-21,2,0,1
10016,2026-03-29,5,1,2
10017,2026-02-15,9,8,5
10018,2026-02-20,9,7,3
10019,2026-03-04,2,0,1
10020,2026-03-08,4,2,2
10025,2026-02-11,5,4,2
10026,2026-02-18,6,2,2
10027,2026-02-17,9,8,5
10028,2026-02-21,2,1,2
10029,2026-02-14,7,5,4
10030,2026-03-08,3,2,2
10031,2026-03-13,6,3,3
10032,2026-03-04,3,0,1
10036,2026-02-21,3,2,2
10037,2026-02-25,5,4,1
10038,2026-02-18,6,3,3
10039,2026-02-22,1,0,1
10042,2026-02-24,13,11,7
10043,2026-02-26,5,4,4
10044,2026-02-17,1,0,1
10045,2026-02-16,4,2,2
10046,2026-02-22,1,0,1
10047,2026-03-20,4,1,2
10048,2026-03-24,6,1,2
10049,2026-02-19,1,0,1
10050,2026-02-22,11,10,6
10051,2026-02-16,2,1,2
10052,2026-02-20,7,6,3
10053,2026-03-04,5,2,2
10054,2026-03-08,4,2,2
10055,2026-02-12,1,0,1
10056,2026-03-01,2,0,1
10057,2026-03-07,8,5,3
10058,2026-02-25,3,2,2
10059,2026-03-03,4,3,4
10060,2026-03-15,4,2,3
10061,2026-02-20,13,9,5
10062,2026-05-16,6,2,2
10063,2026-05-23,2,0,1
10066,2026-03-04,2,0,1
10067,2026-03-11,4,1,2
10070,2026-05-31,4,0,1
10071,2026-06-07,5,4,2
10072,2026-02-25,1,0,1
10073,2026-03-01,2,1,2
10074,2026-03-11,11,9,6
10075,2026-03-18,5,2,2
10076,2026-02-22,5,4,4
10077,2026-02-28,8,7,5
10078,2026-03-07,3,2,2
10079,2026-02-12,4,3,4
10080,2026-07-04,7,4,2
10081,2026-07-05,4,2,2
10082,2026-07-10,3,1,2
10083,2026-03-09,2,1,2
10084,2026-03-15,1,0,1
10085,2026-02-25,1,0,1
10086,2026-02-17,1,0,1
10087,2026-02-21,4,3,2
10088,2026-02-11,1,0,1
10089,2026-02-18,8,6,5
10090,2026-02-22,16,14,8
10091,2026-03-02,5,2,2
10092,2026-02-16,4,2,1
10093,2026-02-22,1,0,1
10094,2026-03-25,3,0,1
10095,2026-03-29,6,3,3
10096,2026-03-21,4,2,2
10097,2026-03-26,4,1,2
10098,2026-03-13,5,2,2
10099,2026-03-16,1,0,1
10100,2026-03-02,2,0,1
10101,2026-03-06,4,1,2
10103,2026-03-08,2,0,1
10104,2026-03-13,4,2,3
10108,2026-03-01,6,3,4
10109,2026-04-26,3,0,1
10110,2026-05-02,5,0,1
10111,2026-04-05,6,3,3
10112,2026-04-20,3,1,2
10113,2026-04-26,5,3,3
10114,2026-04-23,8,4,4
10115,2026-04-26,6,3,3
10116,2026-02-12,1,0,1
10117,2026-02-19,8,7,5
10118,2026-02-13,1,0,1
10119,2026-02-18,8,5,4
10120,2026-03-05,3,1,2
10121,2026-02-27,5,4,4
10122,2026-03-02,2,0,1
10123,2026-02-13,1,0,1
10124,2026-02-13,1,0,1
10125,2026-02-17,2,1,2
10128,2026-02-17,1,0,1
10129,2026-02-17,4,3,2
10130,2026-04-19,6,4,3
10131,2026-04-24,4,2,3
10132,2026-03-08,10,6,4
10133,2026-03-14,2,0,1
10134,2026-02-20,4,0,1
10135,2026-03-01,2,1,2
10136,2026-02-25,5,4,3
10137,2026-03-01,5,4,2
10138,2026-02-25,4,2,2
10139,2026-02-25,1,0,1
10140,2026-02-22,3,2,2
10141,2026-03-01,7,6,2
10142,2026-03-08,4,1,2
10143,2026-02-21,7,5,3
10145,2026-03-09,6,0,1
10146,2026-03-22,3,0,1
10147,2026-03-28,4,1,2
10148,2026-02-19,3,2,2
10149,2026-02-27,5,4,3
10150,2026-03-01,4,3,2
10151,2026-02-23,7,5,3
10154,2026-04-18,2,0,1
10155,2026-04-25,3,1,2
10156,2026-03-02,6,2,2
10157,2026-03-07,10,7,4
10158,2026-02-28,3,2,2
10159,2026-03-03,6,5,6
10160,2026-03-02,13,10,5
10161,2026-04-10,3,0,1
10162,2026-04-22,5,2,3
10163,2026-02-22,8,7,6
10164,2026-02-23,5,4,4
10165,2026-03-22,5,3,2
10166,2026-03-26,3,0,1
10168,2026-02-14,4,3,4
10169,2026-03-29,7,2,2
10170,2026-02-14,3,1,2
10171,2026-02-20,13,11,5
10174,2026-05-16,4,0,1
10175,2026-05-19,4,1,2
10176,2026-03-24,3,0,1
10177,2026-03-27,5,2,3
10178,2026-03-21,4,0,1
10179,2026-03-28,7,3,3
10180,2026-02-14,1,0,1
10181,2026-02-16,6,5,3
10182,2026-03-15,7,6,4
10183,2026-03-21,4,2,2
10187,2026-02-13,1,0,1
10188,2026-02-18,7,3,3
10189,2026-03-09,4,2,2
10190,2026-03-14,6,3,3
10191,2026-02-13,1,0,1
10192,2026-02-17,7,6,5
10193,2026-02-21,1,0,1
10194,2026-02-18,3,2,2
10195,2026-02-25,1,0,1
10196,2026-03-29,3,1,2
10197,2026-03-14,8,4,3
10198,2026-03-21,3,2,2
10199,2026-03-01,3,1,2
10200,2026-03-07,2,0,1
10201,2026-02-24,1,0,1
10202,2026-03-01,4,3,4
10203,2026-02-13,3,2,2
10204,2026-02-17,2,1,2
10205,2026-02-28,7,6,4
10206,2026-03-02,4,2,3
10207,2026-03-10,2,0,1
10208,2026-02-13,1,0,1
10209,2026-02-16,2,0,1
10210,2026-02-19,1,0,1
10211,2026-02-26,3,1,2
10212,2026-02-20,3,2,2
10213,2026-02-23,7,6,4
10215,2026-04-06,3,1,2
10216,2026-04-11,4,2,2
10217,2026-02-14,4,2,2
10218,2026-02-21,3,2,2
10219,2026-03-25,5,2,2
10220,2026-03-29,3,0,1
10222,2026-05-16,3,2,3
10225,2026-02-19,3,1,2
10226,2026-02-22,8,6,3
10229,2026-02-14,2,0,1
10230,2026-02-22,1,0,1
10231,2026-03-09,9,2,3
10232,2026-02-14,2,0,1
10233,2026-03-19,5,2,2
10236,2026-02-27,6,4,4
10237,2026-03-02,3,1,2
10240,2026-03-12,3,1,2
10241,2026-03-16,2,0,1
10242,2026-03-23,5,0,1
10243,2026-04-02,3,0,1
10244,2026-02-20,8,4,2
10245,2026-02-25,1,0,1
10246,2026-03-20,3,0,1
10247,2026-03-24,4,1,2
10248,2026-02-23,4,3,2
10249,2026-02-28,1,0,1
10252,2026-02-16,6,3,2
10253,2026-02-22,1,0,1
10254,2026-02-19,6,5,3
10255,2026-02-23,4,1,2
10256,2026-02-28,1,0,1
10257,2026-03-07,8,3,3
10258,2026-02-13,5,4,5
10259,2026-03-28,12,9,6
10260,2026-04-04,3,0,1
10261,2026-02-16,2,0,1
10262,2026-02-21,7,6,7
10263,2026-04-25,4,2,3
10264,2026-05-02,4,2,2
10267,2026-02-21,9,7,6
10268,2026-02-24,1,0,1
10269,2026-04-12,8,6,4
10270,2026-04-17,4,2,2
10271,2026-03-28,8,5,4
10272,2026-04-02,3,0,1
10273,2026-06-13,5,3,4
10274,2026-06-19,15,9,7
10275,2026-02-13,6,5,6
10282,2026-03-11,4,1,2
10283,2026-03-15,3,0,1
10284,2026-04-02,4,1,2
10285,2026-03-20,6,2,2
10286,2026-03-23,6,1,2
10287,2026-02-18,7,5,3
10288,2026-03-27,6,3,3
10289,2026-03-11,3,2,2
10290,2026-03-14,1,0,1
10291,2026-03-21,3,2,1
10292,2026-03-29,5,3,3
10295,2026-03-18,3,1,2
10296,2026-03-22,3,0,1
10297,2026-03-21,1,0,1
10298,2026-03-29,8,5,4
10300,2026-02-22,10,8,8
10301,2026-02-28,4,3,2
10302,2026-02-21,1,0,1
10303,2026-02-26,2,1,2
10304,2026-02-21,3,2,2
10305,2026-02-23,5,3,2
10308,2026-02-15,9,7,6
10309,2026-02-21,2,0,1
10310,2026-02-25,1,0,1
10311,2026-03-04,3,1,2
10312,2026-03-24,8,5,4
10313,2026-02-21,10,9,5
10314,2026-02-18,12,9,6
10315,2026-06-09,13,6,5
10316,2026-06-16,24,16,5
10317,2026-03-13,3,1,2
10318,2026-03-20,3,1,2
10319,2026-03-04,6,2,2
10320,2026-03-08,2,0,1
10321,2026-03-01,9,6,4
10322,2026-03-08,21,19,8
10323,2026-02-23,6,5,4
10324,2026-04-18,4,2,2
10325,2026-04-24,4,2,3
10326,2026-06-07,5,1,2
10327,2026-06-11,10,7,5
10328,2026-05-15,15,11,8
10330,2026-06-12,6,1,2
10331,2026-02-15,8,7,7
10332,2026-02-20,6,2,2
10334,2026-02-15,4,2,3
10335,2026-02-22,1,0,1
10336,2026-02-28,3,2,2
10341,2026-05-19,4,1,2
10342,2026-05-25,5,1,2
10343,2026-03-05,11,10,7
10344,2026-03-09,5,1,2
10345,2026-02-16,1,0,1
10346,2026-02-26,4,3,4
10347,2026-03-02,5,3,2
10348,2026-02-28,1,0,1
10349,2026-03-05,4,2,2
10350,2026-03-21,1,0,1
10351,2026-03-26,3,0,1
10354,2026-02-20,8,4,1
10355,2026-02-20,5,2,2
10356,2026-05-05,3,0,1
10357,2026-05-08,2,0,1
10358,2026-02-21,11,10,6
10359,2026-02-28,3,2,2
10361,2026-05-07,9,4,2
10362,2026-05-14,6,4,5
10363,2026-03-15,1,0,1
10364,2026-03-21,12,11,6
10365,2026-02-27,6,2,2
10366,2026-03-07,10,8,6
10367,2026-03-10,8,2,1
10369,2026-03-15,3,1,2
10372,2026-02-15,1,0,1
10373,2026-02-15,6,5,6
10376,2026-03-02,4,0,1
10379,2026-02-15,4,3,4
10380,2026-02-19,2,1,2
10381,2026-02-22,5,4,1
10382,2026-06-13,7,4,4
10383,2026-06-20,9,6,4
10384,2026-02-22,1,0,1
10385,2026-02-26,4,3,4
10386,2026-02-17,1,0,1
10387,2026-02-22,4,3,3
10388,2026-03-25,6,2,2
10389,2026-03-28,4,0,1
10390,2026-02-15,1,0,1
10391,2026-02-20,8,7,5
10392,2026-02-24,6,5,5
10394,2026-03-04,5,2,3
10395,2026-03-08,4,3,4
10396,2026-03-04,3,1,2
10397,2026-03-08,4,0,1
10398,2026-03-23,10,6,4
10399,2026-03-27,5,2,3
10400,2026-02-24,1,0,1
10401,2026-03-06,6,2,2
10402,2026-02-16,1,0,1
10403,2026-02-21,2,1,2
10404,2026-03-04,7,2,2
10405,2026-03-08,9,5,5
10406,2026-03-15,7,6,6
10407,2026-03-06,4,0,1
10410,2026-02-19,3,2,2
10411,2026-02-22,3,2,2
10412,2026-03-28,17,13,8
10417,2026-02-22,3,1,2
10418,2026-02-28,1,0,1
10419,2026-02-22,2,1,2
10420,2026-02-28,1,0,1
10427,2026-03-07,2,0,1
10428,2026-03-14,5,2,1
10429,2026-02-24,5,4,5
10430,2026-03-03,2,0,1
10431,2026-04-26,3,1,2
10432,2026-04-30,9,5,3
10433,2026-02-20,15,11,7
10434,2026-03-07,4,2,2
10435,2026-03-13,2,0,1
10438,2026-02-17,1,0,1
10439,2026-03-30,7,4,2
10440,2026-04-05,4,1,2
10441,2026-02-16,1,0,1
10442,2026-02-24,7,6,4
10443,2026-02-19,3,2,2
10444,2026-02-24,1,0,1
10445,2026-03-18,7,6,4
10446,2026-03-24,7,4,3
10447,2026-07-27,6,4,3
10448,2026-07-31,5,3,3
10449,2026-05-18,4,0,1
10450,2026-05-22,5,2,2
10451,2026-02-16,5,4,2
10452,2026-02-17,5,4,3
10453,2026-02-20,11,8,5
10458,2026-05-01,9,7,6
10459,2026-03-04,3,1,2
10460,2026-03-21,3,2,2
10461,2026-03-25,3,0,1
10464,2026-03-17,2,0,1
10465,2026-03-21,3,1,2
10466,2026-02-19,4,3,3
10467,2026-03-11,1,0,1
10468,2026-04-15,4,2,2
10469,2026-04-19,2,0,1
10470,2026-04-11,3,1,2
10472,2026-03-07,2,0,1
10473,2026-03-15,3,2,2
10474,2026-04-01,4,1,2
10475,2026-04-08,3,0,1
10476,2026-03-23,6,3,4
10477,2026-03-28,7,4,2
10478,2026-04-01,4,1,2
10479,2026-04-04,3,1,2
10480,2026-03-09,9,3,3
10481,2026-03-14,9,7,5
10482,2026-03-04,3,1,2
10483,2026-03-07,6,4,3
10486,2026-02-16,1,0,1
10487,2026-02-22,3,2,2
10488,2026-02-26,3,1,2
10489,2026-04-28,11,9,5
10490,2026-05-04,2,0,1
10493,2026-04-09,4,0,1
10494,2026-02-18,5,3,3
10495,2026-02-22,2,1,2
10496,2026-04-17,2,0,1
10497,2026-04-04,4,1,2
10500,2026-04-16,3,1,2
10501,2026-04-26,4,1,2
10502,2026-02-28,1,0,1
10503,2026-03-07,3,0,1
10504,2026-02-19,6,4,4
10505,2026-02-26,5,4,3
10508,2026-02-28,5,4,2
10509,2026-03-07,2,0,1
10510,2026-03-19,3,1,2
10512,2026-03-02,12,8,6
10513,2026-03-09,5,1,2
10514,2026-02-17,3,2,2
10515,2026-02-22,1,0,1
10516,2026-03-01,9,8,6
10517,2026-03-07,3,0,1
10518,2026-02-20,9,6,4
10519,2026-02-27,3,1,2
10520,2026-04-24,9,7,3
10521,2026-02-25,7,5,3
10522,2026-03-01,2,1,2
10523,2026-05-15,2,1,2
10524,2026-02-19,2,1,2
10525,2026-02-19,1,0,1
10526,2026-02-22,5,4,4
10527,2026-02-27,3,2,3
10528,2026-03-02,7,4,2
10529,2026-03-01,2,1,2
10530,2026-02-22,2,1,2
10531,2026-07-07,12,9,7
10532,2026-07-10,7,2,2
10533,2026-04-26,7,5,4
10534,2026-05-02,4,3,4
10536,2026-02-16,1,0,1
10537,2026-02-17,4,3,2
10538,2026-05-21,9,2,2
10539,2026-05-27,6,2,3
10540,2026-03-02,6,3,3
10541,2026-03-06,4,2,3
10542,2026-02-17,3,2,3
10545,2026-04-02,5,2,2
10546,2026-03-01,5,4,3
10547,2026-03-05,5,1,2
10548,2026-03-06,9,7,8
10549,2026-03-16,7,1,2
10550,2026-02-24,1,0,1
10551,2026-02-21,5,4,3
10555,2026-02-27,3,1,2
10556,2026-04-01,6,4,4
10557,2026-04-07,7,3,3
10558,2026-02-20,13,9,7
10559,2026-02-25,3,2,1
10562,2026-05-04,2,0,1
10563,2026-05-09,3,0,1
10564,2026-02-18,5,2,2
10565,2026-02-22,3,2,2
10566,2026-03-25,4,2,2
10567,2026-03-29,6,2,3
10570,2026-03-26,3,0,1
10571,2026-04-04,4,1,2
10572,2026-03-27,3,0,1
10573,2026-04-04,4,0,1
10574,2026-02-17,1,0,1
10575,2026-03-10,5,1,2
10576,2026-03-15,5,4,3
10577,2026-03-12,3,0,1
10578,2026-03-18,3,2,2
10579,2026-03-13,4,1,2
10581,2026-05-17,3,1,2
10582,2026-05-23,4,3,3
10583,2026-02-16,2,1,1
10584,2026-04-12,2,0,1
10585,2026-04-19,7,5,2
10586,2026-04-22,5,2,3
10587,2026-02-26,1,0,1
10588,2026-03-03,2,1,2
10589,2026-02-25,3,2,2
10590,2026-04-17,2,0,1
10591,2026-04-20,5,3,4
10594,2026-02-20,8,7,5
10595,2026-02-23,5,4,4
10596,2026-03-30,8,5,4
10597,2026-04-04,4,1,2
10598,2026-03-04,2,0,1
10599,2026-02-20,5,4,3
10600,2026-02-23,5,3,4
10601,2026-05-15,2,1,2
10602,2026-05-23,2,0,1
10603,2026-02-27,7,6,4
10604,2026-02-28,1,0,1
10605,2026-03-02,3,0,1
10606,2026-03-06,12,10,8
10607,2026-02-24,1,0,1
10608,2026-02-26,2,0,1
10609,2026-02-19,3,2,2
10610,2026-02-23,10,9,3
10615,2026-03-21,1,0,1
10616,2026-03-27,6,4,3
10617,2026-02-21,3,2,2
10618,2026-03-01,9,8,3
10620,2026-02-19,3,2,2
10621,2026-02-23,6,4,4
10623,2026-04-19,3,1,2
10624,2026-04-23,5,3,3
10625,2026-05-09,5,2,2
10626,2026-05-16,2,0,1
10627,2026-02-28,1,0,1
10628,2026-02-19,3,2,2
10629,2026-02-27,2,1,2
10630,2026-03-15,7,6,5
10631,2026-02-18,5,3,3
10632,2026-03-08,4,2,2
10633,2026-05-12,2,0,1
10634,2026-05-17,2,0,1
10636,2026-03-06,5,3,2
10637,2026-03-11,13,10,5
10640,2026-05-22,5,2,2
10641,2026-05-27,7,2,2
10642,2026-02-27,5,3,4
10643,2026-03-04,3,1,2
10644,2026-02-27,6,5,2
10645,2026-03-05,9,7,7
10646,2026-02-22,3,2,2
10647,2026-02-28,1,0,1
10650,2026-02-22,1,0,1
10651,2026-02-21,1,0,1
10652,2026-02-25,4,2,1
10653,2026-02-19,5,4,3
10654,2026-02-22,2,1,2
10655,2026-02-22,1,0,1
10656,2026-02-28,1,0,1
10659,2026-04-09,4,1,2
10660,2026-04-13,5,3,3
10661,2026-05-04,4,0,1
10662,2026-05-10,4,2,2
10663,2026-02-21,2,1,2
10664,2026-04-08,3,0,1
10665,2026-04-16,5,4,4
10668,2026-05-23,2,0,1
10669,2026-05-28,3,0,1
10670,2026-02-17,1,0,1
10671,2026-06-21,7,5,4
10672,2026-06-28,1,0,1
10675,2026-03-08,5,4,2
10676,2026-02-21,18,17,11
10677,2026-03-11,3,2,3
10678,2026-03-15,3,2,2
10681,2026-03-23,7,4,4
10682,2026-03-28,4,1,2
10683,2026-08-01,4,2,2
10684,2026-08-09,2,0,1
10687,2026-03-11,5,3,3
10688,2026-03-15,3,2,2
10689,2026-03-18,10,7,6
10690,2026-05-08,4,2,1
10691,2026-05-10,5,3,3
10692,2026-03-14,9,6,3
10693,2026-03-21,1,0,1
10694,2026-07-06,5,3,3
10695,2026-07-12,2,0,1
10696,2026-04-02,9,3,3
10697,2026-04-06,3,1,2
10698,2026-04-19,2,0,1
10699,2026-04-24,6,4,3
10702,2026-02-18,3,2,2
10703,2026-03-20,4,2,2
10704,2026-04-23,5,3,3
10705,2026-02-20,3,2,2
10706,2026-02-23,4,0,1
10707,2026-03-09,4,2,2
10708,2026-03-01,4,3,3
10709,2026-03-07,4,2,2
10710,2026-02-23,10,9,6
10711,2026-02-28,10,9,4
10714,2026-03-04,7,2,2
10715,2026-03-09,6,1,2
10716,2026-03-16,2,0,1
10717,2026-03-02,4,0,1
10718,2026-03-05,8,5,5
10719,2026-04-22,3,1,2
10720,2026-04-29,2,0,1
10721,2026-03-22,9,7,5
10722,2026-03-28,3,0,1
10723,2026-03-01,2,0,1
10724,2026-03-08,7,5,5
10727,2026-03-08,10,7,3
10728,2026-03-12,3,1,2
10729,2026-03-08,1,0,1
10731,2026-03-17,2,0,1
10732,2026-03-20,3,0,1
10733,2026-03-03,8,7,3
10734,2026-03-07,3,1,2
10735,2026-03-25,13,6,3
10736,2026-03-31,7,4,4
10737,2026-02-21,5,4,1
10738,2026-02-25,1,0,1
10739,2026-02-22,2,1,2
10740,2026-02-26,2,0,1
10741,2026-03-02,5,2,2
10742,2026-07-18,3,0,1
10743,2026-08-01,3,1,2
10746,2026-04-27,3,0,1
10747,2026-05-02,6,2,3
10748,2026-03-14,7,0,1
10749,2026-03-17,3,0,1
10750,2026-03-21,3,1,2
10752,2026-02-19,1,0,1
10753,2026-02-23,6,4,2
10754,2026-02-19,2,1,2
10756,2026-02-22,3,2,2
10757,2026-02-28,1,0,1
10758,2026-02-18,1,0,1
10759,2026-02-21,3,2,2
10760,2026-03-13,3,0,1
10761,2026-03-21,1,0,1
10762,2026-02-21,3,2,2
10763,2026-02-20,12,10,5
10764,2026-02-24,1,0,1
10765,2026-03-02,8,5,3
10766,2026-02-24,5,4,4
10767,2026-02-20,8,5,2
10769,2026-02-21,7,6,4
10770,2026-02-27,7,6,5
10771,2026-04-22,3,1,2
10772,2026-04-29,3,1,2
10773,2026-03-11,2,1,2
10774,2026-03-15,1,0,1
10779,2026-03-23,7,4,4
10780,2026-02-20,1,0,1
10782,2026-03-21,1,0,1
10783,2026-03-06,11,6,5
10784,2026-03-09,13,3,2
10785,2026-03-12,6,4,3
10786,2026-03-19,2,0,1
10787,2026-05-30,4,1,2
10788,2026-06-06,10,7,7
10789,2026-03-07,4,2,2
10790,2026-03-14,2,0,1
10791,2026-04-20,2,1,2
10792,2026-04-24,3,1,2
10793,2026-04-17,2,0,1
10794,2026-04-24,3,1,2
10797,2026-03-25,6,2,2
10798,2026-03-29,6,2,3
10799,2026-05-10,4,2,2
10800,2026-08-18,7,0,1
10802,2026-03-03,2,0,1
10803,2026-03-10,2,0,1
10806,2026-02-22,1,0,1
10807,2026-02-27,4,1,2
10808,2026-02-21,1,0,1
10810,2026-07-25,5,2,2
10811,2026-08-01,5,2,3
10815,2026-02-28,6,4,3
10816,2026-03-03,4,3,3
10817,2026-02-18,2,0,1
10818,2026-02-25,16,14,8
10825,2026-02-26,3,2,2
10826,2026-03-02,10,8,6
10829,2026-03-14,1,0,1
10830,2026-03-22,6,4,3
10831,2026-03-28,2,1,1
10833,2026-05-30,8,5,3
10834,2026-06-07,3,0,1
10835,2026-08-12,17,4,4
10838,2026-03-18,3,2,2
10839,2026-03-22,5,2,1
10840,2026-02-26,6,5,3
10841,2026-02-22,1,0,1
10842,2026-02-22,3,2,2
10843,2026-03-27,3,1,2
10844,2026-03-28,9,0,1
10845,2026-04-04,2,0,1
10846,2026-02-28,9,6,3
10847,2026-03-07,2,0,1
10848,2026-02-21,1,0,1
10849,2026-03-02,10,7,4
10850,2026-04-18,1,0,1
10851,2026-04-22,3,1,2
10852,2026-04-30,5,2,3
10853,2026-05-06,4,1,2
10854,2026-02-22,4,2,2
10855,2026-03-01,11,8,6
10856,2026-05-17,7,5,3
10857,2026-05-23,5,2,2
10860,2026-04-20,2,1,2
10861,2026-04-28,6,5,3
10862,2026-02-23,4,2,2
10863,2026-03-01,1,0,1
10866,2026-02-23,7,6,4
10867,2026-02-22,4,3,3
10868,2026-02-27,7,5,4
10869,2026-05-09,5,3,3
10870,2026-05-15,6,3,4
10872,2026-04-08,3,0,1
10874,2026-04-04,13,7,5
10875,2026-03-20,5,2,2
10876,2026-03-24,6,3,4
10877,2026-04-12,2,0,1
10878,2026-04-17,4,2,2
10879,2026-06-08,10,8,5
10880,2026-06-12,1,0,1
10883,2026-03-18,1,0,1
10884,2026-04-09,4,0,1
10885,2026-04-16,4,0,1
10888,2026-04-11,2,0,1
10889,2026-04-18,3,0,1
10890,2026-03-06,3,1,2
10892,2026-03-08,14,13,9
10893,2026-03-19,5,4,3
10894,2026-03-23,6,0,1
10897,2026-04-19,2,0,1
10898,2026-04-25,3,1,2
10901,2026-03-11,11,7,4
10902,2026-03-15,2,0,1
10903,2026-04-18,6,4,3
10904,2026-04-25,6,4,4
10905,2026-05-02,8,5,3
10906,2026-05-08,2,0,1
10907,2026-02-20,12,10,5
10908,2026-02-22,4,3,2
10909,2026-03-23,4,1,2
10910,2026-03-27,4,2,3
10911,2026-02-19,3,2,3
10913,2026-02-19,2,1,2
10914,2026-03-19,10,6,5
10915,2026-04-17,5,3,2
10916,2026-04-20,6,3,3
10917,2026-05-02,2,0,1
10918,2026-05-09,3,2,2
10919,2026-02-20,2,0,1
10920,2026-02-26,2,1,2
10921,2026-04-26,4,1,2
10922,2026-05-02,1,0,1
10923,2026-03-08,6,4,3
10924,2026-03-12,2,0,1
10926,2026-03-12,4,3,3
10927,2026-03-17,3,0,1
10928,2026-03-02,1,0,1
10929,2026-03-09,4,0,1
10930,2026-03-12,8,5,4
10931,2026-02-26,3,2,1
10933,2026-03-01,6,4,2
10934,2026-03-08,16,14,11
10935,2026-04-04,7,2,2
10936,2026-04-12,2,0,1
10937,2026-02-23,6,5,4
10938,2026-03-07,8,5,3
10939,2026-03-27,3,1,2
10940,2026-03-14,2,0,1
10941,2026-03-20,2,0,1
10942,2026-03-15,1,0,1
10943,2026-03-22,3,0,1
10944,2026-03-24,4,0,1
10945,2026-03-30,4,1,2
10946,2026-03-07,3,0,1
10947,2026-03-14,10,8,3
10948,2026-03-25,5,1,2
10949,2026-03-30,4,1,2
10950,2026-02-22,1,0,1
10951,2026-02-22,2,1,2
10952,2026-03-03,6,4,4
10953,2026-03-07,5,1,2
10954,2026-03-12,7,4,4
10955,2026-03-01,2,0,1
10956,2026-03-08,8,6,4
10957,2026-03-29,3,0,1
10958,2026-04-05,6,2,2
10959,2026-03-25,3,0,1
10960,2026-04-10,4,0,1
10961,2026-03-16,8,5,4
10962,2026-05-29,9,3,2
10963,2026-06-07,4,0,1
10966,2026-02-24,3,2,1
10967,2026-03-29,4,1,2
10968,2026-04-24,5,3,3
10969,2026-05-01,10,7,3
10970,2026-04-14,6,4,3
10971,2026-04-21,6,4,4
10972,2026-03-08,3,2,2
10973,2026-03-11,6,4,4
10974,2026-02-20,1,0,1
10975,2026-02-23,4,3,3
10976,2026-03-29,3,0,1
10977,2026-04-04,12,5,3
10978,2026-03-22,7,4,3
10980,2026-04-06,2,0,1
10981,2026-04-11,2,0,1
10982,2026-03-20,1,0,1
10983,2026-03-15,2,0,1
10984,2026-03-13,4,2,2
10987,2026-02-20,2,0,1
10988,2026-02-26,3,2,2
10989,2026-03-21,2,1,2
10990,2026-03-27,2,0,1
10991,2026-03-05,6,2,2
10992,2026-03-09,7,1,2
10993,2026-03-21,2,0,1
10994,2026-03-06,9,6,5
10995,2026-03-09,5,1,2
10996,2026-02-26,2,1,2
10997,2026-03-19,4,2,2
10998,2026-03-21,5,3,3
11000,2026-04-06,8,4,4
11001,2026-04-13,5,3,3
11002,2026-02-25,1,0,1
11003,2026-02-28,6,5,4
11006,2026-04-29,4,2,2
11007,2026-05-03,4,2,3
11008,2026-02-26,3,2,2
11010,2026-02-22,3,2,2
11011,2026-03-18,3,2,2
11012,2026-03-21,4,2,2
11013,2026-03-28,3,2,2
11014,2026-03-21,2,0,1
11015,2026-03-29,3,0,1
11016,2026-02-22,1,0,1
11017,2026-02-28,5,4,3
11018,2026-02-24,4,3,3
11019,2026-02-28,5,4,2
11020,2026-04-21,5,3,2
11021,2026-04-27,7,3,3
11022,2026-03-26,3,0,1
11023,2026-03-30,4,1,2
11024,2026-03-01,3,2,2
11025,2026-03-07,2,0,1
11027,2026-02-21,2,1,2
11028,2026-03-01,3,2,2
11029,2026-02-21,1,0,1
11030,2026-02-28,1,0,1
11031,2026-02-28,6,4,4
11032,2026-02-22,3,2,2
11033,2026-03-01,15,14,4
11034,2026-04-01,5,2,3
11035,2026-04-18,3,0,1
11036,2026-04-10,9,3,3
11037,2026-04-10,7,2,2
11038,2026-04-18,3,0,1
11039,2026-03-06,5,1,2
11040,2026-03-12,3,0,1
11041,2026-04-23,3,1,2
11042,2026-03-21,7,4,3
11043,2026-03-27,5,3,3
11044,2026-02-22,1,0,1
11045,2026-03-12,8,5,4
11046,2026-03-16,3,0,1
11047,2026-04-26,3,1,2
11048,2026-05-01,6,3,3
11049,2026-02-25,1,0,1
11050,2026-03-02,6,2,3
11051,2026-05-04,4,2,2
11052,2026-05-08,4,2,2
11053,2026-03-01,4,3,2
11054,2026-03-08,4,2,2
11057,2026-02-22,4,3,2
11058,2026-02-28,1,0,1
11059,2026-05-23,7,5,4
11060,2026-05-28,7,3,4
11063,2026-05-02,3,2,2
11064,2026-05-06,3,0,1
11065,2026-04-13,6,4,4
11066,2026-04-17,3,1,2
11067,2026-03-20,8,4,3
11068,2026-03-28,3,0,1
11069,2026-02-24,5,4,3
11070,2026-03-02,5,2,2
11071,2026-03-08,2,0,1
11076,2026-03-12,1,0,1
11077,2026-03-16,5,1,2
11078,2026-04-07,4,1,2
11079,2026-04-11,2,0,1
11080,2026-02-25,3,2,3
11081,2026-03-03,3,2,3
11082,2026-02-22,8,6,4
11083,2026-02-27,4,1,2
11084,2026-03-19,18,12,6
11085,2026-03-23,11,8,4
11088,2026-04-21,6,4,3
11089,2026-04-26,6,4,4
11090,2026-02-26,1,0,1
11091,2026-03-03,4,2,3
11094,2026-02-27,5,3,3
11095,2026-03-08,3,1,2
11098,2026-03-07,5,0,1
11099,2026-03-12,4,2,2
11100,2026-02-21,1,0,1
11101,2026-02-26,2,0,1
11102,2026-02-28,12,11,8
11103,2026-03-01,4,3,3
11104,2026-03-07,3,2,2
11105,2026-02-22,1,0,1
11106,2026-02-22,2,1,2
11107,2026-02-23,6,4,4
11108,2026-02-28,1,0,1
11109,2026-03-07,6,3,3
11110,2026-04-15,3,1,2
11111,2026-04-23,4,2,3
11114,2026-03-01,2,1,2
11115,2026-03-07,4,1,2
11116,2026-02-22,2,1,2
11117,2026-02-26,3,1,2
11120,2026-02-22,1,0,1
11121,2026-02-24,1,0,1
11122,2026-08-14,15,5,4
11123,2026-03-08,2,0,1
11124,2026-03-05,2,0,1
11125,2026-03-12,2,0,1
11126,2026-03-17,3,1,2
11127,2026-04-25,7,5,3
11128,2026-05-01,3,1,2
11129,2026-02-24,3,2,3
11130,2026-03-02,8,7,6
11131,2026-03-08,7,5,4
11132,2026-03-07,4,2,2
11133,2026-03-11,9,8,6
11136,2026-02-22,1,0,1
11137,2026-02-28,7,6,3
11138,2026-02-22,3,2,3
11139,2026-02-28,1,0,1
11140,2026-03-06,4,2,2
11143,2026-03-06,4,1,2
11144,2026-03-10,7,3,3
11145,2026-04-03,3,0,1
11146,2026-04-09,3,0,1
11147,2026-02-22,3,2,2
11150,2026-03-02,3,0,1
11151,2026-02-21,1,0,1
11152,2026-03-08,4,3,2
11153,2026-03-12,2,0,1
11154,2026-03-08,7,4,4
11155,2026-03-05,3,1,2
11156,2026-03-08,2,0,1
11157,2026-03-06,8,6,4
11158,2026-03-11,4,2,2
11159,2026-02-26,5,4,5
11160,2026-03-01,4,3,3
11161,2026-02-27,7,5,4
11164,2026-03-14,4,0,1
11166,2026-04-10,3,0,1
11167,2026-04-17,5,3,2
11168,2026-04-08,9,5,4
11169,2026-03-21,6,2,2
11170,2026-03-27,4,0,1
11171,2026-02-28,3,2,2
11172,2026-03-05,3,1,2
11173,2026-03-09,3,0,1
11174,2026-02-27,8,7,4
11175,2026-03-28,7,4,2
11176,2026-04-04,8,4,2
11177,2026-02-22,1,0,1
11178,2026-02-28,7,6,4
11179,2026-05-30,12,8,7
11180,2026-05-30,8,4,4
11181,2026-02-22,3,2,1
11182,2026-02-26,1,0,1
11183,2026-03-07,2,0,1
11184,2026-04-01,5,2,1
11185,2026-03-15,1,0,1
11193,2026-03-08,1,0,1
11194,2026-03-12,6,4,4
11195,2026-06-09,16,13,6
11196,2026-06-16,8,6,4
11197,2026-06-06,5,3,3
11198,2026-06-13,6,2,3
11199,2026-02-24,1,0,1
11200,2026-03-02,8,6,6
11201,2026-05-26,3,0,1
11202,2026-06-04,15,11,6
11203,2026-02-25,1,0,1
11204,2026-03-01,3,2,2
11205,2026-05-03,3,2,2
11206,2026-05-09,3,0,1
11207,2026-04-01,3,0,1
11208,2026-04-05,6,2,3
11209,2026-04-19,1,0,1
11210,2026-04-27,5,3,3
11213,2026-02-25,4,3,3
11214,2026-03-01,3,2,3
11215,2026-02-22,5,4,4
11218,2026-04-22,5,3,2
11219,2026-04-26,6,4,3
11220,2026-04-23,6,4,3
11221,2026-04-23,9,6,5
11222,2026-03-06,5,2,2
11223,2026-03-08,4,2,2
11224,2026-03-07,4,2,2
11225,2026-04-19,2,0,1
11226,2026-04-25,4,2,3
11227,2026-03-10,3,0,1
11228,2026-03-14,3,2,3
11229,2026-03-08,2,0,1
11230,2026-04-12,2,0,1
11231,2026-04-06,6,3,2
11232,2026-04-10,4,1,2
11233,2026-04-17,3,1,2
11234,2026-04-10,7,2,3
11235,2026-02-23,5,4,3
11236,2026-02-26,5,4,4
11237,2026-05-02,2,1,2
11240,2026-05-25,5,2,2
11241,2026-05-31,3,2,2
11242,2026-04-27,7,5,4
11243,2026-05-03,11,6,4
11244,2026-06-18,8,5,3
11245,2026-02-25,8,7,3
11246,2026-03-03,4,3,3
11247,2026-02-22,2,0,1
11252,2026-04-04,4,1,2
11253,2026-04-09,3,0,1
11256,2026-03-15,2,1,2
11257,2026-03-21,3,0,1
11258,2026-04-23,4,2,3
11259,2026-04-26,3,1,2
11260,2026-04-06,5,2,2
11261,2026-04-12,2,0,1
11262,2026-02-28,5,4,4
11263,2026-03-01,2,1,2
11266,2026-02-24,3,2,2
11267,2026-03-30,11,2,2
11268,2026-04-12,2,0,1
11269,2026-03-05,8,5,4
11270,2026-03-09,6,2,3
11273,2026-02-25,1,0,1
11274,2026-04-03,16,9,4
11275,2026-04-06,4,2,1
11276,2026-03-02,4,2,2
11277,2026-04-18,5,4,2
11278,2026-04-26,6,4,4
11281,2026-02-23,2,0,1
11282,2026-02-28,3,2,2
11283,2026-06-06,4,1,2
11284,2026-06-14,1,0,1
11285,2026-03-15,4,2,2
11286,2026-03-21,5,4,3
11287,2026-03-15,5,2,2
11288,2026-02-23,4,3,3
11289,2026-02-28,2,1,2
11290,2026-02-25,1,0,1
11297,2026-04-26,4,2,3
11298,2026-05-03,5,3,3
11299,2026-03-27,5,2,3
11300,2026-04-03,5,1,2
11303,2026-04-28,4,2,3
11304,2026-05-02,2,0,1
11305,2026-03-07,4,2,2
11306,2026-03-14,5,4,3
11307,2026-03-06,7,5,6
11308,2026-03-14,8,6,4
11311,2026-02-23,3,1,2
11312,2026-02-25,1,0,1
11313,2026-05-10,3,2,2
11314,2026-05-16,1,0,1
11315,2026-03-25,5,2,2
11316,2026-03-30,7,2,2
11319,2026-05-28,3,1,2
11320,2026-06-03,8,5,4
11321,2026-02-26,11,10,5
11322,2026-03-01,1,0,1
11323,2026-03-25,3,0,1
11324,2026-03-03,2,1,2
11325,2026-02-28,3,2,2
11326,2026-02-24,4,3,4
11327,2026-03-06,2,0,1
11328,2026-03-11,2,1,2
11329,2026-05-09,2,0,1
11330,2026-05-15,2,0,1
11331,2026-03-08,5,0,1
11332,2026-06-20,7,3,2
11333,2026-06-27,6,3,4
11334,2026-06-06,6,4,3
11335,2026-06-13,2,1,2
11336,2026-03-25,4,2,2
11337,2026-02-26,2,0,1
11338,2026-03-02,6,2,2
11339,2026-02-23,7,5,4
11340,2026-03-07,4,2,1
11341,2026-03-14,5,4,3
11342,2026-02-28,1,0,1
11344,2026-03-04,13,11,8
11345,2026-03-09,4,0,1
11346,2026-03-05,5,1,2
11349,2026-04-15,2,0,1
11350,2026-04-21,9,7,6
11351,2026-03-14,3,1,2
11352,2026-03-21,8,2,1
11353,2026-02-27,3,1,2
11354,2026-03-03,5,3,3
11355,2026-03-17,6,3,2
11356,2026-03-24,3,0,1
11357,2026-04-19,2,0,1
11358,2026-04-25,4,2,3
11359,2026-03-28,5,2,2
11360,2026-04-02,5,1,2
11361,2026-04-14,8,6,5
11362,2026-04-16,4,2,3
11363,2026-03-21,4,2,2
11364,2026-03-28,3,0,1
11365,2026-03-01,1,0,1
11366,2026-02-16,1,0,1
11369,2026-07-12,2,0,1
11370,2026-07-16,2,0,1
11371,2026-04-12,2,0,1
11372,2026-04-18,3,1,2
11373,2026-03-14,2,0,1
11374,2026-03-22,3,0,1
11375,2026-04-25,3,0,1
11376,2026-04-29,7,4,5
11377,2026-03-22,5,2,2
11378,2026-03-26,6,3,3
11379,2026-03-02,2,0,1
11380,2026-03-07,4,0,1
11381,2026-03-06,2,0,1
11382,2026-03-13,2,0,1
11383,2026-05-08,3,0,1
11384,2026-05-11,4,2,2
11385,2026-03-08,2,0,1
11386,2026-03-29,5,1,2
11387,2026-04-06,5,1,2
11388,2026-03-26,4,1,2
11391,2026-05-09,4,2,2
11392,2026-05-15,1,0,1
11393,2026-05-31,3,0,1
11394,2026-06-07,2,0,1
11396,2026-02-25,3,2,2
11397,2026-03-01,2,1,2
11398,2026-04-10,8,3,3
11399,2026-04-16,5,3,4
11400,2026-02-26,7,6,5
11401,2026-03-01,10,9,8
11402,2026-03-27,5,2,3
11403,2026-03-01,1,0,1
11404,2026-03-05,9,7,6
11405,2026-03-08,16,15,7
11407,2026-02-28,1,0,1
11410,2026-04-11,3,1,2
11411,2026-04-16,3,1,2
11412,2026-04-03,9,3,3
11413,2026-04-09,14,9,4
11414,2026-05-10,2,0,1
11415,2026-05-16,2,0,1
11416,2026-03-07,2,0,1
11417,2026-03-04,3,0,1
11418,2026-04-01,6,2,3
11419,2026-04-05,12,7,3
11420,2026-05-12,4,2,2
11421,2026-05-17,3,1,2
11422,2026-02-24,1,0,1
11423,2026-03-27,8,5,2
11424,2026-04-02,3,0,1
11425,2026-02-25,6,5,6
11426,2026-02-26,3,2,2
11427,2026-03-07,9,7,5
11430,2026-02-24,3,2,3
11431,2026-03-02,6,2,2
11432,2026-04-12,2,0,1
11433,2026-04-12,8,6,5
11434,2026-04-17,4,2,3
11435,2026-03-04,6,2,2
11436,2026-03-09,5,1,2
11437,2026-05-31,3,0,1
11438,2026-05-31,5,3,3
11439,2026-03-05,8,7,3
11447,2026-03-15,5,4,3
11448,2026-03-16,4,3,2
11451,2026-02-27,7,6,4
11452,2026-03-14,4,2,3
11453,2026-03-20,6,2,2
11456,2026-03-02,3,2,2
11457,2026-03-06,4,1,2
11458,2026-04-16,3,0,1
11459,2026-04-22,9,6,5
11460,2026-02-28,3,2,1
11461,2026-03-07,4,2,3
11462,2026-03-29,3,1,2
11463,2026-04-03,7,2,2
11464,2026-03-14,3,0,1
11465,2026-03-21,9,7,4
11466,2026-03-16,3,1,2
11467,2026-03-21,5,2,2
11468,2026-03-04,4,2,2
11473,2026-05-09,2,0,1
11474,2026-05-12,8,6,3
11475,2026-03-04,3,1,2
11476,2026-03-11,3,2,3
11477,2026-04-26,4,2,3
11478,2026-05-01,9,7,4
11479,2026-04-01,5,0,1
11480,2026-04-03,5,2,2
11481,2026-04-08,4,0,1
11482,2026-04-11,6,3,3
11483,2026-05-18,4,1,2
11484,2026-05-25,4,1,2
11485,2026-02-25,7,6,6
11486,2026-03-01,4,3,3
11487,2026-03-22,2,0,1
11488,2026-03-26,4,0,1
11489,2026-04-02,3,0,1
11490,2026-04-06,4,2,2
11491,2026-03-16,6,4,2
11492,2026-03-21,1,0,1
11493,2026-03-10,4,0,1
11496,2026-02-27,4,2,3
11497,2026-03-06,2,0,1
11500,2026-03-30,4,1,2
11501,2026-04-05,5,3,2
11502,2026-03-03,3,2,3
11503,2026-03-07,2,0,1
11504,2026-04-25,2,0,1
11505,2026-05-01,5,1,2
11506,2026-03-07,5,3,4
11507,2026-03-14,3,0,1
11508,2026-03-03,2,1,2
11509,2026-03-09,10,3,3
11512,2026-06-06,2,1,2
11513,2026-06-12,5,2,2
11515,2026-03-25,3,0,1
11516,2026-04-29,4,2,2
11517,2026-03-28,7,3,3
11518,2026-04-04,5,2,1
11519,2026-05-06,2,0,1
11522,2026-03-31,8,5,5
11523,2026-04-08,6,2,2
11524,2026-03-18,5,2,2
11525,2026-03-24,6,3,3
11527,2026-06-14,3,1,2
11528,2026-06-20,4,1,2
11530,2026-03-03,3,2,3
11531,2026-03-07,3,0,1
11532,2026-02-28,5,4,3
11533,2026-03-08,14,11,7
11534,2026-03-20,2,1,1
11535,2026-04-23,3,1,2
11536,2026-04-25,3,0,1
11537,2026-05-01,4,1,2
11538,2026-03-01,4,3,2
11539,2026-03-07,2,0,1
11540,2026-03-25,5,2,2
11541,2026-03-30,5,2,1
11542,2026-03-13,9,4,2
11543,2026-03-19,3,0,1
11544,2026-04-25,4,2,2
11545,2026-04-30,5,4,5
11547,2026-03-02,4,0,1
11548,2026-03-09,7,2,1
11549,2026-03-07,3,0,1
11550,2026-03-06,3,0,1
11552,2026-03-10,7,1,2
11553,2026-02-27,1,0,1
11554,2026-03-02,5,2,2
11555,2026-06-16,7,5,3
11556,2026-06-21,14,9,6
11557,2026-05-21,4,2,3
11558,2026-05-25,3,1,2
11559,2026-03-01,1,0,1
11560,2026-03-06,3,0,1
11561,2026-03-01,6,5,4
11562,2026-03-06,8,4,4
11563,2026-05-30,6,3,3
11564,2026-06-06,8,6,4
11565,2026-02-27,3,2,2
11566,2026-03-02,11,7,7
11567,2026-03-10,7,4,2
11568,2026-03-14,1,0,1
11571,2026-02-27,10,8,7
11572,2026-03-03,3,2,3
11573,2026-04-04,3,0,1
11574,2026-04-11,4,2,3
11575,2026-05-07,4,2,2
11576,2026-03-04,3,1,2
11577,2026-03-10,13,9,4
11578,2026-03-31,6,2,3
11579,2026-04-06,2,0,1
11580,2026-02-25,1,0,1
11581,2026-03-04,8,5,5
11582,2026-03-07,4,2,2
11587,2026-03-07,3,1,2
11588,2026-03-03,5,3,3
11589,2026-03-09,3,0,1
11590,2026-03-12,3,1,2
11591,2026-02-25,1,0,1
11592,2026-03-01,11,10,6
11595,2026-03-05,2,0,1
11596,2026-03-08,3,0,1
11598,2026-03-05,7,6,4
11599,2026-03-08,2,0,1
11600,2026-02-26,3,2,2
11601,2026-03-04,4,2,2
11602,2026-02-26,1,0,1
11603,2026-02-26,1,0,1
11604,2026-04-11,5,3,4
11605,2026-04-17,2,0,1
11606,2026-05-27,4,2,3
11607,2026-06-03,7,5,6
11608,2026-03-05,5,3,3
11609,2026-04-28,4,3,3
11610,2026-05-03,4,1,2
11611,2026-05-07,2,0,1
11612,2026-03-13,2,0,1
11613,2026-05-09,2,0,1
11614,2026-05-11,10,4,4
11615,2026-05-15,3,0,1
11616,2026-02-26,2,1,2
11617,2026-04-18,7,2,2
11618,2026-03-01,2,1,2
11619,2026-03-06,6,2,2
11622,2026-03-28,7,2,2
11623,2026-02-26,13,12,6
11624,2026-03-02,6,3,2
11625,2026-03-02,6,4,3
11626,2026-03-05,10,5,3
11630,2026-03-05,3,0,1
11631,2026-03-08,2,0,1
11632,2026-03-19,2,0,1
11633,2026-03-21,2,0,1
11634,2026-05-28,4,1,2
11635,2026-06-03,6,3,3
11636,2026-06-07,3,0,1
11639,2026-03-18,1,0,1
11640,2026-03-22,5,2,2
11641,2026-03-14,3,1,2
11642,2026-03-20,5,2,2
11643,2026-03-23,7,3,4
11644,2026-04-26,3,1,2
11645,2026-04-26,7,5,4
11646,2026-04-27,4,3,3
11647,2026-04-27,2,1,2
11648,2026-04-28,6,4,3
11649,2026-04-26,4,3,2
11650,2026-04-26,5,4,5
11651,2026-04-27,5,3,4
11652,2026-04-27,3,2,3
11653,2026-04-28,4,2,3
11656,2026-03-05,5,4,3
11657,2026-03-09,3,1,2
11658,2026-03-08,2,0,1
11659,2026-03-14,8,6,5
11660,2026-07-05,5,1,2
11661,2026-07-13,7,3,3
11662,2026-06-23,3,1,2
11663,2026-06-27,2,0,1
11664,2026-03-17,2,0,1
11665,2026-03-22,3,0,1
11666,2026-03-05,3,1,2
11667,2026-03-10,3,0,1
11668,2026-06-16,11,8,6
11669,2026-06-21,4,0,1
11670,2026-03-15,9,6,4
11671,2026-03-20,3,1,2
11672,2026-03-27,5,3,3
11675,2026-05-15,5,3,4
11676,2026-05-21,3,1,2
11677,2026-04-02,4,0,1
11678,2026-04-16,2,0,1
11679,2026-02-28,7,5,6
11680,2026-03-13,3,0,1
11681,2026-03-19,3,0,1
11682,2026-03-14,6,4,3
11683,2026-03-18,11,10,5
11684,2026-04-20,5,3,2
11685,2026-04-24,5,2,3
11687,2026-02-26,3,2,3
11688,2026-06-14,4,1,2
11689,2026-06-19,12,10,6
11690,2026-03-27,4,2,2
11691,2026-04-01,3,0,1
11692,2026-02-26,1,0,1
11693,2026-03-08,3,2,2
11694,2026-03-12,2,1,2
11695,2026-06-18,4,1,2
11696,2026-06-25,8,6,5
11697,2026-03-07,5,2,2
11698,2026-03-12,4,2,2
11699,2026-02-27,1,0,1
11700,2026-03-07,3,0,1
11701,2026-03-09,8,5,4
11702,2026-03-26,6,2,2
11703,2026-04-03,8,4,4
11704,2026-03-28,6,3,3
11709,2026-06-07,5,3,4
11710,2026-06-13,6,4,3
11711,2026-03-13,6,4,4
11712,2026-03-17,4,1,2
11713,2026-04-20,2,1,2
11714,2026-04-24,5,3,2
11715,2026-04-04,5,1,2
11716,2026-04-10,9,5,3
11717,2026-03-01,1,0,1
11718,2026-03-07,4,2,2
11719,2026-03-27,5,1,2
11720,2026-04-03,3,0,1
11721,2026-03-12,3,0,1
11722,2026-03-15,2,1,2
11723,2026-03-03,10,9,8
11724,2026-03-07,2,0,1
11725,2026-03-03,4,3,2
11726,2026-03-07,3,1,2
11727,2026-07-15,5,3,3
11728,2026-07-29,6,5,6
11729,2026-03-04,5,2,3
11730,2026-03-07,6,4,3
11731,2026-05-02,3,0,1
11732,2026-05-09,2,0,1
11733,2026-03-25,6,2,2
11734,2026-03-31,8,4,4
11735,2026-03-30,7,4,4
11736,2026-04-05,6,4,3
11737,2026-04-27,6,4,4
11738,2026-04-30,6,4,4
11739,2026-02-26,1,0,1
11740,2026-04-05,8,2,2
11741,2026-04-12,3,1,2
11742,2026-04-17,6,4,3
11743,2026-08-09,7,5,4
11744,2026-08-14,5,4,3
11745,2026-03-17,1,0,1
11746,2026-03-21,1,0,1
11747,2026-04-25,6,4,4
11750,2026-05-07,7,4,4
11751,2026-05-08,2,0,1
11752,2026-05-14,4,2,3
11753,2026-03-06,6,4,4
11754,2026-03-11,2,0,1
11755,2026-04-26,4,2,3
11756,2026-05-01,6,4,4
11757,2026-03-04,6,3,4
11758,2026-05-08,2,0,1
11759,2026-05-15,4,2,3
11762,2026-04-03,2,0,1
11763,2026-04-10,7,4,3
11764,2026-04-20,8,5,4
11765,2026-04-25,5,3,4
11766,2026-02-27,2,1,2
11767,2026-03-07,3,2,2
11768,2026-04-19,2,0,1
11769,2026-04-25,6,2,3
11770,2026-03-22,2,0,1
11771,2026-03-29,3,0,1
11772,2026-03-06,4,0,1
11773,2026-03-05,1,0,1
11774,2026-03-08,5,4,3
11776,2026-03-08,5,3,3
11777,2026-03-14,5,3,3
11778,2026-03-25,3,0,1
11779,2026-04-03,3,0,1
11780,2026-03-04,2,0,1
11781,2026-03-11,2,1,2
11787,2026-03-14,6,4,3
11788,2026-03-20,7,3,3
11789,2026-02-27,5,4,5
11790,2026-03-04,3,1,2
11791,2026-03-13,3,2,2
11792,2026-03-18,1,0,1
11793,2026-03-06,6,4,4
11794,2026-03-11,4,3,3
11795,2026-04-02,4,1,2
11796,2026-04-03,5,0,1
11797,2026-04-08,5,1,2
11799,2026-03-03,3,2,3
11800,2026-03-20,2,0,1
11801,2026-03-25,3,0,1
11802,2026-03-07,2,0,1
11803,2026-03-14,2,0,1
11805,2026-03-03,3,2,3
11806,2026-05-05,2,0,1
11807,2026-05-14,5,2,2
11808,2026-03-01,2,1,2
11811,2026-05-02,1,0,1
11812,2026-05-09,2,0,1
11813,2026-07-04,5,0,1
11814,2026-07-11,4,1,2
11815,2026-02-28,4,3,3
11816,2026-03-06,5,2,2
11817,2026-03-17,4,2,3
11818,2026-03-23,6,3,4
11819,2026-04-24,9,4,5
11820,2026-02-27,4,3,2
11821,2026-04-25,5,3,3
11822,2026-05-02,3,1,2
11823,2026-03-09,6,0,1
11824,2026-02-27,3,2,2
11825,2026-03-03,4,3,3
11826,2026-03-13,4,2,1
11827,2026-03-20,5,2,2
11828,2026-02-28,1,0,1
11829,2026-02-28,1,0,1
11830,2026-03-04,5,2,3
11831,2026-03-03,3,2,2
11832,2026-03-03,3,1,2
11833,2026-04-01,6,3,3
11834,2026-04-06,8,4,4
11835,2026-03-14,1,0,1
11836,2026-03-21,3,2,1
11837,2026-04-04,9,4,2
11838,2026-04-11,2,0,1
11839,2026-03-15,3,1,2
11840,2026-03-20,5,2,2
11841,2026-03-07,6,3,3
11842,2026-03-11,2,1,2
11843,2026-03-27,4,2,3
11844,2026-03-29,4,0,1
11845,2026-04-03,12,5,5
11846,2026-05-09,1,0,1
11847,2026-05-16,3,0,1
11848,2026-04-17,4,0,1
11849,2026-04-25,3,1,2
11850,2026-03-05,8,5,4
11851,2026-03-10,6,0,1
11852,2026-03-13,9,6,4
11854,2026-03-10,2,0,1
11855,2026-03-15,1,0,1
11856,2026-03-02,9,6,4
11857,2026-03-07,2,0,1
11858,2026-04-07,7,3,2
11859,2026-04-12,2,0,1
11860,2026-03-23,6,2,2
11861,2026-03-28,2,0,1
11862,2026-04-16,4,2,2
11863,2026-04-21,11,9,4
11864,2026-03-06,2,0,1
11865,2026-03-13,6,3,3
11866,2026-06-09,9,6,7
11867,2026-06-14,2,1,2
11868,2026-02-27,3,2,2
11869,2026-03-12,6,4,5
11870,2026-03-16,6,4,2
11871,2026-03-21,2,0,1
11872,2026-03-24,3,0,1
11873,2026-03-30,6,3,3
11874,2026-04-03,2,0,1
11875,2026-02-28,3,2,1
11876,2026-03-04,2,0,1
11877,2026-05-21,8,3,2
11878,2026-03-06,3,0,1
11879,2026-03-20,3,0,1
11880,2026-03-27,3,0,1
11881,2026-04-28,3,1,2
11882,2026-05-03,5,3,3
11883,2026-04-24,3,2,2
11884,2026-04-28,2,1,1
11885,2026-03-05,10,7,6
11886,2026-03-07,1,0,1
11887,2026-03-15,1,0,1
11888,2026-03-20,7,3,3
11889,2026-03-02,5,2,2
11890,2026-02-28,12,11,8
11891,2026-03-05,4,1,2
11892,2026-03-01,1,0,1
11893,2026-03-19,3,0,1
11894,2026-03-29,2,0,1
11895,2026-03-16,2,0,1
11896,2026-05-27,4,1,2
11897,2026-03-17,6,2,2
11898,2026-03-29,6,2,3
11899,2026-04-04,5,1,2
11900,2026-03-14,3,0,1
11906,2026-03-01,4,3,3
11907,2026-03-06,5,2,2
11912,2026-02-27,1,0,1
11913,2026-03-03,3,2,2
11914,2026-04-23,5,3,3
11915,2026-04-27,5,2,2
11916,2026-03-09,9,2,2
11917,2026-03-13,2,0,1
11918,2026-03-06,6,4,4
11919,2026-02-28,3,2,3
11920,2026-03-04,5,3,3
11921,2026-03-29,5,1,2
11922,2026-04-04,2,0,1
11923,2026-04-16,3,1,2
11924,2026-04-22,5,3,3
11925,2026-03-06,4,1,2
11926,2026-03-12,5,3,2
11927,2026-02-28,7,4,2
11928,2026-04-06,7,4,3
11929,2026-04-10,3,0,1
11930,2026-03-11,2,1,2
11931,2026-03-15,1,0,1
11932,2026-03-02,1,0,1
11933,2026-03-06,3,0,1
11934,2026-04-20,6,4,3
11935,2026-04-23,9,5,5
11936,2026-03-29,5,3,3
11937,2026-04-03,9,4,4
11940,2026-02-27,2,0,1
11941,2026-05-03,3,2,2
11942,2026-05-08,6,4,4
11945,2026-03-09,2,1,1
11947,2026-03-05,2,0,1
11948,2026-03-12,2,1,2
11949,2026-04-15,7,4,4
11950,2026-05-05,3,1,2
11951,2026-04-02,5,2,2
11952,2026-04-05,8,5,4
11954,2026-03-01,4,3,3
11956,2026-06-14,3,0,1
11957,2026-06-21,5,2,3
11958,2026-04-05,2,0,1
11959,2026-04-10,5,1,2
11960,2026-03-19,5,2,2
11961,2026-03-23,7,4,4
11962,2026-03-02,3,0,1
11963,2026-03-07,2,0,1
11965,2026-02-28,1,0,1
11966,2026-03-14,2,0,1
11967,2026-03-20,3,1,2
11968,2026-04-03,5,2,2
11969,2026-04-09,6,2,3
11970,2026-04-09,3,0,1
11971,2026-06-26,5,2,2
11972,2026-04-06,2,0,1
11973,2026-04-10,9,2,2
11975,2026-05-22,2,0,1
11976,2026-05-24,7,3,3
11978,2026-03-26,3,0,1
11979,2026-04-25,5,3,3
11980,2026-05-02,3,1,2
11981,2026-03-15,1,0,1
11982,2026-03-21,1,0,1
11983,2026-04-07,4,1,2
11984,2026-04-12,3,1,2
11985,2026-07-03,4,2,3
11986,2026-07-08,5,3,4
11987,2026-03-04,7,4,4
11988,2026-03-09,14,8,7
11989,2026-03-03,4,3,3
11990,2026-03-11,5,3,4
11991,2026-04-02,8,4,3
11992,2026-03-01,3,2,2
11993,2026-03-01,9,8,6
11994,2026-03-17,10,8,5
11995,2026-03-20,2,0,1
11996,2026-03-02,1,0,1
11997,2026-03-07,1,0,1
11998,2026-03-01,2,1,2
11999,2026-03-06,1,0,1
12000,2026-03-13,1,0,1
12001,2026-03-06,2,0,1
12002,2026-03-10,8,4,4
12003,2026-03-22,6,2,2
12004,2026-03-27,2,0,1
12005,2026-03-14,4,2,2
12006,2026-03-20,5,2,2
12007,2026-03-10,13,9,7
12008,2026-03-17,2,0,1
12010,2026-04-27,4,1,2
12011,2026-05-02,5,1,2
12012,2026-04-19,2,0,1
12015,2026-03-01,3,2,2
12016,2026-03-04,5,2,2
12017,2026-03-06,2,0,1
12018,2026-03-02,11,8,7
12019,2026-03-07,3,0,1
12021,2026-03-04,2,0,1
12022,2026-03-10,4,2,2
12023,2026-07-03,5,4,2
12024,2026-07-09,4,2,3
12027,2026-03-01,2,1,2
12028,2026-03-04,11,7,5
12029,2026-03-07,3,2,2
12030,2026-03-12,5,2,2
12031,2026-03-01,4,3,3
12032,2026-03-06,6,3,3
12033,2026-03-10,4,0,1
12034,2026-03-05,8,3,4
12035,2026-03-05,4,0,1
12036,2026-03-09,9,5,6
12037,2026-03-02,2,1,2
12038,2026-03-05,4,2,3
12039,2026-03-05,5,0,1
12040,2026-03-08,2,0,1
12041,2026-04-28,10,8,4
12042,2026-05-05,3,1,2
12043,2026-04-05,4,1,2
12044,2026-04-10,7,3,2
12045,2026-05-13,7,2,2
12046,2026-05-18,2,0,1
12047,2026-03-20,3,2,2
12048,2026-03-28,3,0,1
12049,2026-03-22,2,0,1
12050,2026-03-28,7,4,3
12053,2026-03-12,4,2,2
12054,2026-03-17,4,0,1
12055,2026-03-08,3,2,2
12056,2026-03-13,4,1,2
12057,2026-03-14,2,0,1
12058,2026-04-12,2,0,1
12059,2026-04-18,2,0,1
12060,2026-03-06,2,0,1
12061,2026-05-07,2,0,1
12062,2026-05-13,2,0,1
12063,2026-03-06,5,2,3
12064,2026-03-12,4,2,3
12065,2026-03-01,1,0,1
12068,2026-03-01,3,2,3
12069,2026-04-07,9,4,3
12070,2026-04-11,4,2,2
12071,2026-03-10,1,0,1
12072,2026-03-16,2,0,1
12073,2026-03-21,1,0,1
12074,2026-03-25,4,0,1
12075,2026-05-02,3,1,2
12076,2026-05-08,2,0,1
12077,2026-03-31,6,3,4
12078,2026-04-05,8,2,3
12079,2026-03-02,3,0,1
12080,2026-03-07,3,1,2
12081,2026-03-26,3,0,1
12082,2026-04-03,9,4,4
12085,2026-03-23,10,4,3
12086,2026-03-27,5,2,3
12087,2026-03-15,4,2,2
12088,2026-03-21,3,2,1
12089,2026-03-18,3,2,1
12090,2026-03-19,3,0,1
12091,2026-03-19,6,2,2
12094,2026-03-28,3,0,1
12095,2026-03-29,4,1,2
12097,2026-03-21,3,2,3
12098,2026-03-26,5,0,1
12101,2026-03-11,2,0,1
12102,2026-03-13,1,0,1
12103,2026-03-07,4,2,3
12104,2026-05-06,3,0,1
12105,2026-05-10,2,0,1
12106,2026-05-02,7,4,3
12107,2026-05-09,3,0,1
12108,2026-03-09,4,0,1
12109,2026-07-24,13,10,7
12112,2026-06-27,6,5,3
12113,2026-07-03,2,1,1
12114,2026-04-09,4,2,2
12115,2026-04-19,3,1,2
12116,2026-03-25,3,0,1
12117,2026-03-28,3,0,1
12118,2026-04-04,4,0,1
12119,2026-04-30,3,2,2
12120,2026-05-04,3,2,3
12121,2026-03-02,5,2,2
12122,2026-03-03,2,1,2
12123,2026-03-06,2,0,1
12124,2026-03-10,2,0,1
12125,2026-03-20,4,2,2
12126,2026-03-25,5,2,2
12127,2026-03-14,2,0,1
12128,2026-03-22,3,1,2
12130,2026-04-17,2,0,1
12131,2026-04-25,4,2,2
12133,2026-03-07,3,1,2
12136,2026-03-14,7,5,3
12138,2026-03-29,9,6,4
12139,2026-04-05,11,3,3
12140,2026-04-01,6,4,2
12141,2026-03-08,1,0,1
12142,2026-03-15,3,1,2
12143,2026-04-04,10,4,3
12144,2026-04-12,3,1,2
12145,2026-04-24,4,2,3
12146,2026-04-28,7,5,4
12147,2026-03-23,11,7,3
12148,2026-03-26,3,0,1
12149,2026-03-15,9,6,4
12151,2026-03-21,5,2,2
12152,2026-04-22,3,1,2
12153,2026-04-26,4,2,2
12156,2026-03-20,3,0,1
12157,2026-03-26,6,3,3
12159,2026-04-05,10,4,3
12160,2026-03-02,1,0,1
12161,2026-04-23,8,6,6
12162,2026-04-28,6,4,3
12163,2026-08-03,2,0,1
12164,2026-08-10,2,1,2
12165,2026-03-26,8,2,2
12166,2026-03-29,11,7,6
12167,2026-05-03,4,1,2
12168,2026-05-09,6,4,4
12169,2026-03-12,3,0,1
12170,2026-03-19,2,0,1
12171,2026-04-27,4,1,2
12172,2026-05-02,4,2,3
12173,2026-03-26,2,0,1
12174,2026-03-26,6,2,2
12176,2026-03-10,7,0,1
12177,2026-03-16,4,2,2
12178,2026-03-05,8,6,4
12179,2026-03-17,5,2,2
12180,2026-03-22,2,0,1
12181,2026-03-13,2,0,1
12182,2026-03-26,3,0,1
12183,2026-03-31,6,3,4
12184,2026-03-02,2,0,1
12185,2026-03-22,4,2,2
12186,2026-03-27,9,4,3
12187,2026-03-28,7,2,2
12188,2026-04-02,7,4,2
12189,2026-03-02,2,0,1
12190,2026-03-11,3,2,3
12191,2026-03-18,2,1,2
12192,2026-04-20,7,5,3
12193,2026-04-25,3,0,1
12194,2026-03-03,6,2,2
12195,2026-03-08,6,4,3
12198,2026-05-05,2,0,1
12202,2026-03-08,4,2,3
12203,2026-03-11,2,1,2
12204,2026-04-05,3,0,1
12205,2026-04-10,5,0,1
12206,2026-05-31,3,0,1
12207,2026-06-05,3,0,1
12208,2026-05-18,5,0,1
12209,2026-05-24,5,1,2
12210,2026-03-03,1,0,1
12213,2026-03-17,2,0,1
12214,2026-03-21,7,6,4
12215,2026-03-04,2,0,1
12216,2026-03-09,7,0,1
12217,2026-03-30,7,2,2
12218,2026-04-03,4,1,2
12221,2026-03-08,3,2,3
12222,2026-06-17,6,3,2
12223,2026-06-23,2,0,1
12224,2026-08-21,12,2,3
12226,2026-03-08,3,1,2
12227,2026-03-07,3,1,2
12228,2026-03-11,2,1,2
12233,2026-03-03,6,5,4
12234,2026-03-07,3,0,1
12235,2026-03-03,5,2,3
12236,2026-06-28,2,0,1
12237,2026-07-04,4,2,3
12238,2026-03-02,6,0,1
12239,2026-03-29,3,0,1
12240,2026-04-01,4,1,2
12245,2026-04-12,2,0,1
12246,2026-04-17,3,1,2
12247,2026-05-20,4,2,3
12248,2026-05-27,7,2,2
12249,2026-03-08,4,2,3
12250,2026-03-12,5,3,3
12251,2026-03-03,1,0,1
12252,2026-03-15,9,6,4
12253,2026-03-18,4,3,3
12254,2026-03-12,5,3,3
12255,2026-03-18,8,6,3
12260,2026-03-21,1,0,1
12261,2026-03-29,3,1,2
12262,2026-03-03,6,4,3
12264,2026-05-13,4,2,3
12265,2026-05-21,3,0,1
12266,2026-03-03,3,2,2
12267,2026-03-07,4,1,2
12268,2026-03-04,7,5,4
12271,2026-04-28,4,2,2
12272,2026-05-05,3,1,2
12275,2026-06-08,31,15,8
12276,2026-06-14,14,6,5
12277,2026-04-12,3,0,1
12278,2026-04-18,5,3,3
12281,2026-04-15,2,0,1
12282,2026-04-20,8,6,5
12283,2026-04-20,5,3,3
12284,2026-04-22,9,7,6
12285,2026-04-02,2,0,1
12286,2026-04-06,4,0,1
12288,2026-03-22,5,0,1
12289,2026-03-22,5,2,2
12290,2026-04-28,5,3,3
12291,2026-05-03,4,2,2
12292,2026-04-01,6,2,2
12293,2026-04-01,5,2,3
12296,2026-03-05,7,6,4
12297,2026-03-06,6,4,4
12298,2026-03-09,4,0,1
12299,2026-03-11,4,3,4
12300,2026-05-02,5,0,1
12301,2026-05-06,2,0,1
12302,2026-05-25,3,0,1
12303,2026-05-31,3,0,1
12304,2026-03-15,7,4,3
12305,2026-03-21,1,0,1
12306,2026-06-12,4,2,3
12307,2026-03-16,3,0,1
12308,2026-06-13,3,1,2
12309,2026-04-17,4,2,1
12310,2026-03-28,4,1,2
12311,2026-05-30,6,2,2
12312,2026-06-07,3,1,2
12313,2026-03-05,3,0,1
12314,2026-03-07,3,1,2
12315,2026-03-12,5,3,3
12316,2026-03-17,8,5,4
12317,2026-05-14,6,3,3
12318,2026-05-17,2,0,1
12320,2026-03-13,2,0,1
12321,2026-03-16,2,0,1
12324,2026-04-15,2,0,1
12325,2026-04-22,5,2,2
12326,2026-03-07,5,2,2
12327,2026-03-11,3,2,3
12328,2026-03-05,2,0,1
12329,2026-03-09,5,2,1
12330,2026-04-01,4,1,2
12331,2026-04-06,3,1,2
12332,2026-03-10,2,0,1
12333,2026-03-14,8,7,6
12334,2026-04-15,4,1,2
12335,2026-04-21,8,6,4
12336,2026-03-16,2,1,2
12337,2026-03-20,2,0,1
12340,2026-03-11,8,7,8
12341,2026-03-18,6,3,2
12342,2026-04-04,7,2,2
12343,2026-04-08,3,0,1
12344,2026-04-10,2,0,1
12345,2026-04-16,3,1,2
12346,2026-05-02,1,0,1
12347,2026-05-08,2,0,1
12348,2026-04-09,4,1,2
12349,2026-03-19,10,6,5
12350,2026-03-22,7,4,3
12353,2026-03-08,1,0,1
12354,2026-06-20,4,2,2
12355,2026-06-27,6,4,4
12356,2026-03-04,1,0,1
12357,2026-03-08,2,0,1
12358,2026-03-13,4,2,3
12359,2026-03-05,4,2,2
12360,2026-03-09,2,0,1
12362,2026-03-25,9,6,3
12363,2026-03-29,5,0,1
12366,2026-04-26,7,5,5
12367,2026-05-02,6,4,4
12368,2026-03-16,8,6,3
12370,2026-04-05,3,0,1
12371,2026-04-09,4,1,2
12372,2026-06-26,5,2,2
12373,2026-07-05,4,2,2
12374,2026-07-06,4,1,2
12375,2026-04-03,5,2,2
12376,2026-05-04,2,0,1
12377,2026-05-06,4,2,3
12378,2026-04-29,5,3,3
12379,2026-05-04,7,5,4
12380,2026-06-01,4,2,3
12381,2026-06-06,8,6,6
12382,2026-03-03,1,0,1
12383,2026-03-08,5,3,3
12385,2026-04-18,6,3,3
12386,2026-04-16,5,2,2
12387,2026-04-20,3,2,3
12388,2026-06-12,4,3,2
12389,2026-06-18,5,1,2
12390,2026-03-14,6,2,2
12391,2026-03-20,3,0,1
12392,2026-03-28,9,4,3
12393,2026-04-02,4,1,2
12394,2026-03-29,4,1,2
12395,2026-04-02,5,2,2
12396,2026-03-07,2,0,1
12397,2026-03-13,3,2,2
12398,2026-04-16,2,0,1
12399,2026-03-24,3,0,1
12400,2026-03-28,9,6,3
12401,2026-06-29,3,1,2
12402,2026-07-04,2,0,1
12405,2026-03-07,4,2,2
12406,2026-03-11,3,0,1
12407,2026-03-20,5,2,2
12408,2026-03-23,10,7,5
12410,2026-03-13,5,2,2
12411,2026-03-13,2,0,1
12412,2026-03-17,3,1,2
12413,2026-03-07,2,0,1
12414,2026-03-15,2,1,2
12415,2026-03-27,3,1,2
12416,2026-03-31,10,5,4
12417,2026-03-09,11,6,5
12418,2026-03-14,5,1,2
12419,2026-04-03,15,7,5
12420,2026-04-10,3,0,1
12423,2026-05-13,3,1,2
12426,2026-03-06,2,0,1
12427,2026-03-10,7,5,6
12428,2026-03-17,6,3,4
12429,2026-03-21,2,1,2
12432,2026-03-17,1,0,1
12433,2026-03-21,2,1,1
12436,2026-05-16,3,0,1
12437,2026-03-09,5,0,1
12438,2026-03-17,3,0,1
12439,2026-03-12,2,0,1
12440,2026-03-10,7,5,4
12441,2026-03-15,7,4,3
12442,2026-03-21,1,0,1
12443,2026-04-11,3,0,1
12444,2026-03-05,4,2,2
12445,2026-05-01,4,2,3
12447,2026-04-10,5,0,1
12448,2026-04-26,6,4,4
12449,2026-05-01,3,1,2
12451,2026-04-04,2,0,1
12452,2026-04-09,3,0,1
12453,2026-05-07,7,3,4
12454,2026-05-15,3,0,1
12455,2026-05-16,3,0,1
12456,2026-03-05,2,0,1
12457,2026-03-11,7,5,4
12458,2026-03-11,8,4,2
12459,2026-03-21,6,3,3
12460,2026-03-19,2,0,1
12461,2026-03-27,4,1,2
12462,2026-03-30,3,0,1
12463,2026-05-06,2,0,1
12464,2026-05-10,4,2,2
12467,2026-05-30,10,7,5
12468,2026-04-09,7,0,1
12469,2026-04-13,7,5,3
12470,2026-03-06,2,0,1
12471,2026-05-10,6,3,3
12472,2026-05-11,10,5,4
12475,2026-03-23,6,3,3
12476,2026-03-28,8,4,3
12479,2026-03-18,5,3,2
12480,2026-03-25,5,2,1
12481,2026-03-28,5,2,2
12482,2026-04-04,7,3,2
12483,2026-04-06,5,2,2
12484,2026-04-11,4,3,2
12485,2026-03-11,4,2,3
12486,2026-03-14,2,0,1
12487,2026-03-05,3,0,1
12488,2026-03-16,5,3,2
12489,2026-03-21,8,4,3
12490,2026-03-19,3,1,2
12491,2026-03-29,5,1,2
12492,2026-03-13,2,0,1
12493,2026-03-17,2,0,1
12494,2026-03-15,2,0,1
12495,2026-03-18,5,4,3
12496,2026-04-11,2,0,1
12497,2026-03-09,8,5,3
12498,2026-03-13,2,0,1
12500,2026-03-22,3,1,2
12501,2026-04-03,2,0,1
12502,2026-04-05,2,0,1
12503,2026-04-15,4,2,3
12504,2026-05-05,4,1,2
12505,2026-05-11,8,4,2
12506,2026-04-20,7,5,3
12507,2026-04-24,4,3,4
12508,2026-03-22,5,0,1
12509,2026-03-28,9,4,2
12510,2026-04-03,13,6,3
12511,2026-04-09,10,7,4
12512,2026-03-08,2,0,1
12513,2026-03-14,1,0,1
12516,2026-04-05,5,2,3
12517,2026-04-14,12,9,6
12518,2026-03-14,2,0,1
12521,2026-03-08,4,2,2
12522,2026-05-10,4,2,2
12523,2026-05-16,5,2,3
12524,2026-04-02,5,2,2
12525,2026-04-10,3,0,1
12528,2026-03-06,7,4,2
12529,2026-03-08,9,6,5
12530,2026-03-07,2,0,1
12531,2026-03-12,10,7,7
12537,2026-03-14,5,2,2
12538,2026-03-22,5,2,2
12539,2026-03-12,2,0,1
12540,2026-03-18,5,3,3
12545,2026-06-05,7,5,4
12546,2026-06-11,5,1,2
12547,2026-04-18,1,0,1
12550,2026-05-06,7,4,4
12551,2026-05-19,3,1,2
12552,2026-03-30,9,6,4
12553,2026-04-04,4,1,2
12554,2026-03-05,9,6,4
12557,2026-04-03,4,1,2
12558,2026-04-06,2,0,1
12559,2026-03-07,3,0,1
12560,2026-03-14,9,7,6
12561,2026-03-05,2,0,1
12562,2026-03-05,2,0,1
12565,2026-03-06,13,9,6
12566,2026-03-16,9,5,4
12567,2026-03-22,6,4,3
12568,2026-03-07,5,0,1
12569,2026-03-06,5,2,3
12570,2026-03-09,6,0,1
12571,2026-03-13,2,0,1
12574,2026-03-23,5,1,2
12575,2026-03-28,6,1,2
12576,2026-03-18,9,8,3
12577,2026-03-23,2,0,1
12580,2026-03-23,4,1,2
12581,2026-03-13,3,0,1
12582,2026-03-05,4,2,3
12583,2026-03-08,3,1,2
12584,2026-03-07,2,0,1
12585,2026-03-11,3,1,2
12586,2026-03-12,4,3,3
12587,2026-03-17,7,3,3
12588,2026-03-14,5,0,1
12589,2026-03-20,4,2,2
12590,2026-04-18,6,4,2
12591,2026-04-23,7,5,4
12592,2026-03-06,2,1,2
12593,2026-03-10,2,0,1
12594,2026-03-08,14,12,8
12595,2026-03-13,2,0,1
12596,2026-03-21,5,2,2
12597,2026-03-05,2,0,1
12598,2026-03-08,5,2,2
12599,2026-04-24,6,3,3
12601,2026-04-09,4,1,2
12602,2026-04-16,7,4,4
12603,2026-04-19,6,2,3
12604,2026-03-06,6,5,4
12605,2026-03-09,5,3,3
12606,2026-04-03,4,2,2
12607,2026-04-06,2,0,1
12608,2026-03-23,7,2,3
12609,2026-03-28,7,2,2
12610,2026-06-20,5,3,3
12611,2026-03-06,1,0,1
12615,2026-04-03,4,0,1
12616,2026-03-23,5,2,2
12617,2026-03-29,4,0,1
12618,2026-03-24,4,0,1
12619,2026-03-29,3,0,1
12620,2026-04-03,5,2,2
12621,2026-04-09,5,1,2
12622,2026-04-03,2,0,1
12623,2026-03-11,3,2,2
12624,2026-03-15,3,2,2
12627,2026-03-06,1,0,1
12628,2026-03-12,2,0,1
12629,2026-05-24,4,2,2
12630,2026-05-30,6,2,2
12631,2026-03-06,1,0,1
12633,2026-03-06,5,2,2
12634,2026-03-09,4,2,2
12635,2026-03-20,3,2,2
12638,2026-03-15,2,0,1
12639,2026-03-16,3,0,1
12640,2026-04-04,4,0,1
12641,2026-04-09,3,0,1
12642,2026-03-20,10,7,5
12643,2026-03-20,6,2,2
12644,2026-03-24,5,0,1
12645,2026-03-15,5,2,2
12646,2026-04-24,5,3,3
12647,2026-08-18,7,1,2
12649,2026-04-10,4,0,1
12650,2026-04-15,5,1,2
12651,2026-03-11,2,1,2
12652,2026-03-17,3,0,1
12653,2026-04-04,3,0,1
12654,2026-04-06,6,3,2
12655,2026-03-21,5,1,2
12656,2026-03-28,3,0,1
12657,2026-03-29,5,1,2
12658,2026-04-04,7,2,2
12661,2026-04-16,3,1,2
12662,2026-04-22,4,1,2
12663,2026-03-07,2,0,1
12664,2026-03-13,5,3,2
12665,2026-03-06,1,0,1
12666,2026-03-11,5,2,3
12667,2026-03-06,4,2,3
12670,2026-03-11,2,0,1
12673,2026-06-06,3,1,2
12674,2026-06-13,4,2,3
12675,2026-03-07,2,0,1
12676,2026-03-12,7,3,3
12677,2026-03-22,2,0,1
12678,2026-03-25,3,0,1
12681,2026-03-17,10,6,3
12682,2026-03-20,2,0,1
12683,2026-03-08,5,3,3
12684,2026-03-13,5,3,2
12685,2026-04-11,2,0,1
12686,2026-04-18,4,2,3
12687,2026-03-22,2,0,1
12688,2026-03-26,3,0,1
12689,2026-04-26,4,2,2
12690,2026-05-01,3,1,2
12691,2026-04-06,6,2,2
12692,2026-03-27,6,3,3
12693,2026-03-09,7,3,3
12694,2026-03-14,7,5,3
12695,2026-05-16,2,0,1
12696,2026-05-23,2,0,1
12697,2026-03-11,2,0,1
12698,2026-03-11,4,1,2
12699,2026-04-19,3,0,1
12700,2026-04-23,5,3,4
12701,2026-03-09,6,0,1
12702,2026-03-13,5,3,4
12703,2026-03-09,4,0,1
12706,2026-05-30,3,1,2
12707,2026-06-04,11,8,7
12708,2026-03-31,5,2,3
12709,2026-04-06,2,0,1
12710,2026-03-13,4,2,2
12711,2026-03-19,8,5,4
12712,2026-03-23,6,3,4
12713,2026-03-12,8,2,2
12714,2026-03-16,2,0,1
12715,2026-03-11,2,1,2
12716,2026-06-06,5,3,4
12717,2026-06-14,4,0,1
12718,2026-03-09,5,0,1
12719,2026-03-14,2,0,1
12720,2026-03-18,6,2,2
12721,2026-03-25,4,0,1
12722,2026-04-05,4,1,2
12723,2026-04-12,2,0,1
12724,2026-05-03,2,0,1
12725,2026-05-09,2,0,1
12726,2026-04-03,5,2,2
12727,2026-04-07,13,8,5
12728,2026-03-14,7,6,4
12729,2026-04-04,3,0,1
12730,2026-04-08,3,0,1
12731,2026-03-30,10,6,5
12732,2026-04-03,5,0,1
12733,2026-03-14,5,2,1
12734,2026-03-21,10,7,5
12735,2026-03-30,5,0,1
12736,2026-04-02,3,0,1
12737,2026-03-30,4,1,2
12738,2026-03-20,1,0,1
12739,2026-03-28,8,4,3
12740,2026-03-12,1,0,1
12741,2026-03-16,6,4,3
12743,2026-06-14,1,0,1
12744,2026-06-20,5,2,3
12745,2026-03-31,6,2,3
12746,2026-04-03,7,2,2
12747,2026-06-13,8,6,7
12748,2026-06-20,8,4,4
12749,2026-03-15,1,0,1
12750,2026-03-23,9,2,3
12751,2026-03-16,3,0,1
12752,2026-03-16,4,2,1
12753,2026-03-17,2,0,1
12754,2026-03-17,2,0,1
12755,2026-03-18,10,8,4
12756,2026-03-18,1,0,1
12757,2026-03-19,3,1,2
12758,2026-03-19,3,0,1
12759,2026-03-20,4,3,2
12760,2026-03-20,3,0,1
12761,2026-03-29,2,0,1
12762,2026-03-21,1,0,1
12763,2026-03-21,11,7,5
12764,2026-03-22,6,3,3
12765,2026-03-22,7,0,1
12766,2026-03-22,4,0,1
12767,2026-03-29,7,3,3
12768,2026-03-08,3,0,1
12769,2026-03-13,3,1,2
12770,2026-03-25,7,2,2
12771,2026-04-02,5,2,2
12773,2026-03-13,2,0,1
12774,2026-04-22,3,1,2
12775,2026-04-28,3,1,2
12776,2026-03-30,6,0,1
12777,2026-04-03,18,8,3
12778,2026-04-06,17,9,7
12779,2026-03-09,3,0,1
12780,2026-03-24,3,0,1
12781,2026-03-27,3,1,2
12782,2026-04-01,5,2,3
12783,2026-03-09,5,1,2
12784,2026-03-15,2,0,1
12785,2026-03-21,1,0,1
12786,2026-03-08,2,1,2
12792,2026-03-14,3,0,1
12793,2026-03-14,3,0,1
12796,2026-03-07,2,0,1
12797,2026-03-09,4,0,1
12798,2026-03-08,5,2,2
12799,2026-04-02,3,0,1
12801,2026-03-08,2,0,1
12802,2026-03-12,4,2,2
12803,2026-03-15,1,0,1
12804,2026-03-08,5,2,2
12805,2026-03-09,3,0,1
12806,2026-03-14,4,2,2
12807,2026-04-20,2,1,2
12808,2026-04-24,4,2,3
12812,2026-03-07,2,0,1
12813,2026-03-29,4,1,2
12814,2026-04-02,3,0,1
12817,2026-05-06,3,1,2
12818,2026-05-11,3,1,2
12821,2026-03-09,6,2,3
12822,2026-03-11,5,4,3
12823,2026-06-15,9,7,4
12824,2026-06-22,7,4,3
12827,2026-05-22,2,0,1
12828,2026-05-25,4,2,2
12833,2026-07-19,7,5,2
12834,2026-07-25,4,1,2
12835,2026-03-08,4,2,2
12836,2026-03-26,4,0,1
12837,2026-03-07,1,0,1
12838,2026-03-20,1,0,1
12839,2026-03-23,10,7,4
12840,2026-04-27,9,7,5
12841,2026-05-01,4,3,2
12844,2026-03-29,7,3,3
12845,2026-04-03,4,0,1
12846,2026-03-13,8,4,3
12847,2026-03-15,1,0,1
12850,2026-03-30,2,0,1
12851,2026-04-03,3,0,1
12853,2026-04-03,2,0,1
12854,2026-03-13,3,1,2
12855,2026-03-19,10,8,7
12856,2026-04-04,3,0,1
12857,2026-04-07,10,5,6
12858,2026-03-17,6,4,4
12859,2026-03-21,1,0,1
12860,2026-03-16,9,7,2
12861,2026-03-20,2,1,1
12862,2026-03-16,15,13,8
12863,2026-03-21,3,2,2
12864,2026-03-14,2,0,1
12865,2026-03-19,7,5,4
12866,2026-05-03,7,6,4
12867,2026-05-17,3,2,2
12868,2026-03-12,4,2,2
12869,2026-03-25,5,2,2
12872,2026-04-03,3,0,1
12873,2026-04-10,3,0,1
12874,2026-04-20,5,1,2
12875,2026-03-19,4,2,2
12876,2026-03-22,3,0,1
12877,2026-05-17,1,0,1
12878,2026-05-23,4,2,3
12879,2026-03-08,4,2,2
12880,2026-04-03,5,2,2
12881,2026-04-07,9,4,3
12883,2026-04-19,3,0,1
12884,2026-03-21,2,0,1
12885,2026-03-28,5,2,2
12886,2026-03-15,1,0,1
12887,2026-05-11,2,0,1
12888,2026-05-16,2,0,1
12889,2026-03-29,6,3,3
12890,2026-04-03,4,2,2
12893,2026-05-10,2,0,1
12894,2026-05-17,2,1,2
12895,2026-03-16,4,2,1
12896,2026-03-21,1,0,1
12897,2026-03-14,2,0,1
12898,2026-03-17,7,4,5
12899,2026-03-20,3,1,2
12900,2026-03-26,4,0,1
12901,2026-03-16,7,5,4
12902,2026-03-30,5,2,3
12903,2026-04-04,5,2,2
12904,2026-04-13,6,3,3
12905,2026-04-18,4,2,3
12906,2026-03-09,5,2,2
12907,2026-03-15,5,2,2
12908,2026-03-19,7,4,4
12909,2026-03-15,4,2,3
12910,2026-03-19,5,1,2
12913,2026-04-07,8,5,5
12914,2026-04-12,2,0,1
12919,2026-05-15,3,0,1
12920,2026-05-20,4,1,2
12921,2026-04-20,3,0,1
12922,2026-03-20,2,0,1
12923,2026-03-23,3,0,1
12924,2026-03-27,6,2,2
12925,2026-03-14,4,3,3
12926,2026-03-20,3,0,1
12927,2026-03-23,6,1,2
12928,2026-03-24,8,4,3
12929,2026-03-24,5,1,2
12930,2026-03-26,6,1,2
12931,2026-03-26,10,4,3
12932,2026-03-29,5,2,3
12933,2026-04-24,4,2,3
12934,2026-04-30,4,1,2
12935,2026-04-01,4,1,2
12936,2026-04-08,5,1,2
12937,2026-03-13,1,0,1
12938,2026-03-18,5,4,4
12939,2026-03-12,4,1,2
12940,2026-03-09,8,2,1
12941,2026-06-12,5,2,3
12942,2026-06-20,4,2,2
12943,2026-03-12,5,2,2
12944,2026-03-17,5,2,3
12945,2026-04-13,4,2,3
12946,2026-04-17,4,2,3
12947,2026-04-25,6,4,4
12948,2026-05-02,4,2,2
12949,2026-04-18,3,1,2
12950,2026-04-23,5,3,3
12951,2026-03-12,2,0,1
12954,2026-03-15,2,0,1
12955,2026-03-22,4,0,1
12956,2026-03-13,2,0,1
12961,2026-07-06,3,1,2
12962,2026-05-08,4,2,2
12963,2026-03-16,4,2,2
12964,2026-03-20,4,2,3
12965,2026-03-17,5,3,4
12968,2026-03-19,3,0,1
12969,2026-03-28,6,2,2
12970,2026-06-07,4,1,2
12971,2026-06-12,3,1,2
12974,2026-04-03,5,2,2
12975,2026-04-08,4,0,1
12976,2026-03-10,11,8,8
12977,2026-03-10,2,0,1
12978,2026-03-14,8,6,4
12979,2026-04-29,7,3,3
12980,2026-03-17,8,4,4
12981,2026-03-22,3,0,1
12982,2026-04-29,5,2,3
12983,2026-05-07,5,3,4
12984,2026-03-11,4,3,3
12987,2026-03-15,2,0,1
12988,2026-03-18,16,13,9
12989,2026-03-28,7,4,4
12994,2026-03-17,9,5,4
12996,2026-03-29,4,1,2
12999,2026-05-03,5,0,1
13000,2026-05-07,4,2,2
13001,2026-06-03,7,3,4
13002,2026-06-10,5,2,3
13003,2026-04-23,3,0,1
13004,2026-04-26,3,1,2
13005,2026-04-28,9,8,3
13006,2026-03-15,1,0,1
13007,2026-03-20,2,0,1
13008,2026-03-29,4,1,2
13009,2026-04-03,3,0,1
13010,2026-04-03,3,0,1
13011,2026-04-08,4,0,1
13012,2026-03-10,1,0,1
13013,2026-03-15,1,0,1
13014,2026-06-02,4,3,3
13015,2026-06-05,5,3,4
13016,2026-04-04,3,0,1
13018,2026-04-11,10,8,4
13019,2026-03-11,3,0,1
13020,2026-03-15,4,3,3
13021,2026-03-28,3,0,1
13022,2026-03-31,8,6,4
13023,2026-03-10,5,1,1
13024,2026-04-20,6,1,2
13025,2026-04-24,7,3,2
13026,2026-04-03,3,0,1
13027,2026-05-08,4,2,2
13028,2026-05-12,3,1,2
13029,2026-07-22,5,3,3
13030,2026-04-11,4,2,2
13031,2026-04-18,2,0,1
13032,2026-05-16,3,0,1
13033,2026-05-23,3,1,2
13034,2026-03-20,1,0,1
13035,2026-03-15,4,2,2
13036,2026-03-21,1,0,1
13037,2026-03-16,2,0,1
13038,2026-03-20,1,0,1
13039,2026-03-16,4,2,2
13041,2026-03-21,1,0,1
13042,2026-05-12,2,0,1
13043,2026-05-16,4,0,1
13044,2026-06-13,7,4,4
13045,2026-06-19,5,1,2
13046,2026-03-20,1,0,1
13047,2026-03-25,3,0,1
13048,2026-03-12,4,2,1
13049,2026-03-15,3,2,2
13051,2026-04-15,5,3,2
13052,2026-05-06,2,0,1
13053,2026-05-11,4,0,1
13054,2026-03-11,8,7,5
13055,2026-03-17,3,0,1
13056,2026-03-28,4,0,1
13057,2026-04-04,13,6,4
13060,2026-04-12,4,2,2
13061,2026-04-17,7,5,6
13063,2026-03-28,10,6,5
13064,2026-04-02,3,0,1
13065,2026-05-16,3,0,1
13066,2026-05-20,8,5,3
13067,2026-04-05,6,2,2
13068,2026-04-10,6,1,2
13069,2026-03-28,6,3,3
13070,2026-04-03,2,0,1
13071,2026-04-01,3,0,1
13072,2026-04-16,5,3,3
13073,2026-04-20,7,5,4
13074,2026-04-24,3,1,2
13075,2026-05-03,6,5,3
13076,2026-05-09,1,0,1
13077,2026-03-20,3,0,1
13078,2026-03-28,2,0,1
13079,2026-07-02,5,3,3
13080,2026-07-08,2,0,1
13081,2026-03-15,1,0,1
13082,2026-03-20,6,4,3
13083,2026-04-25,4,2,2
13084,2026-04-28,6,4,4
13085,2026-03-26,4,2,2
13086,2026-03-29,6,3,3
13087,2026-03-12,7,5,5
13088,2026-03-19,3,2,2
13089,2026-03-25,4,2,2
13090,2026-03-12,6,4,3
13091,2026-03-15,7,6,4
13092,2026-04-11,3,1,2
13093,2026-04-19,7,4,3
13094,2026-04-30,3,1,2
13095,2026-05-08,7,3,4
13096,2026-06-17,4,1,2
13097,2026-06-23,7,5,6
13098,2026-03-12,2,0,1
13099,2026-03-15,2,0,1
13100,2026-03-22,4,2,2
13101,2026-03-27,4,1,2
13102,2026-03-22,5,2,2
13103,2026-03-29,2,0,1
13104,2026-04-29,6,3,3
13105,2026-05-02,2,0,1
13106,2026-03-16,10,8,4
13107,2026-03-22,2,1,1
13110,2026-03-16,8,5,3
13112,2026-06-26,10,8,5
13113,2026-03-10,3,0,1
13114,2026-03-13,3,1,2
13115,2026-05-03,4,2,1
13116,2026-05-09,4,3,2
13117,2026-05-17,1,0,1
13118,2026-05-18,5,0,1
13119,2026-05-18,7,2,2
13120,2026-05-24,4,0,1
13121,2026-04-18,2,0,1
13122,2026-03-20,2,0,1
13123,2026-03-28,10,5,3
13126,2026-03-18,3,1,1
13127,2026-03-24,2,1,1
13128,2026-03-22,3,0,1
13129,2026-03-25,3,0,1
13130,2026-03-27,2,0,1
13131,2026-05-14,3,1,2
13132,2026-05-21,6,2,1
13137,2026-03-11,3,2,3
13138,2026-03-16,5,3,3
13139,2026-03-12,8,4,3
13140,2026-03-19,4,1,2
13141,2026-03-22,5,2,2
13142,2026-03-10,2,0,1
13143,2026-03-13,5,3,3
13144,2026-03-15,5,4,3
13145,2026-04-03,3,0,1
13146,2026-04-09,4,1,2
13147,2026-04-02,3,0,1
13148,2026-04-09,8,2,3
13149,2026-03-20,2,0,1
13150,2026-04-10,3,0,1
13151,2026-04-15,6,3,3
13155,2026-06-27,8,6,6
13156,2026-07-05,2,0,1
13157,2026-05-06,3,0,1
13158,2026-05-11,7,5,4
13160,2026-04-27,6,4,4
13161,2026-06-08,6,2,3
13162,2026-06-12,3,1,2
13163,2026-03-15,1,0,1
13165,2026-04-09,3,0,1
13166,2026-03-25,6,2,2
13169,2026-04-17,2,1,2
13170,2026-04-24,9,5,3
13171,2026-04-23,3,1,2
13172,2026-04-26,6,4,5
13173,2026-04-24,9,8,5
13174,2026-04-29,4,2,3
13175,2026-03-22,3,0,1
13176,2026-03-27,5,3,4
13177,2026-04-25,3,1,2
13178,2026-05-09,3,1,2
13180,2026-04-20,4,1,2
13181,2026-04-24,7,5,2
13182,2026-03-21,1,0,1
13183,2026-03-29,7,1,2
13184,2026-03-16,7,4,3
13185,2026-03-13,4,2,2
13186,2026-03-16,2,0,1
13187,2026-03-21,1,0,1
13188,2026-03-25,8,5,3
13189,2026-04-11,2,0,1
13190,2026-04-22,6,3,3
13191,2026-03-27,8,0,1
13192,2026-04-02,7,5,4
13193,2026-03-25,2,0,1
13194,2026-04-04,4,1,2
13199,2026-04-09,8,3,3
13200,2026-03-15,7,4,3
13201,2026-03-21,1,0,1
13203,2026-05-06,5,2,2
13204,2026-05-11,10,6,4
13205,2026-06-01,5,2,3
13206,2026-06-11,5,2,3
13207,2026-03-31,4,1,2
13208,2026-04-04,6,3,3
13209,2026-04-05,3,1,2
13210,2026-04-12,4,2,2
13211,2026-04-11,6,2,2
13212,2026-03-11,4,2,2
13213,2026-04-24,11,7,6
13214,2026-04-28,4,2,3
13216,2026-04-12,7,5,5
13217,2026-04-17,4,2,3
13218,2026-03-15,1,0,1
13221,2026-04-17,3,2,2
13222,2026-03-15,1,0,1
13223,2026-03-20,2,0,1
13224,2026-03-12,2,0,1
13225,2026-04-01,6,3,3
13226,2026-04-04,7,2,2
13227,2026-03-18,3,0,1
13228,2026-03-21,5,2,2
13229,2026-03-28,6,3,3
13230,2026-03-20,4,2,2
13231,2026-03-15,6,4,3
13232,2026-03-23,6,3,2
13240,2026-05-03,2,0,1
13241,2026-05-07,4,2,2
13244,2026-04-12,6,0,1
13245,2026-04-17,1,0,1
13246,2026-04-17,2,0,1
13247,2026-04-22,10,7,5
13248,2026-03-12,5,3,2
13249,2026-03-15,1,0,1
13250,2026-06-09,10,8,6
13251,2026-06-16,12,10,8
13252,2026-03-22,3,0,1
13253,2026-04-21,8,5,5
13254,2026-04-23,4,2,3
13255,2026-06-12,6,4,4
13256,2026-06-14,2,0,1
13257,2026-03-11,2,0,1
13258,2026-03-14,7,6,4
13259,2026-03-17,3,0,1
13260,2026-04-03,5,2,2
13261,2026-03-14,5,2,2
13262,2026-05-02,1,0,1
13263,2026-05-08,2,0,1
13264,2026-03-13,2,0,1
13265,2026-05-15,4,2,2
13266,2026-04-30,4,2,3
13267,2026-04-09,4,0,1
13268,2026-04-13,6,3,3
13269,2026-03-14,2,0,1
13270,2026-03-21,2,0,1
13271,2026-03-17,12,6,4
13272,2026-03-20,3,0,1
13273,2026-03-30,6,3,2
13274,2026-04-03,3,0,1
13275,2026-03-26,3,0,1
13276,2026-03-29,4,1,2
13277,2026-03-18,2,0,1
13278,2026-03-11,6,4,2
13279,2026-04-01,5,2,3
13280,2026-04-04,2,0,1
13281,2026-04-05,4,0,1
13282,2026-03-18,6,4,3
13285,2026-04-03,8,5,4
13286,2026-04-11,3,0,1
13287,2026-04-18,2,0,1
13288,2026-04-27,16,12,7
13289,2026-03-19,2,0,1
13290,2026-03-22,7,2,2
13291,2026-04-04,3,0,1
13292,2026-03-28,15,10,5
13293,2026-04-04,3,0,1
13294,2026-06-16,4,0,1
13295,2026-06-25,6,3,2
13296,2026-04-04,5,0,1
13297,2026-03-25,6,3,3
13298,2026-04-03,8,4,3
13300,2026-06-13,4,2,3
13301,2026-03-14,2,1,2
13302,2026-03-14,7,5,3
13303,2026-03-21,3,0,1
13304,2026-06-27,5,3,3
13305,2026-03-11,2,0,1
13306,2026-04-03,3,1,2
13307,2026-04-10,3,0,1
13308,2026-06-20,2,1,2
13309,2026-03-27,6,3,3
13310,2026-04-01,3,0,1
13311,2026-03-13,2,0,1
13312,2026-03-17,5,1,2
13315,2026-03-12,2,0,1
13316,2026-03-21,5,2,2
13317,2026-04-01,11,7,3
13318,2026-04-06,4,2,2
13319,2026-04-05,4,1,2
13320,2026-03-16,4,2,2
13321,2026-03-21,1,0,1
13322,2026-05-14,4,2,3
13323,2026-05-20,5,2,2
13326,2026-04-14,3,1,2
13327,2026-04-15,4,2,3
13328,2026-04-19,3,1,2
13333,2026-03-15,4,2,1
13334,2026-03-21,1,0,1
13375,2026-04-11,8,5,4
13376,2026-04-15,6,4,4
13377,2026-03-19,3,1,2
13378,2026-03-28,7,4,3
13379,2026-03-14,5,2,2
13380,2026-03-15,2,0,1
13381,2026-03-17,4,2,2
13382,2026-04-11,3,0,1
13383,2026-05-20,12,9,5
13384,2026-05-20,6,2,3
13385,2026-04-12,2,0,1
13386,2026-06-06,6,4,3
13389,2026-05-06,5,0,1
13390,2026-05-10,5,3,3
13391,2026-03-15,6,3,3
13392,2026-03-19,3,1,2
13393,2026-03-25,3,0,1
13394,2026-04-11,4,2,2
13395,2026-04-15,5,3,3
13396,2026-05-27,8,6,7
13397,2026-06-07,4,1,2
13398,2026-06-14,2,0,1
13399,2026-03-15,3,0,1
13400,2026-03-22,7,4,3
13401,2026-03-27,3,1,2
13402,2026-04-02,3,0,1
13403,2026-05-07,3,1,2
13405,2026-05-31,2,0,1
13406,2026-06-06,15,11,5
13408,2026-03-20,3,0,1
13409,2026-03-26,5,0,1
13410,2026-05-30,5,3,3
13411,2026-06-07,2,0,1
13412,2026-03-28,5,2,2
13413,2026-04-03,5,2,2
13414,2026-04-05,5,2,2
13415,2026-04-09,4,1,2
13416,2026-03-30,4,2,1
13417,2026-04-03,5,2,2
13418,2026-03-13,4,2,2
13419,2026-03-12,2,0,1
13420,2026-03-12,1,0,1
13421,2026-04-27,3,0,1
13422,2026-07-04,5,3,3
13423,2026-07-16,5,3,3
13426,2026-03-30,8,3,3
13427,2026-04-03,3,0,1
13430,2026-03-26,5,2,2
13431,2026-05-10,5,4,3
13432,2026-05-15,2,0,1
13437,2026-06-06,6,2,3
13438,2026-06-13,4,1,2
13439,2026-04-07,3,0,1
13440,2026-04-13,3,1,2
13442,2026-03-22,5,3,3
13443,2026-03-26,5,3,2
13444,2026-04-06,7,4,3
13445,2026-08-21,9,0,1
13447,2026-04-10,7,2,3
13448,2026-03-14,8,7,7
13449,2026-04-16,8,6,3
13450,2026-04-24,5,3,4
13451,2026-03-20,2,0,1
13452,2026-03-27,5,1,2
13453,2026-03-13,3,2,2
13458,2026-04-09,4,1,2
13459,2026-04-15,4,2,3
13461,2026-03-22,3,0,1
13462,2026-03-22,4,0,1
13463,2026-03-29,3,1,2
13464,2026-04-02,3,0,1
13465,2026-04-27,5,3,4
13466,2026-05-05,3,0,1
13467,2026-04-09,7,4,2
13469,2026-03-14,7,2,2
13470,2026-03-16,2,0,1
13471,2026-05-15,7,3,3
13474,2026-03-29,3,0,1
13475,2026-04-04,5,1,2
13476,2026-05-18,9,5,2
13477,2026-04-18,4,3,3
13478,2026-04-24,5,3,3
13479,2026-03-21,6,2,2
13480,2026-03-26,3,0,1
13481,2026-05-22,8,5,4
13482,2026-04-18,6,4,3
13483,2026-04-25,3,0,1
13488,2026-03-21,7,6,3
13489,2026-03-28,4,1,2
13492,2026-03-15,6,5,4
13493,2026-05-08,3,1,2
13494,2026-05-14,2,0,1
13495,2026-03-13,1,0,1
13496,2026-03-17,4,1,2
13497,2026-04-25,7,4,4
13500,2026-04-30,3,0,1
13501,2026-05-06,3,1,2
13502,2026-03-14,2,0,1
13503,2026-03-19,3,1,2
13504,2026-04-10,3,0,1
13507,2026-04-16,5,3,3
13508,2026-04-22,10,8,4
13509,2026-05-10,5,3,3
13510,2026-05-16,2,0,1
13513,2026-06-07,3,1,2
13514,2026-06-13,5,3,3
13515,2026-03-29,6,4,3
13516,2026-04-03,12,5,3
13517,2026-04-03,6,2,3
13518,2026-04-08,9,5,4
13519,2026-03-27,4,2,3
13520,2026-04-08,3,0,1
13521,2026-04-11,1,0,1
13522,2026-04-11,2,0,1
13523,2026-03-14,6,4,3
13524,2026-03-21,4,3,3
13525,2026-03-28,7,3,2
13526,2026-04-03,4,1,2
13527,2026-03-15,6,4,3
13528,2026-03-20,2,0,1
13529,2026-06-08,6,2,2
13530,2026-06-13,5,1,2
13531,2026-04-08,3,1,2
13532,2026-03-13,4,2,2
13533,2026-04-03,8,4,3
13534,2026-04-08,4,1,2
13535,2026-03-31,4,2,2
13536,2026-04-05,5,2,3
13537,2026-03-20,2,0,1
13538,2026-05-15,2,0,1
13539,2026-05-17,1,0,1
13540,2026-04-12,4,2,2
13541,2026-04-16,3,1,2
13542,2026-04-19,7,6,3
13543,2026-04-24,5,0,1
13544,2026-03-19,4,2,2
13545,2026-03-25,3,0,1
13548,2026-03-18,2,0,1
13549,2026-03-23,11,8,7
13550,2026-03-15,3,0,1
13551,2026-03-20,6,3,3
13554,2026-03-21,3,2,2
13555,2026-03-24,6,2,3
13556,2026-03-13,3,0,1
13557,2026-04-12,4,2,2
13558,2026-04-16,8,5,4
13559,2026-04-13,4,2,3
13560,2026-04-16,10,5,6
13561,2026-03-18,5,4,2
13562,2026-03-22,4,0,1
13563,2026-04-13,6,4,3
13564,2026-05-25,9,7,4
13565,2026-05-30,16,8,6
13568,2026-03-15,6,5,4
13569,2026-03-20,8,4,3
13570,2026-04-21,5,3,3
13571,2026-04-28,11,9,6
13572,2026-07-27,2,0,1
13573,2026-08-02,3,1,2
13574,2026-04-02,9,4,2
13575,2026-04-07,4,2,3
13579,2026-03-20,3,1,2
13580,2026-03-14,2,0,1
13581,2026-03-18,1,0,1
13582,2026-05-09,9,6,3
13583,2026-03-13,1,0,1
13584,2026-03-17,8,3,4
13585,2026-08-11,2,0,1
13586,2026-08-17,4,2,3
13587,2026-03-15,3,0,1
13588,2026-03-19,6,2,2
13590,2026-03-16,8,5,2
13591,2026-03-16,4,2,2
13592,2026-03-17,2,1,1
13593,2026-03-17,3,2,2
13603,2026-03-24,5,1,2
13604,2026-03-24,3,0,1
13605,2026-03-15,9,7,3
13606,2026-03-20,2,0,1
13607,2026-05-08,2,0,1
13608,2026-05-13,4,1,2
13609,2026-05-17,6,4,4
13612,2026-03-27,3,0,1
13613,2026-04-03,5,2,2
13618,2026-04-12,2,0,1
13619,2026-04-16,4,1,2
13620,2026-04-29,14,9,7
13621,2026-05-04,3,1,2
13622,2026-03-28,4,0,1
13623,2026-04-04,6,2,2
13624,2026-03-31,7,4,4
13625,2026-04-12,4,1,2
13626,2026-03-19,3,1,2
13627,2026-04-02,3,0,1
13628,2026-04-06,5,2,3
13629,2026-04-19,2,0,1
13630,2026-04-24,4,2,2
13631,2026-04-17,2,0,1
13632,2026-04-28,13,10,4
13633,2026-03-27,6,4,3
13634,2026-04-03,4,0,1
13637,2026-03-20,3,0,1
13638,2026-03-16,3,1,1
13640,2026-03-28,6,3,3
13641,2026-04-17,2,0,1
13642,2026-03-15,9,8,4
13643,2026-03-20,5,2,2
13644,2026-03-25,3,0,1
13645,2026-05-05,6,0,1
13646,2026-05-09,1,0,1
13647,2026-05-24,4,1,2
13648,2026-05-30,5,3,2
13653,2026-05-24,3,1,2
13654,2026-05-28,6,4,4
13655,2026-03-14,3,0,1
13658,2026-03-14,19,16,7
13659,2026-04-03,2,0,1
13660,2026-04-11,3,1,2
13661,2026-04-09,4,2,2
13662,2026-03-14,10,7,4
13663,2026-03-19,6,4,3
13664,2026-05-04,5,4,4
13665,2026-05-08,3,1,2
13668,2026-03-27,4,1,2
13669,2026-03-20,5,2,2
13670,2026-03-24,7,4,4
13671,2026-05-15,3,0,1
13672,2026-05-21,5,2,1
13675,2026-05-01,6,5,4
13676,2026-05-08,2,0,1
13677,2026-05-26,3,0,1
13680,2026-05-15,4,2,3
13681,2026-05-27,2,0,1
13682,2026-08-15,11,2,1
13683,2026-08-21,2,0,1
13686,2026-05-10,1,0,1
13687,2026-05-15,3,0,1
13688,2026-05-03,4,0,1
13689,2026-05-05,5,2,3
13690,2026-03-25,5,2,1
13691,2026-03-29,4,0,1
13694,2026-05-02,4,1,2
13695,2026-04-01,5,1,2
13696,2026-04-05,4,1,2
13699,2026-03-15,1,0,1
13700,2026-03-27,5,3,2
13701,2026-04-01,4,0,1
13703,2026-03-22,4,0,1
13704,2026-03-27,10,5,4
13705,2026-03-15,3,2,2
13706,2026-04-03,2,0,1
13707,2026-04-11,5,2,2
13710,2026-03-19,2,0,1
13711,2026-03-23,4,1,2
13712,2026-05-12,2,0,1
13713,2026-05-16,3,1,2
13714,2026-04-04,3,0,1
13715,2026-04-10,5,2,2
13716,2026-04-22,8,6,5
13717,2026-04-06,2,0,1
13718,2026-04-11,5,3,2
13719,2026-03-20,2,0,1
13720,2026-03-24,6,2,3
13722,2026-04-26,4,2,3
13723,2026-05-02,4,0,1
13724,2026-03-22,9,7,4
13727,2026-03-17,3,2,2
13729,2026-04-04,3,0,1
13730,2026-04-11,4,2,2
13731,2026-06-27,5,3,2
13732,2026-07-03,11,8,6
13735,2026-03-29,4,1,2
13736,2026-04-04,5,1,2
13737,2026-03-29,4,1,2
13738,2026-04-03,3,0,1
13739,2026-03-16,5,3,3
13740,2026-03-22,6,4,3
13741,2026-05-17,4,2,2
13742,2026-05-23,3,2,2
13743,2026-03-15,8,6,3
13744,2026-06-19,8,4,4
13745,2026-06-27,6,4,2
13747,2026-03-19,3,0,1
13748,2026-03-24,6,1,2
13749,2026-05-13,4,2,3
13750,2026-05-17,2,1,2
13751,2026-03-18,1,0,1
13752,2026-03-23,8,3,3
13753,2026-03-21,3,2,2
13754,2026-03-28,6,2,2
13759,2026-04-19,5,2,2
13760,2026-04-26,5,3,3
13762,2026-03-29,6,2,2
13763,2026-03-26,6,2,3
13764,2026-04-26,4,2,3
13765,2026-05-02,6,4,2
13766,2026-03-15,1,0,1
13767,2026-03-22,5,2,2
13768,2026-03-27,7,4,4
13769,2026-03-25,2,0,1
13770,2026-03-18,1,0,1
13771,2026-03-22,8,6,5
13772,2026-05-17,6,4,2
13773,2026-05-21,7,4,4
13774,2026-03-27,6,4,3
13775,2026-03-27,4,2,2
13776,2026-04-03,8,4,4
13779,2026-04-26,2,0,1
13780,2026-04-30,4,2,3
13785,2026-03-20,7,5,3
13786,2026-03-26,6,2,2
13787,2026-03-15,4,2,2
13788,2026-03-19,2,0,1
13789,2026-03-20,4,0,1
13790,2026-03-15,1,0,1
13791,2026-04-11,3,1,2
13792,2026-04-12,6,4,5
13793,2026-03-22,4,0,1
13794,2026-04-14,9,7,5
13797,2026-05-31,5,3,3
13798,2026-06-06,5,3,4
13799,2026-03-21,5,2,2
13800,2026-03-25,6,2,2
13801,2026-03-17,2,0,1
13802,2026-03-16,5,2,1
13803,2026-03-17,3,1,2
13804,2026-03-19,4,2,2
13805,2026-03-20,6,4,3
13808,2026-04-12,4,0,1
13809,2026-04-18,7,5,5
13810,2026-05-05,3,1,2
13811,2026-04-10,6,2,1
13812,2026-05-27,15,10,6
13813,2026-05-30,9,4,4
13814,2026-06-06,8,5,4
13815,2026-03-21,5,2,2
13816,2026-03-28,3,0,1
13817,2026-03-17,11,6,4
13818,2026-04-11,7,5,4
13819,2026-04-18,2,0,1
13820,2026-06-14,4,1,2
13821,2026-03-18,4,3,3
13822,2026-07-11,6,4,4
13823,2026-07-22,2,0,1
13824,2026-03-23,4,1,2
13825,2026-03-27,7,4,4
13826,2026-03-26,6,2,3
13827,2026-03-29,3,0,1
13828,2026-03-22,4,0,1
13829,2026-03-27,4,1,2
13830,2026-04-02,3,0,1
13833,2026-04-05,2,0,1
13834,2026-04-10,6,3,3
13835,2026-03-23,8,3,2
13836,2026-03-15,1,0,1
13837,2026-03-29,4,1,2
13838,2026-03-24,3,0,1
13839,2026-03-29,5,0,1
13840,2026-03-20,3,1,2
13841,2026-03-28,5,2,2
13842,2026-03-30,4,1,2
13843,2026-04-04,12,6,4
13846,2026-04-04,4,1,2
13847,2026-04-11,5,3,3
13848,2026-04-24,6,3,3
13849,2026-04-28,6,4,4
13852,2026-05-01,3,1,2
13853,2026-05-04,3,1,2
13854,2026-04-05,6,2,2
13855,2026-04-09,12,9,4
13856,2026-05-09,4,2,2
13857,2026-05-16,1,0,1
13858,2026-06-13,5,2,3
13859,2026-04-27,3,1,2
13860,2026-05-01,6,4,3
13861,2026-03-21,1,0,1
13862,2026-04-10,4,1,2
13863,2026-04-15,4,2,3
13868,2026-04-10,4,2,1
13869,2026-04-16,3,1,2
13870,2026-04-17,7,5,3
13871,2026-04-19,2,0,1
13874,2026-03-26,2,0,1
13877,2026-03-18,1,0,1
13878,2026-03-22,2,0,1
13881,2026-04-26,4,2,3
13882,2026-04-30,2,0,1
13883,2026-03-16,4,2,2
13884,2026-04-10,6,2,2
13885,2026-04-14,4,1,2
13886,2026-06-03,4,2,3
13887,2026-06-09,6,4,4
13888,2026-03-20,2,1,1
13890,2026-04-21,4,2,3
13892,2026-04-27,5,3,3
13893,2026-03-18,3,2,2
13894,2026-03-22,5,2,2
13895,2026-05-09,2,0,1
13896,2026-05-16,3,0,1
13897,2026-03-26,3,0,1
13898,2026-04-07,14,7,4
13899,2026-03-17,3,2,2
13900,2026-03-28,4,1,2
13901,2026-04-04,4,1,2
13902,2026-03-21,4,2,2
13903,2026-03-25,4,1,2
13904,2026-03-21,8,5,4
13905,2026-03-28,3,0,1
13906,2026-05-06,8,6,4
13907,2026-05-14,5,3,3
13914,2026-03-18,4,2,1
13915,2026-05-26,5,2,3
13916,2026-05-31,2,0,1
13917,2026-03-28,3,0,1
13918,2026-07-15,2,0,1
13919,2026-07-22,3,1,2
13920,2026-04-02,6,2,2
13921,2026-04-25,9,7,5
13922,2026-04-29,5,2,3
13923,2026-04-06,6,2,2
13924,2026-04-22,9,7,6
13925,2026-04-25,6,4,4
13926,2026-03-16,1,0,1
13927,2026-04-17,3,1,2
13928,2026-04-17,2,0,1
13929,2026-04-21,5,3,3
13930,2026-03-17,3,0,1
13931,2026-03-22,3,0,1
13934,2026-04-28,5,3,4
13935,2026-05-05,3,0,1
13936,2026-04-01,4,1,2
13938,2026-04-05,13,6,4
13939,2026-03-28,3,0,1
13940,2026-03-17,2,0,1
13941,2026-03-21,4,2,2
13942,2026-03-24,6,2,3
13943,2026-03-30,8,5,3
13948,2026-06-11,4,2,3
13949,2026-03-21,2,0,1
13950,2026-03-28,3,0,1
13951,2026-05-30,8,5,4
13952,2026-06-07,1,0,1
13953,2026-03-26,10,4,2
13954,2026-03-31,7,1,2
13955,2026-04-03,8,4,3
13956,2026-04-08,4,1,2
13957,2026-06-20,7,4,4
13958,2026-03-20,2,0,1
13959,2026-03-25,4,0,1
13960,2026-04-15,11,8,3
13961,2026-04-18,5,2,2
13962,2026-04-18,2,0,1
13963,2026-04-20,5,3,3
13964,2026-03-16,1,0,1
13965,2026-03-17,3,0,1
13966,2026-06-20,3,1,2
13967,2026-03-31,6,3,3
13968,2026-04-05,5,2,3
13973,2026-04-05,4,0,1
13974,2026-04-10,6,3,3
13977,2026-05-25,4,2,2
13978,2026-05-31,3,1,2
13979,2026-06-19,8,5,4
13980,2026-06-23,4,1,2
13981,2026-03-29,8,6,5
13982,2026-04-03,3,1,2
13983,2026-03-19,3,0,1
13984,2026-03-22,4,2,2
13986,2026-03-25,3,0,1
13987,2026-06-06,1,0,1
13988,2026-06-13,6,2,2
13989,2026-04-11,7,4,3
13990,2026-04-16,4,1,2
13991,2026-03-17,2,0,1
13992,2026-03-21,3,0,1
13993,2026-03-28,3,0,1
13994,2026-03-22,3,0,1
13995,2026-03-28,9,7,4
13996,2026-03-20,4,2,3
13997,2026-03-23,7,3,4
13998,2026-03-29,5,2,3
14001,2026-06-06,4,0,1
14002,2026-06-13,3,1,2
14003,2026-03-19,3,0,1
14004,2026-03-22,7,3,3
14005,2026-03-19,5,2,2
14006,2026-03-23,6,3,3
14008,2026-03-21,3,1,1
14009,2026-03-29,3,1,2
14010,2026-04-03,7,3,2
14013,2026-06-05,4,1,2
14014,2026-06-13,4,3,3
14015,2026-03-19,4,2,2
14016,2026-03-24,5,2,3
14017,2026-05-03,2,1,2
14018,2026-05-09,4,2,2
14019,2026-05-16,4,2,2
14020,2026-05-22,11,9,5
14021,2026-04-05,5,2,2
14022,2026-04-08,5,2,2
14023,2026-05-17,3,2,2
14024,2026-04-06,6,2,3
14025,2026-04-29,1,0,1
14026,2026-05-04,2,1,2
14027,2026-04-10,2,0,1
14028,2026-04-11,4,2,2
14029,2026-04-18,5,3,4
14030,2026-03-18,2,1,2
14031,2026-03-23,9,5,3
14032,2026-04-11,6,4,3
14033,2026-04-13,9,8,6
14035,2026-03-18,2,1,2
14036,2026-07-03,4,2,3
14037,2026-04-18,4,1,2
14038,2026-04-24,3,1,2
14041,2026-04-08,3,1,2
14042,2026-04-13,6,4,3
14043,2026-03-21,1,0,1
14044,2026-03-28,3,1,2
14045,2026-03-20,3,0,1
14046,2026-03-23,6,3,3
14047,2026-06-12,2,1,2
14048,2026-06-17,5,0,1
14049,2026-04-04,3,0,1
14050,2026-04-09,3,0,1
14051,2026-03-28,4,0,1
14052,2026-04-05,7,4,4
14053,2026-04-01,7,4,4
14054,2026-04-08,3,0,1
14055,2026-03-19,8,6,2
14056,2026-03-21,6,2,2
14057,2026-03-28,6,2,2
14058,2026-04-02,8,3,3
14059,2026-03-18,3,2,2
14060,2026-03-29,4,0,1
14061,2026-04-01,6,3,4
14062,2026-04-05,3,0,1
14063,2026-05-28,2,0,1
14064,2026-06-08,7,5,6
14065,2026-04-30,4,2,3
14066,2026-05-05,3,1,2
14067,2026-05-07,8,6,2
14068,2026-05-07,11,9,6
14069,2026-04-18,6,3,3
14070,2026-04-25,4,2,3
14071,2026-03-20,4,2,2
14072,2026-03-26,5,1,2
14073,2026-03-27,3,1,2
14074,2026-06-05,6,2,3
14075,2026-03-23,5,1,2
14076,2026-03-27,4,1,2
14077,2026-03-18,1,0,1
14078,2026-03-22,2,0,1
14079,2026-04-03,2,0,1
14080,2026-04-09,4,1,2
14081,2026-03-19,6,3,3
14082,2026-03-24,3,0,1
14083,2026-03-23,4,1,2
14084,2026-06-10,10,7,5
14085,2026-06-17,4,1,2
14086,2026-04-10,2,0,1
14087,2026-04-17,2,0,1
14088,2026-04-21,4,2,3
14089,2026-04-02,3,0,1
14090,2026-04-05,6,2,3
14091,2026-06-21,9,4,4
14092,2026-06-29,3,1,2
14095,2026-03-22,3,0,1
14096,2026-08-08,7,5,4
14097,2026-08-14,3,1,2
14098,2026-04-23,4,2,3
14099,2026-05-28,2,0,1
14100,2026-04-06,4,2,1
14101,2026-04-10,4,0,1
14102,2026-03-19,3,0,1
14103,2026-04-20,3,1,2
14104,2026-04-24,5,3,4
14105,2026-03-19,8,4,2
14106,2026-03-18,1,0,1
14107,2026-03-29,3,0,1
14108,2026-04-04,6,2,2
14109,2026-03-25,3,0,1
14110,2026-04-02,3,0,1
14111,2026-04-06,2,0,1
14112,2026-03-18,6,3,3
14113,2026-03-29,4,2,2
14114,2026-03-18,5,4,2
14115,2026-03-18,5,4,3
14116,2026-03-23,7,3,2
14117,2026-05-16,2,0,1
14118,2026-05-24,5,1,2
14119,2026-03-26,2,0,1
14120,2026-04-02,7,3,3
14121,2026-03-21,4,2,2
14122,2026-03-29,5,2,2
14123,2026-03-20,1,0,1
14124,2026-03-25,7,2,2
14125,2026-04-02,3,0,1
14126,2026-04-05,3,1,2
14127,2026-04-08,3,0,1
14128,2026-04-13,7,4,3
14129,2026-03-29,3,0,1
14130,2026-04-01,4,1,2
14133,2026-03-19,3,0,1
14134,2026-03-22,9,7,4
14135,2026-03-21,4,2,2
14137,2026-05-09,6,4,4
14138,2026-04-01,3,1,2
14139,2026-04-05,11,6,4
14140,2026-04-08,3,0,1
14141,2026-04-13,11,8,6
14143,2026-03-19,7,3,4
14144,2026-03-29,3,0,1
14145,2026-04-02,3,0,1
14146,2026-07-13,4,0,1
14147,2026-07-25,10,6,3
14150,2026-03-27,4,2,3
14151,2026-04-11,2,1,2
14152,2026-04-16,7,5,5
14153,2026-03-28,3,0,1
14154,2026-04-03,15,8,3
14155,2026-06-06,8,5,3
14156,2026-06-13,5,2,2
14157,2026-03-29,3,0,1
14158,2026-04-03,11,7,4
14159,2026-05-10,7,5,3
14160,2026-05-16,3,2,2
14161,2026-08-07,6,4,3
14164,2026-04-03,6,2,2
14165,2026-04-04,5,0,1
14166,2026-04-11,8,4,3
14167,2026-05-07,3,1,2
14168,2026-05-11,2,0,1
14169,2026-03-25,3,0,1
14170,2026-03-30,10,6,4
14171,2026-04-11,4,2,2
14172,2026-04-17,2,0,1
14175,2026-03-18,6,5,3
14176,2026-03-22,5,2,2
14177,2026-03-19,5,2,2
14178,2026-03-22,3,0,1
14179,2026-03-22,2,0,1
14180,2026-03-25,4,1,2
14181,2026-04-12,3,1,2
14182,2026-04-17,5,2,2
14183,2026-04-20,3,2,2
14184,2026-04-25,4,1,2
14185,2026-03-30,6,2,2
14186,2026-04-02,6,3,3
14187,2026-03-28,2,0,1
14188,2026-06-10,8,5,3
14189,2026-05-21,6,4,3
14190,2026-04-06,9,4,2
14191,2026-04-10,4,1,2
14192,2026-03-21,4,2,2
14193,2026-06-11,4,2,3
14196,2026-06-17,5,1,2
14197,2026-03-19,2,0,1
14198,2026-03-24,5,0,1
14199,2026-04-23,5,2,2
14200,2026-04-27,6,4,5
14201,2026-03-22,9,6,3
14202,2026-05-01,11,7,4
14203,2026-04-03,12,6,3
14204,2026-04-11,2,0,1
14207,2026-04-13,7,4,3
14209,2026-04-06,2,0,1
14210,2026-04-11,3,1,2
14213,2026-04-20,5,1,2
14214,2026-04-24,6,4,4
14217,2026-04-18,2,0,1
14218,2026-04-26,9,7,6
14223,2026-05-14,6,4,4
14224,2026-05-21,3,0,1
14225,2026-03-29,3,0,1
14226,2026-04-03,2,0,1
14227,2026-03-20,3,0,1
14228,2026-03-26,3,1,2
14229,2026-04-10,8,3,3
14230,2026-04-18,2,0,1
14231,2026-04-05,4,1,2
14232,2026-04-12,3,0,1
14233,2026-04-25,5,3,2
14234,2026-04-28,3,1,2
14235,2026-05-02,5,0,1
14236,2026-05-09,6,3,3
14237,2026-03-26,6,3,3
14238,2026-03-30,8,3,3
14239,2026-04-05,4,1,2
14240,2026-04-10,4,0,1
14241,2026-04-21,4,1,2
14242,2026-04-29,12,9,4
14245,2026-04-04,4,1,2
14246,2026-04-08,5,2,3
14247,2026-04-21,6,4,4
14248,2026-03-19,2,0,1
14249,2026-03-19,13,7,5
14250,2026-03-22,3,0,1
14251,2026-03-26,3,0,1
14252,2026-03-25,6,2,1
14253,2026-04-30,7,3,3
14254,2026-05-05,4,1,2
14255,2026-05-15,6,2,2
14256,2026-05-23,3,1,2
14257,2026-05-28,6,0,1
14258,2026-05-28,6,3,3
14259,2026-04-05,3,0,1
14260,2026-04-11,4,2,2
14261,2026-04-18,4,0,1
14263,2026-04-02,3,0,1
14264,2026-05-30,9,7,5
14267,2026-04-12,2,0,1
14270,2026-03-19,12,10,8
14271,2026-07-12,5,2,3
14276,2026-03-24,6,1,2
14277,2026-03-23,6,2,2
14278,2026-03-28,4,0,1
14279,2026-05-03,2,0,1
14280,2026-05-09,2,0,1
14281,2026-04-21,4,1,2
14282,2026-03-21,7,4,3
14283,2026-03-24,3,0,1
14285,2026-03-21,3,2,2
14286,2026-03-19,1,0,1
14287,2026-03-19,1,0,1
14288,2026-04-07,9,7,4
14289,2026-04-11,4,2,2
14290,2026-03-20,5,3,3
14291,2026-04-03,7,3,3
14292,2026-04-10,9,5,4
14293,2026-03-20,8,4,3
14296,2026-05-20,4,1,2
14297,2026-05-24,2,0,1
14299,2026-04-17,2,0,1
14300,2026-04-26,6,4,5
14301,2026-03-29,4,1,2
14304,2026-05-26,6,4,2
14305,2026-05-30,13,10,7
14306,2026-04-19,3,2,2
14307,2026-04-22,9,6,4
14309,2026-03-25,3,0,1
14312,2026-04-05,7,2,2
14313,2026-04-12,8,6,4
14314,2026-06-05,6,4,5
14315,2026-06-10,8,6,6
14318,2026-03-29,4,1,2
14319,2026-04-06,9,5,4
14320,2026-04-10,3,1,2
14321,2026-04-03,19,8,4
14322,2026-03-21,4,2,2
14323,2026-03-22,4,3,2
14324,2026-03-27,5,2,3
14326,2026-03-22,3,0,1
14327,2026-03-19,2,0,1
14328,2026-03-23,11,5,3
14329,2026-06-08,5,1,2
14331,2026-04-08,5,2,2
14332,2026-04-09,4,1,2
14333,2026-03-19,5,2,2
14334,2026-06-10,10,7,5
14335,2026-06-14,4,2,3
14336,2026-04-21,5,1,2
14337,2026-04-30,5,3,4
14338,2026-05-11,5,2,3
14339,2026-05-16,2,0,1
14342,2026-03-22,4,0,1
14343,2026-03-27,8,6,5
14346,2026-04-10,6,1,2
14347,2026-05-07,2,0,1
14348,2026-05-11,3,1,2
14349,2026-06-03,4,1,2
14350,2026-03-22,7,3,3
14351,2026-03-25,10,5,4
14352,2026-03-29,5,2,2
14353,2026-03-29,4,0,1
14354,2026-04-03,2,0,1
14355,2026-05-27,12,10,7
14356,2026-06-02,5,4,5
14357,2026-04-04,5,0,1
14358,2026-04-11,4,0,1
14359,2026-04-05,4,2,2
14360,2026-04-02,5,1,2
14361,2026-04-06,5,2,1
14362,2026-04-21,6,4,4
14363,2026-04-26,5,2,3
14368,2026-03-29,4,1,2
14369,2026-04-02,3,1,2
14370,2026-03-29,5,2,1
14372,2026-04-25,3,0,1
14373,2026-05-02,2,1,2
14374,2026-04-01,7,2,2
14375,2026-04-05,3,0,1
14376,2026-04-10,3,1,2
14377,2026-04-17,3,0,1
14378,2026-04-11,3,1,1
14382,2026-03-23,8,2,3
14383,2026-05-02,3,0,1
14384,2026-05-08,7,3,3
14385,2026-05-10,2,0,1
14386,2026-05-16,2,0,1
14389,2026-05-03,5,4,3
14390,2026-05-11,3,2,3
14391,2026-04-24,3,1,2
14392,2026-05-01,5,3,3
14393,2026-03-22,4,2,2
14394,2026-03-27,3,1,2
14395,2026-05-11,4,2,3
14396,2026-05-15,3,1,2
14397,2026-04-10,2,0,1
14398,2026-04-07,7,3,4
14404,2026-03-20,2,0,1
14405,2026-03-22,8,4,3
14406,2026-03-22,3,0,1
14407,2026-03-28,9,5,3
14408,2026-03-22,8,6,3
14409,2026-03-25,6,3,2
14410,2026-04-30,7,4,3
14411,2026-04-11,3,0,1
14412,2026-03-21,9,4,2
14413,2026-04-07,6,1,2
14414,2026-04-14,3,1,2
14419,2026-06-15,9,5,4
14420,2026-06-20,9,7,5
14421,2026-04-03,2,0,1
14422,2026-04-20,3,1,2
14423,2026-04-25,4,1,2
14424,2026-03-21,12,10,5
14425,2026-04-17,2,0,1
14426,2026-04-22,8,5,4
14427,2026-08-16,15,0,1
14429,2026-04-06,2,0,1
14430,2026-06-28,4,2,2
14431,2026-07-02,8,6,5
14432,2026-04-18,2,0,1
14433,2026-03-26,6,3,3
14434,2026-03-30,4,1,2
14435,2026-04-16,2,0,1
14436,2026-04-23,3,1,2
14437,2026-04-02,3,0,1
14438,2026-04-07,4,1,2
14439,2026-06-08,5,1,2
14440,2026-06-13,6,3,3
14441,2026-05-10,3,0,1
14442,2026-05-16,2,0,1
14443,2026-05-02,3,0,1
14444,2026-05-05,3,0,1
14445,2026-03-28,3,0,1
14446,2026-03-28,11,8,4
14447,2026-03-26,5,2,3
14448,2026-03-28,6,3,3
14449,2026-04-26,2,0,1
14450,2026-05-03,9,7,3
14451,2026-03-23,3,1,2
14452,2026-03-27,3,1,2
14459,2026-04-04,10,4,3
14462,2026-03-27,2,1,1
14463,2026-04-27,7,3,3
14464,2026-05-01,10,6,4
14466,2026-03-26,3,0,1
14467,2026-06-02,5,4,5
14468,2026-06-07,3,0,1
14469,2026-04-16,2,0,1
14470,2026-04-20,6,5,4
14471,2026-03-25,3,0,1
14472,2026-03-28,4,1,2
14473,2026-07-05,2,0,1
14474,2026-04-26,2,0,1
14475,2026-05-01,3,1,2
14476,2026-05-10,3,2,2
14477,2026-05-16,3,0,1
14478,2026-03-27,5,2,2
14479,2026-04-11,8,4,2
14480,2026-03-28,5,2,2
14481,2026-04-04,5,2,2
14482,2026-04-06,4,2,1
14483,2026-03-25,3,0,1
14485,2026-03-23,5,2,2
14486,2026-04-07,4,1,2
14487,2026-04-17,3,0,1
14488,2026-04-21,4,3,4
14489,2026-03-21,2,0,1
14490,2026-05-25,5,2,2
14491,2026-05-30,6,2,3
14492,2026-03-28,4,1,2
14493,2026-04-04,3,1,2
14496,2026-05-28,6,3,3
14497,2026-06-04,5,4,5
14498,2026-04-12,4,1,1
14499,2026-04-16,10,8,5
14500,2026-03-21,2,0,1
14501,2026-03-21,3,1,2
14502,2026-03-24,8,4,4
14503,2026-03-25,2,1,1
14505,2026-03-21,3,0,1
14507,2026-03-26,2,1,1
14508,2026-05-04,2,0,1
14509,2026-05-08,2,0,1
14510,2026-03-21,8,6,4
14511,2026-03-22,3,0,1
14512,2026-03-27,5,2,3
14513,2026-04-04,3,0,1
14517,2026-04-26,2,0,1
14518,2026-05-02,4,2,3
14519,2026-03-22,3,0,1
14520,2026-03-21,4,1,2
14521,2026-03-23,10,4,3
14522,2026-03-26,5,1,2
14523,2026-05-07,3,1,2
14524,2026-05-11,4,2,3
14525,2026-04-03,4,0,1
14526,2026-03-22,3,0,1
14529,2026-03-30,6,3,2
14530,2026-03-30,5,0,1
14533,2026-04-18,1,0,1
14534,2026-04-23,2,0,1
14535,2026-05-29,7,3,2
14536,2026-06-03,7,3,3
14537,2026-04-06,11,6,4
14538,2026-04-26,5,3,2
14539,2026-04-11,2,0,1
14540,2026-04-19,4,2,2
14541,2026-04-23,9,5,4
14542,2026-03-28,3,0,1
14543,2026-04-03,3,1,2
14544,2026-05-17,4,2,2
14545,2026-05-23,2,0,1
14546,2026-04-25,4,2,3
14547,2026-04-30,8,4,4
14548,2026-04-07,9,4,3
14551,2026-05-31,3,0,1
14552,2026-06-10,3,1,2
14553,2026-04-04,2,0,1
14554,2026-04-11,3,1,2
14555,2026-05-03,6,4,3
14556,2026-04-01,4,1,2
14557,2026-05-20,3,0,1
14558,2026-03-26,2,0,1
14559,2026-04-03,5,2,2
14560,2026-04-09,8,3,3
14567,2026-03-30,5,0,1
14568,2026-04-03,9,4,3
14569,2026-03-29,3,0,1
14570,2026-04-03,2,0,1
14571,2026-04-16,7,5,3
14572,2026-04-22,6,4,3
14573,2026-03-28,5,2,1
14574,2026-04-01,5,1,2
14579,2026-04-28,5,2,3
14580,2026-05-02,2,0,1
14581,2026-03-28,3,0,1
14582,2026-04-04,3,0,1
14585,2026-05-02,3,1,2
14586,2026-05-08,2,0,1
14587,2026-03-22,2,0,1
14588,2026-03-28,5,2,2
14589,2026-07-14,2,0,1
14590,2026-07-19,9,6,6
14591,2026-03-29,7,5,4
14592,2026-04-03,2,0,1
14597,2026-04-27,8,4,4
14598,2026-05-05,3,0,1
14601,2026-03-25,8,3,3
14602,2026-03-31,9,5,4
14607,2026-04-20,3,1,2
14608,2026-04-23,7,4,4
14610,2026-05-28,5,2,2
14611,2026-06-02,6,2,2
14612,2026-03-28,2,0,1
14613,2026-04-04,2,0,1
14614,2026-04-03,4,0,1
14615,2026-04-11,4,2,3
14616,2026-04-11,1,0,1
14617,2026-04-18,2,0,1
14618,2026-04-11,5,3,3
14619,2026-04-17,3,1,2
14620,2026-04-26,6,4,3
14621,2026-05-02,6,3,3
14622,2026-04-28,13,11,6
14623,2026-05-05,2,0,1
14624,2026-03-22,5,2,2
14625,2026-04-11,7,1,2
14626,2026-04-20,3,1,2
14627,2026-04-12,15,10,6
14628,2026-05-21,4,2,2
14629,2026-03-31,4,1,2
14630,2026-04-10,5,3,4
14631,2026-03-28,3,0,1
14632,2026-04-02,6,2,2
14633,2026-04-15,2,0,1
14634,2026-04-23,3,1,2
14637,2026-04-30,3,1,2
14638,2026-05-07,4,2,3
14639,2026-03-24,3,0,1
14640,2026-03-30,6,2,2
14641,2026-03-30,5,1,2
14642,2026-04-04,7,3,3
14643,2026-03-26,5,1,2
14644,2026-05-20,6,3,3
14645,2026-05-25,4,1,2
14648,2026-04-18,6,2,3
14649,2026-04-24,5,3,3
14650,2026-04-12,3,2,2
14651,2026-04-16,4,1,2
14652,2026-04-24,4,3,3
14653,2026-04-27,5,3,4
14654,2026-05-03,2,0,1
14655,2026-05-08,2,0,1
14656,2026-05-02,1,0,1
14657,2026-05-09,2,0,1
14658,2026-07-29,2,0,1
14659,2026-08-03,2,0,1
14660,2026-05-03,11,6,3
14661,2026-04-16,3,1,2
14662,2026-04-23,10,8,5
14663,2026-03-24,5,2,3
14664,2026-03-27,4,2,2
14665,2026-06-07,6,3,3
14666,2026-06-14,4,0,1
14667,2026-04-13,5,3,3
14668,2026-04-19,2,0,1
14669,2026-04-22,9,6,5
14670,2026-04-26,6,4,5
14671,2026-03-25,8,3,3
14673,2026-03-24,3,0,1
14674,2026-04-03,2,0,1
14675,2026-03-22,5,1,2
14676,2026-03-26,5,3,3
14677,2026-04-05,4,1,2
14678,2026-04-09,5,1,2
14679,2026-04-29,4,3,3
14680,2026-05-03,1,0,1
14681,2026-05-09,1,0,1
14682,2026-05-16,2,0,1
14683,2026-05-06,2,1,2
14684,2026-04-10,10,5,3
14685,2026-04-11,5,3,3
14686,2026-04-18,2,0,1
14687,2026-03-26,6,2,2
14690,2026-04-10,11,7,3
14691,2026-04-14,3,0,1
14692,2026-06-18,5,2,3
14693,2026-03-29,6,2,2
14694,2026-04-03,8,4,3
14695,2026-04-06,2,0,1
14696,2026-04-10,5,2,1
14697,2026-03-27,9,4,4
14698,2026-05-02,6,3,3
14699,2026-05-09,2,0,1
14700,2026-03-28,3,0,1
14701,2026-04-04,6,2,1
14702,2026-08-08,7,5,3
14703,2026-08-15,3,1,2
14704,2026-03-27,5,3,3
14705,2026-04-09,6,2,2
14706,2026-03-28,7,4,3
14707,2026-04-01,3,0,1
14708,2026-03-24,5,1,2
14709,2026-03-27,2,0,1
14710,2026-03-24,3,0,1
14711,2026-03-28,3,0,1
14712,2026-03-28,4,1,2
14713,2026-04-02,8,3,3
14714,2026-04-08,5,0,1
14715,2026-04-19,4,2,1
14716,2026-04-25,9,6,4
14717,2026-03-25,3,0,1
14718,2026-03-28,2,0,1
14719,2026-05-23,2,0,1
14720,2026-03-30,8,5,3
14721,2026-04-03,2,0,1
14722,2026-03-30,10,3,3
14723,2026-06-24,3,1,2
14724,2026-03-24,6,3,3
14725,2026-05-22,4,2,2
14726,2026-05-27,3,0,1
14728,2026-03-26,2,0,1
14729,2026-03-29,5,2,2
14730,2026-05-15,2,0,1
14732,2026-03-28,10,4,3
14733,2026-04-02,2,0,1
14734,2026-04-06,12,9,5
14735,2026-04-11,5,2,2
14736,2026-03-25,3,0,1
14737,2026-03-28,4,1,2
14738,2026-04-04,6,0,1
14739,2026-03-27,2,0,1
14740,2026-03-30,4,1,2
14741,2026-04-03,3,0,1
14742,2026-04-10,4,0,1
14743,2026-08-12,6,5,4
14744,2026-08-20,6,4,4
14745,2026-05-11,2,0,1
14746,2026-05-17,2,0,1
14747,2026-03-31,12,10,5
14748,2026-04-10,3,0,1
14749,2026-04-13,4,2,3
14750,2026-04-21,5,3,4
14751,2026-03-28,6,2,2
14752,2026-03-24,4,0,1
14753,2026-04-21,6,1,2
14754,2026-04-26,3,0,1
14755,2026-05-26,3,1,2
14756,2026-05-31,3,0,1
14757,2026-04-22,5,3,3
14758,2026-04-27,6,5,3
14759,2026-03-27,3,0,1
14760,2026-03-30,7,2,2
14763,2026-03-25,3,0,1
14764,2026-04-01,4,1,2
14765,2026-06-20,3,0,1
14766,2026-06-28,3,2,2
14767,2026-04-17,3,0,1
14768,2026-04-05,7,3,3
14769,2026-04-25,5,2,2
14774,2026-04-30,4,2,3
14775,2026-05-05,4,0,1
14776,2026-04-06,10,6,4
14777,2026-04-10,7,5,4
14778,2026-04-13,4,2,3
14783,2026-04-10,8,4,3
14784,2026-04-17,2,0,1
14785,2026-04-19,4,2,2
14786,2026-04-23,2,1,2
14789,2026-05-21,3,2,2
14790,2026-05-26,6,4,2
14791,2026-03-29,5,1,2
14792,2026-04-02,3,0,1
14793,2026-07-07,4,2,3
14794,2026-07-13,9,6,4
14797,2026-03-29,6,2,2
14798,2026-04-03,3,0,1
14799,2026-04-05,4,1,2
14800,2026-04-12,2,0,1
14801,2026-04-17,2,0,1
14802,2026-04-10,3,0,1
14805,2026-04-22,6,4,4
14806,2026-04-25,4,2,2
14809,2026-03-30,6,3,2
14812,2026-04-10,3,0,1
14813,2026-04-13,3,1,2
14814,2026-05-01,10,8,5
14815,2026-05-09,4,2,3
14816,2026-04-03,3,1,2
14817,2026-03-27,3,1,2
14818,2026-04-02,3,0,1
14821,2026-03-29,3,0,1
14822,2026-04-05,3,0,1
14823,2026-04-11,5,2,3
14824,2026-05-23,2,0,1
14825,2026-05-31,4,1,2
14826,2026-03-28,4,2,2
14827,2026-04-02,4,1,2
14828,2026-03-24,2,0,1
14831,2026-05-02,1,0,1
14832,2026-05-09,2,0,1
14837,2026-04-06,3,1,1
14838,2026-04-10,2,1,1
14839,2026-06-01,5,1,2
14840,2026-06-08,10,8,6
14841,2026-04-03,2,0,1
14842,2026-04-06,4,2,2
14843,2026-04-05,14,8,3
14844,2026-03-25,7,4,3
14845,2026-04-19,4,2,2
14846,2026-04-24,4,1,2
14848,2026-03-24,3,0,1
14849,2026-03-26,3,1,2
14850,2026-04-05,9,2,2
14851,2026-04-12,2,0,1
14853,2026-03-28,3,0,1
14854,2026-04-04,4,0,1
14855,2026-04-02,4,0,1
14856,2026-03-29,5,2,3
14857,2026-04-02,7,3,3
14858,2026-04-03,10,3,4
14859,2026-07-05,3,1,2
14860,2026-07-11,4,2,3
14861,2026-03-27,2,0,1
14862,2026-04-02,5,1,2
14863,2026-05-24,6,1,2
14864,2026-05-28,4,0,1
14865,2026-03-28,6,1,2
14866,2026-04-03,2,0,1
14867,2026-04-30,11,6,5
14868,2026-05-01,8,2,2
14869,2026-05-09,3,2,2
14870,2026-04-10,4,2,3
14871,2026-04-12,3,1,2
14872,2026-04-01,3,0,1
14873,2026-04-06,5,3,3
14874,2026-07-18,2,0,1
14875,2026-07-12,9,6,5
14876,2026-05-07,4,2,3
14877,2026-05-01,6,3,3
14878,2026-05-09,3,1,2
14879,2026-03-29,2,0,1
14880,2026-04-03,3,1,2
14881,2026-05-28,5,2,3
14882,2026-06-01,4,2,3
14883,2026-03-29,6,1,2
14884,2026-04-06,5,2,2
14885,2026-05-29,5,3,2
14886,2026-05-01,3,2,2
14888,2026-05-04,4,2,3
14889,2026-05-04,3,0,1
14890,2026-05-14,8,6,5
14891,2026-05-17,5,2,1
14892,2026-03-31,7,4,4
14893,2026-04-06,3,0,1
14894,2026-03-24,4,1,2
14897,2026-04-25,4,2,3
14898,2026-03-29,4,1,2
14899,2026-04-04,4,0,1
14900,2026-03-30,9,7,3
14907,2026-06-10,11,8,4
14908,2026-05-09,3,0,1
14909,2026-05-17,1,0,1
14910,2026-05-09,2,0,1
14911,2026-05-17,1,0,1
14912,2026-04-25,3,1,2
14913,2026-05-02,1,0,1
14914,2026-03-27,4,2,2
14915,2026-03-30,9,6,5
14916,2026-03-25,5,2,2
14917,2026-03-31,7,3,3
14918,2026-04-02,4,0,1
14920,2026-05-07,3,1,2
14921,2026-04-28,4,2,3
14922,2026-05-02,8,5,4
14923,2026-05-07,3,1,2
14924,2026-05-17,7,5,5
14927,2026-05-01,11,9,4
14928,2026-05-06,2,0,1
14929,2026-04-04,3,0,1
14930,2026-04-11,5,2,2
14931,2026-05-24,8,2,3
14932,2026-05-24,5,2,2
14933,2026-03-30,4,1,2
14934,2026-04-02,8,4,3
14935,2026-04-07,11,6,5
14936,2026-04-26,5,2,2
14937,2026-05-03,3,0,1
14938,2026-04-03,4,0,1
14940,2026-03-29,4,1,2
14941,2026-05-23,1,0,1
14942,2026-05-29,8,2,2
14943,2026-04-08,6,2,2
14944,2026-04-15,4,2,3
14945,2026-03-29,3,0,1
14946,2026-04-03,5,2,2
14947,2026-05-26,3,0,1
14948,2026-05-30,2,0,1
14949,2026-04-12,3,1,2
14950,2026-04-17,8,5,4
14951,2026-04-04,6,2,2
14952,2026-04-12,6,3,3
14953,2026-08-02,6,4,4
14954,2026-08-07,9,2,1
14955,2026-03-26,4,2,2
14956,2026-04-05,3,0,1
14959,2026-03-25,2,0,1
14960,2026-05-25,13,10,5
14963,2026-03-25,2,0,1
14964,2026-07-12,7,5,3
14965,2026-07-20,3,1,2
14966,2026-04-19,2,0,1
14967,2026-04-24,4,1,2
14970,2026-04-12,2,0,1
14971,2026-03-29,4,1,2
14972,2026-03-26,5,2,2
14973,2026-03-26,11,5,5
14974,2026-03-27,2,0,1
14975,2026-04-28,5,4,3
14976,2026-05-04,5,2,1
14977,2026-03-28,3,0,1
14978,2026-04-03,8,4,2
14979,2026-05-14,2,0,1
14980,2026-05-24,4,0,1
14981,2026-04-28,6,3,2
14982,2026-05-02,3,0,1
14983,2026-04-24,4,1,2
14984,2026-04-04,11,5,4
14985,2026-03-26,8,4,3
14986,2026-03-31,6,3,4
14987,2026-04-26,5,3,3
14988,2026-07-04,5,2,3
14989,2026-07-12,5,3,3
14990,2026-03-29,3,1,2
14991,2026-04-02,6,3,4
14994,2026-04-06,3,0,1
14995,2026-04-08,5,1,2
14997,2026-04-05,3,1,2
14998,2026-04-10,4,1,2
14999,2026-06-15,12,10,6
15000,2026-06-20,6,4,5
15001,2026-03-28,6,2,2
15002,2026-04-05,4,1,2
15003,2026-05-13,3,1,2
15004,2026-05-17,2,0,1
15005,2026-03-29,2,0,1
15006,2026-04-04,10,4,3
15007,2026-04-12,2,0,1
15008,2026-03-29,6,3,3
15009,2026-04-03,2,0,1
15012,2026-04-20,7,5,4
15013,2026-04-24,3,1,2
15014,2026-07-04,2,0,1
15015,2026-07-12,3,1,2
15016,2026-03-30,5,2,3
15017,2026-04-02,3,0,1
15018,2026-05-03,5,4,2
15019,2026-04-13,9,6,2
15020,2026-04-17,2,0,1
15021,2026-04-09,4,0,1
15022,2026-04-26,3,1,2
15023,2026-05-01,6,3,3
15028,2026-04-04,3,0,1
15029,2026-04-12,2,0,1
15030,2026-03-28,6,3,3
15031,2026-04-02,7,3,3
15032,2026-03-26,5,2,2
15033,2026-04-02,3,0,1
15034,2026-03-27,2,0,1
15035,2026-03-29,4,1,2
15036,2026-04-03,7,4,3
15037,2026-03-26,5,1,2
15038,2026-04-25,3,1,2
15039,2026-05-02,4,0,1
15040,2026-04-03,3,0,1
15041,2026-04-10,4,1,2
15042,2026-03-29,6,3,3
15043,2026-04-05,5,2,2
15045,2026-04-23,5,3,3
15046,2026-04-28,6,4,4
15047,2026-03-28,6,3,3
15048,2026-03-26,4,0,1
15049,2026-04-05,5,2,3
15052,2026-03-27,7,4,3
15053,2026-05-06,2,0,1
15054,2026-05-10,2,0,1
15055,2026-04-16,9,7,4
15056,2026-04-19,2,0,1
15057,2026-05-29,7,5,4
15058,2026-06-03,4,2,3
15059,2026-04-19,2,0,1
15060,2026-04-25,5,3,2
15063,2026-04-05,10,5,3
15064,2026-04-11,4,1,2
15065,2026-05-17,2,0,1
15066,2026-04-01,4,1,2
15067,2026-04-15,6,4,2
15068,2026-04-21,4,2,3
15069,2026-05-04,3,1,2
15072,2026-03-26,2,0,1
15073,2026-03-31,6,2,2
15074,2026-05-24,6,4,3
15075,2026-05-30,4,2,2
15076,2026-04-06,3,1,2
15077,2026-04-12,2,0,1
15078,2026-03-26,4,1,2
15080,2026-05-01,6,4,4
15081,2026-03-28,4,0,1
15082,2026-03-27,2,0,1
15083,2026-03-30,8,3,3
15084,2026-04-03,6,2,2
15085,2026-04-07,6,2,2
15086,2026-07-19,3,0,1
15087,2026-07-26,9,7,4
15088,2026-03-27,5,1,2
15091,2026-03-28,6,3,3
15092,2026-04-06,4,1,2
15093,2026-05-16,1,0,1
15094,2026-05-20,5,2,2
15095,2026-04-22,6,4,4
15098,2026-03-28,5,2,2
15099,2026-04-04,3,0,1
15100,2026-04-11,4,2,2
15101,2026-04-03,5,2,2
15102,2026-04-09,3,0,1
15103,2026-03-29,3,0,1
15104,2026-04-05,6,3,2
15107,2026-05-25,5,2,3
15108,2026-05-29,8,6,4
15109,2026-04-03,5,2,2
15110,2026-04-07,9,4,4
15111,2026-03-26,5,2,2
15112,2026-03-30,7,3,3
15113,2026-04-02,6,2,2
15114,2026-04-06,3,1,2
15118,2026-03-29,6,1,2
15119,2026-03-27,3,0,1
15120,2026-05-27,7,2,3
15121,2026-05-30,6,5,4
15122,2026-04-19,4,2,2
15123,2026-04-22,5,2,2
15124,2026-04-08,3,0,1
15125,2026-04-12,2,0,1
15126,2026-04-12,2,0,1
15128,2026-04-11,2,0,1
15129,2026-06-08,9,4,4
15130,2026-06-15,14,10,4
15131,2026-04-11,2,0,1
15132,2026-04-11,8,5,3
15133,2026-04-11,3,2,2
15134,2026-04-20,2,1,2
15135,2026-04-04,5,2,2
15136,2026-04-08,5,1,2
15137,2026-03-30,11,8,3
15138,2026-04-03,4,2,1
15139,2026-04-06,3,1,2
15140,2026-04-12,5,1,2
15141,2026-04-12,2,0,1
15142,2026-04-05,3,1,2
15143,2026-04-14,4,2,2
15144,2026-04-28,4,2,3
15147,2026-04-10,9,4,3
15148,2026-04-19,2,0,1
15149,2026-04-10,4,2,1
15150,2026-04-18,9,4,4
15151,2026-04-13,3,2,3
15152,2026-04-19,3,0,1
15153,2026-04-15,2,0,1
15154,2026-04-19,2,0,1
15155,2026-04-15,5,3,3
15156,2026-04-21,4,2,3
15157,2026-04-13,4,3,3
15158,2026-04-19,4,2,3
15159,2026-03-30,11,6,5
15160,2026-04-02,5,0,1
15161,2026-03-28,3,0,1
15162,2026-04-01,3,0,1
15163,2026-04-23,3,1,2
15169,2026-04-01,5,2,3
15170,2026-04-03,4,1,2
15171,2026-04-07,7,3,3
15172,2026-03-28,6,3,3
15173,2026-04-05,5,2,2
15174,2026-04-10,2,0,1
15177,2026-04-17,2,0,1
15178,2026-04-15,3,0,1
15179,2026-04-19,6,0,1
15180,2026-08-16,11,2,2
15182,2026-05-06,3,1,2
15183,2026-03-29,7,4,3
15184,2026-04-06,4,2,2
15185,2026-05-10,9,7,3
15186,2026-04-01,6,3,3
15187,2026-04-05,8,4,2
15188,2026-03-28,6,3,2
15189,2026-04-01,7,3,4
15190,2026-03-28,5,2,2
15191,2026-04-02,3,0,1
15192,2026-03-27,2,0,1
15193,2026-04-03,2,0,1
15194,2026-04-08,10,2,2
15195,2026-04-01,4,1,2
15196,2026-04-06,3,1,2
15197,2026-03-28,3,0,1
15198,2026-03-28,6,3,3
15199,2026-04-02,4,1,2
15200,2026-04-03,4,1,2
15201,2026-03-27,4,2,2
15202,2026-06-22,8,7,4
15203,2026-06-28,3,0,1
15204,2026-05-15,3,1,2
15205,2026-05-21,3,0,1
15206,2026-05-15,4,2,3
15207,2026-05-21,2,0,1
15212,2026-04-06,3,2,2
15213,2026-04-12,4,2,3
15214,2026-04-16,5,2,2
15215,2026-04-19,4,2,1
15218,2026-03-28,10,8,4
15219,2026-03-29,5,3,2
15220,2026-04-05,7,2,2
15221,2026-04-08,4,1,2
15222,2026-06-13,4,2,3
15223,2026-06-21,1,0,1
15224,2026-06-20,14,11,5
15225,2026-06-27,2,0,1
15226,2026-04-12,2,0,1
15227,2026-04-16,2,0,1
15228,2026-06-14,1,0,1
15229,2026-06-20,3,1,2
15230,2026-05-16,3,0,1
15231,2026-05-20,4,1,2
15232,2026-05-24,3,0,1
15233,2026-04-06,7,2,2
15234,2026-04-10,8,4,4
15235,2026-06-20,9,7,4
15238,2026-04-03,9,3,3
15239,2026-03-29,3,0,1
15242,2026-07-03,8,7,5
15243,2026-04-18,3,2,2
15244,2026-04-26,5,2,3
15245,2026-05-23,3,2,3
15246,2026-05-29,9,6,5
15247,2026-04-23,5,2,2
15248,2026-04-20,3,0,1
15249,2026-04-22,5,3,3
15250,2026-04-09,4,1,2
15251,2026-04-15,3,1,2
15252,2026-04-03,11,5,4
15253,2026-04-10,4,0,1
15254,2026-04-01,4,1,2
15255,2026-04-05,2,0,1
15256,2026-05-02,1,0,1
15257,2026-05-06,2,0,1
15258,2026-06-14,4,0,1
15259,2026-04-03,3,0,1
15260,2026-07-25,2,0,1
15262,2026-04-18,8,6,4
15263,2026-04-24,3,1,2
15264,2026-04-20,7,4,4
15265,2026-04-24,4,1,2
15267,2026-04-25,3,0,1
15268,2026-04-13,4,1,2
15269,2026-04-13,6,3,3
15270,2026-04-11,6,3,2
15271,2026-04-18,3,1,2
15272,2026-07-05,5,2,2
15273,2026-07-12,2,0,1
15274,2026-03-28,4,2,1
15279,2026-05-24,3,0,1
15280,2026-05-31,4,1,2
15281,2026-04-17,2,0,1
15282,2026-04-25,3,1,2
15283,2026-05-22,5,2,3
15286,2026-04-10,5,1,2
15287,2026-04-14,7,5,4
15288,2026-04-02,10,4,3
15289,2026-03-28,4,1,2
15290,2026-04-03,3,0,1
15291,2026-04-09,6,1,2
15292,2026-03-31,5,2,3
15293,2026-04-04,9,4,3
15294,2026-04-09,3,0,1
15295,2026-04-14,3,1,2
15296,2026-03-28,3,0,1
15297,2026-05-07,7,2,2
15298,2026-05-12,4,2,3
15299,2026-07-12,3,1,2
15300,2026-07-19,3,0,1
15301,2026-03-28,4,1,2
15302,2026-04-04,9,2,2
15303,2026-04-04,4,0,1
15304,2026-04-10,3,0,1
15305,2026-03-28,2,0,1
15306,2026-04-04,4,0,1
15307,2026-04-11,3,0,1
15309,2026-04-01,7,3,3
15310,2026-04-04,9,5,3
15311,2026-05-21,3,0,1
15312,2026-08-08,4,2,2
15313,2026-04-03,5,2,3
15316,2026-04-05,8,4,3
15317,2026-04-11,2,0,1
15318,2026-03-28,3,0,1
15319,2026-05-21,3,0,1
15320,2026-05-25,11,7,7
15321,2026-04-10,6,1,2
15322,2026-04-16,7,5,5
15323,2026-05-27,8,4,5
15324,2026-06-01,9,5,4
15327,2026-06-13,6,3,4
15329,2026-04-09,8,4,3
15330,2026-04-12,10,3,2
15331,2026-06-06,5,3,3
15332,2026-06-13,7,3,2
15333,2026-03-29,3,0,1
15334,2026-04-01,3,0,1
15335,2026-03-29,2,0,1
15336,2026-03-29,10,6,4
15337,2026-03-29,3,0,1
15338,2026-05-24,7,4,3
15339,2026-05-17,2,0,1
15340,2026-04-02,3,0,1
15341,2026-04-10,4,1,2
15342,2026-05-30,8,3,4
15343,2026-04-06,4,2,2
15344,2026-04-11,2,0,1
15345,2026-03-29,3,0,1
15348,2026-08-21,12,5,3
15350,2026-04-06,7,2,2
15351,2026-04-11,3,1,2
15356,2026-04-19,3,0,1
15357,2026-04-24,5,3,4
15360,2026-03-28,2,0,1
15361,2026-03-29,3,0,1
15362,2026-05-22,2,0,1
15363,2026-05-31,4,1,2
15364,2026-04-05,3,1,2
15365,2026-04-09,5,1,2
15368,2026-05-02,2,0,1
15369,2026-05-11,2,0,1
15372,2026-05-17,2,0,1
15373,2026-05-21,8,4,4
15374,2026-03-29,3,0,1
15375,2026-03-30,10,6,4
15376,2026-04-04,2,0,1
15377,2026-03-31,5,2,3
15378,2026-04-04,15,6,5
15379,2026-04-01,5,2,3
15380,2026-04-07,13,5,3
15381,2026-03-29,3,0,1
15382,2026-03-30,10,5,4
15383,2026-04-04,5,2,2
15384,2026-04-02,4,1,2
15385,2026-04-06,2,0,1
15386,2026-04-25,5,2,2
15387,2026-03-30,5,2,2
15388,2026-06-12,3,2,3
15390,2026-03-29,2,0,1
15391,2026-04-04,5,1,2
15392,2026-03-30,8,5,2
15393,2026-04-12,3,1,2
15394,2026-03-30,6,1,2
15395,2026-04-05,2,0,1
15396,2026-05-09,3,1,2
15397,2026-05-14,6,3,2
15398,2026-04-01,7,4,1
15401,2026-05-31,4,0,1
15402,2026-06-05,5,2,3
15405,2026-04-22,8,5,3
15406,2026-04-28,4,2,3
15407,2026-04-01,4,0,1
15408,2026-04-01,7,4,3
15409,2026-05-22,4,1,2
15410,2026-05-26,4,0,1
15413,2026-04-04,7,1,2
15414,2026-04-11,5,2,2
15415,2026-04-06,6,3,3
15416,2026-04-09,5,1,2
15419,2026-04-19,4,2,2
15420,2026-04-24,8,5,4
15421,2026-04-06,8,3,3
15422,2026-04-12,6,2,1
15424,2026-04-01,7,4,3
15425,2026-04-02,9,3,3
15426,2026-04-09,6,2,3
15427,2026-04-04,6,2,2
15428,2026-04-09,6,2,3
15429,2026-04-03,2,0,1
15430,2026-04-07,5,2,2
15433,2026-04-14,6,4,4
15434,2026-04-19,5,2,2
15435,2026-04-08,3,0,1
15436,2026-04-08,3,0,1
15439,2026-05-20,2,0,1
15440,2026-05-26,5,2,2
15445,2026-04-02,4,1,2
15446,2026-04-04,6,1,2
15447,2026-04-11,4,2,1
15448,2026-04-02,5,2,2
15449,2026-04-04,3,0,1
15450,2026-04-13,5,2,2
15451,2026-04-17,3,0,1
15452,2026-04-28,7,5,5
15453,2026-05-04,7,3,3
15454,2026-04-04,4,0,1
15455,2026-06-01,4,2,3
15456,2026-06-04,7,5,5
15457,2026-04-05,5,2,2
15458,2026-04-10,3,0,1
15459,2026-04-03,6,3,2
15460,2026-03-31,8,6,3
15461,2026-04-05,8,4,3
15462,2026-04-25,7,3,3
15463,2026-04-29,4,1,2
15464,2026-04-27,4,0,1
15465,2026-04-04,3,0,1
15466,2026-07-17,4,2,3
15467,2026-04-04,4,1,2
15468,2026-04-11,8,4,4
15469,2026-04-04,6,2,2
15470,2026-04-09,3,0,1
15471,2026-04-02,7,2,2
15472,2026-04-05,9,5,4
15475,2026-03-30,3,0,1
15476,2026-03-30,2,0,1
15479,2026-04-26,4,2,3
15480,2026-05-02,1,0,1
15481,2026-04-03,2,0,1
15482,2026-04-27,3,1,2
15483,2026-05-03,2,0,1
15484,2026-03-30,2,0,1
15485,2026-04-01,4,0,1
15486,2026-04-23,9,7,6
15487,2026-04-27,4,1,2
15488,2026-04-29,7,5,3
15489,2026-05-03,5,3,3
15490,2026-04-24,2,0,1
15491,2026-04-17,5,2,2
15492,2026-04-22,4,2,3
15493,2026-04-03,9,4,3
15496,2026-04-03,2,0,1
15497,2026-04-07,4,1,2
15498,2026-04-08,6,2,2
15499,2026-04-28,8,6,5
15500,2026-05-04,7,5,4
15501,2026-05-30,5,3,4
15502,2026-06-05,4,2,3
15503,2026-04-05,4,1,2
15504,2026-04-10,3,0,1
15505,2026-05-09,9,6,4
15506,2026-05-02,2,1,2
15507,2026-05-09,4,2,2
15510,2026-05-09,3,0,1
15511,2026-04-26,5,3,4
15512,2026-05-02,4,1,2
15515,2026-05-04,3,1,2
15516,2026-05-08,4,0,1
15517,2026-04-02,10,6,3
15518,2026-04-06,8,4,4
15519,2026-04-25,6,4,2
15521,2026-05-03,2,0,1
15522,2026-03-31,5,2,2
15523,2026-04-05,7,3,3
15524,2026-08-02,4,2,2
15525,2026-08-07,2,0,1
15526,2026-04-09,4,1,2
15527,2026-06-02,6,3,3
15528,2026-04-11,6,2,2
15529,2026-04-16,5,3,4
15532,2026-05-21,3,0,1
15533,2026-05-25,5,2,2
15534,2026-04-25,7,5,4
15537,2026-05-16,4,2,2
15538,2026-05-17,4,2,2
15539,2026-05-24,3,0,1
15540,2026-06-21,4,2,2
15541,2026-06-27,4,2,2
15542,2026-04-01,4,1,2
15543,2026-05-21,3,2,2
15544,2026-05-25,3,1,2
15545,2026-04-03,6,2,2
15546,2026-04-08,3,0,1
15547,2026-04-10,6,2,3
15548,2026-04-14,9,8,6
15549,2026-04-10,4,0,1
15550,2026-04-16,5,2,3
15551,2026-04-09,3,0,1
15552,2026-04-18,3,0,1
15553,2026-08-07,4,2,2
15561,2026-05-25,4,1,2
15562,2026-06-01,4,0,1
15563,2026-05-22,6,2,2
15564,2026-05-22,12,8,4
15565,2026-04-03,4,0,1
15566,2026-04-07,4,1,2
15567,2026-03-31,4,2,3
15568,2026-03-31,6,3,3
15569,2026-04-04,3,0,1
15570,2026-05-24,3,0,1
15571,2026-05-27,8,3,4
15572,2026-04-24,4,2,2
15573,2026-04-20,5,4,4
15574,2026-04-25,7,5,5
15576,2026-04-14,6,4,3
15577,2026-04-04,5,2,2
15578,2026-04-10,4,2,2
15579,2026-04-07,8,3,4
15580,2026-03-31,3,1,2
15581,2026-04-06,2,0,1
15582,2026-04-14,5,3,3
15584,2026-03-31,2,0,1
15585,2026-04-04,5,2,2
15586,2026-04-01,7,2,2
15587,2026-04-05,2,0,1
15588,2026-04-06,2,0,1
15589,2026-04-10,11,6,5
15590,2026-04-12,4,0,1
15591,2026-04-19,6,4,3
15592,2026-04-16,3,1,2
15593,2026-04-18,3,1,2
15594,2026-05-11,2,0,1
15595,2026-05-19,5,1,2
15596,2026-05-05,3,0,1
15597,2026-05-09,2,0,1
15598,2026-04-07,7,4,3
15599,2026-04-11,4,2,2
15600,2026-04-23,6,3,3
15601,2026-04-28,7,5,4
15602,2026-04-26,3,0,1
15603,2026-04-01,3,0,1
15604,2026-04-07,3,0,1
15605,2026-04-09,3,0,1
15606,2026-04-13,3,1,2
15607,2026-04-01,3,0,1
15608,2026-04-16,3,1,2
15609,2026-04-22,9,7,5
15610,2026-04-05,7,3,3
15611,2026-04-09,4,0,1
15612,2026-04-08,4,1,2
15613,2026-04-03,2,0,1
15614,2026-04-11,3,0,1
15616,2026-04-15,5,2,2
15617,2026-04-12,2,0,1
15618,2026-04-17,7,4,5
15619,2026-05-19,6,3,4
15620,2026-04-13,8,5,3
15621,2026-04-17,4,0,1
15622,2026-04-18,2,0,1
15625,2026-04-25,3,1,2
15627,2026-04-01,3,1,2
15628,2026-05-02,2,1,2
15629,2026-05-09,1,0,1
15630,2026-04-02,4,0,1
15631,2026-04-06,2,0,1
15634,2026-04-05,7,3,3
15635,2026-04-06,3,0,1
15636,2026-06-25,2,0,1
15637,2026-04-12,4,0,1
15638,2026-04-15,3,1,2
15642,2026-04-11,4,2,2
15643,2026-04-16,2,0,1
15644,2026-04-06,4,2,2
15645,2026-04-14,3,1,2
15646,2026-04-06,10,5,4
15647,2026-04-10,4,2,3
15648,2026-06-13,4,0,1
15649,2026-06-21,4,2,2
15650,2026-06-24,2,0,1
15651,2026-04-03,4,2,1
15652,2026-04-06,2,0,1
15653,2026-04-25,4,2,2
15654,2026-05-02,4,0,1
15655,2026-05-08,2,0,1
15656,2026-05-14,5,2,3
15657,2026-05-02,1,0,1
15658,2026-05-09,2,0,1
15659,2026-04-02,3,0,1
15660,2026-04-06,2,0,1
15661,2026-05-25,3,0,1
15662,2026-06-02,3,2,3
15663,2026-04-15,7,3,3
15664,2026-04-21,3,1,2
15665,2026-04-03,8,3,3
15666,2026-04-06,7,2,2
15667,2026-04-04,3,0,1
15668,2026-04-08,4,1,2
15669,2026-07-10,1,0,1
15670,2026-05-10,3,1,2
15671,2026-04-03,3,0,1
15672,2026-04-05,3,0,1
15673,2026-04-08,3,0,1
15674,2026-04-24,5,3,2
15675,2026-05-02,3,1,2
15678,2026-05-21,4,2,3
15679,2026-05-29,9,6,5
15681,2026-05-09,2,0,1
15682,2026-04-11,6,3,2
15686,2026-05-11,6,3,3
15687,2026-05-20,10,6,4
15688,2026-05-04,3,0,1
15689,2026-05-09,4,2,3
15690,2026-05-15,3,1,2
15691,2026-05-17,2,0,1
15692,2026-05-06,5,3,2
15693,2026-05-10,6,4,3
15694,2026-04-06,4,0,1
15695,2026-04-09,4,0,1
15696,2026-04-17,4,2,2
15697,2026-04-24,3,1,2
15700,2026-04-09,5,2,2
15701,2026-04-12,7,4,4
15702,2026-04-06,8,3,3
15703,2026-04-10,8,4,4
15704,2026-04-24,5,2,3
15705,2026-04-27,5,3,4
15706,2026-07-11,4,2,3
15707,2026-05-16,4,2,2
15708,2026-05-23,4,2,3
15709,2026-04-25,7,4,4
15710,2026-05-02,4,2,3
15712,2026-05-27,7,3,3
15713,2026-06-02,3,2,3
15714,2026-04-11,3,0,1
15715,2026-04-15,3,1,2
15716,2026-04-21,4,2,3
15717,2026-04-05,14,7,4
15718,2026-04-10,3,0,1
15719,2026-06-26,2,0,1
15721,2026-05-29,8,5,4
15722,2026-06-05,5,2,2
15723,2026-04-04,3,0,1
15726,2026-07-12,4,2,3
15727,2026-07-17,3,1,2
15728,2026-04-01,2,0,1
15729,2026-04-07,8,3,4
15730,2026-05-21,3,1,2
15731,2026-05-26,4,1,2
15732,2026-05-30,5,4,3
15736,2026-05-28,5,2,3
15737,2026-05-29,10,7,5
15738,2026-06-01,10,4,5
15739,2026-04-03,6,2,2
15740,2026-04-06,3,1,2
15741,2026-04-28,5,3,3
15742,2026-04-05,4,1,2
15743,2026-04-11,2,0,1
15744,2026-05-26,4,0,1
15745,2026-04-17,2,0,1
15746,2026-05-31,8,4,3
15747,2026-06-07,2,0,1
15750,2026-04-06,3,1,2
15751,2026-04-13,7,4,2
15752,2026-04-07,6,2,2
15753,2026-04-11,5,3,2
15754,2026-04-01,4,2,2
15755,2026-04-01,3,1,2
15758,2026-05-03,2,0,1
15759,2026-05-09,3,1,2
15760,2026-03-31,2,0,1
15761,2026-05-14,4,3,2
15762,2026-05-19,2,0,1
15763,2026-05-17,2,1,2
15764,2026-05-17,1,0,1
15765,2026-04-30,5,3,3
15766,2026-05-03,6,3,3
15767,2026-04-15,2,0,1
15768,2026-04-20,4,2,3
15769,2026-04-07,6,2,2
15771,2026-06-13,11,6,5
15772,2026-04-09,6,2,2
15773,2026-04-14,5,2,3
15774,2026-04-01,7,4,2
15775,2026-04-06,4,2,1
15776,2026-04-04,7,2,2
15777,2026-04-12,2,0,1
15778,2026-04-17,4,2,2
15779,2026-04-22,5,4,3
15780,2026-05-09,2,0,1
15781,2026-05-08,6,4,3
15782,2026-04-29,13,11,7
15783,2026-05-03,2,0,1
15784,2026-05-31,3,1,2
15785,2026-04-08,5,2,3
15786,2026-04-16,4,2,3
15788,2026-04-13,8,4,3
15789,2026-04-15,6,1,2
15790,2026-04-25,5,3,2
15791,2026-05-01,5,3,3
15792,2026-04-02,3,0,1
15793,2026-04-08,5,0,1
15794,2026-04-03,6,2,2
15795,2026-04-06,2,0,1
15796,2026-04-05,3,0,1
15797,2026-04-09,5,1,2
15798,2026-04-03,2,0,1
15799,2026-04-04,2,0,1
15800,2026-04-11,4,2,2
15801,2026-04-12,3,2,2
15802,2026-04-04,3,0,1
15803,2026-04-05,3,1,2
15804,2026-04-10,2,0,1
15805,2026-05-30,9,7,5
15806,2026-06-07,8,5,4
15807,2026-04-18,2,0,1
15808,2026-06-26,7,5,5
15809,2026-06-21,9,4,4
15810,2026-06-29,4,2,3
15811,2026-05-27,3,0,1
15812,2026-06-02,4,2,3
15813,2026-05-03,2,0,1
15814,2026-05-03,5,3,3
15815,2026-05-06,2,0,1
15816,2026-05-06,2,0,1
15817,2026-05-10,4,2,2
15818,2026-04-02,3,1,2
15819,2026-04-06,5,2,3
15820,2026-06-28,4,2,2
15821,2026-04-26,3,2,2
15822,2026-05-02,3,2,3
15823,2026-04-05,8,4,4
15826,2026-04-06,6,2,2
15827,2026-04-12,3,0,1
15828,2026-04-02,2,0,1
15829,2026-04-08,4,0,1
15830,2026-04-27,7,4,5
15831,2026-05-04,6,4,3
15832,2026-04-17,5,3,4
15833,2026-04-19,5,3,2
15834,2026-05-05,7,6,3
15835,2026-04-15,4,2,3
15836,2026-04-19,3,1,2
15837,2026-05-02,3,1,2
15838,2026-04-11,3,0,1
15839,2026-04-18,1,0,1
15840,2026-04-10,3,0,1
15841,2026-04-14,4,1,2
15842,2026-04-02,7,3,3
15843,2026-06-20,7,4,4
15844,2026-06-27,4,2,2
15846,2026-04-25,4,2,3
15848,2026-04-02,3,0,1
15849,2026-04-12,2,0,1
15850,2026-05-25,4,2,2
15851,2026-05-30,13,10,8
15852,2026-04-02,2,0,1
15853,2026-05-10,3,2,2
15854,2026-06-05,6,2,3
15855,2026-05-13,3,1,2
15856,2026-04-11,4,2,3
15857,2026-05-03,2,0,1
15858,2026-05-09,4,2,2
15859,2026-06-13,6,3,2
15860,2026-06-19,5,2,3
15862,2026-04-03,3,0,1
15863,2026-04-08,3,0,1
15864,2026-06-05,6,4,4
15865,2026-06-10,9,7,3
15866,2026-04-02,2,0,1
15867,2026-05-20,1,0,1
15868,2026-05-27,2,0,1
15869,2026-04-02,1,0,1
15870,2026-04-05,3,1,2
15871,2026-04-16,3,0,1
15872,2026-04-26,3,0,1
15873,2026-04-19,2,0,1
15874,2026-06-01,4,0,1
15875,2026-06-06,4,2,3
15876,2026-05-01,5,3,3
15877,2026-05-09,4,1,2
15878,2026-04-02,4,0,1
15879,2026-07-26,4,2,3
15880,2026-07-31,2,0,1
15881,2026-05-09,3,2,2
15882,2026-05-16,5,3,4
15883,2026-04-03,2,0,1
15884,2026-04-11,5,2,1
15885,2026-04-03,12,7,5
15886,2026-04-11,4,2,3
15887,2026-04-02,3,0,1
15888,2026-07-01,8,6,5
15889,2026-07-07,5,3,4
15890,2026-04-14,7,4,3
15891,2026-04-19,6,2,2
15892,2026-04-07,8,4,4
15893,2026-04-12,5,2,3
15896,2026-04-02,5,2,2
15897,2026-04-12,4,2,3
15898,2026-05-27,2,0,1
15899,2026-06-04,6,5,4
15900,2026-04-04,8,4,2
15901,2026-04-11,4,1,2
15902,2026-08-08,2,0,1
15903,2026-04-03,7,3,2
15904,2026-04-11,2,0,1
15905,2026-04-11,2,1,2
15906,2026-04-01,3,0,1
15907,2026-05-20,10,7,4
15908,2026-05-23,3,1,2
15909,2026-04-11,9,6,4
15910,2026-04-18,3,0,1
15911,2026-04-20,5,3,3
15912,2026-04-25,3,1,2
15913,2026-04-02,4,0,1
15914,2026-04-16,3,1,2
15915,2026-04-20,3,1,2
15916,2026-04-04,5,2,2
15917,2026-04-09,5,2,2
15920,2026-04-03,2,0,1
15921,2026-04-02,2,0,1
15922,2026-04-05,11,5,3
15923,2026-04-09,6,3,2
15926,2026-04-30,6,3,3
15927,2026-05-03,3,1,2
15928,2026-04-12,4,2,3
15929,2026-04-15,4,2,3
15930,2026-04-16,2,0,1
15931,2026-04-25,3,1,2
15932,2026-08-03,5,3,4
15933,2026-08-07,2,0,1
15940,2026-04-26,8,5,3
15941,2026-04-30,6,4,4
15942,2026-07-11,4,2,3
15943,2026-05-16,8,6,5
15944,2026-04-13,11,5,3
15945,2026-04-18,2,0,1
15946,2026-04-05,4,1,2
15947,2026-06-30,5,3,3
15950,2026-05-15,7,6,3
15951,2026-04-14,3,1,2
15952,2026-04-19,2,0,1
15953,2026-04-05,4,0,1
15954,2026-04-10,5,1,2
15955,2026-04-10,4,1,2
15957,2026-04-15,4,2,3
15958,2026-04-19,6,3,2
15959,2026-04-03,7,3,3
15960,2026-04-11,3,1,2
15961,2026-04-08,3,0,1
15962,2026-04-12,9,7,5
15963,2026-06-19,6,4,4
15964,2026-06-21,5,0,1
15965,2026-06-28,2,0,1
15966,2026-04-11,3,0,1
15967,2026-04-03,2,0,1
15968,2026-04-06,2,0,1
15969,2026-04-10,4,0,1
15972,2026-04-11,5,1,2
15975,2026-07-05,4,2,2
15976,2026-06-06,5,3,4
15977,2026-06-12,6,4,4
15978,2026-07-08,5,1,2
15981,2026-05-03,3,1,2
15982,2026-05-09,4,2,2
15983,2026-04-02,3,0,1
15984,2026-05-09,6,4,3
15985,2026-05-16,2,0,1
15986,2026-04-03,2,0,1
15987,2026-05-07,2,0,1
15988,2026-05-01,7,4,3
15989,2026-05-18,7,2,2
15990,2026-05-22,6,4,3
15991,2026-04-12,5,2,2
15992,2026-04-17,4,3,3
15993,2026-04-11,2,0,1
15994,2026-04-15,5,2,3
15995,2026-04-23,3,1,2
15996,2026-04-29,3,1,2
15997,2026-04-30,5,3,3
15998,2026-05-05,3,1,2
15999,2026-04-30,5,2,1
16000,2026-05-05,2,0,1
16002,2026-04-04,3,0,1
16003,2026-04-08,3,0,1
16004,2026-04-05,10,5,3
16005,2026-04-06,2,0,1
16006,2026-04-12,5,2,2
16007,2026-04-04,4,1,2
16008,2026-04-03,2,0,1
16009,2026-05-01,5,2,3
16010,2026-04-20,4,1,2
16011,2026-04-25,4,1,2
16014,2026-05-12,8,1,2
16015,2026-05-17,3,0,1
16016,2026-04-15,3,2,2
16017,2026-04-19,7,6,3
16018,2026-04-12,1,0,1
16019,2026-04-17,2,0,1
16020,2026-04-12,3,0,1
16021,2026-05-10,3,2,1
16022,2026-05-18,5,2,2
16023,2026-04-19,2,0,1
16026,2026-04-04,4,0,1
16027,2026-04-11,7,4,3
16028,2026-04-04,8,4,3
16029,2026-05-16,1,0,1
16030,2026-05-21,3,1,2
16031,2026-04-06,7,4,3
16032,2026-04-15,7,5,5
16033,2026-04-21,9,6,4
16034,2026-04-03,2,0,1
16036,2026-04-18,3,0,1
16037,2026-05-20,5,3,4
16038,2026-05-25,4,1,2
16039,2026-04-03,4,0,1
16040,2026-04-09,3,0,1
16041,2026-05-05,2,0,1
16042,2026-05-10,6,4,3
16043,2026-05-11,2,0,1
16044,2026-05-15,3,1,2
16045,2026-04-07,7,3,3
16046,2026-04-10,4,0,1
16047,2026-05-09,2,0,1
16048,2026-04-05,3,0,1
16051,2026-05-04,2,0,1
16052,2026-05-08,8,6,4
16053,2026-04-03,4,1,2
16054,2026-04-03,2,0,1
16055,2026-04-18,3,1,2
16057,2026-04-23,4,2,3
16058,2026-04-26,4,2,3
16059,2026-07-26,6,4,3
16060,2026-08-01,3,1,2
16061,2026-04-17,5,2,2
16062,2026-07-10,3,2,2
16063,2026-07-19,3,1,2
16064,2026-04-05,6,1,2
16065,2026-04-11,3,0,1
16066,2026-04-06,4,2,2
16067,2026-04-09,7,4,3
16068,2026-04-06,7,4,3
16069,2026-04-11,6,4,4
16072,2026-04-11,2,0,1
16073,2026-04-20,5,3,3
16074,2026-06-08,4,2,3
16075,2026-06-19,8,5,4
16076,2026-04-12,2,0,1
16077,2026-04-16,2,0,1
16078,2026-06-02,3,1,2
16079,2026-06-10,13,10,7
16080,2026-05-01,6,3,3
16081,2026-05-02,3,2,2
16082,2026-05-09,3,0,1
16084,2026-07-09,5,3,3
16085,2026-07-13,5,3,3
16086,2026-04-23,5,4,3
16089,2026-04-11,2,0,1
16090,2026-04-15,4,1,2
16091,2026-04-19,6,3,3
16092,2026-04-26,5,2,2
16093,2026-04-04,6,2,2
16094,2026-04-11,6,4,2
16095,2026-04-12,2,0,1
16096,2026-04-18,3,0,1
16097,2026-05-30,7,4,3
16098,2026-06-05,10,8,6
16099,2026-05-08,6,0,1
16100,2026-05-11,4,2,3
16101,2026-04-18,8,6,5
16102,2026-04-25,3,0,1
16103,2026-04-22,4,2,3
16104,2026-04-29,6,4,4
16107,2026-05-02,4,1,2
16108,2026-05-06,3,1,2
16109,2026-05-03,2,0,1
16110,2026-05-09,2,0,1
16111,2026-05-10,9,8,3
16114,2026-04-12,3,0,1
16115,2026-04-18,3,2,2
16116,2026-04-04,9,4,3
16117,2026-04-04,2,0,1
16118,2026-05-23,3,1,2
16119,2026-05-30,4,1,2
16120,2026-04-06,4,2,2
16121,2026-05-01,9,6,4
16122,2026-05-05,3,0,1
16123,2026-04-05,13,5,4
16124,2026-04-09,3,0,1
16129,2026-04-05,9,3,3
16130,2026-04-09,9,7,5
16131,2026-06-13,4,2,3
16132,2026-06-20,14,11,6
16133,2026-07-25,4,2,2
16134,2026-07-31,4,1,2
16136,2026-04-10,4,1,2
16137,2026-04-14,10,8,5
16138,2026-05-10,3,2,2
16139,2026-04-05,2,0,1
16141,2026-04-23,5,4,4
16144,2026-04-04,2,0,1
16145,2026-04-18,2,0,1
16146,2026-04-19,2,0,1
16147,2026-04-06,3,1,2
16148,2026-07-06,6,4,5
16149,2026-07-11,5,3,4
16150,2026-04-27,13,7,5
16151,2026-05-02,3,0,1
16152,2026-04-24,8,6,4
16153,2026-04-27,4,1,2
16155,2026-04-11,6,4,3
16156,2026-04-18,3,2,2
16157,2026-05-23,3,1,2
16158,2026-05-30,9,6,3
16159,2026-05-28,4,0,1
16160,2026-06-03,3,1,2
16161,2026-04-04,7,2,2
16167,2026-04-05,7,2,2
16170,2026-04-05,2,0,1
16171,2026-05-13,4,2,1
16175,2026-05-04,3,0,1
16176,2026-05-08,2,0,1
16177,2026-04-05,3,0,1
16178,2026-04-12,6,2,2
16181,2026-04-04,3,0,1
16182,2026-04-05,2,0,1
16185,2026-04-30,6,4,3
16186,2026-05-03,2,0,1
16187,2026-04-06,7,4,1
16188,2026-04-08,3,0,1
16189,2026-07-08,2,0,1
16190,2026-07-13,2,0,1
16191,2026-05-17,11,8,6
16192,2026-05-22,3,0,1
16193,2026-04-30,5,3,2
16194,2026-05-04,3,1,2
16195,2026-05-09,2,0,1
16196,2026-04-18,7,4,3
16197,2026-05-17,2,0,1
16198,2026-06-17,12,8,5
16199,2026-06-23,2,0,1
16200,2026-04-05,4,0,1
16201,2026-04-05,6,2,2
16202,2026-04-09,3,0,1
16203,2026-04-14,6,2,3
16205,2026-07-04,7,4,5
16206,2026-04-20,5,3,4
16207,2026-04-25,3,1,2
16208,2026-04-15,5,3,4
16209,2026-04-21,13,10,5
16210,2026-05-01,3,1,2
16211,2026-05-03,8,6,5
16212,2026-04-09,7,3,3
16213,2026-04-13,5,3,3
16218,2026-05-11,9,5,4
16219,2026-05-15,3,0,1
16220,2026-04-12,3,1,2
16221,2026-04-17,2,0,1
16222,2026-04-05,3,1,2
16228,2026-04-07,9,2,3
16229,2026-04-05,3,0,1
16230,2026-04-06,10,6,3
16231,2026-04-09,6,2,2
16232,2026-04-07,9,6,5
16233,2026-05-01,4,2,3
16234,2026-05-06,5,3,2
16235,2026-05-18,3,0,1
16236,2026-05-22,8,5,3
16237,2026-05-26,2,0,1
16238,2026-06-03,6,3,3
16242,2026-04-10,3,0,1
16243,2026-04-11,4,2,2
16244,2026-04-16,3,0,1
16245,2026-05-16,5,4,2
16246,2026-05-22,6,4,3
16247,2026-04-06,7,4,2
16248,2026-04-12,6,4,5
16249,2026-04-06,6,2,2
16250,2026-04-18,4,2,2
16251,2026-04-23,9,6,4
16253,2026-04-11,4,2,2
16254,2026-04-17,5,2,2
16255,2026-04-17,2,0,1
16256,2026-04-22,5,3,3
16257,2026-05-28,4,1,2
16258,2026-04-13,5,3,3
16259,2026-08-04,2,0,1
16260,2026-08-09,3,1,2
16261,2026-04-13,6,3,3
16262,2026-04-06,6,3,3
16263,2026-04-06,2,0,1
16264,2026-04-06,2,0,1
16265,2026-04-06,2,0,1
16266,2026-04-30,10,8,5
16267,2026-05-05,6,4,4
16268,2026-04-21,10,7,6
16269,2026-04-21,7,3,3
16270,2026-04-23,2,0,1
16271,2026-05-05,2,0,1
16274,2026-04-26,6,4,3
16275,2026-05-01,4,1,2
16276,2026-04-20,5,4,4
16277,2026-04-24,7,5,3
16278,2026-05-03,8,7,3
16279,2026-05-09,2,0,1
16280,2026-06-07,3,1,2
16281,2026-04-21,7,5,4
16282,2026-04-23,6,4,5
16283,2026-05-07,2,0,1
16284,2026-05-11,2,0,1
16285,2026-04-06,2,0,1
16286,2026-04-07,3,0,1
16287,2026-04-12,2,0,1
16288,2026-04-16,7,5,6
16289,2026-07-01,4,2,3
16290,2026-07-11,5,3,3
16291,2026-07-07,7,4,4
16292,2026-07-11,4,1,2
16293,2026-04-06,5,2,1
16296,2026-04-06,3,2,1
16297,2026-04-13,9,6,4
16298,2026-06-05,6,4,4
16299,2026-06-07,3,1,2
16302,2026-07-25,3,1,2
16303,2026-04-12,2,0,1
16304,2026-04-18,2,0,1
16305,2026-06-08,8,7,5
16306,2026-06-18,7,5,4
16307,2026-05-10,2,0,1
16308,2026-05-16,1,0,1
16309,2026-04-12,4,2,2
16310,2026-04-19,2,0,1
16311,2026-04-24,4,2,3
16312,2026-04-13,11,9,5
16313,2026-04-18,2,0,1
16314,2026-04-06,10,6,3
16315,2026-04-11,4,2,3
16316,2026-05-12,2,0,1
16317,2026-05-18,2,0,1
16320,2026-04-23,5,3,3
16321,2026-04-28,7,5,4
16322,2026-04-06,4,2,2
16323,2026-04-10,2,0,1
16324,2026-05-26,4,2,2
16325,2026-06-01,5,2,2
16326,2026-04-11,2,0,1
16327,2026-04-18,4,2,2
16328,2026-04-07,3,1,2
16329,2026-04-09,3,0,1
16334,2026-05-16,3,0,1
16335,2026-05-22,5,3,3
16336,2026-04-10,5,2,2
16337,2026-04-16,4,1,2
16342,2026-04-27,3,0,1
16343,2026-05-01,3,1,2
16344,2026-04-13,6,4,4
16345,2026-04-17,2,0,1
16348,2026-06-05,3,1,2
16349,2026-06-10,6,2,3
16350,2026-04-06,1,0,1
16351,2026-04-11,2,0,1
16352,2026-04-24,5,3,3
16353,2026-04-22,8,4,2
16354,2026-04-07,2,0,1
16355,2026-04-19,2,0,1
16356,2026-06-08,7,5,3
16357,2026-04-06,7,5,4
16359,2026-06-25,3,1,2
16360,2026-04-13,6,4,3
16363,2026-05-01,3,1,2
16364,2026-05-06,3,1,2
16365,2026-04-12,3,0,1
16366,2026-04-08,3,1,2
16367,2026-04-13,8,6,6
16368,2026-04-16,2,0,1
16371,2026-04-29,7,3,3
16372,2026-05-03,5,3,4
16373,2026-04-11,2,0,1
16374,2026-04-13,6,4,4
16375,2026-04-18,4,2,2
16376,2026-04-26,5,3,4
16377,2026-04-10,2,1,1
16379,2026-06-15,9,7,5
16380,2026-06-22,6,4,4
16381,2026-05-10,2,0,1
16382,2026-04-22,3,1,2
16383,2026-04-27,4,2,2
16384,2026-08-08,2,0,1
16385,2026-08-15,2,0,1
16386,2026-04-10,4,0,1
16387,2026-04-14,9,6,4
16392,2026-07-22,6,2,3
16393,2026-07-26,5,0,1
16394,2026-08-02,5,1,2
16395,2026-05-01,4,2,3
16396,2026-05-06,2,0,1
16397,2026-04-28,5,3,3
16398,2026-05-02,3,2,3
16399,2026-04-25,2,0,1
16400,2026-04-30,4,1,2
16401,2026-07-08,5,3,3
16402,2026-07-17,6,4,3
16403,2026-06-22,10,6,4
16404,2026-06-26,4,2,2
16405,2026-05-23,1,0,1
16406,2026-05-17,1,0,1
16407,2026-05-22,4,2,2
16408,2026-04-15,5,3,3
16409,2026-04-19,2,0,1
16410,2026-04-08,2,0,1
16412,2026-04-12,4,1,2
16413,2026-04-10,4,0,1
16414,2026-04-24,9,6,5
16415,2026-04-28,6,4,4
16419,2026-04-27,6,4,4
16420,2026-04-30,11,10,6
16423,2026-04-27,4,2,3
16424,2026-05-02,6,2,2
16425,2026-05-26,5,2,2
16426,2026-05-29,10,7,5
16427,2026-04-26,5,1,2
16431,2026-04-06,3,2,2
16437,2026-05-09,2,0,1
16438,2026-05-15,5,2,1
16439,2026-05-17,5,0,1
16441,2026-05-31,7,2,2
16442,2026-06-07,7,5,4
16443,2026-05-08,4,2,2
16446,2026-04-29,2,0,1
16447,2026-05-05,2,0,1
16448,2026-05-26,5,2,3
16449,2026-05-31,5,1,2
16450,2026-04-23,3,1,2
16451,2026-04-28,10,6,3
16454,2026-04-11,4,1,2
16457,2026-04-24,6,3,3
16458,2026-05-20,6,4,4
16459,2026-04-13,5,4,3
16460,2026-04-20,8,4,3
16461,2026-04-07,4,3,3
16463,2026-04-07,1,0,1
16464,2026-04-30,5,3,3
16465,2026-05-06,4,2,2
16466,2026-05-02,2,0,1
16467,2026-05-10,3,0,1
16470,2026-05-09,3,0,1
16471,2026-05-17,2,0,1
16474,2026-04-15,3,1,2
16475,2026-04-19,2,0,1
16476,2026-05-29,7,4,3
16477,2026-05-17,1,0,1
16478,2026-05-21,2,0,1
16479,2026-04-19,2,0,1
16485,2026-04-10,4,2,2
16486,2026-05-26,2,0,1
16489,2026-04-07,1,0,1
16490,2026-04-10,5,2,2
16493,2026-04-08,1,0,1
16494,2026-04-22,4,0,1
16495,2026-05-10,2,0,1
16496,2026-04-12,4,0,1
16497,2026-04-19,1,0,1
16499,2026-05-21,4,1,2
16500,2026-05-25,5,1,2
16501,2026-05-27,4,2,2
16502,2026-05-30,7,5,4
16503,2026-04-28,6,3,3
16504,2026-05-07,4,1,2
16505,2026-04-08,3,2,3
16506,2026-04-12,3,0,1
16507,2026-06-23,4,2,3
16508,2026-06-27,5,3,2
16509,2026-05-15,7,5,4
16510,2026-05-17,3,2,2
16511,2026-05-24,2,0,1
16512,2026-04-15,2,0,1
16513,2026-04-19,6,4,3
16515,2026-05-01,3,1,2
16516,2026-05-10,2,0,1
16517,2026-05-18,3,0,1
16518,2026-05-24,2,0,1
16519,2026-04-20,4,3,1
16521,2026-04-12,2,1,2
16522,2026-06-06,1,0,1
16523,2026-06-12,10,8,7
16524,2026-04-09,2,0,1
16525,2026-04-13,3,1,2
16526,2026-06-11,5,3,3
16527,2026-06-19,9,7,5
16528,2026-04-15,2,0,1
16529,2026-04-19,2,0,1
16530,2026-04-09,5,1,2
16531,2026-04-13,5,3,2
16532,2026-04-17,6,3,3
16533,2026-04-20,3,2,2
16536,2026-04-19,2,0,1
16537,2026-04-26,3,1,2
16540,2026-04-10,4,0,1
16541,2026-04-17,3,2,2
16542,2026-05-24,3,0,1
16543,2026-05-30,4,1,2
16544,2026-05-11,3,0,1
16545,2026-05-17,2,0,1
16546,2026-05-02,3,0,1
16547,2026-05-09,9,6,5
16548,2026-04-12,8,6,4
16549,2026-04-16,3,1,2
16550,2026-04-08,1,0,1
16551,2026-05-02,2,1,1
16552,2026-05-05,2,1,1
16553,2026-04-20,3,1,2
16554,2026-04-25,3,2,2
16555,2026-04-15,10,7,4
16558,2026-04-19,3,1,2
16559,2026-04-22,5,2,3
16560,2026-04-24,7,5,6
16561,2026-05-01,3,2,3
16562,2026-04-13,7,5,5
16563,2026-04-18,3,1,2
16564,2026-05-02,1,0,1
16565,2026-05-04,7,5,3
16566,2026-05-07,4,1,2
16567,2026-05-09,8,4,3
16572,2026-05-31,4,0,1
16573,2026-04-25,4,1,2
16574,2026-04-10,4,0,1
16575,2026-04-16,4,2,2
16576,2026-04-30,5,3,4
16577,2026-04-30,13,11,7
16578,2026-07-04,2,0,1
16579,2026-07-12,2,0,1
16580,2026-06-06,8,3,3
16581,2026-06-13,4,2,3
16582,2026-04-10,3,0,1
16583,2026-04-11,7,5,3
16584,2026-04-16,4,2,2
16585,2026-04-26,2,0,1
16586,2026-05-01,10,7,5
16587,2026-04-25,6,3,3
16588,2026-04-30,4,1,2
16589,2026-05-24,4,1,2
16590,2026-05-29,11,6,3
16593,2026-05-11,6,2,2
16594,2026-05-16,2,0,1
16595,2026-05-14,8,4,3
16596,2026-05-17,7,5,4
16597,2026-05-03,2,0,1
16598,2026-05-09,2,0,1
16599,2026-04-12,3,1,2
16600,2026-05-04,2,0,1
16601,2026-05-09,2,0,1
16606,2026-04-10,3,1,2
16607,2026-04-16,3,1,2
16608,2026-06-14,4,0,1
16609,2026-05-30,9,6,4
16610,2026-06-07,3,0,1
16611,2026-04-08,1,0,1
16612,2026-05-20,3,0,1
16613,2026-05-26,2,0,1
16614,2026-07-11,3,1,2
16615,2026-06-25,3,1,1
16616,2026-04-19,3,1,2
16617,2026-04-24,8,3,3
16618,2026-04-18,4,2,2
16619,2026-04-25,3,1,2
16620,2026-04-12,2,0,1
16621,2026-04-18,1,0,1
16622,2026-04-23,7,5,6
16623,2026-04-13,10,8,5
16624,2026-04-09,5,3,2
16625,2026-04-13,5,2,2
16626,2026-04-11,4,0,1
16627,2026-04-18,4,2,3
16628,2026-06-11,4,2,3
16629,2026-06-17,6,3,2
16632,2026-04-08,3,2,3
16633,2026-05-31,3,2,2
16634,2026-06-05,3,1,2
16637,2026-04-24,10,6,5
16638,2026-05-01,5,3,3
16642,2026-04-26,4,3,3
16643,2026-04-23,5,3,4
16644,2026-04-29,6,4,4
16645,2026-04-22,4,1,2
16646,2026-04-27,5,3,4
16647,2026-06-12,5,3,4
16648,2026-04-23,4,1,2
16649,2026-04-29,5,2,2
16650,2026-05-02,3,0,1
16651,2026-05-12,4,2,3
16652,2026-05-18,5,2,2
16653,2026-05-26,14,10,7
16655,2026-04-13,6,4,4
16656,2026-04-18,2,0,1
16657,2026-05-30,8,3,4
16658,2026-06-07,7,4,3
16659,2026-06-26,16,13,6
16660,2026-07-12,3,1,2
16661,2026-04-08,1,0,1
16662,2026-04-15,3,1,2
16663,2026-06-29,4,2,3
16664,2026-05-06,5,2,2
16665,2026-05-11,2,0,1
16668,2026-04-18,5,2,2
16669,2026-04-25,4,2,2
16670,2026-04-09,1,0,1
16671,2026-04-29,3,1,2
16672,2026-05-12,5,3,3
16673,2026-05-02,6,4,4
16676,2026-05-24,5,2,2
16677,2026-05-25,3,2,3
16678,2026-05-29,2,0,1
16679,2026-04-26,3,1,2
16680,2026-05-02,2,1,2
16681,2026-05-17,4,2,2
16682,2026-05-21,5,2,2
16692,2026-05-14,4,0,1
16693,2026-05-20,6,2,3
16694,2026-05-16,4,0,1
16695,2026-05-31,3,0,1
16696,2026-06-07,3,1,2
16697,2026-06-13,4,3,3
16698,2026-06-19,9,5,5
16699,2026-04-08,4,3,2
16700,2026-06-19,24,13,5
16701,2026-06-19,12,7,5
16702,2026-04-10,1,0,1
16712,2026-05-16,2,0,1
16713,2026-05-20,2,0,1
16714,2026-06-06,3,0,1
16717,2026-05-06,2,1,2
16718,2026-05-15,4,2,3
16719,2026-05-08,4,2,2
16720,2026-05-16,4,1,2
16721,2026-04-13,5,3,2
16722,2026-04-26,7,5,4
16723,2026-05-01,4,1,2
16724,2026-06-02,8,7,7
16725,2026-06-06,10,5,3
16726,2026-04-10,1,0,1
16727,2026-04-15,7,5,4
16729,2026-05-14,2,0,1
16730,2026-05-07,2,0,1
16731,2026-05-07,3,1,2
16732,2026-04-17,7,2,2
16733,2026-04-21,6,3,4
16734,2026-05-02,1,0,1
16735,2026-04-09,1,0,1
16736,2026-04-25,4,1,2
16737,2026-04-28,2,0,1
16738,2026-05-07,10,8,6
16739,2026-05-16,2,0,1
16740,2026-05-02,3,0,1
16741,2026-07-17,8,6,6
16742,2026-07-25,6,3,2
16743,2026-05-07,2,0,1
16744,2026-04-10,1,0,1
16745,2026-04-13,8,6,3
16746,2026-04-09,2,0,1
16747,2026-04-12,5,2,2
16750,2026-05-12,2,1,2
16751,2026-05-05,9,3,3
16752,2026-05-05,3,1,2
16753,2026-05-14,3,0,1
16754,2026-05-02,2,1,2
16755,2026-05-09,2,0,1
16756,2026-04-09,3,2,2
16757,2026-04-15,4,0,1
16758,2026-04-25,1,0,1
16759,2026-05-02,7,2,2
16760,2026-05-02,2,0,1
16761,2026-05-07,2,0,1
16764,2026-04-26,4,2,3
16765,2026-04-30,3,1,2
16766,2026-04-13,9,7,4
16767,2026-04-15,7,5,4
16768,2026-04-08,2,0,1
16769,2026-04-09,3,2,1
16770,2026-05-16,1,0,1
16771,2026-05-19,7,4,5
16772,2026-05-08,5,3,3
16773,2026-05-10,4,2,2
16774,2026-04-21,7,5,5
16775,2026-04-27,5,3,3
16778,2026-04-12,4,0,1
16780,2026-04-09,2,0,1
16781,2026-04-13,3,1,2
16782,2026-04-18,5,3,4
16785,2026-04-22,4,1,2
16786,2026-04-26,7,3,4
16787,2026-04-10,3,1,2
16788,2026-04-30,10,7,6
16789,2026-04-14,4,2,3
16790,2026-04-20,4,1,2
16791,2026-04-22,4,2,3
16792,2026-04-09,2,1,2
16793,2026-04-24,4,2,2
16794,2026-04-29,7,3,3
16797,2026-05-18,4,0,1
16798,2026-05-21,5,2,3
16799,2026-05-23,6,4,3
16800,2026-05-28,3,0,1
16801,2026-05-31,3,0,1
16802,2026-06-06,10,4,3
16803,2026-06-03,5,2,3
16804,2026-06-06,4,2,2
16805,2026-05-18,3,0,1
16806,2026-05-22,3,0,1
16807,2026-04-22,9,6,4
16808,2026-04-27,6,4,5
16811,2026-05-23,5,3,3
16812,2026-05-29,5,1,2
16813,2026-04-13,4,2,2
16814,2026-04-24,3,1,2
16815,2026-04-28,3,1,2
16816,2026-04-29,5,2,2
16817,2026-05-03,3,1,2
16818,2026-04-25,5,3,3
16819,2026-05-02,4,1,2
16820,2026-04-23,7,5,4
16821,2026-04-27,3,1,2
16822,2026-04-14,6,3,3
16823,2026-04-18,9,6,5
16824,2026-04-11,5,3,4
16825,2026-04-12,2,0,1
16826,2026-04-18,2,0,1
16827,2026-05-10,2,0,1
16828,2026-05-16,3,0,1
16831,2026-04-29,2,0,1
16832,2026-07-03,5,2,3
16833,2026-05-10,1,0,1
16834,2026-05-15,4,2,3
16835,2026-04-24,12,8,6
16836,2026-05-01,5,4,4
16837,2026-07-03,5,4,4
16838,2026-04-26,3,1,2
16839,2026-04-29,3,1,2
16840,2026-04-26,6,4,5
16841,2026-04-23,10,8,4
16842,2026-04-27,4,1,2
16843,2026-05-01,5,3,3
16845,2026-04-19,3,0,1
16848,2026-04-12,4,0,1
16849,2026-04-16,2,0,1
16851,2026-04-10,3,0,1
16852,2026-04-12,3,1,2
16853,2026-05-06,4,0,1
16854,2026-06-05,5,3,3
16855,2026-06-13,5,3,3
16856,2026-04-16,4,1,2
16864,2026-04-12,4,2,2
16865,2026-04-16,3,1,2
16866,2026-04-20,5,3,4
16867,2026-05-15,5,2,2
16868,2026-05-21,3,0,1
16869,2026-06-14,4,1,2
16870,2026-06-17,11,6,5
16871,2026-04-15,4,3,4
16872,2026-04-12,2,0,1
16875,2026-04-13,13,11,6
16876,2026-04-17,8,3,3
16877,2026-04-12,4,2,1
16878,2026-06-01,5,2,3
16879,2026-06-05,7,4,4
16880,2026-04-20,6,4,4
16881,2026-04-25,3,1,2
16882,2026-04-18,2,0,1
16883,2026-04-26,6,2,3
16884,2026-05-10,4,2,2
16885,2026-05-17,5,3,3
16886,2026-04-12,3,1,2
16887,2026-04-16,2,0,1
16888,2026-05-03,2,0,1
16889,2026-05-10,4,2,3
16890,2026-05-07,2,0,1
16895,2026-04-25,4,0,1
16896,2026-04-28,5,2,3
16897,2026-04-11,3,2,2
16898,2026-04-14,3,1,2
16899,2026-05-02,3,0,1
16900,2026-05-09,6,4,3
16901,2026-05-12,7,2,3
16902,2026-06-08,8,6,4
16903,2026-06-17,10,7,6
16904,2026-06-07,3,0,1
16905,2026-06-14,5,1,2
16906,2026-06-20,3,1,2
16907,2026-06-03,9,7,5
16908,2026-06-10,5,2,3
16909,2026-04-28,2,0,1
16910,2026-05-02,9,2,1
16911,2026-04-22,7,5,5
16912,2026-04-28,4,2,3
16915,2026-04-28,4,2,2
16916,2026-05-05,3,0,1
16919,2026-04-27,5,3,4
16920,2026-05-01,5,1,2
16921,2026-04-11,1,0,1
16922,2026-05-16,2,0,1
16923,2026-05-21,5,0,1
16924,2026-07-20,6,3,3
16925,2026-07-26,3,1,2
16926,2026-06-26,4,2,2
16927,2026-07-02,3,1,2
16928,2026-04-10,3,0,1
16930,2026-04-19,4,2,2
16931,2026-04-23,13,11,5
16932,2026-05-04,3,0,1
16933,2026-05-29,3,2,2
16934,2026-06-02,4,3,3
16935,2026-07-14,3,1,2
16936,2026-07-21,4,1,2
16937,2026-06-17,10,6,4
16938,2026-06-20,4,1,2
16939,2026-04-17,5,3,3
16940,2026-04-20,7,5,4
16941,2026-04-26,8,3,3
16942,2026-05-01,3,1,2
16943,2026-05-24,5,1,2
16944,2026-05-29,7,5,3
16945,2026-05-30,9,5,5
16946,2026-04-15,7,4,3
16947,2026-04-22,8,5,4
16948,2026-05-17,2,1,2
16949,2026-05-24,3,2,3
16950,2026-04-17,6,4,4
16951,2026-04-21,7,5,5
16952,2026-04-13,4,2,2
16953,2026-04-19,7,4,4
16954,2026-05-06,5,3,2
16955,2026-05-12,5,0,1
16956,2026-07-15,6,4,4
16957,2026-07-19,7,3,3
16958,2026-04-25,3,1,2
16959,2026-04-16,3,1,2
16960,2026-04-23,7,5,5
16963,2026-04-29,6,4,4
16964,2026-04-12,5,0,1
16965,2026-06-28,5,3,3
16966,2026-05-28,6,3,3
16967,2026-06-03,3,1,2
16968,2026-05-09,2,0,1
16969,2026-05-16,6,2,2
16970,2026-04-12,3,1,2
16971,2026-04-12,3,1,2
16972,2026-04-26,5,3,3
16973,2026-04-27,7,4,5
16974,2026-05-01,5,1,2
16975,2026-05-01,9,3,3
16978,2026-04-22,6,2,3
16979,2026-04-22,5,2,3
16982,2026-04-11,2,0,1
16984,2026-04-13,4,2,2
16986,2026-04-19,2,0,1
16987,2026-05-08,2,0,1
16988,2026-05-11,4,2,3
16990,2026-04-25,6,4,3
16991,2026-04-11,1,0,1
16996,2026-04-26,3,1,2
16997,2026-05-01,5,3,3
16998,2026-07-11,5,2,3
16999,2026-05-09,2,0,1
17000,2026-05-16,4,2,2
17001,2026-04-12,2,0,1
17002,2026-07-18,2,0,1
17003,2026-05-28,4,2,2
17004,2026-06-03,4,1,2
17007,2026-05-12,2,0,1
17008,2026-05-17,2,0,1
17009,2026-05-02,5,3,3
17010,2026-04-12,4,2,2
17011,2026-04-17,5,3,3
17016,2026-04-20,4,3,3
17019,2026-05-30,2,1,2
17020,2026-06-07,3,1,2
17021,2026-05-07,3,1,2
17022,2026-05-10,2,0,1
17024,2026-04-15,2,0,1
17025,2026-04-23,4,0,1
17026,2026-04-12,2,0,1
17027,2026-04-17,3,1,2
17029,2026-04-13,6,4,3
17032,2026-05-27,6,3,3
17033,2026-06-03,7,3,3
17034,2026-04-18,6,5,4
17035,2026-05-06,5,3,3
17036,2026-05-03,6,3,3
17037,2026-04-11,1,0,1
17038,2026-05-22,3,2,2
17039,2026-05-24,3,0,1
17040,2026-08-15,11,0,1
17042,2026-05-03,5,3,3
17043,2026-05-09,1,0,1
17044,2026-04-11,1,0,1
17045,2026-04-16,6,4,4
17046,2026-05-14,2,0,1
17047,2026-05-21,4,1,2
17048,2026-04-19,4,2,2
17049,2026-04-23,6,3,4
17052,2026-08-17,13,4,4
17054,2026-07-20,6,4,3
17055,2026-07-23,3,0,1
17056,2026-05-06,3,1,2
17057,2026-05-11,5,3,2
17059,2026-04-19,7,5,3
17060,2026-04-25,6,4,5
17061,2026-05-26,3,0,1
17062,2026-06-01,7,3,3
17065,2026-06-17,6,2,3
17066,2026-06-26,4,1,2
17067,2026-06-28,3,0,1
17068,2026-07-03,15,12,5
17069,2026-05-19,6,4,4
17070,2026-05-26,4,1,2
17073,2026-04-13,1,0,1
17074,2026-05-09,6,5,4
17075,2026-04-20,1,0,1
17076,2026-04-22,3,1,2
17077,2026-04-12,1,0,1
17078,2026-04-12,7,6,5
17080,2026-04-13,2,1,2
17081,2026-04-18,1,0,1
17084,2026-04-11,1,0,1
17085,2026-05-09,2,0,1
17086,2026-05-16,2,0,1
17088,2026-04-18,2,0,1
17089,2026-04-16,2,0,1
17090,2026-04-23,6,4,4
17091,2026-04-26,8,4,3
17094,2026-04-29,4,2,3
17095,2026-05-04,4,2,2
17096,2026-06-09,6,3,4
17097,2026-06-18,8,6,5
17098,2026-05-14,2,0,1
17099,2026-05-18,4,2,3
17101,2026-06-20,7,5,3
17102,2026-06-27,2,0,1
17104,2026-06-28,2,0,1
17105,2026-07-05,3,0,1
17106,2026-06-11,6,4,4
17107,2026-06-16,7,4,3
17108,2026-05-23,4,2,2
17112,2026-04-30,6,3,4
17113,2026-04-13,1,0,1
17114,2026-04-18,3,1,2
17115,2026-06-02,5,4,4
17116,2026-06-09,8,6,6
17119,2026-04-21,8,6,5
17120,2026-05-15,1,0,1
17121,2026-04-25,2,0,1
17122,2026-04-12,4,3,2
17123,2026-04-17,5,3,3
17124,2026-08-18,7,0,1
17127,2026-04-27,12,8,5
17129,2026-05-10,6,2,2
17130,2026-05-17,3,0,1
17132,2026-06-09,10,8,7
17133,2026-06-18,6,3,3
17134,2026-04-17,3,0,1
17135,2026-04-19,6,4,3
17136,2026-06-15,9,7,5
17137,2026-06-22,4,2,3
17138,2026-04-19,3,2,2
17139,2026-04-25,6,5,4
17140,2026-05-16,3,0,1
17141,2026-05-22,7,4,4
17142,2026-05-09,6,5,4
17143,2026-05-12,3,1,2
17144,2026-06-10,3,1,2
17145,2026-05-11,6,4,2
17146,2026-05-17,2,0,1
17147,2026-05-17,4,2,1
17148,2026-05-22,6,4,5
17149,2026-06-19,5,3,4
17150,2026-06-26,11,9,6
17151,2026-05-16,1,0,1
17152,2026-05-24,2,0,1
17153,2026-06-27,2,0,1
17154,2026-05-13,2,0,1
17155,2026-05-18,4,0,1
17156,2026-04-13,2,0,1
17157,2026-04-17,4,1,2
17158,2026-05-06,6,4,3
17159,2026-05-11,3,1,2
17160,2026-05-03,7,5,5
17161,2026-05-06,8,6,4
17166,2026-05-10,8,4,4
17170,2026-05-08,3,0,1
17171,2026-04-29,8,2,2
17172,2026-05-07,6,4,5
17173,2026-04-19,2,0,1
17174,2026-04-23,4,1,2
17175,2026-06-04,7,6,6
17176,2026-06-07,3,1,2
17177,2026-05-16,2,0,1
17178,2026-05-22,5,2,3
17179,2026-05-24,4,0,1
17180,2026-04-18,2,1,1
17183,2026-08-10,2,0,1
17184,2026-08-16,2,0,1
17185,2026-05-05,2,0,1
17186,2026-04-15,3,1,2
17187,2026-04-19,7,4,3
17188,2026-05-12,1,0,1
17189,2026-05-16,2,0,1
17190,2026-04-13,3,0,1
17191,2026-04-16,2,0,1
17192,2026-05-30,6,2,3
17193,2026-06-07,1,0,1
17195,2026-04-19,4,2,2
17196,2026-04-26,2,0,1
17197,2026-06-06,9,7,5
17198,2026-04-22,4,2,3
17199,2026-06-10,4,1,2
17200,2026-06-15,8,5,3
17201,2026-06-13,5,1,2
17202,2026-06-19,7,4,4
17203,2026-04-27,6,3,4
17204,2026-05-03,8,4,3
17205,2026-04-13,1,0,1
17206,2026-07-30,6,4,3
17207,2026-08-08,6,4,3
17208,2026-05-10,3,2,2
17210,2026-04-17,1,0,1
17211,2026-04-25,5,3,3
17212,2026-04-20,6,5,4
17213,2026-04-23,7,4,4
17214,2026-05-27,4,1,2
17215,2026-06-01,4,0,1
17216,2026-04-13,1,0,1
17217,2026-06-04,4,2,3
17218,2026-06-07,5,2,3
17219,2026-05-11,4,0,1
17220,2026-05-15,7,5,5
17221,2026-04-16,2,0,1
17222,2026-04-22,8,6,4
17223,2026-04-22,5,3,3
17224,2026-04-27,2,0,1
17225,2026-08-17,14,3,3
17227,2026-05-30,7,6,6
17228,2026-06-08,3,0,1
17229,2026-04-13,2,1,2
17230,2026-04-14,4,2,1
17233,2026-04-15,2,0,1
17234,2026-04-20,1,0,1
17237,2026-06-19,8,5,5
17238,2026-06-21,6,3,3
17239,2026-06-27,5,3,3
17240,2026-04-19,2,0,1
17241,2026-04-16,8,6,5
17242,2026-04-19,2,0,1
17243,2026-05-01,7,5,5
17244,2026-05-20,7,2,3
17245,2026-05-27,5,2,2
17246,2026-04-25,3,1,2
17247,2026-04-13,1,0,1
17248,2026-04-16,3,1,2
17253,2026-04-18,5,3,3
17254,2026-04-18,1,0,1
17255,2026-04-21,7,4,5
17256,2026-05-28,3,0,1
17257,2026-04-13,6,5,4
17258,2026-04-16,4,2,2
17259,2026-04-17,3,0,1
17260,2026-04-20,1,0,1
17261,2026-05-17,3,1,2
17262,2026-04-17,2,0,1
17263,2026-07-24,10,5,4
17265,2026-08-17,13,4,3
17268,2026-04-26,2,0,1
17269,2026-05-24,3,0,1
17270,2026-05-24,5,2,2
17271,2026-04-14,6,4,4
17272,2026-04-24,9,7,4
17273,2026-08-05,3,0,1
17274,2026-08-12,7,4,3
17275,2026-06-16,6,2,2
17276,2026-06-21,4,2,3
17277,2026-04-25,2,0,1
17278,2026-05-01,3,1,2
17279,2026-04-17,3,2,2
17280,2026-04-23,11,8,5
17281,2026-05-20,2,0,1
17282,2026-05-24,3,0,1
17283,2026-04-17,2,0,1
17284,2026-04-17,3,1,2
17285,2026-04-19,2,0,1
17294,2026-06-10,6,4,3
17295,2026-06-15,7,5,3
17296,2026-05-16,1,0,1
17297,2026-05-23,3,1,2
17298,2026-05-08,1,0,1
17299,2026-05-11,2,0,1
17300,2026-04-16,1,0,1
17301,2026-04-20,9,7,5
17302,2026-04-17,4,2,3
17303,2026-04-21,4,1,2
17308,2026-06-18,3,1,2
17309,2026-06-22,6,4,3
17312,2026-05-07,5,2,3
17313,2026-05-04,3,0,1
17314,2026-05-08,2,0,1
17315,2026-05-10,5,3,4
17316,2026-05-14,8,6,4
17317,2026-05-09,11,10,5
17318,2026-05-15,1,0,1
17323,2026-04-14,2,0,1
17324,2026-06-24,2,0,1
17325,2026-06-29,5,3,2
17326,2026-04-26,4,2,3
17327,2026-04-30,10,8,6
17328,2026-04-17,5,4,3
17331,2026-04-25,2,0,1
17332,2026-04-29,3,1,2
17333,2026-05-17,2,0,1
17334,2026-05-22,5,3,4
17335,2026-05-13,5,3,3
17336,2026-05-18,7,4,3
17340,2026-08-15,17,4,3
17342,2026-05-10,4,3,2
17343,2026-05-17,2,0,1
17344,2026-05-18,3,1,2
17345,2026-05-17,1,0,1
17346,2026-04-30,9,5,4
17347,2026-05-03,7,5,4
17348,2026-05-31,1,0,1
17349,2026-06-04,8,6,6
17350,2026-05-24,3,0,1
17351,2026-05-29,13,9,5
17352,2026-05-30,15,11,5
17355,2026-05-03,1,0,1
17356,2026-05-07,3,1,2
17357,2026-05-25,3,1,2
17358,2026-05-30,11,8,5
17360,2026-07-09,4,2,3
17361,2026-04-19,4,2,3
17362,2026-04-24,5,3,3
17363,2026-05-20,2,0,1
17365,2026-06-09,7,5,6
17366,2026-05-02,4,0,1
17368,2026-05-09,6,4,1
17369,2026-05-16,2,0,1
17370,2026-04-14,1,0,1
17371,2026-04-18,5,2,2
17378,2026-04-16,3,1,2
17379,2026-06-05,6,5,4
17380,2026-06-11,7,4,4
17381,2026-05-13,3,1,2
17382,2026-05-16,3,0,1
17383,2026-06-07,3,2,2
17384,2026-04-23,8,6,5
17385,2026-04-29,3,1,2
17386,2026-04-25,1,0,1
17387,2026-05-02,1,0,1
17388,2026-06-10,5,3,4
17389,2026-06-17,4,2,3
17390,2026-05-21,8,4,2
17391,2026-05-28,4,0,1
17392,2026-05-14,4,2,3
17393,2026-06-13,7,5,4
17394,2026-06-22,5,3,3
17395,2026-04-14,2,1,2
17396,2026-05-03,4,2,1
17397,2026-05-09,1,0,1
17398,2026-05-02,1,0,1
17399,2026-05-06,3,1,2
17400,2026-06-12,4,2,3
17401,2026-06-19,15,11,6
17402,2026-05-22,4,2,2
17403,2026-05-25,12,10,5
17404,2026-04-18,3,1,2
17405,2026-06-06,6,3,4
17406,2026-05-17,6,4,3
17407,2026-05-23,2,0,1
17408,2026-04-19,4,2,2
17409,2026-04-23,3,0,1
17410,2026-06-30,4,2,3
17411,2026-07-11,9,6,5
17412,2026-04-14,2,1,2
17413,2026-04-22,7,5,3
17414,2026-06-03,12,10,7
17415,2026-06-10,4,2,3
17416,2026-04-17,6,4,3
17417,2026-04-20,3,1,2
17418,2026-05-21,6,4,2
17419,2026-05-26,6,3,2
17420,2026-04-17,1,0,1
17421,2026-04-16,1,0,1
17422,2026-04-20,3,1,2
17423,2026-05-19,3,2,2
17424,2026-05-22,7,5,5
17425,2026-05-22,2,1,2
17426,2026-05-26,2,0,1
17429,2026-04-27,4,2,3
17430,2026-04-17,4,3,2
17431,2026-04-23,9,6,5
17432,2026-04-24,5,2,2
17433,2026-04-28,3,0,1
17436,2026-05-10,2,0,1
17437,2026-05-15,5,2,1
17438,2026-04-17,1,0,1
17441,2026-04-26,6,3,3
17442,2026-07-14,2,0,1
17443,2026-07-21,4,2,2
17446,2026-05-20,3,0,1
17447,2026-07-14,4,2,3
17448,2026-07-21,3,1,2
17449,2026-05-23,2,1,2
17450,2026-06-25,2,0,1
17451,2026-06-28,10,8,6
17452,2026-05-30,9,6,5
17453,2026-04-14,2,0,1
17454,2026-04-14,2,0,1
17455,2026-05-29,8,5,4
17456,2026-06-06,6,4,3
17465,2026-05-02,3,0,1
17466,2026-05-07,3,1,2
17467,2026-05-10,3,1,2
17468,2026-05-13,4,1,2
17469,2026-04-22,10,8,6
17470,2026-04-28,6,3,2
17471,2026-06-06,3,1,2
17472,2026-06-11,9,6,4
17473,2026-08-10,2,0,1
17474,2026-05-16,2,0,1
17475,2026-05-22,4,1,2
17476,2026-04-23,5,0,1
17477,2026-04-27,5,4,5
17478,2026-04-23,6,1,2
17479,2026-04-28,3,0,1
17480,2026-04-25,6,4,4
17481,2026-06-13,4,1,2
17482,2026-06-20,4,2,2
17483,2026-05-30,4,1,2
17484,2026-06-03,6,4,5
17485,2026-06-07,10,3,3
17486,2026-04-14,1,0,1
17487,2026-04-19,3,1,2
17488,2026-04-20,4,2,3
17489,2026-04-23,4,2,3
17490,2026-06-22,8,4,4
17491,2026-06-24,4,2,3
17492,2026-06-24,3,0,1
17493,2026-06-27,2,0,1
17494,2026-06-29,2,0,1
17496,2026-04-09,3,0,1
17497,2026-05-17,2,0,1
17498,2026-05-23,3,1,2
17499,2026-07-05,3,1,2
17500,2026-07-11,2,0,1
17503,2026-06-06,6,4,3
17504,2026-05-10,6,4,3
17505,2026-05-16,3,2,2
17508,2026-07-28,14,10,7
17509,2026-08-01,3,1,2
17510,2026-04-24,6,5,1
17511,2026-05-31,13,9,6
17512,2026-06-01,5,2,3
17513,2026-06-05,7,4,5
17514,2026-06-06,6,2,3
17515,2026-05-08,3,0,1
17516,2026-05-12,2,0,1
17517,2026-04-25,5,3,3
17518,2026-04-23,10,8,5
17519,2026-04-29,5,3,3
17520,2026-04-16,1,0,1
17521,2026-04-20,4,2,3
17522,2026-08-01,2,0,1
17523,2026-05-01,5,3,3
17524,2026-05-08,2,0,1
17527,2026-04-21,3,0,1
17528,2026-04-28,2,0,1
17531,2026-04-18,3,1,2
17532,2026-04-15,1,0,1
17533,2026-04-26,3,0,1
17534,2026-04-29,4,2,3
17535,2026-05-03,5,3,3
17536,2026-05-08,2,0,1
17537,2026-04-29,2,0,1
17538,2026-05-03,3,1,2
17541,2026-04-19,2,1,1
17542,2026-04-25,2,1,1
17543,2026-04-26,7,4,3
17544,2026-08-20,8,1,2
17545,2026-05-03,6,4,2
17546,2026-05-08,5,2,2
17547,2026-04-25,8,6,4
17548,2026-07-26,2,0,1
17549,2026-05-01,3,1,2
17550,2026-05-13,4,2,2
17551,2026-05-17,2,0,1
17554,2026-04-16,1,0,1
17555,2026-04-20,9,6,3
17556,2026-04-16,3,2,3
17557,2026-04-21,4,2,3
17559,2026-07-26,4,0,1
17560,2026-05-08,4,2,3
17561,2026-04-21,5,3,3
17562,2026-04-26,11,9,7
17565,2026-04-18,3,0,1
17568,2026-05-03,1,0,1
17569,2026-05-07,6,3,2
17570,2026-05-23,3,2,1
17571,2026-05-28,6,3,3
17572,2026-04-30,6,4,2
17573,2026-05-03,3,1,2
17574,2026-04-30,6,4,4
17575,2026-05-03,2,0,1
17576,2026-05-06,4,2,1
17577,2026-05-11,2,0,1
17582,2026-04-29,2,0,1
17583,2026-05-04,3,0,1
17584,2026-07-22,6,2,2
17585,2026-07-26,4,2,2
17586,2026-04-25,2,0,1
17587,2026-04-29,2,0,1
17588,2026-06-21,2,0,1
17589,2026-06-25,11,9,6
17590,2026-04-25,6,4,3
17591,2026-04-23,3,1,2
17592,2026-06-03,3,1,2
17593,2026-06-10,6,4,4
17594,2026-06-13,4,2,3
17595,2026-06-20,6,4,5
17596,2026-05-16,1,0,1
17597,2026-05-22,10,7,5
17598,2026-05-01,2,0,1
17599,2026-04-30,3,1,2
17600,2026-05-04,4,2,3
17601,2026-05-05,2,0,1
17602,2026-05-09,2,0,1
17603,2026-04-22,4,1,2
17604,2026-04-26,6,3,4
17605,2026-04-25,7,5,3
17608,2026-05-31,3,0,1
17609,2026-06-07,1,0,1
17610,2026-05-30,2,0,1
17611,2026-06-06,7,3,3
17612,2026-05-26,3,2,2
17613,2026-05-31,5,2,3
17614,2026-04-25,2,1,2
17615,2026-04-17,6,4,2
17616,2026-04-20,8,6,5
17617,2026-04-20,3,2,2
17618,2026-05-29,7,4,3
17619,2026-06-04,10,9,6
17620,2026-07-30,6,4,3
17621,2026-08-09,3,1,2
17622,2026-07-05,8,3,3
17623,2026-07-09,6,4,4
17624,2026-04-22,4,2,3
17625,2026-04-26,7,4,5
17626,2026-04-18,5,3,3
17627,2026-04-22,8,3,3
17628,2026-05-06,4,1,2
17629,2026-05-10,1,0,1
17630,2026-04-16,3,2,2
17631,2026-04-18,2,0,1
17632,2026-04-25,6,4,5
17633,2026-04-23,2,0,1
17634,2026-04-25,5,3,3
17635,2026-05-02,1,0,1
17636,2026-06-03,6,1,2
17637,2026-06-08,3,1,2
17638,2026-04-24,9,6,5
17639,2026-04-28,2,0,1
17640,2026-07-06,2,0,1
17641,2026-07-13,7,4,4
17642,2026-04-17,1,0,1
17643,2026-06-07,4,1,2
17644,2026-06-15,9,6,4
17645,2026-04-18,3,2,2
17646,2026-06-13,6,1,2
17647,2026-06-18,3,1,2
17648,2026-06-05,5,3,3
17649,2026-04-26,3,0,1
17650,2026-05-01,3,0,1
17651,2026-06-18,3,1,2
17652,2026-06-24,2,0,1
17653,2026-06-28,7,4,4
17654,2026-07-03,10,8,5
17655,2026-07-09,3,1,2
17656,2026-05-10,4,2,2
17657,2026-05-16,2,0,1
17658,2026-05-11,3,1,2
17659,2026-05-15,2,0,1
17660,2026-06-03,3,1,2
17661,2026-04-24,4,2,3
17662,2026-08-01,7,4,2
17663,2026-08-07,7,5,4
17666,2026-04-29,2,0,1
17667,2026-05-03,7,5,5
17668,2026-05-11,2,0,1
17669,2026-05-15,9,3,3
17670,2026-04-23,3,1,2
17671,2026-04-28,2,0,1
17672,2026-05-07,2,0,1
17673,2026-05-11,5,2,1
17674,2026-05-15,2,0,1
17675,2026-05-16,3,1,2
17676,2026-04-30,5,2,1
17677,2026-05-04,9,4,4
17678,2026-05-14,3,0,1
17679,2026-06-06,7,4,5
17680,2026-06-13,5,3,4
17681,2026-04-20,3,1,2
17682,2026-04-25,3,0,1
17687,2026-04-18,5,2,2
17688,2026-04-23,9,7,6
17689,2026-05-03,3,0,1
17690,2026-05-09,3,0,1
17691,2026-06-18,6,4,3
17692,2026-04-18,3,2,2
17695,2026-05-02,1,0,1
17696,2026-05-09,4,2,1
17699,2026-04-26,5,3,4
17701,2026-06-20,4,2,3
17702,2026-06-25,2,0,1
17703,2026-05-24,3,0,1
17706,2026-04-25,3,2,3
17707,2026-04-26,7,3,3
17708,2026-05-02,10,6,4
17709,2026-04-26,5,4,4
17710,2026-05-02,4,2,2
17711,2026-06-01,4,1,2
17712,2026-06-08,3,0,1
17713,2026-06-20,5,2,1
17714,2026-06-26,2,0,1
17717,2026-05-29,13,10,6
17718,2026-06-03,11,8,6
17719,2026-06-09,8,6,5
17720,2026-06-11,10,7,5
17721,2026-06-17,12,9,6
17722,2026-06-06,6,3,4
17723,2026-06-10,11,9,5
17724,2026-05-23,3,2,2
17725,2026-05-26,4,0,1
17726,2026-05-08,2,0,1
17727,2026-05-14,2,0,1
17728,2026-04-19,2,0,1
17729,2026-04-25,5,3,2
17730,2026-07-03,6,4,4
17731,2026-07-10,2,0,1
17732,2026-07-07,5,2,3
17733,2026-07-07,5,3,4
17734,2026-04-26,3,0,1
17735,2026-05-04,6,3,3
17736,2026-05-06,5,3,2
17738,2026-05-17,3,1,2
17739,2026-05-21,3,0,1
17740,2026-07-11,2,0,1
17741,2026-07-18,2,0,1
17742,2026-05-31,4,1,2
17743,2026-06-06,16,8,5
17746,2026-06-08,8,7,5
17747,2026-06-13,4,2,2
17748,2026-05-31,5,2,2
17749,2026-06-07,3,2,3
17750,2026-04-18,2,0,1
17753,2026-04-23,6,4,3
17754,2026-04-28,4,0,1
17755,2026-06-28,12,9,3
17756,2026-07-04,12,9,8
17757,2026-04-18,6,3,3
17759,2026-04-23,5,3,4
17760,2026-04-25,4,2,3
17762,2026-04-17,1,0,1
17763,2026-04-23,9,5,5
17764,2026-06-13,4,1,2
17765,2026-06-21,4,2,3
17766,2026-04-25,4,2,2
17767,2026-04-30,6,5,4
17768,2026-04-17,5,4,3
17769,2026-04-22,5,3,4
17770,2026-06-30,6,4,4
17771,2026-07-08,3,0,1
17772,2026-04-17,1,0,1
17773,2026-04-22,4,2,3
17774,2026-04-17,3,2,2
17775,2026-04-17,2,0,1
17776,2026-04-20,3,2,2
17779,2026-04-17,4,2,2
17780,2026-04-20,4,1,2
17781,2026-05-21,3,0,1
17782,2026-05-08,3,0,1
17783,2026-05-11,2,0,1
17788,2026-04-18,1,0,1
17789,2026-04-24,3,1,2
17790,2026-07-15,1,0,1
17791,2026-04-20,6,4,4
17793,2026-05-15,5,4,2
17794,2026-04-20,3,2,2
17795,2026-05-04,4,0,1
17797,2026-05-21,3,0,1
17798,2026-05-15,10,6,4
17799,2026-05-20,5,2,2
17802,2026-06-01,7,2,3
17803,2026-06-05,11,9,5
17804,2026-06-29,5,3,4
17805,2026-07-03,10,8,8
17806,2026-05-22,7,5,5
17807,2026-05-25,3,0,1
17808,2026-05-29,1,0,1
17809,2026-04-20,2,1,2
17810,2026-04-19,2,0,1
17811,2026-04-23,9,6,3
17812,2026-04-23,14,8,4
17813,2026-05-05,2,0,1
17814,2026-05-16,2,0,1
17815,2026-08-16,10,2,2
17816,2026-04-27,3,1,2
17817,2026-05-05,3,1,2
17819,2026-04-24,4,2,2
17820,2026-04-24,4,3,3
17821,2026-05-02,4,2,2
17822,2026-05-09,3,0,1
17823,2026-05-18,8,5,5
17824,2026-05-24,4,0,1
17829,2026-04-23,6,3,4
17830,2026-04-26,8,5,5
17833,2026-04-19,2,0,1
17834,2026-04-23,7,4,4
17837,2026-04-25,7,4,4
17840,2026-05-08,4,0,1
17841,2026-05-12,3,1,2
17842,2026-05-24,3,0,1
17843,2026-05-29,6,0,1
17844,2026-05-10,1,0,1
17845,2026-05-15,2,0,1
17846,2026-06-11,9,2,3
17847,2026-04-24,3,0,1
17849,2026-04-25,5,3,4
17850,2026-04-30,5,3,3
17851,2026-04-22,5,3,3
17852,2026-04-29,3,1,2
17853,2026-05-06,4,1,2
17854,2026-05-11,2,0,1
17859,2026-06-06,8,5,3
17860,2026-06-13,3,1,2
17863,2026-05-03,7,2,2
17864,2026-05-08,8,4,2
17865,2026-04-18,1,0,1
17866,2026-04-20,2,1,2
17867,2026-04-20,2,0,1
17868,2026-04-22,4,2,3
17869,2026-04-26,4,2,3
17870,2026-05-02,4,2,3
17872,2026-05-30,5,2,3
17873,2026-04-25,3,1,2
17874,2026-05-02,1,0,1
17875,2026-04-18,1,0,1
17876,2026-04-22,2,0,1
17877,2026-04-26,3,1,2
17878,2026-05-15,3,2,1
17879,2026-04-18,1,0,1
17880,2026-04-23,3,1,2
17884,2026-05-01,3,1,2
17885,2026-05-06,2,0,1
17886,2026-05-22,3,2,1
17889,2026-04-30,5,3,3
17890,2026-05-08,2,0,1
17891,2026-04-26,4,1,2
17892,2026-08-06,10,7,4
17893,2026-08-15,4,1,2
17894,2026-04-25,2,0,1
17895,2026-04-28,3,1,2
17896,2026-06-15,9,6,6
17897,2026-07-19,5,3,3
17898,2026-07-26,2,0,1
17899,2026-05-15,1,0,1
17902,2026-04-22,5,3,3
17903,2026-04-28,2,0,1
17906,2026-04-19,2,0,1
17907,2026-04-22,2,0,1
17908,2026-05-13,4,2,2
17909,2026-05-21,4,1,2
17910,2026-04-24,3,0,1
17911,2026-04-27,4,2,2
17912,2026-05-13,3,0,1
17913,2026-04-25,3,0,1
17914,2026-04-19,1,0,1
17915,2026-04-25,5,2,2
17916,2026-05-25,7,5,4
17917,2026-05-29,8,4,3
17918,2026-05-06,4,0,1
17919,2026-05-10,2,0,1
17920,2026-04-18,1,0,1
17928,2026-04-22,4,2,3
17929,2026-04-26,4,2,3
17930,2026-04-22,3,0,1
17931,2026-04-27,5,2,3
17936,2026-05-14,4,2,3
17937,2026-05-17,3,1,2
17938,2026-07-05,5,3,4
17939,2026-07-12,2,0,1
17940,2026-06-11,3,1,2
17941,2026-06-17,4,2,3
17942,2026-06-17,3,1,2
17943,2026-06-22,6,4,5
17944,2026-05-16,4,0,1
17945,2026-05-19,7,5,6
17946,2026-04-19,1,0,1
17947,2026-04-25,2,0,1
17949,2026-04-21,1,0,1
17950,2026-04-25,4,3,3
17953,2026-06-17,7,6,3
17954,2026-06-23,2,0,1
17955,2026-05-16,2,0,1
17956,2026-05-22,9,6,5
17959,2026-05-19,7,4,4
17960,2026-05-21,3,0,1
17963,2026-04-21,1,0,1
17964,2026-04-24,10,6,4
17965,2026-04-20,1,0,1
17966,2026-04-23,3,1,2
17969,2026-04-20,3,2,2
17970,2026-04-24,6,4,3
17971,2026-05-03,2,0,1
17972,2026-04-22,8,5,3
17973,2026-06-02,5,3,3
17974,2026-06-07,8,3,3
17975,2026-07-15,6,4,2
17976,2026-07-20,3,1,2
17977,2026-05-02,5,3,3
17978,2026-05-09,4,0,1
17979,2026-05-03,3,2,2
17980,2026-05-09,3,0,1
17981,2026-05-15,6,4,2
17983,2026-05-31,3,1,2
17984,2026-07-14,2,0,1
17985,2026-07-20,3,1,2
17986,2026-05-01,5,1,2
17987,2026-05-03,7,3,3
17988,2026-05-07,4,1,2
17991,2026-05-27,4,1,2
17992,2026-06-03,5,1,2
17993,2026-04-21,1,0,1
17994,2026-07-19,1,0,1
17995,2026-08-04,3,2,2
17996,2026-04-29,6,4,4
17997,2026-05-03,2,0,1
17998,2026-05-25,5,1,2
17999,2026-06-02,3,0,1
18002,2026-05-15,2,0,1
18003,2026-05-20,8,6,5
18004,2026-05-26,3,1,2
18005,2026-05-31,3,0,1
18008,2026-05-23,3,2,2
18009,2026-05-27,8,3,2
18010,2026-08-12,13,4,2
18011,2026-08-16,2,0,1
18013,2026-04-22,2,0,1
18014,2026-04-28,5,3,3
18015,2026-05-16,4,1,2
18022,2026-08-02,5,3,3
18023,2026-08-09,2,0,1
18024,2026-05-14,6,4,4
18025,2026-05-19,6,3,4
18026,2026-05-18,4,2,3
18027,2026-05-24,2,0,1
18028,2026-07-02,8,6,5
18029,2026-04-30,7,5,4
18030,2026-05-06,2,0,1
18033,2026-06-03,3,1,2
18034,2026-06-07,5,3,3
18037,2026-05-15,2,0,1
18038,2026-05-18,6,1,2
18041,2026-05-24,3,1,2
18043,2026-05-17,1,0,1
18044,2026-05-10,1,0,1
18045,2026-05-17,2,0,1
18046,2026-04-25,6,4,2
18047,2026-05-01,7,6,4
18048,2026-04-25,4,2,2
18049,2026-04-29,4,2,2
18050,2026-05-03,4,0,1
18051,2026-04-21,1,0,1
18052,2026-04-21,1,0,1
18055,2026-04-26,4,1,2
18056,2026-04-21,1,0,1
18057,2026-04-26,3,1,2
18058,2026-04-24,7,5,2
18059,2026-04-29,2,0,1
18060,2026-04-30,4,2,3
18061,2026-05-08,4,1,2
18063,2026-06-05,7,5,5
18064,2026-04-29,5,3,4
18065,2026-05-03,7,5,5
18066,2026-05-20,3,0,1
18067,2026-05-26,4,1,2
18068,2026-06-18,1,0,1
18069,2026-06-22,11,7,4
18070,2026-06-28,2,0,1
18071,2026-06-21,4,0,1
18072,2026-06-24,4,0,1
18073,2026-06-28,5,0,1
18074,2026-06-14,4,0,1
18075,2026-06-20,5,3,4
18076,2026-07-10,2,0,1
18077,2026-07-15,2,0,1
18078,2026-05-16,2,0,1
18079,2026-05-22,4,2,3
18080,2026-06-05,3,1,2
18081,2026-04-22,6,4,3
18082,2026-04-25,4,2,2
18083,2026-04-30,9,4,4
18084,2026-05-03,7,5,4
18086,2026-06-03,6,3,2
18087,2026-06-10,7,4,3
18088,2026-06-07,5,2,3
18089,2026-06-14,4,1,2
18090,2026-04-20,1,0,1
18091,2026-04-26,7,5,3
18092,2026-04-21,2,1,2
18093,2026-05-12,4,3,3
18094,2026-06-02,6,4,4
18095,2026-04-30,5,4,4
18096,2026-06-18,7,4,5
18097,2026-06-23,7,5,5
18098,2026-05-09,4,1,2
18099,2026-05-01,7,4,4
18100,2026-05-04,4,1,2
18103,2026-04-24,5,3,3
18104,2026-04-27,7,3,3
18105,2026-04-26,2,0,1
18106,2026-05-01,3,1,2
18107,2026-05-27,4,3,3
18108,2026-05-25,6,4,2
18109,2026-05-29,10,7,7
18114,2026-04-27,3,1,2
18115,2026-05-01,8,4,4
18117,2026-06-24,4,2,3
18118,2026-06-27,5,3,3
18119,2026-07-05,7,3,2
18120,2026-07-07,4,2,3
18121,2026-04-29,11,9,6
18122,2026-05-17,2,0,1
18123,2026-05-15,7,5,4
18124,2026-05-20,6,3,4
18125,2026-04-27,5,3,4
18126,2026-05-02,1,0,1
18127,2026-06-27,6,4,4
18128,2026-07-03,9,7,6
18129,2026-05-01,6,3,2
18130,2026-05-04,3,1,2
18131,2026-05-10,4,2,1
18132,2026-06-08,12,9,5
18133,2026-05-15,7,3,4
18134,2026-04-25,3,2,2
18135,2026-05-01,5,3,4
18136,2026-04-30,5,3,3
18137,2026-05-09,2,0,1
18148,2026-05-24,2,0,1
18149,2026-05-30,5,3,2
18150,2026-05-09,2,0,1
18151,2026-05-16,3,0,1
18152,2026-06-04,6,3,4
18153,2026-06-09,9,7,5
18154,2026-05-23,1,0,1
18159,2026-05-03,10,7,5
18160,2026-05-07,14,8,4
18163,2026-05-20,5,2,2
18164,2026-05-24,3,0,1
18165,2026-06-01,4,0,1
18166,2026-06-06,5,1,2
18167,2026-05-13,2,0,1
18168,2026-05-15,2,0,1
18169,2026-05-20,4,1,2
18172,2026-04-23,2,1,2
18173,2026-04-28,3,1,2
18174,2026-05-09,3,2,2
18175,2026-05-15,9,7,6
18176,2026-04-25,5,3,3
18177,2026-04-25,7,4,4
18178,2026-06-15,7,3,3
18179,2026-06-19,7,5,4
18180,2026-06-24,4,2,3
18181,2026-06-29,4,1,2
18182,2026-05-18,6,3,2
18183,2026-05-23,2,0,1
18184,2026-04-26,2,0,1
18185,2026-04-30,3,1,2
18186,2026-05-06,4,0,1
18187,2026-05-09,3,2,2
18190,2026-05-23,1,0,1
18193,2026-04-28,1,0,1
18194,2026-04-28,1,0,1
18195,2026-06-06,1,0,1
18196,2026-06-11,11,9,6
18197,2026-04-21,1,0,1
18198,2026-05-02,3,0,1
18199,2026-05-08,4,0,1
18202,2026-05-29,10,6,3
18203,2026-05-16,2,0,1
18204,2026-04-26,2,0,1
18205,2026-05-01,4,0,1
18206,2026-04-27,6,2,2
18207,2026-05-10,4,2,2
18215,2026-04-26,2,0,1
18216,2026-04-30,8,6,4
18217,2026-05-12,4,1,2
18218,2026-06-09,5,4,4
18219,2026-04-22,1,0,1
18221,2026-05-01,7,3,3
18222,2026-05-03,5,2,3
18223,2026-05-10,3,2,2
18224,2026-05-01,8,4,4
18225,2026-05-06,2,0,1
18226,2026-05-12,2,0,1
18228,2026-05-08,2,0,1
18229,2026-05-13,4,2,2
18231,2026-07-04,4,2,2
18232,2026-07-04,3,1,2
18233,2026-06-04,10,9,6
18234,2026-05-01,3,0,1
18235,2026-05-04,3,1,2
18240,2026-06-10,13,11,3
18241,2026-06-13,2,0,1
18242,2026-04-25,4,2,2
18243,2026-06-19,12,8,4
18244,2026-06-26,4,2,2
18245,2026-06-23,3,1,2
18246,2026-05-07,3,1,2
18247,2026-05-12,5,3,2
18248,2026-06-27,10,8,5
18249,2026-06-29,4,1,2
18250,2026-04-22,1,0,1
18251,2026-04-26,4,0,1
18252,2026-05-16,2,0,1
18255,2026-06-15,9,4,3
18256,2026-06-20,9,7,4
18257,2026-05-21,5,2,1
18258,2026-05-30,14,11,7
18259,2026-06-06,4,1,2
18260,2026-06-13,6,3,3
18263,2026-04-26,3,1,2
18264,2026-05-01,3,1,2
18265,2026-05-16,1,0,1
18266,2026-05-21,3,0,1
18267,2026-05-31,4,0,1
18270,2026-05-04,5,3,3
18271,2026-05-08,2,0,1
18272,2026-04-23,3,2,3
18273,2026-04-26,3,1,2
18274,2026-05-05,4,1,2
18275,2026-05-09,1,0,1
18276,2026-06-24,4,2,2
18277,2026-06-30,3,1,2
18278,2026-06-18,4,2,3
18279,2026-06-21,6,4,4
18280,2026-05-08,2,0,1
18281,2026-05-15,6,4,2
18282,2026-05-02,1,0,1
18283,2026-05-09,4,2,2
18290,2026-05-09,4,2,2
18291,2026-05-16,5,3,3
18292,2026-06-06,10,9,5
18293,2026-06-10,5,2,2
18294,2026-04-24,6,3,2
18295,2026-05-11,4,2,3
18296,2026-05-04,4,2,2
18297,2026-05-08,9,6,4
18298,2026-04-27,8,6,5
18300,2026-05-02,2,1,2
18301,2026-05-09,6,4,2
18302,2026-04-24,10,9,3
18303,2026-04-28,2,0,1
18304,2026-05-02,5,3,3
18305,2026-05-07,2,0,1
18306,2026-04-30,3,0,1
18307,2026-05-04,6,2,2
18310,2026-04-29,8,6,5
18311,2026-05-04,3,1,2
18312,2026-04-23,1,0,1
18313,2026-04-27,10,6,5
18314,2026-05-06,2,0,1
18315,2026-05-10,4,2,2
18316,2026-04-28,5,3,2
18317,2026-05-02,1,0,1
18318,2026-06-26,5,2,3
18321,2026-06-21,9,6,6
18322,2026-04-23,1,0,1
18323,2026-04-27,8,4,5
18324,2026-05-30,3,2,2
18325,2026-06-01,6,3,4
18326,2026-04-22,5,4,3
18327,2026-04-28,2,0,1
18328,2026-04-24,2,0,1
18329,2026-04-27,2,1,2
18330,2026-05-21,2,0,1
18331,2026-05-26,7,3,2
18332,2026-05-02,3,1,2
18333,2026-05-02,6,3,3
18334,2026-04-24,10,7,3
18335,2026-06-12,5,4,3
18336,2026-06-16,4,3,4
18337,2026-05-17,4,2,2
18338,2026-05-22,5,3,3
18339,2026-05-06,5,2,2
18340,2026-05-11,2,0,1
18341,2026-05-25,7,3,3
18342,2026-05-31,3,0,1
18345,2026-04-25,2,0,1
18346,2026-05-01,4,2,3
18347,2026-05-31,3,0,1
18348,2026-06-07,3,0,1
18349,2026-06-27,9,7,4
18352,2026-05-31,3,0,1
18353,2026-04-25,2,0,1
18354,2026-04-23,1,0,1
18355,2026-05-03,7,5,4
18356,2026-04-23,2,0,1
18357,2026-04-27,8,6,5
18358,2026-05-26,8,4,3
18359,2026-05-30,10,8,6
18362,2026-05-03,7,5,5
18363,2026-05-09,1,0,1
18365,2026-06-14,7,2,2
18366,2026-05-03,6,4,3
18367,2026-05-09,5,4,2
18368,2026-04-26,3,2,2
18369,2026-04-24,4,2,1
18370,2026-05-02,4,2,2
18371,2026-04-24,3,0,1
18372,2026-05-02,2,0,1
18373,2026-04-27,9,7,4
18374,2026-05-02,1,0,1
18375,2026-04-30,4,2,3
18376,2026-05-03,6,5,5
18377,2026-04-24,5,3,3
18378,2026-04-29,6,4,3
18381,2026-05-12,3,1,2
18382,2026-05-17,4,2,3
18383,2026-06-28,3,1,2
18386,2026-08-07,7,3,4
18387,2026-08-13,5,3,4
18388,2026-04-25,6,4,4
18389,2026-05-03,7,5,3
18390,2026-04-25,3,1,2
18391,2026-04-29,5,3,4
18396,2026-05-05,3,1,2
18397,2026-04-26,2,0,1
18398,2026-05-02,2,0,1
18399,2026-05-12,1,0,1
18402,2026-05-15,2,0,1
18403,2026-05-21,3,0,1
18404,2026-07-31,3,1,2
18405,2026-08-07,4,1,2
18406,2026-06-06,7,5,4
18407,2026-06-13,5,2,3
18408,2026-05-07,5,2,2
18409,2026-05-17,6,4,3
18410,2026-04-30,8,6,5
18411,2026-05-03,3,1,2
18412,2026-05-23,8,6,3
18413,2026-05-28,5,2,3
18414,2026-04-27,3,1,2
18415,2026-04-30,7,4,4
18416,2026-06-02,8,7,6
18417,2026-06-09,10,9,7
18418,2026-04-25,3,0,1
18419,2026-05-02,3,2,2
18420,2026-04-25,2,0,1
18421,2026-05-19,6,3,3
18426,2026-04-24,2,0,1
18427,2026-04-23,4,2,2
18428,2026-06-17,4,2,3
18429,2026-06-23,4,2,3
18430,2026-04-27,12,10,5
18431,2026-06-30,4,2,3
18432,2026-07-04,3,1,2
18433,2026-05-28,4,2,2
18434,2026-06-04,7,6,6
18437,2026-05-10,2,0,1
18438,2026-05-15,3,1,2
18439,2026-04-26,3,0,1
18440,2026-05-17,8,4,3
18441,2026-05-21,3,1,2
18442,2026-06-06,3,2,3
18443,2026-06-12,4,1,2
18444,2026-05-19,4,2,3
18445,2026-05-27,9,5,4
18446,2026-05-03,7,5,4
18447,2026-05-07,4,2,3
18448,2026-06-05,7,4,3
18449,2026-06-12,5,4,4
18454,2026-05-04,2,0,1
18455,2026-05-11,3,0,1
18458,2026-07-18,4,2,3
18459,2026-07-26,3,1,2
18460,2026-05-31,4,1,2
18461,2026-06-04,8,5,4
18462,2026-04-30,5,4,5
18463,2026-05-04,3,1,2
18464,2026-05-02,3,0,1
18465,2026-05-09,2,0,1
18466,2026-06-06,1,0,1
18467,2026-06-14,5,2,3
18468,2026-05-11,2,0,1
18469,2026-05-15,7,1,2
18470,2026-04-24,1,0,1
18471,2026-04-26,7,5,4
18472,2026-06-10,8,6,4
18473,2026-06-17,8,6,3
18474,2026-06-07,2,1,2
18475,2026-06-10,2,1,2
18476,2026-05-06,5,3,2
18477,2026-05-13,4,2,3
18478,2026-05-16,2,0,1
18479,2026-08-08,8,7,3
18480,2026-08-21,1,0,1
18481,2026-05-30,6,4,4
18482,2026-06-03,5,3,4
18483,2026-05-02,6,4,3
18484,2026-05-07,2,0,1
18485,2026-06-29,4,2,2
18486,2026-05-10,4,3,3
18487,2026-05-16,5,2,2
18488,2026-06-06,6,3,3
18489,2026-06-12,8,5,5
18490,2026-06-27,4,1,2
18491,2026-07-03,5,2,3
18494,2026-04-24,1,0,1
18501,2026-04-25,3,2,2
18502,2026-05-02,1,0,1
18508,2026-04-24,6,2,3
18509,2026-05-10,3,1,2
18511,2026-04-25,4,2,2
18512,2026-05-03,2,0,1
18515,2026-05-01,5,3,3
18516,2026-05-04,2,0,1
18517,2026-04-26,2,0,1
18518,2026-05-23,4,2,3
18519,2026-05-30,11,8,8
18520,2026-05-04,2,0,1
18521,2026-05-08,8,5,3
18522,2026-05-04,5,2,2
18523,2026-04-26,3,1,2
18524,2026-04-29,3,1,2
18525,2026-05-05,3,1,2
18526,2026-05-12,2,0,1
18527,2026-05-15,2,0,1
18528,2026-05-19,4,0,1
18529,2026-05-09,2,0,1
18530,2026-07-01,4,1,2
18531,2026-07-08,3,0,1
18532,2026-06-14,3,1,2
18533,2026-06-21,3,1,2
18534,2026-05-20,3,0,1
18535,2026-05-26,4,1,2
18536,2026-05-09,2,0,1
18539,2026-05-03,5,2,2
18540,2026-05-06,6,2,3
18548,2026-05-30,5,2,2
18549,2026-04-24,2,0,1
18550,2026-04-29,6,4,4
18551,2026-05-02,3,2,2
18552,2026-05-09,5,3,3
18553,2026-07-02,8,6,6
18554,2026-07-08,4,2,2
18555,2026-07-10,7,3,3
18556,2026-06-26,7,4,4
18557,2026-06-29,6,3,4
18558,2026-04-25,1,0,1
18559,2026-05-02,2,0,1
18560,2026-05-31,9,6,3
18561,2026-06-07,1,0,1
18563,2026-04-26,1,0,1
18565,2026-06-28,4,2,2
18566,2026-07-03,3,1,2
18567,2026-05-12,6,4,3
18570,2026-05-03,4,2,3
18571,2026-05-29,5,0,1
18572,2026-06-04,6,5,6
18573,2026-05-01,3,1,2
18574,2026-05-16,9,4,3
18575,2026-04-25,2,0,1
18576,2026-05-09,3,0,1
18577,2026-05-16,4,2,2
18578,2026-06-01,3,0,1
18579,2026-06-07,5,3,4
18580,2026-04-30,8,5,4
18581,2026-05-03,8,4,3
18582,2026-04-30,5,2,3
18583,2026-05-03,7,3,3
18584,2026-04-30,8,3,3
18585,2026-04-30,10,8,3
18586,2026-05-03,10,6,5
18587,2026-04-30,5,1,2
18590,2026-05-23,1,0,1
18591,2026-05-27,7,3,4
18594,2026-05-26,6,2,2
18595,2026-05-31,2,0,1
18596,2026-04-29,8,4,4
18597,2026-06-23,3,1,2
18598,2026-06-28,2,0,1
18601,2026-05-03,4,2,2
18602,2026-05-09,3,1,2
18605,2026-05-03,5,3,3
18606,2026-05-07,3,1,2
18607,2026-04-30,8,3,3
18608,2026-05-03,4,2,3
18609,2026-06-06,6,3,3
18610,2026-06-10,6,2,3
18611,2026-05-08,5,0,1
18612,2026-05-14,4,2,2
18617,2026-04-26,1,0,1
18618,2026-05-02,1,0,1
18621,2026-05-10,5,3,3
18622,2026-05-16,2,0,1
18627,2026-04-25,1,0,1
18628,2026-04-28,7,4,4
18630,2026-05-04,4,0,1
18631,2026-05-08,4,1,2
18634,2026-05-23,2,0,1
18635,2026-05-30,7,3,3
18638,2026-05-20,5,3,4
18639,2026-05-09,6,2,2
18642,2026-05-25,4,0,1
18643,2026-05-29,6,4,3
18645,2026-05-10,3,2,2
18646,2026-05-15,5,3,4
18647,2026-06-22,5,3,4
18648,2026-05-05,3,1,2
18649,2026-05-12,3,1,2
18650,2026-04-27,3,1,2
18651,2026-05-01,7,3,4
18654,2026-05-03,4,2,2
18655,2026-05-09,1,0,1
18656,2026-04-28,6,4,3
18657,2026-05-02,3,0,1
18659,2026-04-25,1,0,1
18660,2026-04-30,6,3,4
18661,2026-05-10,1,0,1
18662,2026-05-15,2,1,2
18663,2026-05-16,2,0,1
18664,2026-05-23,2,1,2
18669,2026-06-28,4,0,1
18670,2026-07-02,2,0,1
18671,2026-05-12,2,0,1
18673,2026-05-15,4,2,2
18674,2026-05-21,1,0,1
18677,2026-06-23,4,2,3
18678,2026-06-30,3,1,2
18679,2026-04-26,3,2,2
18680,2026-05-01,12,9,5
18681,2026-05-02,6,2,2
18682,2026-05-08,2,0,1
18683,2026-05-23,2,0,1
18684,2026-06-02,7,5,4
18685,2026-05-26,4,1,2
18686,2026-05-04,6,3,3
18688,2026-05-05,3,0,1
18689,2026-04-26,3,2,2
18690,2026-07-02,9,5,4
18691,2026-07-14,4,1,2
18692,2026-07-02,3,0,1
18693,2026-07-16,2,0,1
18694,2026-05-10,3,2,1
18695,2026-05-14,4,2,3
18696,2026-05-15,4,0,1
18697,2026-05-17,3,1,2
18701,2026-05-23,2,0,1
18702,2026-05-27,6,4,4
18703,2026-05-31,4,1,2
18704,2026-04-27,1,0,1
18705,2026-05-03,3,1,2
18714,2026-04-27,4,2,3
18719,2026-04-26,1,0,1
18720,2026-06-27,6,4,3
18721,2026-07-03,4,2,3
18722,2026-05-09,2,0,1
18723,2026-05-11,2,0,1
18724,2026-05-02,8,7,5
18725,2026-08-01,3,1,2
18726,2026-08-08,5,3,3
18727,2026-05-14,6,4,5
18728,2026-05-17,4,2,2
18731,2026-04-27,3,1,2
18732,2026-04-29,3,1,2
18733,2026-06-30,5,3,3
18734,2026-07-07,7,4,3
18735,2026-04-26,1,0,1
18736,2026-05-03,7,5,3
18737,2026-05-06,3,2,3
18738,2026-05-14,6,4,3
18741,2026-04-27,2,1,2
18742,2026-04-28,3,2,2
18743,2026-05-04,3,0,1
18744,2026-06-30,6,4,4
18745,2026-07-08,5,2,2
18746,2026-04-28,4,2,3
18747,2026-05-02,3,1,2
18748,2026-05-02,7,5,4
18749,2026-05-06,7,4,4
18750,2026-04-27,3,0,1
18751,2026-05-01,5,3,3
18756,2026-05-10,1,0,1
18757,2026-05-19,12,8,5
18758,2026-06-04,6,4,4
18759,2026-06-07,5,2,3
18760,2026-05-28,4,1,2
18761,2026-05-31,4,0,1
18762,2026-05-02,1,0,1
18763,2026-05-09,2,0,1
18764,2026-06-23,4,2,2
18765,2026-06-29,4,2,3
18770,2026-04-27,1,0,1
18771,2026-04-30,6,5,4
18772,2026-05-09,4,2,2
18773,2026-05-16,6,2,2
18774,2026-06-15,5,4,3
18775,2026-06-19,11,10,4
18776,2026-05-06,3,1,2
18777,2026-05-13,3,1,2
18778,2026-06-28,6,2,2
18779,2026-07-02,2,0,1
18780,2026-05-27,3,0,1
18781,2026-06-03,5,3,3
18782,2026-05-03,2,0,1
18783,2026-05-08,3,0,1
18784,2026-05-08,6,4,3
18785,2026-05-15,3,1,2
18786,2026-08-15,12,2,3
18788,2026-05-04,2,0,1
18789,2026-05-07,2,0,1
18790,2026-06-02,3,0,1
18791,2026-06-08,9,6,7
18792,2026-05-24,3,0,1
18793,2026-05-28,5,1,2
18794,2026-04-27,1,0,1
18795,2026-05-01,7,5,3
18796,2026-04-27,7,2,2
18797,2026-05-03,7,5,4
18798,2026-05-09,12,8,5
18799,2026-04-30,6,3,2
18800,2026-06-06,5,1,2
18801,2026-06-12,10,8,5
18802,2026-06-04,4,2,2
18805,2026-06-01,7,4,4
18806,2026-06-04,11,9,8
18807,2026-04-28,1,0,1
18808,2026-04-30,4,2,3
18809,2026-05-04,3,1,2
18814,2026-05-06,8,6,5
18815,2026-05-01,3,1,2
18816,2026-05-29,6,3,2
18817,2026-06-02,3,0,1
18818,2026-05-09,3,1,2
18819,2026-05-16,3,0,1
18820,2026-05-26,6,4,2
18821,2026-06-01,3,0,1
18826,2026-05-02,6,5,4
18827,2026-05-06,3,1,2
18828,2026-05-23,2,1,2
18829,2026-05-31,6,3,3
18830,2026-05-16,1,0,1
18831,2026-05-23,2,1,2
18832,2026-05-21,5,2,2
18833,2026-05-25,8,2,2
18834,2026-04-28,2,0,1
18835,2026-05-03,3,1,2
18836,2026-05-09,2,0,1
18837,2026-05-15,6,4,4
18838,2026-04-27,2,0,1
18843,2026-05-21,4,1,2
18844,2026-05-29,7,2,1
18845,2026-04-27,1,0,1
18848,2026-05-11,10,5,4
18849,2026-05-16,4,1,2
18850,2026-06-13,7,5,6
18851,2026-06-18,3,0,1
18853,2026-06-01,6,2,3
18854,2026-06-05,5,2,3
18855,2026-04-28,8,6,5
18856,2026-06-10,9,7,6
18857,2026-06-13,4,1,2
18858,2026-05-03,1,0,1
18859,2026-05-08,2,0,1
18860,2026-05-31,5,0,1
18861,2026-05-08,5,0,1
18862,2026-05-11,5,3,4
18863,2026-05-19,4,2,2
18864,2026-05-20,5,2,2
18865,2026-06-12,7,5,3
18866,2026-06-16,5,3,3
18867,2026-05-13,3,1,2
18868,2026-05-17,3,0,1
18871,2026-04-30,2,0,1
18872,2026-05-03,3,1,2
18873,2026-06-23,4,1,2
18874,2026-06-30,7,5,3
18875,2026-06-26,4,2,3
18882,2026-04-30,9,8,4
18884,2026-07-30,8,6,4
18885,2026-07-30,7,5,4
18886,2026-08-01,4,1,2
18887,2026-08-08,2,0,1
18888,2026-08-08,2,0,1
18889,2026-05-25,5,3,2
18890,2026-08-01,3,0,1
18891,2026-06-22,3,1,2
18892,2026-06-26,7,5,4
18893,2026-04-28,1,0,1
18894,2026-05-07,4,2,3
18897,2026-04-29,6,4,2
18898,2026-05-05,6,1,2
18899,2026-05-01,2,0,1
18900,2026-05-10,1,0,1
18905,2026-05-04,3,1,2
18906,2026-05-10,2,1,2
18907,2026-05-15,2,0,1
18908,2026-08-18,16,4,5
18910,2026-05-02,3,0,1
18911,2026-05-19,3,0,1
18912,2026-05-23,2,0,1
18913,2026-05-06,1,0,1
18914,2026-05-13,5,3,3
18916,2026-05-02,1,0,1
18917,2026-05-25,5,3,3
18918,2026-05-02,7,2,3
18919,2026-06-10,6,4,5
18920,2026-06-17,5,0,1
18931,2026-04-29,3,2,2
18932,2026-05-04,4,1,2
18935,2026-05-16,2,0,1
18936,2026-05-21,2,0,1
18937,2026-04-28,2,1,2
18938,2026-05-05,2,0,1
18941,2026-05-02,4,0,1
18942,2026-05-06,5,3,3
18943,2026-05-06,2,0,1
18944,2026-05-11,5,3,4
18945,2026-05-04,3,1,2
18950,2026-05-06,2,0,1
18951,2026-05-30,5,3,3
18952,2026-06-06,13,10,5
18953,2026-06-28,1,0,1
18954,2026-07-05,5,3,2
18955,2026-06-27,4,2,3
18956,2026-07-02,5,2,3
18957,2026-05-31,3,0,1
18958,2026-06-05,5,3,3
18959,2026-06-29,5,3,3
18960,2026-07-02,4,1,2
18961,2026-07-07,3,1,2
18962,2026-05-03,7,5,3
18963,2026-05-09,1,0,1
18964,2026-05-01,6,2,2
18965,2026-05-03,2,0,1
18966,2026-05-01,6,2,2
18967,2026-05-05,2,0,1
18968,2026-05-18,6,2,2
18969,2026-05-25,8,2,3
18970,2026-05-09,2,0,1
18971,2026-05-16,2,0,1
18976,2026-05-16,2,0,1
18977,2026-05-24,5,0,1
18978,2026-07-18,7,4,3
18979,2026-07-25,6,4,5
18980,2026-05-23,5,1,2
18981,2026-05-26,5,3,3
18982,2026-08-16,15,0,1
18984,2026-05-20,1,0,1
18985,2026-05-01,6,2,2
18986,2026-05-04,3,1,2
18987,2026-06-22,5,3,4
18988,2026-06-28,2,0,1
18992,2026-05-24,9,6,4
18993,2026-06-06,9,4,3
18994,2026-06-11,10,5,5
18995,2026-06-14,7,3,3
18996,2026-05-13,2,0,1
18997,2026-05-24,4,2,2
18998,2026-04-30,6,3,3
18999,2026-05-07,6,4,3
19003,2026-04-29,2,1,2
19004,2026-04-30,2,0,1
19005,2026-05-06,4,2,2
19006,2026-05-16,2,0,1
19007,2026-08-10,3,1,2
19008,2026-08-15,6,1,2
19011,2026-05-02,2,0,1
19012,2026-05-06,2,0,1
19013,2026-05-05,2,0,1
19014,2026-05-10,7,4,2
19015,2026-05-02,6,4,3
19016,2026-05-03,2,1,2
19017,2026-05-03,4,1,2
19018,2026-05-09,3,0,1
19019,2026-08-17,10,2,3
19021,2026-05-12,10,8,3
19022,2026-05-14,5,3,1
19023,2026-04-30,2,1,2
19024,2026-05-05,2,0,1
19025,2026-05-28,2,0,1
19026,2026-05-04,6,4,4
19027,2026-05-08,3,0,1
19028,2026-05-06,2,0,1
19029,2026-05-11,4,2,3
19030,2026-06-20,9,6,4
19031,2026-04-29,1,0,1
19032,2026-05-06,4,1,2
19033,2026-05-09,2,0,1
19034,2026-05-14,3,0,1
19035,2026-07-24,2,0,1
19036,2026-08-01,8,3,2
19037,2026-05-07,7,6,3
19039,2026-05-09,6,4,4
19040,2026-05-08,5,3,3
19041,2026-05-11,3,0,1
19042,2026-06-13,4,0,1
19043,2026-06-20,2,1,2
19044,2026-05-01,3,0,1
19045,2026-05-03,2,0,1
19046,2026-05-02,5,4,2
19047,2026-05-09,3,0,1
19048,2026-05-06,4,2,2
19051,2026-05-01,6,4,3
19052,2026-05-04,3,1,2
19053,2026-05-24,2,0,1
19054,2026-05-23,8,4,4
19055,2026-05-30,6,0,1
19056,2026-05-09,3,2,2
19057,2026-05-12,1,0,1
19058,2026-05-01,4,3,3
19059,2026-05-07,2,0,1
19060,2026-05-06,2,0,1
19061,2026-05-11,2,0,1
19062,2026-05-04,2,0,1
19063,2026-05-19,3,0,1
19068,2026-05-29,6,4,3
19069,2026-06-05,4,2,3
19072,2026-06-04,9,8,6
19073,2026-06-11,7,5,3
19074,2026-06-20,3,1,2
19075,2026-06-27,2,0,1
19076,2026-05-10,6,3,3
19083,2026-05-25,3,0,1
19084,2026-05-31,4,2,2
19085,2026-05-03,7,4,3
19086,2026-05-10,5,3,3
19089,2026-05-03,3,2,2
19090,2026-05-07,4,2,2
19093,2026-05-03,4,2,3
19094,2026-05-03,2,0,1
19095,2026-05-22,5,1,2
19096,2026-04-30,2,0,1
19097,2026-05-16,2,0,1
19099,2026-05-03,3,2,2
19100,2026-05-08,3,1,2
19101,2026-07-28,5,3,2
19102,2026-07-31,3,0,1
19103,2026-04-29,2,0,1
19104,2026-05-06,8,4,3
19105,2026-06-18,4,0,1
19106,2026-06-07,8,5,5
19107,2026-06-14,6,1,2
19108,2026-05-09,6,3,3
19109,2026-05-15,5,3,2
19110,2026-06-07,6,4,2
19116,2026-08-02,2,0,1
19117,2026-05-16,1,0,1
19118,2026-05-22,6,2,3
19119,2026-05-28,3,2,2
19120,2026-05-30,11,8,5
19123,2026-04-30,4,2,2
19125,2026-05-13,8,6,4
19126,2026-05-05,4,3,2
19128,2026-05-02,4,0,1
19129,2026-07-10,2,0,1
19130,2026-07-16,6,3,2
19131,2026-06-22,5,3,4
19132,2026-06-27,1,0,1
19133,2026-06-17,5,3,3
19134,2026-06-25,3,1,2
19135,2026-05-04,2,0,1
19136,2026-05-07,8,6,5
19137,2026-05-04,7,3,3
19138,2026-05-08,4,1,2
19139,2026-05-17,4,1,2
19140,2026-05-24,2,0,1
19141,2026-05-01,1,0,1
19142,2026-05-04,3,1,2
19143,2026-05-09,2,0,1
19144,2026-05-08,3,0,1
19145,2026-05-10,5,2,3
19146,2026-05-10,1,0,1
19149,2026-05-17,3,2,1
19150,2026-05-13,7,4,4
19151,2026-05-20,2,0,1
19154,2026-04-30,3,0,1
19155,2026-05-04,4,2,3
19157,2026-04-30,3,0,1
19158,2026-05-08,4,2,2
19159,2026-05-16,3,1,2
19164,2026-05-17,3,1,2
19165,2026-05-23,5,3,3
19168,2026-05-24,5,2,2
19171,2026-08-04,2,0,1
19172,2026-08-07,2,0,1
19175,2026-05-01,6,5,4
19176,2026-05-03,4,2,2
19177,2026-04-30,5,0,1
19180,2026-05-01,1,0,1
19181,2026-06-26,4,2,2
19182,2026-06-30,3,1,2
19183,2026-05-06,3,0,1
19184,2026-05-15,3,1,2
19185,2026-05-18,6,1,2
19188,2026-05-26,2,0,1
19189,2026-05-30,8,6,6
19190,2026-06-01,3,0,1
19191,2026-06-06,6,4,3
19192,2026-05-17,5,3,3
19193,2026-05-23,5,3,2
19194,2026-05-01,5,2,2
19195,2026-05-05,4,2,3
19196,2026-05-11,5,3,3
19197,2026-06-18,8,5,3
19198,2026-05-11,2,0,1
19199,2026-05-17,2,0,1
19200,2026-05-06,4,2,2
19201,2026-05-03,3,1,2
19202,2026-08-15,15,2,3
19204,2026-05-03,6,2,2
19205,2026-05-10,2,0,1
19206,2026-05-06,10,6,5
19207,2026-06-15,7,5,4
19208,2026-06-20,6,3,3
19209,2026-05-30,3,0,1
19210,2026-06-01,10,5,5
19211,2026-05-26,8,2,1
19212,2026-06-02,4,3,4
19213,2026-05-01,1,0,1
19214,2026-05-18,2,0,1
19215,2026-04-30,3,1,2
19216,2026-05-07,6,3,3
19217,2026-05-12,2,0,1
19219,2026-06-13,4,1,2
19220,2026-05-26,3,0,1
19221,2026-05-29,7,4,3
19222,2026-06-02,3,2,2
19225,2026-05-02,1,0,1
19230,2026-06-03,7,5,4
19231,2026-06-10,12,10,7
19232,2026-06-19,6,3,3
19233,2026-06-26,4,2,3
19234,2026-05-07,3,0,1
19235,2026-05-15,5,2,3
19236,2026-05-24,3,0,1
19239,2026-08-05,7,5,4
19240,2026-08-15,4,2,3
19241,2026-05-16,2,0,1
19242,2026-05-08,6,3,3
19243,2026-05-11,4,1,2
19244,2026-05-01,1,0,1
19245,2026-05-04,8,5,4
19246,2026-05-28,3,0,1
19247,2026-06-03,5,2,2
19248,2026-06-03,5,4,3
19249,2026-06-07,7,5,5
19250,2026-05-09,2,0,1
19251,2026-05-27,6,4,5
19252,2026-05-31,8,5,2
19253,2026-05-09,5,3,3
19254,2026-05-10,11,8,4
19255,2026-05-16,4,1,2
19260,2026-05-09,3,0,1
19261,2026-05-12,2,0,1
19262,2026-05-02,3,0,1
19263,2026-05-02,1,0,1
19264,2026-05-06,2,0,1
19265,2026-06-05,12,9,5
19266,2026-06-13,5,4,4
19267,2026-05-02,1,0,1
19271,2026-05-04,4,2,3
19272,2026-05-09,7,5,4
19278,2026-05-02,1,0,1
19279,2026-05-23,3,0,1
19280,2026-05-31,2,0,1
19281,2026-05-25,7,5,3
19282,2026-05-29,3,0,1
19285,2026-05-08,5,3,3
19286,2026-05-16,1,0,1
19287,2026-05-03,5,4,3
19288,2026-07-08,2,0,1
19289,2026-07-14,6,3,3
19292,2026-05-30,7,5,5
19293,2026-06-05,5,3,3
19298,2026-05-27,5,3,2
19299,2026-05-31,2,0,1
19300,2026-05-06,3,1,2
19305,2026-05-20,2,0,1
19306,2026-05-23,3,1,2
19309,2026-05-11,2,0,1
19310,2026-05-15,4,1,2
19311,2026-06-06,7,5,3
19312,2026-06-14,6,3,3
19313,2026-05-02,1,0,1
19314,2026-05-03,3,0,1
19317,2026-05-17,7,2,1
19318,2026-05-22,5,0,1
19319,2026-05-13,3,1,2
19320,2026-05-18,2,0,1
19325,2026-07-30,7,5,3
19326,2026-08-05,3,1,2
19327,2026-05-03,2,0,1
19328,2026-05-03,4,2,3
19330,2026-06-13,4,2,3
19331,2026-06-20,4,1,2
19332,2026-05-14,4,2,3
19333,2026-05-19,7,3,4
19334,2026-05-11,10,8,5
19335,2026-05-16,3,1,2
19338,2026-05-11,2,0,1
19339,2026-05-16,4,1,2
19340,2026-07-20,7,2,2
19341,2026-08-17,16,4,4
19343,2026-05-21,5,2,3
19344,2026-05-24,3,0,1
19345,2026-05-15,5,3,3
19346,2026-05-22,6,4,3
19347,2026-06-23,5,2,3
19348,2026-06-29,2,0,1
19349,2026-05-02,6,2,2
19350,2026-05-16,2,0,1
19351,2026-05-31,3,0,1
19352,2026-06-04,9,7,7
19353,2026-05-18,3,0,1
19354,2026-05-02,3,2,2
19357,2026-05-04,4,0,1
19358,2026-06-18,3,2,2
19359,2026-06-14,4,2,3
19360,2026-06-21,7,5,3
19361,2026-05-02,3,0,1
19362,2026-06-05,3,1,2
19363,2026-06-08,6,4,5
19364,2026-06-13,6,2,3
19367,2026-05-21,3,0,1
19368,2026-05-27,4,0,1
19369,2026-07-19,6,3,3
19370,2026-07-23,2,0,1
19371,2026-05-29,10,8,5
19372,2026-06-04,15,12,9
19375,2026-05-03,3,0,1
19376,2026-05-20,5,2,2
19377,2026-05-23,3,1,2
19378,2026-05-28,5,2,3
19379,2026-05-31,3,0,1
19380,2026-05-04,3,1,2
19383,2026-05-09,1,0,1
19388,2026-06-21,3,2,2
19389,2026-06-28,2,0,1
19390,2026-05-08,2,0,1
19391,2026-05-11,3,0,1
19392,2026-08-01,4,2,2
19393,2026-08-07,4,2,2
19394,2026-05-03,3,0,1
19395,2026-05-07,2,0,1
19397,2026-05-08,6,4,3
19398,2026-05-14,2,0,1
19399,2026-05-18,3,1,2
19400,2026-05-15,4,0,1
19401,2026-05-29,10,8,5
19402,2026-06-15,6,3,4
19405,2026-06-12,5,4,5
19406,2026-06-22,3,1,2
19407,2026-06-26,13,11,8
19408,2026-07-03,3,1,2
19409,2026-07-07,4,2,3
19410,2026-07-14,4,2,2
19412,2026-05-06,2,0,1
19413,2026-05-10,2,0,1
19414,2026-05-02,2,1,2
19415,2026-05-14,2,0,1
19416,2026-05-23,2,1,2
19417,2026-05-03,6,4,4
19418,2026-05-06,4,1,2
19419,2026-05-03,5,2,3
19421,2026-07-14,5,3,2
19423,2026-08-07,3,0,1
19424,2026-05-03,1,0,1
19425,2026-05-07,5,2,2
19426,2026-05-05,4,0,1
19427,2026-05-07,7,3,2
19428,2026-05-10,1,0,1
19429,2026-06-29,6,3,3
19430,2026-05-03,5,2,2
19431,2026-05-08,3,1,2
19432,2026-07-05,3,0,1
19433,2026-05-09,5,1,2
19434,2026-05-15,6,4,4
19435,2026-05-30,11,7,6
19436,2026-06-03,3,1,2
19437,2026-05-14,4,2,3
19438,2026-06-28,9,7,3
19439,2026-07-03,5,2,3
19440,2026-06-21,2,1,2
19441,2026-06-27,2,0,1
19442,2026-05-30,6,3,3
19446,2026-05-22,3,0,1
19447,2026-06-12,6,2,3
19448,2026-06-14,4,1,2
19449,2026-06-20,7,4,4
19452,2026-05-11,4,0,1
19453,2026-05-14,3,1,2
19454,2026-05-07,5,2,3
19455,2026-05-12,3,1,2
19456,2026-05-04,2,0,1
19457,2026-05-21,7,4,3
19458,2026-05-25,6,4,4
19459,2026-05-03,1,0,1
19464,2026-07-26,2,0,1
19465,2026-08-01,4,1,2
19470,2026-05-06,10,8,6
19471,2026-05-11,4,2,3
19472,2026-05-10,4,2,1
19473,2026-05-17,1,0,1
19476,2026-07-02,3,1,2
19477,2026-07-08,2,0,1
19478,2026-07-12,2,0,1
19479,2026-07-16,3,1,2
19482,2026-05-04,1,0,1
19483,2026-05-08,4,2,3
19484,2026-05-23,4,3,3
19485,2026-05-30,4,0,1
19488,2026-06-03,8,6,5
19489,2026-06-08,12,9,8
19490,2026-05-09,3,2,2
19491,2026-05-16,8,2,2
19492,2026-05-26,4,1,2
19493,2026-05-22,3,0,1
19494,2026-05-31,3,1,2
19495,2026-05-12,3,1,2
19496,2026-05-16,4,2,3
19497,2026-06-02,2,0,1
19498,2026-06-09,5,3,3
19499,2026-05-10,4,2,2
19500,2026-05-15,5,3,4
19501,2026-06-04,10,9,7
19502,2026-06-08,13,11,7
19503,2026-05-13,4,2,2
19504,2026-05-16,4,2,2
19505,2026-06-28,2,0,1
19506,2026-07-02,3,1,2
19507,2026-05-05,2,0,1
19508,2026-06-03,4,1,2
19509,2026-06-10,5,2,3
19510,2026-06-03,5,3,4
19511,2026-06-10,8,6,5
19514,2026-05-22,6,4,4
19515,2026-05-31,4,0,1
19516,2026-05-23,6,3,3
19517,2026-05-25,3,0,1
19518,2026-05-04,4,3,3
19519,2026-05-04,4,3,3
19527,2026-06-02,5,1,2
19528,2026-06-07,4,0,1
19531,2026-05-08,3,1,2
19532,2026-05-13,7,4,3
19534,2026-05-22,2,0,1
19535,2026-05-26,2,0,1
19536,2026-06-06,5,3,3
19537,2026-05-07,3,1,2
19538,2026-05-11,6,2,3
19539,2026-05-14,3,1,2
19540,2026-05-16,6,3,3
19541,2026-06-20,6,4,2
19542,2026-05-10,1,0,1
19543,2026-05-16,3,1,2
19544,2026-06-03,9,5,4
19545,2026-06-08,4,2,3
19546,2026-05-24,2,0,1
19547,2026-05-16,4,2,2
19548,2026-05-24,3,0,1
19549,2026-05-15,4,2,2
19550,2026-05-22,5,2,3
19553,2026-05-05,3,0,1
19554,2026-05-10,6,4,3
19561,2026-08-17,9,5,5
19563,2026-05-08,3,1,2
19564,2026-06-17,7,4,4
19565,2026-06-24,9,7,6
19566,2026-05-08,3,0,1
19567,2026-05-13,4,2,2
19568,2026-05-11,3,1,2
19569,2026-05-17,3,0,1
19570,2026-05-06,4,2,2
19571,2026-05-10,7,5,3
19572,2026-05-06,3,2,2
19573,2026-05-10,1,0,1
19574,2026-06-16,6,3,3
19575,2026-06-19,11,5,4
19576,2026-08-04,5,4,3
19577,2026-08-11,5,3,3
19579,2026-05-12,5,4,3
19582,2026-05-10,6,3,3
19583,2026-07-20,4,2,2
19584,2026-07-25,3,0,1
19587,2026-05-21,5,2,3
19591,2026-05-07,4,2,3
19592,2026-05-11,3,1,2
19593,2026-06-20,4,1,2
19594,2026-06-06,7,6,4
19595,2026-06-11,4,2,3
19596,2026-05-14,3,1,2
19597,2026-05-17,5,3,2
19598,2026-05-17,6,4,3
19599,2026-05-23,6,5,4
19600,2026-05-28,7,4,4
19601,2026-06-02,2,0,1
19602,2026-05-10,4,2,2
19603,2026-05-15,7,4,4
19604,2026-06-03,8,6,5
19605,2026-05-18,1,0,1
19606,2026-05-23,4,2,2
19607,2026-05-17,9,5,4
19610,2026-05-13,10,6,3
19611,2026-05-16,4,3,3
19612,2026-05-10,1,0,1
19613,2026-05-16,3,1,2
19614,2026-05-17,4,3,3
19615,2026-05-22,8,6,5
19616,2026-05-08,3,0,1
19617,2026-05-28,4,1,2
19618,2026-05-31,4,3,4
19620,2026-05-30,9,6,7
19621,2026-06-25,2,0,1
19622,2026-07-06,9,7,4
19623,2026-05-17,2,0,1
19624,2026-05-22,4,0,1
19625,2026-05-04,1,0,1
19626,2026-05-10,4,2,3
19627,2026-05-07,5,3,2
19628,2026-05-08,1,0,1
19631,2026-05-17,5,3,2
19632,2026-05-24,2,0,1
19633,2026-05-16,3,0,1
19634,2026-05-24,5,1,2
19635,2026-05-23,5,2,2
19636,2026-05-18,2,0,1
19637,2026-05-23,5,3,4
19640,2026-07-01,4,2,3
19641,2026-07-06,2,0,1
19644,2026-05-26,7,4,4
19645,2026-06-01,5,1,2
19646,2026-07-11,11,6,5
19647,2026-07-17,5,3,4
19652,2026-08-15,8,0,1
19654,2026-06-28,2,0,1
19655,2026-07-05,7,5,4
19658,2026-06-04,5,4,5
19659,2026-06-27,3,0,1
19660,2026-07-03,4,1,2
19661,2026-05-21,1,0,1
19662,2026-05-27,3,0,1
19663,2026-05-21,3,0,1
19664,2026-05-27,5,3,3
19665,2026-06-27,2,0,1
19666,2026-06-23,8,4,5
19667,2026-06-21,3,2,2
19668,2026-06-13,12,7,7
19670,2026-06-05,8,6,5
19671,2026-05-07,3,1,2
19672,2026-05-11,4,2,3
19675,2026-05-29,13,11,6
19676,2026-05-30,3,0,1
19678,2026-05-14,3,0,1
19684,2026-06-08,2,1,2
19685,2026-05-06,3,2,2
19686,2026-05-10,3,2,2
19688,2026-07-03,2,1,1
19690,2026-05-20,1,0,1
19691,2026-05-24,6,3,4
19692,2026-05-28,3,0,1
19693,2026-06-03,5,2,3
19694,2026-06-10,9,7,7
19695,2026-05-13,2,0,1
19696,2026-07-07,11,7,5
19697,2026-07-11,6,3,3
19698,2026-05-24,2,0,1
19699,2026-06-08,8,4,5
19700,2026-06-15,11,9,6
19701,2026-05-15,2,0,1
19704,2026-07-19,2,0,1
19705,2026-07-29,3,0,1
19706,2026-05-22,8,6,6
19707,2026-05-30,8,3,3
19708,2026-05-23,5,3,4
19709,2026-05-26,5,2,2
19710,2026-07-12,1,0,1
19711,2026-07-18,3,1,2
19712,2026-05-20,4,1,2
19713,2026-05-23,11,9,6
19714,2026-05-14,6,4,3
19715,2026-05-18,3,0,1
19716,2026-06-12,2,1,2
19717,2026-06-16,14,11,8
19718,2026-06-07,5,4,4
19719,2026-06-14,4,1,2
19722,2026-05-06,4,3,4
19723,2026-05-11,8,6,3
19724,2026-05-11,4,1,2
19725,2026-06-10,8,6,5
19726,2026-05-19,6,4,3
19727,2026-08-07,5,3,2
19728,2026-08-10,11,9,4
19729,2026-05-07,2,0,1
19730,2026-05-14,4,2,3
19731,2026-05-13,2,0,1
19732,2026-05-19,10,7,5
19733,2026-05-17,3,0,1
19734,2026-05-20,4,1,2
19735,2026-05-10,5,4,3
19736,2026-05-14,2,0,1
19739,2026-05-20,6,3,3
19740,2026-05-17,3,1,2
19741,2026-05-23,1,0,1
19742,2026-05-09,4,2,2
19743,2026-05-17,4,2,3
19744,2026-05-10,4,2,2
19745,2026-05-16,3,1,2
19746,2026-06-01,5,2,3
19747,2026-06-06,7,2,2
19748,2026-05-27,8,5,4
19749,2026-05-31,3,0,1
19753,2026-07-30,2,0,1
19755,2026-05-13,5,3,3
19756,2026-05-17,4,0,1
19759,2026-05-07,2,0,1
19760,2026-05-14,4,1,2
19761,2026-05-14,2,0,1
19762,2026-05-20,5,3,3
19763,2026-05-29,12,8,6
19764,2026-05-31,4,1,2
19765,2026-06-01,2,0,1
19766,2026-06-05,4,2,3
19767,2026-08-03,3,0,1
19768,2026-08-03,2,0,1
19769,2026-05-16,3,1,2
19774,2026-05-16,2,0,1
19775,2026-05-21,3,0,1
19776,2026-07-06,8,6,4
19777,2026-07-14,5,3,4
19778,2026-08-15,7,1,2
19780,2026-06-15,11,9,4
19781,2026-06-21,2,0,1
19782,2026-05-06,1,0,1
19783,2026-05-25,6,3,4
19784,2026-06-05,4,3,3
19792,2026-06-01,5,3,4
19793,2026-06-07,2,0,1
19794,2026-06-23,3,1,2
19795,2026-06-12,7,5,3
19796,2026-06-22,6,3,3
19797,2026-06-18,3,0,1
19798,2026-06-24,5,2,3
19799,2026-06-28,4,1,2
19800,2026-05-20,4,2,3
19801,2026-05-25,7,5,4
19802,2026-05-20,3,0,1
19803,2026-05-23,3,1,2
19806,2026-05-05,2,0,1
19807,2026-06-26,4,2,2
19808,2026-06-30,5,3,4
19809,2026-05-09,1,0,1
19810,2026-05-30,6,4,3
19811,2026-06-05,5,3,4
19814,2026-05-12,4,2,2
19815,2026-05-17,9,4,3
19816,2026-05-22,9,6,5
19817,2026-05-25,4,2,3
19818,2026-06-01,4,1,2
19819,2026-06-04,9,5,4
19820,2026-05-08,4,0,1
19821,2026-05-15,5,3,3
19822,2026-05-18,3,0,1
19823,2026-05-06,6,5,5
19824,2026-05-08,2,0,1
19825,2026-06-10,5,3,3
19826,2026-06-17,7,3,2
19827,2026-05-25,5,2,3
19828,2026-05-08,2,0,1
19829,2026-05-11,3,0,1
19830,2026-05-29,5,2,1
19831,2026-08-07,3,1,2
19832,2026-08-12,2,0,1
19833,2026-05-09,1,0,1
19834,2026-05-22,4,2,2
19835,2026-05-29,9,4,1
19836,2026-06-12,4,1,2
19837,2026-06-15,8,5,4
19838,2026-06-27,3,2,1
19839,2026-07-03,4,1,2
19840,2026-05-09,2,0,1
19841,2026-05-10,1,0,1
19842,2026-05-17,3,2,2
19843,2026-05-07,1,0,1
19844,2026-05-18,4,0,1
19845,2026-05-24,3,0,1
19850,2026-05-24,3,0,1
19851,2026-05-29,10,6,4
19852,2026-06-21,4,3,4
19853,2026-06-27,1,0,1
19854,2026-05-28,3,1,2
19855,2026-05-31,3,1,2
19856,2026-05-10,2,0,1
19857,2026-05-08,2,0,1
19858,2026-05-18,9,6,5
19861,2026-06-14,6,4,3
19862,2026-06-19,15,12,6
19863,2026-07-07,4,2,2
19864,2026-07-11,4,2,3
19865,2026-06-07,5,4,2
19866,2026-06-13,4,2,3
19867,2026-08-16,9,0,1
19868,2026-06-11,10,7,6
19869,2026-06-14,4,0,1
19870,2026-08-21,2,0,1
19871,2026-07-05,3,1,2
19872,2026-07-11,4,2,3
19873,2026-05-10,5,4,2
19874,2026-05-16,2,0,1
19875,2026-05-25,4,2,2
19876,2026-05-28,6,5,3
19877,2026-05-15,1,0,1
19878,2026-05-31,8,6,5
19879,2026-06-07,3,1,2
19882,2026-06-02,4,3,4
19883,2026-06-10,5,3,3
19884,2026-05-07,9,8,4
19885,2026-05-11,3,0,1
19887,2026-05-11,2,0,1
19888,2026-05-08,5,3,3
19889,2026-05-12,3,1,2
19890,2026-05-13,3,1,2
19891,2026-06-15,12,10,6
19892,2026-06-20,5,3,3
19895,2026-05-25,3,0,1
19896,2026-05-30,5,4,4
19897,2026-05-30,3,2,2
19898,2026-05-31,5,1,2
19899,2026-05-09,1,0,1
19900,2026-05-18,3,0,1
19901,2026-05-09,7,0,1
19902,2026-05-13,4,0,1
19903,2026-05-15,5,3,3
19904,2026-06-18,3,1,2
19905,2026-06-21,4,3,3
19906,2026-05-16,1,0,1
19907,2026-05-22,5,2,2
19908,2026-08-15,11,2,2
19909,2026-08-19,4,0,1
19911,2026-05-22,9,6,4
19912,2026-06-04,7,4,4
19913,2026-06-09,7,4,4
19914,2026-06-15,7,3,3
19915,2026-06-21,5,3,3
19916,2026-05-13,7,6,4
19917,2026-06-15,10,8,6
19918,2026-06-21,3,1,2
19919,2026-05-18,3,0,1
19920,2026-05-22,7,5,5
19921,2026-05-23,2,0,1
19922,2026-05-29,6,4,2
19923,2026-05-09,1,0,1
19924,2026-05-08,1,0,1
19925,2026-05-11,7,2,2
19926,2026-05-08,1,0,1
19927,2026-05-12,3,1,2
19928,2026-05-30,9,5,5
19929,2026-06-03,3,1,2
19930,2026-06-07,4,3,3
19931,2026-05-10,2,0,1
19932,2026-05-16,3,0,1
19933,2026-05-09,3,2,3
19934,2026-05-14,4,2,2
19935,2026-05-17,1,0,1
19936,2026-05-21,6,2,2
19937,2026-05-29,9,6,4
19938,2026-06-05,9,5,5
19939,2026-06-10,6,4,4
19940,2026-06-08,10,8,6
19941,2026-06-10,21,19,5
19942,2026-06-12,4,1,2
19943,2026-05-16,2,0,1
19944,2026-05-22,5,2,2
19945,2026-07-27,5,2,2
19946,2026-07-30,3,1,2
19947,2026-05-07,2,1,2
19948,2026-05-12,4,2,3
19951,2026-07-02,4,2,3
19952,2026-07-07,7,4,4
19953,2026-06-07,2,0,1
19954,2026-06-11,6,3,2
19957,2026-05-09,5,4,3
19958,2026-05-18,2,0,1
19959,2026-05-22,5,3,3
19962,2026-05-10,10,6,4
19963,2026-05-15,6,0,1
19964,2026-07-18,4,0,1
19965,2026-07-24,5,3,3
19966,2026-06-08,6,2,3
19967,2026-06-08,11,8,6
19968,2026-05-09,4,1,2
19969,2026-05-18,4,0,1
19970,2026-05-07,1,0,1
19971,2026-06-05,6,4,4
19972,2026-06-14,4,1,2
19973,2026-05-10,2,0,1
19974,2026-06-08,6,4,4
19975,2026-06-12,12,10,7
19977,2026-07-26,2,0,1
19978,2026-05-28,5,1,2
19979,2026-06-03,3,0,1
19980,2026-08-02,7,2,2
19981,2026-05-14,4,2,3
19983,2026-05-14,5,3,3
19984,2026-05-31,9,2,2
19985,2026-05-07,2,1,2
19986,2026-05-24,4,2,2
19987,2026-05-30,4,3,3
19988,2026-05-08,2,1,2
19989,2026-05-13,2,0,1
19990,2026-05-18,2,0,1
19991,2026-08-16,6,1,2
19993,2026-05-18,2,0,1
19994,2026-05-23,3,2,3
19995,2026-05-12,4,3,2
19996,2026-05-16,4,2,2
19998,2026-06-06,1,0,1
19999,2026-06-12,4,1,2
20001,2026-07-11,2,0,1
20002,2026-07-18,6,4,4
20003,2026-06-04,5,4,2
20005,2026-06-06,11,8,7
20006,2026-06-14,4,1,2
20007,2026-05-15,4,0,1
20008,2026-05-18,2,0,1
20011,2026-05-15,2,0,1
20012,2026-05-20,3,0,1
20013,2026-05-09,4,3,3
20016,2026-06-01,2,0,1
20017,2026-06-08,7,4,4
20018,2026-05-10,1,0,1
20019,2026-05-15,7,5,4
20020,2026-05-08,3,1,2
20021,2026-05-23,9,8,7
20022,2026-05-18,5,1,1
20023,2026-05-25,5,3,2
20024,2026-06-13,6,3,2
20025,2026-06-18,14,11,5
20028,2026-06-13,6,3,3
20030,2026-06-03,4,2,3
20033,2026-06-07,3,1,2
20034,2026-06-23,2,0,1
20035,2026-06-27,2,0,1
20036,2026-06-02,4,0,1
20039,2026-06-05,4,1,2
20040,2026-06-11,7,3,4
20043,2026-05-18,2,0,1
20044,2026-05-22,4,2,2
20047,2026-06-01,4,1,2
20048,2026-06-06,1,0,1
20049,2026-05-21,3,0,1
20056,2026-05-20,5,2,2
20057,2026-05-24,5,2,3
20058,2026-05-09,7,0,1
20059,2026-06-06,8,4,4
20060,2026-06-13,3,0,1
20061,2026-05-10,6,4,3
20062,2026-05-15,7,4,5
20064,2026-05-10,5,2,2
20065,2026-05-21,5,2,2
20066,2026-05-10,4,2,2
20067,2026-05-16,3,0,1
20068,2026-05-08,1,0,1
20069,2026-05-16,1,0,1
20070,2026-05-20,3,1,2
20071,2026-05-18,2,0,1
20072,2026-05-11,10,6,3
20073,2026-05-11,3,1,2
20076,2026-06-09,6,4,5
20077,2026-06-14,4,1,2
20078,2026-05-09,3,2,2
20079,2026-05-13,3,0,1
20080,2026-05-16,2,0,1
20081,2026-05-23,5,3,3
20082,2026-05-17,6,5,4
20083,2026-05-21,2,0,1
20084,2026-08-02,5,2,2
20085,2026-08-08,2,0,1
20086,2026-06-18,8,4,3
20087,2026-06-21,5,3,4
20092,2026-05-25,6,4,3
20093,2026-06-03,6,4,5
20094,2026-05-11,3,1,2
20095,2026-05-22,5,2,2
20096,2026-05-25,6,0,1
20097,2026-05-22,9,6,6
20098,2026-05-26,5,2,2
20099,2026-06-10,6,4,3
20100,2026-06-14,4,1,2
20101,2026-05-16,2,0,1
20102,2026-05-24,4,0,1
20103,2026-05-27,4,1,2
20104,2026-05-31,3,0,1
20105,2026-06-28,8,6,6
20106,2026-07-02,9,7,6
20107,2026-07-05,3,1,2
20108,2026-07-13,3,0,1
20109,2026-05-10,6,4,3
20110,2026-05-16,2,0,1
20111,2026-06-19,5,3,4
20112,2026-06-27,2,0,1
20113,2026-05-22,4,2,2
20114,2026-05-11,5,1,2
20115,2026-05-18,4,0,1
20118,2026-05-10,2,0,1
20119,2026-05-14,13,11,5
20120,2026-05-10,1,0,1
20121,2026-05-16,2,0,1
20122,2026-05-12,2,0,1
20123,2026-05-22,15,12,7
20124,2026-06-13,4,2,3
20125,2026-06-22,5,2,3
20127,2026-06-10,3,1,2
20128,2026-06-06,4,2,3
20129,2026-06-12,4,3,2
20130,2026-05-10,4,2,2
20131,2026-05-14,4,2,3
20132,2026-06-22,5,2,1
20133,2026-06-27,14,11,4
20136,2026-05-10,4,2,2
20139,2026-05-11,2,0,1
20140,2026-05-15,3,2,1
20141,2026-06-29,3,1,2
20142,2026-05-17,4,2,2
20145,2026-06-15,6,2,2
20146,2026-06-21,5,3,4
20147,2026-06-07,1,0,1
20148,2026-06-14,5,1,2
20149,2026-05-15,4,0,1
20150,2026-06-14,1,0,1
20155,2026-05-11,5,0,1
20156,2026-05-15,2,0,1
20158,2026-05-23,4,2,2
20159,2026-05-27,3,1,2
20160,2026-05-14,6,4,3
20161,2026-06-07,3,1,2
20162,2026-06-13,6,3,4
20164,2026-05-13,8,5,2
20165,2026-05-16,4,1,2
20166,2026-06-27,5,3,4
20167,2026-07-04,6,4,2
20168,2026-05-12,3,1,2
20169,2026-05-15,1,0,1
20172,2026-07-05,2,0,1
20173,2026-07-13,5,2,3
20174,2026-05-10,5,4,3
20175,2026-06-01,9,4,4
20176,2026-06-27,3,1,2
20177,2026-07-02,3,1,2
20178,2026-05-16,3,0,1
20179,2026-05-21,2,0,1
20180,2026-05-27,4,2,3
20181,2026-05-12,11,7,4
20182,2026-05-12,3,0,1
20185,2026-06-10,8,6,3
20186,2026-06-16,7,5,4
20187,2026-07-04,2,0,1
20188,2026-07-11,3,1,2
20189,2026-06-07,3,1,2
20190,2026-06-12,7,5,3
20193,2026-06-27,7,4,4
20194,2026-06-27,3,0,1
20195,2026-05-30,6,2,2
20196,2026-06-03,3,1,2
20197,2026-05-28,6,3,4
20198,2026-05-31,4,2,3
20200,2026-05-10,2,0,1
20203,2026-05-12,2,0,1
20204,2026-05-17,5,3,3
20205,2026-05-09,2,0,1
20206,2026-07-01,8,6,4
20208,2026-07-05,5,3,3
20209,2026-07-08,2,0,1
20210,2026-05-16,2,0,1
20211,2026-05-21,5,2,2
20216,2026-06-05,3,1,2
20217,2026-05-10,2,0,1
20218,2026-05-10,1,0,1
20219,2026-05-09,5,0,1
20220,2026-05-10,7,4,3
20221,2026-05-10,2,0,1
20222,2026-05-10,1,0,1
20224,2026-05-24,4,1,2
20225,2026-05-18,4,2,2
20226,2026-05-20,9,7,5
20227,2026-07-09,9,7,6
20228,2026-07-15,3,1,2
20231,2026-07-08,3,1,2
20232,2026-07-15,3,0,1
20233,2026-06-21,3,1,2
20234,2026-06-28,2,0,1
20235,2026-05-15,3,1,2
20236,2026-06-07,4,1,2
20237,2026-05-18,5,2,2
20238,2026-05-23,1,0,1
20239,2026-06-19,8,4,5
20244,2026-06-09,7,5,4
20245,2026-06-18,8,4,4
20246,2026-05-25,5,0,1
20247,2026-05-29,10,6,3
20250,2026-05-23,2,1,2
20251,2026-05-28,3,0,1
20252,2026-05-11,2,0,1
20253,2026-05-18,4,1,2
20254,2026-05-21,3,0,1
20255,2026-05-28,3,0,1
20256,2026-05-11,11,8,4
20259,2026-05-15,4,2,3
20260,2026-05-18,5,1,2
20261,2026-05-14,2,0,1
20262,2026-05-18,6,2,2
20263,2026-05-16,1,0,1
20264,2026-05-20,7,3,2
20266,2026-07-11,4,2,3
20267,2026-07-19,4,2,2
20268,2026-05-21,3,0,1
20269,2026-05-26,2,0,1
20270,2026-05-16,2,0,1
20271,2026-05-21,3,0,1
20274,2026-06-17,6,4,3
20275,2026-06-24,2,0,1
20276,2026-06-07,4,0,1
20277,2026-06-10,6,4,5
20281,2026-07-03,2,1,2
20282,2026-07-10,2,0,1
20283,2026-07-05,3,1,2
20284,2026-07-09,10,8,8
20285,2026-07-10,3,2,2
20286,2026-07-13,2,0,1
20287,2026-05-19,7,4,4
20288,2026-05-24,3,0,1
20290,2026-05-14,3,1,2
20291,2026-05-18,5,2,1
20292,2026-05-18,4,1,2
20293,2026-05-25,7,5,4
20294,2026-05-17,1,0,1
20295,2026-05-21,7,5,4
20296,2026-06-22,2,1,2
20297,2026-06-27,4,2,3
20300,2026-06-10,4,0,1
20303,2026-05-29,10,8,6
20304,2026-06-03,8,6,5
20305,2026-05-11,5,2,2
20310,2026-06-06,5,2,3
20311,2026-06-13,6,3,3
20312,2026-05-14,8,6,5
20313,2026-06-26,7,4,3
20314,2026-07-05,4,1,2
20316,2026-07-01,4,2,2
20317,2026-07-06,13,11,7
20318,2026-06-19,5,2,2
20321,2026-05-31,7,0,1
20322,2026-06-03,7,4,5
20324,2026-06-04,6,3,3
20325,2026-06-03,9,7,7
20326,2026-05-25,9,5,4
20327,2026-05-31,4,0,1
20328,2026-05-12,3,2,2
20329,2026-05-23,3,0,1
20330,2026-05-31,2,0,1
20331,2026-05-18,2,0,1
20332,2026-05-23,2,0,1
20333,2026-05-21,3,0,1
20334,2026-05-21,2,0,1
20335,2026-05-18,3,0,1
20336,2026-06-10,9,5,6
20337,2026-06-18,9,5,5
20338,2026-06-12,11,8,6
20339,2026-06-19,6,2,3
20340,2026-05-25,3,0,1
20341,2026-05-16,4,2,2
20342,2026-05-23,3,2,3
20343,2026-05-22,7,4,2
20344,2026-05-25,6,3,3
20345,2026-05-15,3,0,1
20346,2026-05-19,9,6,3
20347,2026-08-14,2,0,1
20348,2026-05-24,3,0,1
20351,2026-05-28,4,1,2
20352,2026-05-20,29,16,7
20353,2026-05-25,3,0,1
20354,2026-05-17,6,5,4
20355,2026-05-15,3,1,2
20356,2026-05-22,3,0,1
20359,2026-05-14,5,2,3
20362,2026-05-31,3,1,2
20363,2026-06-28,15,11,7
20364,2026-07-02,7,4,3
20365,2026-06-04,10,6,5
20366,2026-06-08,10,7,6
20367,2026-06-06,5,2,2
20368,2026-06-13,9,5,5
20371,2026-05-22,3,0,1
20372,2026-05-25,3,0,1
20373,2026-08-08,2,0,1
20375,2026-05-24,10,6,3
20376,2026-05-29,9,6,4
20377,2026-06-20,3,1,2
20378,2026-06-21,4,2,3
20379,2026-06-26,3,1,2
20382,2026-05-12,1,0,1
20383,2026-05-15,3,1,2
20384,2026-05-11,1,0,1
20385,2026-05-12,2,1,2
20386,2026-05-26,5,0,1
20387,2026-05-18,2,0,1
20388,2026-05-12,3,0,1
20389,2026-05-30,3,2,3
20390,2026-06-06,1,0,1
20391,2026-08-11,7,1,2
20392,2026-08-17,4,1,2
20393,2026-07-19,3,0,1
20394,2026-07-26,2,0,1
20395,2026-05-17,4,2,2
20396,2026-05-23,13,11,5
20397,2026-07-13,6,3,3
20398,2026-07-17,4,1,2
20399,2026-07-25,5,3,3
20400,2026-07-30,6,4,5
20401,2026-06-09,6,4,5
20402,2026-06-13,3,1,2
20403,2026-07-01,7,4,4
20405,2026-05-20,3,0,1
20406,2026-05-17,1,0,1
20407,2026-08-08,3,0,1
20408,2026-08-18,2,0,1
20409,2026-05-25,6,3,2
20410,2026-05-28,3,1,2
20411,2026-05-12,1,0,1
20412,2026-05-16,2,0,1
20413,2026-06-01,4,3,2
20414,2026-06-03,6,4,5
20415,2026-05-20,7,4,3
20416,2026-05-25,9,6,3
20417,2026-05-17,1,0,1
20418,2026-05-23,1,0,1
20419,2026-06-14,3,0,1
20420,2026-05-31,10,7,5
20421,2026-06-04,11,10,6
20422,2026-06-07,5,3,3
20423,2026-06-14,4,1,2
20424,2026-05-20,6,1,2
20425,2026-05-27,4,1,2
20426,2026-05-28,8,4,3
20427,2026-05-29,5,2,2
20428,2026-06-03,3,1,2
20429,2026-05-25,7,5,4
20430,2026-05-31,2,0,1
20431,2026-07-13,3,1,2
20432,2026-07-22,4,2,3
20433,2026-07-24,7,4,2
20434,2026-05-19,8,4,4
20435,2026-06-05,5,1,2
20436,2026-05-17,5,2,2
20437,2026-05-25,3,0,1
20438,2026-05-29,7,3,4
20439,2026-07-18,3,1,2
20440,2026-07-20,3,0,1
20441,2026-07-24,3,0,1
20442,2026-05-12,1,0,1
20443,2026-05-23,2,0,1
20446,2026-06-06,6,4,4
20447,2026-06-20,3,1,2
20452,2026-05-19,2,0,1
20453,2026-05-24,5,2,2
20454,2026-06-08,12,11,4
20455,2026-06-15,12,10,7
20458,2026-06-28,2,0,1
20459,2026-07-05,2,0,1
20460,2026-07-19,3,2,2
20461,2026-07-10,1,0,1
20462,2026-07-18,1,0,1
20463,2026-08-19,12,0,1
20464,2026-07-20,12,10,5
20465,2026-07-25,5,2,3
20466,2026-05-25,2,0,1
20467,2026-05-29,15,11,6
20468,2026-05-18,3,0,1
20469,2026-05-22,3,0,1
20470,2026-06-11,4,0,1
20471,2026-06-13,6,3,4
20472,2026-06-04,3,2,3
20473,2026-06-12,11,6,5
20474,2026-05-30,7,3,4
20475,2026-06-05,6,4,4
20476,2026-05-26,3,0,1
20477,2026-05-31,1,0,1
20478,2026-06-01,5,0,1
20479,2026-05-16,4,0,1
20480,2026-05-20,4,0,1
20484,2026-05-29,8,4,3
20485,2026-06-03,5,3,3
20487,2026-06-14,4,1,2
20488,2026-05-14,2,0,1
20489,2026-05-19,13,10,7
20490,2026-05-22,5,2,2
20492,2026-05-14,2,0,1
20493,2026-05-12,3,0,1
20494,2026-05-16,8,5,4
20495,2026-06-01,5,1,2
20496,2026-05-27,13,6,2
20497,2026-05-19,6,3,3
20498,2026-05-19,5,2,3
20499,2026-05-22,7,3,3
20500,2026-05-22,5,1,2
20501,2026-05-15,5,3,2
20502,2026-05-13,2,1,2
20503,2026-05-15,8,4,4
20504,2026-05-20,4,1,2
20505,2026-05-27,4,2,3
20507,2026-06-15,8,4,4
20508,2026-06-20,3,0,1
20509,2026-05-17,2,0,1
20510,2026-05-23,3,1,2
20511,2026-06-07,6,4,3
20512,2026-06-12,3,0,1
20515,2026-06-03,4,2,3
20516,2026-06-15,2,0,1
20517,2026-06-23,4,1,2
20518,2026-05-13,21,14,6
20519,2026-05-15,5,3,2
20520,2026-05-22,3,1,2
20523,2026-06-08,7,5,4
20524,2026-06-13,3,1,2
20525,2026-05-22,7,4,3
20526,2026-05-30,8,3,3
20527,2026-05-21,5,2,3
20528,2026-05-24,5,2,1
20529,2026-05-25,4,0,1
20530,2026-05-30,4,3,4
20531,2026-06-30,12,11,8
20532,2026-07-03,18,15,8
20533,2026-05-25,2,0,1
20534,2026-05-29,9,8,5
20535,2026-06-06,2,0,1
20536,2026-06-14,3,1,2
20537,2026-05-16,2,0,1
20538,2026-08-09,1,0,1
20539,2026-08-15,3,1,2
20540,2026-05-15,2,0,1
20541,2026-05-14,4,3,4
20542,2026-05-17,3,2,2
20543,2026-05-23,3,1,2
20544,2026-05-28,6,3,3
20545,2026-05-15,8,3,3
20546,2026-05-17,4,2,2
20547,2026-05-21,3,0,1
20553,2026-05-16,2,0,1
20554,2026-05-19,4,0,1
20557,2026-06-14,4,0,1
20560,2026-05-29,8,4,3
20561,2026-05-23,5,3,3
20562,2026-05-25,4,0,1
20563,2026-08-13,2,0,1
20564,2026-08-18,2,0,1
20565,2026-05-24,4,2,2
20567,2026-05-27,5,2,2
20568,2026-08-04,3,1,2
20569,2026-08-09,5,3,4
20570,2026-06-02,4,2,3
20571,2026-06-06,6,3,3
20572,2026-07-08,2,0,1
20573,2026-05-14,6,3,3
20574,2026-05-18,5,0,1
20575,2026-05-13,3,0,1
20576,2026-05-17,7,3,2
20577,2026-05-14,2,1,2
20578,2026-08-05,4,2,3
20579,2026-08-10,2,1,2
20580,2026-05-15,1,0,1
20581,2026-05-15,4,0,1
20582,2026-05-23,2,0,1
20585,2026-05-28,4,1,2
20588,2026-06-13,2,1,2
20589,2026-06-18,3,1,2
20594,2026-05-29,8,6,4
20595,2026-05-29,12,7,4
20596,2026-05-23,3,0,1
20597,2026-05-28,5,2,2
20600,2026-05-23,4,2,2
20603,2026-06-18,3,1,2
20604,2026-06-30,6,4,3
20607,2026-05-31,3,0,1
20608,2026-05-13,3,0,1
20609,2026-05-21,6,3,3
20610,2026-05-14,3,2,3
20611,2026-05-17,5,4,4
20612,2026-05-22,3,1,2
20613,2026-05-17,3,1,2
20614,2026-06-29,2,0,1
20615,2026-07-03,10,8,4
20618,2026-05-13,1,0,1
20619,2026-06-14,4,1,2
20620,2026-06-14,5,0,1
20621,2026-06-06,7,5,3
20622,2026-05-29,9,6,5
20623,2026-06-03,5,3,3
20624,2026-06-18,9,6,7
20625,2026-06-21,9,7,6
20626,2026-06-14,4,0,1
20627,2026-07-29,3,1,2
20628,2026-08-05,2,0,1
20631,2026-05-15,4,3,3
20632,2026-05-18,6,3,2
20633,2026-05-24,5,2,2
20634,2026-05-28,3,1,2
20635,2026-05-15,7,6,4
20636,2026-05-20,3,0,1
20637,2026-05-30,4,0,1
20638,2026-06-07,6,4,4
20639,2026-06-03,5,2,2
20640,2026-06-26,6,3,3
20641,2026-07-02,5,3,4
20644,2026-05-17,3,1,2
20645,2026-05-21,6,3,3
20646,2026-07-13,5,3,4
20647,2026-07-17,6,4,4
20648,2026-08-03,3,1,2
20649,2026-08-05,6,2,3
20650,2026-08-10,6,5,3
20651,2026-08-14,2,0,1
20654,2026-06-02,5,4,5
20655,2026-06-09,8,5,3
20657,2026-06-10,4,1,2
20658,2026-05-14,3,1,2
20659,2026-05-17,2,0,1
20660,2026-05-15,1,0,1
20661,2026-05-15,4,3,4
20662,2026-05-23,10,9,7
20663,2026-06-03,6,3,4
20664,2026-06-07,6,5,4
20665,2026-07-03,4,1,2
20666,2026-06-28,2,0,1
20667,2026-06-18,12,10,6
20668,2026-06-27,3,1,2
20669,2026-06-14,3,0,1
20670,2026-06-14,4,2,3
20671,2026-06-23,3,1,2
20672,2026-05-25,5,3,3
20673,2026-05-29,9,7,3
20674,2026-05-26,3,0,1
20675,2026-05-26,4,2,2
20677,2026-05-16,2,0,1
20678,2026-06-21,3,1,2
20681,2026-05-21,2,0,1
20682,2026-05-27,7,4,3
20683,2026-06-14,9,7,5
20684,2026-06-21,8,6,5
20685,2026-06-12,8,2,2
20686,2026-06-03,9,5,6
20688,2026-06-01,6,4,5
20689,2026-06-03,4,2,3
20690,2026-06-26,2,0,1
20691,2026-05-27,6,3,2
20694,2026-06-13,6,4,4
20695,2026-06-21,3,1,2
20696,2026-05-29,10,8,3
20697,2026-06-05,6,2,3
20698,2026-05-17,3,0,1
20699,2026-05-21,3,0,1
20700,2026-08-13,2,0,1
20701,2026-08-18,2,0,1
20702,2026-08-01,6,4,3
20703,2026-05-20,3,0,1
20704,2026-05-25,2,0,1
20705,2026-05-29,12,7,5
20706,2026-06-13,7,2,3
20707,2026-05-31,5,2,2
20708,2026-06-04,4,3,4
20709,2026-05-25,4,2,2
20710,2026-05-16,2,0,1
20711,2026-05-20,5,3,3
20714,2026-05-24,1,0,1
20715,2026-05-18,5,3,3
20716,2026-05-22,5,2,2
20717,2026-05-24,3,1,2
20718,2026-05-30,4,0,1
20719,2026-06-08,13,11,7
20720,2026-06-14,4,1,2
20721,2026-05-17,6,3,4
20722,2026-06-15,10,7,3
20723,2026-05-16,3,0,1
20726,2026-05-25,7,5,4
20727,2026-05-30,4,0,1
20733,2026-06-08,12,10,7
20734,2026-06-11,7,4,5
20735,2026-05-17,1,0,1
20736,2026-05-30,3,0,1
20737,2026-06-03,5,1,2
20738,2026-05-18,6,3,2
20739,2026-05-21,4,1,2
20740,2026-07-07,5,3,3
20743,2026-05-20,2,0,1
20744,2026-05-24,2,0,1
20745,2026-06-30,5,3,3
20746,2026-07-03,7,5,5
20747,2026-05-30,4,2,2
20748,2026-06-06,5,3,3
20749,2026-05-26,4,2,2
20750,2026-06-04,5,2,2
20754,2026-05-26,9,0,1
20755,2026-06-02,3,2,3
20756,2026-05-22,4,1,2
20757,2026-05-25,4,0,1
20760,2026-06-02,4,3,3
20761,2026-06-08,6,3,4
20764,2026-07-11,6,4,4
20765,2026-07-19,4,2,3
20766,2026-07-11,12,10,9
20767,2026-07-19,1,0,1
20768,2026-07-10,5,3,3
20769,2026-07-19,4,2,3
20770,2026-05-18,3,0,1
20771,2026-05-16,4,0,1
20772,2026-05-20,6,4,5
20773,2026-05-21,2,0,1
20774,2026-05-28,5,2,1
20775,2026-06-12,5,3,4
20776,2026-06-22,7,5,4
20777,2026-05-17,3,2,1
20778,2026-06-13,11,9,8
20779,2026-07-07,6,4,3
20785,2026-06-15,9,4,4
20786,2026-06-19,6,4,5
20787,2026-08-08,6,0,1
20788,2026-08-16,3,1,2
20791,2026-05-26,8,5,3
20792,2026-05-31,4,1,2
20793,2026-06-17,4,1,2
20794,2026-06-24,2,0,1
20795,2026-05-23,3,2,3
20796,2026-05-26,4,2,2
20797,2026-05-20,4,1,2
20798,2026-05-20,7,3,3
20799,2026-06-14,4,1,2
20800,2026-06-19,10,8,7
20803,2026-06-11,3,0,1
20804,2026-06-16,3,0,1
20805,2026-05-18,1,0,1
20806,2026-05-23,6,4,4
20808,2026-06-06,2,1,2
20809,2026-06-10,10,8,6
20810,2026-07-10,3,1,2
20811,2026-07-12,2,0,1
20813,2026-06-01,4,0,1
20814,2026-06-05,5,2,3
20815,2026-05-16,1,0,1
20816,2026-05-22,3,0,1
20817,2026-05-31,9,4,4
20818,2026-06-04,6,2,2
20819,2026-05-16,2,0,1
20820,2026-05-20,10,6,4
20823,2026-06-01,7,2,3
20826,2026-05-22,7,5,4
20827,2026-05-25,3,1,2
20830,2026-05-15,2,0,1
20835,2026-05-17,4,2,3
20838,2026-05-22,6,3,3
20839,2026-05-17,3,2,1
20840,2026-05-23,5,3,3
20843,2026-05-23,2,1,2
20844,2026-05-27,6,2,2
20845,2026-05-17,4,3,2
20846,2026-05-23,5,3,4
20852,2026-05-21,3,1,2
20853,2026-05-24,2,0,1
20854,2026-05-28,5,2,3
20856,2026-06-21,3,0,1
20857,2026-06-23,5,2,2
20858,2026-05-20,2,0,1
20859,2026-05-25,4,2,2
20862,2026-06-01,6,1,2
20863,2026-06-07,6,3,3
20864,2026-08-07,2,1,2
20866,2026-06-28,1,0,1
20867,2026-07-06,7,3,3
20868,2026-06-08,11,5,3
20869,2026-06-13,2,1,2
20870,2026-05-17,1,0,1
20871,2026-05-28,5,1,2
20872,2026-06-01,5,2,3
20875,2026-05-17,2,0,1
20876,2026-05-20,7,4,4
20877,2026-05-21,5,2,3
20878,2026-07-11,2,0,1
20879,2026-07-15,5,2,3
20880,2026-05-26,3,1,2
20881,2026-06-20,11,8,4
20882,2026-06-27,4,2,2
20883,2026-05-29,7,5,4
20884,2026-06-06,12,7,4
20885,2026-05-21,3,0,1
20886,2026-05-24,3,0,1
20887,2026-06-20,5,2,3
20888,2026-05-19,7,4,4
20889,2026-05-26,6,2,2
20892,2026-06-05,7,5,5
20893,2026-06-07,4,1,2
20894,2026-05-19,10,7,8
20897,2026-05-26,6,2,3
20898,2026-06-02,5,4,3
20899,2026-05-27,3,0,1
20900,2026-06-02,2,0,1
20901,2026-06-21,4,2,3
20902,2026-06-28,4,1,2
20905,2026-05-23,9,7,6
20906,2026-05-27,5,2,3
20907,2026-07-14,3,1,2
20908,2026-07-21,10,8,5
20912,2026-05-20,2,0,1
20913,2026-05-24,4,1,2
20914,2026-05-16,2,1,2
20915,2026-07-29,7,5,3
20916,2026-08-02,5,3,2
20917,2026-06-29,6,4,4
20918,2026-07-03,7,5,3
20919,2026-05-18,2,1,2
20920,2026-05-22,13,11,7
20924,2026-05-18,1,0,1
20925,2026-08-19,11,0,1
20927,2026-05-20,9,6,4
20928,2026-05-24,5,1,2
20929,2026-05-29,10,8,6
20930,2026-06-01,4,2,3
20935,2026-06-01,10,4,3
20936,2026-06-06,12,8,6
20939,2026-05-26,8,5,3
20940,2026-05-30,3,1,2
20941,2026-05-21,3,0,1
20942,2026-05-25,4,0,1
20943,2026-06-26,5,3,4
20944,2026-07-06,6,4,4
20945,2026-05-19,3,0,1
20946,2026-05-27,6,4,4
20949,2026-06-05,3,1,2
20950,2026-06-16,3,0,1
20951,2026-07-10,2,0,1
20952,2026-05-19,6,4,3
20953,2026-05-20,9,7,4
20954,2026-05-21,5,3,3
20955,2026-05-25,3,0,1
20956,2026-08-01,4,1,2
20957,2026-08-08,2,0,1
20958,2026-05-22,4,1,2
20959,2026-05-19,7,5,5
20960,2026-05-22,5,4,4
20961,2026-05-31,11,7,5
20962,2026-05-18,2,0,1
20963,2026-07-09,5,2,2
20964,2026-08-18,17,1,2
20966,2026-06-19,12,10,6
20967,2026-06-27,8,6,6
20968,2026-05-30,4,1,2
20969,2026-06-06,7,5,4
20970,2026-05-22,4,1,2
20971,2026-05-27,7,4,4
20972,2026-06-12,5,3,3
20973,2026-06-20,7,4,4
20975,2026-05-23,5,3,4
20976,2026-05-30,4,3,3
20977,2026-07-22,2,0,1
20978,2026-07-28,2,0,1
20982,2026-06-06,8,5,4
20983,2026-06-08,4,2,3
20984,2026-06-05,13,9,6
20985,2026-05-30,3,1,2
20986,2026-05-31,2,0,1
20987,2026-06-06,5,3,3
20988,2026-05-21,5,3,2
20989,2026-05-18,3,0,1
20990,2026-05-19,10,9,5
20991,2026-05-25,7,4,4
20992,2026-06-21,3,1,2
20993,2026-06-27,3,1,2
20995,2026-05-21,4,0,1
20996,2026-05-31,2,0,1
20997,2026-06-15,14,12,4
20998,2026-06-20,4,2,2
20999,2026-06-19,5,4,4
21000,2026-06-24,6,2,3
21003,2026-06-19,9,7,4
21004,2026-06-28,2,0,1
21005,2026-06-09,8,6,4
21006,2026-06-13,5,3,3
21007,2026-07-03,9,7,5
21008,2026-07-05,2,0,1
21009,2026-07-12,4,2,2
21010,2026-05-31,2,0,1
21011,2026-06-05,4,1,2
21012,2026-05-17,5,0,1
21015,2026-05-30,5,2,2
21016,2026-06-05,9,7,5
21019,2026-06-04,9,8,6
21020,2026-06-11,11,8,7
21023,2026-06-14,4,0,1
21024,2026-06-19,6,4,5
21025,2026-05-18,1,0,1
21026,2026-05-24,3,0,1
21029,2026-06-18,8,5,4
21030,2026-06-27,9,7,4
21033,2026-05-21,4,1,2
21034,2026-05-25,3,0,1
21035,2026-05-22,4,1,2
21036,2026-05-25,7,4,3
21037,2026-05-21,4,2,2
21038,2026-05-25,6,3,3
21039,2026-06-13,7,3,4
21040,2026-05-25,5,2,2
21041,2026-06-13,3,2,3
21042,2026-06-20,4,3,2
21043,2026-07-04,9,7,5
21044,2026-06-03,6,3,2
21045,2026-06-06,13,11,5
21050,2026-05-20,11,9,7
21051,2026-05-23,2,0,1
21052,2026-05-20,2,0,1
21056,2026-05-29,10,8,5
21057,2026-05-22,7,5,5
21058,2026-05-28,5,2,3
21060,2026-05-26,2,0,1
21061,2026-05-31,4,0,1
21064,2026-08-01,3,2,3
21065,2026-08-15,3,2,3
21066,2026-06-25,5,3,3
21067,2026-06-28,6,2,2
21072,2026-05-23,1,0,1
21073,2026-05-30,3,0,1
21074,2026-06-06,8,4,2
21076,2026-07-12,5,3,3
21077,2026-05-21,6,3,4
21078,2026-05-25,2,0,1
21079,2026-06-17,7,5,2
21080,2026-05-23,2,0,1
21081,2026-05-28,3,0,1
21082,2026-05-22,8,5,4
21083,2026-05-31,4,0,1
21085,2026-05-31,4,2,3
21086,2026-05-23,5,3,3
21089,2026-08-13,10,3,3
21090,2026-08-17,4,1,2
21091,2026-07-24,2,0,1
21092,2026-08-03,3,0,1
21093,2026-05-18,4,0,1
21094,2026-05-27,3,1,2
21095,2026-06-01,3,0,1
21097,2026-05-23,3,1,2
21098,2026-05-31,2,0,1
21099,2026-06-07,3,0,1
21100,2026-05-26,4,0,1
21101,2026-05-30,3,0,1
21102,2026-06-07,6,2,2
21103,2026-06-14,6,1,2
21106,2026-06-22,4,1,2
21107,2026-06-25,3,1,2
21108,2026-05-27,4,1,2
21109,2026-06-06,6,3,3
21110,2026-06-13,8,7,3
21112,2026-06-07,6,3,2
21115,2026-06-27,4,2,2
21116,2026-07-08,3,1,2
21117,2026-05-24,4,2,1
21118,2026-05-24,4,3,3
21119,2026-05-22,5,2,2
21120,2026-05-26,3,0,1
21121,2026-05-26,4,2,3
21122,2026-05-26,6,2,3
21123,2026-05-26,5,0,1
21124,2026-08-19,8,0,1
21126,2026-05-19,3,2,2
21129,2026-05-29,8,5,3
21130,2026-06-06,10,7,5
21131,2026-06-15,11,8,5
21132,2026-05-27,6,4,3
21133,2026-06-06,5,1,2
21134,2026-07-09,4,2,2
21135,2026-07-22,3,1,2
21136,2026-05-25,4,1,2
21137,2026-05-28,6,4,4
21138,2026-05-23,3,2,2
21139,2026-05-26,4,1,2
21140,2026-05-18,6,2,2
21141,2026-05-26,6,3,3
21142,2026-06-17,3,1,2
21143,2026-06-23,7,5,5
21150,2026-06-17,9,7,5
21151,2026-06-23,3,1,2
21152,2026-05-30,5,2,2
21153,2026-06-06,6,2,3
21154,2026-05-24,5,2,2
21155,2026-05-28,2,0,1
21156,2026-06-09,6,5,4
21157,2026-06-12,3,1,2
21158,2026-05-22,3,0,1
21159,2026-05-31,5,2,2
21160,2026-06-05,6,2,3
21161,2026-05-25,5,0,1
21162,2026-05-21,5,2,1
21163,2026-05-29,11,6,4
21164,2026-05-23,2,0,1
21166,2026-06-18,7,4,3
21167,2026-06-25,4,1,2
21168,2026-05-29,13,10,7
21169,2026-05-25,8,6,2
21170,2026-06-20,3,0,1
21171,2026-06-25,7,5,4
21172,2026-05-21,3,2,3
21173,2026-05-26,4,0,1
21174,2026-06-20,7,5,4
21175,2026-06-27,2,0,1
21176,2026-05-24,4,2,2
21177,2026-05-28,3,0,1
21178,2026-06-19,6,4,4
21179,2026-06-27,5,3,3
21180,2026-06-07,2,1,2
21181,2026-05-20,3,0,1
21182,2026-05-20,3,0,1
21183,2026-06-05,12,7,6
21184,2026-06-13,7,4,4
21185,2026-05-22,2,0,1
21186,2026-07-12,3,1,2
21187,2026-07-18,2,0,1
21188,2026-05-20,2,0,1
21189,2026-06-12,4,1,2
21190,2026-06-17,7,4,4
21192,2026-05-20,5,3,2
21193,2026-06-05,6,4,5
21194,2026-06-12,4,1,2
21199,2026-06-14,4,1,2
21200,2026-06-19,6,4,4
21201,2026-06-23,2,0,1
21202,2026-06-28,11,9,7
21204,2026-06-26,6,2,2
21205,2026-07-07,4,2,3
21206,2026-07-14,2,0,1
21207,2026-05-21,11,5,3
21208,2026-05-25,4,2,2
21209,2026-06-29,6,4,3
21210,2026-07-05,5,3,2
21211,2026-06-23,2,0,1
21212,2026-06-28,4,2,3
21213,2026-05-19,5,3,3
21214,2026-05-31,9,5,4
21215,2026-06-04,6,3,2
21216,2026-05-20,2,0,1
21217,2026-05-25,5,3,3
21218,2026-06-01,4,1,2
21219,2026-06-07,3,1,2
21220,2026-05-27,4,2,2
21221,2026-06-03,7,4,5
21222,2026-06-01,2,0,1
21223,2026-06-07,7,4,4
21226,2026-07-12,5,2,2
21227,2026-07-17,5,2,3
21230,2026-06-13,6,3,4
21237,2026-05-23,2,0,1
21238,2026-05-27,4,0,1
21241,2026-06-17,6,3,4
21242,2026-08-17,10,3,3
21243,2026-08-21,3,1,2
21244,2026-06-19,12,10,3
21245,2026-06-26,5,2,3
21246,2026-07-12,4,2,2
21247,2026-07-18,8,3,3
21248,2026-05-24,3,0,1
21249,2026-05-29,8,7,4
21250,2026-05-20,4,2,2
21253,2026-06-21,7,4,3
21254,2026-06-26,5,3,4
21255,2026-05-31,8,2,3
21256,2026-06-05,2,1,2
21257,2026-05-20,3,0,1
21258,2026-05-24,4,1,2
21259,2026-07-08,4,2,3
21260,2026-07-12,2,0,1
21261,2026-05-21,2,0,1
21262,2026-05-23,4,3,4
21263,2026-05-25,12,10,4
21264,2026-05-26,7,3,3
21265,2026-05-31,2,0,1
21268,2026-05-21,2,0,1
21269,2026-05-25,8,5,4
21270,2026-05-27,6,3,3
21271,2026-05-24,3,0,1
21272,2026-05-29,7,3,2
21278,2026-06-26,2,0,1
21279,2026-07-11,14,0,1
21280,2026-07-18,5,2,3
21281,2026-05-23,2,0,1
21282,2026-05-27,12,8,4
21283,2026-06-16,13,10,7
21284,2026-06-20,5,3,4
21285,2026-08-18,7,0,1
21287,2026-06-15,9,7,5
21288,2026-06-19,5,2,3
21289,2026-06-23,5,3,4
21292,2026-07-19,4,3,3
21293,2026-05-22,5,3,2
21294,2026-06-07,4,2,3
21295,2026-06-07,3,1,2
21299,2026-07-29,2,0,1
21300,2026-08-03,1,0,1
21302,2026-07-16,4,2,3
21303,2026-07-26,6,4,3
21304,2026-05-30,6,0,1
21305,2026-06-07,5,1,2
21306,2026-05-30,5,0,1
21307,2026-06-07,6,3,3
21308,2026-05-31,3,1,2
21309,2026-06-07,3,0,1
21310,2026-05-21,2,0,1
21311,2026-05-31,5,1,2
21312,2026-05-24,7,4,3
21313,2026-07-14,2,0,1
21314,2026-07-20,3,1,2
21315,2026-05-21,3,1,2
21316,2026-05-24,3,0,1
21317,2026-05-22,3,1,2
21318,2026-05-30,6,4,3
21319,2026-05-30,5,2,3
21320,2026-06-07,6,5,4
21321,2026-06-14,4,1,2
21322,2026-07-03,11,9,5
21325,2026-06-16,11,8,5
21326,2026-06-24,2,0,1
21327,2026-07-05,4,1,2
21330,2026-05-24,4,1,2
21333,2026-05-24,7,5,4
21334,2026-06-17,4,2,3
21335,2026-06-14,1,0,1
21336,2026-06-20,5,3,3
21338,2026-06-05,7,4,4
21339,2026-06-12,6,4,5
21340,2026-05-26,4,0,1
21343,2026-08-12,13,2,2
21344,2026-08-15,3,0,1
21345,2026-05-22,7,5,4
21346,2026-05-30,3,0,1
21347,2026-06-08,7,3,3
21348,2026-06-15,16,10,6
21349,2026-06-08,6,4,3
21350,2026-06-12,5,4,4
21351,2026-05-30,4,2,2
21352,2026-06-06,12,9,6
21353,2026-07-21,8,6,2
21354,2026-07-24,2,0,1
21355,2026-06-06,6,3,3
21356,2026-06-10,5,1,2
21357,2026-05-30,4,1,2
21358,2026-06-06,8,5,4
21360,2026-06-05,6,4,5
21361,2026-06-13,4,0,1
21362,2026-07-05,2,0,1
21363,2026-07-12,3,0,1
21366,2026-05-27,7,4,3
21367,2026-05-31,3,0,1
21369,2026-05-22,2,0,1
21371,2026-05-21,2,0,1
21376,2026-06-06,2,0,1
21377,2026-06-11,11,5,3
21378,2026-05-26,9,2,3
21379,2026-06-15,11,9,6
21380,2026-05-29,11,7,4
21381,2026-05-26,3,1,2
21382,2026-08-05,4,3,3
21383,2026-05-27,8,5,4
21384,2026-05-31,3,1,2
21385,2026-07-08,5,3,2
21386,2026-07-15,2,0,1
21387,2026-06-23,7,5,4
21388,2026-06-27,3,0,1
21389,2026-05-25,3,1,2
21390,2026-05-24,6,4,2
21391,2026-05-29,7,4,3
21392,2026-05-26,5,2,3
21393,2026-05-30,1,0,1
21394,2026-08-02,3,1,2
21395,2026-08-09,5,3,2
21397,2026-05-21,3,0,1
21400,2026-08-04,6,4,4
21401,2026-07-05,2,0,1
21402,2026-07-11,3,1,2
21403,2026-06-17,8,6,4
21404,2026-06-22,6,3,3
21407,2026-05-25,2,0,1
21408,2026-05-28,3,0,1
21412,2026-06-12,9,6,3
21413,2026-06-14,1,0,1
21414,2026-06-21,2,0,1
21416,2026-06-17,8,4,4
21417,2026-06-18,2,0,1
21418,2026-06-27,2,0,1
21419,2026-06-27,3,1,2
21422,2026-05-29,8,4,3
21423,2026-06-06,8,5,4
21424,2026-06-01,3,0,1
21425,2026-06-05,9,6,4
21426,2026-05-30,1,0,1
21427,2026-06-07,4,2,3
21428,2026-06-23,3,2,2
21429,2026-06-29,7,5,4
21430,2026-07-02,4,1,2
21431,2026-07-10,6,4,3
21432,2026-05-22,2,0,1
21433,2026-06-21,3,1,2
21434,2026-05-31,2,0,1
21435,2026-06-07,2,1,2
21436,2026-05-23,2,1,2
21437,2026-06-05,3,1,2
21438,2026-05-22,3,1,2
21439,2026-05-22,3,0,1
21440,2026-05-22,4,0,1
21441,2026-05-25,7,3,3
21442,2026-05-25,2,0,1
21443,2026-05-29,1,0,1
21444,2026-06-03,5,1,2
21445,2026-06-08,7,2,3
21446,2026-07-12,5,2,2
21447,2026-06-20,7,4,2
21448,2026-06-26,10,6,3
21449,2026-05-30,4,0,1
21450,2026-06-06,6,2,2
21451,2026-06-03,6,1,2
21452,2026-06-06,6,3,3
21453,2026-06-13,5,1,2
21454,2026-06-16,7,4,1
21455,2026-05-29,7,5,4
21456,2026-06-01,3,1,2
21458,2026-06-10,8,5,4
21459,2026-05-24,3,0,1
21460,2026-05-24,3,0,1
21461,2026-06-15,8,6,5
21462,2026-06-23,3,1,2
21464,2026-06-06,7,2,3
21465,2026-06-13,7,4,4
21466,2026-06-01,2,0,1
21467,2026-05-22,3,1,2
21468,2026-05-28,3,0,1
21469,2026-05-23,2,0,1
21472,2026-06-14,7,3,3
21473,2026-06-21,3,1,2
21478,2026-08-09,3,1,2
21479,2026-08-16,5,3,3
21481,2026-05-22,8,6,4
21482,2026-06-03,4,1,2
21483,2026-06-09,6,3,4
21484,2026-06-20,7,2,2
21485,2026-06-25,3,1,2
21494,2026-05-23,6,4,3
21495,2026-07-16,3,1,2
21496,2026-07-21,6,3,4
21497,2026-06-12,7,3,3
21498,2026-06-20,13,10,3
21499,2026-06-11,4,2,3
21500,2026-06-14,5,2,3
21509,2026-07-07,6,4,3
21510,2026-07-17,8,5,5
21511,2026-06-26,4,2,2
21512,2026-07-02,3,0,1
21514,2026-05-31,4,0,1
21517,2026-07-03,4,1,2
21522,2026-06-03,8,5,4
21523,2026-06-07,5,3,4
21524,2026-06-14,4,1,2
21525,2026-06-19,6,2,3
21526,2026-05-28,3,0,1
21529,2026-05-23,6,4,4
21530,2026-06-21,5,3,4
21531,2026-05-24,2,0,1
21534,2026-06-30,3,2,2
21535,2026-05-30,5,2,2
21536,2026-06-06,8,4,3
21539,2026-06-06,6,4,4
21540,2026-06-12,3,1,2
21541,2026-06-17,5,3,3
21542,2026-06-24,3,0,1
21543,2026-05-23,6,4,2
21546,2026-05-26,4,0,1
21547,2026-05-25,5,2,2
21548,2026-05-29,10,4,4
21550,2026-05-31,6,4,4
21551,2026-06-07,8,6,5
21552,2026-06-22,3,1,2
21553,2026-06-26,3,0,1
21554,2026-05-25,4,0,1
21555,2026-05-28,6,3,3
21556,2026-05-23,2,1,2
21557,2026-06-13,3,1,2
21558,2026-06-06,8,4,4
21559,2026-06-13,4,2,3
21560,2026-05-24,4,2,2
21561,2026-06-07,3,2,3
21562,2026-05-24,3,0,1
21563,2026-05-30,6,0,1
21566,2026-06-18,8,6,5
21567,2026-06-22,9,7,4
21568,2026-06-26,2,0,1
21573,2026-06-11,3,1,2
21574,2026-06-17,4,2,2
21577,2026-05-24,1,0,1
21578,2026-05-30,6,1,2
21579,2026-05-27,11,8,4
21580,2026-07-11,4,2,1
21585,2026-05-29,10,5,4
21586,2026-06-03,3,1,2
21587,2026-05-30,6,0,1
21590,2026-06-06,9,8,4
21591,2026-05-26,4,0,1
21592,2026-05-31,4,1,2
21595,2026-06-02,5,4,4
21596,2026-07-03,4,1,2
21597,2026-07-07,6,4,3
21598,2026-05-30,2,0,1
21599,2026-06-05,8,6,3
21600,2026-06-22,4,2,3
21601,2026-06-27,6,4,3
21602,2026-05-24,1,0,1
21603,2026-05-27,4,1,2
21604,2026-06-02,5,2,3
21607,2026-06-14,5,2,3
21610,2026-08-15,12,1,2
21612,2026-05-29,19,16,8
21613,2026-05-31,7,5,1
21614,2026-07-17,4,2,3
21615,2026-07-24,2,0,1
21616,2026-06-18,5,2,2
21617,2026-06-09,6,4,4
21618,2026-06-14,1,0,1
21619,2026-06-05,8,5,6
21622,2026-05-24,1,0,1
21623,2026-05-30,3,1,2
21624,2026-05-30,1,0,1
21625,2026-06-03,6,4,3
21626,2026-05-27,7,4,3
21627,2026-06-02,4,2,3
21628,2026-05-25,6,3,3
21629,2026-05-30,2,0,1
21630,2026-05-24,2,0,1
21637,2026-06-20,6,4,4
21638,2026-06-27,6,4,4
21644,2026-05-31,6,4,2
21645,2026-06-06,5,0,1
21647,2026-05-25,3,1,2
21648,2026-07-07,4,1,2
21649,2026-05-25,4,2,2
21650,2026-05-31,5,1,2
21651,2026-06-04,7,6,6
21652,2026-06-08,5,3,4
21653,2026-05-26,3,0,1
21654,2026-06-27,7,5,2
21655,2026-07-03,11,9,6
21656,2026-06-21,3,1,2
21657,2026-06-26,9,6,5
21658,2026-05-26,5,1,2
21659,2026-06-02,4,2,2
21660,2026-05-31,1,0,1
21661,2026-06-05,5,3,3
21662,2026-05-25,3,0,1
21663,2026-05-31,6,3,4
21667,2026-05-24,3,1,2
21670,2026-06-03,3,1,2
21671,2026-06-07,4,1,2
21672,2026-05-29,2,0,1
21673,2026-05-25,2,0,1
21674,2026-05-27,6,4,4
21676,2026-07-05,5,2,2
21677,2026-07-12,4,2,3
21680,2026-06-12,10,7,5
21681,2026-06-14,5,2,3
21682,2026-05-28,10,6,6
21683,2026-05-26,6,2,3
21684,2026-07-02,7,5,4
21685,2026-07-07,8,6,5
21686,2026-07-10,4,2,2
21687,2026-07-15,2,0,1
21688,2026-06-14,4,0,1
21689,2026-06-20,5,3,3
21690,2026-05-30,7,3,4
21691,2026-06-07,4,2,2
21694,2026-05-26,2,0,1
21695,2026-06-06,10,4,4
21696,2026-05-31,3,0,1
21697,2026-07-20,7,3,3
21698,2026-07-26,2,0,1
21703,2026-06-08,17,15,8
21704,2026-06-10,13,11,8
21705,2026-06-04,7,6,4
21706,2026-06-11,5,2,3
21709,2026-06-10,6,4,4
21710,2026-06-15,8,5,3
21711,2026-05-24,2,0,1
21714,2026-05-29,4,0,1
21715,2026-06-02,7,5,4
21716,2026-06-08,9,4,4
21717,2026-06-12,6,4,4
21718,2026-05-26,3,0,1
21719,2026-06-14,4,0,1
21720,2026-06-19,7,3,3
21723,2026-06-11,8,4,3
21724,2026-06-20,3,1,2
21727,2026-07-04,2,0,1
21728,2026-07-13,3,0,1
21729,2026-05-28,5,4,4
21730,2026-06-02,6,4,4
21733,2026-07-11,7,5,5
21734,2026-07-16,5,3,3
21735,2026-05-25,2,0,1
21736,2026-05-29,4,2,1
21737,2026-06-12,5,3,4
21738,2026-06-20,2,1,2
21742,2026-08-16,9,0,1
21744,2026-06-03,6,1,2
21745,2026-06-09,7,4,4
21746,2026-05-31,2,0,1
21749,2026-05-28,3,1,2
21750,2026-06-01,5,3,3
21753,2026-05-26,1,0,1
21754,2026-05-29,3,1,2
21755,2026-05-31,2,0,1
21756,2026-06-04,7,4,4
21757,2026-08-01,5,3,3
21758,2026-08-07,6,4,5
21759,2026-06-26,4,2,2
21760,2026-07-05,2,0,1
21761,2026-07-11,3,1,2
21762,2026-07-17,7,3,3
21763,2026-06-05,5,3,3
21764,2026-06-13,5,3,3
21765,2026-06-26,9,6,5
21767,2026-06-14,4,1,2
21768,2026-06-20,4,2,3
21769,2026-07-02,4,2,3
21770,2026-06-25,4,2,2
21771,2026-06-29,3,1,2
21772,2026-05-26,2,0,1
21773,2026-07-01,6,4,5
21774,2026-07-08,8,6,4
21775,2026-07-08,3,1,2
21776,2026-07-15,7,4,4
21777,2026-08-15,11,1,2
21778,2026-08-21,4,2,2
21780,2026-05-30,10,8,6
21781,2026-06-06,6,3,3
21782,2026-06-04,4,1,2
21783,2026-06-11,5,2,2
21784,2026-06-12,4,1,2
21785,2026-06-03,13,8,6
21786,2026-06-07,6,5,4
21787,2026-07-09,8,4,4
21788,2026-08-16,10,0,1
21792,2026-07-30,6,4,3
21793,2026-08-05,6,3,4
21796,2026-07-12,9,2,2
21797,2026-07-18,4,2,3
21798,2026-07-26,11,8,3
21799,2026-08-02,2,0,1
21800,2026-05-26,2,0,1
21801,2026-06-02,2,1,2
21802,2026-07-07,8,6,6
21803,2026-07-10,3,1,2
21804,2026-07-08,6,4,5
21805,2026-07-08,4,1,2
21809,2026-08-09,4,2,2
21810,2026-08-14,5,3,3
21813,2026-07-26,6,4,3
21814,2026-08-03,4,2,3
21815,2026-06-28,3,2,2
21816,2026-07-03,7,5,6
21817,2026-05-30,1,0,1
21818,2026-05-27,2,0,1
21819,2026-05-27,6,2,3
21820,2026-05-31,1,0,1
21821,2026-06-07,4,2,3
21824,2026-05-26,11,5,4
21825,2026-06-01,11,9,5
21826,2026-05-27,3,2,3
21827,2026-06-01,3,0,1
21828,2026-05-26,8,6,4
21831,2026-07-25,5,3,4
21832,2026-07-31,8,6,5
21833,2026-05-27,2,0,1
21834,2026-05-31,4,2,2
21839,2026-08-01,4,1,2
21840,2026-08-08,2,0,1
21841,2026-06-22,10,8,6
21842,2026-06-28,8,5,4
21843,2026-06-07,6,1,2
21844,2026-06-14,1,0,1
21845,2026-05-27,3,1,2
21846,2026-06-05,6,4,4
21847,2026-05-27,5,4,3
21848,2026-05-31,2,0,1
21854,2026-06-29,6,4,4
21855,2026-07-03,10,8,5
21862,2026-06-08,8,5,5
21863,2026-06-14,4,0,1
21867,2026-06-01,4,0,1
21868,2026-06-06,9,5,3
21869,2026-06-14,1,0,1
21870,2026-06-19,12,9,6
21871,2026-06-29,6,4,5
21872,2026-06-09,4,2,3
21873,2026-06-19,10,8,5
21874,2026-06-02,5,4,4
21875,2026-06-06,7,3,4
21876,2026-06-20,7,5,4
21877,2026-07-05,5,3,2
21878,2026-07-02,4,2,2
21879,2026-07-07,6,4,4
21880,2026-06-24,2,0,1
21881,2026-05-30,1,0,1
21882,2026-06-06,6,3,4
21883,2026-06-07,2,1,2
21884,2026-06-14,4,2,3
21885,2026-06-18,10,8,5
21886,2026-06-04,10,9,6
21889,2026-05-28,7,6,4
21890,2026-06-01,3,1,2
21891,2026-06-06,8,5,4
21892,2026-06-08,4,3,2
21893,2026-06-03,7,3,4
21894,2026-06-08,8,5,5
21896,2026-06-11,5,3,4
21897,2026-06-18,6,3,3
21898,2026-06-23,2,0,1
21899,2026-06-30,6,4,5
21900,2026-06-11,11,8,5
21901,2026-06-11,10,7,5
21902,2026-05-29,14,9,7
21903,2026-05-27,4,2,2
21904,2026-06-02,4,3,4
21907,2026-08-01,3,1,2
21908,2026-08-08,4,2,3
21909,2026-06-03,4,2,3
21910,2026-06-07,4,1,2
21911,2026-06-10,3,1,2
21912,2026-05-28,5,4,3
21913,2026-05-29,7,6,4
21914,2026-05-30,1,0,1
21915,2026-06-08,11,8,6
21920,2026-06-07,3,1,2
21921,2026-06-14,4,1,2
21922,2026-06-15,7,3,2
21925,2026-06-01,1,0,1
21926,2026-07-06,9,6,5
21927,2026-07-10,6,3,3
21928,2026-05-31,6,4,2
21929,2026-06-06,13,10,6
21930,2026-05-30,3,0,1
21931,2026-05-26,2,0,1
21933,2026-06-18,3,1,2
21934,2026-06-22,6,3,3
21935,2026-05-30,2,0,1
21936,2026-05-31,7,5,4
21937,2026-06-02,2,0,1
21938,2026-06-02,7,6,5
21939,2026-06-05,7,5,5
21940,2026-06-06,5,3,4
21941,2026-06-11,7,5,4
21946,2026-06-09,4,3,4
21947,2026-06-16,7,5,3
21952,2026-05-30,2,0,1
21953,2026-07-19,7,6,3
21954,2026-07-25,4,1,2
21957,2026-05-28,3,0,1
21958,2026-06-03,10,8,6
21961,2026-06-01,3,1,2
21966,2026-05-31,5,2,2
21967,2026-06-03,2,0,1
21968,2026-06-10,3,1,2
21970,2026-08-06,5,3,3
21971,2026-08-09,7,5,4
21972,2026-06-27,6,3,4
21973,2026-07-01,12,9,6
21974,2026-06-03,3,1,2
21975,2026-06-09,7,5,4
21978,2026-06-25,11,8,5
21979,2026-06-06,7,5,4
21980,2026-06-13,6,2,3
21981,2026-07-13,8,4,4
21982,2026-06-06,6,2,2
21985,2026-06-06,5,3,3
21986,2026-06-10,3,1,2
21987,2026-06-04,5,4,4
21988,2026-06-23,4,3,2
21990,2026-07-13,11,2,3
21991,2026-07-01,2,1,1
21992,2026-08-21,4,2,3
21996,2026-08-16,10,0,1
21998,2026-08-21,14,1,2
21999,2026-07-18,6,4,5
22000,2026-07-25,2,0,1
22001,2026-06-02,7,4,3
22010,2026-06-07,4,2,3
22011,2026-06-11,3,1,2
22012,2026-06-20,4,2,3
22013,2026-06-13,2,0,1
22014,2026-06-22,15,13,6
22015,2026-06-20,2,0,1
22016,2026-06-27,3,1,2
22017,2026-05-28,7,3,3
22018,2026-06-10,4,2,3
22021,2026-06-21,3,1,2
22022,2026-06-26,4,2,2
22023,2026-06-05,4,1,2
22024,2026-06-09,6,4,5
22027,2026-05-30,1,0,1
22028,2026-06-05,3,0,1
22029,2026-06-12,8,5,5
22030,2026-06-05,4,2,3
22031,2026-06-07,4,2,2
22032,2026-06-01,6,2,3
22033,2026-06-07,5,3,3
22036,2026-06-14,6,4,5
22037,2026-07-19,4,3,3
22038,2026-07-25,3,1,2
22039,2026-06-01,4,2,3
22040,2026-06-05,6,3,4
22041,2026-06-06,1,0,1
22042,2026-06-13,12,6,3
22043,2026-05-28,2,0,1
22044,2026-05-31,1,0,1
22045,2026-06-04,8,7,6
22046,2026-05-30,2,1,2
22047,2026-06-13,8,6,6
22048,2026-06-18,6,2,2
22051,2026-06-13,4,2,3
22052,2026-06-16,13,9,6
22053,2026-06-22,9,8,5
22054,2026-06-24,3,1,2
22055,2026-05-28,5,0,1
22056,2026-05-29,1,0,1
22057,2026-06-05,3,0,1
22058,2026-06-10,3,0,1
22059,2026-06-14,10,6,5
22060,2026-05-29,4,3,3
22061,2026-06-02,2,0,1
22062,2026-07-05,7,5,3
22063,2026-06-10,5,1,2
22064,2026-06-16,4,0,1
22065,2026-06-01,3,0,1
22066,2026-07-05,2,0,1
22067,2026-07-11,2,0,1
22068,2026-06-26,3,0,1
22069,2026-06-27,10,5,4
22070,2026-06-27,8,4,2
22073,2026-06-29,9,4,4
22074,2026-06-29,7,3,3
22075,2026-06-30,9,6,3
22076,2026-06-02,4,3,2
22077,2026-05-30,3,2,1
22078,2026-06-07,8,7,3
22081,2026-06-04,10,7,5
22082,2026-06-07,3,0,1
22083,2026-06-25,2,0,1
22084,2026-07-03,8,7,6
22085,2026-05-29,1,0,1
22086,2026-06-05,4,1,2
22087,2026-05-30,3,2,1
22088,2026-06-09,4,3,4
22089,2026-06-07,3,1,2
22090,2026-06-13,3,2,2
22091,2026-06-16,9,6,5
22092,2026-06-26,6,3,2
22097,2026-05-29,2,0,1
22098,2026-06-02,5,4,4
22099,2026-06-06,1,0,1
22104,2026-06-02,8,2,2
22105,2026-06-06,5,2,3
22108,2026-05-30,3,1,2
22109,2026-06-06,4,2,3
22112,2026-06-23,5,3,2
22113,2026-06-03,4,2,1
22114,2026-06-09,12,9,6
22115,2026-07-02,8,6,4
22116,2026-07-09,2,0,1
22119,2026-06-01,6,3,3
22120,2026-06-04,8,7,6
22122,2026-06-02,2,1,2
22123,2026-06-09,5,2,3
22126,2026-06-11,7,4,4
22127,2026-06-21,8,6,6
22128,2026-08-15,14,0,1
22133,2026-05-30,5,4,2
22134,2026-05-30,3,0,1
22137,2026-06-16,5,3,2
22138,2026-06-23,14,11,6
22139,2026-06-10,6,3,3
22140,2026-06-14,5,1,2
22142,2026-06-03,5,1,2
22144,2026-06-15,11,9,6
22145,2026-06-18,9,7,5
22146,2026-05-30,2,1,2
22147,2026-06-03,7,4,5
22148,2026-06-01,5,2,2
22149,2026-06-07,4,2,2
22150,2026-06-10,3,1,2
22151,2026-06-04,6,4,5
22152,2026-05-30,1,0,1
22153,2026-06-04,8,7,6
22154,2026-08-21,1,0,1
22156,2026-08-08,8,7,4
22159,2026-05-29,2,0,1
22162,2026-06-09,9,7,6
22163,2026-06-16,13,11,8
22169,2026-06-05,2,0,1
22170,2026-06-10,4,2,3
22175,2026-06-19,15,10,8
22176,2026-06-26,6,4,4
22177,2026-06-01,1,0,1
22178,2026-06-07,2,0,1
22179,2026-07-11,2,0,1
22180,2026-07-18,3,1,2
22181,2026-08-16,7,0,1
22188,2026-06-14,3,0,1
22189,2026-06-26,4,1,2
22190,2026-06-29,7,3,3
22191,2026-06-01,1,0,1
22192,2026-06-07,3,1,2
22195,2026-06-07,4,0,1
22196,2026-07-05,3,1,2
22199,2026-06-27,14,10,7
22200,2026-06-14,6,2,3
22201,2026-06-17,3,1,2
22202,2026-05-30,5,3,3
22203,2026-06-21,15,12,5
22204,2026-06-27,2,0,1
22205,2026-06-17,6,3,2
22206,2026-06-20,4,2,2
22207,2026-05-31,4,2,2
22209,2026-06-19,7,5,3
22210,2026-06-21,8,5,4
22211,2026-06-24,3,1,2
22212,2026-06-28,3,1,2
22215,2026-05-29,2,0,1
22216,2026-06-21,4,3,3
22217,2026-06-25,3,1,2
22218,2026-07-24,2,0,1
22219,2026-08-01,2,0,1
22220,2026-05-31,9,6,3
22221,2026-06-07,4,3,3
22222,2026-06-13,4,1,2
22223,2026-06-18,17,14,7
22224,2026-07-22,9,7,7
22225,2026-07-28,3,1,2
22226,2026-05-30,3,0,1
22228,2026-07-08,7,6,4
22229,2026-07-14,3,1,2
22230,2026-05-30,4,1,2
22231,2026-06-09,9,6,6
22232,2026-06-25,7,5,5
22237,2026-05-30,3,0,1
22238,2026-07-06,10,8,5
22239,2026-07-13,4,2,3
22240,2026-05-30,2,0,1
22241,2026-06-06,6,3,4
22242,2026-06-05,8,5,5
22243,2026-06-09,9,5,4
22244,2026-06-14,6,1,2
22245,2026-06-19,9,7,6
22246,2026-06-19,7,4,4
22247,2026-06-23,3,1,2
22248,2026-06-16,3,1,2
22249,2026-06-21,7,4,4
22250,2026-06-01,3,1,2
22251,2026-06-05,4,2,3
22252,2026-07-03,9,7,5
22253,2026-07-06,2,0,1
22254,2026-06-04,8,6,5
22255,2026-06-12,6,3,3
22256,2026-06-01,3,0,1
22257,2026-06-06,7,5,4
22258,2026-06-14,13,9,6
22259,2026-06-18,3,1,2
22260,2026-06-05,11,9,6
22261,2026-07-05,2,0,1
22262,2026-07-13,4,0,1
22263,2026-07-14,3,0,1
22264,2026-07-21,2,1,2
22265,2026-07-28,2,1,2
22267,2026-05-31,3,1,2
22268,2026-06-04,5,4,4
22269,2026-06-14,3,1,2
22270,2026-06-15,7,3,3
22271,2026-06-19,8,6,5
22272,2026-06-22,3,0,1
22276,2026-08-04,2,0,1
22277,2026-08-16,3,1,2
22278,2026-08-13,9,3,3
22279,2026-08-20,2,0,1
22280,2026-06-13,8,4,4
22281,2026-06-19,15,12,7
22290,2026-06-06,4,0,1
22291,2026-06-12,13,11,8
22296,2026-07-26,5,3,3
22297,2026-08-01,3,1,2
22300,2026-07-29,2,0,1
22301,2026-06-02,1,0,1
22302,2026-06-05,5,1,2
22305,2026-06-14,1,0,1
22306,2026-06-01,1,0,1
22307,2026-06-07,3,1,2
22308,2026-06-12,7,5,5
22309,2026-06-06,14,10,6
22310,2026-06-13,3,2,3
22311,2026-08-16,8,0,1
22313,2026-06-01,4,3,3
22314,2026-06-05,6,4,4
22315,2026-07-01,6,4,3
22316,2026-06-05,2,1,2
22317,2026-06-11,7,5,5
22318,2026-08-09,3,1,2
22319,2026-08-16,4,0,1
22324,2026-06-19,10,9,6
22325,2026-06-27,6,5,3
22328,2026-06-12,5,1,2
22329,2026-06-16,8,5,3
22330,2026-06-19,7,3,3
22333,2026-06-03,3,0,1
22334,2026-06-07,5,1,2
22335,2026-06-02,4,3,2
22336,2026-06-06,4,1,2
22337,2026-06-08,7,5,4
22338,2026-06-17,9,5,4
22339,2026-06-23,3,1,2
22340,2026-07-11,5,3,2
22341,2026-07-18,2,0,1
22342,2026-06-29,3,1,2
22343,2026-07-03,4,2,3
22344,2026-06-13,2,1,2
22345,2026-06-06,4,1,2
22346,2026-06-12,4,1,2
22349,2026-07-15,5,2,3
22350,2026-07-23,2,0,1
22351,2026-05-31,1,0,1
22352,2026-06-07,5,2,3
22354,2026-06-17,10,8,5
22355,2026-06-22,4,2,3
22356,2026-06-25,4,2,2
22357,2026-07-03,2,1,1
22358,2026-06-29,4,3,2
22359,2026-06-06,8,6,5
22360,2026-06-07,5,3,2
22361,2026-06-13,5,3,3
22362,2026-06-01,1,0,1
22363,2026-06-06,10,6,6
22364,2026-07-13,7,5,4
22365,2026-07-18,2,0,1
22366,2026-06-01,1,0,1
22367,2026-06-06,12,10,6
22370,2026-06-21,3,0,1
22373,2026-06-01,1,0,1
22374,2026-06-01,3,1,2
22375,2026-06-06,1,0,1
22376,2026-06-23,6,4,4
22377,2026-06-29,10,8,6
22378,2026-07-28,4,2,2
22379,2026-08-02,4,2,2
22383,2026-06-05,6,4,5
22384,2026-06-26,2,0,1
22389,2026-06-15,13,11,8
22390,2026-06-20,5,2,3
22391,2026-06-03,5,2,2
22393,2026-06-10,7,5,3
22394,2026-06-17,8,5,4
22395,2026-06-02,3,1,2
22396,2026-06-07,4,0,1
22397,2026-06-07,5,2,1
22398,2026-06-14,4,1,2
22400,2026-07-01,4,2,2
22401,2026-06-12,5,1,2
22402,2026-06-20,5,3,2
22403,2026-06-12,9,6,5
22404,2026-06-18,7,5,2
22405,2026-07-08,7,5,3
22406,2026-06-04,3,1,2
22407,2026-06-12,3,1,2
22408,2026-06-14,6,3,4
22409,2026-06-15,10,7,5
22410,2026-06-20,8,5,5
22411,2026-06-04,3,2,2
22412,2026-06-28,1,0,1
22413,2026-07-06,4,2,3
22414,2026-08-02,5,3,3
22415,2026-08-08,2,0,1
22416,2026-06-10,4,2,2
22418,2026-07-12,3,0,1
22419,2026-08-01,2,0,1
22420,2026-08-04,2,0,1
22421,2026-06-20,3,1,2
22422,2026-08-02,3,0,1
22423,2026-07-05,9,7,5
22424,2026-07-12,7,5,5
22425,2026-06-07,8,3,3
22426,2026-06-28,3,0,1
22427,2026-06-22,10,6,6
22428,2026-06-26,2,0,1
22429,2026-06-17,8,6,4
22430,2026-06-22,3,1,2
22431,2026-06-30,6,4,4
22432,2026-07-08,10,8,4
22433,2026-08-01,2,0,1
22434,2026-08-07,5,3,4
22435,2026-06-12,6,3,4
22436,2026-06-15,8,3,4
22439,2026-06-07,9,7,2
22440,2026-06-11,7,6,4
22443,2026-06-08,15,13,8
22444,2026-06-13,3,1,2
22445,2026-07-08,8,5,4
22446,2026-07-14,3,1,2
22448,2026-06-07,2,0,1
22449,2026-07-28,6,2,2
22450,2026-08-04,2,0,1
22451,2026-07-19,3,2,2
22452,2026-07-29,3,0,1
22453,2026-06-16,17,15,8
22454,2026-06-22,4,2,2
22455,2026-07-30,4,2,2
22456,2026-08-06,9,4,3
22457,2026-06-15,7,2,2
22458,2026-06-21,9,7,5
22459,2026-06-14,5,2,2
22460,2026-06-21,2,0,1
22461,2026-06-24,2,0,1
22464,2026-06-20,5,3,3
22465,2026-06-20,7,4,3
22466,2026-06-28,3,1,2
22470,2026-06-07,9,8,4
22471,2026-06-12,4,2,3
22472,2026-06-04,3,1,2
22473,2026-06-11,4,1,2
22475,2026-07-19,2,0,1
22476,2026-07-15,3,1,1
22477,2026-07-24,5,1,1
22478,2026-06-28,1,0,1
22479,2026-07-06,7,4,5
22483,2026-06-21,4,2,3
22484,2026-06-26,5,3,3
22485,2026-07-12,3,1,2
22486,2026-07-17,7,5,5
22487,2026-06-08,13,11,7
22488,2026-06-12,8,5,4
22491,2026-06-02,2,1,2
22492,2026-06-08,5,2,3
22493,2026-06-07,6,3,4
22494,2026-06-14,4,1,2
22495,2026-07-03,11,7,5
22496,2026-06-23,3,1,2
22497,2026-06-30,4,2,3
22502,2026-06-14,4,1,2
22503,2026-06-20,8,4,4
22508,2026-06-28,6,4,4
22509,2026-07-05,6,4,4
22510,2026-06-10,3,1,2
22511,2026-06-17,5,3,4
22512,2026-06-07,6,4,4
22513,2026-06-13,7,3,4
22514,2026-07-03,5,3,3
22515,2026-07-11,2,0,1
22516,2026-06-05,5,0,1
22517,2026-06-08,8,5,3
22518,2026-06-26,4,2,2
22519,2026-06-09,5,3,4
22525,2026-06-03,5,3,3
22526,2026-06-27,6,4,3
22527,2026-07-04,3,1,2
22530,2026-06-02,1,0,1
22531,2026-06-07,11,7,5
22532,2026-06-05,6,4,3
22541,2026-06-26,6,4,3
22545,2026-06-17,8,6,3
22546,2026-06-23,2,0,1
22547,2026-06-10,4,0,1
22550,2026-06-05,5,2,3
22551,2026-06-14,4,0,1
22552,2026-06-26,4,1,2
22553,2026-08-05,11,9,5
22554,2026-08-10,3,0,1
22555,2026-06-05,6,4,3
22556,2026-06-12,8,5,4
22559,2026-06-03,5,3,4
22560,2026-06-07,6,3,4
22561,2026-06-11,4,2,3
22562,2026-06-16,7,5,3
22567,2026-08-06,2,0,1
22568,2026-07-29,4,2,3
22569,2026-08-05,11,8,5
22570,2026-06-13,11,6,6
22571,2026-06-21,6,1,2
22572,2026-06-05,2,0,1
22573,2026-06-10,8,2,2
22574,2026-06-18,3,1,2
22575,2026-06-25,4,2,2
22580,2026-06-07,7,3,4
22581,2026-06-11,9,5,4
22582,2026-06-23,6,4,3
22583,2026-06-28,3,1,2
22584,2026-06-26,4,2,2
22585,2026-06-29,7,4,5
22588,2026-06-08,4,2,3
22589,2026-06-12,7,5,4
22590,2026-06-05,4,2,1
22591,2026-07-06,2,0,1
22592,2026-06-21,4,2,2
22593,2026-06-26,5,3,2
22596,2026-06-11,4,2,3
22597,2026-06-16,8,4,3
22598,2026-06-14,5,3,4
22599,2026-06-19,9,8,6
22600,2026-06-03,3,2,2
22601,2026-06-10,4,0,1
22602,2026-06-19,7,4,4
22603,2026-06-06,3,2,3
22604,2026-06-04,4,3,3
22605,2026-06-29,13,11,6
22606,2026-07-04,3,0,1
22607,2026-07-11,7,4,4
22608,2026-07-18,3,0,1
22609,2026-06-05,3,1,2
22610,2026-06-07,2,0,1
22611,2026-06-10,10,7,5
22614,2026-06-08,10,7,6
22615,2026-06-14,4,0,1
22616,2026-06-05,5,2,2
22617,2026-06-06,4,2,3
22618,2026-06-12,3,1,2
22620,2026-06-08,11,5,5
22621,2026-06-13,4,1,2
22622,2026-06-10,7,4,5
22623,2026-06-15,8,5,5
22624,2026-06-26,5,3,4
22625,2026-07-08,3,1,2
22626,2026-07-15,2,0,1
22627,2026-07-22,3,1,2
22628,2026-06-15,5,3,3
22629,2026-06-22,5,3,4
22630,2026-07-21,5,3,4
22631,2026-07-25,4,2,3
22634,2026-08-15,10,4,4
22635,2026-08-19,6,3,2
22636,2026-06-04,4,3,3
22637,2026-06-14,4,2,3
22638,2026-06-06,11,6,3
22639,2026-06-11,6,3,3
22640,2026-06-19,4,2,3
22641,2026-06-26,2,0,1
22644,2026-06-13,3,1,2
22645,2026-06-13,4,0,1
22646,2026-06-06,6,3,3
22647,2026-06-08,5,1,2
22648,2026-06-12,4,1,2
22649,2026-06-03,1,0,1
22650,2026-06-09,10,9,8
22651,2026-07-15,3,0,1
22652,2026-06-13,5,2,3
22653,2026-06-16,9,7,4
22654,2026-07-09,2,0,1
22655,2026-07-14,4,2,3
22656,2026-06-07,3,1,2
22657,2026-06-12,10,9,5
22658,2026-06-10,6,4,4
22659,2026-06-06,5,3,3
22662,2026-06-26,6,4,5
22663,2026-07-03,8,6,4
22666,2026-06-03,1,0,1
22667,2026-06-09,6,1,2
22668,2026-06-05,5,2,3
22669,2026-06-08,3,1,2
22670,2026-06-13,5,3,3
22671,2026-06-12,4,2,3
22672,2026-06-04,5,2,2
22673,2026-06-07,4,1,2
22674,2026-06-13,7,5,4
22675,2026-06-16,8,6,4
22676,2026-06-03,1,0,1
22677,2026-07-24,9,7,6
22678,2026-07-25,4,0,1
22679,2026-08-01,3,0,1
22680,2026-07-09,2,0,1
22681,2026-07-12,3,1,2
22684,2026-06-22,6,4,4
22685,2026-06-27,4,2,1
22686,2026-06-04,1,0,1
22687,2026-06-27,2,0,1
22688,2026-07-03,16,15,6
22691,2026-07-01,7,3,3
22693,2026-06-06,4,2,2
22694,2026-07-19,2,0,1
22695,2026-07-22,6,3,2
22696,2026-06-22,11,7,5
22697,2026-06-20,6,4,2
22698,2026-06-28,2,0,1
22699,2026-07-11,6,4,3
22700,2026-07-15,2,0,1
22701,2026-06-23,4,2,3
22702,2026-06-26,15,12,5
22703,2026-06-28,4,2,2
22704,2026-07-01,6,4,5
22705,2026-06-27,13,12,6
22706,2026-07-03,13,11,4
22707,2026-07-11,3,1,2
22708,2026-07-17,2,0,1
22712,2026-06-06,3,2,3
22715,2026-08-06,5,3,3
22716,2026-08-10,8,2,3
22717,2026-07-01,8,6,5
22718,2026-07-07,7,5,4
22719,2026-07-06,2,0,1
22720,2026-06-27,8,6,5
22721,2026-07-04,6,3,4
22724,2026-06-04,4,2,2
22725,2026-06-23,6,3,4
22726,2026-06-17,11,9,4
22727,2026-06-21,4,2,3
22728,2026-06-20,4,2,2
22729,2026-07-09,4,2,2
22730,2026-08-06,8,5,4
22731,2026-08-08,7,5,4
22732,2026-08-15,3,1,2
22733,2026-06-07,2,0,1
22734,2026-06-17,9,6,4
22736,2026-06-05,2,0,1
22741,2026-06-28,4,2,2
22742,2026-07-05,2,0,1
22747,2026-08-02,7,5,2
22750,2026-06-15,9,7,4
22751,2026-06-19,8,3,3
22754,2026-06-07,3,1,2
22755,2026-06-05,7,4,2
22758,2026-06-05,3,1,2
22759,2026-06-08,6,3,4
22760,2026-06-14,6,2,3
22761,2026-06-18,6,4,5
22762,2026-06-15,10,7,5
22763,2026-06-19,4,2,3
22764,2026-06-22,9,6,6
22765,2026-07-03,7,5,4
22766,2026-07-08,3,1,2
22767,2026-06-05,3,1,2
22770,2026-06-15,10,8,7
22771,2026-06-05,3,2,2
22772,2026-06-13,4,1,2
22773,2026-06-05,3,0,1
22774,2026-06-09,6,5,5
22775,2026-06-12,5,3,4
22776,2026-07-08,2,0,1
22777,2026-06-12,3,1,2
22778,2026-06-20,6,3,4
22779,2026-06-06,5,2,1
22780,2026-06-13,2,1,2
22781,2026-06-09,6,3,4
22782,2026-06-13,6,5,4
22783,2026-06-15,9,5,4
22784,2026-06-19,8,6,5
22785,2026-06-06,7,4,4
22786,2026-06-12,5,3,3
22787,2026-06-15,8,6,4
22788,2026-06-09,17,15,9
22789,2026-06-15,11,9,7
22790,2026-06-28,5,1,2
22791,2026-07-03,6,4,4
22792,2026-08-03,5,3,4
22793,2026-08-06,4,2,2
22794,2026-06-04,1,0,1
22795,2026-06-07,7,3,4
22796,2026-08-04,5,4,4
22797,2026-08-11,3,1,2
22798,2026-06-13,8,6,3
22799,2026-06-06,6,2,2
22800,2026-06-10,6,2,2
22801,2026-07-04,2,0,1
22802,2026-07-09,7,5,3
22805,2026-06-27,4,2,2
22807,2026-06-25,7,5,5
22810,2026-07-28,2,0,1
22811,2026-08-03,4,2,3
22812,2026-06-09,8,3,4
22813,2026-06-16,7,5,3
22814,2026-06-25,2,0,1
22815,2026-07-03,9,6,7
22818,2026-06-30,11,10,7
22819,2026-07-03,10,8,6
22822,2026-07-22,6,4,5
22823,2026-06-06,6,2,2
22824,2026-06-13,5,2,2
22825,2026-06-14,5,1,2
22826,2026-06-20,7,5,5
22827,2026-07-26,4,2,2
22828,2026-07-20,7,4,3
22829,2026-06-22,5,3,3
22830,2026-06-29,9,7,4
22831,2026-07-25,4,1,2
22832,2026-08-01,2,0,1
22833,2026-06-13,3,2,3
22834,2026-06-17,5,4,5
22835,2026-06-14,6,1,2
22836,2026-06-21,4,0,1
22837,2026-07-03,6,4,5
22838,2026-07-07,9,7,7
22842,2026-06-20,6,2,3
22843,2026-06-25,5,2,3
22845,2026-07-06,2,0,1
22846,2026-07-12,3,1,2
22847,2026-06-20,6,4,4
22848,2026-06-24,4,2,3
22849,2026-06-12,7,4,4
22850,2026-06-17,5,3,3
22855,2026-06-13,5,4,3
22856,2026-06-19,5,4,4
22857,2026-07-02,2,0,1
22858,2026-07-04,3,1,2
22859,2026-07-11,2,0,1
22862,2026-06-18,3,1,2
22863,2026-06-25,8,3,4
22864,2026-08-14,9,0,1
22865,2026-06-05,3,0,1
22866,2026-06-08,10,8,8
22867,2026-06-10,7,5,6
22868,2026-06-14,5,1,2
22869,2026-07-08,2,0,1
22872,2026-06-05,1,0,1
22873,2026-06-05,2,1,2
22876,2026-07-04,4,2,3
22877,2026-07-09,2,0,1
22878,2026-06-07,4,2,3
22879,2026-06-12,11,8,6
22881,2026-06-30,11,9,6
22882,2026-07-04,5,3,3
22883,2026-06-05,5,4,2
22884,2026-06-21,3,2,2
22885,2026-06-26,2,0,1
22886,2026-06-22,8,5,5
22887,2026-06-26,14,10,5
22888,2026-08-15,10,2,2
22890,2026-06-20,8,7,3
22891,2026-06-24,7,2,2
22893,2026-06-22,4,2,3
22896,2026-06-15,8,1,2
22897,2026-06-20,4,1,2
22898,2026-08-15,10,3,3
22900,2026-06-14,5,0,1
22901,2026-06-19,6,5,4
22902,2026-06-12,7,5,4
22903,2026-06-19,6,4,4
22906,2026-06-12,9,6,4
22907,2026-06-14,4,1,2
22908,2026-06-05,3,0,1
22909,2026-06-08,5,2,2
22910,2026-06-13,5,2,3
22911,2026-06-19,8,6,5
22912,2026-06-22,5,3,2
22913,2026-08-05,5,2,3
22914,2026-06-08,7,5,3
22915,2026-06-13,6,4,3
22918,2026-06-19,5,2,3
22919,2026-06-25,6,3,3
22920,2026-06-12,4,1,2
22921,2026-06-18,4,2,2
22922,2026-06-05,1,0,1
22925,2026-06-29,4,2,2
22926,2026-07-04,8,6,5
22927,2026-06-21,8,6,5
22930,2026-06-18,2,0,1
22931,2026-06-23,4,2,2
22932,2026-06-10,2,0,1
22933,2026-06-14,4,1,2
22934,2026-06-19,4,0,1
22935,2026-06-26,3,1,2
22936,2026-07-03,7,4,4
22937,2026-06-08,11,4,3
22938,2026-06-28,3,2,2
22939,2026-07-03,10,8,6
22940,2026-06-13,7,4,4
22942,2026-08-13,14,4,3
22943,2026-08-18,7,3,4
22944,2026-07-20,11,9,5
22945,2026-07-24,6,4,3
22946,2026-06-05,13,9,3
22947,2026-06-16,5,3,2
22948,2026-06-21,6,4,4
22949,2026-06-05,1,0,1
22950,2026-06-16,11,8,4
22951,2026-06-20,4,1,2
22952,2026-08-02,2,0,1
22953,2026-06-12,3,0,1
22954,2026-06-20,4,1,2
22955,2026-06-16,5,3,2
22956,2026-06-21,4,1,2
22957,2026-06-27,4,2,3
22958,2026-06-27,4,2,2
22959,2026-07-03,6,3,2
22960,2026-06-23,4,2,3
22961,2026-07-02,4,2,3
22964,2026-07-01,2,0,1
22965,2026-07-11,3,1,2
22966,2026-07-16,14,12,8
22969,2026-06-07,5,2,3
22970,2026-06-13,4,2,3
22971,2026-06-05,3,2,2
22972,2026-06-17,4,2,3
22973,2026-06-21,2,0,1
22974,2026-08-03,3,0,1
22975,2026-08-10,2,0,1
22976,2026-08-19,6,4,5
22982,2026-06-22,4,2,3
22983,2026-06-28,2,0,1
22986,2026-06-09,6,4,5
22987,2026-06-16,7,5,3
22988,2026-08-20,16,3,3
22990,2026-06-14,4,1,2
22991,2026-06-18,4,3,3
22992,2026-07-18,7,5,4
22993,2026-07-22,2,0,1
22994,2026-06-12,8,5,3
22999,2026-06-16,13,11,8
23000,2026-06-20,4,2,1
23001,2026-06-15,10,8,5
23002,2026-06-18,6,4,5
23003,2026-07-10,5,3,3
23004,2026-07-15,2,0,1
23006,2026-06-07,3,0,1
23007,2026-06-12,8,5,4
23008,2026-06-06,4,3,2
23009,2026-06-13,4,2,3
23010,2026-06-15,13,10,6
23011,2026-06-20,3,1,2
23012,2026-08-05,2,0,1
23019,2026-06-07,4,2,3
23022,2026-08-09,2,0,1
23023,2026-06-14,4,0,1
23024,2026-06-23,4,0,1
23025,2026-08-03,5,3,2
23026,2026-07-08,2,0,1
23027,2026-07-22,2,0,1
23028,2026-07-27,2,0,1
23029,2026-06-22,4,1,2
23032,2026-06-06,6,5,3
23033,2026-06-05,1,0,1
23036,2026-06-08,7,2,2
23037,2026-06-11,7,4,5
23040,2026-07-09,3,1,2
23042,2026-06-07,3,0,1
23043,2026-06-12,5,1,2
23044,2026-06-06,4,0,1
23045,2026-06-14,5,2,3
23046,2026-07-08,4,2,3
23049,2026-08-03,6,4,4
23050,2026-08-08,3,1,2
23051,2026-07-03,13,7,4
23052,2026-07-05,2,0,1
23053,2026-07-04,2,0,1
23054,2026-07-11,2,0,1
23055,2026-06-07,3,0,1
23056,2026-06-08,8,5,5
23057,2026-06-14,5,0,1
23058,2026-07-15,2,0,1
23060,2026-06-09,7,2,2
23061,2026-06-14,4,0,1
23062,2026-06-09,11,9,6
23063,2026-06-15,11,6,5
23074,2026-06-21,3,1,2
23075,2026-06-27,8,4,5
23076,2026-06-27,3,1,2
23079,2026-06-18,7,4,3
23080,2026-06-12,3,2,2
23082,2026-06-12,10,8,5
23083,2026-06-21,3,1,2
23084,2026-06-22,5,1,2
23085,2026-06-13,6,4,4
23086,2026-06-20,8,6,6
23087,2026-06-27,6,4,3
23090,2026-07-13,3,0,1
23091,2026-07-17,5,2,3
23092,2026-07-01,7,5,4
23094,2026-06-20,2,0,1
23099,2026-06-07,5,4,3
23100,2026-06-10,6,4,3
23101,2026-06-09,8,5,3
23102,2026-06-09,3,2,3
23103,2026-07-31,7,0,1
23104,2026-08-06,2,0,1
23107,2026-06-13,7,4,4
23108,2026-06-12,3,1,2
23109,2026-06-18,3,0,1
23110,2026-06-07,9,4,3
23111,2026-06-09,3,1,2
23112,2026-07-18,3,0,1
23113,2026-07-23,3,1,2
23114,2026-06-30,6,4,4
23115,2026-06-09,2,0,1
23116,2026-06-14,5,2,3
23117,2026-06-07,2,0,1
23118,2026-06-11,8,6,5
23119,2026-06-21,3,0,1
23120,2026-06-27,9,7,5
23121,2026-08-16,11,2,2
23122,2026-08-21,3,1,2
23123,2026-06-12,7,5,4
23124,2026-06-18,11,9,6
23125,2026-06-11,5,2,2
23126,2026-06-14,5,2,3
23127,2026-06-07,3,1,2
23128,2026-07-05,4,2,3
23129,2026-07-11,2,0,1
23130,2026-06-27,5,3,3
23131,2026-07-03,9,7,5
23132,2026-06-11,10,7,4
23133,2026-06-14,4,1,2
23134,2026-08-16,4,0,1
23139,2026-06-07,1,0,1
23140,2026-06-13,3,1,2
23143,2026-06-08,4,2,2
23144,2026-06-13,3,2,2
23145,2026-06-07,4,2,2
23146,2026-06-12,3,1,2
23147,2026-06-20,2,0,1
23148,2026-06-26,10,7,6
23149,2026-06-06,3,0,1
23150,2026-07-19,2,0,1
23151,2026-07-26,2,0,1
23156,2026-08-04,2,0,1
23157,2026-08-11,3,1,2
23158,2026-06-26,8,5,4
23159,2026-07-06,3,1,2
23162,2026-07-11,3,1,2
23164,2026-06-07,3,0,1
23165,2026-06-12,4,2,2
23168,2026-07-11,1,0,1
23169,2026-07-25,2,1,2
23172,2026-06-21,2,0,1
23173,2026-06-28,7,5,5
23174,2026-06-08,2,0,1
23177,2026-06-11,6,4,3
23178,2026-06-20,2,0,1
23179,2026-06-16,9,7,3
23182,2026-06-18,6,4,3
23183,2026-06-21,5,3,2
23184,2026-07-03,13,11,3
23185,2026-07-25,3,1,2
23186,2026-08-01,2,0,1
23187,2026-06-10,6,4,3
23188,2026-06-17,3,1,2
23189,2026-06-13,7,2,2
23190,2026-08-02,7,5,3
23191,2026-08-07,5,2,2
23192,2026-06-18,2,0,1
23193,2026-06-26,5,3,3
23194,2026-08-15,9,0,1
23196,2026-06-10,3,1,2
23197,2026-06-16,8,6,5
23202,2026-06-08,2,0,1
23203,2026-06-13,3,2,3
23204,2026-06-20,7,5,3
23205,2026-06-25,4,2,3
23206,2026-06-26,9,6,4
23207,2026-07-02,6,4,5
23212,2026-07-03,14,11,6
23213,2026-07-06,5,2,3
23214,2026-06-24,2,0,1
23217,2026-06-10,2,0,1
23218,2026-06-15,10,8,7
23219,2026-06-19,4,0,1
23220,2026-06-24,5,3,3
23221,2026-06-09,6,1,2
23222,2026-06-14,2,0,1
23223,2026-06-14,13,6,5
23224,2026-06-21,2,0,1
23225,2026-06-10,3,1,2
23226,2026-06-14,4,1,2
23227,2026-07-18,2,0,1
23228,2026-06-07,1,0,1
23229,2026-06-10,11,6,4
23230,2026-06-12,4,0,1
23231,2026-06-12,7,4,5
23232,2026-06-13,2,1,2
23233,2026-06-08,2,1,2
23234,2026-06-08,6,5,3
23235,2026-06-12,4,2,1
23236,2026-06-15,12,9,6
23237,2026-06-26,4,2,2
23238,2026-06-23,7,5,3
23239,2026-08-02,3,0,1
23240,2026-06-28,2,0,1
23241,2026-06-11,13,6,5
23242,2026-08-11,4,1,2
23243,2026-08-17,7,4,4
23244,2026-06-27,2,0,1
23245,2026-07-03,6,4,4
23247,2026-06-19,5,3,4
23248,2026-06-21,2,0,1
23249,2026-06-27,2,0,1
23252,2026-06-12,3,1,2
23253,2026-06-15,9,7,5
23256,2026-06-09,15,1,2
23257,2026-06-14,4,2,2
23258,2026-06-14,4,2,3
23259,2026-06-20,2,0,1
23261,2026-07-18,3,1,2
23262,2026-07-05,6,3,3
23263,2026-07-12,2,0,1
23264,2026-07-18,3,1,2
23265,2026-07-24,7,6,4
23266,2026-08-15,13,0,1
23267,2026-08-21,8,6,6
23272,2026-07-07,6,4,5
23273,2026-06-23,4,0,1
23274,2026-06-14,4,1,2
23275,2026-06-19,4,2,3
23276,2026-06-08,8,7,3
23277,2026-08-06,3,0,1
23278,2026-08-12,13,10,6
23279,2026-06-21,5,3,4
23280,2026-06-26,2,0,1
23281,2026-06-09,3,2,3
23282,2026-06-14,3,1,2
23284,2026-06-18,4,2,3
23285,2026-06-13,2,1,2
23286,2026-06-10,12,9,4
23287,2026-06-14,4,1,2
23288,2026-06-14,4,1,2
23289,2026-06-18,3,1,2
23293,2026-07-23,2,0,1
23294,2026-07-12,2,0,1
23295,2026-07-16,2,0,1
23296,2026-06-08,2,0,1
23297,2026-06-11,4,1,2
23298,2026-06-16,8,6,3
23302,2026-06-12,4,1,2
23303,2026-07-26,4,2,2
23304,2026-08-01,3,1,2
23305,2026-07-25,3,1,2
23306,2026-08-01,2,0,1
23308,2026-07-31,6,4,4
23309,2026-08-03,2,0,1
23311,2026-06-13,4,2,3
23312,2026-06-20,3,1,2
23313,2026-06-09,5,3,3
23314,2026-06-11,3,1,2
23315,2026-06-15,9,6,4
23316,2026-06-28,2,0,1
23317,2026-07-03,7,5,3
23318,2026-07-14,7,2,2
23319,2026-07-18,5,1,2
23320,2026-08-13,15,4,4
23325,2026-06-14,4,1,2
23326,2026-06-17,9,7,5
23327,2026-06-10,2,0,1
23328,2026-06-17,4,2,3
23329,2026-06-27,2,0,1
23330,2026-07-04,4,2,3
23333,2026-06-17,10,8,6
23334,2026-06-21,2,0,1
23335,2026-06-30,12,10,7
23336,2026-07-04,2,0,1
23338,2026-06-28,1,0,1
23339,2026-07-04,4,2,3
23340,2026-06-20,3,1,2
23341,2026-06-25,6,4,4
23342,2026-06-11,5,2,2
23343,2026-06-12,4,0,1
23344,2026-06-20,1,0,1
23345,2026-06-22,5,3,3
23346,2026-06-26,9,7,5
23347,2026-06-29,2,0,1
23348,2026-06-14,4,1,2
23349,2026-06-22,3,1,2
23350,2026-06-18,5,2,2
23351,2026-06-22,3,1,2
23352,2026-07-25,2,0,1
23353,2026-07-29,5,2,3
23354,2026-06-11,4,2,3
23355,2026-06-22,4,1,2
23358,2026-07-11,6,4,4
23359,2026-07-18,5,3,3
23360,2026-06-09,3,0,1
23361,2026-06-09,4,2,3
23362,2026-07-03,4,2,3
23363,2026-06-10,4,1,2
23364,2026-06-10,4,1,2
23365,2026-06-18,5,2,2
23366,2026-06-22,3,1,2
23367,2026-07-10,6,4,4
23368,2026-07-14,3,1,2
23369,2026-07-12,2,0,1
23370,2026-07-17,4,2,3
23371,2026-06-09,6,0,1
23376,2026-07-13,5,2,2
23377,2026-07-18,5,2,3
23378,2026-06-22,6,4,3
23379,2026-06-21,4,2,2
23380,2026-06-27,2,0,1
23383,2026-06-13,5,3,2
23384,2026-06-20,5,3,3
23385,2026-07-14,12,7,6
23386,2026-07-18,2,0,1
23387,2026-06-16,3,2,2
23389,2026-08-08,3,1,2
23392,2026-08-08,2,0,1
23393,2026-06-14,6,2,2
23394,2026-06-19,7,1,2
23395,2026-06-19,6,3,4
23396,2026-06-10,7,3,2
23398,2026-07-14,9,7,4
23402,2026-07-04,6,3,4
23403,2026-07-11,2,0,1
23404,2026-06-17,4,2,3
23405,2026-06-23,4,2,3
23406,2026-06-27,5,3,3
23407,2026-07-05,4,2,2
23409,2026-06-11,3,1,2
23410,2026-07-08,4,2,3
23411,2026-07-17,6,4,4
23412,2026-06-18,2,0,1
23413,2026-06-25,7,4,5
23414,2026-06-11,5,3,3
23417,2026-06-12,7,5,4
23418,2026-06-17,4,1,2
23419,2026-07-08,5,2,3
23421,2026-06-20,5,1,2
23422,2026-06-26,5,3,3
23435,2026-06-11,3,1,2
23436,2026-06-16,10,8,4
23437,2026-06-21,3,1,2
23438,2026-06-16,8,6,4
23439,2026-07-08,2,0,1
23440,2026-07-14,5,3,3
23443,2026-06-27,5,2,2
23444,2026-07-02,5,3,4
23445,2026-06-12,3,1,2
23446,2026-07-25,4,0,1
23449,2026-06-15,6,3,2
23450,2026-06-20,8,6,5
23451,2026-06-09,1,0,1
23452,2026-06-19,7,4,3
23453,2026-07-05,7,3,3
23455,2026-06-30,2,0,1
23459,2026-06-24,4,2,3
23460,2026-07-25,3,0,1
23461,2026-08-06,8,4,3
23462,2026-07-22,12,9,5
23463,2026-07-26,6,4,2
23465,2026-06-25,4,3,4
23466,2026-06-26,2,0,1
23467,2026-07-06,5,2,1
23474,2026-06-29,12,8,5
23477,2026-06-13,4,2,3
23478,2026-06-14,5,2,3
23482,2026-06-12,2,1,1
23486,2026-06-13,4,2,3
23487,2026-06-21,8,6,5
23488,2026-07-03,4,2,3
23489,2026-07-06,7,5,5
23490,2026-08-15,13,1,2
23492,2026-07-20,5,3,3
23493,2026-07-25,4,2,3
23494,2026-08-12,16,2,1
23496,2026-07-05,4,2,2
23497,2026-07-12,3,0,1
23498,2026-06-15,6,3,4
23499,2026-08-16,3,0,1
23503,2026-07-09,2,0,1
23506,2026-06-11,6,3,3
23507,2026-06-21,2,0,1
23508,2026-06-26,5,3,3
23509,2026-06-11,6,5,6
23510,2026-06-23,2,0,1
23511,2026-06-30,3,1,2
23512,2026-06-13,2,1,2
23513,2026-06-19,13,10,4
23514,2026-06-13,4,2,3
23515,2026-06-12,4,1,2
23516,2026-06-20,3,1,2
23517,2026-06-12,3,1,2
23518,2026-06-14,6,3,4
23519,2026-06-18,2,0,1
23522,2026-06-10,1,0,1
23523,2026-07-25,2,0,1
23524,2026-08-01,3,1,2
23525,2026-07-02,3,1,2
23526,2026-07-10,2,0,1
23527,2026-07-11,4,1,2
23528,2026-07-08,3,1,2
23535,2026-06-10,4,0,1
23536,2026-06-27,4,2,2
23539,2026-06-11,3,2,3
23540,2026-06-15,7,3,2
23541,2026-07-06,2,0,1
23542,2026-07-11,4,0,1
23549,2026-06-17,3,1,2
23550,2026-06-22,5,3,3
23551,2026-06-12,2,0,1
23552,2026-06-17,4,2,3
23553,2026-08-08,4,3,3
23554,2026-06-12,7,5,4
23555,2026-06-16,4,2,1
23556,2026-06-23,4,2,3
23557,2026-06-23,3,1,2
23558,2026-07-01,2,0,1
23561,2026-07-06,7,5,4
23562,2026-07-11,4,2,2
23563,2026-06-11,13,9,5
23564,2026-06-14,4,0,1
23565,2026-06-17,2,0,1
23566,2026-06-22,4,2,3
23567,2026-06-10,5,2,2
23568,2026-07-08,3,1,2
23569,2026-07-13,3,0,1
23571,2026-06-15,9,3,3
23572,2026-06-20,2,0,1
23574,2026-06-12,2,0,1
23575,2026-06-13,7,4,3
23576,2026-08-06,2,0,1
23577,2026-08-08,4,2,1
23578,2026-08-16,2,0,1
23579,2026-06-11,3,1,2
23582,2026-07-18,5,2,3
23583,2026-06-18,2,0,1
23584,2026-06-21,6,4,3
23585,2026-06-11,10,6,4
23586,2026-06-11,6,4,4
23587,2026-06-20,3,1,2
23588,2026-06-24,2,0,1
23589,2026-08-08,13,9,5
23590,2026-08-14,3,1,2
23591,2026-08-07,9,5,2
23592,2026-08-10,3,2,2
23593,2026-08-06,4,2,2
23594,2026-08-10,4,3,3
23599,2026-06-18,9,7,5
23600,2026-06-21,4,2,3
23601,2026-07-15,5,0,1
23602,2026-07-19,3,1,2
23603,2026-07-26,2,0,1
23606,2026-06-23,5,3,4
23607,2026-06-30,7,5,5
23608,2026-06-11,5,4,4
23609,2026-06-12,6,3,3
23610,2026-07-04,7,5,4
23611,2026-07-11,4,2,2
23612,2026-06-11,8,7,5
23613,2026-07-23,2,0,1
23614,2026-07-29,2,0,1
23615,2026-07-11,3,1,2
23616,2026-07-18,3,0,1
23617,2026-06-13,2,1,2
23618,2026-06-19,9,7,5
23619,2026-06-10,2,0,1
23620,2026-06-12,3,1,2
23621,2026-06-15,9,6,5
23622,2026-06-30,4,2,3
23623,2026-06-30,5,3,3
23624,2026-06-30,8,6,4
23625,2026-06-30,10,8,7
23626,2026-06-25,3,1,2
23627,2026-06-28,6,4,4
23634,2026-06-17,7,5,6
23635,2026-06-21,4,2,3
23638,2026-06-15,8,3,3
23639,2026-06-21,2,1,2
23642,2026-07-15,4,2,1
23643,2026-06-14,4,1,2
23644,2026-06-21,4,1,2
23645,2026-08-08,5,2,3
23646,2026-08-13,5,3,4
23647,2026-06-17,4,2,3
23648,2026-06-22,4,2,3
23649,2026-06-11,1,0,1
23650,2026-06-15,6,3,2
23651,2026-06-11,5,4,2
23654,2026-06-20,5,3,3
23655,2026-06-27,5,3,3
23656,2026-06-12,6,4,3
23657,2026-06-16,13,10,7
23662,2026-06-12,1,0,1
23663,2026-06-15,10,8,7
23664,2026-07-17,4,2,2
23665,2026-07-22,2,0,1
23668,2026-07-19,2,0,1
23669,2026-06-16,5,2,1
23670,2026-07-24,8,6,5
23671,2026-06-19,5,2,3
23672,2026-06-22,5,3,3
23675,2026-06-18,3,1,2
23676,2026-06-25,10,7,3
23677,2026-07-17,7,5,3
23680,2026-07-25,2,0,1
23681,2026-08-01,3,0,1
23684,2026-06-12,6,4,4
23685,2026-06-16,9,7,4
23686,2026-06-26,11,6,5
23687,2026-06-14,5,2,3
23688,2026-06-18,3,0,1
23695,2026-06-21,3,1,2
23696,2026-06-26,2,0,1
23701,2026-06-22,5,2,2
23702,2026-06-27,4,1,2
23703,2026-06-12,2,0,1
23704,2026-06-21,9,5,4
23706,2026-08-12,16,3,3
23707,2026-08-12,20,12,7
23708,2026-08-21,6,4,4
23709,2026-06-16,7,5,4
23710,2026-06-24,5,2,3
23711,2026-06-16,5,3,2
23712,2026-06-21,3,1,2
23713,2026-06-22,12,8,4
23714,2026-06-30,4,2,3
23715,2026-06-16,6,4,3
23716,2026-06-24,5,3,2
23717,2026-06-28,4,2,2
23718,2026-07-22,2,1,2
23719,2026-07-26,2,1,2
23720,2026-06-12,2,1,2
23721,2026-06-13,4,2,3
23722,2026-06-13,9,6,6
23723,2026-06-14,4,1,2
23724,2026-06-27,3,1,2
23725,2026-07-05,2,0,1
23730,2026-06-27,3,0,1
23731,2026-07-02,4,3,2
23732,2026-06-27,6,2,3
23733,2026-07-02,1,0,1
23734,2026-06-12,1,0,1
23737,2026-06-21,6,5,4
23738,2026-06-27,7,5,5
23741,2026-06-28,2,0,1
23744,2026-06-26,2,0,1
23745,2026-07-02,9,6,4
23746,2026-06-15,5,2,1
23747,2026-06-22,5,3,3
23748,2026-07-13,2,0,1
23749,2026-07-17,5,3,3
23752,2026-06-15,9,7,6
23753,2026-06-20,1,0,1
23758,2026-06-13,3,1,2
23759,2026-06-20,4,2,3
23760,2026-08-09,9,7,5
23761,2026-08-14,7,4,2
23762,2026-06-24,2,0,1
23763,2026-06-30,3,1,2
23764,2026-06-26,2,0,1
23776,2026-06-23,3,1,2
23777,2026-06-28,8,6,4
23778,2026-07-27,2,0,1
23779,2026-08-01,3,1,2
23781,2026-06-13,7,3,3
23782,2026-06-18,4,2,3
23783,2026-06-14,5,3,4
23784,2026-06-20,3,1,2
23785,2026-06-11,2,1,2
23786,2026-06-13,4,1,2
23787,2026-06-18,3,1,2
23788,2026-06-25,8,6,4
23789,2026-06-27,2,0,1
23790,2026-06-22,7,5,4
23791,2026-06-12,4,2,2
23792,2026-06-20,2,0,1
23793,2026-07-11,7,5,2
23794,2026-06-17,3,0,1
23795,2026-06-20,6,1,2
23796,2026-06-12,2,0,1
23797,2026-07-04,4,1,2
23798,2026-07-08,5,2,2
23799,2026-06-13,1,0,1
23800,2026-06-18,5,2,2
23801,2026-07-24,4,1,2
23802,2026-07-27,4,2,3
23803,2026-06-12,10,5,3
23807,2026-08-10,2,1,2
23808,2026-08-19,4,1,2
23809,2026-08-19,13,1,2
23811,2026-07-21,6,4,4
23812,2026-07-26,6,4,5
23813,2026-06-23,5,3,3
23814,2026-06-26,14,12,7
23819,2026-07-28,6,3,3
23820,2026-08-10,8,7,5
23822,2026-07-19,2,0,1
23823,2026-06-13,3,2,3
23824,2026-06-20,7,3,3
23827,2026-06-14,4,1,2
23828,2026-06-21,5,4,3
23829,2026-07-05,6,4,3
23832,2026-08-02,4,2,2
23833,2026-06-17,4,1,2
23834,2026-06-17,7,3,3
23835,2026-06-13,2,0,1
23836,2026-07-12,4,2,3
23837,2026-07-19,6,4,4
23838,2026-06-19,5,2,3
23840,2026-07-05,4,2,2
23841,2026-07-09,3,0,1
23842,2026-06-20,3,1,2
23843,2026-06-26,3,0,1
23844,2026-06-12,6,3,3
23845,2026-07-13,3,0,1
23846,2026-06-14,5,2,2
23847,2026-06-20,4,2,2
23848,2026-06-14,1,0,1
23849,2026-06-20,3,1,2
23852,2026-07-12,5,2,2
23853,2026-07-19,1,0,1
23856,2026-06-19,7,5,4
23857,2026-06-15,3,2,3
23858,2026-06-12,3,2,2
23859,2026-07-05,6,3,2
23860,2026-07-11,6,4,3
23861,2026-07-18,4,2,2
23862,2026-07-25,5,3,3
23863,2026-07-31,4,2,3
23864,2026-08-01,2,0,1
23865,2026-08-08,4,1,2
23866,2026-07-24,5,3,3
23867,2026-06-15,11,8,6
23868,2026-07-10,3,1,2
23871,2026-06-12,1,0,1
23872,2026-06-14,3,1,2
23875,2026-06-29,3,0,1
23876,2026-07-03,5,2,3
23879,2026-06-21,2,0,1
23880,2026-06-21,7,5,5
23881,2026-07-03,7,4,3
23882,2026-07-07,5,2,3
23883,2026-07-03,4,2,3
23884,2026-07-12,2,0,1
23885,2026-06-18,7,4,3
23888,2026-06-14,2,0,1
23889,2026-06-19,6,3,4
23890,2026-06-30,5,3,4
23891,2026-07-07,5,2,3
23894,2026-06-30,9,7,4
23895,2026-07-05,6,4,3
23900,2026-07-31,3,1,2
23901,2026-08-05,2,0,1
23904,2026-06-18,2,0,1
23905,2026-06-20,2,1,1
23911,2026-06-21,4,2,3
23912,2026-06-24,8,5,4
23913,2026-07-19,10,8,6
23918,2026-07-11,6,4,3
23919,2026-07-17,5,3,2
23920,2026-07-16,10,6,3
23921,2026-07-22,2,0,1
23924,2026-08-16,9,0,1
23926,2026-06-24,3,1,2
23927,2026-07-01,8,6,5
23928,2026-06-16,10,8,5
23929,2026-06-18,3,1,2
23930,2026-06-23,3,0,1
23931,2026-06-14,1,0,1
23932,2026-06-20,3,1,2
23936,2026-06-15,4,0,1
23937,2026-06-19,7,5,5
23938,2026-07-21,8,5,3
23939,2026-07-27,2,0,1
23946,2026-06-25,9,6,3
23947,2026-07-05,5,2,3
23948,2026-07-10,4,3,3
23949,2026-07-12,3,0,1
23950,2026-07-19,5,2,1
23953,2026-06-16,7,5,3
23954,2026-06-22,3,1,2
23957,2026-07-01,6,4,4
23958,2026-07-07,8,5,5
23959,2026-08-01,4,2,2
23960,2026-08-08,2,0,1
23961,2026-06-26,2,0,1
23962,2026-06-26,7,5,4
23966,2026-06-21,3,1,2
23969,2026-07-09,3,2,2
23970,2026-07-16,3,1,2
23971,2026-06-15,4,2,1
23972,2026-06-20,4,1,2
23973,2026-07-12,4,2,3
23974,2026-07-18,6,3,3
23975,2026-06-14,1,0,1
23976,2026-06-19,4,2,3
23979,2026-06-25,4,2,3
23980,2026-06-27,5,2,2
23981,2026-06-14,3,0,1
23982,2026-06-24,6,4,5
23983,2026-07-02,3,1,2
23984,2026-08-15,9,3,2
23985,2026-08-10,2,0,1
23986,2026-08-17,16,14,9
23987,2026-06-28,3,1,2
23988,2026-07-04,3,1,2
23989,2026-06-14,1,0,1
23991,2026-06-15,10,7,6
23994,2026-08-13,12,6,5
23995,2026-08-18,3,1,2
23996,2026-06-14,7,3,3
24001,2026-06-14,3,0,1
24002,2026-07-20,5,4,4
24005,2026-06-20,1,0,1
24006,2026-06-27,4,1,2
24007,2026-08-17,13,1,2
24009,2026-06-15,6,3,3
24010,2026-06-19,6,3,3
24011,2026-07-18,2,0,1
24012,2026-07-28,6,2,2
24013,2026-08-08,4,3,2
24014,2026-06-21,4,3,3
24015,2026-06-24,7,5,6
24016,2026-07-06,6,4,3
24017,2026-07-11,4,2,3
24021,2026-06-19,6,2,3
24022,2026-06-23,2,0,1
24023,2026-06-17,5,2,3
24024,2026-07-11,7,5,3
24025,2026-07-19,3,1,2
24026,2026-06-19,3,1,2
24027,2026-06-21,2,0,1
24029,2026-07-08,1,0,1
24030,2026-07-21,5,1,2
24031,2026-07-15,3,1,2
24032,2026-07-20,3,1,2
24033,2026-06-15,5,3,2
24036,2026-06-26,7,5,5
24037,2026-06-23,2,0,1
24038,2026-08-20,5,0,1
24044,2026-06-17,6,4,3
24045,2026-06-25,4,2,3
24048,2026-06-16,8,4,4
24049,2026-06-19,5,3,3
24050,2026-08-02,2,0,1
24051,2026-08-06,2,0,1
24052,2026-06-20,3,1,2
24053,2026-06-26,2,0,1
24054,2026-07-22,2,0,1
24055,2026-08-01,4,0,1
24056,2026-08-09,7,5,4
24059,2026-07-24,8,5,3
24060,2026-07-27,4,2,3
24061,2026-08-16,13,0,1
24063,2026-07-08,8,6,5
24064,2026-07-12,2,0,1
24065,2026-06-26,9,7,4
24066,2026-07-03,6,3,3
24067,2026-07-20,5,3,3
24068,2026-07-27,5,2,3
24069,2026-07-12,3,1,2
24071,2026-06-21,3,1,2
24072,2026-06-23,4,1,2
24073,2026-06-14,1,0,1
24074,2026-06-23,2,0,1
24075,2026-06-27,3,0,1
24076,2026-06-15,3,0,1
24078,2026-06-27,2,0,1
24081,2026-06-22,5,3,3
24082,2026-06-27,6,3,4
24083,2026-07-13,4,1,2
24084,2026-07-20,2,0,1
24085,2026-07-03,4,2,3
24086,2026-07-07,4,2,3
24087,2026-07-03,5,2,3
24088,2026-07-15,2,0,1
24091,2026-08-06,3,1,2
24092,2026-08-13,4,2,3
24097,2026-07-05,7,4,3
24100,2026-06-17,2,0,1
24101,2026-06-23,5,2,2
24102,2026-07-18,2,0,1
24103,2026-07-03,9,6,5
24104,2026-07-11,4,1,2
24105,2026-08-14,16,3,3
24107,2026-07-09,6,4,4
24108,2026-07-13,5,2,3
24109,2026-07-11,2,0,1
24110,2026-07-18,3,1,2
24111,2026-07-22,2,0,1
24112,2026-07-26,2,0,1
24113,2026-06-15,1,0,1
24114,2026-06-28,3,0,1
24115,2026-06-17,5,3,4
24116,2026-06-23,5,3,4
24117,2026-08-08,2,0,1
24118,2026-08-15,7,1,2
24119,2026-06-26,5,2,3
24120,2026-07-11,4,2,3
24121,2026-08-12,12,3,4
24122,2026-08-18,3,0,1
24123,2026-06-21,2,0,1
24124,2026-06-28,3,1,2
24130,2026-08-02,2,0,1
24131,2026-08-08,3,1,2
24132,2026-08-07,3,0,1
24133,2026-08-10,2,1,2
24134,2026-07-31,13,7,3
24135,2026-08-08,5,2,2
24136,2026-07-05,3,1,2
24137,2026-07-11,11,8,6
24138,2026-06-17,2,0,1
24139,2026-06-19,13,10,7
24140,2026-06-22,5,3,4
24141,2026-06-26,4,2,3
24144,2026-07-15,2,0,1
24145,2026-07-24,2,0,1
24146,2026-06-22,5,3,4
24147,2026-06-28,2,0,1
24148,2026-07-07,3,1,2
24155,2026-06-26,10,6,6
24156,2026-06-28,2,0,1
24157,2026-06-20,4,0,1
24158,2026-06-16,5,2,3
24159,2026-06-17,3,0,1
24160,2026-06-20,3,0,1
24161,2026-06-16,1,0,1
24162,2026-06-23,5,2,3
24163,2026-07-18,11,9,5
24164,2026-07-25,6,4,3
24166,2026-07-10,4,2,2
24171,2026-07-25,3,0,1
24172,2026-07-28,3,1,2
24173,2026-08-20,10,3,3
24177,2026-08-18,8,4,3
24179,2026-06-17,5,3,3
24180,2026-06-23,7,4,3
24181,2026-07-01,3,1,2
24182,2026-07-10,4,1,2
24183,2026-06-26,9,7,6
24185,2026-06-16,2,1,2
24186,2026-07-06,4,2,2
24187,2026-06-17,4,1,2
24188,2026-06-24,2,0,1
24193,2026-06-16,1,0,1
24194,2026-06-16,2,0,1
24196,2026-06-17,7,3,3
24200,2026-06-17,2,0,1
24201,2026-07-23,3,1,2
24202,2026-07-27,2,0,1
24204,2026-06-19,4,0,1
24205,2026-06-22,10,4,4
24206,2026-06-19,3,1,2
24207,2026-07-10,4,2,2
24208,2026-07-16,3,1,2
24209,2026-08-18,2,0,1
24210,2026-06-26,10,7,5
24211,2026-06-28,12,10,6
24212,2026-06-28,3,2,2
24213,2026-07-29,2,0,1
24215,2026-07-17,3,1,2
24216,2026-07-25,4,2,3
24217,2026-06-28,2,0,1
24218,2026-07-04,2,0,1
24219,2026-07-03,3,1,2
24222,2026-08-08,2,0,1
24223,2026-08-13,4,2,3
24224,2026-07-02,5,3,3
24225,2026-07-02,10,6,5
24226,2026-06-19,4,2,3
24227,2026-06-25,4,2,3
24228,2026-07-01,5,3,3
24229,2026-07-05,4,1,2
24230,2026-07-08,4,1,2
24231,2026-07-14,5,3,3
24232,2026-06-30,12,9,7
24233,2026-07-02,11,8,6
24234,2026-06-21,3,1,2
24235,2026-06-28,2,0,1
24236,2026-08-06,2,0,1
24237,2026-08-08,3,0,1
24238,2026-07-01,6,3,3
24239,2026-06-19,5,3,3
24240,2026-07-18,5,3,3
24241,2026-07-24,8,4,5
24242,2026-06-20,1,0,1
24243,2026-06-27,6,4,5
24244,2026-07-01,7,5,5
24245,2026-07-07,6,4,4
24246,2026-07-15,3,0,1
24247,2026-07-23,5,3,2
24251,2026-07-08,2,0,1
24252,2026-07-14,2,1,2
24253,2026-06-22,11,9,6
24254,2026-06-27,7,5,3
24259,2026-07-07,6,4,3
24260,2026-07-13,3,0,1
24263,2026-06-24,4,2,1
24264,2026-06-29,3,0,1
24267,2026-06-17,2,0,1
24268,2026-07-04,4,2,2
24269,2026-07-13,10,8,5
24270,2026-07-05,3,0,1
24271,2026-07-11,3,1,2
24272,2026-08-10,3,2,3
24273,2026-08-15,10,7,5
24276,2026-06-23,8,6,3
24277,2026-06-28,5,3,2
24280,2026-06-27,5,1,2
24281,2026-06-30,7,2,3
24283,2026-06-18,3,1,2
24284,2026-06-22,17,15,8
24285,2026-08-19,11,1,2
24287,2026-06-28,3,1,2
24288,2026-07-01,2,0,1
24289,2026-06-17,3,2,2
24290,2026-06-17,3,1,2
24293,2026-06-21,2,0,1
24294,2026-07-01,5,3,3
24297,2026-07-12,3,1,2
24298,2026-07-21,4,2,2
24299,2026-06-20,3,1,2
24302,2026-06-18,1,0,1
24303,2026-06-17,5,4,3
24304,2026-07-07,5,3,3
24305,2026-07-13,3,1,2
24306,2026-06-22,4,2,3
24307,2026-06-27,8,5,2
24310,2026-06-21,3,1,2
24311,2026-06-27,5,3,3
24312,2026-08-15,14,2,2
24313,2026-08-17,3,1,2
24314,2026-08-21,2,0,1
24315,2026-07-11,2,0,1
24316,2026-07-17,5,3,2
24317,2026-06-28,4,2,3
24318,2026-06-28,4,2,3
24319,2026-06-23,6,4,4
24320,2026-07-03,5,3,4
24321,2026-06-17,6,4,2
24322,2026-06-20,4,0,1
24323,2026-07-04,6,3,4
24324,2026-07-08,3,1,2
24325,2026-06-22,11,9,8
24326,2026-07-21,6,4,4
24327,2026-06-18,7,5,3
24328,2026-07-27,5,3,3
24331,2026-07-10,4,2,3
24332,2026-07-16,2,0,1
24335,2026-06-25,6,4,5
24336,2026-07-05,5,3,4
24337,2026-07-18,5,3,3
24338,2026-07-20,3,0,1
24339,2026-06-26,7,5,4
24340,2026-06-29,3,0,1
24341,2026-07-03,9,6,5
24342,2026-07-03,7,4,4
24343,2026-07-05,2,0,1
24346,2026-07-12,2,0,1
24347,2026-08-20,7,0,1
24348,2026-06-17,4,1,2
24349,2026-06-18,1,0,1
24350,2026-07-01,2,0,1
24351,2026-07-05,5,3,4
24352,2026-06-25,2,1,2
24353,2026-07-01,2,1,2
24354,2026-06-26,6,4,1
24355,2026-06-29,10,6,6
24356,2026-06-29,6,2,3
24357,2026-07-03,7,5,4
24358,2026-07-24,3,1,2
24359,2026-08-15,16,3,3
24360,2026-08-21,2,0,1
24361,2026-07-26,2,0,1
24362,2026-06-18,1,0,1
24363,2026-08-02,3,1,2
24364,2026-06-22,6,4,5
24365,2026-06-27,2,1,2
24366,2026-06-29,8,6,6
24367,2026-07-06,4,2,2
24368,2026-07-11,2,0,1
24369,2026-06-20,12,7,5
24370,2026-06-23,2,0,1
24377,2026-08-07,5,3,2
24379,2026-06-19,3,1,2
24382,2026-08-09,10,7,6
24383,2026-08-16,2,0,1
24384,2026-08-06,4,2,3
24385,2026-06-20,1,0,1
24388,2026-06-19,6,4,3
24389,2026-07-16,5,3,3
24390,2026-07-20,4,1,2
24391,2026-07-23,5,3,3
24392,2026-07-28,3,0,1
24393,2026-07-15,3,0,1
24394,2026-07-18,5,3,3
24395,2026-06-18,4,3,3
24396,2026-06-27,3,1,2
24397,2026-07-05,4,2,3
24398,2026-06-20,1,0,1
24399,2026-06-27,2,0,1
24400,2026-08-02,7,5,5
24401,2026-08-07,2,0,1
24402,2026-06-20,3,2,2
24403,2026-06-22,5,3,2
24404,2026-06-26,3,0,1
24405,2026-06-27,9,6,5
24407,2026-07-01,2,0,1
24408,2026-07-07,3,1,2
24411,2026-07-21,4,2,3
24414,2026-06-19,8,7,7
24415,2026-08-12,12,2,2
24416,2026-08-16,2,0,1
24417,2026-08-13,12,0,1
24418,2026-08-16,5,3,3
24419,2026-06-28,2,0,1
24422,2026-06-25,3,0,1
24423,2026-06-28,3,1,2
24426,2026-06-20,1,0,1
24427,2026-07-11,5,3,4
24428,2026-07-02,16,14,8
24429,2026-07-07,4,2,3
24432,2026-08-14,10,2,2
24434,2026-08-01,4,0,1
24435,2026-08-08,2,0,1
24436,2026-06-19,3,2,2
24437,2026-06-21,5,3,3
24438,2026-07-28,9,7,3
24439,2026-07-31,7,3,2
24440,2026-08-16,9,0,1
24441,2026-08-19,2,0,1
24442,2026-06-20,3,2,2
24443,2026-06-26,9,7,5
24444,2026-07-14,3,1,2
24445,2026-07-18,2,0,1
24446,2026-06-28,11,8,4
24447,2026-07-04,10,7,4
24448,2026-06-19,1,0,1
24449,2026-06-21,3,1,2
24456,2026-06-24,3,1,2
24457,2026-06-28,6,4,3
24458,2026-07-02,4,2,3
24459,2026-07-31,8,5,4
24460,2026-08-03,2,0,1
24467,2026-06-18,1,0,1
24470,2026-07-06,1,0,1
24472,2026-07-10,3,1,2
24473,2026-07-13,2,0,1
24474,2026-06-18,1,0,1
24477,2026-06-30,6,4,3
24478,2026-06-20,2,0,1
24479,2026-06-25,2,0,1
24487,2026-06-25,4,2,3
24488,2026-06-29,4,2,3
24489,2026-08-06,5,3,3
24490,2026-08-10,6,3,4
24491,2026-06-26,5,3,2
24492,2026-07-01,2,0,1
24493,2026-06-30,8,6,5
24494,2026-07-05,10,8,5
24495,2026-06-20,1,0,1
24496,2026-06-26,11,9,6
24498,2026-06-20,2,0,1
24500,2026-07-13,3,1,2
24501,2026-07-17,3,1,2
24502,2026-06-25,3,1,2
24503,2026-07-25,7,5,3
24504,2026-07-29,6,3,4
24507,2026-07-04,8,6,5
24508,2026-06-19,1,0,1
24509,2026-06-23,4,2,3
24510,2026-06-19,1,0,1
24512,2026-06-21,1,0,1
24513,2026-06-23,7,2,3
24514,2026-06-30,5,3,4
24515,2026-06-20,1,0,1
24518,2026-06-20,1,0,1
24519,2026-07-22,2,0,1
24520,2026-07-28,2,0,1
24521,2026-06-19,2,1,2
24522,2026-06-19,4,0,1
24523,2026-06-21,4,0,1
24524,2026-06-19,1,0,1
24525,2026-07-23,1,0,1
24526,2026-07-28,2,0,1
24527,2026-06-28,3,0,1
24528,2026-06-20,1,0,1
24529,2026-06-28,8,3,2
24530,2026-07-05,9,7,5
24531,2026-07-09,4,2,2
24532,2026-07-11,7,5,4
24533,2026-06-21,4,3,4
24534,2026-06-21,7,5,5
24537,2026-06-25,8,6,5
24538,2026-06-29,13,8,8
24539,2026-07-14,2,0,1
24540,2026-07-17,3,1,2
24541,2026-07-25,3,1,2
24542,2026-07-20,3,1,2
24543,2026-08-21,15,6,3
24545,2026-07-16,6,4,4
24546,2026-06-23,5,1,2
24547,2026-08-10,9,2,2
24548,2026-06-22,5,2,2
24549,2026-06-27,2,0,1
24554,2026-07-10,4,2,2
24555,2026-07-13,4,1,2
24556,2026-07-18,2,0,1
24557,2026-06-29,5,3,3
24558,2026-06-28,5,0,1
24559,2026-06-19,1,0,1
24562,2026-07-03,8,5,5
24563,2026-07-14,5,3,3
24564,2026-06-30,4,2,3
24565,2026-07-05,4,2,2
24566,2026-07-05,6,4,3
24570,2026-08-14,9,2,2
24576,2026-06-28,2,0,1
24577,2026-07-05,2,0,1
24578,2026-06-28,2,0,1
24579,2026-07-05,4,2,2
24580,2026-06-24,5,2,3
24581,2026-06-28,4,2,3
24582,2026-06-30,3,0,1
24583,2026-07-02,8,5,4
24584,2026-07-05,3,1,2
24585,2026-07-09,11,7,5
24588,2026-07-18,2,0,1
24589,2026-07-25,3,1,2
24590,2026-07-03,8,1,2
24591,2026-07-07,11,9,7
24592,2026-07-01,6,4,5
24593,2026-07-06,3,1,2
24596,2026-07-02,6,4,4
24597,2026-07-07,3,1,2
24598,2026-07-30,8,6,3
24599,2026-07-26,3,0,1
24602,2026-06-26,10,8,4
24603,2026-06-29,6,4,5
24604,2026-08-03,2,0,1
24605,2026-06-28,4,2,2
24606,2026-07-03,4,1,2
24607,2026-07-05,3,1,2
24612,2026-07-09,6,3,4
24613,2026-07-15,5,3,3
24614,2026-07-19,8,6,5
24615,2026-07-29,6,4,5
24616,2026-06-26,11,9,6
24617,2026-07-02,7,5,4
24618,2026-06-28,1,0,1
24619,2026-07-08,5,3,4
24620,2026-06-24,2,0,1
24621,2026-06-30,7,3,3
24622,2026-07-07,8,5,4
24623,2026-08-08,3,0,1
24624,2026-08-16,4,2,3
24625,2026-06-26,13,11,6
24626,2026-07-06,4,1,2
24627,2026-06-27,4,2,3
24628,2026-08-05,9,6,4
24629,2026-07-01,1,0,1
24630,2026-07-05,7,4,4
24631,2026-06-21,2,0,1
24632,2026-08-03,8,6,6
24633,2026-08-08,5,3,3
24635,2026-07-12,6,4,4
24636,2026-07-16,3,0,1
24637,2026-06-23,5,3,4
24638,2026-06-28,2,0,1
24639,2026-06-27,1,0,1
24640,2026-08-03,8,6,5
24641,2026-08-13,6,2,2
24642,2026-07-27,6,4,3
24643,2026-07-31,6,2,2
24644,2026-06-24,5,1,2
24645,2026-07-06,1,0,1
24647,2026-06-25,4,2,3
24648,2026-07-02,3,0,1
24651,2026-07-07,5,3,4
24652,2026-07-11,4,2,3
24653,2026-07-04,3,0,1
24654,2026-06-21,3,1,2
24655,2026-06-23,4,2,3
24656,2026-06-30,5,3,3
24657,2026-06-21,7,5,4
24658,2026-08-11,13,8,4
24659,2026-08-16,3,1,2
24660,2026-06-23,7,4,3
24661,2026-07-03,5,1,2
24662,2026-06-22,8,6,6
24663,2026-07-09,5,4,4
24664,2026-07-13,4,1,2
24665,2026-06-28,12,9,7
24666,2026-07-02,3,0,1
24671,2026-07-19,7,4,3
24672,2026-07-25,2,0,1
24675,2026-06-21,1,0,1
24676,2026-06-27,2,0,1
24677,2026-08-11,6,3,3
24678,2026-08-14,5,3,2
24681,2026-06-24,4,2,3
24682,2026-06-30,6,4,4
24684,2026-06-22,8,4,4
24685,2026-06-26,3,1,2
24688,2026-06-21,3,2,2
24689,2026-06-24,4,2,2
24690,2026-06-23,1,0,1
24691,2026-07-23,2,0,1
24692,2026-07-27,2,0,1
24693,2026-06-22,6,4,4
24694,2026-06-27,2,0,1
24697,2026-07-08,2,1,2
24698,2026-07-13,4,1,2
24699,2026-06-20,4,3,2
24700,2026-06-21,3,2,2
24701,2026-07-07,3,1,2
24702,2026-06-28,1,0,1
24703,2026-07-05,5,0,1
24706,2026-06-25,2,0,1
24707,2026-06-30,6,3,3
24710,2026-07-23,3,1,2
24711,2026-07-28,3,1,2
24714,2026-08-06,2,0,1
24715,2026-08-16,2,0,1
24716,2026-07-12,2,0,1
24717,2026-06-21,4,3,4
24718,2026-06-25,2,0,1
24721,2026-07-04,4,2,3
24724,2026-06-21,3,0,1
24725,2026-06-25,3,1,2
24726,2026-06-29,3,1,2
24727,2026-07-04,2,0,1
24730,2026-06-21,1,0,1
24731,2026-06-26,4,2,3
24732,2026-07-04,6,4,5
24735,2026-08-09,3,1,2
24736,2026-06-24,4,2,2
24737,2026-06-28,2,0,1
24740,2026-07-28,8,6,5
24741,2026-07-02,4,2,2
24744,2026-08-20,8,0,1
24746,2026-07-17,12,9,6
24747,2026-07-19,3,1,1
24754,2026-06-30,5,4,3
24755,2026-07-04,7,4,4
24756,2026-06-28,3,2,2
24757,2026-07-05,2,0,1
24758,2026-08-19,14,2,2
24762,2026-06-22,1,0,1
24763,2026-06-27,4,2,1
24766,2026-06-28,2,0,1
24767,2026-08-08,3,0,1
24768,2026-08-13,4,2,3
24769,2026-07-01,9,7,6
24770,2026-07-09,4,2,2
24771,2026-06-24,2,0,1
24772,2026-06-28,4,1,2
24775,2026-06-23,5,3,3
24784,2026-07-15,4,2,1
24785,2026-07-19,4,2,3
24788,2026-06-22,4,2,2
24791,2026-06-29,6,4,4
24792,2026-07-03,11,9,6
24796,2026-06-22,1,0,1
24797,2026-06-27,1,0,1
24798,2026-06-30,12,10,4
24799,2026-07-08,5,3,4
24805,2026-06-22,2,0,1
24806,2026-06-26,2,0,1
24807,2026-06-29,5,2,2
24808,2026-07-03,6,3,3
24812,2026-06-22,3,2,2
24813,2026-06-25,5,3,3
24814,2026-06-24,4,2,3
24815,2026-08-06,6,4,5
24816,2026-08-18,3,1,2
24823,2026-07-25,3,0,1
24824,2026-08-01,2,0,1
24827,2026-07-03,4,2,1
24828,2026-07-08,4,2,2
24829,2026-06-23,1,0,1
24830,2026-06-27,2,0,1
24834,2026-06-25,5,3,2
24836,2026-07-25,9,7,5
24837,2026-07-31,10,8,6
24838,2026-06-30,4,2,3
24839,2026-06-24,6,1,2
24840,2026-06-24,4,0,1
24845,2026-06-26,7,5,5
24846,2026-06-30,6,4,5
24847,2026-08-01,5,2,2
24849,2026-08-01,8,3,4
24850,2026-08-06,2,0,1
24851,2026-07-08,8,6,5
24852,2026-07-12,2,0,1
24853,2026-07-14,2,0,1
24854,2026-07-21,3,0,1
24855,2026-08-14,5,3,4
24856,2026-06-22,1,0,1
24858,2026-07-28,4,1,2
24861,2026-07-28,5,3,4
24862,2026-08-03,2,0,1
24867,2026-07-20,6,3,3
24868,2026-07-24,2,0,1
24869,2026-07-15,5,2,2
24870,2026-06-30,10,8,7
24871,2026-07-05,6,3,3
24873,2026-06-23,2,1,2
24874,2026-07-02,5,3,3
24875,2026-07-10,3,1,2
24876,2026-06-29,4,1,2
24877,2026-07-03,8,4,4
24878,2026-08-15,9,3,4
24879,2026-08-19,2,0,1
24881,2026-06-25,4,2,3
24888,2026-07-26,3,1,2
24889,2026-07-14,6,3,4
24890,2026-07-22,2,0,1
24891,2026-07-09,5,4,3
24892,2026-07-14,4,0,1
24893,2026-06-28,5,3,3
24894,2026-07-03,4,2,1
24895,2026-07-04,4,2,3
24896,2026-07-08,4,2,3
24897,2026-06-25,9,7,5
24898,2026-06-30,6,4,4
24901,2026-06-25,6,4,3
24902,2026-06-27,4,2,2
24903,2026-07-01,2,0,1
24905,2026-07-27,7,5,5
24906,2026-07-29,4,2,3
24907,2026-06-26,3,1,2
24908,2026-06-29,5,3,3
24909,2026-07-18,3,0,1
24910,2026-07-25,5,1,2
24911,2026-07-25,4,2,2
24912,2026-08-01,3,1,2
24913,2026-07-10,4,1,2
24914,2026-07-13,2,0,1
24917,2026-07-25,4,1,2
24918,2026-07-31,4,1,2
24923,2026-06-25,6,1,2
24924,2026-07-02,13,8,6
24925,2026-06-27,2,0,1
24926,2026-07-01,4,2,3
24927,2026-07-06,4,2,3
24928,2026-07-10,3,1,2
24929,2026-06-28,7,4,2
24930,2026-07-03,13,11,6
24933,2026-06-26,4,2,3
24934,2026-07-12,2,0,1
24935,2026-07-16,7,5,5
24940,2026-07-24,2,0,1
24941,2026-08-01,4,2,3
24942,2026-06-29,3,1,2
24943,2026-08-02,6,4,4
24944,2026-08-08,2,0,1
24945,2026-07-02,7,4,4
24946,2026-06-26,13,11,6
24947,2026-07-02,5,3,4
24948,2026-07-16,5,3,3
24949,2026-07-18,4,2,3
24950,2026-07-15,5,3,3
24951,2026-06-23,2,1,2
24954,2026-07-18,4,2,2
24955,2026-06-29,2,0,1
24956,2026-07-03,2,0,1
24961,2026-06-26,5,2,2
24962,2026-07-05,6,4,5
24963,2026-06-23,1,0,1
24964,2026-07-01,4,2,3
24965,2026-07-03,6,5,4
24966,2026-08-15,8,2,3
24969,2026-06-26,6,4,4
24970,2026-07-26,5,3,3
24971,2026-08-02,5,3,4
24972,2026-07-13,3,0,1
24973,2026-06-25,6,5,2
24975,2026-07-02,2,0,1
24976,2026-06-25,3,1,2
24977,2026-07-01,3,1,2
24978,2026-06-27,5,3,3
24979,2026-07-20,3,2,2
24980,2026-07-23,4,2,2
24983,2026-06-30,4,2,3
24984,2026-07-05,2,0,1
24987,2026-06-26,7,5,5
24988,2026-07-23,6,4,4
24989,2026-07-28,3,1,2
24990,2026-06-26,2,0,1
24991,2026-06-29,7,5,5
24992,2026-06-26,5,2,2
24993,2026-07-26,3,1,2
24994,2026-07-31,4,2,3
24995,2026-08-07,2,0,1
24996,2026-08-13,10,5,5
24997,2026-08-03,4,2,3
24998,2026-08-07,4,2,3
24999,2026-07-01,4,2,3
25000,2026-07-06,4,2,3
25006,2026-07-07,11,5,4
25008,2026-07-13,3,0,1
25009,2026-07-12,3,0,1
25010,2026-07-19,5,3,3
25015,2026-07-13,2,0,1
25016,2026-07-15,3,1,2
25017,2026-06-25,2,0,1
25018,2026-06-28,5,2,2
25019,2026-07-19,2,0,1
25020,2026-07-24,3,1,2
25022,2026-07-01,9,7,5
25023,2026-07-08,2,0,1
25024,2026-06-30,2,0,1
25025,2026-07-08,2,0,1
25026,2026-07-12,2,0,1
25029,2026-08-01,5,2,2
25030,2026-06-24,2,0,1
25031,2026-06-30,5,3,4
25032,2026-07-05,5,2,2
25033,2026-07-01,2,0,1
25034,2026-07-07,6,4,4
25037,2026-06-26,2,0,1
25038,2026-07-11,4,2,3
25039,2026-07-16,4,2,2
25040,2026-07-19,6,4,3
25043,2026-06-27,1,0,1
25044,2026-07-05,5,3,3
25045,2026-06-27,4,2,3
25046,2026-07-06,2,0,1
25047,2026-07-03,5,3,4
25048,2026-07-11,2,0,1
25051,2026-07-05,4,0,1
25052,2026-07-09,8,6,6
25053,2026-06-24,2,1,2
25054,2026-07-22,2,0,1
25055,2026-07-29,5,2,2
25056,2026-06-27,2,1,2
25057,2026-07-05,7,5,4
25058,2026-08-14,5,3,3
25059,2026-07-10,3,1,2
25060,2026-07-17,3,1,2
25061,2026-06-25,3,1,2
25065,2026-07-06,4,1,2
25066,2026-06-27,8,6,4
25067,2026-07-01,9,5,3
25068,2026-07-05,3,1,2
25069,2026-06-25,5,3,2
25070,2026-07-09,11,9,5
25071,2026-07-13,3,0,1
25072,2026-07-18,5,3,3
25073,2026-08-21,9,3,4
25079,2026-06-26,22,20,9
25080,2026-07-03,8,6,4
25081,2026-08-01,6,3,3
25082,2026-08-09,2,0,1
25083,2026-06-30,5,4,3
25084,2026-07-04,2,0,1
25085,2026-06-28,12,6,5
25086,2026-07-03,4,3,2
25087,2026-06-24,3,1,2
25088,2026-06-28,1,0,1
25090,2026-06-24,9,5,2
25091,2026-06-24,2,0,1
25092,2026-06-29,6,4,4
25093,2026-07-09,3,1,2
25096,2026-08-08,6,2,2
25097,2026-08-12,3,1,2
25098,2026-07-02,4,1,2
25099,2026-06-29,2,0,1
25100,2026-06-24,2,0,1
25101,2026-06-26,9,4,5
25102,2026-06-28,5,3,2
25105,2026-07-03,6,4,5
25106,2026-06-27,2,0,1
25107,2026-07-01,2,0,1
25108,2026-08-12,5,0,1
25110,2026-07-06,6,4,5
25111,2026-07-07,10,5,4
25112,2026-07-13,4,1,2
25113,2026-07-16,3,1,2
25114,2026-08-13,11,1,2
25115,2026-08-18,3,0,1
25116,2026-07-12,7,5,3
25117,2026-07-17,6,4,5
25120,2026-06-24,2,0,1
25123,2026-07-04,3,0,1
25126,2026-07-06,12,10,8
25127,2026-07-13,3,2,2
25129,2026-07-04,7,5,3
25130,2026-07-11,4,0,1
25131,2026-07-11,5,2,3
25134,2026-06-24,1,0,1
25135,2026-06-27,2,0,1
25138,2026-07-23,3,0,1
25145,2026-06-27,2,0,1
25146,2026-07-03,5,3,3
25147,2026-07-05,7,4,3
25148,2026-07-11,2,0,1
25149,2026-06-27,1,0,1
25150,2026-07-05,6,4,3
25159,2026-07-03,7,5,2
25160,2026-07-09,2,0,1
25161,2026-07-08,3,1,2
25162,2026-07-10,3,1,2
25163,2026-07-19,6,4,5
25164,2026-06-30,3,1,2
25165,2026-07-07,7,5,5
25166,2026-06-27,6,3,3
25167,2026-06-27,3,1,2
25168,2026-06-30,8,6,4
25169,2026-06-30,6,4,5
25170,2026-06-26,5,3,3
25171,2026-07-03,3,1,2
25174,2026-08-03,8,6,6
25180,2026-07-21,6,3,3
25181,2026-07-28,5,1,2
25182,2026-07-08,4,2,3
25183,2026-08-09,2,0,1
25184,2026-08-15,2,0,1
25189,2026-07-03,4,1,2
25190,2026-07-06,3,1,2
25191,2026-07-08,2,0,1
25192,2026-07-10,4,2,2
25193,2026-06-30,8,6,3
25198,2026-07-17,3,2,2
25199,2026-07-26,9,7,2
25204,2026-07-23,3,2,2
25205,2026-07-26,8,5,5
25208,2026-06-26,4,2,2
25209,2026-07-03,6,4,5
25210,2026-08-01,2,0,1
25211,2026-08-03,1,0,1
25213,2026-06-25,1,0,1
25214,2026-06-29,5,3,4
25215,2026-08-10,4,3,3
25216,2026-06-25,6,5,4
25217,2026-07-05,4,2,3
25218,2026-06-25,1,0,1
25225,2026-08-15,8,1,2
25227,2026-08-21,2,0,1
25228,2026-06-28,5,3,3
25229,2026-07-03,2,0,1
25231,2026-07-22,10,6,4
25232,2026-06-26,6,4,2
25233,2026-07-02,5,3,3
25234,2026-07-05,2,0,1
25235,2026-07-13,7,4,4
25240,2026-07-01,3,1,2
25247,2026-06-27,5,3,2
25248,2026-06-30,4,2,3
25249,2026-07-23,2,0,1
25250,2026-06-26,12,10,5
25251,2026-07-03,3,0,1
25260,2026-06-27,2,1,2
25261,2026-07-01,7,4,4
25262,2026-07-23,2,0,1
25263,2026-07-26,5,2,3
25264,2026-06-26,1,0,1
25265,2026-06-29,4,2,2
25266,2026-07-06,4,3,4
25267,2026-07-22,2,1,2
25272,2026-06-29,2,0,1
25273,2026-07-04,3,1,2
25278,2026-06-26,5,2,3
25279,2026-06-29,2,0,1
25280,2026-06-25,2,1,2
25282,2026-06-28,1,0,1
25283,2026-07-02,2,0,1
25287,2026-07-07,11,3,2
25288,2026-06-26,4,2,2
25289,2026-07-10,3,1,2
25292,2026-08-06,3,1,2
25293,2026-08-10,3,2,3
25294,2026-07-18,2,0,1
25295,2026-07-24,2,0,1
25296,2026-06-28,2,1,2
25299,2026-07-14,3,1,2
25300,2026-07-10,6,3,3
25301,2026-07-18,5,0,1
25304,2026-06-29,2,0,1
25305,2026-07-05,6,4,4
25306,2026-07-02,6,4,3
25307,2026-07-07,3,1,2
25310,2026-07-11,5,2,2
25311,2026-07-18,2,0,1
25312,2026-06-30,3,1,2
25313,2026-07-07,3,1,2
25314,2026-07-14,7,5,4
25315,2026-07-16,7,5,3
25316,2026-07-25,3,0,1
25317,2026-08-01,4,1,2
25318,2026-07-12,2,0,1
25319,2026-07-16,5,2,3
25320,2026-07-17,12,10,7
25323,2026-06-26,3,1,1
25330,2026-07-02,3,1,2
25331,2026-07-11,2,0,1
25334,2026-07-12,2,0,1
25335,2026-07-13,4,1,2
25336,2026-07-19,4,1,2
25346,2026-07-18,4,2,3
25347,2026-07-26,3,0,1
25348,2026-07-04,7,4,3
25349,2026-07-21,3,0,1
25350,2026-07-25,3,0,1
25354,2026-06-26,1,0,1
25355,2026-06-29,3,1,2
25356,2026-07-17,2,0,1
25359,2026-06-28,6,4,3
25360,2026-07-03,3,1,2
25363,2026-06-30,13,11,6
25366,2026-08-01,4,2,2
25367,2026-08-04,2,0,1
25368,2026-08-13,17,4,5
25369,2026-08-17,4,2,3
25381,2026-07-01,4,2,3
25382,2026-07-09,2,0,1
25383,2026-07-04,4,2,2
25384,2026-07-07,6,4,4
25385,2026-06-29,5,3,3
25386,2026-07-04,3,1,2
25387,2026-07-19,3,1,2
25388,2026-07-21,4,1,2
25390,2026-08-11,2,0,1
25391,2026-08-16,2,0,1
25393,2026-06-28,6,4,5
25394,2026-07-02,2,0,1
25395,2026-07-22,10,8,3
25400,2026-08-03,1,0,1
25401,2026-08-11,8,6,3
25402,2026-06-27,3,2,1
25403,2026-08-05,5,3,2
25410,2026-06-26,4,0,1
25411,2026-06-29,4,1,2
25412,2026-07-26,2,0,1
25413,2026-08-01,2,0,1
25414,2026-06-28,5,3,4
25415,2026-08-16,2,0,1
25418,2026-07-31,8,6,3
25422,2026-07-15,3,1,2
25423,2026-07-21,3,1,2
25426,2026-07-11,1,0,1
25427,2026-07-18,2,0,1
25428,2026-06-26,2,1,2
25429,2026-06-28,2,0,1
25433,2026-06-29,6,4,3
25434,2026-08-15,2,0,1
25435,2026-06-28,3,0,1
25438,2026-06-27,3,0,1
25441,2026-07-11,6,3,3
25442,2026-07-16,5,3,3
25443,2026-07-04,6,4,4
25444,2026-07-12,2,0,1
25451,2026-07-12,4,2,1
25452,2026-07-19,12,8,5
25453,2026-07-02,3,2,2
25454,2026-07-07,4,2,3
25455,2026-08-04,7,5,4
25456,2026-08-07,5,3,4
25459,2026-07-10,2,0,1
25460,2026-07-13,6,3,3
25461,2026-07-18,3,1,2
25464,2026-08-17,10,2,3
25468,2026-07-20,2,0,1
25469,2026-07-24,2,0,1
25470,2026-06-28,3,0,1
25471,2026-07-03,6,4,5
25472,2026-06-27,4,2,3
25473,2026-07-02,5,2,3
25474,2026-08-01,3,0,1
25475,2026-08-05,5,3,3
25476,2026-07-04,5,2,3
25477,2026-07-04,9,6,6
25478,2026-06-29,4,2,3
25479,2026-07-02,2,0,1
25480,2026-08-15,12,0,1
25481,2026-08-19,2,0,1
25482,2026-06-28,11,9,6
25483,2026-07-02,4,1,2
25484,2026-08-12,13,1,2
25486,2026-06-27,2,0,1
25495,2026-07-02,4,2,2
25496,2026-07-07,6,4,3
25499,2026-07-22,4,0,1
25500,2026-07-27,4,1,2
25503,2026-07-05,2,0,1
25504,2026-07-10,2,0,1
25508,2026-07-26,7,5,4
25509,2026-07-31,7,5,5
25510,2026-06-29,7,5,5
25511,2026-07-05,6,2,2
25512,2026-07-14,2,0,1
25513,2026-07-03,5,3,3
25514,2026-07-13,4,2,3
25517,2026-06-27,5,3,3
25518,2026-07-01,3,1,2
25519,2026-06-28,1,0,1
25520,2026-07-04,4,2,3
25521,2026-06-27,3,0,1
25522,2026-07-02,2,0,1
25531,2026-07-25,2,0,1
25532,2026-07-29,3,1,2
25533,2026-07-24,4,2,2
25534,2026-07-27,3,1,2
25535,2026-06-27,2,0,1
25536,2026-08-02,3,1,2
25537,2026-08-10,4,3,3
25539,2026-07-26,3,1,2
25540,2026-08-20,10,1,2
25541,2026-07-31,2,0,1
25542,2026-08-08,3,1,2
25545,2026-07-06,3,1,2
25546,2026-07-09,7,5,5
25553,2026-08-01,5,2,2
25555,2026-06-29,5,3,4
25556,2026-07-16,7,4,4
25567,2026-08-18,11,5,5
25569,2026-06-28,3,1,2
25570,2026-07-12,3,1,2
25571,2026-07-20,15,9,5
25572,2026-07-18,2,0,1
25573,2026-07-25,5,2,3
25574,2026-06-28,7,4,3
25575,2026-07-03,4,1,2
25579,2026-06-29,4,2,2
25580,2026-06-29,3,1,2
25581,2026-08-01,2,0,1
25582,2026-08-06,5,3,3
25584,2026-06-29,15,13,5
25589,2026-07-02,5,3,3
25590,2026-07-06,2,0,1
25591,2026-06-28,4,3,3
25592,2026-08-13,12,2,2
25593,2026-08-20,8,5,4
25594,2026-08-07,7,2,2
25595,2026-07-18,2,0,1
25596,2026-07-25,3,1,2
25598,2026-07-12,2,0,1
25599,2026-07-18,3,1,2
25600,2026-08-20,8,2,3
25605,2026-06-28,1,0,1
25606,2026-07-02,4,2,3
25609,2026-08-11,3,1,2
25610,2026-08-20,2,0,1
25612,2026-07-21,3,1,2
25613,2026-06-28,4,2,2
25614,2026-07-02,9,6,4
25617,2026-07-01,4,2,2
25618,2026-07-07,3,0,1
25625,2026-08-15,18,5,4
25626,2026-08-18,3,0,1
25631,2026-07-02,6,4,4
25632,2026-07-02,2,0,1
25633,2026-07-06,6,4,5
25634,2026-08-03,2,0,1
25635,2026-07-11,2,0,1
25636,2026-07-09,3,2,2
25637,2026-07-17,2,0,1
25638,2026-07-02,10,4,3
25639,2026-06-28,1,0,1
25640,2026-08-12,5,0,1
25641,2026-08-18,2,0,1
25642,2026-07-16,6,4,4
25643,2026-07-23,5,3,3
25651,2026-06-28,1,0,1
25652,2026-07-05,2,0,1
25657,2026-06-28,2,1,2
25658,2026-06-29,2,0,1
25659,2026-06-28,1,0,1
25660,2026-07-04,12,10,7
25663,2026-06-29,2,0,1
25664,2026-07-04,2,0,1
25665,2026-07-06,2,0,1
25666,2026-07-13,8,4,3
25671,2026-07-08,1,0,1
25672,2026-07-11,2,0,1
25674,2026-07-10,9,0,1
25675,2026-06-28,3,2,3
25676,2026-07-02,5,3,2
25677,2026-07-09,5,2,2
25678,2026-07-10,5,3,4
25679,2026-07-04,5,3,3
25680,2026-07-13,4,1,2
25685,2026-07-12,2,0,1
25686,2026-07-18,8,5,6
25687,2026-06-29,7,3,4
25690,2026-07-01,2,0,1
25691,2026-07-06,4,2,3
25692,2026-06-30,5,3,4
25693,2026-07-08,3,0,1
25694,2026-07-05,2,0,1
25695,2026-07-12,3,1,2
25700,2026-07-02,3,1,2
25701,2026-07-06,5,3,2
25702,2026-06-28,1,0,1
25703,2026-08-09,4,2,2
25704,2026-08-15,3,1,2
25705,2026-07-05,2,0,1
25706,2026-07-15,3,1,2
25707,2026-07-20,3,1,2
25708,2026-07-01,12,11,6
25709,2026-07-03,6,4,2
25710,2026-07-11,3,1,1
25711,2026-07-12,7,5,3
25712,2026-07-16,4,1,2
25715,2026-07-13,3,0,1
25716,2026-07-17,2,0,1
25717,2026-07-16,2,0,1
25718,2026-07-20,8,5,4
25724,2026-07-19,2,0,1
25725,2026-07-07,8,6,5
25726,2026-07-12,5,2,3
25727,2026-07-11,4,2,2
25728,2026-07-15,4,1,2
25729,2026-07-24,3,0,1
25730,2026-07-05,2,0,1
25731,2026-07-11,10,7,4
25732,2026-07-06,4,2,2
25733,2026-07-11,3,1,2
25734,2026-07-09,2,0,1
25735,2026-07-14,5,3,3
25742,2026-06-30,2,0,1
25743,2026-07-31,2,0,1
25744,2026-07-24,4,2,3
25745,2026-08-03,2,0,1
25748,2026-07-05,5,0,1
25749,2026-07-03,2,0,1
25750,2026-07-11,3,1,2
25751,2026-07-18,5,3,4
25752,2026-07-20,8,6,3
25753,2026-07-25,4,1,2
25754,2026-07-31,3,1,2
25755,2026-08-08,3,2,2
25758,2026-07-04,2,0,1
25762,2026-07-16,2,0,1
25763,2026-07-19,4,2,3
25766,2026-07-05,2,0,1
25767,2026-07-08,3,0,1
25769,2026-07-15,5,3,2
25772,2026-07-03,6,4,3
25773,2026-07-06,8,6,4
25774,2026-07-03,11,9,4
25775,2026-07-09,5,3,4
25776,2026-07-03,4,2,2
25777,2026-07-08,3,1,2
25778,2026-08-20,12,1,2
25780,2026-07-07,4,2,2
25781,2026-07-15,2,0,1
25796,2026-07-16,3,1,2
25797,2026-07-15,2,0,1
25800,2026-07-11,4,3,3
25801,2026-07-18,2,1,2
25802,2026-07-29,3,1,2
25803,2026-08-06,6,4,3
25806,2026-07-04,3,1,2
25807,2026-07-09,5,3,3
25808,2026-07-19,7,5,5
25815,2026-07-30,7,4,5
25816,2026-08-05,6,4,2
25817,2026-06-29,2,0,1
25818,2026-08-01,5,3,3
25819,2026-07-01,4,2,3
25820,2026-07-07,6,4,4
25821,2026-07-20,2,1,1
25822,2026-07-20,3,2,2
25825,2026-07-15,2,0,1
25826,2026-07-21,4,2,2
25827,2026-07-25,4,0,1
25828,2026-07-26,4,2,2
25829,2026-08-02,2,0,1
25832,2026-07-03,2,0,1
25833,2026-08-11,14,1,2
25834,2026-08-17,4,2,3
25835,2026-07-20,4,2,2
25836,2026-07-25,3,1,2
25838,2026-07-02,4,2,2
25841,2026-07-02,14,10,6
25842,2026-07-05,8,6,3
25843,2026-07-12,2,0,1
25844,2026-07-20,3,1,2
25845,2026-08-03,5,2,2
25846,2026-07-06,2,0,1
25847,2026-07-11,3,1,2
25851,2026-07-11,8,6,6
25852,2026-06-29,1,0,1
25854,2026-08-06,2,0,1
25855,2026-08-11,7,4,3
25858,2026-07-09,4,2,2
25859,2026-07-03,4,2,1
25860,2026-07-12,3,1,2
25861,2026-07-21,11,6,5
25866,2026-07-22,2,0,1
25867,2026-07-26,8,2,3
25868,2026-06-30,6,5,6
25869,2026-07-10,5,3,4
25870,2026-07-18,2,0,1
25871,2026-07-07,3,1,2
25872,2026-07-15,2,0,1
25878,2026-07-26,5,3,3
25879,2026-07-30,3,1,2
25880,2026-08-16,6,0,1
25882,2026-07-22,6,4,4
25883,2026-07-25,5,2,2
25884,2026-08-01,2,0,1
25885,2026-07-09,5,3,3
25886,2026-07-18,3,1,2
25887,2026-07-03,1,0,1
25888,2026-07-11,3,1,2
25889,2026-07-01,2,0,1
25892,2026-07-08,2,0,1
25893,2026-07-12,2,0,1
25894,2026-07-04,1,0,1
25895,2026-07-09,2,0,1
25896,2026-08-02,7,4,2
25897,2026-08-07,11,8,7
25898,2026-07-05,3,1,2
25899,2026-07-11,2,0,1
25902,2026-07-06,4,2,3
25903,2026-07-09,3,1,2
25904,2026-07-06,3,1,2
25905,2026-07-10,3,1,2
25907,2026-07-31,5,3,3
25908,2026-08-08,2,0,1
25913,2026-07-31,4,0,1
25914,2026-07-15,13,6,5
25915,2026-07-25,5,3,3
25916,2026-07-18,2,0,1
25917,2026-08-02,6,2,3
25918,2026-08-09,2,0,1
25919,2026-07-13,5,2,2
25920,2026-07-19,6,2,3
25925,2026-07-25,6,4,2
25926,2026-07-31,2,0,1
25929,2026-07-01,2,0,1
25930,2026-07-05,7,3,3
25931,2026-08-07,6,3,3
25932,2026-08-09,6,2,3
25933,2026-08-16,5,2,1
25934,2026-08-09,6,2,3
25935,2026-08-16,4,2,1
25936,2026-08-18,12,0,1
25940,2026-07-22,2,0,1
25941,2026-07-26,7,4,3
25942,2026-08-14,8,3,2
25943,2026-07-12,4,2,2
25944,2026-07-22,3,0,1
25945,2026-07-26,3,0,1
25946,2026-07-25,8,6,2
25947,2026-07-11,5,3,3
25948,2026-07-18,3,0,1
25950,2026-07-07,2,0,1
25951,2026-08-21,10,3,4
25953,2026-07-31,3,1,2
25954,2026-08-03,3,1,2
25957,2026-07-01,3,1,2
25962,2026-07-03,8,6,4
25963,2026-07-17,4,2,3
25964,2026-07-01,3,1,2
25965,2026-07-10,2,0,1
25966,2026-07-21,5,3,3
25968,2026-07-05,5,0,1
25969,2026-07-10,3,0,1
25970,2026-07-10,3,0,1
25971,2026-07-18,3,0,1
25972,2026-06-30,5,2,2
25973,2026-07-07,4,2,3
25974,2026-07-16,3,1,2
25977,2026-07-09,4,2,1
25978,2026-07-12,2,0,1
25979,2026-08-13,9,1,2
25981,2026-07-29,6,4,4
25982,2026-07-31,5,2,3
25986,2026-07-14,11,8,5
25987,2026-07-22,4,2,1
25988,2026-07-03,11,9,4
25993,2026-07-02,5,3,3
25994,2026-07-04,2,0,1
25997,2026-07-02,5,3,3
25998,2026-07-05,5,3,3
26001,2026-07-27,5,3,3
26006,2026-07-04,4,2,2
26007,2026-07-10,11,8,7
26016,2026-07-03,3,2,2
26017,2026-07-07,7,4,4
26018,2026-07-22,4,0,1
26019,2026-07-28,3,0,1
26020,2026-06-30,3,1,2
26021,2026-07-18,4,2,2
26022,2026-07-25,6,2,2
26025,2026-07-02,1,0,1
26028,2026-06-30,5,1,2
26029,2026-07-01,1,0,1
26030,2026-07-01,2,1,2
26035,2026-07-05,4,2,2
26036,2026-07-10,4,2,2
26045,2026-07-15,7,2,2
26046,2026-07-22,3,0,1
26049,2026-07-07,6,4,4
26050,2026-07-11,4,2,3
26055,2026-07-11,4,1,2
26064,2026-07-05,5,3,4
26065,2026-07-12,2,0,1
26066,2026-07-16,4,2,2
26070,2026-07-12,3,1,2
26073,2026-07-14,3,1,2
26074,2026-07-21,2,0,1
26077,2026-07-06,4,2,2
26078,2026-07-12,2,0,1
26080,2026-07-09,2,0,1
26081,2026-07-13,3,0,1
26087,2026-08-16,5,0,1
26091,2026-07-06,3,1,2
26092,2026-07-10,5,3,3
26101,2026-08-08,5,3,2
26102,2026-08-13,5,3,3
26111,2026-07-20,5,2,2
26112,2026-07-24,5,3,3
26113,2026-08-10,2,1,2
26114,2026-08-16,4,2,2
26115,2026-07-03,2,0,1
26116,2026-07-10,3,1,2
26119,2026-07-06,14,11,5
26120,2026-07-12,10,7,6
26121,2026-07-25,5,3,3
26122,2026-08-01,4,1,2
26125,2026-07-18,1,0,1
26126,2026-07-20,2,1,2
26134,2026-07-02,11,6,5
26135,2026-07-31,2,0,1
26136,2026-08-09,4,2,1
26137,2026-08-01,5,0,1
26138,2026-08-08,3,1,2
26145,2026-07-23,2,0,1
26146,2026-07-26,5,3,2
26160,2026-07-22,3,1,2
26161,2026-07-26,2,0,1
26162,2026-07-27,5,3,4
26163,2026-08-03,9,5,4
26166,2026-07-05,4,2,2
26167,2026-07-09,5,2,2
26168,2026-08-17,12,2,3
26174,2026-07-05,3,1,2
26175,2026-07-11,4,0,1
26176,2026-07-11,3,0,1
26177,2026-07-12,6,4,2
26178,2026-07-17,4,2,3
26184,2026-08-14,3,0,1
26185,2026-08-17,3,0,1
26186,2026-07-26,4,2,2
26187,2026-07-31,7,5,3
26195,2026-07-03,4,2,2
26198,2026-07-05,3,2,2
26201,2026-07-29,3,0,1
26202,2026-08-01,4,1,2
26203,2026-07-16,2,0,1
26204,2026-07-22,2,0,1
26205,2026-07-12,3,0,1
26206,2026-07-18,9,4,5
26210,2026-07-13,5,1,2
26211,2026-07-02,5,3,3
26212,2026-07-07,7,5,4
26213,2026-07-11,2,0,1
26214,2026-07-14,4,2,3
26215,2026-07-19,2,0,1
26216,2026-07-25,2,0,1
26218,2026-07-05,2,0,1
26219,2026-07-12,3,0,1
26220,2026-07-13,2,0,1
26221,2026-07-20,6,3,3
26222,2026-07-04,8,5,3
26223,2026-07-10,3,0,1
26224,2026-07-07,4,2,3
26225,2026-07-11,5,1,2
26226,2026-08-03,4,3,3
26227,2026-08-07,2,0,1
26228,2026-07-25,3,1,2
26229,2026-07-28,2,0,1
26230,2026-07-11,7,5,4
26231,2026-07-18,2,0,1
26232,2026-08-09,6,4,4
26233,2026-08-15,4,2,3
26234,2026-07-06,6,5,5
26235,2026-07-09,15,12,8
26236,2026-07-12,2,0,1
26238,2026-08-05,5,3,3
26239,2026-08-08,3,1,2
26240,2026-07-11,6,3,3
26241,2026-07-19,5,2,2
26248,2026-07-03,5,3,3
26249,2026-07-05,8,6,6
26256,2026-07-01,4,2,1
26257,2026-07-05,2,0,1
26258,2026-07-03,9,7,4
26259,2026-07-22,2,0,1
26260,2026-07-19,3,2,2
26261,2026-07-12,3,1,2
26264,2026-07-12,2,0,1
26265,2026-07-17,5,3,2
26268,2026-08-12,10,2,1
26269,2026-08-16,2,0,1
26270,2026-07-07,1,0,1
26271,2026-07-08,1,0,1
26278,2026-07-30,2,0,1
26286,2026-07-02,3,2,2
26289,2026-07-30,5,3,3
26292,2026-07-30,5,3,2
26296,2026-07-26,4,2,3
26297,2026-07-31,2,0,1
26308,2026-07-08,2,0,1
26309,2026-07-17,8,6,4
26315,2026-07-15,5,3,2
26316,2026-07-21,2,0,1
26320,2026-07-02,3,2,3
26321,2026-07-05,3,1,2
26324,2026-07-03,4,1,2
26325,2026-07-05,3,0,1
26326,2026-08-02,2,0,1
26327,2026-08-06,3,1,2
26328,2026-07-04,7,5,5
26329,2026-07-09,7,5,3
26331,2026-07-16,6,4,4
26332,2026-07-20,3,1,2
26333,2026-07-26,9,6,2
26334,2026-08-02,4,2,2
26335,2026-07-03,7,4,3
26336,2026-07-04,5,2,3
26337,2026-07-11,3,0,1
26352,2026-07-02,1,0,1
26355,2026-07-02,5,2,2
26356,2026-07-06,3,1,2
26357,2026-07-09,3,1,2
26358,2026-07-07,3,1,2
26359,2026-07-02,1,0,1
26362,2026-08-07,9,4,4
26365,2026-07-19,2,1,2
26366,2026-07-29,3,1,2
26367,2026-07-02,1,0,1
26368,2026-07-30,9,7,5
26369,2026-08-06,4,0,1
26370,2026-07-23,6,4,3
26371,2026-07-26,4,2,3
26372,2026-07-28,5,3,3
26373,2026-08-02,10,8,4
26374,2026-07-02,4,3,2
26375,2026-07-14,6,4,5
26376,2026-07-20,5,2,3
26379,2026-07-03,6,5,3
26380,2026-07-09,4,2,3
26387,2026-08-18,2,1,2
26388,2026-07-12,2,0,1
26389,2026-07-18,8,2,3
26391,2026-07-15,3,0,1
26392,2026-07-20,5,2,3
26397,2026-07-18,3,0,1
26398,2026-07-20,2,0,1
26399,2026-08-16,10,2,2
26400,2026-08-21,9,6,6
26403,2026-07-05,5,2,2
26408,2026-07-30,3,0,1
26411,2026-07-03,1,0,1
26412,2026-07-16,3,1,2
26413,2026-07-23,2,0,1
26414,2026-07-05,5,2,2
26415,2026-07-09,2,0,1
26416,2026-08-01,5,2,2
26419,2026-07-05,2,0,1
26424,2026-08-08,11,9,5
26425,2026-08-15,6,3,3
26426,2026-07-13,4,2,3
26427,2026-07-06,2,0,1
26428,2026-07-08,2,0,1
26429,2026-07-10,5,2,2
26438,2026-07-05,4,0,1
26443,2026-07-05,2,0,1
26444,2026-07-11,5,2,2
26447,2026-07-14,2,0,1
26452,2026-08-14,6,0,1
26453,2026-08-17,4,2,3
26456,2026-07-13,3,0,1
26457,2026-07-17,2,0,1
26458,2026-07-24,4,2,3
26459,2026-07-31,5,2,3
26460,2026-08-02,4,1,2
26461,2026-07-22,3,1,2
26462,2026-07-23,7,5,3
26463,2026-07-06,4,2,3
26464,2026-07-11,2,0,1
26469,2026-07-31,2,0,1
26470,2026-08-05,2,0,1
26473,2026-07-03,3,2,2
26474,2026-07-23,8,4,4
26475,2026-07-27,12,7,5
26476,2026-07-19,2,0,1
26477,2026-07-21,2,0,1
26479,2026-07-20,4,0,1
26480,2026-07-28,2,0,1
26483,2026-08-08,7,4,3
26484,2026-08-12,4,2,3
26485,2026-07-05,3,0,1
26486,2026-07-08,2,0,1
26487,2026-07-03,2,0,1
26488,2026-07-03,8,0,1
26491,2026-08-01,3,1,2
26492,2026-08-08,3,2,2
26495,2026-07-20,4,1,2
26496,2026-07-24,4,0,1
26499,2026-07-16,3,1,2
26500,2026-07-18,12,9,5
26501,2026-07-03,2,0,1
26504,2026-07-05,7,5,3
26505,2026-08-18,9,0,1
26511,2026-08-08,2,0,1
26512,2026-07-31,4,2,2
26513,2026-08-04,4,2,2
26514,2026-07-18,3,1,2
26515,2026-07-26,3,0,1
26516,2026-07-13,3,1,2
26517,2026-07-19,2,0,1
26520,2026-07-09,4,2,1
26521,2026-07-13,3,0,1
26523,2026-08-07,4,0,1
26527,2026-08-06,5,3,3
26528,2026-07-30,5,3,3
26529,2026-08-04,3,1,2
26530,2026-07-07,4,2,3
26536,2026-07-06,1,0,1
26537,2026-07-10,1,0,1
26538,2026-07-04,3,1,2
26539,2026-07-12,3,0,1
26541,2026-07-30,8,6,4
26542,2026-08-04,3,1,2
26543,2026-07-24,3,1,2
26544,2026-07-04,3,2,3
26545,2026-07-12,3,1,2
26546,2026-07-18,3,1,2
26549,2026-08-14,22,5,4
26552,2026-07-18,3,0,1
26553,2026-07-24,4,0,1
26556,2026-08-16,18,4,3
26557,2026-08-19,5,3,2
26561,2026-07-04,1,0,1
26565,2026-07-31,3,0,1
26566,2026-07-03,1,0,1
26568,2026-07-08,6,4,3
26569,2026-07-30,5,3,4
26570,2026-08-02,3,1,2
26571,2026-07-11,2,0,1
26572,2026-08-01,6,4,2
26573,2026-08-07,2,0,1
26580,2026-07-21,6,4,3
26581,2026-07-23,7,5,5
26583,2026-07-04,1,0,1
26588,2026-07-11,4,2,2
26589,2026-07-15,5,1,2
26592,2026-07-13,2,0,1
26593,2026-07-18,5,1,2
26600,2026-08-02,7,6,4
26601,2026-08-10,3,2,2
26602,2026-08-17,16,5,5
26604,2026-08-11,15,4,3
26606,2026-07-08,7,5,5
26607,2026-07-13,3,0,1
26612,2026-07-27,4,1,2
26613,2026-07-31,2,0,1
26614,2026-07-05,1,0,1
26615,2026-07-11,6,4,5
26616,2026-07-28,12,7,5
26617,2026-08-01,4,1,2
26625,2026-07-24,3,0,1
26628,2026-07-12,4,1,2
26629,2026-07-16,7,4,4
26630,2026-07-08,2,0,1
26633,2026-08-12,11,0,1
26634,2026-08-17,4,2,3
26641,2026-07-05,3,1,2
26642,2026-07-11,4,2,3
26646,2026-07-05,2,0,1
26660,2026-07-04,3,0,1
26661,2026-07-05,2,0,1
26662,2026-07-16,2,0,1
26664,2026-08-10,3,2,2
26665,2026-08-01,16,13,6
26666,2026-08-06,3,1,2
26667,2026-07-19,2,0,1
26668,2026-07-24,3,1,2
26673,2026-07-16,3,1,2
26674,2026-07-22,2,0,1
26677,2026-07-08,4,2,3
26678,2026-07-14,4,2,3
26679,2026-07-23,4,1,2
26680,2026-07-29,5,2,3
26681,2026-07-18,8,6,4
26682,2026-07-22,2,0,1
26687,2026-07-17,2,0,1
26688,2026-07-27,2,0,1
26689,2026-07-31,2,0,1
26692,2026-07-04,1,0,1
26693,2026-07-13,3,1,2
26694,2026-07-11,5,3,4
26700,2026-07-11,7,5,4
26701,2026-07-18,4,1,2
26702,2026-07-07,3,0,1
26703,2026-07-12,5,2,3
26704,2026-07-11,2,0,1
26705,2026-07-04,6,5,4
26711,2026-07-29,2,1,2
26712,2026-08-08,1,0,1
26717,2026-07-05,1,0,1
26718,2026-07-12,4,2,3
26719,2026-07-09,4,2,3
26720,2026-07-15,2,0,1
26721,2026-08-07,5,3,3
26722,2026-08-11,3,0,1
26729,2026-07-05,2,0,1
26730,2026-07-06,11,8,7
26731,2026-07-11,2,0,1
26732,2026-07-31,4,2,1
26733,2026-08-08,2,0,1
26734,2026-07-05,1,0,1
26735,2026-07-10,4,1,2
26738,2026-07-05,2,0,1
26739,2026-07-13,3,0,1
26741,2026-07-08,3,1,2
26742,2026-07-05,3,2,2
26743,2026-07-10,5,3,3
26746,2026-07-05,3,2,2
26750,2026-07-08,4,2,3
26751,2026-07-10,3,1,2
26752,2026-07-05,1,0,1
26753,2026-07-19,5,4,1
26754,2026-07-22,2,0,1
26760,2026-07-07,1,0,1
26761,2026-08-02,7,5,3
26762,2026-08-06,9,6,5
26765,2026-07-06,10,8,4
26766,2026-07-12,7,3,3
26767,2026-07-07,4,0,1
26774,2026-07-17,8,5,5
26775,2026-07-26,7,5,6
26776,2026-07-06,3,0,1
26777,2026-08-05,3,1,2
26778,2026-08-10,3,2,2
26785,2026-07-10,6,4,4
26786,2026-07-13,3,0,1
26793,2026-07-24,2,0,1
26796,2026-07-07,4,2,2
26797,2026-07-20,2,0,1
26798,2026-07-22,6,3,4
26800,2026-07-10,3,0,1
26803,2026-07-09,4,2,3
26807,2026-07-06,2,0,1
26812,2026-07-23,2,0,1
26813,2026-08-01,2,0,1
26816,2026-08-01,4,2,2
26817,2026-08-05,7,4,3
26819,2026-07-06,2,1,2
26822,2026-07-06,8,6,4
26823,2026-07-14,7,5,4
26824,2026-07-06,2,0,1
26825,2026-07-11,9,5,5
26829,2026-07-07,3,1,2
26834,2026-07-10,2,0,1
26835,2026-07-13,3,0,1
26836,2026-08-10,3,1,2
26837,2026-08-18,2,0,1
26838,2026-08-09,2,0,1
26839,2026-08-16,4,2,2
26840,2026-08-21,10,2,2
26842,2026-07-05,1,0,1
26843,2026-07-08,4,2,2
26844,2026-07-12,2,0,1
26847,2026-07-13,3,0,1
26848,2026-07-19,3,1,2
26849,2026-08-11,17,4,4
26850,2026-08-18,3,1,2
26851,2026-08-06,3,1,2
26852,2026-08-10,4,3,3
26856,2026-07-10,2,0,1
26857,2026-07-15,3,1,2
26858,2026-07-20,2,0,1
26859,2026-07-06,6,5,5
26861,2026-08-04,5,3,3
26862,2026-08-12,3,1,2
26864,2026-07-06,3,2,3
26865,2026-07-06,1,0,1
26866,2026-07-11,4,2,2
26869,2026-08-01,2,0,1
26870,2026-08-08,7,5,3
26871,2026-07-06,1,0,1
26876,2026-07-06,3,2,2
26877,2026-07-07,2,0,1
26878,2026-07-10,2,0,1
26881,2026-08-12,8,0,1
26882,2026-08-20,2,0,1
26883,2026-08-07,3,1,2
26884,2026-08-10,4,3,3
26885,2026-07-12,2,0,1
26886,2026-07-18,2,0,1
26887,2026-07-07,2,0,1
26888,2026-07-14,8,6,4
26892,2026-08-09,3,1,2
26893,2026-08-13,6,3,3
26894,2026-07-07,1,0,1
26898,2026-07-11,3,1,2
26899,2026-07-07,1,0,1
26900,2026-07-11,10,7,7
26901,2026-07-14,9,6,7
26904,2026-07-15,2,0,1
26905,2026-07-06,1,0,1
26907,2026-07-18,2,0,1
26908,2026-07-26,4,2,1
26910,2026-07-21,2,0,1
26911,2026-07-25,4,2,3
26922,2026-07-16,4,1,2
26923,2026-07-06,3,2,2
26924,2026-07-09,4,2,3
26929,2026-07-17,2,0,1
26930,2026-07-27,5,3,4
26933,2026-07-12,4,1,2
26934,2026-07-18,4,2,2
26935,2026-07-30,3,1,2
26936,2026-08-05,9,7,4
26939,2026-07-13,4,0,1
26942,2026-07-26,2,0,1
26943,2026-07-11,1,0,1
26944,2026-07-19,2,0,1
26945,2026-07-18,4,1,2
26946,2026-07-22,7,5,3
26948,2026-08-06,4,1,2
26949,2026-07-16,3,1,1
26951,2026-08-01,5,2,1
26952,2026-08-07,5,3,4
26953,2026-08-07,3,1,2
26956,2026-07-09,9,7,5
26957,2026-07-11,2,0,1
26958,2026-07-16,5,3,3
26959,2026-07-14,2,0,1
26960,2026-07-20,5,3,4
26963,2026-07-20,5,2,3
26964,2026-07-23,2,0,1
26965,2026-08-13,4,2,3
26966,2026-08-15,2,0,1
26967,2026-07-21,2,0,1
26968,2026-07-25,6,4,4
26972,2026-08-21,3,1,2
26980,2026-07-12,3,1,2
26981,2026-07-13,3,1,2
26984,2026-07-23,2,0,1
26985,2026-07-27,2,0,1
26988,2026-07-11,3,0,1
26989,2026-07-18,4,2,2
26990,2026-07-10,5,2,3
26991,2026-07-31,2,0,1
26992,2026-08-05,6,1,2
26993,2026-07-17,4,2,3
26996,2026-08-02,3,1,2
26997,2026-08-09,4,2,2
27002,2026-07-12,5,3,4
27003,2026-07-17,11,8,7
27004,2026-08-01,4,2,2
27005,2026-08-04,3,0,1
27006,2026-08-10,3,1,2
27007,2026-08-04,3,0,1
27008,2026-08-10,4,0,1
27009,2026-07-06,3,2,2
27012,2026-07-11,4,2,3
27013,2026-07-18,4,2,3
27017,2026-07-29,2,0,1
27018,2026-08-05,9,7,6
27019,2026-07-21,3,0,1
27024,2026-07-25,3,1,2
27025,2026-08-01,4,2,1
27028,2026-07-14,9,6,6
27029,2026-07-18,7,5,4
27030,2026-08-19,17,5,4
27039,2026-07-18,7,5,4
27040,2026-07-21,4,2,2
27041,2026-08-13,9,0,1
27042,2026-08-16,2,0,1
27046,2026-07-18,4,1,2
27047,2026-07-08,4,2,3
27048,2026-07-15,3,1,2
27049,2026-07-06,4,2,2
27051,2026-07-09,7,5,5
27052,2026-07-15,2,0,1
27056,2026-07-22,3,1,2
27057,2026-07-28,4,2,2
27059,2026-07-07,1,0,1
27060,2026-07-09,6,4,4
27061,2026-07-11,2,0,1
27062,2026-07-14,2,0,1
27068,2026-08-10,2,0,1
27069,2026-08-15,10,5,3
27070,2026-07-22,4,2,2
27073,2026-08-11,4,1,2
27074,2026-08-18,2,0,1
27075,2026-07-07,7,3,3
27076,2026-07-12,2,0,1
27079,2026-07-09,5,3,3
27080,2026-07-15,2,0,1
27081,2026-07-29,3,0,1
27082,2026-08-11,4,2,2
27084,2026-08-04,5,2,1
27091,2026-08-08,5,3,3
27092,2026-08-13,7,5,5
27093,2026-07-26,6,4,4
27094,2026-08-01,3,1,2
27096,2026-08-11,3,0,1
27097,2026-08-15,4,1,2
27098,2026-07-09,13,11,6
27099,2026-07-09,7,5,4
27103,2026-07-07,3,2,3
27104,2026-07-12,2,0,1
27108,2026-07-30,7,5,5
27111,2026-08-04,2,0,1
27112,2026-08-08,5,3,3
27115,2026-07-08,4,3,3
27120,2026-08-02,5,4,4
27121,2026-08-16,3,2,3
27122,2026-07-19,2,1,2
27125,2026-08-04,7,5,4
27126,2026-08-11,4,2,2
27127,2026-07-11,5,3,2
27128,2026-07-15,4,2,2
27129,2026-08-09,2,0,1
27130,2026-08-16,3,1,2
27131,2026-08-15,13,0,1
27132,2026-08-19,3,1,2
27133,2026-07-27,5,3,3
27134,2026-08-07,3,1,2
27139,2026-07-13,2,0,1
27140,2026-07-19,3,1,2
27143,2026-08-09,7,4,3
27144,2026-08-14,3,0,1
27145,2026-08-15,4,1,2
27154,2026-07-09,2,0,1
27155,2026-07-12,7,5,3
27156,2026-07-08,2,0,1
27157,2026-07-09,6,4,5
27160,2026-07-12,8,6,3
27167,2026-08-01,10,7,5
27172,2026-07-09,7,5,4
27179,2026-07-31,5,1,2
27180,2026-07-12,2,0,1
27181,2026-07-18,4,2,3
27197,2026-07-15,3,1,2
27198,2026-07-20,5,3,3
27203,2026-08-09,2,0,1
27204,2026-08-14,6,4,5
27211,2026-07-10,6,4,4
27212,2026-07-17,4,1,2
27215,2026-07-11,3,2,2
27219,2026-07-20,2,0,1
27220,2026-07-29,4,2,3
27221,2026-08-02,11,6,3
27224,2026-07-18,3,0,1
27229,2026-07-11,5,3,3
27230,2026-07-18,2,0,1
27233,2026-07-09,4,2,2
27234,2026-08-15,14,5,4
27235,2026-08-21,4,2,2
27236,2026-07-13,3,0,1
27239,2026-07-30,5,3,4
27240,2026-08-05,2,0,1
27247,2026-07-17,2,0,1
27248,2026-07-19,10,8,5
27251,2026-07-08,1,0,1
27252,2026-07-14,4,2,2
27257,2026-07-17,9,6,5
27258,2026-08-10,9,5,4
27265,2026-08-16,12,2,2
27276,2026-07-08,1,0,1
27277,2026-07-27,5,2,2
27278,2026-07-08,1,0,1
27279,2026-07-08,3,0,1
27280,2026-08-05,2,0,1
27281,2026-08-03,1,0,1
27282,2026-08-09,3,1,2
27290,2026-08-07,3,1,2
27297,2026-07-29,6,4,4
27298,2026-08-03,5,3,3
27301,2026-07-24,6,1,2
27302,2026-07-22,4,1,2
27303,2026-07-09,2,0,1
27306,2026-07-13,3,0,1
27307,2026-07-17,3,0,1
27308,2026-07-18,7,4,3
27309,2026-07-24,3,1,2
27314,2026-08-17,3,0,1
27315,2026-08-21,7,5,6
27316,2026-07-16,4,2,3
27317,2026-07-19,4,2,2
27320,2026-07-21,9,6,4
27321,2026-07-28,4,2,2
27323,2026-07-11,10,8,5
27325,2026-07-10,7,2,1
27326,2026-07-10,3,1,2
27327,2026-07-17,2,0,1
27330,2026-07-10,2,0,1
27331,2026-07-13,3,0,1
27332,2026-07-11,7,1,2
27335,2026-07-21,5,3,3
27336,2026-07-27,4,2,3
27337,2026-07-23,5,2,2
27338,2026-07-26,4,2,3
27339,2026-07-11,2,0,1
27340,2026-07-18,3,1,2
27353,2026-07-19,7,4,3
27354,2026-07-22,2,0,1
27357,2026-07-15,3,1,2
27358,2026-07-17,7,5,6
27359,2026-07-20,10,7,5
27367,2026-08-17,10,1,2
27368,2026-08-21,4,2,3
27373,2026-07-14,6,4,4
27374,2026-07-18,3,1,2
27376,2026-07-26,2,0,1
27377,2026-08-02,14,8,3
27384,2026-08-16,13,4,3
27385,2026-08-21,3,1,2
27386,2026-07-09,1,0,1
27393,2026-08-08,13,10,5
27394,2026-08-13,6,4,5
27397,2026-08-16,15,2,2
27401,2026-07-09,1,0,1
27402,2026-07-14,4,2,3
27403,2026-08-15,12,2,2
27405,2026-07-11,4,2,2
27406,2026-07-17,12,10,6
27407,2026-07-10,3,1,2
27408,2026-07-15,2,0,1
27409,2026-07-12,7,3,2
27410,2026-07-18,9,6,5
27411,2026-07-10,5,3,4
27412,2026-07-18,3,1,2
27413,2026-07-22,3,1,2
27414,2026-08-14,2,0,1
27415,2026-08-14,2,0,1
27416,2026-08-14,2,0,1
27419,2026-08-17,3,1,2
27420,2026-08-17,3,1,2
27421,2026-08-17,3,1,2
27432,2026-07-17,1,0,1
27433,2026-07-23,2,0,1
27434,2026-08-01,3,1,2
27442,2026-07-15,3,1,2
27443,2026-07-22,2,0,1
27445,2026-08-09,1,0,1
27446,2026-08-13,5,3,4
27449,2026-07-15,4,0,1
27450,2026-07-19,7,5,4
27451,2026-07-16,3,1,2
27452,2026-07-19,6,2,2
27453,2026-07-22,4,2,1
27456,2026-07-19,9,5,3
27457,2026-07-22,2,0,1
27459,2026-07-12,2,0,1
27460,2026-07-17,3,1,2
27463,2026-07-10,2,0,1
27464,2026-07-17,8,3,3
27467,2026-08-17,9,1,2
27473,2026-07-18,2,0,1
27474,2026-07-25,8,3,4
27475,2026-07-13,2,0,1
27476,2026-07-21,2,0,1
27477,2026-07-15,6,4,4
27478,2026-07-20,4,1,2
27481,2026-08-04,4,2,2
27482,2026-08-12,5,3,3
27483,2026-07-13,3,0,1
27490,2026-07-11,2,0,1
27491,2026-07-18,2,0,1
27494,2026-07-30,4,0,1
27499,2026-07-19,9,7,6
27500,2026-07-25,5,2,3
27503,2026-07-11,4,2,2
27504,2026-07-18,7,4,4
27509,2026-07-08,2,0,1
27512,2026-07-14,3,0,1
27513,2026-07-26,3,2,2
27514,2026-07-28,3,1,2
27515,2026-08-04,4,1,2
27516,2026-08-08,3,0,1
27517,2026-08-12,2,0,1
27518,2026-08-18,7,0,1
27524,2026-07-12,2,0,1
27525,2026-07-18,8,6,5
27532,2026-07-15,2,0,1
27533,2026-07-30,4,2,2
27534,2026-08-04,2,0,1
27535,2026-08-18,8,1,2
27537,2026-08-08,7,4,3
27538,2026-08-15,9,2,2
27541,2026-08-01,11,9,6
27542,2026-08-06,6,4,4
27544,2026-07-09,1,0,1
27546,2026-07-14,4,2,3
27547,2026-07-24,2,0,1
27548,2026-07-11,11,8,5
27549,2026-07-18,11,8,7
27550,2026-07-25,3,1,2
27551,2026-08-01,4,2,3
27552,2026-08-06,2,0,1
27555,2026-08-06,5,2,2
27556,2026-08-15,2,0,1
27557,2026-07-17,6,1,2
27558,2026-07-11,3,0,1
27559,2026-07-14,2,0,1
27566,2026-07-25,4,2,3
27567,2026-08-01,2,0,1
27569,2026-07-22,4,2,3
27570,2026-07-29,11,8,6
27571,2026-07-16,4,2,3
27572,2026-07-20,4,2,2
27579,2026-08-18,10,0,1
27581,2026-07-12,3,1,2
27582,2026-07-17,2,0,1
27583,2026-07-19,3,1,2
27584,2026-07-24,3,1,2
27585,2026-08-07,2,0,1
27586,2026-08-11,4,2,2
27587,2026-07-15,3,1,2
27588,2026-07-16,2,0,1
27589,2026-07-16,4,2,3
27590,2026-07-17,3,1,2
27591,2026-07-17,4,0,1
27592,2026-07-18,2,0,1
27593,2026-08-06,2,0,1
27594,2026-07-25,5,0,1
27595,2026-07-10,1,0,1
27597,2026-07-25,5,2,2
27598,2026-07-15,4,2,1
27599,2026-07-22,2,0,1
27600,2026-07-25,2,0,1
27601,2026-08-01,6,1,2
27606,2026-08-04,2,0,1
27607,2026-07-22,2,0,1
27608,2026-07-12,11,9,5
27609,2026-07-18,2,0,1
27616,2026-07-16,9,3,4
27617,2026-07-19,4,2,3
27618,2026-07-11,6,5,4
27619,2026-07-17,5,2,3
27626,2026-07-18,6,3,2
27627,2026-07-18,7,5,5
27628,2026-07-30,3,1,2
27629,2026-08-02,7,6,2
27634,2026-08-08,3,2,1
27639,2026-07-11,8,5,5
27640,2026-07-17,3,0,1
27641,2026-07-13,3,0,1
27642,2026-07-18,2,0,1
27643,2026-07-12,4,2,2
27644,2026-07-17,5,3,3
27650,2026-07-14,2,0,1
27651,2026-07-23,6,3,3
27652,2026-08-01,5,3,3
27653,2026-08-08,3,1,2
27654,2026-07-18,3,1,2
27655,2026-07-25,5,1,2
27656,2026-07-27,3,1,2
27657,2026-07-10,1,0,1
27658,2026-08-02,2,0,1
27659,2026-08-03,5,2,3
27660,2026-08-07,2,0,1
27663,2026-08-02,2,0,1
27664,2026-08-09,2,0,1
27665,2026-07-12,2,0,1
27671,2026-07-10,2,1,2
27674,2026-07-10,2,0,1
27679,2026-08-18,11,0,1
27681,2026-07-10,7,0,1
27682,2026-08-02,4,1,2
27685,2026-08-13,11,1,2
27688,2026-08-17,13,5,3
27694,2026-08-09,2,0,1
27695,2026-08-15,2,0,1
27699,2026-07-12,10,5,4
27700,2026-07-15,3,0,1
27705,2026-08-05,4,2,3
27706,2026-07-14,4,2,2
27707,2026-08-01,10,8,5
27708,2026-08-09,2,0,1
27709,2026-07-11,5,3,3
27710,2026-07-16,5,2,2
27715,2026-07-18,5,2,2
27716,2026-07-25,3,1,2
27719,2026-07-17,8,6,5
27730,2026-08-10,2,0,1
27731,2026-08-15,8,6,5
27732,2026-07-15,2,0,1
27733,2026-07-18,6,4,5
27738,2026-07-22,4,2,2
27739,2026-08-04,2,0,1
27740,2026-08-07,3,0,1
27743,2026-07-11,5,0,1
27744,2026-07-19,5,3,3
27745,2026-07-11,2,0,1
27746,2026-07-19,2,0,1
27747,2026-07-13,9,0,1
27752,2026-07-14,4,2,3
27753,2026-07-19,4,2,2
27755,2026-07-11,1,0,1
27756,2026-07-18,2,0,1
27762,2026-07-20,2,0,1
27763,2026-07-24,2,0,1
27764,2026-07-19,4,2,2
27769,2026-08-08,3,1,2
27770,2026-08-12,4,2,3
27771,2026-07-15,1,0,1
27775,2026-07-16,3,1,2
27776,2026-07-12,2,0,1
27777,2026-07-17,2,0,1
27779,2026-07-16,4,2,2
27780,2026-07-29,4,2,2
27781,2026-08-05,4,1,2
27786,2026-07-14,2,0,1
27787,2026-07-23,10,3,3
27788,2026-07-14,5,3,3
27789,2026-07-23,11,2,1
27790,2026-07-24,5,3,3
27791,2026-07-28,5,3,3
27794,2026-08-18,11,2,2
27796,2026-07-12,2,0,1
27797,2026-07-17,3,1,2
27798,2026-07-15,6,4,5
27799,2026-07-19,7,4,5
27800,2026-07-11,3,2,2
27801,2026-07-25,2,0,1
27806,2026-07-18,3,1,2
27807,2026-07-22,4,2,2
27821,2026-08-07,2,0,1
27822,2026-08-07,3,0,1
27823,2026-07-28,7,3,4
27824,2026-07-31,3,0,1
27825,2026-08-03,3,1,2
27826,2026-07-19,3,2,2
27827,2026-07-26,4,2,3
27828,2026-07-31,2,0,1
27829,2026-07-20,11,6,3
27830,2026-07-29,3,1,2
27831,2026-07-26,10,5,4
27832,2026-08-02,3,1,2
27844,2026-07-29,7,5,3
27845,2026-08-03,15,10,4
27846,2026-07-25,2,0,1
27853,2026-07-12,3,0,1
27858,2026-08-03,2,0,1
27859,2026-08-10,2,0,1
27864,2026-07-15,4,2,2
27866,2026-07-22,4,2,2
27868,2026-07-12,6,3,3
27869,2026-08-01,2,0,1
27870,2026-08-05,3,1,2
27871,2026-07-24,4,2,2
27872,2026-07-31,3,1,2
27873,2026-07-27,8,6,5
27874,2026-08-03,8,6,5
27877,2026-08-03,7,1,2
27878,2026-08-07,3,0,1
27879,2026-07-11,1,0,1
27880,2026-07-12,2,0,1
27881,2026-07-18,2,0,1
27883,2026-08-11,4,2,2
27884,2026-07-12,3,1,2
27885,2026-07-19,4,2,2
27889,2026-07-18,6,4,4
27890,2026-07-25,2,0,1
27892,2026-08-20,6,0,1
27899,2026-07-22,2,0,1
27900,2026-07-25,2,0,1
27901,2026-07-12,3,0,1
27904,2026-08-05,8,6,5
27905,2026-08-12,6,0,1
27910,2026-07-19,3,0,1
27911,2026-07-26,2,0,1
27914,2026-07-12,4,2,3
27919,2026-07-15,5,2,3
27920,2026-07-20,6,3,4
27923,2026-07-19,3,0,1
27924,2026-07-30,6,4,3
27925,2026-08-16,9,0,1
27928,2026-08-17,5,2,3
27931,2026-07-12,6,4,3
27932,2026-07-17,2,0,1
27938,2026-08-01,6,4,2
27939,2026-08-07,3,1,2
27940,2026-07-20,5,3,2
27941,2026-07-23,17,15,10
27953,2026-07-12,4,2,3
27954,2026-07-17,3,1,2
27955,2026-07-13,6,4,4
27959,2026-07-21,3,1,2
27960,2026-07-26,2,0,1
27967,2026-07-20,4,1,2
27968,2026-07-26,6,2,2
27969,2026-07-20,3,1,2
27970,2026-07-24,2,0,1
27974,2026-08-08,3,1,2
27976,2026-07-23,4,2,3
27979,2026-07-18,2,0,1
27990,2026-07-11,3,1,2
27991,2026-08-03,3,2,3
27996,2026-07-12,3,2,2
27997,2026-07-16,5,3,4
27998,2026-08-09,5,3,3
27999,2026-08-15,3,1,2
28000,2026-07-22,3,1,2
28001,2026-07-26,2,0,1
28002,2026-07-16,6,4,3
28003,2026-07-22,7,4,3
28004,2026-07-13,6,4,3
28005,2026-07-12,5,3,3
28006,2026-07-12,7,4,2
28007,2026-07-17,8,5,4
28013,2026-08-09,4,2,2
28014,2026-08-16,4,2,3
28015,2026-08-11,2,1,2
28021,2026-07-12,2,1,2
28023,2026-07-14,8,6,5
28024,2026-07-17,5,3,3
28025,2026-08-08,8,5,4
28026,2026-08-15,3,1,2
28031,2026-08-07,5,2,3
28032,2026-08-12,6,3,3
28033,2026-07-18,2,0,1
28036,2026-08-13,9,0,1
28037,2026-07-25,3,1,2
28038,2026-07-20,10,8,6
28039,2026-07-23,6,3,3
28040,2026-07-23,3,0,1
28041,2026-07-28,5,2,2
28042,2026-07-22,3,1,2
28043,2026-07-26,4,2,3
28050,2026-07-17,2,0,1
28051,2026-07-21,11,7,5
28052,2026-07-24,8,6,5
28055,2026-07-26,6,4,3
28056,2026-07-30,3,0,1
28063,2026-08-06,3,0,1
28064,2026-08-11,2,0,1
28065,2026-07-19,2,0,1
28066,2026-08-06,4,2,3
28067,2026-08-14,4,2,2
28068,2026-08-12,10,4,4
28069,2026-08-20,4,2,2
28071,2026-08-02,2,0,1
28072,2026-08-08,2,0,1
28073,2026-08-11,10,0,1
28074,2026-08-15,3,1,2
28075,2026-08-15,10,1,2
28077,2026-07-21,3,1,2
28078,2026-07-25,3,1,2
28082,2026-07-14,9,6,4
28083,2026-07-20,2,0,1
28084,2026-08-01,3,1,2
28085,2026-08-04,3,1,2
28086,2026-08-10,3,1,2
28091,2026-08-17,11,1,2
28093,2026-08-08,2,0,1
28094,2026-08-14,4,2,2
28096,2026-07-21,9,5,4
28101,2026-07-16,2,0,1
28102,2026-07-21,10,6,4
28106,2026-08-18,14,3,3
28117,2026-07-25,3,1,2
28118,2026-07-28,3,1,2
28119,2026-07-19,3,1,2
28120,2026-07-19,5,3,2
28121,2026-07-25,5,2,3
28123,2026-08-17,7,3,3
28125,2026-07-12,3,2,3
28126,2026-08-09,3,0,1
28127,2026-08-13,4,1,2
28130,2026-08-08,7,5,3
28131,2026-08-12,3,0,1
28136,2026-07-14,2,0,1
28137,2026-07-18,7,2,2
28143,2026-07-15,2,0,1
28149,2026-07-18,2,0,1
28150,2026-07-21,10,7,5
28151,2026-07-12,4,0,1
28164,2026-07-21,3,1,2
28165,2026-07-27,3,1,2
28166,2026-07-19,2,0,1
28167,2026-07-25,6,3,4
28170,2026-07-14,9,6,4
28171,2026-07-21,4,2,2
28174,2026-07-19,1,0,1
28175,2026-07-13,3,0,1
28176,2026-08-16,7,0,1
28178,2026-08-16,14,4,4
28179,2026-08-21,6,4,5
28188,2026-08-07,7,5,3
28189,2026-08-07,8,6,5
28190,2026-07-31,2,1,1
28191,2026-08-03,2,1,1
28192,2026-07-21,4,2,3
28193,2026-07-28,3,0,1
28194,2026-07-13,4,2,2
28197,2026-08-11,2,0,1
28198,2026-08-17,3,1,2
28201,2026-07-22,10,6,3
28202,2026-07-25,3,1,2
28203,2026-08-02,5,3,2
28208,2026-07-17,5,2,2
28209,2026-07-23,2,0,1
28215,2026-07-20,4,1,2
28216,2026-07-27,4,2,3
28223,2026-08-17,21,7,5
28224,2026-08-21,3,1,2
28225,2026-07-18,7,5,5
28226,2026-08-14,3,1,2
28227,2026-08-17,8,6,5
28228,2026-07-14,1,0,1
28229,2026-07-18,4,2,2
28230,2026-07-24,4,2,2
28231,2026-08-11,2,0,1
28232,2026-08-18,5,3,3
28233,2026-07-21,3,0,1
28234,2026-07-27,4,2,3
28235,2026-07-17,5,3,4
28236,2026-07-23,4,2,3
28237,2026-08-16,11,1,2
28239,2026-07-14,4,2,3
28248,2026-07-16,2,0,1
28249,2026-08-12,10,3,3
28250,2026-08-18,2,1,2
28252,2026-08-08,4,1,2
28253,2026-07-14,4,3,3
28254,2026-07-21,3,1,2
28257,2026-08-05,8,6,4
28259,2026-08-05,3,1,2
28261,2026-08-11,9,7,4
28262,2026-07-31,3,1,2
28265,2026-07-21,3,1,2
28266,2026-08-06,7,5,3
28274,2026-07-18,5,2,1
28275,2026-07-25,7,5,5
28276,2026-08-16,5,3,3
28277,2026-07-26,8,6,4
28278,2026-07-31,3,1,2
28281,2026-07-20,5,3,4
28282,2026-07-17,4,2,1
28283,2026-07-26,3,1,2
28286,2026-07-15,2,0,1
28289,2026-07-28,2,0,1
28293,2026-07-30,9,6,4
28294,2026-08-05,9,7,5
28295,2026-08-03,1,0,1
28296,2026-08-09,4,2,3
28301,2026-07-14,2,0,1
28302,2026-07-21,4,2,3
28307,2026-08-01,7,5,4
28308,2026-08-07,10,8,5
28309,2026-07-20,3,0,1
28310,2026-07-24,5,1,2
28313,2026-07-15,2,0,1
28314,2026-07-16,3,1,2
28315,2026-07-16,6,4,5
28316,2026-07-19,9,7,6
28321,2026-07-25,3,1,2
28322,2026-07-31,8,6,4
28325,2026-07-14,4,2,2
28326,2026-08-01,11,8,5
28327,2026-08-08,3,1,2
28337,2026-08-10,3,1,2
28341,2026-08-13,6,4,4
28342,2026-07-14,14,12,7
28343,2026-07-21,4,2,2
28344,2026-08-07,5,3,3
28345,2026-07-22,10,6,4
28346,2026-08-02,8,6,2
28351,2026-07-14,2,1,2
28352,2026-07-17,6,4,5
28353,2026-07-20,2,0,1
28356,2026-07-25,2,0,1
28359,2026-08-02,3,0,1
28362,2026-08-08,4,2,2
28363,2026-08-16,3,1,2
28366,2026-07-19,6,4,2
28367,2026-07-25,3,1,2
28368,2026-08-02,4,2,3
28371,2026-07-26,14,10,4
28372,2026-07-19,3,0,1
28375,2026-07-15,1,0,1
28376,2026-07-16,2,0,1
28377,2026-07-19,3,1,1
28383,2026-07-18,3,1,2
28388,2026-08-20,8,0,1
28401,2026-07-15,1,0,1
28404,2026-08-11,7,0,1
28405,2026-08-02,4,2,2
28406,2026-08-08,2,0,1
28412,2026-08-05,9,7,4
28413,2026-07-16,3,1,2
28414,2026-07-19,3,1,2
28419,2026-07-15,1,0,1
28420,2026-07-19,4,2,2
28421,2026-08-01,5,3,3
28422,2026-08-05,7,4,3
28427,2026-08-02,3,1,2
28428,2026-08-07,3,0,1
28429,2026-07-21,6,4,2
28430,2026-07-25,8,5,5
28431,2026-07-28,2,0,1
28432,2026-08-02,7,5,3
28435,2026-07-31,8,6,4
28436,2026-08-04,3,1,2
28441,2026-07-20,5,3,3
28442,2026-07-26,2,0,1
28443,2026-08-09,10,7,5
28444,2026-08-15,5,3,3
28447,2026-07-22,3,1,2
28448,2026-07-26,5,3,2
28449,2026-07-23,3,1,2
28450,2026-08-18,10,3,2
28454,2026-07-22,4,2,3
28455,2026-08-01,5,3,3
28461,2026-08-08,2,0,1
28462,2026-07-31,4,2,2
28466,2026-08-16,9,0,1
28467,2026-08-07,4,2,2
28468,2026-08-17,6,4,4
28469,2026-08-08,2,0,1
28470,2026-08-12,5,3,3
28471,2026-07-14,1,0,1
28472,2026-07-19,4,1,2
28473,2026-07-25,2,0,1
28474,2026-08-01,6,4,4
28476,2026-07-15,2,0,1
28483,2026-07-24,3,0,1
28492,2026-08-03,5,3,3
28495,2026-07-16,5,3,2
28497,2026-07-17,2,0,1
28498,2026-07-22,5,3,2
28508,2026-07-31,8,4,4
28509,2026-08-05,4,1,2
28512,2026-08-01,4,0,1
28517,2026-07-15,2,1,2
28518,2026-08-10,2,1,2
28519,2026-08-17,7,5,4
28522,2026-08-15,5,1,2
28524,2026-08-08,3,1,2
28525,2026-08-14,9,7,6
28526,2026-08-06,2,1,2
28527,2026-08-20,5,3,3
28528,2026-07-29,10,7,6
28529,2026-08-16,2,0,1
28538,2026-07-21,4,1,2
28539,2026-07-14,2,0,1
28544,2026-08-11,5,2,2
28545,2026-08-15,7,5,4
28546,2026-07-31,5,3,2
28547,2026-07-27,2,0,1
28548,2026-08-02,10,8,4
28551,2026-07-21,4,2,2
28552,2026-07-23,3,1,2
28553,2026-08-03,3,1,2
28554,2026-08-09,3,1,2
28557,2026-08-07,2,0,1
28558,2026-08-09,9,7,5
28563,2026-07-20,16,14,7
28564,2026-08-05,7,4,2
28569,2026-07-24,4,2,2
28570,2026-07-28,4,2,3
28571,2026-07-26,2,0,1
28579,2026-07-24,2,0,1
28580,2026-07-28,3,1,2
28586,2026-07-16,3,1,2
28593,2026-07-22,6,4,4
28594,2026-07-25,2,0,1
28595,2026-07-30,7,5,3
28596,2026-08-04,2,0,1
28600,2026-07-31,2,0,1
28601,2026-08-02,8,6,6
28602,2026-08-14,18,1,2
28606,2026-08-14,26,3,3
28607,2026-08-18,4,2,2
28608,2026-07-18,2,0,1
28609,2026-07-25,6,3,4
28620,2026-08-06,9,6,6
28621,2026-08-10,4,2,2
28624,2026-08-11,6,0,1
28627,2026-07-19,10,6,5
28630,2026-07-17,10,8,6
28633,2026-08-18,5,2,3
28634,2026-07-24,5,0,1
28635,2026-07-26,4,0,1
28638,2026-08-15,3,1,2
28639,2026-08-15,7,5,5
28642,2026-07-25,2,0,1
28661,2026-07-25,2,0,1
28662,2026-08-01,2,0,1
28663,2026-07-17,3,1,2
28664,2026-07-24,7,5,6
28666,2026-07-18,1,0,1
28667,2026-07-26,3,1,2
28668,2026-07-31,2,0,1
28669,2026-07-18,5,3,3
28672,2026-07-20,6,2,2
28673,2026-07-25,2,0,1
28677,2026-07-07,1,0,1
28678,2026-08-06,2,0,1
28680,2026-08-13,12,1,2
28681,2026-08-20,2,0,1
28684,2026-08-02,3,1,2
28685,2026-08-08,2,0,1
28686,2026-07-26,4,1,2
28687,2026-07-29,5,1,2
28691,2026-07-28,4,2,2
28692,2026-08-01,3,1,2
28699,2026-07-20,10,8,5
28700,2026-07-26,3,1,2
28701,2026-07-25,7,5,4
28702,2026-07-31,7,5,3
28711,2026-07-25,2,0,1
28714,2026-08-13,17,4,5
28715,2026-08-19,2,0,1
28716,2026-07-18,5,2,2
28717,2026-07-25,3,1,2
28720,2026-07-29,5,3,3
28721,2026-08-06,6,4,4
28722,2026-07-19,2,1,2
28723,2026-07-21,3,1,2
28724,2026-07-25,2,0,1
28725,2026-07-30,4,2,2
28727,2026-08-07,2,0,1
28731,2026-07-25,4,0,1
28732,2026-07-30,5,3,3
28735,2026-07-25,8,6,5
28736,2026-08-02,7,4,4
28737,2026-07-21,3,1,2
28738,2026-07-26,2,0,1
28743,2026-07-16,10,6,4
28765,2026-07-18,2,0,1
28766,2026-07-17,2,1,2
28767,2026-07-17,3,2,2
28768,2026-07-24,2,0,1
28769,2026-08-01,4,1,2
28770,2026-07-19,3,1,2
28771,2026-07-24,5,2,2
28772,2026-08-07,3,1,2
28775,2026-07-17,3,1,2
28782,2026-08-05,5,3,4
28789,2026-07-18,2,0,1
28790,2026-07-18,2,0,1
28791,2026-07-24,7,4,3
28792,2026-08-16,5,0,1
28793,2026-08-19,4,3,2
28794,2026-08-02,2,0,1
28795,2026-08-09,3,1,2
28800,2026-07-24,7,5,5
28801,2026-07-30,2,0,1
28804,2026-08-13,10,0,1
28805,2026-08-16,2,0,1
28812,2026-08-04,10,6,4
28817,2026-08-06,5,2,2
28818,2026-08-10,4,3,3
28819,2026-07-31,3,0,1
28820,2026-08-05,5,3,4
28826,2026-07-21,3,1,2
28827,2026-07-26,4,2,2
28838,2026-07-23,2,0,1
28839,2026-08-01,2,0,1
28840,2026-07-23,3,1,2
28841,2026-07-24,5,3,3
28842,2026-07-27,3,0,1
28845,2026-08-10,7,6,5
28846,2026-08-12,3,1,2
28851,2026-08-09,8,5,4
28852,2026-08-16,7,3,3
28853,2026-08-16,10,0,1
28854,2026-08-21,6,4,5
28860,2026-07-23,5,3,3
28861,2026-07-23,4,3,3
28862,2026-07-30,10,7,5
28869,2026-07-29,6,3,3
28870,2026-08-01,2,0,1
28871,2026-08-08,4,2,2
28872,2026-07-21,4,0,1
28873,2026-07-28,4,2,3
28876,2026-08-02,8,6,5
28877,2026-07-25,5,2,3
28878,2026-08-01,6,4,3
28882,2026-07-23,5,1,2
28883,2026-07-27,14,11,6
28892,2026-08-11,5,3,3
28893,2026-08-19,6,4,4
28896,2026-08-03,2,0,1
28899,2026-07-21,10,5,4
28900,2026-07-24,3,1,2
28903,2026-08-05,2,0,1
28904,2026-08-12,5,3,2
28905,2026-07-17,5,4,3
28906,2026-07-26,2,0,1
28907,2026-07-30,9,6,4
28908,2026-08-03,3,1,2
28915,2026-07-24,6,1,2
28920,2026-07-17,4,3,2
28921,2026-08-01,3,1,2
28922,2026-08-08,2,0,1
28923,2026-08-01,5,3,2
28928,2026-07-17,7,4,3
28929,2026-07-25,3,1,2
28934,2026-07-16,1,0,1
28937,2026-07-18,5,1,2
28938,2026-08-15,14,2,2
28947,2026-07-19,3,2,2
28948,2026-07-25,5,2,3
28949,2026-07-20,5,3,4
28950,2026-07-17,1,0,1
28953,2026-07-24,5,1,2
28954,2026-07-30,6,3,2
28955,2026-08-12,9,3,3
28956,2026-08-19,2,0,1
28957,2026-07-31,7,4,3
28958,2026-08-15,2,0,1
28961,2026-08-21,10,0,1
28962,2026-07-27,8,6,4
28963,2026-07-31,7,5,6
28974,2026-07-24,12,10,6
28975,2026-07-27,3,1,2
28976,2026-07-18,2,1,2
28987,2026-07-21,3,0,1
28988,2026-07-28,4,2,3
28989,2026-07-18,1,0,1
28990,2026-07-25,6,2,2
28991,2026-07-20,3,1,2
28997,2026-07-24,4,2,2
28998,2026-07-31,3,0,1
28999,2026-07-26,8,6,6
29000,2026-08-01,2,0,1
29004,2026-07-23,6,4,5
29005,2026-08-05,4,2,2
29007,2026-08-05,5,3,4
29008,2026-08-09,5,3,4
29016,2026-07-20,5,2,2
29019,2026-07-23,3,1,2
29020,2026-07-30,3,1,2
29024,2026-08-01,2,0,1
29025,2026-07-24,3,1,2
29026,2026-08-01,3,0,1
29029,2026-07-26,2,0,1
29030,2026-07-26,4,2,3
29031,2026-07-18,2,0,1
29032,2026-07-22,6,3,3
29033,2026-07-17,3,2,2
29034,2026-08-11,5,1,2
29035,2026-08-15,2,0,1
29036,2026-08-18,3,1,2
29039,2026-07-22,4,1,2
29040,2026-07-27,4,2,2
29041,2026-07-28,4,2,2
29042,2026-08-02,6,4,4
29047,2026-08-21,12,2,2
29053,2026-07-18,6,2,2
29054,2026-07-24,5,3,4
29065,2026-07-24,6,4,4
29066,2026-07-29,5,2,3
29070,2026-07-19,3,2,2
29073,2026-08-02,3,1,2
29074,2026-08-07,2,0,1
29075,2026-08-10,3,2,3
29093,2026-07-21,4,1,2
29094,2026-07-28,5,2,3
29097,2026-08-06,5,3,3
29098,2026-07-18,1,0,1
29099,2026-07-21,6,5,5
29100,2026-07-26,3,0,1
29101,2026-08-04,2,0,1
29102,2026-07-20,5,3,3
29103,2026-07-20,2,0,1
29112,2026-08-15,4,0,1
29118,2026-08-16,12,0,1
29119,2026-08-20,6,2,3
29121,2026-07-18,1,0,1
29122,2026-07-31,2,0,1
29123,2026-08-08,7,5,4
29124,2026-08-03,3,2,3
29125,2026-08-07,2,0,1
29133,2026-08-05,6,4,4
29134,2026-08-09,4,0,1
29135,2026-08-16,8,1,2
29139,2026-07-18,2,0,1
29140,2026-08-02,5,3,2
29145,2026-07-18,1,0,1
29146,2026-08-17,13,5,5
29147,2026-08-21,7,5,5
29157,2026-08-20,14,3,4
29161,2026-07-30,7,5,4
29162,2026-08-03,10,7,6
29164,2026-07-19,5,4,5
29165,2026-07-31,7,4,4
29166,2026-07-18,2,1,2
29167,2026-07-25,7,5,3
29172,2026-07-18,7,0,1
29173,2026-08-15,17,4,3
29187,2026-08-10,5,4,3
29188,2026-07-24,6,4,4
29189,2026-07-29,2,0,1
29190,2026-08-07,5,3,3
29191,2026-08-10,4,1,2
29194,2026-08-16,5,0,1
29198,2026-07-23,3,0,1
29199,2026-07-31,4,0,1
29200,2026-08-02,6,4,3
29201,2026-08-07,3,1,2
29202,2026-08-17,11,3,3
29204,2026-08-19,8,1,2
29205,2026-08-19,3,1,2
29207,2026-07-28,2,0,1
29216,2026-08-14,15,3,3
29217,2026-08-19,2,0,1
29218,2026-07-27,10,7,4
29219,2026-07-31,8,6,5
29224,2026-07-22,3,1,2
29237,2026-07-23,2,0,1
29238,2026-07-29,2,0,1
29239,2026-08-12,10,2,3
29240,2026-08-19,3,1,2
29246,2026-07-30,3,1,2
29247,2026-07-20,6,5,3
29248,2026-07-26,2,1,1
29249,2026-08-13,2,0,1
29250,2026-08-13,2,0,1
29257,2026-07-18,4,0,1
29258,2026-07-21,6,3,4
29259,2026-07-27,11,9,6
29260,2026-07-30,4,2,3
29262,2026-08-09,2,0,1
29263,2026-07-25,4,2,3
29264,2026-08-02,4,2,3
29265,2026-07-30,7,5,5
29270,2026-07-20,3,0,1
29273,2026-07-19,1,0,1
29274,2026-07-19,2,1,2
29275,2026-07-24,3,0,1
29280,2026-08-04,3,1,2
29281,2026-08-04,4,0,1
29282,2026-07-27,2,0,1
29284,2026-07-26,5,3,3
29285,2026-07-30,6,4,5
29304,2026-07-20,2,0,1
29305,2026-07-24,10,8,6
29308,2026-07-19,4,2,2
29313,2026-08-02,2,0,1
29314,2026-08-05,2,0,1
29323,2026-07-28,2,0,1
29326,2026-08-16,7,0,1
29331,2026-07-22,3,1,2
29335,2026-08-05,7,5,4
29336,2026-08-09,6,4,5
29337,2026-07-26,4,2,2
29340,2026-08-08,2,0,1
29343,2026-08-10,2,1,2
29344,2026-08-14,5,3,3
29345,2026-07-24,3,0,1
29346,2026-07-31,6,4,4
29351,2026-08-01,5,0,1
29352,2026-08-06,9,7,3
29368,2026-07-28,3,1,2
29369,2026-08-01,3,1,2
29374,2026-08-07,6,3,3
29375,2026-07-25,4,3,2
29380,2026-07-24,8,4,3
29381,2026-07-28,6,3,2
29382,2026-07-26,7,5,4
29383,2026-07-31,9,5,5
29384,2026-08-04,4,2,2
29385,2026-08-11,6,1,2
29388,2026-07-23,5,3,3
29389,2026-07-31,3,1,2
29390,2026-07-26,6,4,5
29391,2026-08-01,2,0,1
29398,2026-08-08,5,3,3
29399,2026-08-15,3,1,2
29400,2026-07-26,3,1,2
29401,2026-07-29,4,2,3
29404,2026-08-01,4,2,2
29405,2026-08-05,9,7,6
29408,2026-07-25,3,1,2
29409,2026-07-25,6,2,3
29410,2026-07-28,2,0,1
29411,2026-07-31,3,1,2
29412,2026-07-25,4,2,2
29413,2026-08-15,17,4,2
29415,2026-08-21,11,0,1
29423,2026-07-25,2,0,1
29424,2026-08-16,4,1,2
29425,2026-07-26,5,3,3
29426,2026-08-01,2,0,1
29428,2026-07-26,4,1,2
29429,2026-07-31,4,2,2
29430,2026-08-06,3,1,2
29431,2026-08-15,6,4,3
29434,2026-07-19,3,0,1
29435,2026-07-20,3,0,1
29438,2026-07-21,3,1,2
29439,2026-07-22,7,4,3
29440,2026-07-21,4,1,2
29441,2026-08-01,6,4,3
29442,2026-08-08,6,3,3
29443,2026-08-13,6,4,4
29446,2026-07-21,1,0,1
29447,2026-07-26,3,1,2
29448,2026-07-25,2,0,1
29449,2026-08-01,2,0,1
29452,2026-07-25,8,2,2
29453,2026-08-02,3,0,1
29455,2026-07-21,7,6,4
29456,2026-07-27,5,2,3
29461,2026-08-01,3,1,2
29462,2026-08-06,2,0,1
29465,2026-07-26,3,1,2
29466,2026-08-13,20,8,5
29467,2026-08-18,9,1,2
29468,2026-08-21,2,0,1
29469,2026-08-04,2,0,1
29470,2026-08-11,2,0,1
29471,2026-08-02,4,2,2
29472,2026-07-27,16,12,9
29473,2026-07-29,7,5,2
29474,2026-08-03,7,5,4
29475,2026-08-06,2,0,1
29482,2026-07-27,4,3,3
29494,2026-07-24,6,3,3
29500,2026-07-22,2,0,1
29501,2026-08-09,2,0,1
29502,2026-08-13,7,5,5
29505,2026-08-09,3,1,2
29506,2026-08-13,10,7,5
29510,2026-07-26,2,0,1
29511,2026-08-17,8,1,2
29515,2026-08-06,13,10,5
29520,2026-08-02,10,5,4
29521,2026-08-08,2,0,1
29522,2026-07-27,5,3,3
29523,2026-08-04,3,1,2
29524,2026-07-30,10,2,1
29525,2026-07-31,2,0,1
29526,2026-08-03,5,1,2
29529,2026-08-16,18,6,5
29530,2026-08-21,5,2,3
29533,2026-08-06,7,5,4
29534,2026-08-10,6,5,4
29536,2026-07-21,3,0,1
29539,2026-08-07,2,0,1
29540,2026-08-10,6,2,2
29549,2026-08-06,2,0,1
29552,2026-07-23,5,3,4
29553,2026-07-28,7,4,4
29556,2026-07-24,2,0,1
29557,2026-07-27,7,4,4
29558,2026-08-04,4,3,3
29559,2026-08-08,11,8,6
29566,2026-07-24,3,1,2
29567,2026-08-01,7,5,3
29571,2026-08-01,4,2,1
29572,2026-08-13,15,4,4
29573,2026-08-18,5,3,3
29574,2026-08-01,1,0,1
29575,2026-08-01,6,2,2
29576,2026-08-02,1,0,1
29577,2026-08-02,5,3,3
29578,2026-08-02,4,3,3
29579,2026-08-03,2,1,2
29580,2026-08-03,3,2,3
29581,2026-08-03,7,4,3
29582,2026-08-04,3,2,3
29583,2026-08-05,5,4,3
29587,2026-08-09,7,5,4
29588,2026-08-16,3,1,2
29589,2026-07-26,8,4,2
29590,2026-08-02,4,2,2
29594,2026-07-30,7,4,5
29595,2026-08-06,2,0,1
29602,2026-08-17,18,6,3
29604,2026-07-26,4,2,2
29605,2026-08-01,3,0,1
29612,2026-07-22,3,0,1
29613,2026-07-25,3,0,1
29616,2026-08-02,3,0,1
29617,2026-08-09,10,8,4
29624,2026-07-25,3,0,1
29625,2026-07-24,3,0,1
29628,2026-07-22,3,1,2
29629,2026-07-29,3,1,2
29630,2026-07-24,4,0,1
29631,2026-07-30,8,5,4
29636,2026-08-02,4,2,3
29637,2026-08-09,8,6,3
29638,2026-08-11,4,1,2
29639,2026-08-20,6,3,2
29647,2026-08-20,8,0,1
29648,2026-08-08,4,0,1
29656,2026-07-24,4,2,3
29657,2026-07-24,4,2,2
29658,2026-08-01,2,0,1
29659,2026-08-11,2,0,1
29663,2026-07-31,6,3,4
29664,2026-07-21,1,0,1
29665,2026-08-07,3,1,2
29670,2026-07-31,4,1,2
29671,2026-08-04,3,0,1
29672,2026-07-24,2,0,1
29673,2026-08-01,4,2,3
29675,2026-07-24,5,2,2
29676,2026-07-30,8,4,3
29677,2026-07-25,4,2,1
29678,2026-08-01,3,0,1
29682,2026-08-06,9,7,4
29683,2026-08-10,2,1,2
29686,2026-07-28,5,3,2
29687,2026-08-04,2,0,1
29688,2026-08-10,2,0,1
29689,2026-08-14,9,2,2
29690,2026-07-24,4,2,2
29695,2026-08-19,11,0,1
29697,2026-07-24,3,1,2
29698,2026-07-27,4,2,3
29699,2026-07-31,9,7,4
29700,2026-07-24,10,4,4
29701,2026-07-29,8,6,5
29702,2026-07-25,2,0,1
29703,2026-07-31,8,6,5
29705,2026-08-01,1,0,1
29706,2026-07-24,5,3,4
29707,2026-07-26,3,1,2
29708,2026-08-02,5,1,2
29709,2026-08-15,7,0,1
29716,2026-08-15,12,3,2
29723,2026-08-03,3,2,2
29724,2026-08-06,7,5,5
29727,2026-08-13,13,5,2
29728,2026-08-14,23,5,4
29729,2026-08-17,8,6,4
29730,2026-08-15,13,2,3
29731,2026-08-21,3,0,1
29732,2026-07-30,7,5,4
29733,2026-08-03,6,4,4
29734,2026-08-01,5,3,2
29735,2026-08-08,3,0,1
29739,2026-08-05,3,1,2
29740,2026-08-09,3,1,2
29741,2026-08-12,4,2,2
29746,2026-08-10,3,1,2
29747,2026-08-16,2,0,1
29753,2026-08-07,9,6,5
29754,2026-08-12,5,3,3
29757,2026-08-21,12,0,1
29761,2026-07-24,7,5,4
29770,2026-07-24,3,0,1
29771,2026-07-27,2,0,1
29778,2026-07-22,3,1,2
29779,2026-07-24,7,5,4
29780,2026-07-27,3,0,1
29781,2026-07-23,2,0,1
29782,2026-07-26,2,0,1
29783,2026-08-17,10,2,2
29786,2026-07-24,5,1,2
29787,2026-08-01,4,2,2
29788,2026-07-23,3,2,3
29789,2026-07-27,7,4,5
29792,2026-07-29,7,4,4
29793,2026-08-12,3,2,3
29796,2026-08-10,2,1,2
29799,2026-08-02,2,0,1
29800,2026-08-07,3,0,1
29801,2026-07-23,2,0,1
29802,2026-07-26,3,1,2
29803,2026-07-26,4,2,3
29817,2026-08-06,3,0,1
29818,2026-08-10,2,1,2
29819,2026-08-17,11,3,4
29820,2026-08-21,3,1,2
29843,2026-07-26,2,0,1
29844,2026-07-31,4,2,3
29845,2026-08-10,5,4,4
29848,2026-07-27,6,4,4
29849,2026-07-31,3,1,2
29850,2026-08-06,4,2,3
29853,2026-08-15,10,2,2
29854,2026-08-20,3,1,2
29855,2026-07-24,5,2,2
29856,2026-07-27,2,0,1
29861,2026-08-03,4,2,2
29862,2026-08-08,5,0,1
29876,2026-07-29,5,3,2
29877,2026-08-05,6,3,3
29878,2026-08-20,8,1,2
29880,2026-07-31,7,5,5
29881,2026-08-04,4,2,3
29882,2026-07-31,7,4,4
29883,2026-07-26,2,1,2
29884,2026-08-01,3,0,1
29885,2026-08-07,9,6,4
29886,2026-08-05,3,2,3
29889,2026-08-04,7,5,3
29890,2026-08-07,2,0,1
29893,2026-07-30,8,6,4
29894,2026-08-06,3,1,2
29895,2026-07-24,3,1,2
29896,2026-07-29,6,4,5
29899,2026-08-09,7,3,2
29900,2026-08-15,4,2,2
29902,2026-08-03,4,2,3
29908,2026-08-21,2,1,2
29909,2026-08-21,9,8,7
29910,2026-07-22,1,0,1
29913,2026-08-01,2,0,1
29914,2026-07-25,7,2,2
29915,2026-07-27,7,4,3
29920,2026-07-30,5,3,4
29921,2026-07-30,6,4,5
29922,2026-08-12,8,0,1
29923,2026-08-18,2,0,1
29931,2026-08-04,5,3,2
29932,2026-08-08,2,0,1
29933,2026-08-09,4,2,2
29934,2026-08-07,11,9,6
29935,2026-08-11,7,4,4
29937,2026-07-23,3,1,2
29948,2026-07-31,5,3,2
29949,2026-07-30,3,0,1
29950,2026-08-16,7,0,1
29955,2026-07-30,4,2,2
29964,2026-07-24,4,2,3
29969,2026-08-09,4,2,2
29972,2026-07-23,2,1,2
29973,2026-07-27,3,0,1
29976,2026-08-05,4,2,2
29984,2026-08-01,7,4,3
29985,2026-08-05,3,1,2
29986,2026-07-27,2,0,1
29987,2026-07-27,4,2,3
29991,2026-07-24,5,3,4
29992,2026-08-05,6,4,3
29993,2026-08-12,2,0,1
29996,2026-07-25,2,0,1
29997,2026-07-31,5,1,2
29998,2026-08-20,7,0,1
30002,2026-07-30,6,3,3
30003,2026-08-03,8,6,6
30010,2026-07-29,2,0,1
30011,2026-08-05,10,8,5
30014,2026-07-25,3,1,2
30015,2026-07-30,3,1,2
30016,2026-07-23,5,3,3
30017,2026-07-27,3,1,2
30018,2026-07-31,4,1,2
30019,2026-08-13,11,4,3
30023,2026-08-06,4,0,1
30024,2026-08-11,2,0,1
30025,2026-08-17,14,4,2
30039,2026-07-24,5,2,3
30044,2026-07-23,1,0,1
30045,2026-07-25,4,2,2
30046,2026-07-29,2,0,1
30047,2026-07-25,2,0,1
30048,2026-08-01,3,1,2
30053,2026-07-23,1,0,1
30054,2026-07-26,4,2,2
30055,2026-08-08,2,0,1
30056,2026-08-11,2,0,1
30059,2026-07-24,10,6,5
30067,2026-07-26,7,4,2
30070,2026-08-18,9,0,1
30080,2026-08-16,8,0,1
30081,2026-08-20,5,3,3
30084,2026-08-03,5,4,3
30085,2026-07-23,4,2,2
30086,2026-08-06,4,2,2
30087,2026-08-11,5,2,3
30090,2026-08-04,8,6,3
30091,2026-08-11,2,0,1
30092,2026-08-03,3,1,2
30093,2026-08-12,6,3,3
30098,2026-07-23,2,0,1
30102,2026-08-18,8,1,2
30104,2026-07-26,3,1,2
30105,2026-08-01,5,3,3
30106,2026-07-26,3,1,2
30107,2026-07-31,3,1,2
30128,2026-08-19,2,0,1
30129,2026-07-24,1,0,1
30134,2026-08-01,3,0,1
30135,2026-08-08,3,0,1
30136,2026-08-07,4,2,3
30137,2026-08-10,4,3,2
30138,2026-08-09,3,1,2
30139,2026-08-06,5,3,3
30140,2026-08-21,3,1,2
30155,2026-08-08,3,2,2
30156,2026-08-14,3,1,2
30157,2026-08-09,7,5,5
30158,2026-08-16,8,5,4
30162,2026-07-29,4,2,3
30165,2026-08-06,2,0,1
30166,2026-08-15,2,0,1
30167,2026-08-17,4,2,3
30168,2026-08-05,6,4,3
30169,2026-08-12,5,3,3
30173,2026-07-23,1,0,1
30174,2026-07-24,4,2,2
30181,2026-08-16,11,2,1
30182,2026-08-21,2,0,1
30193,2026-08-16,11,0,1
30194,2026-08-20,6,4,4
30196,2026-08-10,2,1,2
30197,2026-08-14,2,0,1
30198,2026-07-26,8,4,2
30199,2026-08-01,7,3,3
30200,2026-08-10,3,2,3
30206,2026-07-26,2,0,1
30207,2026-08-13,12,0,1
30208,2026-07-25,3,2,2
30212,2026-08-07,6,4,2
30213,2026-08-13,2,0,1
30214,2026-08-11,16,2,2
30215,2026-08-14,2,0,1
30216,2026-08-17,7,4,4
30217,2026-08-03,3,1,2
30218,2026-08-10,6,5,4
30219,2026-07-30,13,10,5
30224,2026-08-05,4,2,2
30225,2026-08-11,8,6,4
30228,2026-08-08,9,7,5
30231,2026-07-26,6,4,2
30234,2026-07-26,10,8,5
30235,2026-07-31,5,3,4
30244,2026-08-08,2,0,1
30251,2026-07-26,3,2,2
30252,2026-08-01,2,0,1
30256,2026-08-02,3,0,1
30257,2026-08-09,3,0,1
30260,2026-08-08,4,2,2
30261,2026-08-11,7,5,4
30262,2026-07-26,5,3,3
30263,2026-08-01,4,2,2
30264,2026-07-24,2,0,1
30265,2026-07-30,9,5,4
30266,2026-08-04,9,7,6
30267,2026-08-04,3,1,2
30272,2026-07-26,4,2,3
30273,2026-07-31,2,0,1
30276,2026-08-06,6,3,2
30277,2026-08-12,5,2,3
30280,2026-08-13,8,0,1
30281,2026-08-17,6,4,5
30290,2026-08-03,1,0,1
30294,2026-08-01,7,2,2
30295,2026-08-08,2,0,1
30298,2026-07-26,10,7,4
30299,2026-07-30,7,5,4
30307,2026-08-11,3,1,2
30308,2026-08-17,3,1,2
30309,2026-07-26,1,0,1
30310,2026-07-31,12,10,7
30317,2026-07-29,3,0,1
30318,2026-08-06,11,8,6
30323,2026-08-05,2,0,1
30324,2026-08-09,5,2,2
30327,2026-07-31,6,3,3
30328,2026-08-03,2,1,2
30329,2026-08-21,12,3,3
30331,2026-07-25,3,2,2
30332,2026-07-30,2,0,1
30333,2026-07-25,2,0,1
30334,2026-08-01,4,1,2
30340,2026-07-24,4,2,3
30343,2026-08-17,8,1,2
30347,2026-08-14,12,0,1
30348,2026-08-19,2,0,1
30349,2026-07-30,5,2,3
30351,2026-08-02,2,0,1
30352,2026-08-01,3,1,2
30353,2026-08-07,8,5,4
30354,2026-08-09,6,4,5
30355,2026-08-17,7,0,1
30359,2026-07-25,2,0,1
30360,2026-08-01,8,5,4
30365,2026-07-25,4,2,2
30366,2026-08-01,4,2,2
30367,2026-08-02,6,3,4
30368,2026-07-24,1,0,1
30369,2026-07-25,4,2,2
30371,2026-07-26,1,0,1
30372,2026-08-01,2,0,1
30374,2026-07-26,1,0,1
30375,2026-07-28,2,0,1
30381,2026-08-09,2,0,1
30382,2026-08-13,5,2,3
30383,2026-08-20,13,0,1
30385,2026-07-31,6,4,3
30386,2026-08-03,3,1,2
30388,2026-08-07,2,0,1
30389,2026-08-14,3,1,2
30399,2026-08-14,11,2,3
30400,2026-08-17,7,5,4
30402,2026-08-02,4,1,2
30403,2026-08-09,4,2,2
30413,2026-08-03,4,2,3
30423,2026-07-29,2,0,1
30438,2026-08-17,8,0,1
30442,2026-08-10,4,3,4
30443,2026-08-14,25,4,3
30444,2026-08-18,2,0,1
30447,2026-08-01,6,4,4
30448,2026-08-08,5,2,2
30449,2026-08-05,5,3,3
30450,2026-08-09,3,1,2
30451,2026-08-14,13,5,5
30452,2026-08-14,4,2,3
30453,2026-08-21,2,0,1
30458,2026-08-05,6,4,3
30459,2026-08-12,9,7,4
30460,2026-08-21,8,0,1
30461,2026-07-27,1,0,1
30466,2026-08-18,9,1,2
30470,2026-07-26,6,5,4
30471,2026-07-27,6,4,3
30472,2026-07-25,1,0,1
30473,2026-08-01,2,0,1
30474,2026-08-08,2,0,1
30475,2026-08-06,2,0,1
30476,2026-07-27,2,1,2
30486,2026-08-12,11,0,1
30487,2026-08-18,3,0,1
30496,2026-08-01,5,3,3
30497,2026-08-07,11,8,5
30498,2026-07-29,5,2,3
30499,2026-08-02,6,4,4
30500,2026-08-05,4,2,3
30501,2026-08-10,5,4,3
30506,2026-07-28,4,2,2
30507,2026-08-01,3,1,2
30508,2026-08-08,8,5,5
30509,2026-08-08,5,3,3
30510,2026-08-15,6,4,3
30511,2026-07-27,3,1,2
30514,2026-08-04,6,4,4
30515,2026-08-02,2,0,1
30527,2026-07-31,6,3,3
30528,2026-08-16,7,0,1
30529,2026-08-20,8,6,4
30532,2026-08-07,3,1,2
30534,2026-07-26,1,0,1
30546,2026-07-26,3,2,2
30553,2026-08-04,7,5,4
30554,2026-08-07,2,0,1
30555,2026-08-09,7,5,5
30556,2026-07-27,6,4,4
30557,2026-07-31,11,9,6
30558,2026-08-06,2,0,1
30559,2026-08-12,4,2,3
30564,2026-08-11,7,5,4
30566,2026-08-02,3,1,2
30569,2026-07-27,6,3,2
30570,2026-07-26,3,2,2
30571,2026-08-01,2,0,1
30573,2026-08-05,2,0,1
30574,2026-08-15,3,0,1
30577,2026-07-30,8,6,5
30578,2026-07-31,5,3,4
30579,2026-08-03,4,2,3
30585,2026-07-26,1,0,1
30603,2026-07-27,3,1,2
30604,2026-07-30,4,2,2
30605,2026-08-05,5,2,2
30606,2026-08-12,4,2,3
30609,2026-07-26,1,0,1
30611,2026-08-01,2,0,1
30617,2026-07-27,8,5,3
30618,2026-08-02,9,6,5
30621,2026-07-27,6,4,5
30622,2026-08-01,13,9,5
30623,2026-08-10,6,5,3
30624,2026-08-13,4,2,3
30627,2026-07-25,1,0,1
30628,2026-07-28,2,0,1
30629,2026-08-02,2,0,1
30632,2026-07-26,2,0,1
30636,2026-08-02,2,0,1
30637,2026-07-31,2,0,1
30640,2026-07-26,3,2,2
30647,2026-08-03,5,3,3
30648,2026-08-08,2,0,1
30653,2026-08-08,4,2,3
30654,2026-08-16,2,0,1
30655,2026-08-01,3,0,1
30656,2026-08-07,2,0,1
30657,2026-08-02,10,8,5
30660,2026-08-05,2,0,1
30661,2026-07-28,2,0,1
30662,2026-07-30,6,4,5
30666,2026-08-14,13,1,2
30668,2026-07-26,4,2,2
30669,2026-07-29,3,1,2
30674,2026-07-26,2,0,1
30675,2026-07-30,3,1,2
30684,2026-07-27,5,4,1
30685,2026-07-31,10,8,4
30701,2026-07-27,5,1,2
30704,2026-08-16,8,0,1
30707,2026-08-21,6,1,2
30709,2026-08-01,3,1,2
30710,2026-08-05,3,1,2
30718,2026-08-19,7,0,1
30728,2026-08-15,9,0,1
30732,2026-08-02,2,0,1
30733,2026-08-07,3,0,1
30734,2026-07-30,2,0,1
30735,2026-08-02,4,2,2
30738,2026-07-31,16,12,7
30739,2026-08-04,5,3,4
30740,2026-08-02,6,4,5
30741,2026-08-09,12,8,5
30747,2026-07-30,5,3,3
30748,2026-08-02,7,3,3
30749,2026-07-27,1,0,1
30750,2026-08-01,4,2,2
30751,2026-08-08,12,10,7
30752,2026-08-15,4,2,2
30755,2026-07-27,5,3,3
30765,2026-08-01,7,4,4
30766,2026-08-05,4,2,2
30776,2026-07-31,5,3,3
30777,2026-08-03,3,0,1
30798,2026-08-07,4,2,3
30799,2026-08-14,4,2,2
30804,2026-08-02,2,0,1
30805,2026-08-02,7,5,4
30806,2026-08-08,6,3,3
30807,2026-08-13,4,2,3
30812,2026-08-01,8,4,3
30813,2026-08-07,5,2,3
30817,2026-08-12,9,2,2
30818,2026-08-16,4,2,3
30819,2026-08-15,14,0,1
30821,2026-08-17,17,5,4
30822,2026-08-20,3,1,2
30823,2026-08-04,2,0,1
30824,2026-08-08,4,0,1
30825,2026-07-30,5,3,2
30826,2026-08-04,3,1,2
30829,2026-08-15,10,0,1
30831,2026-07-31,7,3,4
30832,2026-08-13,13,2,3
30833,2026-07-29,4,2,3
30834,2026-08-07,3,1,2
30841,2026-07-27,6,3,2
30842,2026-08-06,6,4,4
30844,2026-08-01,10,6,5
30845,2026-08-06,2,0,1
30846,2026-08-08,2,0,1
30852,2026-08-07,3,2,2
30858,2026-07-27,3,0,1
30862,2026-08-13,13,11,8
30866,2026-07-31,3,0,1
30867,2026-08-03,4,2,3
30871,2026-08-05,2,1,1
30879,2026-08-09,3,1,2
30880,2026-08-13,5,3,4
30883,2026-08-11,8,6,3
30884,2026-08-21,2,0,1
30885,2026-07-30,5,2,2
30886,2026-07-30,2,0,1
30887,2026-08-08,4,0,1
30889,2026-07-30,5,3,3
30890,2026-08-01,3,1,2
30891,2026-08-02,6,4,3
30896,2026-07-27,1,0,1
30897,2026-08-20,12,4,2
30900,2026-08-14,14,1,2
30901,2026-08-09,3,1,2
30905,2026-08-16,9,0,1
30906,2026-08-20,6,3,4
30907,2026-08-05,7,5,5
30908,2026-08-05,7,5,4
30912,2026-07-27,1,0,1
30913,2026-08-05,7,5,4
30914,2026-08-13,13,2,3
30916,2026-08-05,9,7,5
30917,2026-08-09,3,1,2
30918,2026-07-29,5,0,1
30919,2026-07-30,4,2,2
30920,2026-08-14,11,1,2
30921,2026-08-19,2,0,1
30926,2026-08-17,8,1,2
30927,2026-08-20,3,1,2
30936,2026-08-03,1,0,1
30937,2026-08-06,2,0,1
30940,2026-08-10,2,0,1
30941,2026-08-17,6,3,4
30944,2026-08-09,2,0,1
30946,2026-07-27,3,0,1
30947,2026-08-02,3,1,2
30948,2026-08-11,6,1,2
30949,2026-08-17,3,1,2
30950,2026-08-02,3,1,2
30951,2026-08-05,5,3,3
30952,2026-07-31,4,2,2
30953,2026-08-03,2,1,2
30954,2026-08-09,2,0,1
30955,2026-08-16,2,0,1
30956,2026-08-03,3,1,2
30967,2026-08-02,2,0,1
30968,2026-08-06,4,2,3
30969,2026-08-03,6,4,5
30970,2026-08-07,3,1,2
30975,2026-07-28,1,0,1
30982,2026-07-28,2,1,1
30983,2026-08-14,3,1,2
30987,2026-08-15,13,7,3
30988,2026-08-20,6,3,4
30989,2026-08-12,10,0,1
30990,2026-08-17,3,1,2
30995,2026-07-28,2,1,2
31002,2026-08-02,6,5,4
31005,2026-07-28,4,2,2
31006,2026-07-30,3,0,1
31010,2026-08-08,5,3,3
31011,2026-08-14,2,0,1
31013,2026-08-15,2,0,1
31014,2026-08-10,2,1,2
31015,2026-08-16,2,0,1
31016,2026-08-03,7,5,6
31018,2026-08-08,8,6,3
31019,2026-08-14,4,2,3
31022,2026-07-29,5,2,2
31023,2026-08-01,4,1,2
31024,2026-08-11,6,4,3
31025,2026-08-15,3,1,2
31026,2026-08-14,11,0,1
31027,2026-08-18,3,0,1
31031,2026-07-29,4,2,3
31032,2026-08-10,3,2,2
31033,2026-08-16,4,0,1
31034,2026-08-19,4,0,1
31041,2026-08-03,8,4,3
31042,2026-08-08,10,7,5
31047,2026-08-04,2,0,1
31048,2026-08-13,9,7,6
31053,2026-08-20,12,4,2
31063,2026-07-29,5,3,3
31064,2026-08-04,3,1,2
31065,2026-07-29,3,1,2
31066,2026-08-01,2,0,1
31067,2026-08-08,8,5,4
31068,2026-08-09,4,2,2
31069,2026-08-13,3,0,1
31070,2026-07-31,3,1,2
31073,2026-08-12,9,2,2
31074,2026-08-17,4,2,3
31075,2026-08-14,14,1,2
31078,2026-08-06,4,1,2
31079,2026-07-28,2,0,1
31082,2026-07-30,9,7,5
31083,2026-08-02,5,2,3
31087,2026-07-29,5,4,3
31092,2026-08-06,7,5,4
31093,2026-08-13,3,1,2
31094,2026-08-19,15,2,2
31098,2026-08-09,7,2,2
31111,2026-08-19,8,0,1
31113,2026-07-29,3,2,3
31114,2026-08-02,3,1,2
31121,2026-08-08,4,0,1
31122,2026-08-15,4,1,2
31123,2026-08-08,7,5,3
31128,2026-08-16,10,2,2
31129,2026-08-02,4,2,3
31130,2026-08-08,3,1,2
31135,2026-08-04,2,0,1
31137,2026-07-30,6,4,3
31138,2026-08-03,5,3,4
31145,2026-08-16,2,0,1
31152,2026-08-10,8,7,4
31153,2026-08-18,2,0,1
31157,2026-08-08,2,0,1
31158,2026-08-16,4,0,1
31159,2026-07-30,2,0,1
31168,2026-08-01,3,0,1
31169,2026-08-07,4,2,3
31172,2026-08-06,5,0,1
31173,2026-08-09,5,3,3
31176,2026-07-31,9,7,7
31177,2026-08-01,6,4,3
31178,2026-08-03,2,0,1
31181,2026-08-04,6,5,4
31182,2026-08-01,8,6,4
31183,2026-08-06,8,6,7
31184,2026-07-29,3,2,2
31185,2026-08-02,10,7,5
31187,2026-08-05,5,3,2
31188,2026-08-04,6,4,3
31189,2026-08-11,3,1,2
31196,2026-08-08,4,2,3
31197,2026-07-29,10,7,6
31203,2026-08-01,4,2,2
31204,2026-08-07,7,2,2
31207,2026-07-31,4,2,3
31212,2026-07-29,2,0,1
31213,2026-07-29,2,0,1
31214,2026-07-31,6,3,2
31215,2026-08-01,3,0,1
31216,2026-08-08,2,0,1
31222,2026-08-15,5,1,2
31231,2026-08-18,12,2,3
31233,2026-08-05,4,2,2
31234,2026-08-09,5,3,4
31235,2026-08-10,5,4,4
31241,2026-08-21,13,2,3
31242,2026-08-07,4,2,2
31243,2026-08-16,8,6,5
31252,2026-08-01,2,0,1
31253,2026-08-04,2,0,1
31254,2026-08-09,5,3,4
31258,2026-08-03,3,1,2
31259,2026-08-08,3,0,1
31260,2026-07-30,4,0,1
31261,2026-08-17,13,4,2
31265,2026-08-12,11,3,3
31266,2026-08-19,5,3,4
31271,2026-08-06,2,0,1
31272,2026-08-10,2,1,2
31275,2026-07-30,5,2,2
31276,2026-08-18,3,1,2
31280,2026-07-31,5,3,3
31281,2026-08-03,5,2,2
31288,2026-08-04,5,3,3
31289,2026-08-13,12,0,1
31290,2026-08-17,7,3,3
31291,2026-08-03,5,1,2
31294,2026-08-02,5,1,2
31295,2026-08-09,7,3,3
31296,2026-08-03,4,2,2
31297,2026-08-08,2,0,1
31300,2026-07-30,4,0,1
31301,2026-08-02,1,0,1
31302,2026-08-02,3,1,2
31305,2026-08-02,2,0,1
31310,2026-08-16,4,0,1
31313,2026-08-01,4,2,2
31314,2026-08-08,2,0,1
31318,2026-08-15,9,1,2
31319,2026-08-21,3,1,2
31321,2026-08-06,6,4,4
31322,2026-08-10,5,4,3
31325,2026-08-05,2,0,1
31326,2026-08-10,2,1,2
31327,2026-08-17,11,2,3
31331,2026-08-12,11,0,1
31332,2026-08-18,5,3,3
31333,2026-08-07,12,9,5
31337,2026-08-02,4,2,2
31338,2026-08-08,8,5,2
31339,2026-08-07,9,7,3
31340,2026-08-14,3,0,1
31343,2026-07-31,4,2,2
31344,2026-07-29,3,2,3
31345,2026-08-13,10,1,2
31346,2026-08-14,3,1,2
31347,2026-08-19,2,0,1
31349,2026-08-15,17,4,4
31357,2026-08-02,6,4,4
31358,2026-08-08,4,2,2
31361,2026-07-30,2,0,1
31365,2026-08-05,3,1,2
31366,2026-08-13,4,2,2
31367,2026-07-29,4,0,1
31369,2026-08-13,15,4,4
31370,2026-08-15,3,1,2
31373,2026-08-05,6,3,4
31374,2026-08-10,6,5,5
31377,2026-08-20,7,0,1
31379,2026-08-02,19,14,9
31380,2026-08-08,6,4,4
31381,2026-07-30,1,0,1
31382,2026-08-01,4,0,1
31383,2026-08-07,5,1,2
31387,2026-08-07,5,3,3
31388,2026-08-12,4,2,3
31389,2026-07-31,3,0,1
31390,2026-08-05,2,0,1
31391,2026-07-31,2,0,1
31400,2026-07-31,2,0,1
31401,2026-08-04,2,0,1
31408,2026-08-10,7,6,5
31409,2026-08-19,1,0,1
31410,2026-08-18,8,2,2
31412,2026-08-09,2,0,1
31413,2026-08-15,5,2,2
31416,2026-07-30,3,1,2
31428,2026-08-02,2,0,1
31429,2026-08-06,8,6,4
31430,2026-08-04,2,0,1
31431,2026-08-09,3,1,2
31435,2026-07-30,2,1,2
31443,2026-08-03,2,0,1
31444,2026-08-09,4,2,3
31447,2026-08-16,7,2,3
31466,2026-08-03,2,1,2
31467,2026-08-06,4,2,3
31468,2026-08-01,2,0,1
31469,2026-08-02,5,3,4
31470,2026-08-09,7,4,4
31471,2026-08-14,6,3,3
31476,2026-08-01,5,3,4
31482,2026-08-01,3,1,2
31483,2026-08-05,2,0,1
31484,2026-08-08,7,5,4
31485,2026-08-08,6,4,3
31486,2026-08-14,2,0,1
31489,2026-08-09,2,0,1
31490,2026-08-14,4,1,2
31491,2026-08-09,2,0,1
31492,2026-08-13,3,0,1
31500,2026-07-31,4,2,2
31503,2026-07-31,4,2,3
31506,2026-08-15,3,0,1
31507,2026-07-30,3,2,2
31508,2026-08-06,3,1,2
31509,2026-08-11,4,2,3
31510,2026-08-13,5,3,3
31511,2026-08-07,3,1,2
31512,2026-07-31,2,0,1
31515,2026-08-10,3,2,3
31525,2026-08-04,2,0,1
31526,2026-08-10,2,1,2
31527,2026-08-13,18,3,3
31528,2026-08-16,4,2,3
31538,2026-08-06,7,4,3
31541,2026-08-16,12,3,3
31545,2026-08-01,4,2,3
31546,2026-08-05,9,7,7
31555,2026-08-01,5,3,4
31556,2026-08-08,2,0,1
31557,2026-07-30,12,9,4
31558,2026-08-03,2,0,1
31561,2026-08-14,13,0,1
31565,2026-07-30,1,0,1
31566,2026-07-31,3,2,3
31569,2026-08-02,2,0,1
31570,2026-08-09,6,3,3
31573,2026-08-05,8,5,5
31574,2026-08-10,3,1,2
31580,2026-08-11,8,6,3
31583,2026-08-08,4,2,2
31584,2026-08-13,2,0,1
31587,2026-08-11,2,0,1
31588,2026-08-16,2,0,1
31589,2026-07-31,1,0,1
31590,2026-08-08,11,7,5
31591,2026-08-13,10,0,1
31598,2026-07-31,1,0,1
31599,2026-08-06,3,0,1
31604,2026-08-01,4,2,3
31605,2026-08-07,13,9,7
31606,2026-08-06,7,4,3
31607,2026-08-17,4,2,3
31612,2026-08-09,2,0,1
31618,2026-08-08,4,1,2
31619,2026-08-13,4,2,3
31620,2026-08-01,3,1,2
31621,2026-08-14,5,0,1
31622,2026-08-21,4,1,2
31623,2026-08-06,5,3,3
31628,2026-08-08,8,5,4
31629,2026-08-15,2,0,1
31640,2026-08-08,2,0,1
31641,2026-08-10,4,2,2
31642,2026-08-16,3,0,1
31644,2026-08-03,7,3,4
31647,2026-08-03,6,4,5
31653,2026-07-30,2,0,1
31654,2026-08-01,5,3,3
31661,2026-08-08,3,0,1
31662,2026-08-11,5,3,3
31663,2026-08-04,7,4,2
31667,2026-08-15,14,0,1
31671,2026-08-02,8,5,3
31672,2026-08-07,4,2,2
31673,2026-08-16,12,0,1
31677,2026-08-11,5,3,2
31678,2026-08-18,3,0,1
31679,2026-08-07,8,5,3
31686,2026-07-31,1,0,1
31689,2026-08-13,14,2,2
31690,2026-08-19,2,0,1
31696,2026-07-31,7,5,4
31697,2026-08-07,2,0,1
31701,2026-07-31,3,1,2
31710,2026-08-09,8,6,5
31711,2026-08-14,5,3,3
31714,2026-08-15,14,3,3
31715,2026-08-21,2,0,1
31720,2026-08-13,9,1,2
31721,2026-08-18,2,0,1
31727,2026-08-18,8,0,1
31731,2026-08-01,2,0,1
31736,2026-07-31,1,0,1
31737,2026-08-05,4,2,1
31739,2026-07-31,1,0,1
31740,2026-08-09,5,3,4
31743,2026-08-09,4,1,2
31744,2026-08-14,8,5,5
31745,2026-08-05,7,4,4
31746,2026-08-18,2,0,1
31747,2026-08-13,12,4,4
31748,2026-08-16,2,0,1
31749,2026-08-05,12,10,6
31752,2026-08-02,3,0,1
31753,2026-08-05,2,0,1
31754,2026-08-03,3,1,2
31755,2026-08-10,1,0,1
31756,2026-07-31,1,0,1
31757,2026-08-07,5,3,4
31758,2026-08-14,12,2,2
31760,2026-08-02,2,0,1
31761,2026-08-08,3,1,2
31764,2026-08-02,2,0,1
31765,2026-08-08,2,0,1
31770,2026-08-09,13,10,5
31771,2026-08-15,6,3,3
31773,2026-08-16,12,2,2
31777,2026-08-08,3,0,1
31778,2026-08-11,3,1,2
31781,2026-08-01,1,0,1
31782,2026-08-08,5,3,3
31785,2026-07-31,4,2,2
31792,2026-08-02,4,2,2
31793,2026-08-02,7,5,5
31794,2026-08-07,6,3,3
31795,2026-08-10,3,2,3
31796,2026-08-03,6,4,3
31813,2026-08-16,8,3,3
31814,2026-08-21,2,0,1
31817,2026-08-12,12,2,3
31818,2026-08-02,3,0,1
31819,2026-08-09,3,0,1
31823,2026-08-03,6,2,3
31824,2026-08-07,4,2,3
31825,2026-08-03,3,1,2
31826,2026-08-07,8,5,3
31829,2026-08-08,11,7,4
31830,2026-08-12,3,1,2
31835,2026-08-04,8,5,3
31836,2026-08-09,3,1,2
31837,2026-08-07,10,7,5
31841,2026-08-15,3,0,1
31843,2026-08-10,2,1,2
31846,2026-08-05,3,1,2
31847,2026-08-03,6,4,2
31850,2026-08-19,6,1,2
31852,2026-08-13,17,0,1
31853,2026-08-17,3,1,2
31856,2026-08-21,9,0,1
31857,2026-08-08,2,0,1
31858,2026-08-13,4,2,3
31867,2026-08-12,15,5,2
31868,2026-08-15,2,0,1
31869,2026-08-08,3,0,1
31870,2026-08-15,6,4,4
31873,2026-08-10,2,1,2
31874,2026-08-14,5,3,4
31875,2026-08-08,13,11,4
31876,2026-08-15,2,0,1
31877,2026-08-04,7,5,3
31878,2026-08-10,3,2,3
31881,2026-08-04,2,0,1
31882,2026-08-08,2,0,1
31883,2026-08-07,9,4,3
31884,2026-08-15,8,6,5
31891,2026-08-01,6,5,5
31898,2026-08-01,5,4,2
31899,2026-08-03,9,7,4
31900,2026-08-07,6,4,3
31901,2026-08-07,10,8,4
31902,2026-08-14,5,3,4
31905,2026-08-04,2,0,1
31907,2026-08-01,5,4,3
31908,2026-08-07,6,3,4
31911,2026-08-07,6,4,3
31912,2026-08-14,5,3,4
31915,2026-08-02,2,1,2
31916,2026-08-08,5,3,4
31917,2026-08-04,2,0,1
31918,2026-08-04,2,0,1
31919,2026-08-12,7,4,4
31925,2026-08-08,5,3,3
31926,2026-08-14,4,2,3
31928,2026-08-04,2,0,1
31929,2026-08-08,2,0,1
31938,2026-08-14,22,5,2
31939,2026-08-17,4,2,3
31940,2026-08-10,4,2,1
31941,2026-08-15,2,0,1
31942,2026-08-03,6,3,3
31943,2026-08-19,15,1,2
31947,2026-08-15,10,0,1
31953,2026-08-02,1,0,1
31962,2026-08-19,9,0,1
31974,2026-08-08,7,4,3
31975,2026-08-14,5,3,4
31976,2026-08-02,6,2,2
31977,2026-08-21,13,0,1
31995,2026-08-03,4,2,3
31996,2026-08-04,2,0,1
31997,2026-08-05,2,0,1
31998,2026-08-07,2,0,1
32002,2026-08-08,6,4,3
32003,2026-08-17,9,2,2
32005,2026-08-01,3,2,2
32010,2026-08-18,7,0,1
32016,2026-08-04,4,2,2
32021,2026-08-04,4,2,2
32026,2026-08-03,4,2,1
32027,2026-08-18,10,2,2
32029,2026-08-01,2,0,1
32030,2026-08-16,9,2,2
32031,2026-08-21,5,2,3
32032,2026-08-06,6,3,3
32033,2026-08-09,2,0,1
32044,2026-08-05,8,6,3
32045,2026-08-12,3,1,2
32050,2026-08-17,12,3,3
32052,2026-08-03,1,0,1
32053,2026-08-07,8,5,5
32054,2026-08-08,5,2,2
32058,2026-08-18,8,1,2
32072,2026-08-02,1,0,1
32075,2026-08-02,1,0,1
32076,2026-08-07,3,0,1
32077,2026-08-20,11,3,3
32078,2026-08-20,5,3,4
32081,2026-08-02,2,0,1
32090,2026-08-03,4,2,3
32095,2026-08-06,2,0,1
32096,2026-08-11,8,3,3
32097,2026-08-09,10,6,3
32098,2026-08-16,2,0,1
32106,2026-08-09,3,0,1
32107,2026-08-13,2,0,1
32119,2026-08-12,17,2,3
32120,2026-08-17,10,8,7
32129,2026-08-10,5,4,4
32132,2026-08-03,5,3,3
32133,2026-08-13,4,1,2
32139,2026-08-11,6,4,4
32147,2026-08-18,14,5,3
32155,2026-08-16,12,2,3
32156,2026-08-20,5,2,3
32159,2026-08-03,2,0,1
32160,2026-08-05,2,0,1
32161,2026-08-10,7,6,5
32162,2026-08-07,9,7,4
32163,2026-08-12,2,0,1
32164,2026-08-16,9,0,1
32191,2026-08-07,7,4,3
32192,2026-08-10,2,0,1
32198,2026-08-15,13,3,4
32200,2026-08-05,5,3,4
32201,2026-08-09,5,3,3
32204,2026-08-09,3,0,1
32206,2026-08-04,2,0,1
32207,2026-08-11,3,1,2
32208,2026-08-09,3,0,1
32218,2026-08-09,4,2,3
32219,2026-08-14,2,0,1
32221,2026-08-03,6,4,4
32222,2026-08-10,2,1,2
32227,2026-08-03,3,2,3
32234,2026-08-05,3,1,2
32235,2026-08-09,2,0,1
32244,2026-08-05,4,2,2
32255,2026-08-06,9,4,3
32256,2026-08-09,8,5,5
32262,2026-08-12,14,4,3
32263,2026-08-19,2,0,1
32267,2026-08-15,2,0,1
32268,2026-08-18,7,0,1
32270,2026-08-08,6,4,2
32271,2026-08-15,3,1,2
32272,2026-08-09,2,0,1
32273,2026-08-16,2,0,1
32281,2026-08-06,9,6,5
32282,2026-08-17,7,4,4
32285,2026-08-08,9,7,5
32286,2026-08-13,2,0,1
32288,2026-08-03,1,0,1
32289,2026-08-09,3,0,1
32294,2026-08-04,5,1,2
32295,2026-08-07,4,2,2
32296,2026-08-10,5,3,3
32301,2026-08-05,9,6,6
32305,2026-08-17,11,2,3
32312,2026-08-21,11,2,3
32314,2026-08-08,5,2,2
32315,2026-08-17,4,1,2
32317,2026-08-03,2,0,1
32318,2026-08-03,2,1,2
32319,2026-08-04,3,1,2
32320,2026-08-09,2,0,1
32323,2026-08-04,2,0,1
32325,2026-08-15,11,0,1
32326,2026-08-03,1,0,1
32327,2026-08-09,2,0,1
32328,2026-08-16,4,2,2
32329,2026-08-07,4,0,1
32331,2026-08-10,4,2,2
32332,2026-08-14,7,3,3
32335,2026-08-10,2,0,1
32336,2026-08-05,3,1,2
32337,2026-08-10,2,0,1
32340,2026-08-15,13,2,2
32346,2026-08-13,13,7,6
32347,2026-08-19,4,2,2
32350,2026-08-12,2,0,1
32351,2026-08-12,4,2,3
32352,2026-08-03,4,0,1
32377,2026-08-06,2,0,1
32378,2026-08-10,6,5,4
32379,2026-08-14,2,0,1
32380,2026-08-06,6,4,3
32389,2026-08-07,4,1,2
32392,2026-08-04,1,0,1
32393,2026-08-11,12,8,4
32394,2026-08-12,13,4,2
32395,2026-08-16,2,0,1
32399,2026-08-15,13,5,4
32400,2026-08-19,3,1,2
32405,2026-08-10,2,1,2
32406,2026-08-14,15,2,2
32413,2026-08-04,1,0,1
32419,2026-08-13,4,0,1
32420,2026-08-16,3,0,1
32422,2026-08-04,1,0,1
32423,2026-08-08,4,2,2
32428,2026-08-14,11,2,3
32429,2026-08-06,2,0,1
32430,2026-08-10,2,1,2
32431,2026-08-04,1,0,1
32438,2026-08-13,11,2,3
32439,2026-08-17,4,2,3
32444,2026-08-14,14,2,3
32445,2026-08-20,3,1,2
32450,2026-08-10,8,6,5
32451,2026-08-05,2,0,1
32452,2026-08-09,5,2,3
32453,2026-08-04,1,0,1
32465,2026-08-06,6,3,2
32468,2026-08-08,3,0,1
32469,2026-08-15,3,1,2
32478,2026-08-09,2,0,1
32479,2026-08-14,7,2,3
32482,2026-08-12,8,1,2
32483,2026-08-19,4,2,3
32485,2026-08-14,15,0,1
32490,2026-08-14,12,4,3
32491,2026-08-07,5,2,2
32492,2026-08-14,20,4,3
32494,2026-08-19,2,0,1
32501,2026-08-20,13,1,2
32507,2026-08-13,10,0,1
32508,2026-08-09,2,0,1
32509,2026-08-07,14,11,5
32515,2026-08-11,10,2,1
32516,2026-08-18,5,2,3
32519,2026-08-16,2,0,1
32522,2026-08-06,6,4,3
32523,2026-08-12,2,0,1
32527,2026-08-14,4,2,2
32528,2026-08-11,2,0,1
32529,2026-08-18,5,3,3
32576,2026-08-07,7,4,4
32594,2026-08-04,2,0,1
32597,2026-08-07,2,0,1
32598,2026-08-15,4,2,3
32605,2026-08-11,5,2,2
32606,2026-08-15,2,0,1
32607,2026-08-05,3,1,2
32608,2026-08-08,2,0,1
32617,2026-08-07,3,1,2
32626,2026-08-05,3,2,3
32627,2026-08-11,5,3,4
32631,2026-08-05,5,2,3
32632,2026-08-09,3,1,2
32646,2026-08-05,1,0,1
32647,2026-08-11,4,1,2
32650,2026-08-14,4,2,3
32661,2026-08-10,7,4,4
32665,2026-08-14,12,3,3
32666,2026-08-19,3,1,2
32673,2026-08-08,4,2,3
32674,2026-08-19,9,7,6
32676,2026-08-20,13,4,4
32687,2026-08-08,2,0,1
32688,2026-08-14,5,3,2
32697,2026-08-09,5,3,3
32698,2026-08-14,12,10,5
32715,2026-08-08,6,3,3
32716,2026-08-16,7,2,2
32720,2026-08-05,1,0,1
32721,2026-08-08,8,6,4
32722,2026-08-12,4,0,1
32723,2026-08-05,6,0,1
32727,2026-08-09,3,0,1
32728,2026-08-14,3,0,1
32739,2026-08-06,6,4,3
32744,2026-08-19,12,1,2
32745,2026-08-14,3,1,2
32752,2026-08-05,2,1,2
32760,2026-08-09,6,4,3
32761,2026-08-14,2,0,1
32763,2026-08-08,2,0,1
32764,2026-08-12,4,2,3
32765,2026-08-15,11,1,2
32767,2026-08-11,2,0,1
32768,2026-08-17,4,0,1
32771,2026-08-17,8,1,2
32774,2026-08-17,12,2,3
32780,2026-08-08,2,0,1
32781,2026-08-07,3,1,2
32782,2026-08-16,8,0,1
32783,2026-08-21,5,2,3
32791,2026-08-08,5,3,3
32793,2026-08-09,4,2,2
32794,2026-08-16,2,0,1
32795,2026-08-14,9,1,2
32796,2026-08-21,2,0,1
32799,2026-08-12,11,0,1
32800,2026-08-17,7,5,4
32807,2026-08-09,2,0,1
32808,2026-08-15,8,6,5
32813,2026-08-19,7,0,1
32815,2026-08-07,2,0,1
32818,2026-08-06,2,0,1
32819,2026-08-11,8,5,5
32834,2026-08-06,3,2,2
32838,2026-08-07,4,2,3
32860,2026-08-08,2,1,2
32862,2026-08-16,11,2,2
32863,2026-08-21,2,0,1
32864,2026-08-05,2,1,2
32868,2026-08-08,2,0,1
32869,2026-08-15,3,1,2
32874,2026-08-06,5,4,4
32885,2026-08-08,4,2,2
32886,2026-08-14,5,3,3
32887,2026-08-15,13,2,3
32888,2026-08-12,12,0,1
32889,2026-08-16,8,5,3
32890,2026-08-09,3,1,2
32891,2026-08-12,2,0,1
32900,2026-08-09,3,1,2
32901,2026-08-14,4,1,2
32910,2026-08-08,2,0,1
32911,2026-08-15,4,2,2
32921,2026-08-07,7,4,5
32925,2026-08-10,2,1,2
32926,2026-08-13,12,0,1
32927,2026-08-16,4,2,2
32928,2026-08-06,1,0,1
32929,2026-08-09,6,3,2
32930,2026-08-15,3,1,2
32931,2026-08-06,1,0,1
32934,2026-08-05,1,0,1
32935,2026-08-15,10,0,1
32936,2026-08-19,3,1,2
32939,2026-08-09,3,1,2
32940,2026-08-13,4,1,2
32941,2026-08-13,9,0,1
32942,2026-08-17,5,3,4
32943,2026-08-13,14,4,4
32951,2026-08-19,8,0,1
32961,2026-08-06,7,5,4
32962,2026-08-09,3,1,2
32963,2026-08-15,12,1,2
32977,2026-08-10,8,7,6
32978,2026-08-15,6,3,3
32983,2026-08-16,10,0,1
32988,2026-08-07,3,0,1
32989,2026-08-10,5,4,3
33000,2026-08-17,7,0,1
33001,2026-08-19,5,3,4
33006,2026-08-07,3,2,2
33007,2026-08-10,3,2,2
33008,2026-08-14,10,2,2
33009,2026-08-19,2,0,1
33011,2026-08-20,10,2,2
33012,2026-08-06,2,0,1
33013,2026-08-09,3,1,2
33017,2026-08-21,9,0,1
33021,2026-08-11,5,3,3
33022,2026-08-14,6,3,3
33028,2026-08-07,3,2,3
33033,2026-08-10,1,0,1
33034,2026-08-16,2,0,1
33036,2026-08-08,2,0,1
33037,2026-08-18,3,1,2
33039,2026-08-07,1,0,1
33040,2026-08-14,6,4,3
33047,2026-08-11,7,1,2
33048,2026-08-16,4,0,1
33049,2026-08-21,1,0,1
33056,2026-08-15,4,2,2
33061,2026-08-07,2,1,2
33072,2026-08-07,1,0,1
33073,2026-08-20,2,1,1
33078,2026-08-15,11,2,3
33080,2026-08-15,3,0,1
33081,2026-08-14,21,4,5
33082,2026-08-20,6,4,3
33103,2026-08-14,13,5,3
33118,2026-08-21,11,2,2
33122,2026-08-11,3,0,1
33123,2026-08-18,7,3,4
33127,2026-08-09,5,2,2
33129,2026-08-17,10,1,2
33130,2026-08-20,4,2,2
33131,2026-08-06,1,0,1
33134,2026-08-07,4,0,1
33138,2026-08-14,8,0,1
33139,2026-08-18,5,3,4
33142,2026-08-16,8,0,1
33143,2026-08-21,4,1,2
33144,2026-08-20,9,0,1
33152,2026-08-12,15,1,2
33153,2026-08-17,6,4,4
33164,2026-08-07,1,0,1
33165,2026-08-09,2,0,1
33168,2026-08-08,1,0,1
33171,2026-08-17,7,6,5
33172,2026-08-21,1,0,1
33173,2026-08-09,8,6,6
33174,2026-08-07,1,0,1
33191,2026-08-09,5,3,3
33209,2026-08-09,5,0,1
33210,2026-08-14,5,3,3
33212,2026-08-09,5,3,3
33214,2026-08-09,2,0,1
33215,2026-08-14,3,1,2
33221,2026-08-13,14,6,5
33225,2026-08-21,11,2,3
33230,2026-08-08,2,0,1
33239,2026-08-13,16,2,2
33240,2026-08-20,3,1,2
33241,2026-08-15,11,2,3
33246,2026-08-15,7,0,1
33247,2026-08-16,2,0,1
33251,2026-08-10,1,0,1
33252,2026-08-13,2,0,1
33253,2026-08-10,2,1,2
33255,2026-08-21,10,1,2
33257,2026-08-17,3,1,2
33258,2026-08-21,1,0,1
33259,2026-08-21,2,0,1
33260,2026-08-17,13,1,2
33276,2026-08-21,9,1,2
33278,2026-08-13,9,0,1
33279,2026-08-17,10,7,6
33280,2026-08-14,11,0,1
33281,2026-08-21,4,2,2
33282,2026-08-21,6,0,1
33290,2026-08-07,2,0,1
33293,2026-08-11,9,3,3
33296,2026-08-15,6,4,2
33301,2026-08-15,13,3,2
33302,2026-08-10,7,6,4
33303,2026-08-15,4,2,2
33312,2026-08-08,6,4,4
33313,2026-08-14,4,1,2
33326,2026-08-13,16,4,3
33327,2026-08-17,5,3,3
33330,2026-08-13,13,1,2
33331,2026-08-20,5,3,4
33332,2026-08-14,3,1,2
33337,2026-08-21,3,1,2
33342,2026-08-11,16,2,3
33343,2026-08-13,5,2,2
33348,2026-08-15,10,1,2
33349,2026-08-09,3,0,1
33351,2026-08-10,2,1,2
33352,2026-08-13,9,0,1
33353,2026-08-18,3,1,2
33354,2026-08-11,4,2,3
33355,2026-08-11,16,3,3
33356,2026-08-17,5,3,3
33362,2026-08-09,2,0,1
33363,2026-08-09,1,0,1
33364,2026-08-16,13,0,1
33370,2026-08-09,7,6,4
33373,2026-08-08,4,3,3
33376,2026-08-09,5,4,4
33377,2026-08-10,1,0,1
33382,2026-08-11,4,2,3
33383,2026-08-15,5,2,3
33395,2026-08-11,3,1,2
33396,2026-08-17,17,2,3
33398,2026-08-09,5,3,2
33401,2026-08-11,5,0,1
33402,2026-08-12,9,0,1
33403,2026-08-15,6,4,3
33409,2026-08-10,5,4,3
33410,2026-08-09,4,2,2
33411,2026-08-16,3,1,2
33412,2026-08-11,2,0,1
33413,2026-08-11,3,1,2
33414,2026-08-16,2,0,1
33421,2026-08-09,2,1,2
33426,2026-08-09,4,2,3
33429,2026-08-13,8,6,5
33445,2026-08-11,13,5,5
33446,2026-08-17,3,1,2
33447,2026-08-18,13,0,1
33451,2026-08-10,7,6,5
33452,2026-08-13,6,3,4
33453,2026-08-16,4,2,3
33458,2026-08-11,3,0,1
33465,2026-08-13,11,2,3
33466,2026-08-17,4,2,2
33469,2026-08-13,11,2,2
33470,2026-08-16,3,1,2
33477,2026-08-12,12,5,4
33478,2026-08-19,4,2,3
33479,2026-08-16,6,0,1
33480,2026-08-20,3,1,2
33481,2026-08-16,9,0,1
33482,2026-08-20,4,2,3
33491,2026-08-09,4,3,3
33492,2026-08-14,9,1,2
33493,2026-08-17,10,8,7
33497,2026-08-16,8,0,1
33505,2026-08-16,2,0,1
33506,2026-08-14,14,1,2
33517,2026-08-10,2,0,1
33518,2026-08-14,3,1,2
33529,2026-08-20,7,0,1
33533,2026-08-09,4,2,2
33534,2026-08-14,5,3,4
33535,2026-08-12,12,5,3
33536,2026-08-17,3,1,2
33542,2026-08-09,3,1,2
33546,2026-08-12,9,1,2
33547,2026-08-18,3,1,2
33550,2026-08-21,9,1,2
33555,2026-08-10,2,1,2
33556,2026-08-09,7,0,1
33557,2026-08-17,9,7,6
33558,2026-08-12,9,2,2
33559,2026-08-21,7,5,5
33569,2026-08-19,12,0,1
33573,2026-08-16,9,1,2
33577,2026-08-18,5,2,2
33585,2026-08-14,6,5,3
33586,2026-08-19,2,1,1
33588,2026-08-17,3,1,2
33589,2026-08-21,9,7,6
33595,2026-08-17,11,1,2
33596,2026-08-21,3,1,2
33597,2026-08-12,15,0,1
33598,2026-08-12,13,3,4
33599,2026-08-20,2,0,1
33604,2026-08-10,1,0,1
33605,2026-08-16,2,0,1
33621,2026-08-15,9,0,1
33623,2026-08-10,4,2,3
33624,2026-08-14,2,0,1
33640,2026-08-18,10,0,1
33654,2026-08-15,14,2,2
33655,2026-08-21,3,1,2
33668,2026-08-10,8,7,5
33695,2026-08-14,9,2,2
33700,2026-08-12,9,0,1
33701,2026-08-15,2,0,1
33723,2026-08-14,4,1,2
33741,2026-08-19,3,0,1
33742,2026-08-20,4,2,3
33746,2026-08-10,1,0,1
33747,2026-08-14,5,2,2
33752,2026-08-21,16,7,6
33754,2026-08-10,2,0,1
33755,2026-08-17,4,1,2
33773,2026-08-18,11,2,3
33778,2026-08-15,1,0,1
33784,2026-08-19,9,3,3
33795,2026-08-10,2,0,1
33796,2026-08-14,4,2,3
33801,2026-08-20,9,2,2
33818,2026-08-16,6,0,1
33838,2026-08-12,9,4,4
33843,2026-08-16,8,0,1
33844,2026-08-17,8,0,1
33845,2026-08-21,6,4,4
33859,2026-08-14,7,1,2
33861,2026-08-16,12,1,2
33882,2026-08-15,8,0,1
33895,2026-08-21,5,2,3
33902,2026-08-12,3,0,1
33911,2026-08-11,7,2,2
33912,2026-08-15,4,0,1
33915,2026-08-21,10,1,2
33924,2026-08-19,9,0,1
33935,2026-08-13,17,6,5
33936,2026-08-16,3,1,2
33940,2026-08-15,8,2,2
33947,2026-08-12,16,7,3
33957,2026-08-12,12,6,2
33958,2026-08-16,2,0,1
33968,2026-08-13,15,0,1
33969,2026-08-17,2,0,1
33972,2026-08-13,1,0,1
33973,2026-08-17,1,0,1
33974,2026-08-21,2,1,2
34012,2026-08-15,3,1,2
34018,2026-08-14,2,0,1
34019,2026-08-14,7,1,2
34022,2026-08-13,21,7,4
34023,2026-08-16,7,4,4
34051,2026-08-20,9,2,2
34061,2026-08-18,2,0,1
34070,2026-08-13,2,0,1
34075,2026-08-16,11,0,1
34089,2026-08-12,13,3,3
34090,2026-08-16,2,0,1
34091,2026-08-15,23,3,3
34100,2026-08-15,12,1,2
34101,2026-08-21,3,1,2
34106,2026-08-13,4,2,2
34107,2026-08-14,20,2,3
34108,2026-08-16,3,1,2
34110,2026-08-12,12,4,4
34111,2026-08-20,3,1,2
34135,2026-08-16,4,0,1
34139,2026-08-16,11,0,1
34155,2026-08-12,6,0,1
34161,2026-08-12,1,0,1
34162,2026-08-12,2,1,2
34167,2026-08-15,9,0,1
34168,2026-08-17,2,0,1
34177,2026-08-17,7,0,1
34187,2026-08-16,8,2,2
34188,2026-08-21,3,1,2
34191,2026-08-20,6,0,1
34193,2026-08-12,3,2,3
34213,2026-08-18,7,0,1
34214,2026-08-17,14,1,2
34222,2026-08-13,8,3,4
34223,2026-08-16,3,1,2
34231,2026-08-19,7,0,1
34235,2026-08-14,20,8,3
34251,2026-08-17,9,3,3
34252,2026-08-21,2,0,1
34253,2026-08-16,3,1,2
34264,2026-08-19,15,3,4
34274,2026-08-19,12,2,3
34281,2026-08-13,5,2,3
34282,2026-08-13,1,0,1
34295,2026-08-12,1,0,1
34321,2026-08-20,6,1,2
34349,2026-08-14,6,3,4
34369,2026-08-13,6,0,1
34370,2026-08-16,2,0,1
34381,2026-08-13,4,0,1
34390,2026-08-15,12,0,1
34391,2026-08-21,9,0,1
34414,2026-08-16,4,2,3
34449,2026-08-18,12,1,2
34464,2026-08-15,11,4,3
34465,2026-08-18,3,0,1
34466,2026-08-21,2,0,1
34485,2026-08-16,10,0,1
34487,2026-08-21,7,0,1
34509,2026-08-17,14,6,5
34510,2026-08-19,3,1,2
34517,2026-08-15,3,1,2
34533,2026-08-15,2,0,1
34538,2026-08-15,10,0,1
34562,2026-08-14,2,0,1
34576,2026-08-18,7,0,1
34577,2026-08-15,3,0,1
34586,2026-08-20,14,2,3
34595,2026-08-16,2,0,1
34602,2026-08-17,20,3,4
34614,2026-08-16,9,0,1
34630,2026-08-17,4,2,2
34632,2026-08-16,8,0,1
34633,2026-08-21,2,0,1
34636,2026-08-16,3,1,2
34643,2026-08-21,9,3,3
34646,2026-08-17,9,0,1
34650,2026-08-15,3,0,1
34657,2026-08-17,9,0,1
34667,2026-08-21,10,2,3
34684,2026-08-20,12,4,4
34686,2026-08-18,9,1,2
34703,2026-08-17,15,5,3
34707,2026-08-16,9,0,1
34708,2026-08-20,3,1,2
34733,2026-08-14,2,0,1
34741,2026-08-17,4,2,2
34751,2026-08-15,1,0,1
34752,2026-08-19,2,0,1
34780,2026-08-19,8,0,1
34789,2026-08-18,10,1,2
34825,2026-08-15,8,1,2
34835,2026-08-15,4,2,3
34853,2026-08-16,10,4,3
34855,2026-08-18,9,0,1
34864,2026-08-21,13,2,2
34868,2026-08-18,14,3,4
34872,2026-08-19,7,0,1
34876,2026-08-15,2,1,2
34893,2026-08-17,13,4,3
34912,2026-08-18,12,1,2
34919,2026-08-16,8,0,1
34920,2026-08-21,7,5,4
34935,2026-08-15,1,0,1
34940,2026-08-16,12,2,2
34941,2026-08-21,5,3,4
34945,2026-08-16,11,4,3
34946,2026-08-21,1,0,1
34953,2026-08-17,17,4,2
34959,2026-08-15,1,0,1
35033,2026-08-21,13,4,4
35035,2026-08-20,11,1,2
35037,2026-08-17,10,0,1
35044,2026-08-17,5,2,2
35100,2026-08-18,8,0,1
35117,2026-08-17,11,2,3
35118,2026-08-21,3,0,1
35129,2026-08-16,4,0,1
35156,2026-08-18,3,2,2
35157,2026-08-17,1,0,1
35158,2026-08-18,10,0,1
35171,2026-08-18,2,1,2
35174,2026-08-18,7,2,2
35192,2026-08-20,11,0,1
35201,2026-08-18,2,0,1
35202,2026-08-18,2,1,2
35204,2026-08-19,8,1,2
35208,2026-08-19,1,0,1
35230,2026-08-20,5,0,1
35276,2026-08-21,7,0,1
35313,2026-08-21,8,0,1
35332,2026-08-20,9,2,3
35353,2026-08-20,2,0,1
35417,2026-08-19,10,2,2
35430,2026-08-19,10,2,3
35443,2026-08-19,2,1,2
35470,2026-08-19,1,0,1
35481,2026-08-20,7,0,1
35490,2026-08-20,7,0,1
35498,2026-08-19,6,0,1
35573,2026-08-20,10,0,1
35644,2026-08-21,8,0,1
35650,2026-08-20,12,0,1
35662,2026-08-21,12,2,2
35672,2026-08-19,4,1,2
35687,2026-08-20,1,0,1
35695,2026-08-21,6,4,4
35752,2026-08-20,7,0,1
35785,2026-08-20,10,0,1
35815,2026-08-21,2,0,1
35816,2026-08-19,5,3,3
35819,2026-08-21,3,2,1
35829,2026-08-20,1,0,1
35847,2026-08-20,1,0,1
35856,2026-08-20,2,0,1
35858,2026-08-21,11,1,2
35866,2026-08-21,13,1,2
35907,2026-08-20,4,0,1
35914,2026-08-20,3,2,3
35929,2026-08-21,9,2,2
35960,2026-08-21,4,1,2
35977,2026-08-21,9,0,1
35984,2026-08-21,9,2,3
36008,2026-08-21,6,5,6
36018,2026-08-20,1,0,1
36025,2026-08-21,1,0,1
36083,2026-08-21,1,0,1
36102,2026-08-21,1,0,1
36108,2026-08-21,1,0,1
36111,2026-08-21,6,0,1
36148,2026-08-21,6,0,1
36194,2026-08-21,5,2,2
36195,2026-08-21,10,8,4
