case,leg_id,pickup_date,evaluated_at_utc,eta_minutes,target,risk_status,error_minutes
en route -> PICKUP,989,2026-07-21,2026-07-21 14:26:46,49,pickup,at_risk,48.76
en route -> PICKUP,3924,2026-06-15,2026-06-15 11:46:46,27,pickup,on_time,-11.57
en route -> PICKUP,3924,2026-06-15,2026-06-15 12:23:07,0,pickup,watch,-2.22
en route -> PICKUP,3925,2026-06-20,2026-06-20 12:47:10,6,pickup,late,5.17
en route -> PICKUP,4766,2026-07-18,2026-07-19 00:35:10,6,pickup,at_risk,3.73
en route -> PICKUP,4767,2026-07-23,2026-07-23 13:16:25,5,pickup,on_time,3.97
en route -> PICKUP,5864,2026-07-06,2026-07-06 11:37:37,1,pickup,on_time,0.68
en route -> PICKUP,6396,2026-06-13,2026-06-13 17:06:37,11,pickup,late,10.03
en route -> PICKUP,6423,2026-06-08,2026-06-08 12:44:43,3,pickup,on_time,2.36
en route -> PICKUP,6515,2026-06-13,2026-06-13 17:36:54,31,pickup,late,30.15
en route -> PICKUP,6687,2026-07-02,2026-07-02 07:47:40,3,pickup,watch,1.93
en route -> PICKUP,6688,2026-07-03,2026-07-03 10:42:01,4,pickup,watch,3.78
en route -> PICKUP,6751,2026-07-27,2026-07-27 20:21:36,6,pickup,late,5.51
en route -> PICKUP,6967,2026-06-14,2026-06-14 18:29:13,7,pickup,at_risk,4.94
en route -> PICKUP,7122,2026-06-22,2026-06-22 17:58:43,6,pickup,late,4.82
en route -> PICKUP,7123,2026-06-28,2026-06-28 22:46:41,2,pickup,on_time,0.46
en route -> PICKUP,7354,2026-06-09,2026-06-09 19:37:42,8,pickup,late,7.84
en route -> PICKUP,7394,2026-08-16,2026-08-16 16:39:01,0,pickup,on_time,-2.72
en route -> PICKUP,7996,2026-07-12,2026-07-12 21:01:51,7,pickup,late,4.42
en route -> PICKUP,8520,2026-08-21,2026-08-21 13:41:37,2,pickup,on_time,0.74
en route -> PICKUP,8694,2026-07-18,2026-07-18 09:08:01,3,pickup,watch,2.65
en route -> PICKUP,8705,2026-07-25,2026-07-25 12:13:23,7,pickup,watch,4.52
en route -> PICKUP,8776,2026-06-10,2026-06-10 08:24:16,6,pickup,watch,3.58
en route -> PICKUP,8885,2026-07-07,2026-07-07 18:26:54,1,pickup,late,-1.77
en route -> PICKUP,8965,2026-07-08,2026-07-08 12:25:31,8,pickup,on_time,5.66
en route -> PICKUP,9030,2026-06-14,2026-06-14 17:25:42,4,pickup,late,3.78
en route -> PICKUP,9136,2026-06-12,2026-06-12 19:55:33,7,pickup,late,6.98
en route -> PICKUP,9137,2026-06-14,2026-06-14 09:39:35,1,pickup,on_time,-1.48
en route -> PICKUP,9143,2026-08-02,2026-08-02 12:27:11,11,pickup,on_time,9.32
en route -> PICKUP,9149,2026-07-07,2026-07-07 17:08:23,7,pickup,late,4.43
en route -> PICKUP,9388,2026-06-11,2026-06-11 17:24:12,4,pickup,late,2.07
en route -> PICKUP,9389,2026-06-20,2026-06-20 13:05:17,8,pickup,late,7.53
en route -> PICKUP,9549,2026-07-03,2026-07-03 14:49:51,0,pickup,late,-0.54
en route -> PICKUP,9613,2026-06-24,2026-06-24 17:58:19,6,pickup,late,5.52
en route -> PICKUP,9620,2026-07-15,2026-07-15 17:19:53,7,pickup,watch,4.65
en route -> PICKUP,9627,2026-06-29,2026-06-29 16:19:14,2,pickup,watch,0.48
en route -> PICKUP,9884,2026-07-08,2026-07-09 00:18:30,10,pickup,late,9.39
en route -> PICKUP,9885,2026-07-14,2026-07-14 16:45:09,3,pickup,watch,1.65
en route -> PICKUP,9912,2026-06-10,2026-06-10 12:04:58,5,pickup,late,2.07
en route -> PICKUP,10316,2026-06-16,2026-06-16 14:45:42,3,pickup,watch,0.67
en route -> PICKUP,10330,2026-06-12,2026-06-12 12:45:10,5,pickup,late,2.54
en route -> PICKUP,10383,2026-06-20,2026-06-20 08:48:44,10,pickup,watch,7.08
en route -> PICKUP,10532,2026-07-10,2026-07-10 20:57:06,1,pickup,watch,0.7
en route -> PICKUP,10695,2026-07-12,2026-07-12 13:10:31,6,pickup,on_time,3.48
en route -> PICKUP,10800,2026-08-18,2026-08-18 15:17:19,11,pickup,at_risk,3.81
en route -> PICKUP,10800,2026-08-18,2026-08-18 15:23:21,11,pickup,late,9.85
en route -> PICKUP,10811,2026-08-01,2026-08-01 16:47:35,5,pickup,on_time,4.74
en route -> PICKUP,11122,2026-08-14,2026-08-14 19:59:14,5,pickup,watch,-258.94
en route -> PICKUP,11195,2026-06-09,2026-06-09 15:57:16,10,pickup,late,7.26
en route -> PICKUP,11196,2026-06-16,2026-06-16 19:14:00,1,pickup,watch,-0.71
en route -> PICKUP,11244,2026-06-18,2026-06-18 15:40:33,4,pickup,late,3.54
en route -> PICKUP,11370,2026-07-16,2026-07-16 11:09:30,5,pickup,on_time,3.63
en route -> PICKUP,11528,2026-06-20,2026-06-20 21:59:45,2,pickup,at_risk,1.12
en route -> PICKUP,11555,2026-06-16,2026-06-16 13:15:10,8,pickup,late,5.63
en route -> PICKUP,11660,2026-07-05,2026-07-05 14:37:25,4,pickup,late,2.27
en route -> PICKUP,11663,2026-06-27,2026-06-27 12:43:43,9,pickup,at_risk,7.35
en route -> PICKUP,11688,2026-06-14,2026-06-14 13:11:26,5,pickup,at_risk,3.96
en route -> PICKUP,11689,2026-06-19,2026-06-19 20:27:27,1,pickup,watch,-1.1
en route -> PICKUP,11695,2026-06-18,2026-06-18 13:33:44,6,pickup,late,5.96
en route -> PICKUP,11696,2026-06-25,2026-06-25 19:30:14,4,pickup,on_time,2.09
en route -> PICKUP,11728,2026-07-29,2026-07-29 20:56:02,1,pickup,watch,-0.29
en route -> PICKUP,11814,2026-07-11,2026-07-11 12:13:40,4,pickup,on_time,3.67
en route -> PICKUP,11956,2026-06-14,2026-06-14 12:56:19,1,pickup,watch,0.68
en route -> PICKUP,11986,2026-07-08,2026-07-08 13:47:10,1,pickup,watch,0.02
en route -> PICKUP,12023,2026-07-03,2026-07-03 14:55:54,1,pickup,watch,-1.89
en route -> PICKUP,12109,2026-07-24,2026-07-25 01:36:39,7,pickup,late,5.86
en route -> PICKUP,12163,2026-08-03,2026-08-03 12:25:50,6,pickup,at_risk,4.42
en route -> PICKUP,12354,2026-06-20,2026-06-20 11:55:51,6,pickup,late,3.33
en route -> PICKUP,12355,2026-06-27,2026-06-27 10:06:44,6,pickup,watch,5.49
en route -> PICKUP,12402,2026-07-04,2026-07-04 11:56:15,6,pickup,at_risk,5.63
en route -> PICKUP,12674,2026-06-13,2026-06-13 11:45:49,3,pickup,late,2.17
en route -> PICKUP,12744,2026-06-20,2026-06-20 17:19:07,2,pickup,watch,0.95
en route -> PICKUP,12748,2026-06-20,2026-06-20 09:33:59,1,pickup,watch,0.07
en route -> PICKUP,12823,2026-06-15,2026-06-15 12:44:19,6,pickup,late,4.33
en route -> PICKUP,12834,2026-07-25,2026-07-25 11:23:18,5,pickup,watch,4.21
en route -> PICKUP,12971,2026-06-12,2026-06-12 17:57:30,2,pickup,on_time,0.18
en route -> PICKUP,13002,2026-06-10,2026-06-10 13:51:04,0,pickup,on_time,-0.39
en route -> PICKUP,13029,2026-07-22,2026-07-22 16:42:16,7,pickup,late,6.31
en route -> PICKUP,13045,2026-06-19,2026-06-19 09:49:51,13,pickup,watch,12.7
en route -> PICKUP,13080,2026-07-08,2026-07-08 12:55:45,8,pickup,at_risk,7.25
en route -> PICKUP,13162,2026-06-12,2026-06-12 18:52:00,2,pickup,watch,1.53
en route -> PICKUP,13206,2026-06-11,2026-06-11 08:08:13,1,pickup,watch,-0.28
en route -> PICKUP,13251,2026-06-16,2026-06-16 14:39:40,5,pickup,on_time,3.01
en route -> PICKUP,13255,2026-06-12,2026-06-12 16:56:48,6,pickup,at_risk,4.13
en route -> PICKUP,13304,2026-06-27,2026-06-27 08:30:14,7,pickup,watch,6.77
en route -> PICKUP,13308,2026-06-20,2026-06-20 15:42:22,28,pickup,late,25.94
en route -> PICKUP,13423,2026-07-16,2026-07-16 19:33:34,2,pickup,watch,1.91
en route -> PICKUP,13514,2026-06-13,2026-06-13 18:01:06,0,pickup,late,-0.6
en route -> PICKUP,13572,2026-07-27,2026-07-27 10:59:13,6,pickup,watch,3.91
en route -> PICKUP,13586,2026-08-17,2026-08-17 11:06:15,1,pickup,late,-1.21
en route -> PICKUP,13683,2026-08-21,2026-08-21 17:45:42,5,pickup,watch,3.46
en route -> PICKUP,13731,2026-06-27,2026-06-27 15:57:03,5,pickup,late,2.38
en route -> PICKUP,13919,2026-07-22,2026-07-22 08:58:02,9,pickup,at_risk,6.27
en route -> PICKUP,13948,2026-06-11,2026-06-11 21:00:01,5,pickup,late,4.12
en route -> PICKUP,13957,2026-06-20,2026-06-20 14:32:55,5,pickup,late,2.67
en route -> PICKUP,13980,2026-06-23,2026-06-23 13:55:25,4,pickup,watch,3.4
en route -> PICKUP,14014,2026-06-13,2026-06-13 14:17:11,0,pickup,late,-1.74
en route -> PICKUP,14036,2026-07-03,2026-07-03 13:49:26,6,pickup,late,3.29
en route -> PICKUP,14085,2026-06-17,2026-06-17 13:23:02,2,pickup,watch,0.99
en route -> PICKUP,14092,2026-06-29,2026-06-29 17:19:44,8,pickup,watch,6.74
en route -> PICKUP,14156,2026-06-13,2026-06-13 13:10:36,7,pickup,watch,6.88
en route -> PICKUP,14188,2026-06-10,2026-06-10 17:16:58,2,pickup,on_time,0.55
en route -> PICKUP,14440,2026-06-13,2026-06-13 12:00:56,0,pickup,watch,-1.01
en route -> PICKUP,14473,2026-07-05,2026-07-05 13:24:53,1,pickup,on_time,-1.36
en route -> PICKUP,14552,2026-06-10,2026-06-10 14:09:14,2,pickup,on_time,-14.9
en route -> PICKUP,14552,2026-06-10,2026-06-10 14:24:22,1,pickup,watch,-0.78
en route -> PICKUP,14590,2026-07-19,2026-07-19 12:43:55,6,pickup,on_time,4.17
en route -> PICKUP,14666,2026-06-14,2026-06-14 13:44:43,28,pickup,late,27.29
en route -> PICKUP,14692,2026-06-18,2026-06-18 20:56:14,6,pickup,late,4.06
en route -> PICKUP,14723,2026-06-24,2026-06-24 12:43:42,4,pickup,watch,2.4
en route -> PICKUP,14765,2026-06-20,2026-06-20 16:08:14,12,pickup,on_time,11.91
en route -> PICKUP,14840,2026-06-08,2026-06-08 08:19:14,2,pickup,watch,1.48
en route -> PICKUP,14860,2026-07-11,2026-07-11 12:01:35,7,pickup,late,4.58
en route -> PICKUP,14954,2026-08-07,2026-08-07 09:17:06,6,pickup,on_time,-45.39
en route -> PICKUP,14954,2026-08-07,2026-08-07 10:05:28,45,pickup,on_time,41.97
en route -> PICKUP,14965,2026-07-20,2026-07-20 15:07:13,5,pickup,on_time,2.55
en route -> PICKUP,14989,2026-07-12,2026-07-12 16:36:00,11,pickup,late,8.55
en route -> PICKUP,15180,2026-08-16,2026-08-16 22:35:21,5,pickup,at_risk,3.59
en route -> PICKUP,15203,2026-06-28,2026-06-28 13:03:49,1,pickup,late,0.83
en route -> PICKUP,15225,2026-06-27,2026-06-27 11:28:12,8,pickup,on_time,5.56
en route -> PICKUP,15229,2026-06-20,2026-06-20 13:59:40,2,pickup,at_risk,1.83
en route -> PICKUP,15300,2026-07-19,2026-07-19 12:10:44,3,pickup,watch,1.79
en route -> PICKUP,15312,2026-08-08,2026-08-08 11:54:28,2,pickup,late,0.59
en route -> PICKUP,15327,2026-06-13,2026-06-13 23:18:38,5,pickup,late,2.17
en route -> PICKUP,15332,2026-06-13,2026-06-13 10:42:17,4,pickup,on_time,1.36
en route -> PICKUP,15525,2026-08-07,2026-08-07 12:41:07,6,pickup,on_time,3.17
en route -> PICKUP,15553,2026-08-07,2026-08-07 13:37:29,5,pickup,watch,3.14
en route -> PICKUP,15636,2026-06-25,2026-06-25 18:29:54,4,pickup,on_time,3.08
en route -> PICKUP,15650,2026-06-24,2026-06-24 18:04:21,38,pickup,late,35.11
en route -> PICKUP,15706,2026-07-11,2026-07-11 13:44:21,4,pickup,watch,2.6
en route -> PICKUP,15719,2026-06-26,2026-06-26 12:41:41,7,pickup,late,6.94
en route -> PICKUP,15726,2026-07-12,2026-07-12 17:21:22,5,pickup,watch,2.69
en route -> PICKUP,15810,2026-06-29,2026-06-29 10:55:52,0,pickup,watch,-1.99
en route -> PICKUP,15820,2026-06-28,2026-06-28 19:03:21,7,pickup,late,4.41
en route -> PICKUP,15844,2026-06-27,2026-06-27 11:31:14,4,pickup,watch,3.09
en route -> PICKUP,15865,2026-06-10,2026-06-10 11:46:47,32,pickup,on_time,-20.12
en route -> PICKUP,15865,2026-06-10,2026-06-10 11:58:54,27,pickup,on_time,-13.0
en route -> PICKUP,15865,2026-06-10,2026-06-10 12:01:56,29,pickup,on_time,-7.97
en route -> PICKUP,15865,2026-06-10,2026-06-10 12:38:19,0,pickup,watch,-0.59
en route -> PICKUP,15879,2026-07-26,2026-07-26 21:20:44,5,pickup,late,3.07
en route -> PICKUP,15889,2026-07-07,2026-07-07 19:36:16,2,pickup,late,-0.61
en route -> PICKUP,15902,2026-08-08,2026-08-08 13:05:35,6,pickup,on_time,3.23
en route -> PICKUP,15933,2026-08-07,2026-08-07 12:10:49,1,pickup,on_time,0.73
en route -> PICKUP,15947,2026-06-30,2026-06-30 13:07:11,7,pickup,late,6.6
en route -> PICKUP,15963,2026-06-19,2026-06-19 19:29:58,6,pickup,late,3.83
en route -> PICKUP,15965,2026-06-28,2026-06-28 12:09:26,6,pickup,on_time,4.08
en route -> PICKUP,15977,2026-06-12,2026-06-12 14:34:16,0,pickup,late,-0.74
en route -> PICKUP,16074,2026-06-08,2026-06-08 16:16:24,2,pickup,late,-0.64
en route -> PICKUP,16075,2026-06-19,2026-06-19 08:31:33,4,pickup,watch,1.16
en route -> PICKUP,16134,2026-07-31,2026-07-31 14:04:44,2,pickup,on_time,0.86
en route -> PICKUP,16189,2026-07-08,2026-07-08 16:54:33,10,pickup,late,7.46
en route -> PICKUP,16190,2026-07-13,2026-07-13 17:50:32,4,pickup,watch,1.54
en route -> PICKUP,16199,2026-06-23,2026-06-23 12:27:52,1,pickup,on_time,-0.48
en route -> PICKUP,16259,2026-08-04,2026-08-04 19:52:36,6,pickup,late,4.2
en route -> PICKUP,16260,2026-08-09,2026-08-09 12:46:33,10,pickup,watch,8.41
en route -> PICKUP,16289,2026-07-01,2026-07-01 19:25:02,2,pickup,late,0.71
en route -> PICKUP,16292,2026-07-11,2026-07-11 17:03:58,3,pickup,late,1.24
en route -> PICKUP,16302,2026-07-25,2026-07-25 13:25:52,5,pickup,late,3.73
en route -> PICKUP,16349,2026-06-10,2026-06-10 21:52:13,2,pickup,watch,0.96
en route -> PICKUP,16380,2026-06-22,2026-06-22 17:37:33,12,pickup,at_risk,11.75
en route -> PICKUP,16385,2026-08-15,2026-08-15 12:31:18,7,pickup,on_time,4.97
en route -> PICKUP,16393,2026-07-26,2026-07-26 14:58:48,4,pickup,on_time,1.01
en route -> PICKUP,16394,2026-08-02,2026-08-02 12:58:00,8,pickup,late,5.97
en route -> PICKUP,16404,2026-06-26,2026-06-26 10:19:47,0,pickup,watch,-1.29
en route -> PICKUP,16507,2026-06-23,2026-06-23 16:59:34,8,pickup,late,6.33
en route -> PICKUP,16508,2026-06-27,2026-06-27 21:08:08,0,pickup,watch,-2.04
en route -> PICKUP,16523,2026-06-12,2026-06-12 16:32:32,3,pickup,watch,1.16
en route -> PICKUP,16527,2026-06-19,2026-06-19 18:38:37,0,pickup,watch,-0.07
en route -> PICKUP,16578,2026-07-04,2026-07-04 13:54:01,2,pickup,watch,1.03
en route -> PICKUP,16608,2026-06-14,2026-06-14 17:07:33,5,pickup,at_risk,2.26
en route -> PICKUP,16614,2026-07-11,2026-07-11 12:43:54,6,pickup,on_time,5.17
en route -> PICKUP,16629,2026-06-17,2026-06-17 14:17:22,2,pickup,on_time,0.51
en route -> PICKUP,16647,2026-06-12,2026-06-12 12:48:12,6,pickup,watch,3.17
en route -> PICKUP,16660,2026-07-12,2026-07-12 17:27:24,2,pickup,on_time,-0.91
en route -> PICKUP,16663,2026-06-29,2026-06-29 11:29:05,25,pickup,late,24.43
en route -> PICKUP,16698,2026-06-19,2026-06-19 23:31:30,4,pickup,late,3.1
en route -> PICKUP,16741,2026-07-17,2026-07-17 15:03:10,6,pickup,late,3.58
en route -> PICKUP,16742,2026-07-25,2026-07-25 12:37:32,3,pickup,on_time,1.36
en route -> PICKUP,16924,2026-07-20,2026-07-20 16:04:33,6,pickup,late,4.13
en route -> PICKUP,16925,2026-07-26,2026-07-26 11:52:20,2,pickup,watch,0.04
en route -> PICKUP,16936,2026-07-21,2026-07-21 12:20:38,4,pickup,watch,2.45
en route -> PICKUP,16956,2026-07-15,2026-07-15 20:39:05,5,pickup,late,2.49
en route -> PICKUP,16957,2026-07-19,2026-07-19 14:20:51,27,pickup,late,25.77
en route -> PICKUP,16965,2026-06-28,2026-06-28 22:07:29,2,pickup,on_time,0.76
en route -> PICKUP,17002,2026-07-18,2026-07-18 10:08:25,0,pickup,watch,-1.59
en route -> PICKUP,17055,2026-07-23,2026-07-23 19:27:42,1,pickup,watch,0.99
en route -> PICKUP,17065,2026-06-17,2026-06-17 20:55:53,7,pickup,late,5.82
en route -> PICKUP,17066,2026-06-26,2026-06-26 17:10:38,32,pickup,late,29.77
en route -> PICKUP,17067,2026-06-28,2026-06-28 17:56:56,6,pickup,at_risk,5.1
en route -> PICKUP,17068,2026-07-03,2026-07-03 13:16:10,1,pickup,watch,-0.71
en route -> PICKUP,17104,2026-06-28,2026-06-28 15:40:59,8,pickup,late,7.82
en route -> PICKUP,17105,2026-07-05,2026-07-05 12:12:22,2,pickup,watch,1.37
en route -> PICKUP,17106,2026-06-11,2026-06-11 15:11:56,7,pickup,late,5.62
en route -> PICKUP,17107,2026-06-16,2026-06-16 09:47:05,2,pickup,on_time,0.63
en route -> PICKUP,17132,2026-06-09,2026-06-09 20:41:06,6,pickup,late,3.56
en route -> PICKUP,17133,2026-06-18,2026-06-18 11:54:08,12,pickup,at_risk,11.48
en route -> PICKUP,17183,2026-08-10,2026-08-10 18:39:48,6,pickup,watch,3.33
en route -> PICKUP,17184,2026-08-16,2026-08-16 12:39:28,10,pickup,on_time,7.42
en route -> PICKUP,17199,2026-06-10,2026-06-10 16:43:40,6,pickup,at_risk,2.98
en route -> PICKUP,17200,2026-06-15,2026-06-15 07:51:20,3,pickup,on_time,0.11
en route -> PICKUP,17202,2026-06-19,2026-06-19 20:24:26,12,pickup,on_time,-29.64
en route -> PICKUP,17202,2026-06-19,2026-06-19 21:03:41,3,pickup,on_time,0.61
en route -> PICKUP,17225,2026-08-17,2026-08-18 00:01:04,30,pickup,late,29.56
en route -> PICKUP,17228,2026-06-08,2026-06-08 16:43:36,2,pickup,watch,-0.0
en route -> PICKUP,17238,2026-06-21,2026-06-21 11:57:13,0,pickup,watch,-0.05
en route -> PICKUP,17309,2026-06-22,2026-06-22 14:59:52,0,pickup,watch,-0.68
en route -> PICKUP,17324,2026-06-24,2026-06-24 15:11:31,6,pickup,late,4.86
en route -> PICKUP,17325,2026-06-29,2026-06-29 15:03:37,0,pickup,late,-2.18
en route -> PICKUP,17394,2026-06-22,2026-06-22 19:32:36,1,pickup,watch,-1.97
en route -> PICKUP,17411,2026-07-11,2026-07-11 18:07:27,45,next_pickup,watch,-4.71
en route -> PICKUP,17411,2026-07-11,2026-07-11 18:10:29,45,next_pickup,watch,-1.68
en route -> PICKUP,17411,2026-07-11,2026-07-11 18:13:30,45,next_pickup,watch,1.35
en route -> PICKUP,17411,2026-07-11,2026-07-11 18:43:44,10,pickup,watch,-3.42
en route -> PICKUP,17411,2026-07-11,2026-07-11 18:55:51,3,pickup,watch,1.69
en route -> PICKUP,17415,2026-06-10,2026-06-10 08:36:20,0,pickup,watch,-2.21
en route -> PICKUP,17443,2026-07-21,2026-07-21 10:41:05,12,pickup,watch,10.64
en route -> PICKUP,17447,2026-07-14,2026-07-14 14:05:04,5,pickup,late,3.39
en route -> PICKUP,17448,2026-07-21,2026-07-21 12:56:51,0,pickup,watch,-0.98
en route -> PICKUP,17473,2026-08-10,2026-08-10 13:26:00,7,pickup,late,6.54
en route -> PICKUP,17482,2026-06-20,2026-06-20 13:02:17,5,pickup,watch,4.3
en route -> PICKUP,17490,2026-06-22,2026-06-22 12:46:42,8,pickup,at_risk,7.61
en route -> PICKUP,17491,2026-06-24,2026-06-24 12:46:43,6,pickup,late,3.35
en route -> PICKUP,17494,2026-06-29,2026-06-29 09:01:23,0,pickup,watch,-1.77
en route -> PICKUP,17508,2026-07-28,2026-07-28 16:06:26,5,pickup,late,2.61
en route -> PICKUP,17509,2026-08-01,2026-08-01 15:00:08,30,pickup,late,28.17
en route -> PICKUP,17559,2026-07-26,2026-07-26 11:04:06,25,pickup,on_time,-84.34
en route -> PICKUP,17559,2026-07-26,2026-07-26 11:07:07,25,pickup,on_time,-81.32
en route -> PICKUP,17559,2026-07-26,2026-07-26 12:51:50,4,pickup,watch,2.38
en route -> PICKUP,17585,2026-07-26,2026-07-26 12:45:47,7,pickup,watch,4.08
en route -> PICKUP,17589,2026-06-25,2026-06-25 12:38:52,4,pickup,on_time,1.57
en route -> PICKUP,17593,2026-06-10,2026-06-10 10:19:12,2,pickup,on_time,1.86
en route -> PICKUP,17595,2026-06-20,2026-06-20 21:08:27,2,pickup,on_time,1.62
en route -> PICKUP,17620,2026-07-30,2026-07-30 11:28:10,4,pickup,on_time,2.93
en route -> PICKUP,17641,2026-07-13,2026-07-13 12:36:12,1,pickup,watch,0.02
en route -> PICKUP,17644,2026-06-15,2026-06-15 18:23:42,1,pickup,late,-0.67
en route -> PICKUP,17647,2026-06-18,2026-06-18 16:53:07,0,pickup,watch,-1.21
en route -> PICKUP,17651,2026-06-18,2026-06-18 18:19:01,6,pickup,late,5.34
en route -> PICKUP,17652,2026-06-24,2026-06-24 12:07:30,7,pickup,watch,6.52
en route -> PICKUP,17662,2026-08-01,2026-08-02 02:24:43,4,pickup,watch,2.46
en route -> PICKUP,17663,2026-08-07,2026-08-07 11:49:36,2,pickup,watch,-0.28
en route -> PICKUP,17702,2026-06-25,2026-06-25 12:14:45,2,pickup,on_time,0.32
en route -> PICKUP,17714,2026-06-26,2026-06-26 17:37:50,33,pickup,late,32.15
en route -> PICKUP,17721,2026-06-17,2026-06-17 18:13:01,2,pickup,on_time,-0.01
en route -> PICKUP,17732,2026-07-07,2026-07-07 16:59:19,8,pickup,late,7.89
en route -> PICKUP,17733,2026-07-07,2026-07-07 11:27:06,1,pickup,on_time,-1.07
en route -> PICKUP,17747,2026-06-13,2026-06-13 16:51:30,1,pickup,late,-0.14
en route -> PICKUP,17765,2026-06-21,2026-06-21 11:27:03,35,pickup,at_risk,32.17
en route -> PICKUP,17804,2026-06-29,2026-06-29 14:09:12,9,pickup,late,8.75
en route -> PICKUP,17805,2026-07-03,2026-07-03 11:21:18,3,pickup,watch,1.28
en route -> PICKUP,17938,2026-07-05,2026-07-05 10:41:48,6,pickup,late,5.43
en route -> PICKUP,17939,2026-07-12,2026-07-12 08:20:38,1,pickup,watch,-1.2
en route -> PICKUP,17940,2026-06-11,2026-06-11 09:45:33,12,pickup,on_time,-80.6
en route -> PICKUP,17940,2026-06-11,2026-06-11 11:09:57,8,pickup,at_risk,-0.22
en route -> PICKUP,17940,2026-06-11,2026-06-11 11:15:58,2,pickup,late,-0.19
en route -> PICKUP,17941,2026-06-17,2026-06-17 11:25:18,5,pickup,at_risk,3.65
en route -> PICKUP,17943,2026-06-22,2026-06-22 21:21:18,0,pickup,late,-0.85
en route -> PICKUP,17985,2026-07-20,2026-07-20 10:01:04,1,pickup,late,-0.7
en route -> PICKUP,18028,2026-07-02,2026-07-02 22:27:34,6,pickup,late,3.1
en route -> PICKUP,18068,2026-06-18,2026-06-18 21:41:29,9,pickup,late,8.04
en route -> PICKUP,18070,2026-06-28,2026-06-28 12:51:43,4,pickup,watch,1.62
en route -> PICKUP,18072,2026-06-24,2026-06-24 15:11:31,1,pickup,on_time,-1.46
en route -> PICKUP,18075,2026-06-20,2026-06-20 11:22:37,29,pickup,late,27.74
en route -> PICKUP,18076,2026-07-10,2026-07-10 13:36:14,6,pickup,late,5.95
en route -> PICKUP,18077,2026-07-15,2026-07-15 09:40:56,2,pickup,watch,1.4
en route -> PICKUP,18087,2026-06-10,2026-06-10 10:40:20,3,pickup,on_time,0.82
en route -> PICKUP,18089,2026-06-14,2026-06-14 11:04:18,0,pickup,on_time,-0.82
en route -> PICKUP,18120,2026-07-07,2026-07-07 12:42:32,16,pickup,late,15.68
en route -> PICKUP,18128,2026-07-03,2026-07-03 19:55:13,2,pickup,watch,1.54
en route -> PICKUP,18153,2026-06-09,2026-06-09 18:01:06,0,pickup,late,-1.17
en route -> PICKUP,18179,2026-06-19,2026-06-19 09:40:49,20,pickup,on_time,18.28
en route -> PICKUP,18180,2026-06-24,2026-06-24 18:22:27,8,pickup,late,5.84
en route -> PICKUP,18196,2026-06-11,2026-06-11 12:13:20,1,pickup,on_time,-1.67
en route -> PICKUP,18218,2026-06-09,2026-06-09 15:30:05,11,pickup,watch,9.34
en route -> PICKUP,18231,2026-07-04,2026-07-04 12:05:18,5,pickup,on_time,2.12
en route -> PICKUP,18240,2026-06-10,2026-06-10 18:35:35,2,pickup,late,1.44
en route -> PICKUP,18245,2026-06-23,2026-06-23 11:57:41,0,pickup,watch,-0.59
en route -> PICKUP,18249,2026-06-29,2026-06-29 10:28:45,7,pickup,on_time,4.06
en route -> PICKUP,18256,2026-06-20,2026-06-20 10:10:10,2,pickup,on_time,1.63
en route -> PICKUP,18277,2026-06-30,2026-06-30 10:36:27,2,pickup,watch,1.56
en route -> PICKUP,18278,2026-06-18,2026-06-18 16:10:45,4,pickup,on_time,3.28
en route -> PICKUP,18279,2026-06-21,2026-06-21 07:16:49,2,pickup,watch,1.1
en route -> PICKUP,18318,2026-06-26,2026-06-26 13:51:12,1,pickup,watch,-1.03
en route -> PICKUP,18321,2026-06-21,2026-06-21 23:16:28,1336,pickup,late,1335.86
en route -> PICKUP,18336,2026-06-16,2026-06-16 12:11:50,1,pickup,watch,-0.97
en route -> PICKUP,18404,2026-07-31,2026-07-31 15:35:16,6,pickup,late,4.98
en route -> PICKUP,18405,2026-08-07,2026-08-07 15:08:11,6,pickup,on_time,4.2
en route -> PICKUP,18417,2026-06-09,2026-06-09 12:16:43,22,pickup,on_time,-0.79
en route -> PICKUP,18417,2026-06-09,2026-06-09 12:37:52,2,pickup,on_time,0.36
en route -> PICKUP,18428,2026-06-17,2026-06-17 14:44:34,6,pickup,late,-9.25
en route -> PICKUP,18428,2026-06-17,2026-06-17 14:59:38,6,pickup,late,5.82
en route -> PICKUP,18429,2026-06-23,2026-06-23 16:29:24,2,pickup,late,-0.01
en route -> PICKUP,18432,2026-07-04,2026-07-04 10:28:48,1,pickup,on_time,-0.07
en route -> PICKUP,18443,2026-06-12,2026-06-12 21:23:15,1,pickup,watch,-0.04
en route -> PICKUP,18449,2026-06-12,2026-06-12 14:37:18,2,pickup,watch,-0.45
en route -> PICKUP,18458,2026-07-18,2026-07-18 16:02:23,7,pickup,watch,5.91
en route -> PICKUP,18459,2026-07-26,2026-07-26 11:16:10,2,pickup,watch,-0.92
en route -> PICKUP,18475,2026-06-10,2026-06-10 13:17:44,1,pickup,on_time,-1.67
en route -> PICKUP,18485,2026-06-29,2026-06-29 12:11:20,4,pickup,watch,3.48
en route -> PICKUP,18489,2026-06-12,2026-06-12 19:58:35,2,pickup,at_risk,-0.46
en route -> PICKUP,18530,2026-07-01,2026-07-01 21:13:36,14,next_pickup,watch,12.42
en route -> PICKUP,18532,2026-06-14,2026-06-14 19:26:43,9,pickup,late,7.06
en route -> PICKUP,18533,2026-06-21,2026-06-21 14:31:12,2,pickup,watch,-0.94
en route -> PICKUP,18555,2026-07-10,2026-07-10 10:50:05,1,pickup,watch,0.65
en route -> PICKUP,18557,2026-06-29,2026-06-29 11:26:03,3,pickup,watch,1.01
en route -> PICKUP,18566,2026-07-03,2026-07-03 13:07:07,0,pickup,watch,-0.49
en route -> PICKUP,18598,2026-06-28,2026-06-28 11:45:15,2,pickup,watch,0.74
en route -> PICKUP,18610,2026-06-10,2026-06-10 12:23:10,180,pickup,at_risk,178.3
en route -> PICKUP,18677,2026-06-23,2026-06-23 23:58:49,2,pickup,late,0.37
en route -> PICKUP,18678,2026-06-30,2026-06-30 15:01:57,2,pickup,late,0.34
en route -> PICKUP,18720,2026-06-27,2026-06-27 19:04:24,6,pickup,late,5.68
en route -> PICKUP,18726,2026-08-08,2026-08-08 14:51:32,7,pickup,watch,4.1
en route -> PICKUP,18733,2026-06-30,2026-06-30 16:50:42,6,pickup,at_risk,5.98
en route -> PICKUP,18734,2026-07-07,2026-07-07 17:35:33,3,pickup,on_time,2.3
en route -> PICKUP,18774,2026-06-15,2026-06-15 17:05:00,7,pickup,watch,4.07
en route -> PICKUP,18775,2026-06-19,2026-06-19 15:19:09,0,pickup,watch,-1.46
en route -> PICKUP,18786,2026-08-15,2026-08-15 14:46:30,6,pickup,at_risk,5.84
en route -> PICKUP,18791,2026-06-08,2026-06-08 21:09:30,5,pickup,watch,3.83
en route -> PICKUP,18801,2026-06-12,2026-06-12 21:26:17,2,pickup,watch,1.37
en route -> PICKUP,18851,2026-06-18,2026-06-18 11:29:59,9,pickup,watch,6.62
en route -> PICKUP,18857,2026-06-13,2026-06-13 09:47:51,3,pickup,watch,2.16
en route -> PICKUP,18865,2026-06-12,2026-06-12 19:37:23,8,pickup,watch,7.92
en route -> PICKUP,18874,2026-06-30,2026-06-30 09:57:15,2,pickup,watch,1.45
en route -> PICKUP,18890,2026-08-01,2026-08-01 15:03:09,2,pickup,watch,1.28
en route -> PICKUP,18908,2026-08-18,2026-08-18 19:38:19,30,next_pickup,on_time,-76.4
en route -> PICKUP,18908,2026-08-18,2026-08-18 20:17:36,22,next_pickup,on_time,-45.11
en route -> PICKUP,18908,2026-08-18,2026-08-18 20:56:56,5,pickup,on_time,-22.78
en route -> PICKUP,18908,2026-08-18,2026-08-18 21:24:07,6,pickup,watch,5.4
en route -> PICKUP,18954,2026-07-05,2026-07-05 07:04:40,7,pickup,on_time,5.82
en route -> PICKUP,18955,2026-06-27,2026-06-27 21:17:12,6,pickup,late,4.19
en route -> PICKUP,18987,2026-06-22,2026-06-22 20:51:10,3,pickup,late,1.89
en route -> PICKUP,18988,2026-06-28,2026-06-28 12:48:41,4,pickup,on_time,1.68
en route -> PICKUP,18995,2026-06-14,2026-06-14 15:57:54,0,pickup,on_time,-0.16
en route -> PICKUP,19030,2026-06-20,2026-06-20 12:01:53,20,pickup,late,17.41
en route -> PICKUP,19036,2026-08-01,2026-08-01 15:00:08,5,pickup,late,4.59
en route -> PICKUP,19073,2026-06-11,2026-06-11 18:44:04,2,pickup,watch,0.65
en route -> PICKUP,19107,2026-06-14,2026-06-14 07:47:54,0,pickup,watch,-2.78
en route -> PICKUP,19116,2026-08-02,2026-08-02 15:12:14,0,pickup,late,-1.86
en route -> PICKUP,19129,2026-07-10,2026-07-10 17:40:59,7,pickup,late,4.25
en route -> PICKUP,19130,2026-07-16,2026-07-16 20:36:53,5,pickup,on_time,4.09
en route -> PICKUP,19131,2026-06-22,2026-06-22 19:02:19,8,pickup,late,6.19
en route -> PICKUP,19132,2026-06-27,2026-06-27 12:22:34,26,pickup,late,24.65
en route -> PICKUP,19182,2026-06-30,2026-06-30 10:24:23,1,pickup,watch,-0.82
en route -> PICKUP,19207,2026-06-15,2026-06-15 16:34:42,2,pickup,late,1.04
en route -> PICKUP,19231,2026-06-10,2026-06-10 12:32:15,0,pickup,watch,-2.61
en route -> PICKUP,19233,2026-06-26,2026-06-26 07:30:56,2,pickup,watch,-0.55
en route -> PICKUP,19288,2026-07-08,2026-07-08 14:11:21,5,pickup,late,4.43
en route -> PICKUP,19289,2026-07-14,2026-07-14 13:52:59,4,pickup,watch,1.49
en route -> PICKUP,19326,2026-08-05,2026-08-05 15:14:28,1,pickup,on_time,-0.07
en route -> PICKUP,19331,2026-06-20,2026-06-20 15:48:25,30,pickup,late,28.8
en route -> PICKUP,19340,2026-07-20,2026-07-20 08:42:44,2,pickup,on_time,-0.42
en route -> PICKUP,19347,2026-06-23,2026-06-23 20:54:57,6,pickup,late,4.98
en route -> PICKUP,19369,2026-07-19,2026-07-19 17:03:23,7,pickup,late,5.53
en route -> PICKUP,19393,2026-08-07,2026-08-07 14:13:50,29,next_pickup,at_risk,27.35
en route -> PICKUP,19405,2026-06-12,2026-06-12 16:02:13,2,pickup,watch,0.75
en route -> PICKUP,19406,2026-06-22,2026-06-22 08:54:32,1,pickup,watch,0.14
en route -> PICKUP,19408,2026-07-03,2026-07-03 11:57:33,4,pickup,at_risk,3.42
en route -> PICKUP,19410,2026-07-14,2026-07-14 12:04:17,3,pickup,on_time,0.79
en route -> PICKUP,19429,2026-06-29,2026-06-29 12:05:18,3,pickup,late,1.54
en route -> PICKUP,19439,2026-07-03,2026-07-03 12:24:47,4,pickup,watch,3.85
en route -> PICKUP,19441,2026-06-27,2026-06-27 11:55:24,26,pickup,late,25.38
en route -> PICKUP,19449,2026-06-20,2026-06-20 15:54:28,1,pickup,watch,-1.2
en route -> PICKUP,19464,2026-07-26,2026-07-26 15:56:36,5,pickup,late,2.87
en route -> PICKUP,19465,2026-08-01,2026-08-01 18:26:29,2,pickup,on_time,-0.69
en route -> PICKUP,19479,2026-07-16,2026-07-16 11:18:33,5,pickup,watch,2.39
en route -> PICKUP,19489,2026-06-08,2026-06-08 20:45:20,2,pickup,late,0.96
en route -> PICKUP,19511,2026-06-10,2026-06-10 14:12:16,3,pickup,on_time,1.42
en route -> PICKUP,19593,2026-06-20,2026-06-20 23:18:07,10,pickup,late,8.52
en route -> PICKUP,19595,2026-06-11,2026-06-11 15:57:19,27,pickup,late,26.61
en route -> PICKUP,19621,2026-06-25,2026-06-25 11:38:35,3,pickup,watch,2.07
en route -> PICKUP,19622,2026-07-06,2026-07-06 19:13:55,2,pickup,watch,-0.65
en route -> PICKUP,19640,2026-07-01,2026-07-02 01:38:33,6,pickup,late,3.03
en route -> PICKUP,19641,2026-07-06,2026-07-06 17:13:06,4,pickup,on_time,1.73
en route -> PICKUP,19646,2026-07-11,2026-07-11 07:51:11,3,pickup,watch,2.63
en route -> PICKUP,19654,2026-06-28,2026-06-28 15:19:50,23,pickup,late,21.92
en route -> PICKUP,19665,2026-06-27,2026-06-27 13:35:05,5,pickup,on_time,2.82
en route -> PICKUP,19666,2026-06-23,2026-06-23 13:28:14,0,pickup,watch,-1.55
en route -> PICKUP,19668,2026-06-13,2026-06-13 15:29:47,5,pickup,late,4.93
en route -> PICKUP,19697,2026-07-11,2026-07-11 10:58:09,2,pickup,on_time,1.71
en route -> PICKUP,19705,2026-07-29,2026-07-29 18:23:25,0,pickup,watch,-0.17
en route -> PICKUP,19711,2026-07-18,2026-07-18 11:17:53,6,pickup,watch,5.63
en route -> PICKUP,19725,2026-06-10,2026-06-10 19:33:05,10,pickup,late,7.82
en route -> PICKUP,19727,2026-08-07,2026-08-07 13:29:38,2,pickup,on_time,1.94
en route -> PICKUP,19753,2026-07-30,2026-07-30 23:50:29,11,pickup,late,8.05
en route -> PICKUP,19768,2026-08-03,2026-08-03 13:15:14,4,pickup,on_time,1.58
en route -> PICKUP,19776,2026-07-06,2026-07-06 13:29:28,8,pickup,watch,6.42
en route -> PICKUP,19777,2026-07-14,2026-07-14 22:35:20,4,pickup,late,2.93
en route -> PICKUP,19778,2026-08-15,2026-08-15 14:52:34,5,pickup,watch,3.16
en route -> PICKUP,19798,2026-06-24,2026-06-24 11:01:09,0,pickup,late,-2.0
en route -> PICKUP,19799,2026-06-28,2026-06-28 08:17:12,3,pickup,late,1.57
en route -> PICKUP,19808,2026-06-30,2026-06-30 17:57:08,5,pickup,at_risk,4.85
en route -> PICKUP,19832,2026-08-12,2026-08-12 12:48:28,5,pickup,on_time,2.09
en route -> PICKUP,19836,2026-06-12,2026-06-12 13:24:34,2,pickup,watch,0.5
en route -> PICKUP,19838,2026-06-27,2026-06-27 14:20:25,6,pickup,late,5.17
en route -> PICKUP,19839,2026-07-03,2026-07-03 19:15:58,6,pickup,watch,4.67
en route -> PICKUP,19853,2026-06-27,2026-06-27 19:58:43,5,pickup,at_risk,2.42
en route -> PICKUP,19862,2026-06-19,2026-06-19 13:30:18,5,pickup,watch,4.75
en route -> PICKUP,19863,2026-07-07,2026-07-07 20:51:42,11,pickup,at_risk,10.43
en route -> PICKUP,19866,2026-06-13,2026-06-13 21:23:46,0,pickup,watch,-0.71
en route -> PICKUP,19868,2026-06-11,2026-06-11 19:29:23,5,pickup,late,4.6
en route -> PICKUP,19869,2026-06-14,2026-06-14 15:21:36,2,pickup,late,-1.02
en route -> PICKUP,19869,2026-06-14,2026-06-14 15:24:37,2,pickup,late,2.0
en route -> PICKUP,19871,2026-07-05,2026-07-05 16:38:20,5,pickup,late,4.76
en route -> PICKUP,19872,2026-07-11,2026-07-11 18:19:33,3,pickup,watch,1.08
en route -> PICKUP,19891,2026-06-15,2026-06-15 22:46:55,2,pickup,on_time,1.09
en route -> PICKUP,19892,2026-06-20,2026-06-20 10:01:08,2,pickup,late,1.27
en route -> PICKUP,19913,2026-06-09,2026-06-09 14:59:53,0,pickup,on_time,-0.69
en route -> PICKUP,19917,2026-06-15,2026-06-15 18:38:51,7,pickup,on_time,4.88
en route -> PICKUP,19918,2026-06-21,2026-06-21 13:30:49,2,pickup,watch,-0.28
en route -> PICKUP,19940,2026-06-08,2026-06-08 12:47:45,5,pickup,watch,4.27
en route -> PICKUP,19942,2026-06-12,2026-06-12 14:37:18,0,pickup,late,-1.63
en route -> PICKUP,19946,2026-07-30,2026-07-30 15:29:22,1,pickup,watch,-1.98
en route -> PICKUP,19952,2026-07-07,2026-07-07 16:01:52,1,pickup,late,-0.99
en route -> PICKUP,19954,2026-06-11,2026-06-11 15:17:59,2,pickup,watch,1.45
en route -> PICKUP,19965,2026-07-24,2026-07-24 12:07:03,7,pickup,watch,6.95
en route -> PICKUP,19966,2026-06-08,2026-06-08 11:56:21,0,pickup,watch,-2.04
en route -> PICKUP,19967,2026-06-08,2026-06-08 21:45:46,3,pickup,on_time,1.16
en route -> PICKUP,19972,2026-06-14,2026-06-14 09:57:45,0,pickup,watch,-0.23
en route -> PICKUP,19974,2026-06-08,2026-06-08 15:24:59,7,pickup,late,4.54
en route -> PICKUP,19991,2026-08-16,2026-08-16 21:33:26,16,next_pickup,on_time,13.4
en route -> PICKUP,20001,2026-07-11,2026-07-11 13:11:05,5,pickup,late,4.37
en route -> PICKUP,20006,2026-06-14,2026-06-14 20:45:18,1,pickup,on_time,-1.21
en route -> PICKUP,20034,2026-06-23,2026-06-23 11:51:39,6,pickup,late,3.9
en route -> PICKUP,20040,2026-06-11,2026-06-11 16:57:00,26,pickup,on_time,23.8
en route -> PICKUP,20105,2026-06-28,2026-06-29 00:50:19,3,pickup,watch,0.22
en route -> PICKUP,20112,2026-06-27,2026-06-27 12:22:34,4,pickup,watch,1.22
en route -> PICKUP,20125,2026-06-22,2026-06-22 13:53:11,2,pickup,on_time,-0.73
en route -> PICKUP,20132,2026-06-22,2026-06-22 14:41:40,8,pickup,late,7.8
en route -> PICKUP,20141,2026-06-29,2026-06-29 12:50:36,3,pickup,watch,-0.01
en route -> PICKUP,20146,2026-06-21,2026-06-21 09:14:22,4,pickup,watch,3.36
en route -> PICKUP,20162,2026-06-13,2026-06-13 22:39:23,4,pickup,on_time,1.09
en route -> PICKUP,20172,2026-07-05,2026-07-05 12:42:35,5,pickup,late,4.86
en route -> PICKUP,20173,2026-07-13,2026-07-13 11:14:36,2,pickup,on_time,0.54
en route -> PICKUP,20176,2026-06-27,2026-06-27 14:02:17,4,pickup,late,2.01
en route -> PICKUP,20186,2026-06-16,2026-06-16 19:42:52,2,pickup,watch,1.01
en route -> PICKUP,20188,2026-07-11,2026-07-11 14:05:30,1,pickup,on_time,0.62
en route -> PICKUP,20208,2026-07-05,2026-07-05 17:44:48,0,pickup,late,-1.1
en route -> PICKUP,20209,2026-07-08,2026-07-08 17:12:42,0,pickup,watch,-0.39
en route -> PICKUP,20227,2026-07-09,2026-07-09 20:52:14,9,pickup,late,8.74
en route -> PICKUP,20228,2026-07-15,2026-07-15 17:44:03,18,pickup,late,16.8
en route -> PICKUP,20239,2026-06-19,2026-06-20 03:05:22,10,pickup,late,9.78
en route -> PICKUP,20245,2026-06-18,2026-06-18 19:46:45,8,pickup,late,6.64
en route -> PICKUP,20266,2026-07-11,2026-07-11 18:10:29,6,pickup,late,5.91
en route -> PICKUP,20275,2026-06-24,2026-06-24 07:48:27,5,pickup,watch,3.52
en route -> PICKUP,20282,2026-07-10,2026-07-10 12:47:52,10,pickup,watch,7.78
en route -> PICKUP,20283,2026-07-05,2026-07-05 19:21:23,2,pickup,late,-0.55
en route -> PICKUP,20284,2026-07-09,2026-07-09 20:55:15,6,pickup,late,3.94
en route -> PICKUP,20300,2026-06-10,2026-06-10 14:03:11,6,pickup,on_time,2.96
en route -> PICKUP,20313,2026-06-26,2026-06-27 01:58:42,6,pickup,late,5.98
en route -> PICKUP,20316,2026-07-01,2026-07-01 13:04:59,8,pickup,late,5.4
en route -> PICKUP,20336,2026-06-10,2026-06-10 22:52:07,18,pickup,at_risk,-15.84
en route -> PICKUP,20336,2026-06-10,2026-06-10 23:25:16,6,pickup,late,5.3
en route -> PICKUP,20339,2026-06-19,2026-06-19 17:29:07,2,pickup,watch,0.01
en route -> PICKUP,20347,2026-08-14,2026-08-14 13:36:32,29,pickup,late,27.64
en route -> PICKUP,20373,2026-08-08,2026-08-08 11:24:12,3,pickup,on_time,1.87
en route -> PICKUP,20378,2026-06-21,2026-06-21 10:38:50,4,pickup,on_time,2.81
en route -> PICKUP,20379,2026-06-26,2026-06-26 11:14:04,1,pickup,on_time,0.67
en route -> PICKUP,20392,2026-08-17,2026-08-17 15:08:34,12,next_pickup,watch,11.91
en route -> PICKUP,20394,2026-07-26,2026-07-26 12:51:50,2,pickup,watch,0.15
en route -> PICKUP,20398,2026-07-17,2026-07-17 08:51:39,8,pickup,watch,5.03
en route -> PICKUP,20400,2026-07-30,2026-07-30 13:57:03,5,pickup,on_time,3.86
en route -> PICKUP,20402,2026-06-13,2026-06-13 14:56:30,0,pickup,watch,-1.99
en route -> PICKUP,20403,2026-07-01,2026-07-01 19:25:02,0,pickup,watch,-2.47
en route -> PICKUP,20407,2026-08-08,2026-08-08 16:47:03,5,pickup,on_time,4.73
en route -> PICKUP,20419,2026-06-14,2026-06-14 15:06:28,6,pickup,late,4.68
en route -> PICKUP,20423,2026-06-14,2026-06-14 10:58:16,2,pickup,at_risk,0.34
en route -> PICKUP,20431,2026-07-13,2026-07-13 20:15:30,8,pickup,late,5.1
en route -> PICKUP,20433,2026-07-24,2026-07-24 14:11:59,1,pickup,watch,0.39
en route -> PICKUP,20440,2026-07-20,2026-07-20 14:33:15,1,pickup,late,-1.74
en route -> PICKUP,20441,2026-07-24,2026-07-24 12:25:41,1,pickup,on_time,0.47
en route -> PICKUP,20447,2026-06-20,2026-06-20 12:13:57,2,pickup,watch,1.69
en route -> PICKUP,20459,2026-07-05,2026-07-05 08:53:13,2,pickup,watch,0.91
en route -> PICKUP,20462,2026-07-18,2026-07-18 10:59:46,6,pickup,on_time,4.49
en route -> PICKUP,20470,2026-06-11,2026-06-11 12:40:31,3,pickup,late,1.86
en route -> PICKUP,20471,2026-06-13,2026-06-13 20:38:25,3,pickup,watch,2.19
en route -> PICKUP,20487,2026-06-14,2026-06-14 22:21:53,6,pickup,late,5.66
en route -> PICKUP,20512,2026-06-12,2026-06-12 07:46:04,1,pickup,watch,-0.14
en route -> PICKUP,20517,2026-06-23,2026-06-23 13:07:06,3,pickup,on_time,1.99
en route -> PICKUP,20531,2026-06-30,2026-06-30 13:55:28,6,pickup,late,4.57
en route -> PICKUP,20532,2026-07-03,2026-07-03 15:44:18,4,pickup,late,2.94
en route -> PICKUP,20539,2026-08-15,2026-08-15 16:05:13,2,pickup,on_time,1.94
en route -> PICKUP,20557,2026-06-14,2026-06-14 12:53:17,0,pickup,watch,-2.62
en route -> PICKUP,20568,2026-08-04,2026-08-04 16:19:45,6,pickup,watch,3.46
en route -> PICKUP,20578,2026-08-05,2026-08-05 22:16:49,6,pickup,on_time,5.09
en route -> PICKUP,20589,2026-06-18,2026-06-18 11:57:09,2,pickup,on_time,0.84
en route -> PICKUP,20603,2026-06-18,2026-06-19 02:33:43,6,pickup,late,5.21
en route -> PICKUP,20614,2026-06-29,2026-06-29 14:27:21,7,pickup,on_time,6.76
en route -> PICKUP,20615,2026-07-03,2026-07-03 17:09:00,0,pickup,watch,-0.88
en route -> PICKUP,20624,2026-06-18,2026-06-19 02:12:39,8,pickup,late,7.53
en route -> PICKUP,20625,2026-06-21,2026-06-21 17:47:29,7,pickup,watch,6.44
en route -> PICKUP,20626,2026-06-14,2026-06-14 12:35:06,0,pickup,on_time,-0.41
en route -> PICKUP,20647,2026-07-17,2026-07-17 14:02:28,13,pickup,late,11.49
en route -> PICKUP,20648,2026-08-03,2026-08-03 21:20:29,10,pickup,late,7.7
en route -> PICKUP,20651,2026-08-14,2026-08-14 13:06:16,3,pickup,on_time,0.33
en route -> PICKUP,20668,2026-06-27,2026-06-27 09:48:37,25,pickup,late,22.61
en route -> PICKUP,20669,2026-06-14,2026-06-14 12:19:58,7,pickup,watch,5.7
en route -> PICKUP,20678,2026-06-21,2026-06-21 20:45:25,7,pickup,on_time,-99.23
en route -> PICKUP,20702,2026-08-01,2026-08-02 03:49:02,9,pickup,late,8.44
en route -> PICKUP,20719,2026-06-08,2026-06-08 15:34:03,7,pickup,at_risk,4.25
en route -> PICKUP,20722,2026-06-15,2026-06-15 14:12:12,3,pickup,watch,1.63
en route -> PICKUP,20733,2026-06-08,2026-06-08 12:47:45,10,pickup,watch,9.84
en route -> PICKUP,20740,2026-07-07,2026-07-07 16:38:11,6,pickup,watch,3.65
en route -> PICKUP,20746,2026-07-03,2026-07-03 15:01:56,15,pickup,late,12.78
en route -> PICKUP,20765,2026-07-19,2026-07-19 12:25:49,2,pickup,late,1.52
en route -> PICKUP,20776,2026-06-22,2026-06-22 18:44:11,1,pickup,late,0.77
en route -> PICKUP,20788,2026-08-16,2026-08-16 20:02:07,1,pickup,on_time,0.3
en route -> PICKUP,20803,2026-06-11,2026-06-11 12:58:41,7,pickup,late,4.41
en route -> PICKUP,20804,2026-06-16,2026-06-16 10:26:16,4,pickup,watch,1.74
en route -> PICKUP,20810,2026-07-10,2026-07-10 18:02:07,27,pickup,late,26.53
en route -> PICKUP,20811,2026-07-12,2026-07-12 10:06:11,0,pickup,on_time,-1.99
en route -> PICKUP,20857,2026-06-23,2026-06-23 07:23:22,6,pickup,watch,5.28
en route -> PICKUP,20867,2026-07-06,2026-07-06 14:11:47,2,pickup,watch,0.45
en route -> PICKUP,20878,2026-07-11,2026-07-11 15:39:18,12,pickup,late,9.83
en route -> PICKUP,20879,2026-07-15,2026-07-15 15:09:55,2,pickup,on_time,1.79
en route -> PICKUP,20887,2026-06-20,2026-06-20 10:43:21,2,pickup,late,1.91
en route -> PICKUP,20901,2026-06-21,2026-06-21 14:16:06,6,pickup,late,3.08
en route -> PICKUP,20907,2026-07-14,2026-07-14 10:30:51,8,pickup,late,5.13
en route -> PICKUP,20916,2026-08-02,2026-08-02 20:21:02,3,pickup,watch,0.66
en route -> PICKUP,20917,2026-06-29,2026-06-29 18:47:23,6,pickup,at_risk,3.8
en route -> PICKUP,20918,2026-07-03,2026-07-03 18:57:50,4,pickup,at_risk,3.96
en route -> PICKUP,20950,2026-06-16,2026-06-16 11:32:37,3,pickup,watch,0.96
en route -> PICKUP,20957,2026-08-08,2026-08-08 15:34:59,1,pickup,watch,-0.0
en route -> PICKUP,20964,2026-08-18,2026-08-18 20:08:31,6,pickup,on_time,4.54
en route -> PICKUP,20967,2026-06-27,2026-06-27 09:45:36,1,pickup,watch,0.92
en route -> PICKUP,20978,2026-07-28,2026-07-28 14:33:41,2,pickup,late,1.85
en route -> PICKUP,20997,2026-06-15,2026-06-15 11:52:49,6,pickup,watch,3.58
en route -> PICKUP,20998,2026-06-20,2026-06-20 22:02:45,24,pickup,late,22.07
en route -> PICKUP,20999,2026-06-19,2026-06-19 13:00:04,6,pickup,late,5.08
en route -> PICKUP,21000,2026-06-24,2026-06-24 12:58:47,8,pickup,watch,7.49
en route -> PICKUP,21003,2026-06-19,2026-06-19 14:18:39,4,pickup,late,1.75
en route -> PICKUP,21024,2026-06-19,2026-06-19 10:17:02,1,pickup,watch,-1.8
en route -> PICKUP,21030,2026-06-27,2026-06-27 17:48:51,1,pickup,on_time,-0.62
en route -> PICKUP,21065,2026-08-15,2026-08-15 21:02:42,9,pickup,on_time,6.02
en route -> PICKUP,21066,2026-06-25,2026-06-25 15:55:07,8,pickup,at_risk,7.75
en route -> PICKUP,21079,2026-06-17,2026-06-17 16:03:09,6,pickup,late,5.75
en route -> PICKUP,21089,2026-08-13,2026-08-13 14:07:24,7,pickup,at_risk,4.73
en route -> PICKUP,21091,2026-07-24,2026-07-25 03:16:35,5,pickup,late,4.35
en route -> PICKUP,21106,2026-06-22,2026-06-22 16:55:06,8,pickup,watch,7.94
en route -> PICKUP,21107,2026-06-25,2026-06-25 15:06:47,7,pickup,watch,6.64
en route -> PICKUP,21124,2026-08-19,2026-08-19 15:43:11,6,pickup,late,5.14
en route -> PICKUP,21135,2026-07-22,2026-07-22 21:01:08,2,pickup,watch,-0.05
en route -> PICKUP,21142,2026-06-17,2026-06-18 00:33:08,6,pickup,late,4.54
en route -> PICKUP,21143,2026-06-23,2026-06-23 11:09:25,2,pickup,late,1.3
en route -> PICKUP,21150,2026-06-17,2026-06-17 19:55:29,2,pickup,watch,0.11
en route -> PICKUP,21156,2026-06-09,2026-06-09 13:50:27,7,pickup,late,6.09
en route -> PICKUP,21157,2026-06-12,2026-06-12 11:05:17,2,pickup,late,0.84
en route -> PICKUP,21167,2026-06-25,2026-06-25 17:28:44,7,pickup,at_risk,6.97
en route -> PICKUP,21171,2026-06-25,2026-06-25 16:46:28,2,pickup,on_time,0.28
en route -> PICKUP,21174,2026-06-20,2026-06-20 20:41:19,6,pickup,late,3.62
en route -> PICKUP,21175,2026-06-27,2026-06-27 10:30:53,5,pickup,watch,3.42
en route -> PICKUP,21178,2026-06-19,2026-06-19 16:34:44,2,pickup,late,-92.32
en route -> PICKUP,21179,2026-06-27,2026-06-27 13:07:54,1,pickup,late,0.07
en route -> PICKUP,21199,2026-06-14,2026-06-14 20:51:20,6,pickup,late,5.15
en route -> PICKUP,21200,2026-06-19,2026-06-19 12:44:58,2,pickup,late,1.38
en route -> PICKUP,21201,2026-06-23,2026-06-23 17:23:44,6,pickup,late,5.11
en route -> PICKUP,21202,2026-06-28,2026-06-28 17:41:50,2,pickup,watch,0.14
en route -> PICKUP,21206,2026-07-14,2026-07-14 07:42:08,3,pickup,watch,1.9
en route -> PICKUP,21210,2026-07-05,2026-07-05 09:02:16,5,pickup,on_time,2.2
en route -> PICKUP,21211,2026-06-23,2026-06-23 18:51:18,10,pickup,late,9.72
en route -> PICKUP,21212,2026-06-28,2026-06-28 17:08:35,0,pickup,watch,-2.52
en route -> PICKUP,21227,2026-07-17,2026-07-17 18:28:35,8,pickup,at_risk,6.56
en route -> PICKUP,21241,2026-06-17,2026-06-17 17:30:43,10,pickup,late,8.08
en route -> PICKUP,21243,2026-08-21,2026-08-21 20:04:32,8,pickup,on_time,7.39
en route -> PICKUP,21245,2026-06-26,2026-06-26 12:50:44,9,pickup,watch,6.06
en route -> PICKUP,21246,2026-07-12,2026-07-13 01:24:13,6,pickup,late,3.13
en route -> PICKUP,21254,2026-06-26,2026-06-26 08:16:10,8,pickup,watch,7.79
en route -> PICKUP,21278,2026-06-26,2026-06-26 14:00:16,5,pickup,late,4.92
en route -> PICKUP,21280,2026-07-18,2026-07-18 15:53:19,2,pickup,late,1.24
en route -> PICKUP,21284,2026-06-20,2026-06-20 09:15:53,2,pickup,on_time,0.86
en route -> PICKUP,21289,2026-06-23,2026-06-23 10:57:21,1,pickup,watch,-1.9
en route -> PICKUP,21300,2026-08-03,2026-08-03 15:47:52,12,pickup,watch,10.45
en route -> PICKUP,21303,2026-07-26,2026-07-26 15:35:29,6,pickup,on_time,3.39
en route -> PICKUP,21314,2026-07-20,2026-07-20 17:48:17,5,pickup,late,4.75
en route -> PICKUP,21321,2026-06-14,2026-06-14 17:46:50,1,pickup,watch,-1.07
en route -> PICKUP,21326,2026-06-24,2026-06-24 11:07:10,6,pickup,on_time,3.35
en route -> PICKUP,21327,2026-07-05,2026-07-05 19:30:28,6,pickup,late,4.81
en route -> PICKUP,21336,2026-06-20,2026-06-20 07:27:21,1,pickup,on_time,-0.78
en route -> PICKUP,21339,2026-06-12,2026-06-12 17:08:56,1,pickup,watch,0.77
en route -> PICKUP,21348,2026-06-15,2026-06-15 09:42:56,15,pickup,watch,-116.52
en route -> PICKUP,21348,2026-06-15,2026-06-15 09:45:57,15,pickup,on_time,-113.5
en route -> PICKUP,21348,2026-06-15,2026-06-15 10:34:15,26,pickup,late,-54.2
en route -> PICKUP,21348,2026-06-15,2026-06-15 10:46:19,34,pickup,late,-34.14
en route -> PICKUP,21348,2026-06-15,2026-06-15 10:55:23,34,pickup,watch,-25.07
en route -> PICKUP,21348,2026-06-15,2026-06-15 11:52:49,0,pickup,late,-1.63
en route -> PICKUP,21353,2026-07-21,2026-07-21 15:26:11,6,pickup,at_risk,5.59
en route -> PICKUP,21354,2026-07-24,2026-07-24 08:48:19,8,pickup,watch,7.14
en route -> PICKUP,21362,2026-07-05,2026-07-05 15:28:49,6,pickup,late,4.15
en route -> PICKUP,21377,2026-06-11,2026-06-11 18:53:10,5,pickup,on_time,4.07
en route -> PICKUP,21386,2026-07-15,2026-07-15 12:05:41,8,pickup,on_time,7.62
en route -> PICKUP,21388,2026-06-27,2026-06-27 14:02:17,5,pickup,on_time,3.4
en route -> PICKUP,21394,2026-08-02,2026-08-02 13:40:18,1,pickup,on_time,0.75
en route -> PICKUP,21400,2026-08-04,2026-08-04 21:45:14,9,pickup,on_time,7.68
en route -> PICKUP,21404,2026-06-22,2026-06-22 13:10:52,0,pickup,watch,-2.02
en route -> PICKUP,21414,2026-06-21,2026-06-21 12:24:24,4,pickup,on_time,1.02
en route -> PICKUP,21416,2026-06-17,2026-06-17 22:35:30,8,pickup,on_time,5.35
en route -> PICKUP,21417,2026-06-18,2026-06-18 18:00:53,12,pickup,late,11.91
en route -> PICKUP,21419,2026-06-27,2026-06-27 14:17:23,1,pickup,late,-18.33
en route -> PICKUP,21430,2026-07-02,2026-07-02 07:53:41,7,pickup,at_risk,2.78
en route -> PICKUP,21430,2026-07-02,2026-07-02 07:56:42,2,pickup,watch,0.79
en route -> PICKUP,21433,2026-06-21,2026-06-22 03:08:18,7,pickup,at_risk,4.83
en route -> PICKUP,21448,2026-06-26,2026-06-26 12:17:30,6,pickup,late,4.49
en route -> PICKUP,21454,2026-06-16,2026-06-16 10:23:15,0,pickup,on_time,-1.81
en route -> PICKUP,21461,2026-06-15,2026-06-16 01:02:23,5,pickup,watch,3.88
en route -> PICKUP,21462,2026-06-23,2026-06-23 18:54:19,5,pickup,watch,4.12
en route -> PICKUP,21465,2026-06-13,2026-06-13 09:20:38,19,pickup,late,16.6
en route -> PICKUP,21472,2026-06-14,2026-06-14 10:46:09,6,pickup,watch,5.34
en route -> PICKUP,21473,2026-06-21,2026-06-21 23:13:27,8,pickup,watch,5.18
en route -> PICKUP,21478,2026-08-09,2026-08-09 15:06:47,7,pickup,watch,5.71
en route -> PICKUP,21485,2026-06-25,2026-06-25 10:47:21,7,pickup,watch,6.95
en route -> PICKUP,21499,2026-06-11,2026-06-11 11:58:14,2,pickup,on_time,1.26
en route -> PICKUP,21500,2026-06-14,2026-06-14 14:15:00,10,pickup,on_time,-53.37
en route -> PICKUP,21500,2026-06-14,2026-06-14 14:36:12,44,pickup,on_time,1.82
en route -> PICKUP,21500,2026-06-14,2026-06-14 15:15:33,3,pickup,on_time,0.17
en route -> PICKUP,21510,2026-07-17,2026-07-17 17:31:10,4,pickup,on_time,1.26
en route -> PICKUP,21517,2026-07-03,2026-07-03 11:51:30,0,pickup,late,-2.83
en route -> PICKUP,21542,2026-06-24,2026-06-24 11:58:26,0,pickup,watch,-0.2
en route -> PICKUP,21552,2026-06-22,2026-06-22 13:10:52,8,pickup,late,6.38
en route -> PICKUP,21559,2026-06-13,2026-06-13 08:50:25,0,pickup,watch,-1.52
en route -> PICKUP,21567,2026-06-22,2026-06-22 15:45:22,7,pickup,late,4.08
en route -> PICKUP,21568,2026-06-26,2026-06-26 13:02:49,8,pickup,late,5.8
en route -> PICKUP,21573,2026-06-11,2026-06-11 19:17:19,8,pickup,on_time,6.38
en route -> PICKUP,21574,2026-06-17,2026-06-17 07:45:24,2,pickup,on_time,0.15
en route -> PICKUP,21601,2026-06-27,2026-06-27 13:10:55,2,pickup,watch,1.81
en route -> PICKUP,21614,2026-07-17,2026-07-17 11:49:31,6,pickup,late,4.66
en route -> PICKUP,21615,2026-07-24,2026-07-24 10:21:47,3,pickup,watch,2.72
en route -> PICKUP,21638,2026-06-27,2026-06-27 10:45:58,2,pickup,on_time,0.16
en route -> PICKUP,21648,2026-07-07,2026-07-07 15:25:40,11,pickup,late,10.56
en route -> PICKUP,21652,2026-06-08,2026-06-08 17:56:11,4,pickup,at_risk,2.21
en route -> PICKUP,21655,2026-07-03,2026-07-03 18:00:23,1,pickup,watch,-1.02
en route -> PICKUP,21657,2026-06-26,2026-06-26 12:05:24,3,pickup,watch,0.11
en route -> PICKUP,21677,2026-07-12,2026-07-12 20:07:30,71,next_pickup,on_time,5.76
en route -> PICKUP,21681,2026-06-14,2026-06-14 22:49:04,6,pickup,late,5.29
en route -> PICKUP,21686,2026-07-10,2026-07-10 14:54:52,6,pickup,late,4.53
en route -> PICKUP,21698,2026-07-26,2026-07-26 09:51:37,1,pickup,watch,0.4
en route -> PICKUP,21703,2026-06-08,2026-06-08 18:20:22,6,pickup,late,4.27
en route -> PICKUP,21709,2026-06-10,2026-06-10 19:33:05,8,pickup,late,6.92
en route -> PICKUP,21710,2026-06-15,2026-06-15 09:42:56,1,pickup,watch,-1.53
en route -> PICKUP,21720,2026-06-19,2026-06-19 11:29:33,2,pickup,at_risk,0.7
en route -> PICKUP,21723,2026-06-11,2026-06-12 02:32:30,6,pickup,at_risk,4.48
en route -> PICKUP,21734,2026-07-16,2026-07-16 12:52:03,5,pickup,on_time,2.55
en route -> PICKUP,21738,2026-06-20,2026-06-20 13:47:35,4,pickup,watch,1.84
en route -> PICKUP,21760,2026-07-05,2026-07-05 07:31:48,22,pickup,late,21.99
en route -> PICKUP,21761,2026-07-11,2026-07-11 22:45:18,6,pickup,late,3.08
en route -> PICKUP,21762,2026-07-17,2026-07-17 07:42:23,4,pickup,on_time,1.87
en route -> PICKUP,21768,2026-06-20,2026-06-20 21:29:35,3,pickup,at_risk,0.39
en route -> PICKUP,21769,2026-07-02,2026-07-02 08:33:13,12,pickup,on_time,-38.39
en route -> PICKUP,21771,2026-06-29,2026-06-29 07:43:01,6,pickup,on_time,3.86
en route -> PICKUP,21775,2026-07-08,2026-07-08 17:09:41,6,pickup,late,3.17
en route -> PICKUP,21777,2026-08-15,2026-08-15 18:09:13,7,pickup,at_risk,6.97
en route -> PICKUP,21778,2026-08-21,2026-08-21 16:27:00,19,pickup,at_risk,-82.34
en route -> PICKUP,21792,2026-07-30,2026-07-30 20:06:19,4,pickup,late,2.72
en route -> PICKUP,21793,2026-08-05,2026-08-05 18:12:29,4,pickup,on_time,2.15
en route -> PICKUP,21796,2026-07-12,2026-07-12 19:16:10,8,pickup,at_risk,6.64
en route -> PICKUP,21799,2026-08-02,2026-08-02 11:38:38,2,pickup,on_time,0.32
en route -> PICKUP,21803,2026-07-10,2026-07-10 11:35:21,8,pickup,on_time,5.07
en route -> PICKUP,21805,2026-07-08,2026-07-08 21:14:40,4,pickup,at_risk,1.73
en route -> PICKUP,21814,2026-08-03,2026-08-03 12:22:50,2,pickup,watch,-0.57
en route -> PICKUP,21816,2026-07-03,2026-07-03 11:57:33,7,pickup,late,4.98
en route -> PICKUP,21831,2026-07-25,2026-07-25 13:48:01,6,pickup,at_risk,3.72
en route -> PICKUP,21840,2026-08-08,2026-08-08 17:20:21,1,pickup,on_time,-0.43
en route -> PICKUP,21841,2026-06-22,2026-06-22 18:59:18,6,pickup,at_risk,3.91
en route -> PICKUP,21842,2026-06-28,2026-06-28 16:59:32,24,pickup,late,22.35
en route -> PICKUP,21854,2026-06-29,2026-06-29 17:13:41,6,pickup,late,4.12
en route -> PICKUP,21855,2026-07-03,2026-07-03 22:01:56,1,pickup,on_time,-1.59
en route -> PICKUP,21871,2026-06-29,2026-06-29 12:59:41,0,pickup,watch,-0.46
en route -> PICKUP,21898,2026-06-23,2026-06-23 20:39:54,7,pickup,late,4.18
en route -> PICKUP,21899,2026-06-30,2026-06-30 09:15:04,2,pickup,watch,1.19
en route -> PICKUP,21900,2026-06-11,2026-06-11 21:29:48,3,pickup,at_risk,0.1
en route -> PICKUP,21908,2026-08-08,2026-08-08 09:53:28,7,pickup,watch,4.03
en route -> PICKUP,21921,2026-06-14,2026-06-14 10:52:12,2,pickup,watch,-0.38
en route -> PICKUP,21922,2026-06-15,2026-06-15 08:27:32,1,pickup,watch,-0.3
en route -> PICKUP,21926,2026-07-06,2026-07-06 16:12:40,16,pickup,late,13.27
en route -> PICKUP,21933,2026-06-18,2026-06-18 15:46:36,6,pickup,late,5.03
en route -> PICKUP,21934,2026-06-22,2026-06-22 18:35:05,3,pickup,late,1.42
en route -> PICKUP,21941,2026-06-11,2026-06-11 14:20:28,2,pickup,watch,0.13
en route -> PICKUP,21947,2026-06-16,2026-06-16 17:55:34,19,pickup,on_time,1.03
en route -> PICKUP,21947,2026-06-16,2026-06-16 18:10:39,6,pickup,on_time,3.12
en route -> PICKUP,21978,2026-06-25,2026-06-25 17:37:47,0,pickup,watch,-0.52
en route -> PICKUP,21981,2026-07-13,2026-07-13 11:44:46,56,pickup,on_time,53.66
en route -> PICKUP,21996,2026-08-16,2026-08-16 16:14:44,5,pickup,late,-1.78
en route -> PICKUP,21996,2026-08-16,2026-08-16 16:20:49,5,pickup,late,4.3
en route -> PICKUP,22000,2026-07-25,2026-07-25 14:09:10,9,pickup,at_risk,8.06
en route -> PICKUP,22011,2026-06-11,2026-06-11 08:54:20,2,pickup,watch,1.56
en route -> PICKUP,22016,2026-06-27,2026-06-27 10:33:53,1,pickup,late,-0.18
en route -> PICKUP,22018,2026-06-10,2026-06-10 21:31:04,1,pickup,late,0.01
en route -> PICKUP,22029,2026-06-12,2026-06-12 11:14:21,19,pickup,late,16.16
en route -> PICKUP,22052,2026-06-16,2026-06-16 19:57:57,2,pickup,watch,0.58
en route -> PICKUP,22053,2026-06-22,2026-06-22 15:48:24,2,pickup,watch,1.3
en route -> PICKUP,22073,2026-06-29,2026-06-29 12:38:31,4,pickup,on_time,1.16
en route -> PICKUP,22075,2026-06-30,2026-06-30 13:01:09,7,pickup,watch,4.16
en route -> PICKUP,22083,2026-06-25,2026-06-25 21:49:02,7,pickup,on_time,5.22
en route -> PICKUP,22084,2026-07-03,2026-07-03 18:45:45,2,pickup,watch,0.77
en route -> PICKUP,22090,2026-06-13,2026-06-13 17:49:00,3,pickup,watch,2.12
en route -> PICKUP,22091,2026-06-16,2026-06-16 19:39:52,7,pickup,on_time,5.09
en route -> PICKUP,22092,2026-06-26,2026-06-26 14:51:39,2,pickup,late,1.62
en route -> PICKUP,22114,2026-06-09,2026-06-09 13:02:03,3,pickup,late,2.61
en route -> PICKUP,22116,2026-07-09,2026-07-09 12:15:26,1,pickup,watch,0.31
en route -> PICKUP,22123,2026-06-09,2026-06-09 09:42:57,2,pickup,on_time,1.5
en route -> PICKUP,22137,2026-06-16,2026-06-16 19:04:58,8,pickup,at_risk,7.52
en route -> PICKUP,22139,2026-06-10,2026-06-10 15:03:42,7,pickup,late,6.31
en route -> PICKUP,22140,2026-06-14,2026-06-14 09:21:26,1,pickup,watch,0.03
en route -> PICKUP,22144,2026-06-15,2026-06-15 17:35:15,7,pickup,at_risk,4.64
en route -> PICKUP,22145,2026-06-18,2026-06-18 18:16:01,3,pickup,watch,2.23
en route -> PICKUP,22163,2026-06-16,2026-06-16 15:55:08,7,pickup,watch,4.02
en route -> PICKUP,22180,2026-07-18,2026-07-18 17:14:58,46,pickup,at_risk,1.64
en route -> PICKUP,22181,2026-08-16,2026-08-16 17:19:16,6,pickup,watch,4.2
en route -> PICKUP,22189,2026-06-26,2026-06-26 12:41:41,4,pickup,on_time,2.82
en route -> PICKUP,22190,2026-06-29,2026-06-29 11:53:13,4,pickup,on_time,2.47
en route -> PICKUP,22201,2026-06-17,2026-06-17 08:57:43,2,pickup,watch,1.03
en route -> PICKUP,22206,2026-06-20,2026-06-20 11:25:39,5,pickup,at_risk,4.44
en route -> PICKUP,22209,2026-06-19,2026-06-19 17:10:59,3,pickup,late,2.14
en route -> PICKUP,22217,2026-06-25,2026-06-25 19:33:15,3,pickup,watch,1.19
en route -> PICKUP,22218,2026-07-24,2026-07-24 12:22:41,1,pickup,late,-0.6
en route -> PICKUP,22223,2026-06-18,2026-06-18 13:36:45,5,pickup,watch,2.65
en route -> PICKUP,22225,2026-07-28,2026-07-28 17:03:44,5,pickup,on_time,2.5
en route -> PICKUP,22231,2026-06-09,2026-06-09 19:34:40,7,pickup,late,5.93
en route -> PICKUP,22232,2026-06-25,2026-06-25 19:57:23,7,pickup,late,4.19
en route -> PICKUP,22238,2026-07-06,2026-07-06 19:22:58,6,pickup,late,3.17
en route -> PICKUP,22239,2026-07-13,2026-07-13 20:30:36,2,pickup,late,1.74
en route -> PICKUP,22246,2026-06-19,2026-06-19 17:20:03,4,pickup,late,1.66
en route -> PICKUP,22247,2026-06-23,2026-06-23 18:15:06,1,pickup,late,0.94
en route -> PICKUP,22252,2026-07-03,2026-07-03 14:34:44,2,pickup,watch,0.75
en route -> PICKUP,22253,2026-07-06,2026-07-06 12:35:02,1,pickup,on_time,-1.75
en route -> PICKUP,22259,2026-06-18,2026-06-18 10:11:34,3,pickup,watch,1.88
en route -> PICKUP,22261,2026-07-05,2026-07-05 17:23:40,8,pickup,late,7.75
en route -> PICKUP,22262,2026-07-13,2026-07-13 12:48:17,7,pickup,watch,6.0
en route -> PICKUP,22272,2026-06-22,2026-06-22 07:54:18,5,pickup,watch,2.94
en route -> PICKUP,22279,2026-08-20,2026-08-20 14:41:27,0,pickup,on_time,-0.33
en route -> PICKUP,22280,2026-06-13,2026-06-13 22:42:24,6,pickup,late,4.02
en route -> PICKUP,22281,2026-06-19,2026-06-19 21:18:47,5,pickup,watch,2.1
en route -> PICKUP,22291,2026-06-12,2026-06-12 08:58:37,2,pickup,watch,-0.14
en route -> PICKUP,22300,2026-07-29,2026-07-29 21:05:05,6,pickup,late,4.56
en route -> PICKUP,22317,2026-06-11,2026-06-11 17:30:16,2,pickup,late,-0.49
en route -> PICKUP,22328,2026-06-12,2026-06-13 00:31:07,7,pickup,late,6.54
en route -> PICKUP,22338,2026-06-17,2026-06-18 02:27:36,5,pickup,late,2.46
en route -> PICKUP,22339,2026-06-23,2026-06-23 16:29:24,11,pickup,on_time,8.15
en route -> PICKUP,22340,2026-07-11,2026-07-11 20:59:42,6,pickup,late,4.45
en route -> PICKUP,22344,2026-06-13,2026-06-13 14:35:20,6,pickup,late,4.81
en route -> PICKUP,22349,2026-07-15,2026-07-15 13:09:06,3,pickup,on_time,1.68
en route -> PICKUP,22354,2026-06-17,2026-06-17 18:49:17,6,pickup,at_risk,5.89
en route -> PICKUP,22355,2026-06-22,2026-06-23 03:58:36,14,pickup,late,-2.53
en route -> PICKUP,22356,2026-06-25,2026-06-25 07:25:31,4,pickup,watch,3.75
en route -> PICKUP,22365,2026-07-18,2026-07-18 19:58:37,2,pickup,on_time,1.23
en route -> PICKUP,22379,2026-08-02,2026-08-02 17:21:04,11,pickup,on_time,9.97
en route -> PICKUP,22389,2026-06-15,2026-06-15 18:23:42,11,pickup,at_risk,9.26
en route -> PICKUP,22390,2026-06-20,2026-06-20 16:21:46,2,pickup,late,0.55
en route -> PICKUP,22394,2026-06-17,2026-06-17 12:31:39,2,pickup,watch,1.82
en route -> PICKUP,22398,2026-06-14,2026-06-14 12:16:57,9,pickup,on_time,7.82
en route -> PICKUP,22404,2026-06-18,2026-06-18 12:21:18,4,pickup,watch,1.71
en route -> PICKUP,22416,2026-06-10,2026-06-10 19:39:09,6,pickup,late,5.57
en route -> PICKUP,22420,2026-08-04,2026-08-04 09:39:15,2,pickup,on_time,1.12
en route -> PICKUP,22423,2026-07-05,2026-07-05 12:15:24,6,pickup,late,5.94
en route -> PICKUP,22424,2026-07-12,2026-07-12 21:19:58,16,pickup,on_time,6.97
en route -> PICKUP,22424,2026-07-12,2026-07-12 21:26:00,7,pickup,on_time,4.01
en route -> PICKUP,22429,2026-06-17,2026-06-17 16:15:15,5,pickup,on_time,4.25
en route -> PICKUP,22430,2026-06-22,2026-06-22 18:19:56,2,pickup,late,0.56
en route -> PICKUP,22434,2026-08-07,2026-08-07 18:19:01,2,pickup,watch,1.32
en route -> PICKUP,22435,2026-06-12,2026-06-12 15:44:03,3,pickup,at_risk,0.85
en route -> PICKUP,22446,2026-07-14,2026-07-14 21:01:51,2,pickup,late,-0.31
en route -> PICKUP,22450,2026-08-04,2026-08-04 18:24:58,1,pickup,watch,-1.41
en route -> PICKUP,22456,2026-08-06,2026-08-06 19:07:07,2,pickup,watch,1.3
en route -> PICKUP,22458,2026-06-21,2026-06-21 10:50:53,29,pickup,late,26.95
en route -> PICKUP,22460,2026-06-21,2026-06-21 12:27:26,5,pickup,at_risk,4.23
en route -> PICKUP,22461,2026-06-24,2026-06-24 13:28:57,29,pickup,watch,27.18
en route -> PICKUP,22475,2026-07-19,2026-07-19 11:40:34,6,pickup,late,4.81
en route -> PICKUP,22476,2026-07-15,2026-07-15 20:30:02,4,pickup,late,3.0
en route -> PICKUP,22484,2026-06-26,2026-06-26 13:14:54,1,pickup,on_time,0.72
en route -> PICKUP,22487,2026-06-08,2026-06-08 18:32:26,13,pickup,late,10.72
en route -> PICKUP,22488,2026-06-12,2026-06-12 11:29:28,3,pickup,on_time,1.9
en route -> PICKUP,22497,2026-06-30,2026-06-30 16:14:29,4,pickup,on_time,1.6
en route -> PICKUP,22511,2026-06-17,2026-06-17 17:57:55,0,pickup,watch,-2.47
en route -> PICKUP,22514,2026-07-03,2026-07-03 21:19:43,10,pickup,late,9.34
en route -> PICKUP,22515,2026-07-11,2026-07-11 17:49:19,7,pickup,watch,6.44
en route -> PICKUP,22519,2026-06-09,2026-06-09 13:05:04,3,pickup,watch,0.0
en route -> PICKUP,22527,2026-07-04,2026-07-04 07:49:07,2,pickup,watch,-0.61
en route -> PICKUP,22546,2026-06-23,2026-06-23 09:17:53,0,pickup,watch,-2.81
en route -> PICKUP,22547,2026-06-10,2026-06-10 20:00:20,0,pickup,watch,-0.69
en route -> PICKUP,22551,2026-06-14,2026-06-14 13:23:32,0,pickup,late,-0.21
en route -> PICKUP,22554,2026-08-10,2026-08-10 16:49:54,1,pickup,on_time,-1.97
en route -> PICKUP,22556,2026-06-12,2026-06-12 20:25:43,28,pickup,at_risk,15.12
en route -> PICKUP,22556,2026-06-12,2026-06-12 20:37:50,2,pickup,watch,1.24
en route -> PICKUP,22562,2026-06-16,2026-06-16 19:39:52,5,pickup,on_time,3.09
en route -> PICKUP,22567,2026-08-06,2026-08-06 13:08:16,1,pickup,on_time,-2.0
en route -> PICKUP,22570,2026-06-13,2026-06-13 19:25:47,0,pickup,watch,-1.72
en route -> PICKUP,22575,2026-06-25,2026-06-25 23:40:41,0,pickup,watch,-1.05
en route -> PICKUP,22584,2026-06-26,2026-06-26 15:46:04,8,pickup,late,7.32
en route -> PICKUP,22585,2026-06-29,2026-06-29 17:25:46,30,pickup,late,29.69
en route -> PICKUP,22591,2026-07-06,2026-07-06 11:43:40,6,pickup,late,4.99
en route -> PICKUP,22593,2026-06-26,2026-06-26 14:21:26,2,pickup,on_time,1.47
en route -> PICKUP,22601,2026-06-10,2026-06-10 18:53:46,1,pickup,late,-0.29
en route -> PICKUP,22605,2026-06-29,2026-06-29 19:05:32,6,pickup,late,-16.24
en route -> PICKUP,22605,2026-06-29,2026-06-29 19:17:37,12,next_pickup,late,1.85
en route -> PICKUP,22605,2026-06-29,2026-06-29 19:26:41,14,pickup,late,12.91
en route -> PICKUP,22606,2026-07-04,2026-07-04 11:29:06,4,pickup,on_time,1.49
en route -> PICKUP,22611,2026-06-10,2026-06-10 11:49:48,5,pickup,watch,3.31
en route -> PICKUP,22614,2026-06-08,2026-06-09 00:22:34,6,pickup,late,-14.66
en route -> PICKUP,22615,2026-06-14,2026-06-14 10:00:46,0,pickup,watch,-2.27
en route -> PICKUP,22618,2026-06-12,2026-06-12 20:40:52,7,pickup,watch,5.48
en route -> PICKUP,22620,2026-06-08,2026-06-09 02:59:16,3,pickup,late,1.56
en route -> PICKUP,22621,2026-06-13,2026-06-13 10:06:00,2,pickup,late,-0.03
en route -> PICKUP,22622,2026-06-10,2026-06-11 00:55:46,6,pickup,late,3.98
en route -> PICKUP,22623,2026-06-15,2026-06-15 10:55:23,2,pickup,watch,-0.04
en route -> PICKUP,22624,2026-06-26,2026-06-26 14:30:30,6,pickup,late,5.98
en route -> PICKUP,22626,2026-07-15,2026-07-15 20:57:11,6,pickup,late,4.95
en route -> PICKUP,22627,2026-07-22,2026-07-22 13:42:53,0,pickup,watch,-2.37
en route -> PICKUP,22629,2026-06-22,2026-06-22 10:37:00,2,pickup,watch,-0.75
en route -> PICKUP,22637,2026-06-14,2026-06-14 12:19:58,0,pickup,watch,-2.89
en route -> PICKUP,22639,2026-06-11,2026-06-11 12:43:33,1,pickup,watch,-1.07
en route -> PICKUP,22641,2026-06-26,2026-06-26 08:40:17,4,pickup,watch,3.81
en route -> PICKUP,22644,2026-06-13,2026-06-13 19:10:40,0,pickup,watch,-0.38
en route -> PICKUP,22648,2026-06-12,2026-06-12 11:59:44,4,pickup,on_time,3.78
en route -> PICKUP,22651,2026-07-15,2026-07-15 12:57:01,1,pickup,watch,0.85
en route -> PICKUP,22653,2026-06-16,2026-06-16 15:03:49,4,pickup,late,3.33
en route -> PICKUP,22654,2026-07-09,2026-07-09 13:09:46,6,pickup,late,3.44
en route -> PICKUP,22655,2026-07-14,2026-07-14 15:50:47,2,pickup,watch,1.58
en route -> PICKUP,22657,2026-06-12,2026-06-12 14:43:22,28,pickup,on_time,-48.47
en route -> PICKUP,22657,2026-06-12,2026-06-12 15:59:11,2,pickup,at_risk,1.34
en route -> PICKUP,22658,2026-06-10,2026-06-10 23:52:25,4,pickup,late,1.32
en route -> PICKUP,22662,2026-06-26,2026-06-26 17:19:43,5,pickup,watch,4.82
en route -> PICKUP,22663,2026-07-03,2026-07-03 18:45:45,3,pickup,watch,2.58
en route -> PICKUP,22669,2026-06-08,2026-06-08 13:54:17,8,pickup,at_risk,7.19
en route -> PICKUP,22678,2026-07-25,2026-07-25 14:36:20,2,pickup,late,1.27
en route -> PICKUP,22685,2026-06-27,2026-06-27 14:59:40,2,pickup,at_risk,0.7
en route -> PICKUP,22691,2026-07-01,2026-07-01 16:33:07,8,pickup,at_risk,6.57
en route -> PICKUP,22694,2026-07-19,2026-07-19 18:03:19,5,pickup,late,2.04
en route -> PICKUP,22695,2026-07-22,2026-07-22 20:18:55,8,pickup,watch,6.68
en route -> PICKUP,22698,2026-06-28,2026-06-28 11:51:18,1,pickup,watch,0.14
en route -> PICKUP,22704,2026-07-01,2026-07-01 16:48:12,1,pickup,on_time,-1.59
en route -> PICKUP,22706,2026-07-03,2026-07-03 11:45:28,7,pickup,watch,5.67
en route -> PICKUP,22717,2026-07-01,2026-07-01 17:12:20,6,pickup,late,3.56
en route -> PICKUP,22718,2026-07-07,2026-07-07 14:43:22,3,pickup,watch,2.31
en route -> PICKUP,22719,2026-07-06,2026-07-06 14:48:04,4,pickup,on_time,3.12
en route -> PICKUP,22725,2026-06-23,2026-06-23 19:30:33,1,pickup,late,0.98
en route -> PICKUP,22728,2026-06-20,2026-06-20 13:32:30,2,pickup,late,0.78
en route -> PICKUP,22729,2026-07-09,2026-07-10 01:53:45,5,pickup,late,3.42
en route -> PICKUP,22734,2026-06-17,2026-06-17 17:45:50,0,pickup,watch,-0.3
en route -> PICKUP,22742,2026-07-05,2026-07-05 13:21:52,2,pickup,watch,-0.37
en route -> PICKUP,22750,2026-06-15,2026-06-15 15:43:11,2,pickup,at_risk,-0.56
en route -> PICKUP,22761,2026-06-18,2026-06-18 20:59:15,3,pickup,on_time,2.54
en route -> PICKUP,22762,2026-06-15,2026-06-15 14:30:25,10,pickup,late,9.55
en route -> PICKUP,22763,2026-06-19,2026-06-19 13:03:05,7,pickup,late,4.81
en route -> PICKUP,22770,2026-06-15,2026-06-15 19:12:05,31,pickup,at_risk,29.93
en route -> PICKUP,22772,2026-06-13,2026-06-13 13:07:34,0,pickup,late,-0.12
en route -> PICKUP,22775,2026-06-12,2026-06-12 17:02:52,0,pickup,late,-2.16
en route -> PICKUP,22776,2026-07-08,2026-07-08 12:34:35,6,pickup,late,3.45
en route -> PICKUP,22778,2026-06-20,2026-06-20 17:16:07,0,pickup,late,-1.91
en route -> PICKUP,22782,2026-06-13,2026-06-13 15:35:50,2,pickup,on_time,-0.74
en route -> PICKUP,22784,2026-06-19,2026-06-19 22:52:18,0,pickup,watch,-0.49
en route -> PICKUP,22787,2026-06-15,2026-06-15 15:37:07,1,pickup,late,-1.71
en route -> PICKUP,22788,2026-06-09,2026-06-09 13:14:08,7,pickup,late,6.54
en route -> PICKUP,22791,2026-07-03,2026-07-03 09:29:29,1,pickup,on_time,-1.45
en route -> PICKUP,22796,2026-08-04,2026-08-04 22:12:23,6,pickup,late,4.53
en route -> PICKUP,22801,2026-07-04,2026-07-04 15:24:40,6,pickup,late,4.84
en route -> PICKUP,22807,2026-06-25,2026-06-25 20:09:27,7,pickup,on_time,6.56
en route -> PICKUP,22811,2026-08-03,2026-08-03 23:15:40,2,pickup,on_time,-0.08
en route -> PICKUP,22813,2026-06-16,2026-06-16 10:56:25,6,pickup,on_time,5.62
en route -> PICKUP,22814,2026-06-25,2026-06-25 13:45:15,6,pickup,late,3.75
en route -> PICKUP,22815,2026-07-03,2026-07-03 21:19:43,2,pickup,watch,1.3
en route -> PICKUP,22819,2026-07-03,2026-07-03 23:44:24,0,pickup,watch,-1.24
en route -> PICKUP,22826,2026-06-20,2026-06-20 15:27:17,10,pickup,watch,9.32
en route -> PICKUP,22828,2026-07-20,2026-07-20 12:40:15,117,next_pickup,on_time,-25.01
en route -> PICKUP,22828,2026-07-20,2026-07-20 12:59:28,7,pickup,on_time,-115.79
en route -> PICKUP,22828,2026-07-20,2026-07-20 14:58:09,2,pickup,at_risk,-2.11
en route -> PICKUP,22828,2026-07-20,2026-07-20 15:01:10,2,pickup,late,0.92
en route -> PICKUP,22829,2026-06-22,2026-06-22 22:09:30,7,pickup,late,6.18
en route -> PICKUP,22831,2026-07-25,2026-07-25 13:07:45,1,pickup,watch,0.6
en route -> PICKUP,22832,2026-08-01,2026-08-01 12:53:11,8,pickup,on_time,6.66
en route -> PICKUP,22838,2026-07-07,2026-07-07 09:56:38,1,pickup,watch,0.25
en route -> PICKUP,22848,2026-06-24,2026-06-24 19:40:52,5,pickup,on_time,3.0
en route -> PICKUP,22850,2026-06-17,2026-06-17 12:34:41,1,pickup,on_time,0.31
en route -> PICKUP,22856,2026-06-19,2026-06-19 16:58:54,2,pickup,watch,0.27
en route -> PICKUP,22858,2026-07-04,2026-07-04 13:11:44,0,pickup,watch,-0.32
en route -> PICKUP,22859,2026-07-11,2026-07-11 11:28:20,3,pickup,on_time,2.77
en route -> PICKUP,22862,2026-06-18,2026-06-18 16:22:52,8,pickup,late,7.41
en route -> PICKUP,22863,2026-06-25,2026-06-25 18:23:51,9,pickup,at_risk,6.47
en route -> PICKUP,22866,2026-06-08,2026-06-08 10:46:58,2,pickup,late,1.82
en route -> PICKUP,22868,2026-06-14,2026-06-14 10:52:12,1,pickup,watch,-1.49
en route -> PICKUP,22869,2026-07-08,2026-07-08 19:04:47,2,pickup,watch,1.82
en route -> PICKUP,22885,2026-06-26,2026-06-26 17:13:40,5,pickup,on_time,2.66
en route -> PICKUP,22886,2026-06-22,2026-06-22 11:40:18,6,pickup,late,5.58
en route -> PICKUP,22887,2026-06-26,2026-06-26 20:41:58,0,pickup,watch,-0.94
en route -> PICKUP,22891,2026-06-24,2026-06-24 19:46:54,4,pickup,watch,1.29
en route -> PICKUP,22893,2026-06-22,2026-06-22 12:52:44,7,pickup,watch,6.42
en route -> PICKUP,22896,2026-06-15,2026-06-15 11:46:46,16,pickup,on_time,-32.06
en route -> PICKUP,22896,2026-06-15,2026-06-15 12:32:12,0,pickup,late,-2.62
en route -> PICKUP,22897,2026-06-20,2026-06-20 11:07:31,54,next_pickup,on_time,50.99
en route -> PICKUP,22902,2026-06-12,2026-06-12 15:38:00,12,pickup,late,10.25
en route -> PICKUP,22909,2026-06-08,2026-06-08 20:30:13,7,pickup,late,5.33
en route -> PICKUP,22911,2026-06-19,2026-06-19 14:36:48,0,pickup,late,-0.46
en route -> PICKUP,22912,2026-06-22,2026-06-22 13:13:52,4,pickup,late,1.69
en route -> PICKUP,22913,2026-08-05,2026-08-05 08:45:13,6,pickup,watch,4.14
en route -> PICKUP,22914,2026-06-08,2026-06-08 19:44:55,2,pickup,watch,-0.19
en route -> PICKUP,22915,2026-06-13,2026-06-13 11:30:39,3,pickup,on_time,0.04
en route -> PICKUP,22919,2026-06-25,2026-06-25 10:53:23,1,pickup,on_time,-0.26
en route -> PICKUP,22920,2026-06-12,2026-06-12 16:11:20,9,pickup,late,7.92
en route -> PICKUP,22921,2026-06-18,2026-06-18 08:01:55,0,pickup,watch,-2.57
en route -> PICKUP,22925,2026-06-29,2026-06-29 13:26:53,8,pickup,watch,7.53
en route -> PICKUP,22930,2026-06-18,2026-06-18 08:41:06,6,pickup,at_risk,4.54
en route -> PICKUP,22931,2026-06-23,2026-06-23 08:59:48,2,pickup,at_risk,-0.59
en route -> PICKUP,22933,2026-06-14,2026-06-14 16:03:58,2,pickup,late,-0.81
en route -> PICKUP,22935,2026-06-26,2026-06-26 11:50:17,4,pickup,on_time,3.83
en route -> PICKUP,22936,2026-07-03,2026-07-03 09:08:21,2,pickup,on_time,1.83
en route -> PICKUP,22939,2026-07-03,2026-07-03 21:34:48,4,pickup,watch,2.62
en route -> PICKUP,22942,2026-08-13,2026-08-13 16:56:10,6,pickup,at_risk,-4.18
en route -> PICKUP,22948,2026-06-21,2026-06-21 19:45:08,5,pickup,watch,2.15
en route -> PICKUP,22951,2026-06-20,2026-06-20 12:53:13,4,pickup,watch,3.71
en route -> PICKUP,22956,2026-06-21,2026-06-21 11:45:09,6,pickup,late,3.48
en route -> PICKUP,22957,2026-06-27,2026-06-27 18:46:17,2,pickup,on_time,1.12
en route -> PICKUP,22960,2026-06-23,2026-06-23 17:02:35,0,pickup,watch,-2.98
en route -> PICKUP,22970,2026-06-13,2026-06-13 11:00:25,0,pickup,late,-0.29
en route -> PICKUP,22972,2026-06-17,2026-06-17 14:41:32,6,pickup,late,3.58
en route -> PICKUP,22973,2026-06-21,2026-06-21 09:53:33,4,pickup,on_time,1.08
en route -> PICKUP,22974,2026-08-03,2026-08-03 07:33:51,3,pickup,on_time,0.06
en route -> PICKUP,22983,2026-06-28,2026-06-28 12:12:26,1,pickup,watch,-0.74
en route -> PICKUP,22987,2026-06-16,2026-06-16 16:37:22,1,pickup,watch,-0.65
en route -> PICKUP,22988,2026-08-20,2026-08-21 00:02:11,12,pickup,at_risk,8.95
en route -> PICKUP,22988,2026-08-20,2026-08-21 00:05:12,7,pickup,late,6.97
en route -> PICKUP,22990,2026-06-14,2026-06-14 22:12:50,5,pickup,late,2.07
en route -> PICKUP,22993,2026-07-22,2026-07-22 15:35:30,0,pickup,watch,-0.4
en route -> PICKUP,23000,2026-06-20,2026-06-20 14:14:47,5,pickup,on_time,4.65
en route -> PICKUP,23001,2026-06-15,2026-06-15 11:01:25,5,pickup,at_risk,4.48
en route -> PICKUP,23002,2026-06-18,2026-06-18 22:17:39,5,pickup,late,3.16
en route -> PICKUP,23004,2026-07-15,2026-07-15 08:25:33,2,pickup,watch,1.59
en route -> PICKUP,23009,2026-06-13,2026-06-13 15:26:46,0,pickup,watch,-0.25
en route -> PICKUP,23011,2026-06-20,2026-06-20 12:50:12,25,pickup,late,24.39
en route -> PICKUP,23024,2026-06-23,2026-06-23 14:52:44,1,pickup,watch,-1.8
en route -> PICKUP,23026,2026-07-08,2026-07-08 12:34:35,6,pickup,late,3.91
en route -> PICKUP,23027,2026-07-22,2026-07-22 12:45:34,5,pickup,late,3.73
en route -> PICKUP,23028,2026-07-27,2026-07-27 09:55:49,2,pickup,on_time,-0.89
en route -> PICKUP,23037,2026-06-11,2026-06-11 22:42:15,1,pickup,watch,-0.14
en route -> PICKUP,23050,2026-08-08,2026-08-08 17:02:12,4,pickup,late,1.17
en route -> PICKUP,23051,2026-07-03,2026-07-03 15:32:11,7,pickup,on_time,4.93
en route -> PICKUP,23058,2026-07-15,2026-07-15 12:47:56,6,pickup,late,3.32
en route -> PICKUP,23062,2026-06-09,2026-06-09 15:33:06,9,pickup,late,8.9
en route -> PICKUP,23075,2026-06-27,2026-06-27 11:46:20,30,pickup,on_time,-707.12
en route -> PICKUP,23075,2026-06-27,2026-06-27 19:37:35,31,pickup,on_time,-234.87
en route -> PICKUP,23076,2026-06-27,2026-06-27 15:41:56,5,pickup,late,4.74
en route -> PICKUP,23082,2026-06-12,2026-06-12 13:36:41,6,pickup,at_risk,5.89
en route -> PICKUP,23083,2026-06-21,2026-06-21 18:32:43,6,pickup,watch,4.84
en route -> PICKUP,23084,2026-06-22,2026-06-22 09:27:41,2,pickup,watch,1.01
en route -> PICKUP,23087,2026-06-27,2026-06-27 17:45:51,6,pickup,watch,3.26
en route -> PICKUP,23092,2026-07-01,2026-07-01 17:51:33,6,pickup,late,3.09
en route -> PICKUP,23101,2026-06-09,2026-06-09 11:40:30,0,pickup,on_time,-0.41
en route -> PICKUP,23103,2026-07-31,2026-07-31 17:40:14,8,pickup,watch,7.07
en route -> PICKUP,23108,2026-06-12,2026-06-12 11:20:24,10,pickup,late,8.29
en route -> PICKUP,23109,2026-06-18,2026-06-18 08:59:12,7,pickup,watch,5.61
en route -> PICKUP,23113,2026-07-23,2026-07-23 13:25:29,4,pickup,watch,3.91
en route -> PICKUP,23114,2026-06-30,2026-06-30 15:01:57,5,pickup,late,2.7
en route -> PICKUP,23122,2026-08-21,2026-08-21 15:10:50,32,next_pickup,at_risk,3.9
en route -> PICKUP,23122,2026-08-21,2026-08-21 15:38:29,2,pickup,late,1.54
en route -> PICKUP,23124,2026-06-18,2026-06-18 20:47:11,7,pickup,watch,4.05
en route -> PICKUP,23126,2026-06-14,2026-06-14 20:54:21,0,pickup,watch,-0.42
en route -> PICKUP,23128,2026-07-05,2026-07-05 17:38:45,8,pickup,at_risk,5.05
en route -> PICKUP,23129,2026-07-11,2026-07-11 11:46:28,5,pickup,on_time,2.59
en route -> PICKUP,23131,2026-07-03,2026-07-03 16:11:32,3,pickup,on_time,0.71
en route -> PICKUP,23133,2026-06-14,2026-06-14 10:55:14,2,pickup,on_time,-0.28
en route -> PICKUP,23144,2026-06-13,2026-06-13 17:03:36,1,pickup,watch,0.2
en route -> PICKUP,23148,2026-06-26,2026-06-26 16:34:23,1,pickup,on_time,-1.63
en route -> PICKUP,23157,2026-08-11,2026-08-11 20:22:13,1,pickup,on_time,0.53
en route -> PICKUP,23165,2026-06-12,2026-06-12 12:54:15,5,pickup,watch,4.27
en route -> PICKUP,23173,2026-06-28,2026-06-28 15:34:57,1,pickup,late,-1.76
en route -> PICKUP,23177,2026-06-11,2026-06-11 16:57:00,6,pickup,late,3.97
en route -> PICKUP,23179,2026-06-16,2026-06-16 15:58:09,8,pickup,late,6.59
en route -> PICKUP,23184,2026-07-03,2026-07-03 17:36:13,6,pickup,late,3.98
en route -> PICKUP,23186,2026-08-01,2026-08-01 11:07:02,0,pickup,late,-0.83
en route -> PICKUP,23188,2026-06-17,2026-06-17 16:45:28,1,pickup,watch,0.09
en route -> PICKUP,23192,2026-06-18,2026-06-18 13:48:50,8,pickup,watch,7.67
en route -> PICKUP,23193,2026-06-26,2026-06-26 22:12:28,1,pickup,on_time,0.43
en route -> PICKUP,23197,2026-06-16,2026-06-16 16:28:20,1,pickup,watch,0.99
en route -> PICKUP,23213,2026-07-06,2026-07-06 20:20:21,7,pickup,watch,5.26
en route -> PICKUP,23214,2026-06-24,2026-06-24 20:56:15,6,pickup,late,5.83
en route -> PICKUP,23218,2026-06-15,2026-06-15 15:55:18,0,pickup,on_time,-2.39
en route -> PICKUP,23219,2026-06-19,2026-06-19 11:26:31,7,pickup,at_risk,4.21
en route -> PICKUP,23220,2026-06-24,2026-06-24 19:37:51,0,pickup,on_time,-0.4
en route -> PICKUP,23224,2026-06-21,2026-06-21 09:50:33,0,pickup,watch,-2.02
en route -> PICKUP,23225,2026-06-10,2026-06-10 16:43:40,6,pickup,late,3.12
en route -> PICKUP,23226,2026-06-14,2026-06-14 12:04:50,4,pickup,watch,1.94
en route -> PICKUP,23227,2026-07-18,2026-07-18 12:27:21,3,pickup,on_time,2.58
en route -> PICKUP,23230,2026-06-12,2026-06-12 12:02:46,2,pickup,late,1.6
en route -> PICKUP,23233,2026-06-08,2026-06-08 11:35:12,1,pickup,on_time,-0.05
en route -> PICKUP,23235,2026-06-12,2026-06-12 12:45:10,5,pickup,late,3.22
en route -> PICKUP,23236,2026-06-15,2026-06-15 10:43:18,2,pickup,watch,-0.33
en route -> PICKUP,23237,2026-06-26,2026-06-26 21:51:22,20,pickup,late,17.31
en route -> PICKUP,23243,2026-08-17,2026-08-17 22:22:40,28,pickup,at_risk,25.63
en route -> PICKUP,23245,2026-07-03,2026-07-03 17:02:57,4,pickup,late,2.45
en route -> PICKUP,23247,2026-06-19,2026-06-19 13:03:05,9,pickup,late,7.48
en route -> PICKUP,23249,2026-06-27,2026-06-27 09:48:37,9,pickup,watch,8.34
en route -> PICKUP,23253,2026-06-15,2026-06-15 16:16:29,1,pickup,watch,-0.16
en route -> PICKUP,23258,2026-06-14,2026-06-14 17:04:31,14,pickup,at_risk,13.37
en route -> PICKUP,23263,2026-07-12,2026-07-12 16:02:46,3,pickup,watch,2.72
en route -> PICKUP,23265,2026-07-24,2026-07-24 15:33:09,1,pickup,watch,-1.72
en route -> PICKUP,23267,2026-08-21,2026-08-21 17:06:23,8,pickup,watch,6.79
en route -> PICKUP,23273,2026-06-23,2026-06-24 02:20:23,3,pickup,late,0.9
en route -> PICKUP,23275,2026-06-19,2026-06-19 11:56:41,1,pickup,watch,-1.54
en route -> PICKUP,23280,2026-06-26,2026-06-26 12:26:33,46,pickup,late,43.46
en route -> PICKUP,23281,2026-06-09,2026-06-09 15:21:01,7,pickup,late,6.61
en route -> PICKUP,23285,2026-06-13,2026-06-13 20:14:13,1,pickup,watch,-1.87
en route -> PICKUP,23288,2026-06-14,2026-06-14 15:24:37,5,pickup,late,4.44
en route -> PICKUP,23289,2026-06-18,2026-06-18 19:01:21,3,pickup,on_time,2.7
en route -> PICKUP,23293,2026-07-23,2026-07-24 02:49:03,2,pickup,late,-0.23
en route -> PICKUP,23298,2026-06-16,2026-06-16 13:57:23,3,pickup,watch,0.14
en route -> PICKUP,23302,2026-06-12,2026-06-13 03:27:17,1,pickup,watch,-1.93
en route -> PICKUP,23305,2026-07-25,2026-07-25 17:51:32,2,pickup,late,1.22
en route -> PICKUP,23306,2026-08-01,2026-08-01 07:57:54,4,pickup,on_time,2.3
en route -> PICKUP,23308,2026-07-31,2026-07-31 19:10:43,7,pickup,on_time,5.66
en route -> PICKUP,23312,2026-06-20,2026-06-20 17:13:05,2,pickup,watch,0.08
en route -> PICKUP,23313,2026-06-09,2026-06-09 17:24:53,7,pickup,late,4.31
en route -> PICKUP,23314,2026-06-11,2026-06-11 15:02:51,6,pickup,watch,4.34
en route -> PICKUP,23315,2026-06-15,2026-06-15 12:20:05,4,pickup,watch,3.58
en route -> PICKUP,23316,2026-06-28,2026-06-28 16:14:13,6,pickup,late,5.34
en route -> PICKUP,23317,2026-07-03,2026-07-03 16:47:49,2,pickup,on_time,1.82
en route -> PICKUP,23318,2026-07-14,2026-07-14 16:08:54,6,pickup,late,5.69
en route -> PICKUP,23319,2026-07-18,2026-07-18 13:24:51,2,pickup,on_time,1.86
en route -> PICKUP,23328,2026-06-17,2026-06-17 15:20:49,8,pickup,watch,6.39
en route -> PICKUP,23330,2026-07-04,2026-07-04 15:51:52,6,pickup,watch,5.16
en route -> PICKUP,23336,2026-07-04,2026-07-04 11:50:13,1,pickup,watch,0.36
en route -> PICKUP,23340,2026-06-20,2026-06-21 02:12:45,9,pickup,late,8.65
en route -> PICKUP,23343,2026-06-12,2026-06-12 15:22:51,1,pickup,on_time,0.8
en route -> PICKUP,23346,2026-06-26,2026-06-26 18:38:12,7,pickup,watch,5.36
en route -> PICKUP,23347,2026-06-29,2026-06-29 14:42:28,7,pickup,watch,6.7
en route -> PICKUP,23348,2026-06-14,2026-06-14 09:54:44,5,pickup,late,4.86
en route -> PICKUP,23349,2026-06-22,2026-06-22 20:05:51,2,pickup,on_time,1.29
en route -> PICKUP,23351,2026-06-22,2026-06-22 13:04:49,1,pickup,late,-1.06
en route -> PICKUP,23353,2026-07-29,2026-07-29 10:52:19,0,pickup,watch,-0.56
en route -> PICKUP,23354,2026-06-11,2026-06-11 17:03:04,7,pickup,late,4.48
en route -> PICKUP,23355,2026-06-22,2026-06-22 17:04:11,10,next_pickup,watch,8.18
en route -> PICKUP,23360,2026-06-09,2026-06-09 12:07:40,4,pickup,on_time,1.16
en route -> PICKUP,23362,2026-07-03,2026-07-03 11:39:26,3,pickup,on_time,2.79
en route -> PICKUP,23363,2026-06-10,2026-06-10 12:53:28,1,pickup,watch,-0.71
en route -> PICKUP,23365,2026-06-18,2026-06-18 19:25:34,25,pickup,late,22.8
en route -> PICKUP,23370,2026-07-17,2026-07-17 16:12:32,0,pickup,on_time,-0.98
en route -> PICKUP,23378,2026-06-22,2026-06-22 11:19:11,41,pickup,on_time,38.47
en route -> PICKUP,23386,2026-07-18,2026-07-18 09:53:19,6,pickup,on_time,4.23
en route -> PICKUP,23393,2026-06-14,2026-06-14 21:21:33,5,pickup,watch,2.62
en route -> PICKUP,23394,2026-06-19,2026-06-19 16:07:32,3,pickup,on_time,1.07
en route -> PICKUP,23396,2026-06-10,2026-06-11 02:20:10,4,pickup,at_risk,3.45
en route -> PICKUP,23411,2026-07-17,2026-07-17 23:21:13,5,pickup,watch,3.81
en route -> PICKUP,23412,2026-06-18,2026-06-18 13:03:34,2,pickup,late,0.27
en route -> PICKUP,23413,2026-06-25,2026-06-25 22:13:10,2,pickup,watch,0.3
en route -> PICKUP,23414,2026-06-11,2026-06-12 01:20:14,7,pickup,at_risk,4.84
en route -> PICKUP,23418,2026-06-17,2026-06-17 12:16:33,0,pickup,late,-1.52
en route -> PICKUP,23422,2026-06-26,2026-06-26 18:04:59,0,pickup,watch,-2.13
en route -> PICKUP,23435,2026-06-11,2026-06-11 15:36:09,6,pickup,late,5.66
en route -> PICKUP,23436,2026-06-16,2026-06-16 21:07:18,6,pickup,late,4.36
en route -> PICKUP,23437,2026-06-21,2026-06-21 07:49:59,4,pickup,watch,3.31
en route -> PICKUP,23438,2026-06-16,2026-06-16 11:05:27,2,pickup,watch,-0.21
en route -> PICKUP,23439,2026-07-08,2026-07-08 15:17:50,6,pickup,late,4.85
en route -> PICKUP,23444,2026-07-02,2026-07-02 21:21:12,4,pickup,watch,2.98
en route -> PICKUP,23449,2026-06-15,2026-06-15 12:38:15,7,pickup,late,5.32
en route -> PICKUP,23455,2026-06-30,2026-06-30 17:17:53,1,pickup,watch,0.9
en route -> PICKUP,23460,2026-07-25,2026-07-25 15:03:32,6,pickup,late,5.53
en route -> PICKUP,23461,2026-08-06,2026-08-06 18:39:53,1,pickup,late,-0.84
en route -> PICKUP,23462,2026-07-22,2026-06-22 14:50:46,1,pickup,watch,-1.88
en route -> PICKUP,23465,2026-06-25,2026-06-25 15:15:52,7,pickup,late,6.73
en route -> PICKUP,23467,2026-07-06,2026-07-06 08:39:50,5,pickup,watch,2.66
en route -> PICKUP,23477,2026-06-13,2026-06-13 13:07:34,2,pickup,late,-0.69
en route -> PICKUP,23478,2026-06-14,2026-06-14 16:34:15,0,pickup,late,-0.08
en route -> PICKUP,23488,2026-07-03,2026-07-03 04:43:15,8,pickup,late,7.22
en route -> PICKUP,23492,2026-07-20,2026-07-20 21:45:02,6,pickup,watch,4.72
en route -> PICKUP,23493,2026-07-25,2026-07-25 10:25:57,3,pickup,watch,1.32
en route -> PICKUP,23497,2026-07-12,2026-07-12 09:57:08,3,pickup,at_risk,1.19
en route -> PICKUP,23503,2026-07-09,2026-07-09 15:07:40,8,pickup,late,5.69
en route -> PICKUP,23507,2026-06-21,2026-06-21 21:18:35,6,pickup,late,4.4
en route -> PICKUP,23513,2026-06-19,2026-06-19 12:20:49,0,pickup,watch,-0.87
en route -> PICKUP,23514,2026-06-13,2026-06-14 00:55:08,5,pickup,late,3.02
en route -> PICKUP,23515,2026-06-12,2026-06-12 18:42:55,6,pickup,late,4.75
en route -> PICKUP,23516,2026-06-20,2026-06-20 14:11:45,7,pickup,at_risk,4.14
en route -> PICKUP,23518,2026-06-14,2026-06-15 01:19:46,6,pickup,late,3.09
en route -> PICKUP,23519,2026-06-18,2026-06-18 11:36:02,0,pickup,late,-0.89
en route -> PICKUP,23522,2026-06-10,2026-06-10 14:15:17,2,pickup,late,0.92
en route -> PICKUP,23523,2026-07-25,2026-07-25 10:31:59,2,pickup,on_time,0.14
en route -> PICKUP,23524,2026-08-01,2026-08-01 16:52:58,9,pickup,at_risk,6.51
en route -> PICKUP,23528,2026-07-08,2026-07-08 16:24:20,8,pickup,at_risk,5.52
en route -> PICKUP,23539,2026-06-11,2026-06-11 23:19:37,5,pickup,late,4.98
en route -> PICKUP,23541,2026-07-06,2026-07-06 12:35:02,7,pickup,late,4.21
en route -> PICKUP,23542,2026-07-11,2026-07-11 08:18:19,11,pickup,watch,8.22
en route -> PICKUP,23550,2026-06-22,2026-06-22 15:24:07,2,pickup,watch,0.25
en route -> PICKUP,23553,2026-08-08,2026-08-08 14:33:23,0,pickup,on_time,-0.72
en route -> PICKUP,23556,2026-06-23,2026-06-23 14:58:47,1,pickup,watch,-1.79
en route -> PICKUP,23564,2026-06-14,2026-06-14 08:57:17,2,pickup,watch,0.66
en route -> PICKUP,23566,2026-06-22,2026-06-22 10:15:54,2,pickup,watch,1.78
en route -> PICKUP,23568,2026-07-08,2026-07-08 18:52:38,8,pickup,late,6.68
en route -> PICKUP,23569,2026-07-13,2026-07-13 12:21:02,3,pickup,watch,0.36
en route -> PICKUP,23576,2026-08-06,2026-08-06 11:33:56,6,pickup,watch,5.76
en route -> PICKUP,23579,2026-06-11,2026-06-11 13:01:43,6,pickup,late,3.99
en route -> PICKUP,23583,2026-06-18,2026-06-18 13:57:53,6,pickup,late,4.19
en route -> PICKUP,23584,2026-06-21,2026-06-21 17:08:13,0,pickup,watch,-0.85
en route -> PICKUP,23591,2026-08-07,2026-08-06 17:00:41,9,pickup,on_time,7.51
en route -> PICKUP,23592,2026-08-10,2026-08-10 16:10:03,31,pickup,late,30.8
en route -> PICKUP,23599,2026-06-18,2026-06-18 12:45:27,8,pickup,late,5.89
en route -> PICKUP,23602,2026-07-19,2026-07-19 13:26:09,1,pickup,watch,-1.72
en route -> PICKUP,23606,2026-06-23,2026-06-23 23:01:33,7,pickup,late,5.06
en route -> PICKUP,23607,2026-06-30,2026-06-30 16:50:42,1,pickup,on_time,-0.75
en route -> PICKUP,23613,2026-07-23,2026-07-23 16:32:53,11,pickup,on_time,8.66
en route -> PICKUP,23616,2026-07-18,2026-07-18 11:29:57,0,pickup,watch,-2.97
en route -> PICKUP,23621,2026-06-15,2026-06-15 19:06:02,7,pickup,watch,6.69
en route -> PICKUP,23624,2026-06-30,2026-06-30 22:22:28,3,pickup,watch,2.83
en route -> PICKUP,23627,2026-06-28,2026-06-28 18:42:15,4,pickup,on_time,2.16
en route -> PICKUP,23635,2026-06-21,2026-06-21 08:50:16,5,pickup,on_time,3.62
en route -> PICKUP,23644,2026-06-21,2026-06-21 10:38:50,6,pickup,on_time,4.17
en route -> PICKUP,23646,2026-08-13,2026-08-13 21:43:53,7,pickup,watch,6.26
en route -> PICKUP,23649,2026-06-11,2026-06-11 18:53:10,6,pickup,watch,4.61
en route -> PICKUP,23650,2026-06-15,2026-06-15 13:05:32,171,pickup,late,170.77
en route -> PICKUP,23651,2026-06-11,2026-06-11 17:06:05,3,pickup,watch,1.92
en route -> PICKUP,23655,2026-06-27,2026-06-27 09:57:40,1,pickup,watch,0.4
en route -> PICKUP,23657,2026-06-16,2026-06-16 16:01:10,2,pickup,late,1.91
en route -> PICKUP,23668,2026-07-19,2026-07-19 13:44:16,4,pickup,late,2.65
en route -> PICKUP,23670,2026-07-24,2026-07-24 16:06:21,2,pickup,late,0.13
en route -> PICKUP,23672,2026-06-22,2026-06-22 09:00:34,5,pickup,on_time,2.91
en route -> PICKUP,23675,2026-06-18,2026-06-18 17:57:52,6,pickup,late,4.04
en route -> PICKUP,23676,2026-06-25,2026-06-25 08:13:42,5,pickup,watch,2.4
en route -> PICKUP,23680,2026-07-25,2026-07-25 18:48:50,9,pickup,late,8.48
en route -> PICKUP,23681,2026-08-01,2026-08-01 13:02:15,5,pickup,late,2.1
en route -> PICKUP,23684,2026-06-12,2026-06-12 13:27:35,7,pickup,late,5.33
en route -> PICKUP,23685,2026-06-16,2026-06-16 10:47:21,1,pickup,watch,-0.56
en route -> PICKUP,23695,2026-06-21,2026-06-21 11:05:57,6,pickup,late,3.68
en route -> PICKUP,23696,2026-06-26,2026-06-26 07:58:04,8,pickup,at_risk,5.72
en route -> PICKUP,23702,2026-06-27,2026-06-27 19:52:41,7,pickup,watch,4.01
en route -> PICKUP,23708,2026-08-21,2026-08-21 15:47:35,50,next_pickup,at_risk,5.39
en route -> PICKUP,23708,2026-08-21,2026-08-21 15:56:40,35,next_pickup,at_risk,-0.53
en route -> PICKUP,23708,2026-08-21,2026-08-21 16:30:03,1,pickup,late,-1.15
en route -> PICKUP,23709,2026-06-16,2026-06-16 21:28:23,6,pickup,late,4.67
en route -> PICKUP,23710,2026-06-24,2026-06-24 12:13:32,8,pickup,watch,6.1
en route -> PICKUP,23711,2026-06-16,2026-06-16 18:16:41,4,pickup,late,1.38
en route -> PICKUP,23715,2026-06-16,2026-06-16 14:00:24,4,pickup,late,2.37
en route -> PICKUP,23716,2026-06-24,2026-06-24 18:55:37,5,pickup,at_risk,2.73
en route -> PICKUP,23723,2026-06-14,2026-06-14 09:45:39,1,pickup,late,0.92
en route -> PICKUP,23733,2026-07-02,2026-07-02 20:05:41,2,pickup,on_time,-0.37
en route -> PICKUP,23741,2026-06-28,2026-06-28 18:24:08,5,pickup,late,3.55
en route -> PICKUP,23746,2026-06-15,2026-06-15 14:30:25,6,pickup,late,4.4
en route -> PICKUP,23747,2026-06-22,2026-06-22 16:58:07,7,pickup,at_risk,6.36
en route -> PICKUP,23748,2026-07-13,2026-07-13 14:28:02,0,pickup,watch,-1.58
en route -> PICKUP,23749,2026-07-17,2026-07-17 14:11:34,2,pickup,on_time,0.42
en route -> PICKUP,23752,2026-06-15,2026-06-15 19:40:03,6,pickup,late,3.33
en route -> PICKUP,23753,2026-06-20,2026-06-20 17:49:19,27,pickup,late,24.79
en route -> PICKUP,23764,2026-06-26,2026-06-26 19:02:23,7,pickup,watch,5.55
en route -> PICKUP,23779,2026-08-01,2026-08-01 22:19:28,31,pickup,late,30.77
en route -> PICKUP,23784,2026-06-20,2026-06-20 18:58:44,11,pickup,at_risk,10.8
en route -> PICKUP,23789,2026-06-27,2026-06-27 09:33:32,2,pickup,watch,1.27
en route -> PICKUP,23790,2026-06-22,2026-06-22 15:48:24,3,pickup,late,2.77
en route -> PICKUP,23794,2026-06-17,2026-06-17 12:43:45,7,pickup,late,4.39
en route -> PICKUP,23797,2026-07-04,2026-07-04 14:36:20,7,pickup,at_risk,6.32
en route -> PICKUP,23798,2026-07-08,2026-07-08 18:07:13,1,pickup,watch,-0.86
en route -> PICKUP,23800,2026-06-18,2026-06-18 11:29:59,2,pickup,on_time,0.69
en route -> PICKUP,23801,2026-07-24,2026-07-24 13:29:07,13,pickup,watch,12.55
en route -> PICKUP,23802,2026-07-27,2026-07-27 11:29:21,2,pickup,on_time,1.98
en route -> PICKUP,23809,2026-08-19,2026-08-19 16:50:22,10,pickup,on_time,-20.24
en route -> PICKUP,23809,2026-08-19,2026-08-19 17:20:35,6,pickup,at_risk,5.97
en route -> PICKUP,23813,2026-06-23,2026-06-23 13:22:11,4,pickup,watch,1.16
en route -> PICKUP,23822,2026-07-19,2026-07-19 17:33:31,6,pickup,at_risk,3.08
en route -> PICKUP,23827,2026-06-14,2026-06-14 18:14:05,8,pickup,watch,7.05
en route -> PICKUP,23835,2026-06-13,2026-06-13 22:39:23,6,pickup,late,5.45
en route -> PICKUP,23841,2026-07-09,2026-07-09 13:03:44,3,pickup,late,0.42
en route -> PICKUP,23842,2026-06-20,2026-06-20 19:13:49,6,pickup,late,5.47
en route -> PICKUP,23849,2026-06-20,2026-06-20 15:18:12,1,pickup,watch,-1.73
en route -> PICKUP,23856,2026-06-19,2026-06-19 20:00:14,35,pickup,late,32.82
en route -> PICKUP,23857,2026-06-15,2026-06-15 11:10:28,0,pickup,late,-1.24
en route -> PICKUP,23862,2026-07-25,2026-07-25 10:22:56,6,pickup,watch,3.71
en route -> PICKUP,23863,2026-07-31,2026-07-31 14:47:01,8,pickup,on_time,5.24
en route -> PICKUP,23875,2026-06-29,2026-06-29 15:00:36,6,pickup,on_time,4.27
en route -> PICKUP,23879,2026-06-21,2026-06-21 13:27:48,0,pickup,watch,-2.0
en route -> PICKUP,23880,2026-06-21,2026-06-21 21:06:31,4,pickup,on_time,2.25
en route -> PICKUP,23881,2026-07-03,2026-07-03 15:11:00,7,pickup,late,5.37
en route -> PICKUP,23890,2026-06-30,2026-06-30 14:40:48,5,pickup,late,4.92
en route -> PICKUP,23894,2026-06-30,2026-06-30 14:46:50,6,pickup,late,4.28
en route -> PICKUP,23900,2026-07-31,2026-07-31 14:00:35,1,pickup,late,0.97
en route -> PICKUP,23901,2026-08-05,2026-08-05 13:02:08,4,pickup,watch,1.46
en route -> PICKUP,23912,2026-06-24,2026-06-24 14:53:26,4,pickup,watch,1.59
en route -> PICKUP,23920,2026-07-16,2026-07-16 12:09:49,3,pickup,late,0.86
en route -> PICKUP,23927,2026-07-01,2026-07-01 11:37:31,4,pickup,on_time,3.6
en route -> PICKUP,23929,2026-06-18,2026-06-18 13:48:50,7,pickup,late,5.11
en route -> PICKUP,23931,2026-06-14,2026-06-14 13:02:22,0,pickup,late,-1.73
en route -> PICKUP,23937,2026-06-19,2026-06-19 10:32:07,6,pickup,late,3.71
en route -> PICKUP,23949,2026-07-12,2026-07-12 13:28:39,6,pickup,at_risk,3.0
en route -> PICKUP,23954,2026-06-22,2026-06-22 20:14:56,2,pickup,watch,0.97
en route -> PICKUP,23958,2026-07-07,2026-07-07 08:56:19,2,pickup,watch,0.06
en route -> PICKUP,23961,2026-06-26,2026-06-26 16:07:13,8,pickup,late,5.6
en route -> PICKUP,23970,2026-07-16,2026-07-16 18:15:06,0,pickup,on_time,-0.38
en route -> PICKUP,23971,2026-06-15,2026-06-15 12:41:17,3,pickup,on_time,-64.81
en route -> PICKUP,23971,2026-06-15,2026-06-15 12:44:19,7,pickup,on_time,-57.78
en route -> PICKUP,23972,2026-06-20,2026-06-20 09:58:07,23,pickup,on_time,-42.82
en route -> PICKUP,23972,2026-06-20,2026-06-20 10:25:15,23,pickup,on_time,-15.68
en route -> PICKUP,23972,2026-06-20,2026-06-20 11:01:29,3,pickup,watch,0.54
en route -> PICKUP,23976,2026-06-19,2026-06-19 10:50:14,0,pickup,on_time,-1.49
en route -> PICKUP,23979,2026-06-25,2026-06-25 15:12:50,7,pickup,watch,4.49
en route -> PICKUP,23980,2026-06-27,2026-06-27 14:41:33,4,pickup,on_time,3.27
en route -> PICKUP,23982,2026-06-24,2026-06-24 20:44:12,7,pickup,late,4.0
en route -> PICKUP,23987,2026-06-28,2026-06-28 19:21:29,5,pickup,at_risk,4.82
en route -> PICKUP,23989,2026-06-14,2026-06-14 20:03:00,6,pickup,on_time,3.0
en route -> PICKUP,23996,2026-06-14,2026-06-14 18:35:17,14,pickup,late,12.65
en route -> PICKUP,24002,2026-07-20,2026-07-20 19:54:36,7,pickup,late,4.45
en route -> PICKUP,24006,2026-06-27,2026-06-27 17:15:37,10,pickup,late,2.76
en route -> PICKUP,24006,2026-06-27,2026-06-27 17:21:40,4,pickup,late,2.8
en route -> PICKUP,24007,2026-08-17,2026-08-17 16:29:40,11,pickup,watch,-16.74
en route -> PICKUP,24007,2026-08-17,2026-08-17 16:56:56,2,pickup,late,1.53
en route -> PICKUP,24010,2026-06-19,2026-06-19 19:20:54,3,pickup,watch,2.72
en route -> PICKUP,24011,2026-07-18,2026-07-18 09:26:08,23,pickup,late,21.85
en route -> PICKUP,24012,2026-07-28,2026-07-28 19:15:49,10,pickup,at_risk,-271.06
en route -> PICKUP,24012,2026-07-28,2026-07-28 19:24:52,5,pickup,late,-267.01
en route -> PICKUP,24012,2026-07-28,2026-07-28 23:55:51,17,pickup,late,15.99
en route -> PICKUP,24013,2026-08-08,2026-08-08 13:08:36,3,pickup,on_time,0.04
en route -> PICKUP,24015,2026-06-24,2026-06-24 15:17:34,7,pickup,watch,6.46
en route -> PICKUP,24017,2026-07-11,2026-07-11 15:21:09,5,pickup,watch,3.59
en route -> PICKUP,24021,2026-06-19,2026-06-19 14:54:57,6,pickup,late,5.17
en route -> PICKUP,24022,2026-06-23,2026-06-23 08:47:45,1,pickup,watch,-0.1
en route -> PICKUP,24023,2026-06-17,2026-06-17 21:53:15,5,pickup,late,2.27
en route -> PICKUP,24024,2026-07-11,2026-07-11 06:05:40,8,pickup,late,6.87
en route -> PICKUP,24025,2026-07-19,2026-07-19 16:12:29,1,pickup,watch,-1.47
en route -> PICKUP,24026,2026-06-19,2026-06-19 14:45:51,6,pickup,late,5.73
en route -> PICKUP,24027,2026-06-21,2026-06-21 08:23:09,0,pickup,on_time,-2.35
en route -> PICKUP,24029,2026-07-08,2026-07-08 19:07:48,8,pickup,late,7.41
en route -> PICKUP,24030,2026-07-21,2026-07-21 17:42:19,0,pickup,watch,-2.14
en route -> PICKUP,24037,2026-06-23,2026-06-23 10:57:21,6,pickup,watch,3.77
en route -> PICKUP,24049,2026-06-19,2026-06-19 18:41:38,1,pickup,on_time,-1.71
en route -> PICKUP,24050,2026-08-02,2026-08-02 14:48:04,5,pickup,late,2.02
en route -> PICKUP,24053,2026-06-26,2026-06-26 07:42:59,6,pickup,watch,3.46
en route -> PICKUP,24054,2026-07-22,2026-07-22 12:54:37,9,pickup,late,7.12
en route -> PICKUP,24059,2026-07-24,2026-07-24 14:15:01,6,pickup,late,5.86
en route -> PICKUP,24060,2026-07-27,2026-07-27 17:24:59,10,pickup,at_risk,0.74
en route -> PICKUP,24060,2026-07-27,2026-07-27 17:27:59,9,pickup,at_risk,2.75
en route -> PICKUP,24060,2026-07-27,2026-07-27 17:34:01,2,pickup,late,1.78
en route -> PICKUP,24066,2026-07-03,2026-07-03 08:08:01,1,pickup,on_time,0.26
en route -> PICKUP,24067,2026-07-20,2026-07-20 15:13:15,8,pickup,late,6.4
en route -> PICKUP,24069,2026-07-12,2026-07-12 13:40:44,7,pickup,on_time,4.16
en route -> PICKUP,24071,2026-06-21,2026-06-21 15:46:43,8,pickup,late,6.8
en route -> PICKUP,24072,2026-06-23,2026-06-23 16:20:21,6,pickup,late,3.77
en route -> PICKUP,24074,2026-06-23,2026-06-23 17:47:54,6,pickup,late,4.73
en route -> PICKUP,24075,2026-06-27,2026-06-27 18:58:22,3,pickup,at_risk,1.75
en route -> PICKUP,24078,2026-06-27,2026-06-27 13:23:00,5,pickup,late,2.29
en route -> PICKUP,24082,2026-06-27,2026-06-27 17:33:45,1,pickup,on_time,-1.27
en route -> PICKUP,24085,2026-07-03,2026-07-03 16:50:52,2,pickup,on_time,0.71
en route -> PICKUP,24086,2026-07-07,2026-07-07 14:46:23,0,pickup,late,-1.6
en route -> PICKUP,24087,2026-07-03,2026-07-03 16:38:45,6,pickup,at_risk,3.6
en route -> PICKUP,24088,2026-07-15,2026-07-15 08:43:38,1,pickup,watch,0.28
en route -> PICKUP,24102,2026-07-18,2026-07-18 19:43:55,8,pickup,watch,5.33
en route -> PICKUP,24105,2026-08-14,2026-08-14 21:14:47,38,pickup,late,-56.57
en route -> PICKUP,24107,2026-07-09,2026-07-10 00:08:17,4,pickup,late,1.12
en route -> PICKUP,24113,2026-06-15,2026-06-15 20:07:11,6,pickup,late,4.18
en route -> PICKUP,24119,2026-06-26,2026-06-26 09:07:25,6,pickup,watch,3.12
en route -> PICKUP,24122,2026-08-18,2026-08-18 17:05:34,6,pickup,watch,4.28
en route -> PICKUP,24131,2026-08-08,2026-08-08 16:16:47,30,pickup,late,28.55
en route -> PICKUP,24137,2026-07-11,2026-07-11 17:31:10,0,pickup,late,-1.92
en route -> PICKUP,24141,2026-06-26,2026-06-26 12:53:46,4,pickup,watch,3.4
en route -> PICKUP,24147,2026-06-28,2026-06-28 11:27:09,1,pickup,watch,0.94
en route -> PICKUP,24148,2026-07-07,2026-07-07 13:49:00,10,pickup,late,7.53
en route -> PICKUP,24156,2026-06-28,2026-06-28 10:44:54,3,pickup,watch,0.41
en route -> PICKUP,24157,2026-06-20,2026-06-21 03:49:05,6,pickup,late,5.33
en route -> PICKUP,24158,2026-06-16,2026-06-16 09:13:56,2,pickup,at_risk,-0.07
en route -> PICKUP,24159,2026-06-17,2026-06-17 11:16:16,6,pickup,late,5.69
en route -> PICKUP,24160,2026-06-20,2026-06-20 16:39:52,2,pickup,on_time,1.87
en route -> PICKUP,24162,2026-06-23,2026-06-23 14:31:37,4,pickup,late,3.04
en route -> PICKUP,24172,2026-07-28,2026-07-28 19:42:56,1,pickup,watch,0.39
en route -> PICKUP,24180,2026-06-23,2026-06-23 17:08:38,0,pickup,late,-1.32
en route -> PICKUP,24185,2026-06-16,2026-06-16 12:23:54,3,pickup,watch,0.05
en route -> PICKUP,24193,2026-06-16,2026-06-16 12:45:00,2,pickup,watch,-0.5
en route -> PICKUP,24194,2026-06-16,2026-06-16 18:10:39,11,pickup,watch,9.65
en route -> PICKUP,24200,2026-06-17,2026-06-17 15:51:03,3,pickup,on_time,0.88
en route -> PICKUP,24201,2026-07-23,2026-07-23 14:17:38,6,pickup,late,3.84
en route -> PICKUP,24202,2026-07-27,2026-07-27 16:16:44,1,pickup,on_time,-0.64
en route -> PICKUP,24204,2026-06-19,2026-06-19 14:03:32,0,pickup,late,-1.14
en route -> PICKUP,24206,2026-06-19,2026-06-19 15:40:17,6,pickup,late,3.88
en route -> PICKUP,24211,2026-06-28,2026-06-28 05:49:33,1,pickup,on_time,-0.21
en route -> PICKUP,24212,2026-06-28,2026-06-28 13:37:03,64,pickup,on_time,62.59
en route -> PICKUP,24213,2026-07-29,2026-07-29 12:37:49,9,pickup,late,8.59
en route -> PICKUP,24216,2026-07-25,2026-07-25 12:13:23,7,pickup,watch,6.83
en route -> PICKUP,24218,2026-07-04,2026-07-04 13:20:48,5,pickup,watch,2.33
en route -> PICKUP,24219,2026-07-03,2026-07-03 15:50:21,0,pickup,watch,-1.57
en route -> PICKUP,24225,2026-07-02,2026-07-02 22:18:32,5,pickup,watch,3.47
en route -> PICKUP,24228,2026-07-01,2026-07-01 14:05:19,2,pickup,on_time,1.02
en route -> PICKUP,24229,2026-07-05,2026-07-05 21:10:01,6,pickup,late,5.17
en route -> PICKUP,24231,2026-07-14,2026-07-14 18:09:47,1,pickup,watch,0.18
en route -> PICKUP,24232,2026-06-30,2026-06-30 18:51:27,7,pickup,late,5.59
en route -> PICKUP,24234,2026-06-21,2026-06-21 14:16:06,0,pickup,on_time,-0.06
en route -> PICKUP,24235,2026-06-28,2026-06-28 11:45:15,3,pickup,watch,0.82
en route -> PICKUP,24236,2026-08-06,2026-08-06 12:25:22,7,pickup,late,5.77
en route -> PICKUP,24238,2026-07-01,2026-07-01 08:54:51,4,pickup,watch,2.8
en route -> PICKUP,24243,2026-06-27,2026-06-27 17:45:51,5,pickup,watch,4.37
en route -> PICKUP,24246,2026-07-15,2026-07-15 15:09:55,7,pickup,late,4.12
en route -> PICKUP,24247,2026-07-23,2026-07-23 18:42:24,0,pickup,on_time,-0.29
en route -> PICKUP,24252,2026-07-14,2026-07-14 17:15:22,16,pickup,at_risk,14.17
en route -> PICKUP,24260,2026-07-13,2026-07-13 16:56:07,2,pickup,watch,0.35
en route -> PICKUP,24264,2026-06-29,2026-06-29 17:25:46,2,pickup,watch,1.84
en route -> PICKUP,24267,2026-06-17,2026-06-17 13:23:02,6,pickup,watch,4.06
en route -> PICKUP,24269,2026-07-13,2026-07-13 15:34:30,1,pickup,watch,-0.21
en route -> PICKUP,24271,2026-07-11,2026-07-11 15:51:23,3,pickup,watch,0.5
en route -> PICKUP,24273,2026-08-15,2026-08-15 17:35:29,8,pickup,on_time,7.02
en route -> PICKUP,24284,2026-06-22,2026-06-22 15:05:55,7,pickup,watch,4.35
en route -> PICKUP,24285,2026-08-19,2026-08-19 14:46:41,62,next_pickup,on_time,2.07
en route -> PICKUP,24285,2026-08-19,2026-08-19 15:43:11,36,next_pickup,watch,32.56
en route -> PICKUP,24285,2026-08-19,2026-08-19 15:46:13,36,next_pickup,at_risk,35.59
en route -> PICKUP,24287,2026-06-28,2026-06-28 18:09:01,7,pickup,at_risk,6.84
en route -> PICKUP,24289,2026-06-17,2026-06-17 12:10:31,4,pickup,late,2.12
en route -> PICKUP,24293,2026-06-21,2026-06-21 07:28:52,3,pickup,at_risk,1.11
en route -> PICKUP,24294,2026-07-01,2026-07-01 12:25:46,14,pickup,watch,-12.75
en route -> PICKUP,24294,2026-07-01,2026-07-01 12:49:54,6,pickup,late,3.38
en route -> PICKUP,24298,2026-07-21,2026-07-21 11:56:28,3,pickup,on_time,0.16
en route -> PICKUP,24303,2026-06-17,2026-06-17 21:20:03,6,pickup,watch,5.97
en route -> PICKUP,24304,2026-07-07,2026-07-07 12:51:35,5,pickup,late,2.89
en route -> PICKUP,24305,2026-07-13,2026-07-13 21:36:56,9,pickup,at_risk,7.12
en route -> PICKUP,24306,2026-06-22,2026-06-23 01:31:10,6,pickup,at_risk,5.95
en route -> PICKUP,24313,2026-08-17,2026-08-17 15:17:40,1,pickup,late,0.34
en route -> PICKUP,24316,2026-07-17,2026-07-17 11:37:26,9,pickup,on_time,-4.05
en route -> PICKUP,24316,2026-07-17,2026-07-17 11:46:30,9,pickup,on_time,5.02
en route -> PICKUP,24316,2026-07-17,2026-07-17 11:49:31,2,pickup,on_time,1.03
en route -> PICKUP,24317,2026-06-28,2026-06-28 20:55:04,7,pickup,late,5.87
en route -> PICKUP,24320,2026-07-03,2026-07-03 23:41:24,35,pickup,late,32.86
en route -> PICKUP,24321,2026-06-17,2026-06-18 01:27:22,9,pickup,late,7.85
en route -> PICKUP,24324,2026-07-08,2026-07-08 16:48:30,1,pickup,watch,-1.12
en route -> PICKUP,24325,2026-06-22,2026-06-22 22:03:29,3,pickup,late,1.74
en route -> PICKUP,24326,2026-07-21,2026-07-21 14:47:55,6,pickup,late,3.26
en route -> PICKUP,24331,2026-07-10,2026-07-10 19:47:41,8,pickup,on_time,7.14
en route -> PICKUP,24336,2026-07-05,2026-07-05 10:29:44,5,pickup,at_risk,3.61
en route -> PICKUP,24340,2026-06-29,2026-06-29 13:51:05,8,pickup,late,7.62
en route -> PICKUP,24341,2026-07-03,2026-07-03 12:39:53,4,pickup,on_time,1.39
en route -> PICKUP,24342,2026-07-03,2026-07-03 20:46:30,3,pickup,watch,0.85
en route -> PICKUP,24343,2026-07-05,2026-07-05 09:59:34,2,pickup,at_risk,1.56
en route -> PICKUP,24346,2026-07-12,2026-07-12 11:18:41,160,pickup,at_risk,159.0
en route -> PICKUP,24347,2026-08-20,2026-08-20 12:31:11,12,pickup,on_time,11.95
en route -> PICKUP,24351,2026-07-05,2026-07-05 18:14:59,2,pickup,watch,1.32
en route -> PICKUP,24354,2026-06-26,2026-06-26 11:38:12,6,pickup,late,4.54
en route -> PICKUP,24357,2026-07-03,2026-07-03 08:32:09,0,pickup,watch,-0.99
en route -> PICKUP,24359,2026-08-15,2026-08-15 18:33:27,8,pickup,at_risk,-7.07
en route -> PICKUP,24359,2026-08-15,2026-08-15 18:45:33,6,pickup,late,3.04
en route -> PICKUP,24361,2026-07-26,2026-07-26 12:18:37,17,pickup,on_time,-10.18
en route -> PICKUP,24361,2026-07-26,2026-07-26 12:45:47,8,pickup,watch,7.98
en route -> PICKUP,24363,2026-08-02,2026-08-02 10:50:22,42,pickup,on_time,-0.58
en route -> PICKUP,24363,2026-08-02,2026-08-02 11:32:36,1,pickup,on_time,0.65
en route -> PICKUP,24366,2026-06-29,2026-06-29 18:53:26,7,pickup,watch,6.37
en route -> PICKUP,24367,2026-07-06,2026-07-06 14:23:54,2,pickup,on_time,0.83
en route -> PICKUP,24368,2026-07-11,2026-07-11 13:38:18,6,pickup,watch,3.64
en route -> PICKUP,24370,2026-06-23,2026-06-23 12:21:50,6,pickup,on_time,3.33
en route -> PICKUP,24388,2026-06-19,2026-06-19 12:23:51,10,pickup,late,9.32
en route -> PICKUP,24390,2026-07-20,2026-07-20 12:25:09,7,pickup,at_risk,5.84
en route -> PICKUP,24391,2026-07-23,2026-07-23 12:40:14,6,pickup,late,4.68
en route -> PICKUP,24393,2026-07-15,2026-07-15 16:37:36,6,pickup,watch,4.03
en route -> PICKUP,24395,2026-06-18,2026-06-19 02:21:41,7,pickup,late,6.22
en route -> PICKUP,24396,2026-06-27,2026-06-27 19:34:35,7,pickup,late,4.03
en route -> PICKUP,24399,2026-06-27,2026-06-27 14:02:17,1,pickup,watch,-1.11
en route -> PICKUP,24403,2026-06-22,2026-06-22 14:56:49,1,pickup,watch,-1.54
en route -> PICKUP,24404,2026-06-26,2026-06-26 09:55:41,5,pickup,on_time,3.01
en route -> PICKUP,24408,2026-07-07,2026-07-07 09:11:24,0,pickup,watch,-1.82
en route -> PICKUP,24416,2026-08-16,2026-08-16 12:09:12,31,pickup,late,28.01
en route -> PICKUP,24417,2026-08-13,2026-08-13 14:55:52,17,next_pickup,at_risk,14.22
en route -> PICKUP,24418,2026-08-16,2026-08-16 13:03:42,1,pickup,on_time,-1.38
en route -> PICKUP,24419,2026-06-28,2026-06-28 13:37:03,4,pickup,late,1.38
en route -> PICKUP,24422,2026-06-25,2026-06-25 12:29:49,8,pickup,late,4.98
en route -> PICKUP,24423,2026-06-28,2026-06-28 14:49:35,2,pickup,watch,-0.09
en route -> PICKUP,24426,2026-06-20,2026-06-20 16:18:44,7,pickup,late,5.59
en route -> PICKUP,24427,2026-07-11,2026-07-11 21:14:47,16,pickup,late,13.71
en route -> PICKUP,24428,2026-07-02,2026-07-02 21:54:23,11,pickup,at_risk,9.21
en route -> PICKUP,24437,2026-06-21,2026-06-21 15:04:26,5,pickup,on_time,2.95
en route -> PICKUP,24441,2026-08-19,2026-08-19 12:23:16,4,pickup,watch,3.05
en route -> PICKUP,24444,2026-07-14,2026-07-14 14:20:11,6,pickup,late,3.17
en route -> PICKUP,24449,2026-06-21,2026-06-21 10:41:50,2,pickup,on_time,-0.3
en route -> PICKUP,24457,2026-06-28,2026-06-28 20:30:55,5,pickup,late,2.35
en route -> PICKUP,24467,2026-06-18,2026-06-18 23:42:03,3,pickup,late,2.17
en route -> PICKUP,24472,2026-07-10,2026-07-10 22:27:40,7,pickup,watch,4.77
en route -> PICKUP,24473,2026-07-13,2026-07-13 20:09:28,2,pickup,watch,1.29
en route -> PICKUP,24477,2026-06-30,2026-06-30 18:48:25,2,pickup,watch,0.77
en route -> PICKUP,24479,2026-06-25,2026-06-25 08:49:50,37,next_pickup,on_time,32.55
en route -> PICKUP,24479,2026-06-25,2026-06-25 08:52:51,25,pickup,on_time,23.56
en route -> PICKUP,24490,2026-08-10,2026-08-10 20:06:26,18,next_pickup,on_time,-35.61
en route -> PICKUP,24490,2026-08-10,2026-08-10 20:59:04,0,pickup,late,-0.98
en route -> PICKUP,24492,2026-07-01,2026-07-01 14:20:25,4,pickup,watch,3.38
en route -> PICKUP,24494,2026-07-05,2026-07-05 22:13:28,3,pickup,watch,1.17
en route -> PICKUP,24501,2026-07-17,2026-07-17 12:19:44,4,pickup,watch,2.09
en route -> PICKUP,24502,2026-06-25,2026-06-25 14:36:36,4,pickup,watch,2.84
en route -> PICKUP,24508,2026-06-19,2026-06-19 22:37:13,5,pickup,late,4.58
en route -> PICKUP,24509,2026-06-23,2026-06-23 12:42:57,2,pickup,watch,1.19
en route -> PICKUP,24510,2026-06-19,2026-06-19 12:17:49,3,pickup,on_time,0.07
en route -> PICKUP,24514,2026-06-30,2026-06-30 21:10:08,74,next_pickup,at_risk,72.66
en route -> PICKUP,24518,2026-06-20,2026-06-20 06:45:11,6,pickup,watch,3.59
en route -> PICKUP,24519,2026-07-22,2026-07-22 12:27:10,3,pickup,late,0.62
en route -> PICKUP,24522,2026-06-19,2026-06-20 03:53:32,5,pickup,late,4.15
en route -> PICKUP,24523,2026-06-21,2026-06-21 18:23:40,8,pickup,at_risk,6.6
en route -> PICKUP,24524,2026-06-19,2026-06-19 15:28:12,2,pickup,at_risk,1.16
en route -> PICKUP,24527,2026-06-28,2026-06-28 12:54:44,2,pickup,watch,0.5
en route -> PICKUP,24530,2026-07-05,2026-07-05 10:17:40,2,pickup,on_time,-0.37
en route -> PICKUP,24531,2026-07-09,2026-07-09 12:54:40,6,pickup,late,4.15
en route -> PICKUP,24532,2026-07-11,2026-07-11 19:44:13,1,pickup,on_time,0.41
en route -> PICKUP,24533,2026-06-21,2026-06-21 12:24:24,10,pickup,on_time,-29.79
en route -> PICKUP,24533,2026-06-21,2026-06-21 13:03:40,3,pickup,watch,2.46
en route -> PICKUP,24538,2026-06-29,2026-06-29 18:05:03,0,pickup,late,-1.44
en route -> PICKUP,24540,2026-07-17,2026-07-17 13:59:27,7,pickup,late,6.16
en route -> PICKUP,24541,2026-07-25,2026-07-25 20:18:36,0,pickup,watch,-1.79
en route -> PICKUP,24542,2026-07-20,2026-07-20 14:55:08,0,pickup,watch,-1.21
en route -> PICKUP,24547,2026-08-10,2026-08-10 16:13:05,7,pickup,late,6.8
en route -> PICKUP,24548,2026-06-22,2026-06-22 17:52:41,6,pickup,late,3.05
en route -> PICKUP,24555,2026-07-13,2026-07-13 11:44:46,1,pickup,watch,-0.03
en route -> PICKUP,24559,2026-06-19,2026-06-20 00:40:49,8,pickup,at_risk,5.96
en route -> PICKUP,24563,2026-07-14,2026-07-14 19:13:12,1,pickup,watch,-0.03
en route -> PICKUP,24566,2026-07-05,2026-07-05 16:29:16,8,pickup,at_risk,6.05
en route -> PICKUP,24578,2026-06-28,2026-06-28 14:49:35,0,pickup,watch,-0.88
en route -> PICKUP,24580,2026-06-24,2026-06-24 12:13:32,6,pickup,late,4.16
en route -> PICKUP,24581,2026-06-28,2026-06-28 23:59:03,6,pickup,late,3.61
en route -> PICKUP,24582,2026-06-30,2026-06-30 17:14:52,5,pickup,on_time,4.28
en route -> PICKUP,24585,2026-07-09,2026-07-09 14:28:22,6,pickup,on_time,4.02
en route -> PICKUP,24591,2026-07-07,2026-07-07 16:41:11,29,pickup,late,28.64
en route -> PICKUP,24592,2026-07-01,2026-07-01 18:09:39,6,pickup,late,5.17
en route -> PICKUP,24593,2026-07-06,2026-07-06 12:28:59,1,pickup,watch,-1.52
en route -> PICKUP,24599,2026-07-26,2026-07-26 12:45:47,7,pickup,at_risk,6.56
en route -> PICKUP,24603,2026-06-29,2026-06-29 17:28:47,2,pickup,at_risk,0.14
en route -> PICKUP,24605,2026-06-28,2026-06-28 17:26:44,1,pickup,on_time,0.36
en route -> PICKUP,24619,2026-07-08,2026-07-08 22:02:54,1,pickup,watch,-0.44
en route -> PICKUP,24620,2026-06-24,2026-06-24 15:20:35,7,pickup,late,5.46
en route -> PICKUP,24621,2026-06-30,2026-07-01 03:59:49,8,pickup,late,-0.57
en route -> PICKUP,24622,2026-07-07,2026-07-07 19:39:18,2,pickup,late,-0.99
en route -> PICKUP,24624,2026-08-16,2026-08-16 11:24:14,1,pickup,on_time,0.93
en route -> PICKUP,24627,2026-06-27,2026-06-27 23:05:44,6,pickup,late,4.75
en route -> PICKUP,24629,2026-07-01,2026-07-01 20:01:14,6,pickup,late,5.77
en route -> PICKUP,24631,2026-06-21,2026-06-21 17:44:28,7,pickup,on_time,6.24
en route -> PICKUP,24633,2026-08-08,2026-08-08 18:47:08,0,pickup,on_time,-2.54
en route -> PICKUP,24635,2026-07-12,2026-07-12 15:47:41,7,pickup,late,5.0
en route -> PICKUP,24638,2026-06-28,2026-06-28 15:25:52,5,pickup,at_risk,3.43
en route -> PICKUP,24640,2026-08-03,2026-08-03 23:42:47,5,pickup,at_risk,2.0
en route -> PICKUP,24641,2026-08-13,2026-08-13 14:07:24,1,pickup,watch,0.67
en route -> PICKUP,24652,2026-07-11,2026-07-11 14:38:48,15,pickup,at_risk,12.46
en route -> PICKUP,24654,2026-06-21,2026-06-21 07:31:53,1,pickup,late,0.42
en route -> PICKUP,24655,2026-06-23,2026-06-23 19:00:22,8,pickup,watch,6.05
en route -> PICKUP,24656,2026-06-30,2026-06-30 14:55:55,6,pickup,at_risk,3.73
en route -> PICKUP,24657,2026-06-21,2026-06-21 23:22:31,6,pickup,late,4.19
en route -> PICKUP,24658,2026-08-11,2026-08-11 18:16:08,7,pickup,on_time,-45.25
en route -> PICKUP,24658,2026-08-11,2026-08-11 18:37:16,9,pickup,at_risk,-22.1
en route -> PICKUP,24658,2026-08-11,2026-08-11 18:52:24,7,pickup,late,-8.98
en route -> PICKUP,24662,2026-06-22,2026-06-22 19:11:25,8,pickup,late,5.35
en route -> PICKUP,24664,2026-07-13,2026-07-13 15:28:28,7,pickup,on_time,6.62
en route -> PICKUP,24665,2026-06-28,2026-06-28 19:21:29,27,pickup,late,-49.14
en route -> PICKUP,24672,2026-07-25,2026-07-25 16:51:08,6,pickup,watch,5.23
en route -> PICKUP,24675,2026-06-21,2026-06-21 14:22:09,5,pickup,late,4.46
en route -> PICKUP,24677,2026-08-11,2026-08-11 17:03:42,6,pickup,late,5.66
en route -> PICKUP,24678,2026-08-14,2026-08-14 15:33:59,0,pickup,late,-2.3
en route -> PICKUP,24685,2026-06-26,2026-06-26 22:48:40,2,pickup,on_time,-0.93
en route -> PICKUP,24689,2026-06-24,2026-06-24 19:43:53,12,pickup,late,9.0
en route -> PICKUP,24692,2026-07-27,2026-07-27 11:38:25,1,pickup,watch,-0.85
en route -> PICKUP,24698,2026-07-13,2026-07-13 14:58:14,2,pickup,on_time,1.26
en route -> PICKUP,24703,2026-07-05,2026-07-05 13:43:00,0,pickup,late,-1.47
en route -> PICKUP,24711,2026-07-28,2026-07-28 08:21:33,1,pickup,watch,0.96
en route -> PICKUP,24715,2026-08-16,2026-08-16 12:51:35,1,pickup,watch,-1.92
en route -> PICKUP,24716,2026-07-12,2026-07-12 10:51:30,149,pickup,at_risk,147.34
en route -> PICKUP,24718,2026-06-25,2026-06-25 08:49:50,4,pickup,watch,3.38
en route -> PICKUP,24721,2026-07-04,2026-07-04 20:38:33,6,pickup,late,4.91
en route -> PICKUP,24727,2026-07-04,2026-07-04 09:01:25,28,pickup,late,25.23
en route -> PICKUP,24732,2026-07-04,2026-07-04 17:13:23,10,pickup,watch,7.22
en route -> PICKUP,24735,2026-08-09,2026-08-09 10:23:45,3,pickup,watch,0.78
en route -> PICKUP,24736,2026-06-24,2026-06-24 15:54:27,6,pickup,at_risk,5.55
en route -> PICKUP,24737,2026-06-28,2026-06-28 13:43:06,2,pickup,at_risk,0.69
en route -> PICKUP,24744,2026-08-20,2026-08-20 14:04:57,6,pickup,at_risk,4.37
en route -> PICKUP,24755,2026-07-04,2026-07-04 17:16:25,2,pickup,watch,-0.69
en route -> PICKUP,24757,2026-07-05,2026-07-05 15:52:58,6,pickup,watch,3.94
en route -> PICKUP,24758,2026-08-19,2026-08-19 14:16:24,12,pickup,on_time,-7.78
en route -> PICKUP,24758,2026-08-19,2026-08-19 14:28:30,0,pickup,on_time,-7.68
en route -> PICKUP,24758,2026-08-19,2026-08-19 14:34:34,6,pickup,on_time,4.38
en route -> PICKUP,24763,2026-06-27,2026-06-27 12:07:28,7,pickup,watch,6.92
en route -> PICKUP,24769,2026-07-01,2026-07-01 11:55:36,6,pickup,late,5.41
en route -> PICKUP,24771,2026-06-24,2026-06-24 15:57:28,4,pickup,on_time,3.88
en route -> PICKUP,24772,2026-06-28,2026-06-28 11:27:09,3,pickup,at_risk,2.43
en route -> PICKUP,24785,2026-07-19,2026-07-19 20:47:41,3,pickup,watch,0.3
en route -> PICKUP,24812,2026-06-22,2026-06-22 13:44:06,5,pickup,late,2.86
en route -> PICKUP,24814,2026-06-24,2026-06-25 01:09:17,7,pickup,late,6.98
en route -> PICKUP,24824,2026-08-01,2026-08-01 12:26:00,5,pickup,at_risk,3.58
en route -> PICKUP,24838,2026-06-30,2026-06-30 10:33:26,3,pickup,late,0.22
en route -> PICKUP,24846,2026-06-30,2026-06-30 13:04:10,2,pickup,watch,0.5
en route -> PICKUP,24850,2026-08-06,2026-08-06 15:48:59,26,pickup,at_risk,23.26
en route -> PICKUP,24854,2026-07-21,2026-07-21 20:47:05,1,pickup,late,-1.8
en route -> PICKUP,24855,2026-08-14,2026-08-14 14:12:51,0,pickup,late,-2.87
en route -> PICKUP,24856,2026-06-22,2026-06-22 16:27:49,2,pickup,watch,1.5
en route -> PICKUP,24861,2026-07-28,2026-07-28 20:35:46,6,pickup,late,4.82
en route -> PICKUP,24867,2026-07-20,2026-07-20 20:11:38,12,pickup,late,9.47
en route -> PICKUP,24868,2026-07-24,2026-07-24 17:28:30,0,pickup,watch,-0.64
en route -> PICKUP,24869,2026-07-15,2026-07-16 03:19:38,21,pickup,late,19.92
en route -> PICKUP,24876,2026-06-29,2026-06-29 15:18:44,2,pickup,watch,0.75
en route -> PICKUP,24881,2026-06-25,2026-06-25 14:18:28,2,pickup,watch,1.67
en route -> PICKUP,24888,2026-07-26,2026-07-26 15:35:29,4,pickup,on_time,3.08
en route -> PICKUP,24894,2026-07-03,2026-07-03 12:24:47,6,pickup,on_time,3.53
en route -> PICKUP,24897,2026-06-25,2026-06-25 16:52:30,6,pickup,watch,5.33
en route -> PICKUP,24901,2026-06-25,2026-06-25 19:39:17,6,pickup,late,3.21
en route -> PICKUP,24905,2026-07-27,2026-07-27 18:45:21,9,pickup,watch,7.86
en route -> PICKUP,24906,2026-07-29,2026-07-29 15:37:44,3,pickup,watch,2.71
en route -> PICKUP,24907,2026-06-26,2026-06-27 01:49:40,6,pickup,late,3.45
en route -> PICKUP,24909,2026-07-18,2026-07-18 14:10:11,0,pickup,on_time,-3.05
en route -> PICKUP,24912,2026-08-01,2026-08-01 17:11:07,2,pickup,on_time,-0.14
en route -> PICKUP,24913,2026-07-10,2026-07-10 10:38:00,51,pickup,on_time,49.27
en route -> PICKUP,24917,2026-07-25,2026-07-25 18:24:39,3,pickup,watch,2.4
en route -> PICKUP,24918,2026-07-31,2026-07-31 11:54:38,2,pickup,on_time,1.18
en route -> PICKUP,24923,2026-06-25,2026-06-26 00:59:00,6,pickup,late,4.35
en route -> PICKUP,24924,2026-07-02,2026-07-02 20:54:00,2,pickup,watch,1.75
en route -> PICKUP,24926,2026-07-01,2026-07-01 12:04:39,0,pickup,on_time,-1.17
en route -> PICKUP,24930,2026-07-03,2026-07-03 20:49:31,1,pickup,watch,0.23
en route -> PICKUP,24934,2026-07-12,2026-07-12 17:30:26,8,pickup,watch,7.33
en route -> PICKUP,24935,2026-07-16,2026-07-16 13:19:13,2,pickup,watch,-0.97
en route -> PICKUP,24942,2026-06-29,2026-06-29 07:33:58,7,pickup,watch,4.0
en route -> PICKUP,24944,2026-08-08,2026-08-08 11:18:09,0,pickup,on_time,-2.19
en route -> PICKUP,24946,2026-06-26,2026-06-26 21:27:14,6,pickup,late,5.89
en route -> PICKUP,24950,2026-07-15,2026-07-15 10:59:21,8,pickup,on_time,-112.65
en route -> PICKUP,24950,2026-07-15,2026-07-15 11:53:37,8,pickup,on_time,-58.37
en route -> PICKUP,24950,2026-07-15,2026-07-15 12:57:01,7,pickup,late,4.02
en route -> PICKUP,24951,2026-06-23,2026-06-23 15:41:05,3,pickup,late,1.62
en route -> PICKUP,24955,2026-06-29,2026-06-29 21:24:24,6,pickup,late,4.85
en route -> PICKUP,24963,2026-06-23,2026-06-23 18:21:08,2,pickup,late,0.7
en route -> PICKUP,24965,2026-07-03,2026-07-03 13:10:08,4,pickup,on_time,1.41
en route -> PICKUP,24966,2026-08-15,2026-08-15 21:59:11,5,next_pickup,on_time,-57.92
en route -> PICKUP,24969,2026-06-26,2026-06-26 17:19:43,6,pickup,late,5.35
en route -> PICKUP,24971,2026-08-02,2026-08-02 10:32:17,27,pickup,late,26.8
en route -> PICKUP,24973,2026-06-25,2026-06-26 02:50:25,11,pickup,late,8.4
en route -> PICKUP,24977,2026-07-01,2026-07-01 20:22:22,9,pickup,on_time,6.01
en route -> PICKUP,24978,2026-06-27,2026-06-27 08:36:15,2,pickup,watch,0.37
en route -> PICKUP,24988,2026-07-23,2026-07-23 23:50:01,7,pickup,at_risk,6.97
en route -> PICKUP,24989,2026-07-28,2026-07-28 17:27:53,12,pickup,on_time,11.06
en route -> PICKUP,24994,2026-07-31,2026-07-31 18:52:35,7,pickup,late,6.36
en route -> PICKUP,24996,2026-08-13,2026-08-13 12:53:58,2,pickup,watch,1.5
en route -> PICKUP,25008,2026-07-13,2026-07-13 18:23:43,6,pickup,late,5.27
en route -> PICKUP,25009,2026-07-12,2026-07-13 03:48:45,5,pickup,watch,3.56
en route -> PICKUP,25016,2026-07-15,2026-07-15 09:46:58,2,pickup,watch,-0.68
en route -> PICKUP,25017,2026-06-25,2026-06-25 12:50:55,7,pickup,watch,4.93
en route -> PICKUP,25019,2026-07-19,2026-07-19 20:44:39,6,pickup,late,4.95
en route -> PICKUP,25026,2026-07-12,2026-07-12 10:42:26,3,pickup,on_time,0.31
en route -> PICKUP,25034,2026-07-07,2026-07-07 09:56:38,5,pickup,on_time,2.75
en route -> PICKUP,25039,2026-07-16,2026-07-16 17:14:43,2,pickup,on_time,-0.07
en route -> PICKUP,25044,2026-07-05,2026-07-05 17:14:35,2,pickup,on_time,-0.38
en route -> PICKUP,25046,2026-07-06,2026-07-06 18:43:43,2,pickup,watch,1.03
en route -> PICKUP,25048,2026-07-11,2026-07-11 14:23:39,7,pickup,at_risk,5.94
en route -> PICKUP,25052,2026-07-09,2026-07-09 18:24:08,11,pickup,at_risk,9.53
en route -> PICKUP,25057,2026-07-05,2026-07-05 08:41:09,1,pickup,watch,-1.7
en route -> PICKUP,25060,2026-07-17,2026-07-17 12:34:51,2,pickup,watch,1.4
en route -> PICKUP,25065,2026-07-06,2026-07-06 10:10:12,8,pickup,on_time,5.22
en route -> PICKUP,25068,2026-07-05,2026-07-05 06:49:36,2,pickup,watch,1.5
en route -> PICKUP,25079,2026-06-26,2026-06-27 02:01:43,7,pickup,late,4.92
en route -> PICKUP,25086,2026-07-03,2026-07-03 13:46:24,2,pickup,watch,1.89
en route -> PICKUP,25088,2026-06-28,2026-06-28 14:13:19,1,pickup,on_time,-63.14
en route -> PICKUP,25088,2026-06-28,2026-06-28 15:16:49,0,pickup,watch,-0.63
en route -> PICKUP,25092,2026-06-29,2026-06-29 15:48:59,7,pickup,watch,5.14
en route -> PICKUP,25093,2026-07-09,2026-07-09 17:50:52,13,pickup,late,12.76
en route -> PICKUP,25099,2026-06-29,2026-06-29 14:09:12,1,pickup,watch,0.69
en route -> PICKUP,25100,2026-06-24,2026-06-24 22:08:34,6,pickup,late,4.65
en route -> PICKUP,25101,2026-06-26,2026-06-26 14:51:39,1,pickup,watch,0.04
en route -> PICKUP,25107,2026-07-01,2026-07-01 11:43:33,9,pickup,late,6.48
en route -> PICKUP,25110,2026-07-06,2026-07-06 13:47:37,7,pickup,watch,6.4
en route -> PICKUP,25113,2026-07-16,2026-07-16 17:17:45,8,pickup,on_time,6.56
en route -> PICKUP,25114,2026-08-13,2026-08-13 14:25:34,28,pickup,on_time,-163.45
en route -> PICKUP,25114,2026-08-13,2026-08-13 14:40:44,15,pickup,on_time,-161.3
en route -> PICKUP,25114,2026-08-13,2026-08-13 15:14:09,9,pickup,on_time,-133.87
en route -> PICKUP,25114,2026-08-13,2026-08-13 16:10:42,9,pickup,on_time,-77.33
en route -> PICKUP,25114,2026-08-13,2026-08-13 16:34:56,6,pickup,on_time,-56.1
en route -> PICKUP,25114,2026-08-13,2026-08-13 16:56:10,6,pickup,watch,-34.85
en route -> PICKUP,25114,2026-08-13,2026-08-13 17:14:23,8,pickup,late,-14.64
en route -> PICKUP,25115,2026-08-18,2026-08-18 16:17:10,2,pickup,on_time,1.03
en route -> PICKUP,25117,2026-07-17,2026-07-17 15:57:25,1,pickup,late,-0.81
en route -> PICKUP,25126,2026-07-06,2026-07-06 16:57:59,6,pickup,late,3.32
en route -> PICKUP,25127,2026-07-13,2026-07-13 13:24:34,26,pickup,late,24.47
en route -> PICKUP,25129,2026-07-04,2026-07-04 19:26:14,6,pickup,at_risk,5.05
en route -> PICKUP,25131,2026-07-11,2026-07-11 14:08:32,7,pickup,on_time,4.34
en route -> PICKUP,25134,2026-06-24,2026-06-24 18:58:38,6,pickup,watch,5.26
en route -> PICKUP,25135,2026-06-27,2026-06-27 11:28:12,0,pickup,on_time,-0.41
en route -> PICKUP,25138,2026-07-23,2026-07-23 11:39:54,4,pickup,on_time,1.62
en route -> PICKUP,25145,2026-06-27,2026-06-27 17:45:51,6,pickup,late,3.16
en route -> PICKUP,25148,2026-07-11,2026-07-11 17:10:01,6,pickup,watch,3.71
en route -> PICKUP,25159,2026-07-03,2026-07-03 19:40:07,6,pickup,late,3.27
en route -> PICKUP,25161,2026-07-08,2026-07-08 04:44:31,6,pickup,late,3.95
en route -> PICKUP,25162,2026-07-10,2026-07-11 01:01:27,7,pickup,on_time,5.93
en route -> PICKUP,25163,2026-07-19,2026-07-19 19:58:26,0,pickup,watch,-1.74
en route -> PICKUP,25165,2026-07-07,2026-07-07 13:39:56,5,pickup,on_time,2.48
en route -> PICKUP,25171,2026-07-03,2026-07-03 16:11:32,3,pickup,late,1.51
en route -> PICKUP,25174,2026-08-03,2026-08-03 15:08:33,93,next_pickup,on_time,-131.13
en route -> PICKUP,25174,2026-08-03,2026-08-03 17:44:50,17,next_pickup,on_time,-50.85
en route -> PICKUP,25174,2026-08-03,2026-08-03 17:50:52,5,pickup,on_time,-56.81
en route -> PICKUP,25174,2026-08-03,2026-08-03 17:56:55,5,pickup,on_time,-50.77
en route -> PICKUP,25174,2026-08-03,2026-08-03 18:25:18,19,pickup,at_risk,-8.39
en route -> PICKUP,25174,2026-08-03,2026-08-03 18:52:27,6,pickup,late,5.77
en route -> PICKUP,25180,2026-07-21,2026-07-21 14:23:45,8,pickup,at_risk,6.69
en route -> PICKUP,25181,2026-07-28,2026-07-28 11:34:21,18,pickup,watch,-28.27
en route -> PICKUP,25181,2026-07-28,2026-07-28 12:19:33,6,pickup,watch,4.94
en route -> PICKUP,25189,2026-07-03,2026-07-03 18:03:26,7,pickup,late,6.24
en route -> PICKUP,25193,2026-06-30,2026-06-30 10:15:20,16,pickup,on_time,-164.02
en route -> PICKUP,25193,2026-06-30,2026-06-30 12:46:04,10,pickup,at_risk,-19.29
en route -> PICKUP,25193,2026-06-30,2026-06-30 13:13:14,8,pickup,late,5.87
en route -> PICKUP,25205,2026-07-26,2026-07-26 21:08:40,1,pickup,watch,-1.09
en route -> PICKUP,25208,2026-06-26,2026-06-27 00:58:26,8,pickup,watch,6.93
en route -> PICKUP,25209,2026-07-03,2026-07-03 21:31:47,6,pickup,watch,5.85
en route -> PICKUP,25211,2026-08-03,2026-08-03 12:56:04,0,pickup,watch,-0.11
en route -> PICKUP,25218,2026-06-25,2026-06-25 13:33:10,2,pickup,watch,-0.23
en route -> PICKUP,25227,2026-08-21,2026-08-21 12:10:49,3,pickup,on_time,0.65
en route -> PICKUP,25229,2026-07-03,2026-07-03 17:57:22,8,pickup,on_time,6.28
en route -> PICKUP,25231,2026-07-22,2026-07-22 17:12:28,39,pickup,on_time,-15.22
en route -> PICKUP,25231,2026-07-22,2026-07-22 18:03:46,6,pickup,on_time,3.09
en route -> PICKUP,25232,2026-06-26,2026-06-26 17:43:52,6,pickup,late,5.57
en route -> PICKUP,25248,2026-06-30,2026-06-30 17:02:47,7,pickup,watch,4.75
en route -> PICKUP,25249,2026-07-23,2026-07-23 14:56:53,9,next_pickup,on_time,6.78
en route -> PICKUP,25250,2026-06-26,2026-06-26 19:11:25,6,pickup,watch,5.92
en route -> PICKUP,25260,2026-06-27,2026-06-27 18:03:58,9,pickup,late,6.62
en route -> PICKUP,25261,2026-07-01,2026-07-01 10:19:11,4,pickup,watch,3.5
en route -> PICKUP,25262,2026-07-23,2026-07-23 16:38:55,4,pickup,late,2.6
en route -> PICKUP,25265,2026-06-29,2026-06-29 18:26:13,23,pickup,late,21.61
en route -> PICKUP,25267,2026-07-22,2026-07-22 20:46:03,2,pickup,watch,0.39
en route -> PICKUP,25278,2026-06-26,2026-06-26 18:47:16,6,pickup,late,3.91
en route -> PICKUP,25279,2026-06-29,2026-06-29 12:14:21,1,pickup,at_risk,0.66
en route -> PICKUP,25280,2026-06-25,2026-06-25 18:14:01,6,pickup,late,5.23
en route -> PICKUP,25287,2026-07-07,2026-07-08 00:31:36,4,pickup,late,1.0
en route -> PICKUP,25288,2026-06-26,2026-06-26 15:46:04,0,pickup,late,-2.21
en route -> PICKUP,25289,2026-07-10,2026-07-10 10:56:07,4,pickup,on_time,1.44
en route -> PICKUP,25292,2026-08-06,2026-08-06 17:18:51,25,pickup,at_risk,23.72
en route -> PICKUP,25307,2026-07-07,2026-07-07 11:33:08,7,pickup,on_time,4.03
en route -> PICKUP,25311,2026-07-18,2026-07-18 17:14:58,7,pickup,on_time,-25.17
en route -> PICKUP,25312,2026-06-30,2026-06-30 13:19:16,2,pickup,late,1.16
en route -> PICKUP,25313,2026-07-07,2026-07-07 15:40:46,1,pickup,watch,0.5
en route -> PICKUP,25315,2026-07-16,2026-07-16 16:29:26,4,pickup,on_time,1.33
en route -> PICKUP,25316,2026-07-25,2026-07-25 17:54:32,1,pickup,watch,-0.01
en route -> PICKUP,25317,2026-08-01,2026-08-01 09:27:28,3,pickup,at_risk,0.93
en route -> PICKUP,25319,2026-07-16,2026-07-16 15:20:01,1,pickup,watch,-0.12
en route -> PICKUP,25320,2026-07-17,2026-07-17 15:24:08,19,pickup,at_risk,16.02
en route -> PICKUP,25331,2026-07-11,2026-07-11 16:51:52,4,pickup,watch,3.05
en route -> PICKUP,25334,2026-07-12,2026-07-12 19:37:20,7,pickup,late,6.71
en route -> PICKUP,25335,2026-07-13,2026-07-13 11:50:49,0,pickup,watch,-2.93
en route -> PICKUP,25348,2026-07-04,2026-07-04 14:06:06,5,pickup,late,3.63
en route -> PICKUP,25356,2026-07-17,2026-07-17 12:22:46,6,pickup,on_time,4.92
en route -> PICKUP,25360,2026-07-03,2026-07-03 17:21:06,4,pickup,watch,2.82
en route -> PICKUP,25363,2026-06-30,2026-06-30 14:40:48,2,pickup,watch,1.64
en route -> PICKUP,25368,2026-08-13,2026-08-13 23:36:58,13,pickup,on_time,-2.21
en route -> PICKUP,25368,2026-08-13,2026-08-13 23:52:04,13,pickup,watch,12.88
en route -> PICKUP,25382,2026-07-09,2026-07-09 12:33:33,8,pickup,on_time,7.82
en route -> PICKUP,25383,2026-07-04,2026-07-04 20:41:34,12,pickup,late,11.15
en route -> PICKUP,25388,2026-07-21,2026-07-21 10:56:10,3,pickup,on_time,1.78
en route -> PICKUP,25390,2026-08-11,2026-08-11 13:07:49,1,pickup,watch,-1.77
en route -> PICKUP,25401,2026-08-11,2026-08-11 14:26:06,4,pickup,at_risk,3.62
en route -> PICKUP,25411,2026-06-29,2026-06-29 15:39:54,1,pickup,on_time,-1.46
en route -> PICKUP,25423,2026-07-21,2026-07-21 11:20:17,1,pickup,watch,-0.23
en route -> PICKUP,25433,2026-06-29,2026-06-29 20:36:08,6,pickup,on_time,4.87
en route -> PICKUP,25434,2026-08-15,2026-08-15 12:04:03,2,pickup,late,0.94
en route -> PICKUP,25438,2026-06-27,2026-06-27 16:12:09,7,pickup,late,5.82
en route -> PICKUP,25442,2026-07-16,2026-07-16 19:42:37,1,pickup,on_time,0.29
en route -> PICKUP,25451,2026-07-12,2026-07-12 19:22:13,12,next_pickup,at_risk,11.77
en route -> PICKUP,25452,2026-07-19,2026-07-19 18:40:01,1,pickup,watch,0.82
en route -> PICKUP,25454,2026-07-07,2026-07-07 13:00:40,9,pickup,watch,6.09
en route -> PICKUP,25456,2026-08-07,2026-08-07 21:04:44,0,pickup,on_time,-1.72
en route -> PICKUP,25459,2026-07-10,2026-07-10 13:57:24,7,pickup,on_time,6.44
en route -> PICKUP,25468,2026-07-20,2026-07-20 15:25:20,6,pickup,late,3.79
en route -> PICKUP,25469,2026-07-24,2026-07-24 09:21:29,2,pickup,on_time,1.7
en route -> PICKUP,25480,2026-08-15,2026-08-15 15:53:06,6,pickup,at_risk,-0.82
en route -> PICKUP,25480,2026-08-15,2026-08-15 15:59:09,6,pickup,late,5.24
en route -> PICKUP,25481,2026-08-19,2026-08-19 15:34:05,1,pickup,watch,-1.99
en route -> PICKUP,25484,2026-08-12,2026-08-12 20:39:24,6,pickup,watch,-203.73
en route -> PICKUP,25486,2026-06-27,2026-06-27 13:01:51,4,pickup,late,2.44
en route -> PICKUP,25508,2026-07-26,2026-07-26 17:30:37,14,next_pickup,watch,10.99
en route -> PICKUP,25510,2026-06-29,2026-06-30 01:19:21,5,pickup,late,2.46
en route -> PICKUP,25518,2026-07-01,2026-07-01 13:44:13,5,pickup,on_time,3.45
en route -> PICKUP,25532,2026-07-29,2026-07-29 09:37:04,3,pickup,on_time,1.96
en route -> PICKUP,25533,2026-07-24,2026-07-24 13:44:14,12,pickup,late,11.22
en route -> PICKUP,25534,2026-07-27,2026-07-27 12:43:05,6,pickup,on_time,5.93
en route -> PICKUP,25535,2026-06-27,2026-06-27 14:32:30,28,pickup,late,26.91
en route -> PICKUP,25536,2026-08-02,2026-08-02 21:47:09,8,pickup,late,6.95
en route -> PICKUP,25540,2026-08-20,2026-08-20 15:18:12,5,pickup,on_time,2.62
en route -> PICKUP,25546,2026-07-09,2026-07-09 13:39:58,5,pickup,on_time,2.46
en route -> PICKUP,25556,2026-07-16,2026-07-16 15:20:01,44,pickup,on_time,-91.25
en route -> PICKUP,25556,2026-07-16,2026-07-16 16:32:27,44,pickup,on_time,-18.81
en route -> PICKUP,25556,2026-07-16,2026-07-16 17:32:50,2,pickup,watch,-0.43
en route -> PICKUP,25570,2026-07-12,2026-07-12 14:20:03,5,pickup,late,3.98
en route -> PICKUP,25571,2026-07-20,2026-07-19 12:28:49,21,pickup,at_risk,-1717.07
en route -> PICKUP,25571,2026-07-20,2026-07-19 20:47:41,18,pickup,on_time,-1221.21
en route -> PICKUP,25571,2026-07-20,2026-07-19 21:26:51,10,pickup,on_time,-1190.04
en route -> PICKUP,25571,2026-07-20,2026-07-19 22:25:44,33,pickup,on_time,-1108.15
en route -> PICKUP,25571,2026-07-20,2026-07-20 00:02:02,34,pickup,late,-1010.86
en route -> PICKUP,25571,2026-07-20,2026-07-20 15:31:22,27,next_pickup,watch,-88.53
en route -> PICKUP,25574,2026-06-28,2026-06-28 09:35:34,6,pickup,late,5.91
en route -> PICKUP,25575,2026-07-03,2026-07-03 16:11:32,2,pickup,watch,-0.92
en route -> PICKUP,25581,2026-08-01,2026-08-01 06:06:27,6,pickup,late,5.2
en route -> PICKUP,25582,2026-08-06,2026-08-06 09:32:19,4,pickup,on_time,1.34
en route -> PICKUP,25590,2026-07-06,2026-07-06 08:48:52,17,pickup,at_risk,16.9
en route -> PICKUP,25591,2026-06-28,2026-06-28 14:55:38,2,pickup,watch,1.5
en route -> PICKUP,25593,2026-08-20,2026-08-20 14:26:20,9,pickup,watch,6.42
en route -> PICKUP,25596,2026-07-25,2026-07-25 15:24:40,1,pickup,watch,-0.9
en route -> PICKUP,25598,2026-07-12,2026-07-12 12:10:03,9,pickup,late,7.27
en route -> PICKUP,25600,2026-08-20,2026-08-20 13:19:35,7,pickup,late,4.16
en route -> PICKUP,25609,2026-08-11,2026-08-11 15:14:32,7,pickup,late,4.29
en route -> PICKUP,25610,2026-08-20,2026-08-20 18:46:23,8,pickup,watch,5.59
en route -> PICKUP,25612,2026-07-21,2026-07-21 11:35:21,12,pickup,at_risk,11.3
en route -> PICKUP,25614,2026-07-02,2026-07-02 22:24:33,3,pickup,on_time,2.1
en route -> PICKUP,25618,2026-07-07,2026-07-07 12:33:29,2,pickup,watch,-0.91
en route -> PICKUP,25633,2026-07-06,2026-07-06 15:30:21,8,pickup,late,7.21
en route -> PICKUP,25634,2026-08-03,2026-08-03 12:16:47,3,pickup,late,2.6
en route -> PICKUP,25638,2026-07-02,2026-07-02 03:57:02,14,pickup,at_risk,4.17
en route -> PICKUP,25640,2026-08-12,2026-08-12 12:51:29,7,pickup,watch,-22.13
en route -> PICKUP,25640,2026-08-12,2026-08-12 13:18:42,7,pickup,late,5.1
en route -> PICKUP,25642,2026-07-16,2026-07-16 20:18:48,3,pickup,on_time,1.48
en route -> PICKUP,25659,2026-06-28,2026-06-28 19:42:37,7,pickup,watch,5.61
en route -> PICKUP,25664,2026-07-04,2026-07-04 12:35:29,1,pickup,late,-1.13
en route -> PICKUP,25666,2026-07-13,2026-07-13 12:51:18,3,pickup,watch,2.05
en route -> PICKUP,25678,2026-07-10,2026-07-10 23:06:52,20,pickup,late,18.48
en route -> PICKUP,25685,2026-07-12,2026-07-12 12:46:19,10,pickup,on_time,8.88
en route -> PICKUP,25687,2026-06-29,2026-06-29 15:03:37,1,pickup,watch,-0.13
en route -> PICKUP,25693,2026-07-08,2026-07-08 09:39:41,1,pickup,watch,0.89
en route -> PICKUP,25704,2026-08-15,2026-08-15 07:27:51,4,pickup,watch,2.46
en route -> PICKUP,25708,2026-07-01,2026-07-01 22:10:51,10,pickup,late,8.64
en route -> PICKUP,25709,2026-07-03,2026-07-03 14:55:54,5,pickup,on_time,2.57
en route -> PICKUP,25715,2026-07-13,2026-07-13 16:13:50,11,next_pickup,watch,8.57
en route -> PICKUP,25716,2026-07-17,2026-07-17 11:25:21,0,pickup,on_time,-0.66
en route -> PICKUP,25717,2026-07-16,2026-07-16 17:47:56,8,pickup,late,5.39
en route -> PICKUP,25725,2026-07-07,2026-07-07 15:31:43,7,pickup,at_risk,4.31
en route -> PICKUP,25729,2026-07-24,2026-07-24 12:49:50,5,pickup,late,4.73
en route -> PICKUP,25732,2026-07-06,2026-07-06 16:27:47,2,pickup,at_risk,-0.15
en route -> PICKUP,25733,2026-07-11,2026-07-11 17:00:56,4,pickup,late,3.76
en route -> PICKUP,25742,2026-06-30,2026-06-30 17:26:56,13,pickup,at_risk,11.18
en route -> PICKUP,25745,2026-08-03,2026-08-03 10:58:20,2,pickup,on_time,1.46
en route -> PICKUP,25752,2026-07-20,2026-07-20 18:03:23,6,pickup,late,3.19
en route -> PICKUP,25753,2026-07-25,2026-07-25 15:56:42,5,pickup,on_time,4.54
en route -> PICKUP,25762,2026-07-16,2026-07-16 11:12:30,6,pickup,watch,5.71
en route -> PICKUP,25763,2026-07-19,2026-07-19 17:09:24,0,pickup,on_time,-0.84
en route -> PICKUP,25766,2026-07-05,2026-07-05 17:14:35,0,pickup,late,-0.65
en route -> PICKUP,25767,2026-07-08,2026-07-08 14:26:29,5,pickup,on_time,2.59
en route -> PICKUP,25769,2026-07-15,2026-07-15 12:14:44,2,pickup,watch,0.34
en route -> PICKUP,25796,2026-07-16,2026-07-17 00:28:53,6,pickup,late,5.49
en route -> PICKUP,25801,2026-07-18,2026-07-18 15:47:45,2,pickup,on_time,0.7
en route -> PICKUP,25802,2026-07-29,2026-07-29 14:19:17,6,pickup,late,5.76
en route -> PICKUP,25806,2026-07-04,2026-07-04 18:43:59,5,pickup,late,2.52
en route -> PICKUP,25818,2026-08-01,2026-08-02 00:10:42,6,pickup,late,3.45
en route -> PICKUP,25820,2026-07-07,2026-07-07 17:41:36,2,pickup,watch,-0.54
en route -> PICKUP,25825,2026-07-15,2026-07-15 15:52:14,7,pickup,late,6.41
en route -> PICKUP,25827,2026-07-25,2026-07-25 22:17:18,8,pickup,watch,7.34
en route -> PICKUP,25828,2026-07-26,2026-07-26 14:37:41,0,pickup,watch,-1.22
en route -> PICKUP,25829,2026-08-02,2026-08-02 13:31:14,2,pickup,late,0.16
en route -> PICKUP,25836,2026-07-25,2026-07-25 15:30:42,0,pickup,late,-0.6
en route -> PICKUP,25846,2026-07-06,2026-07-06 15:21:17,8,pickup,late,7.07
en route -> PICKUP,25847,2026-07-11,2026-07-11 14:38:48,7,pickup,late,6.36
en route -> PICKUP,25854,2026-08-06,2026-08-06 13:26:27,7,pickup,at_risk,4.4
en route -> PICKUP,25866,2026-07-22,2026-07-22 23:55:57,6,pickup,watch,5.7
en route -> PICKUP,25867,2026-07-26,2026-07-26 08:29:50,3,pickup,at_risk,2.66
en route -> PICKUP,25868,2026-06-30,2026-06-30 21:07:07,6,pickup,late,4.84
en route -> PICKUP,25871,2026-07-07,2026-07-07 16:53:16,4,pickup,watch,2.5
en route -> PICKUP,25872,2026-07-15,2026-07-15 17:19:53,2,pickup,late,-0.5
en route -> PICKUP,25879,2026-07-30,2026-07-30 11:07:05,10,pickup,watch,7.9
en route -> PICKUP,25882,2026-07-22,2026-07-23 03:58:47,6,pickup,late,-67.4
en route -> PICKUP,25884,2026-08-01,2026-08-01 12:47:09,8,pickup,watch,5.7
en route -> PICKUP,25886,2026-07-18,2026-07-18 11:51:06,7,pickup,on_time,5.77
en route -> PICKUP,25893,2026-07-12,2026-07-12 12:31:11,6,pickup,late,5.78
en route -> PICKUP,25898,2026-07-05,2026-07-05 17:56:52,5,pickup,late,4.97
en route -> PICKUP,25902,2026-07-06,2026-07-06 18:52:47,6,pickup,watch,3.64
en route -> PICKUP,25908,2026-08-08,2026-08-08 13:14:40,0,pickup,on_time,-2.82
en route -> PICKUP,25915,2026-07-25,2026-07-25 16:33:01,9,pickup,late,6.34
en route -> PICKUP,25916,2026-07-18,2026-07-18 12:54:34,0,pickup,watch,-1.63
en route -> PICKUP,25917,2026-08-02,2026-08-02 09:56:06,10,pickup,at_risk,9.69
en route -> PICKUP,25918,2026-08-09,2026-08-09 09:35:23,3,pickup,on_time,0.99
en route -> PICKUP,25919,2026-07-13,2026-07-13 15:07:18,4,pickup,late,0.98
en route -> PICKUP,25920,2026-07-19,2026-07-19 18:30:58,7,pickup,watch,5.4
en route -> PICKUP,25925,2026-07-25,2026-07-25 17:51:32,1,pickup,watch,-0.15
en route -> PICKUP,25926,2026-07-31,2026-07-31 11:18:26,1,pickup,watch,-0.56
en route -> PICKUP,25929,2026-07-01,2026-07-01 15:32:49,1,pickup,late,-1.88
en route -> PICKUP,25931,2026-08-07,2026-08-08 03:26:21,5,pickup,watch,3.38
en route -> PICKUP,25932,2026-08-09,2026-08-09 15:25:47,0,pickup,late,-0.24
en route -> PICKUP,25934,2026-08-09,2026-08-09 14:36:31,0,pickup,late,-2.16
en route -> PICKUP,25936,2026-08-18,2026-08-18 19:22:18,7,pickup,on_time,5.71
en route -> PICKUP,25942,2026-08-14,2026-08-15 03:10:36,5,pickup,late,2.62
en route -> PICKUP,25944,2026-07-22,2026-07-22 13:24:47,6,pickup,at_risk,3.54
en route -> PICKUP,25945,2026-07-26,2026-07-26 10:27:50,2,pickup,watch,0.48
en route -> PICKUP,25948,2026-07-18,2026-07-18 13:58:05,3,pickup,on_time,0.57
en route -> PICKUP,25950,2026-07-07,2026-07-07 04:31:17,6,pickup,late,5.59
en route -> PICKUP,25951,2026-08-21,2026-08-21 13:17:24,10,next_pickup,watch,7.55
en route -> PICKUP,25953,2026-07-31,2026-07-31 21:44:14,5,pickup,on_time,2.34
en route -> PICKUP,25954,2026-08-03,2026-08-03 11:04:22,4,pickup,watch,3.03
en route -> PICKUP,25963,2026-07-17,2026-07-17 23:36:18,7,pickup,on_time,4.58
en route -> PICKUP,25973,2026-07-07,2026-07-07 09:11:24,3,pickup,watch,1.97
en route -> PICKUP,25977,2026-07-09,2026-07-09 15:19:46,7,pickup,late,4.85
en route -> PICKUP,25981,2026-07-29,2026-07-29 19:44:00,9,pickup,late,8.04
en route -> PICKUP,25986,2026-07-14,2026-07-14 14:38:19,6,pickup,watch,5.56
en route -> PICKUP,25994,2026-07-04,2026-07-04 10:37:51,2,pickup,late,1.4
en route -> PICKUP,25998,2026-07-05,2026-07-05 11:39:11,1,pickup,watch,-0.8
en route -> PICKUP,26007,2026-07-10,2026-07-10 18:20:13,27,pickup,late,26.84
en route -> PICKUP,26016,2026-07-03,2026-07-03 14:31:43,6,pickup,watch,4.62
en route -> PICKUP,26018,2026-07-22,2026-07-22 13:09:43,6,pickup,late,5.51
en route -> PICKUP,26020,2026-06-30,2026-06-30 16:02:24,3,pickup,watch,1.27
en route -> PICKUP,26022,2026-07-25,2026-07-25 19:36:22,4,pickup,on_time,1.09
en route -> PICKUP,26025,2026-07-02,2026-07-02 20:26:50,6,pickup,late,5.74
en route -> PICKUP,26030,2026-07-01,2026-07-01 10:55:19,0,pickup,watch,-0.48
en route -> PICKUP,26036,2026-07-10,2026-07-10 14:33:41,2,pickup,late,1.91
en route -> PICKUP,26055,2026-07-11,2026-07-11 12:19:43,52,pickup,at_risk,-8.85
en route -> PICKUP,26055,2026-07-11,2026-07-11 13:20:10,1,pickup,watch,0.6
en route -> PICKUP,26064,2026-07-05,2026-07-05 15:13:41,5,pickup,late,4.92
en route -> PICKUP,26065,2026-07-12,2026-07-12 11:33:48,1,pickup,watch,-0.11
en route -> PICKUP,26073,2026-07-14,2026-07-14 14:53:24,6,pickup,late,3.5
en route -> PICKUP,26074,2026-07-21,2026-07-21 13:41:30,1,pickup,watch,-1.73
en route -> PICKUP,26077,2026-07-06,2026-07-06 15:18:16,6,pickup,late,4.67
en route -> PICKUP,26078,2026-07-12,2026-07-12 12:49:20,2,pickup,watch,-0.03
en route -> PICKUP,26092,2026-07-10,2026-07-10 22:24:38,2,pickup,on_time,1.44
en route -> PICKUP,26102,2026-08-13,2026-08-13 19:50:15,1,pickup,watch,-1.54
en route -> PICKUP,26112,2026-07-24,2026-07-24 15:33:09,0,pickup,watch,-0.22
en route -> PICKUP,26113,2026-08-10,2026-08-10 15:33:44,7,pickup,on_time,6.26
en route -> PICKUP,26115,2026-07-03,2026-07-03 15:56:24,4,pickup,late,1.21
en route -> PICKUP,26116,2026-07-10,2026-07-10 13:15:04,6,pickup,watch,3.15
en route -> PICKUP,26119,2026-07-06,2026-07-06 22:05:50,5,pickup,late,2.81
en route -> PICKUP,26121,2026-07-25,2026-07-25 23:17:32,7,pickup,watch,4.21
en route -> PICKUP,26122,2026-08-01,2026-08-01 21:03:41,6,pickup,on_time,-12.02
en route -> PICKUP,26122,2026-08-01,2026-08-01 21:19:06,0,pickup,on_time,-2.61
en route -> PICKUP,26146,2026-07-26,2026-07-26 17:39:40,0,pickup,watch,-0.94
en route -> PICKUP,26161,2026-07-26,2026-07-26 11:46:18,3,pickup,on_time,0.75
en route -> PICKUP,26163,2026-08-03,2026-08-03 21:08:25,2,pickup,on_time,0.62
en route -> PICKUP,26178,2026-07-17,2026-07-17 15:18:05,0,pickup,late,-1.05
en route -> PICKUP,26201,2026-07-29,2026-07-29 12:58:56,6,pickup,late,3.17
en route -> PICKUP,26202,2026-08-01,2026-08-01 14:02:35,12,pickup,watch,10.43
en route -> PICKUP,26203,2026-07-16,2026-07-16 13:40:22,6,pickup,late,4.19
en route -> PICKUP,26215,2026-07-19,2026-07-19 11:55:39,6,pickup,late,3.39
en route -> PICKUP,26216,2026-07-25,2026-07-25 17:42:28,1,pickup,watch,-1.79
en route -> PICKUP,26218,2026-07-05,2026-07-05 11:39:11,6,pickup,late,3.04
en route -> PICKUP,26223,2026-07-10,2026-07-10 07:49:12,1,pickup,watch,0.81
en route -> PICKUP,26226,2026-08-03,2026-08-03 13:45:27,6,pickup,watch,3.26
en route -> PICKUP,26229,2026-07-28,2026-07-28 17:43:37,3,pickup,watch,2.33
en route -> PICKUP,26230,2026-07-11,2026-07-11 22:57:22,8,pickup,late,5.67
en route -> PICKUP,26231,2026-07-18,2026-07-18 11:17:53,7,pickup,watch,6.01
en route -> PICKUP,26232,2026-08-09,2026-08-09 14:42:34,6,pickup,watch,2.97
en route -> PICKUP,26236,2026-07-12,2026-07-12 14:13:59,1,pickup,on_time,0.26
en route -> PICKUP,26238,2026-08-05,2026-08-05 18:09:28,7,pickup,late,6.3
en route -> PICKUP,26239,2026-08-08,2026-08-08 18:50:09,1,pickup,watch,0.57
en route -> PICKUP,26249,2026-07-05,2026-07-05 22:40:38,33,pickup,late,32.62
en route -> PICKUP,26257,2026-07-05,2026-07-05 14:40:27,4,pickup,on_time,3.92
en route -> PICKUP,26259,2026-07-22,2026-07-22 14:40:15,1,pickup,watch,0.73
en route -> PICKUP,26261,2026-07-12,2026-07-12 18:39:54,0,pickup,watch,-1.87
en route -> PICKUP,26264,2026-07-12,2026-07-12 12:49:20,8,pickup,late,6.73
en route -> PICKUP,26268,2026-08-12,2026-08-12 17:56:17,18,pickup,on_time,-50.36
en route -> PICKUP,26268,2026-08-12,2026-08-12 18:08:23,11,pickup,on_time,-45.25
en route -> PICKUP,26268,2026-08-12,2026-08-12 19:02:36,9,pickup,at_risk,6.96
en route -> PICKUP,26269,2026-08-16,2026-08-16 17:25:20,1,pickup,on_time,-1.03
en route -> PICKUP,26271,2026-07-08,2026-07-08 15:57:08,2,pickup,watch,1.56
en route -> PICKUP,26278,2026-07-30,2026-07-30 15:50:29,6,pickup,on_time,4.47
en route -> PICKUP,26289,2026-07-30,2026-07-30 21:05:22,16,pickup,at_risk,15.96
en route -> PICKUP,26315,2026-07-15,2026-07-15 13:09:06,6,pickup,late,3.23
en route -> PICKUP,26316,2026-07-21,2026-07-21 21:05:09,0,pickup,watch,-0.05
en route -> PICKUP,26324,2026-07-03,2026-07-03 10:11:42,6,pickup,watch,5.21
en route -> PICKUP,26325,2026-07-05,2026-07-05 09:50:31,1,pickup,on_time,-1.69
en route -> PICKUP,26327,2026-08-06,2026-08-06 11:58:08,1,pickup,on_time,0.96
en route -> PICKUP,26332,2026-07-20,2026-07-20 10:10:07,0,pickup,watch,-1.63
en route -> PICKUP,26356,2026-07-06,2026-07-06 16:21:44,8,pickup,watch,7.16
en route -> PICKUP,26369,2026-08-06,2026-08-06 07:13:18,3,pickup,on_time,1.41
en route -> PICKUP,26370,2026-07-23,2026-07-23 21:05:55,4,pickup,on_time,3.67
en route -> PICKUP,26371,2026-07-26,2026-07-26 17:30:37,24,pickup,watch,8.0
en route -> PICKUP,26371,2026-07-26,2026-07-26 17:45:42,1,pickup,on_time,0.09
en route -> PICKUP,26372,2026-07-28,2026-07-28 20:19:12,8,pickup,late,5.09
en route -> PICKUP,26374,2026-07-02,2026-07-02 20:17:46,9,pickup,late,6.24
en route -> PICKUP,26376,2026-07-20,2026-07-20 23:06:35,3,pickup,late,0.59
en route -> PICKUP,26380,2026-07-09,2026-07-09 16:29:21,4,pickup,at_risk,2.06
en route -> PICKUP,26387,2026-08-18,2026-08-18 19:28:20,1,pickup,on_time,-1.18
en route -> PICKUP,26389,2026-07-18,2026-07-18 13:55:04,3,pickup,watch,2.22
en route -> PICKUP,26391,2026-07-15,2026-07-15 18:38:25,6,pickup,late,5.9
en route -> PICKUP,26400,2026-08-21,2026-08-21 12:56:13,6,pickup,at_risk,4.63
en route -> PICKUP,26408,2026-07-30,2026-07-30 13:51:01,6,pickup,late,5.41
en route -> PICKUP,26412,2026-07-16,2026-07-16 13:28:17,1,pickup,watch,0.01
en route -> PICKUP,26413,2026-07-23,2026-07-23 14:53:51,10,pickup,at_risk,7.27
en route -> PICKUP,26415,2026-07-09,2026-07-09 13:18:50,3,pickup,watch,0.33
en route -> PICKUP,26424,2026-08-08,2026-08-08 15:47:05,7,pickup,at_risk,6.56
en route -> PICKUP,26426,2026-07-13,2026-07-13 19:36:15,7,pickup,watch,5.62
en route -> PICKUP,26452,2026-08-14,2026-08-14 12:08:25,4,pickup,on_time,3.92
en route -> PICKUP,26453,2026-08-17,2026-08-17 20:11:06,1,pickup,on_time,0.14
en route -> PICKUP,26457,2026-07-17,2026-07-17 17:13:03,2,pickup,on_time,1.24
en route -> PICKUP,26458,2026-07-24,2026-07-24 13:41:13,1,pickup,on_time,0.29
en route -> PICKUP,26459,2026-07-31,2026-07-31 11:36:32,7,pickup,watch,4.89
en route -> PICKUP,26461,2026-07-22,2026-07-22 12:00:01,7,pickup,late,5.95
en route -> PICKUP,26462,2026-07-23,2026-07-23 20:29:44,2,pickup,on_time,-0.4
en route -> PICKUP,26463,2026-07-06,2026-07-06 13:11:19,8,pickup,late,7.78
en route -> PICKUP,26464,2026-07-11,2026-07-11 14:59:58,7,pickup,at_risk,6.32
en route -> PICKUP,26470,2026-08-05,2026-08-05 14:50:18,1,pickup,late,0.5
en route -> PICKUP,26474,2026-07-23,2026-07-24 02:37:00,5,pickup,late,4.4
en route -> PICKUP,26480,2026-07-28,2026-07-28 10:37:07,2,pickup,watch,-0.83
en route -> PICKUP,26495,2026-07-20,2026-07-20 13:29:52,6,pickup,watch,5.04
en route -> PICKUP,26504,2026-07-05,2026-07-05 22:16:29,2,pickup,watch,0.5
en route -> PICKUP,26513,2026-08-04,2026-08-04 16:46:53,4,pickup,watch,1.63
en route -> PICKUP,26516,2026-07-13,2026-07-13 16:41:01,6,pickup,late,5.67
en route -> PICKUP,26520,2026-07-09,2026-07-09 14:25:20,5,pickup,late,2.05
en route -> PICKUP,26528,2026-07-30,2026-07-30 20:22:58,3,pickup,late,2.1
en route -> PICKUP,26529,2026-08-04,2026-08-04 14:06:53,24,pickup,at_risk,21.32
en route -> PICKUP,26536,2026-07-06,2026-07-06 14:02:43,2,pickup,late,-0.39
en route -> PICKUP,26537,2026-07-10,2026-07-10 12:47:52,4,pickup,on_time,1.87
en route -> PICKUP,26538,2026-07-04,2026-07-04 13:47:58,6,pickup,at_risk,4.9
en route -> PICKUP,26541,2026-07-30,2026-07-30 21:23:28,6,pickup,watch,3.62
en route -> PICKUP,26542,2026-08-04,2026-08-04 12:33:30,2,pickup,on_time,1.6
en route -> PICKUP,26543,2026-07-24,2026-07-24 23:51:10,5,pickup,watch,3.35
en route -> PICKUP,26544,2026-07-04,2026-07-04 20:26:30,7,pickup,late,4.51
en route -> PICKUP,26545,2026-07-12,2026-07-12 16:51:07,4,pickup,on_time,3.0
en route -> PICKUP,26546,2026-07-18,2026-07-18 19:46:32,0,pickup,on_time,-0.5
en route -> PICKUP,26552,2026-07-18,2026-07-18 13:55:04,10,pickup,at_risk,9.76
en route -> PICKUP,26553,2026-07-24,2026-07-24 11:54:54,5,pickup,on_time,3.21
en route -> PICKUP,26561,2026-07-04,2026-07-04 09:43:36,3,pickup,late,0.43
en route -> PICKUP,26566,2026-07-03,2026-07-03 20:34:27,8,pickup,watch,4.99
en route -> PICKUP,26568,2026-07-08,2026-07-08 13:29:01,4,pickup,at_risk,3.01
en route -> PICKUP,26569,2026-07-30,2026-07-31 00:02:32,6,pickup,late,3.76
en route -> PICKUP,26570,2026-08-02,2026-08-02 17:57:20,3,pickup,on_time,2.15
en route -> PICKUP,26581,2026-07-23,2026-07-23 20:25:02,2,pickup,on_time,1.61
en route -> PICKUP,26583,2026-07-04,2026-07-04 16:28:06,11,pickup,late,8.54
en route -> PICKUP,26592,2026-07-13,2026-07-13 18:02:36,7,pickup,late,6.03
en route -> PICKUP,26593,2026-07-18,2026-07-18 10:11:27,1,pickup,watch,-0.31
en route -> PICKUP,26601,2026-08-10,2026-08-10 09:23:10,5,pickup,watch,3.55
en route -> PICKUP,26602,2026-08-17,2026-08-17 21:04:52,6,pickup,late,-23.3
en route -> PICKUP,26602,2026-08-17,2026-08-17 21:31:16,6,pickup,late,3.1
en route -> PICKUP,26606,2026-07-08,2026-07-08 16:30:24,7,pickup,late,5.02
en route -> PICKUP,26607,2026-07-13,2026-07-13 18:08:38,4,pickup,on_time,3.56
en route -> PICKUP,26612,2026-07-27,2026-07-27 19:15:29,22,pickup,on_time,-580.94
en route -> PICKUP,26612,2026-07-27,2026-07-28 03:58:50,23,pickup,late,-56.59
en route -> PICKUP,26615,2026-07-11,2026-07-11 10:55:08,10,pickup,at_risk,9.56
en route -> PICKUP,26629,2026-07-16,2026-07-16 18:48:20,9,pickup,watch,6.54
en route -> PICKUP,26642,2026-07-11,2026-07-11 13:41:19,1,pickup,late,-1.38
en route -> PICKUP,26660,2026-07-04,2026-07-04 08:49:22,6,pickup,watch,3.68
en route -> PICKUP,26661,2026-07-05,2026-07-05 13:12:48,5,pickup,late,3.56
en route -> PICKUP,26667,2026-07-19,2026-07-19 13:26:09,10,pickup,late,8.48
en route -> PICKUP,26673,2026-07-16,2026-07-16 14:40:46,6,pickup,late,5.29
en route -> PICKUP,26674,2026-07-22,2026-07-22 10:11:31,3,pickup,late,1.0
en route -> PICKUP,26677,2026-07-08,2026-07-08 16:30:24,7,pickup,late,6.88
en route -> PICKUP,26680,2026-07-29,2026-07-29 20:50:00,16,next_pickup,on_time,5.27
en route -> PICKUP,26680,2026-07-29,2026-07-29 20:59:03,11,next_pickup,on_time,9.33
en route -> PICKUP,26694,2026-07-11,2026-07-11 21:57:03,1,pickup,watch,-0.15
en route -> PICKUP,26701,2026-07-18,2026-07-18 16:50:46,13,pickup,on_time,-40.59
en route -> PICKUP,26701,2026-07-18,2026-07-18 16:56:50,13,pickup,on_time,-34.53
en route -> PICKUP,26701,2026-07-18,2026-07-18 17:14:58,31,next_pickup,on_time,1.6
en route -> PICKUP,26703,2026-07-12,2026-07-12 16:36:00,0,pickup,late,-0.41
en route -> PICKUP,26705,2026-07-04,2026-07-04 18:28:54,9,pickup,on_time,-22.22
en route -> PICKUP,26718,2026-07-12,2026-07-12 19:04:04,2,pickup,watch,1.46
en route -> PICKUP,26719,2026-07-09,2026-07-09 14:13:13,7,pickup,late,4.54
en route -> PICKUP,26722,2026-08-11,2026-08-11 13:52:49,3,pickup,on_time,2.25
en route -> PICKUP,26731,2026-07-11,2026-07-11 09:09:36,4,pickup,on_time,1.13
en route -> PICKUP,26752,2026-07-05,2026-07-05 22:31:35,8,pickup,at_risk,5.72
en route -> PICKUP,26754,2026-07-22,2026-07-22 22:55:43,3,pickup,watch,1.84
en route -> PICKUP,26760,2026-07-07,2026-07-07 17:14:25,6,pickup,late,5.61
en route -> PICKUP,26766,2026-07-12,2026-07-12 18:39:54,35,pickup,late,32.03
en route -> PICKUP,26767,2026-07-07,2026-07-07 15:46:48,2,pickup,watch,-0.75
en route -> PICKUP,26776,2026-07-06,2026-07-06 13:02:14,2,pickup,on_time,0.36
en route -> PICKUP,26777,2026-08-05,2026-08-05 14:53:20,12,next_pickup,on_time,10.15
en route -> PICKUP,26786,2026-07-13,2026-07-13 17:14:15,4,pickup,watch,1.29
en route -> PICKUP,26798,2026-07-22,2026-07-22 10:53:43,4,pickup,watch,1.51
en route -> PICKUP,26803,2026-07-09,2026-07-09 14:22:19,9,pickup,at_risk,8.88
en route -> PICKUP,26807,2026-07-06,2026-07-06 11:55:43,5,pickup,at_risk,3.44
en route -> PICKUP,26813,2026-08-01,2026-08-01 13:44:27,44,pickup,late,42.12
en route -> PICKUP,26823,2026-07-14,2026-07-14 18:33:57,0,pickup,watch,-1.11
en route -> PICKUP,26829,2026-07-07,2026-07-07 10:32:50,1,pickup,watch,-1.08
en route -> PICKUP,26837,2026-08-18,2026-08-18 16:53:28,2,pickup,on_time,1.55
en route -> PICKUP,26842,2026-07-05,2026-07-06 01:44:19,6,pickup,late,5.56
en route -> PICKUP,26848,2026-07-19,2026-07-19 12:10:44,9,pickup,watch,-11.79
en route -> PICKUP,26850,2026-08-18,2026-08-18 13:36:03,2,pickup,on_time,1.63
en route -> PICKUP,26858,2026-07-20,2026-07-20 12:16:06,0,pickup,on_time,-2.61
en route -> PICKUP,26862,2026-08-12,2026-08-12 15:18:51,1,pickup,on_time,-0.52
en route -> PICKUP,26869,2026-08-01,2026-08-01 13:26:20,7,pickup,on_time,4.39
en route -> PICKUP,26870,2026-08-08,2026-08-08 16:53:07,9,pickup,on_time,7.81
en route -> PICKUP,26871,2026-07-06,2026-07-06 11:55:43,3,pickup,watch,0.49
en route -> PICKUP,26877,2026-07-07,2026-07-07 18:26:54,3,pickup,late,2.23
en route -> PICKUP,26882,2026-08-20,2026-08-20 11:38:14,1,pickup,on_time,-1.79
en route -> PICKUP,26884,2026-08-10,2026-08-10 11:54:41,5,pickup,watch,3.59
en route -> PICKUP,26885,2026-07-12,2026-07-12 12:13:03,7,pickup,late,4.33
en route -> PICKUP,26886,2026-07-18,2026-07-18 13:33:54,2,pickup,on_time,0.08
en route -> PICKUP,26887,2026-07-07,2026-07-07 14:40:20,8,pickup,late,6.42
en route -> PICKUP,26888,2026-07-14,2026-07-14 17:45:36,10,pickup,watch,7.65
en route -> PICKUP,26894,2026-07-07,2026-07-07 10:11:44,4,pickup,on_time,1.26
en route -> PICKUP,26900,2026-07-11,2026-07-11 18:13:30,1,pickup,late,-0.78
en route -> PICKUP,26901,2026-07-14,2026-07-14 12:37:29,5,pickup,watch,3.3
en route -> PICKUP,26904,2026-07-15,2026-07-15 17:07:48,6,pickup,late,5.43
en route -> PICKUP,26910,2026-07-21,2026-07-21 12:23:39,6,pickup,at_risk,5.23
en route -> PICKUP,26911,2026-07-25,2026-07-25 08:41:50,2,pickup,on_time,0.36
en route -> PICKUP,26922,2026-07-16,2026-07-16 08:05:44,2,pickup,watch,-0.74
en route -> PICKUP,26923,2026-07-06,2026-07-07 00:30:27,6,pickup,late,3.94
en route -> PICKUP,26929,2026-07-17,2026-07-17 14:54:07,9,pickup,late,8.24
en route -> PICKUP,26930,2026-07-27,2026-07-27 17:21:58,6,pickup,on_time,-59.66
en route -> PICKUP,26933,2026-07-12,2026-07-12 17:45:32,8,pickup,late,6.75
en route -> PICKUP,26944,2026-07-19,2026-07-19 18:46:03,0,pickup,on_time,-1.67
en route -> PICKUP,26952,2026-08-07,2026-08-07 22:16:41,6,pickup,watch,5.8
en route -> PICKUP,26953,2026-08-07,2026-08-07 20:10:18,9,pickup,on_time,6.18
en route -> PICKUP,26957,2026-07-11,2026-07-11 15:48:21,5,pickup,late,3.92
en route -> PICKUP,26958,2026-07-16,2026-07-16 22:13:17,6,pickup,on_time,3.23
en route -> PICKUP,26959,2026-07-14,2026-07-14 13:43:56,6,pickup,late,3.24
en route -> PICKUP,26960,2026-07-20,2026-07-20 20:47:48,2,pickup,late,-0.53
en route -> PICKUP,26964,2026-07-23,2026-07-23 15:32:31,11,pickup,on_time,8.97
en route -> PICKUP,26967,2026-07-21,2026-07-21 18:21:29,0,pickup,late,-2.1
en route -> PICKUP,26972,2026-08-21,2026-08-21 14:03:56,0,pickup,late,-3.24
en route -> PICKUP,26993,2026-07-17,2026-07-17 17:52:18,7,pickup,on_time,5.03
en route -> PICKUP,27007,2026-08-04,2026-08-04 22:45:31,7,pickup,late,5.3
en route -> PICKUP,27008,2026-08-10,2026-08-10 09:11:04,7,pickup,on_time,3.97
en route -> PICKUP,27024,2026-07-25,2026-07-26 00:15:00,6,pickup,at_risk,5.15
en route -> PICKUP,27025,2026-08-01,2026-08-01 15:33:21,1,pickup,late,-1.99
en route -> PICKUP,27029,2026-07-18,2026-07-18 15:19:48,9,pickup,watch,7.65
en route -> PICKUP,27039,2026-07-18,2026-07-19 00:04:15,4,pickup,on_time,2.3
en route -> PICKUP,27041,2026-08-13,2026-08-13 13:03:03,5,pickup,at_risk,-1.23
en route -> PICKUP,27041,2026-08-13,2026-08-13 13:09:07,5,pickup,late,4.84
en route -> PICKUP,27042,2026-08-16,2026-08-16 20:23:54,4,pickup,on_time,3.5
en route -> PICKUP,27047,2026-07-08,2026-07-08 23:06:11,0,pickup,on_time,-2.81
en route -> PICKUP,27048,2026-07-15,2026-07-15 14:36:43,1,pickup,on_time,-1.05
en route -> PICKUP,27051,2026-07-09,2026-07-09 17:17:39,6,pickup,late,5.2
en route -> PICKUP,27052,2026-07-15,2026-07-15 13:57:26,0,pickup,watch,-2.42
en route -> PICKUP,27057,2026-07-28,2026-07-28 13:06:17,7,pickup,watch,5.01
en route -> PICKUP,27060,2026-07-09,2026-07-09 22:58:56,7,pickup,at_risk,4.9
en route -> PICKUP,27062,2026-07-14,2026-07-14 11:49:12,5,pickup,on_time,4.62
en route -> PICKUP,27068,2026-08-10,2026-08-10 17:14:07,6,pickup,late,3.03
en route -> PICKUP,27070,2026-07-22,2026-07-22 18:33:55,9,pickup,on_time,7.5
en route -> PICKUP,27079,2026-07-09,2026-07-09 21:58:37,7,pickup,late,4.26
en route -> PICKUP,27081,2026-07-29,2026-07-29 12:46:52,6,pickup,late,3.56
en route -> PICKUP,27094,2026-08-01,2026-08-01 11:22:07,10,pickup,on_time,6.98
en route -> PICKUP,27097,2026-08-15,2026-08-15 19:40:04,0,pickup,watch,-2.43
en route -> PICKUP,27099,2026-07-09,2026-07-09 21:52:34,8,pickup,late,6.51
en route -> PICKUP,27111,2026-08-04,2026-08-04 12:27:27,0,pickup,on_time,-1.13
en route -> PICKUP,27120,2026-08-02,2026-08-02 21:36:27,6,pickup,late,4.49
en route -> PICKUP,27128,2026-07-15,2026-07-15 20:11:57,4,pickup,on_time,2.54
en route -> PICKUP,27130,2026-08-16,2026-08-16 14:10:12,5,pickup,on_time,3.52
en route -> PICKUP,27133,2026-07-27,2026-07-27 10:35:05,7,pickup,watch,5.91
en route -> PICKUP,27134,2026-08-07,2026-08-07 21:19:12,7,pickup,watch,4.91
en route -> PICKUP,27140,2026-07-19,2026-07-19 14:41:58,1,pickup,watch,-1.13
en route -> PICKUP,27143,2026-08-09,2026-08-09 14:03:13,7,pickup,on_time,-328.19
en route -> PICKUP,27143,2026-08-09,2026-08-09 14:42:34,5,pickup,late,-290.84
en route -> PICKUP,27144,2026-08-14,2026-08-14 13:33:30,3,pickup,late,1.71
en route -> PICKUP,27160,2026-07-12,2026-07-12 19:58:27,7,pickup,late,-0.17
en route -> PICKUP,27160,2026-07-12,2026-07-12 20:04:29,7,pickup,late,5.87
en route -> PICKUP,27172,2026-07-09,2026-07-10 02:05:48,5,pickup,late,2.54
en route -> PICKUP,27180,2026-07-12,2026-07-12 21:50:08,6,pickup,late,3.62
en route -> PICKUP,27198,2026-07-20,2026-07-20 17:42:14,2,pickup,watch,0.21
en route -> PICKUP,27204,2026-08-14,2026-08-14 20:44:33,1,pickup,on_time,-1.55
en route -> PICKUP,27211,2026-07-10,2026-07-10 23:15:56,8,pickup,watch,5.67
en route -> PICKUP,27212,2026-07-17,2026-07-17 11:13:16,2,pickup,at_risk,0.38
en route -> PICKUP,27221,2026-08-02,2026-08-02 16:31:47,7,pickup,on_time,5.08
en route -> PICKUP,27224,2026-07-18,2026-07-18 13:15:45,1,pickup,watch,0.61
en route -> PICKUP,27229,2026-07-11,2026-07-11 22:51:20,5,pickup,late,3.63
en route -> PICKUP,27230,2026-07-18,2026-07-18 12:39:26,3,pickup,on_time,1.75
en route -> PICKUP,27233,2026-07-09,2026-07-09 13:21:51,3,pickup,watch,2.75
en route -> PICKUP,27239,2026-07-30,2026-07-30 19:57:15,8,pickup,at_risk,5.79
en route -> PICKUP,27240,2026-08-05,2026-08-05 12:26:11,4,pickup,on_time,1.78
en route -> PICKUP,27277,2026-07-27,2026-07-27 13:07:15,4,pickup,late,1.55
en route -> PICKUP,27278,2026-07-08,2026-07-08 12:28:32,0,pickup,watch,-1.25
en route -> PICKUP,27279,2026-07-08,2026-07-08 11:25:08,5,pickup,at_risk,3.64
en route -> PICKUP,27282,2026-08-09,2026-08-09 12:55:37,1,pickup,watch,-1.35
en route -> PICKUP,27290,2026-08-07,2026-08-07 20:37:34,8,pickup,at_risk,6.95
en route -> PICKUP,27297,2026-07-29,2026-07-29 16:10:57,8,pickup,watch,7.09
en route -> PICKUP,27298,2026-08-03,2026-08-03 11:55:38,2,pickup,on_time,-0.4
en route -> PICKUP,27302,2026-07-22,2026-07-22 15:41:33,6,pickup,late,5.57
en route -> PICKUP,27303,2026-07-09,2026-07-09 21:34:28,12,pickup,late,10.15
en route -> PICKUP,27307,2026-07-17,2026-07-17 10:03:56,10,pickup,on_time,7.62
en route -> PICKUP,27321,2026-07-28,2026-07-28 13:36:28,2,pickup,watch,1.77
en route -> PICKUP,27325,2026-07-10,2026-07-10 13:18:05,4,pickup,watch,3.58
en route -> PICKUP,27326,2026-07-10,2026-07-10 20:20:53,6,pickup,late,5.9
en route -> PICKUP,27327,2026-07-17,2026-07-17 15:27:10,5,pickup,on_time,3.9
en route -> PICKUP,27335,2026-07-21,2026-07-21 13:14:58,5,pickup,late,2.29
en route -> PICKUP,27338,2026-07-26,2026-07-26 16:08:42,0,pickup,late,-0.42
en route -> PICKUP,27340,2026-07-18,2026-07-18 22:05:35,5,pickup,late,2.42
en route -> PICKUP,27357,2026-07-15,2026-07-15 13:48:21,6,pickup,late,3.31
en route -> PICKUP,27359,2026-07-20,2026-07-20 18:27:32,11,pickup,at_risk,9.13
en route -> PICKUP,27368,2026-08-21,2026-08-21 21:14:08,11,pickup,at_risk,9.74
en route -> PICKUP,27373,2026-07-14,2026-07-14 19:46:25,10,pickup,at_risk,9.63
en route -> PICKUP,27374,2026-07-18,2026-07-18 17:14:58,3,pickup,watch,-7.35
en route -> PICKUP,27376,2026-07-26,2026-07-26 14:34:37,8,pickup,watch,5.05
en route -> PICKUP,27384,2026-08-16,2026-08-16 15:38:26,0,pickup,watch,-1.74
en route -> PICKUP,27394,2026-08-13,2026-08-13 11:59:28,1,pickup,at_risk,-0.17
en route -> PICKUP,27402,2026-07-14,2026-07-14 17:06:18,2,pickup,watch,1.59
en route -> PICKUP,27406,2026-07-17,2026-07-17 20:50:23,43,pickup,at_risk,-72.75
en route -> PICKUP,27407,2026-07-10,2026-07-11 00:46:22,6,pickup,late,4.91
en route -> PICKUP,27408,2026-07-15,2026-07-15 12:11:43,4,pickup,on_time,3.07
en route -> PICKUP,27409,2026-07-12,2026-07-12 22:41:26,5,pickup,at_risk,3.53
en route -> PICKUP,27411,2026-07-10,2026-07-11 01:19:31,8,pickup,late,5.06
en route -> PICKUP,27412,2026-07-18,2026-07-18 12:12:15,9,pickup,late,8.8
en route -> PICKUP,27413,2026-07-22,2026-07-22 17:03:25,4,pickup,watch,1.59
en route -> PICKUP,27420,2026-08-17,2026-08-17 12:36:45,4,pickup,on_time,1.1
en route -> PICKUP,27433,2026-07-23,2026-07-23 13:16:25,9,pickup,on_time,6.05
en route -> PICKUP,27450,2026-07-19,2026-07-19 12:13:45,12,pickup,at_risk,-6.14
en route -> PICKUP,27450,2026-07-19,2026-07-19 12:31:50,2,pickup,late,1.95
en route -> PICKUP,27456,2026-07-19,2026-07-20 03:35:39,6,pickup,late,5.39
en route -> PICKUP,27459,2026-07-12,2026-07-12 15:08:23,5,pickup,watch,2.13
en route -> PICKUP,27460,2026-07-17,2026-07-17 13:53:24,3,pickup,watch,1.04
en route -> PICKUP,27467,2026-08-17,2026-08-17 16:44:48,6,pickup,at_risk,3.92
en route -> PICKUP,27474,2026-07-25,2026-07-25 10:01:49,3,pickup,late,2.88
en route -> PICKUP,27475,2026-07-13,2026-07-13 23:10:19,7,pickup,late,6.66
en route -> PICKUP,27477,2026-07-15,2026-07-15 22:24:37,16,pickup,at_risk,15.01
en route -> PICKUP,27499,2026-07-19,2026-07-19 20:08:30,4,pickup,late,2.02
en route -> PICKUP,27513,2026-07-26,2026-07-26 21:29:48,1,pickup,on_time,-0.74
en route -> PICKUP,27514,2026-07-28,2026-07-28 13:39:29,6,pickup,late,4.42
en route -> PICKUP,27515,2026-08-04,2026-08-04 20:37:41,3,pickup,on_time,1.26
en route -> PICKUP,27518,2026-08-18,2026-08-18 18:09:40,15,pickup,late,13.97
en route -> PICKUP,27525,2026-07-18,2026-07-18 20:36:52,4,pickup,watch,3.07
en route -> PICKUP,27535,2026-08-18,2026-08-18 15:17:19,6,pickup,late,-2.95
en route -> PICKUP,27542,2026-08-06,2026-08-06 11:15:47,6,pickup,watch,3.95
en route -> PICKUP,27546,2026-07-14,2026-07-14 22:44:23,6,pickup,late,4.39
en route -> PICKUP,27548,2026-07-11,2026-07-11 17:31:10,7,pickup,late,5.83
en route -> PICKUP,27567,2026-08-01,2026-08-01 06:57:39,4,pickup,at_risk,3.07
en route -> PICKUP,27570,2026-07-29,2026-07-29 17:01:56,1,pickup,watch,-1.5
en route -> PICKUP,27579,2026-08-18,2026-08-18 17:11:37,6,pickup,late,5.84
en route -> PICKUP,27585,2026-08-07,2026-08-07 13:14:28,8,pickup,on_time,5.51
en route -> PICKUP,27586,2026-08-11,2026-08-11 14:53:22,2,pickup,at_risk,1.72
en route -> PICKUP,27589,2026-07-16,2026-07-17 00:25:52,3,pickup,on_time,0.51
en route -> PICKUP,27590,2026-07-17,2026-07-17 13:14:07,0,pickup,watch,-1.76
en route -> PICKUP,27591,2026-07-17,2026-07-18 01:45:52,2,pickup,watch,1.49
en route -> PICKUP,27593,2026-08-06,2026-08-06 13:26:27,9,pickup,watch,6.03
en route -> PICKUP,27594,2026-07-25,2026-07-25 15:21:39,6,pickup,late,4.9
en route -> PICKUP,27595,2026-07-10,2026-07-10 13:06:00,7,pickup,watch,6.9
en route -> PICKUP,27599,2026-07-22,2026-07-22 08:33:54,2,pickup,watch,0.17
en route -> PICKUP,27601,2026-08-01,2026-08-01 13:05:16,0,pickup,late,-2.36
en route -> PICKUP,27606,2026-08-04,2026-08-04 16:10:41,7,pickup,watch,6.53
en route -> PICKUP,27607,2026-07-22,2026-07-22 15:38:32,8,pickup,watch,5.61
en route -> PICKUP,27608,2026-07-12,2026-07-13 00:29:59,12,pickup,at_risk,10.75
en route -> PICKUP,27609,2026-07-18,2026-07-18 09:38:12,2,pickup,watch,1.37
en route -> PICKUP,27616,2026-07-16,2026-07-16 16:56:36,6,pickup,late,5.28
en route -> PICKUP,27619,2026-07-17,2026-07-17 18:04:23,4,pickup,watch,2.21
en route -> PICKUP,27626,2026-07-18,2026-07-18 12:42:29,9,pickup,watch,6.33
en route -> PICKUP,27628,2026-07-30,2026-07-30 22:17:15,11,pickup,at_risk,9.05
en route -> PICKUP,27641,2026-07-13,2026-07-13 19:24:09,6,pickup,late,5.13
en route -> PICKUP,27642,2026-07-18,2026-07-18 12:48:32,1,pickup,watch,-0.65
en route -> PICKUP,27643,2026-07-12,2026-07-12 14:50:15,7,pickup,late,5.82
en route -> PICKUP,27644,2026-07-17,2026-07-17 13:14:07,1,pickup,watch,-1.55
en route -> PICKUP,27651,2026-07-23,2026-07-23 20:44:49,5,pickup,late,2.49
en route -> PICKUP,27655,2026-07-25,2026-07-25 14:03:07,1,pickup,late,-1.2
en route -> PICKUP,27656,2026-07-27,2026-07-27 18:28:17,2,pickup,on_time,1.44
en route -> PICKUP,27659,2026-08-03,2026-08-03 15:23:40,2,pickup,watch,0.33
en route -> PICKUP,27660,2026-08-07,2026-08-07 12:01:42,10,pickup,on_time,9.44
en route -> PICKUP,27665,2026-07-12,2026-07-12 11:18:41,4,pickup,on_time,3.36
en route -> PICKUP,27671,2026-07-10,2026-07-11 00:28:16,6,pickup,late,5.75
en route -> PICKUP,27679,2026-08-18,2026-08-18 19:22:18,6,pickup,watch,1.33
en route -> PICKUP,27679,2026-08-18,2026-08-18 19:25:19,7,pickup,watch,5.34
en route -> PICKUP,27682,2026-08-02,2026-08-02 17:27:06,13,pickup,at_risk,11.94
en route -> PICKUP,27694,2026-08-09,2026-08-10 01:54:50,6,pickup,at_risk,5.53
en route -> PICKUP,27699,2026-07-12,2026-07-12 22:50:29,13,pickup,on_time,-47.72
en route -> PICKUP,27700,2026-07-15,2026-07-15 19:17:40,1,pickup,late,-1.1
en route -> PICKUP,27705,2026-08-05,2026-08-05 12:08:04,169,pickup,late,167.98
en route -> PICKUP,27706,2026-07-14,2026-07-14 19:22:16,1,pickup,late,-0.6
en route -> PICKUP,27708,2026-08-09,2026-08-09 11:45:44,2,pickup,on_time,0.43
en route -> PICKUP,27709,2026-07-11,2026-07-11 19:23:05,6,pickup,late,4.2
en route -> PICKUP,27710,2026-07-16,2026-07-16 14:19:36,5,pickup,late,2.86
en route -> PICKUP,27719,2026-07-17,2026-07-18 00:18:31,11,pickup,late,10.97
en route -> PICKUP,27732,2026-07-15,2026-07-15 15:25:01,7,pickup,late,6.54
en route -> PICKUP,27739,2026-08-04,2026-08-04 18:40:04,0,pickup,on_time,-2.8
en route -> PICKUP,27746,2026-07-19,2026-07-19 18:00:41,5,pickup,watch,4.44
en route -> PICKUP,27752,2026-07-14,2026-07-14 16:54:12,9,pickup,late,8.85
en route -> PICKUP,27756,2026-07-18,2026-07-18 12:24:20,3,pickup,watch,2.95
en route -> PICKUP,27762,2026-07-20,2026-07-20 12:37:14,6,pickup,late,3.97
en route -> PICKUP,27764,2026-07-19,2026-07-19 13:32:12,1,pickup,on_time,-0.42
en route -> PICKUP,27769,2026-08-08,2026-08-08 19:08:00,3,pickup,late,0.28
en route -> PICKUP,27777,2026-07-17,2026-07-17 12:04:38,4,pickup,watch,3.68
en route -> PICKUP,27780,2026-07-29,2026-07-29 18:30:40,5,pickup,late,3.41
en route -> PICKUP,27787,2026-07-23,2026-07-23 14:02:33,3,pickup,late,2.84
en route -> PICKUP,27788,2026-07-14,2026-07-14 19:19:15,4,pickup,late,3.41
en route -> PICKUP,27801,2026-07-25,2026-07-25 12:34:31,12,pickup,on_time,10.0
en route -> PICKUP,27806,2026-07-18,2026-07-18 16:53:49,12,next_pickup,at_risk,10.16
en route -> PICKUP,27822,2026-08-07,2026-08-08 02:19:48,0,pickup,on_time,-2.0
en route -> PICKUP,27825,2026-08-03,2026-08-03 12:40:58,11,pickup,watch,8.11
en route -> PICKUP,27827,2026-07-26,2026-07-26 16:48:05,13,pickup,at_risk,11.41
en route -> PICKUP,27828,2026-07-31,2026-07-31 23:32:48,2,pickup,watch,0.86
en route -> PICKUP,27830,2026-07-29,2026-07-29 15:52:50,7,pickup,watch,5.14
en route -> PICKUP,27845,2026-08-03,2026-08-03 08:00:59,26,pickup,late,25.28
en route -> PICKUP,27853,2026-07-12,2026-07-12 12:10:03,25,pickup,watch,3.4
en route -> PICKUP,27853,2026-07-12,2026-07-12 12:31:11,2,pickup,watch,1.54
en route -> PICKUP,27859,2026-08-10,2026-08-10 18:27:41,1,pickup,on_time,0.28
en route -> PICKUP,27872,2026-07-31,2026-07-31 12:51:06,8,pickup,watch,5.57
en route -> PICKUP,27874,2026-08-03,2026-08-03 16:11:11,5,pickup,on_time,4.02
en route -> PICKUP,27881,2026-07-18,2026-07-18 09:56:20,2,pickup,watch,0.72
en route -> PICKUP,27892,2026-08-20,2026-08-20 17:21:41,14,pickup,late,1.21
en route -> PICKUP,27892,2026-08-20,2026-08-20 17:33:46,14,pickup,late,13.3
en route -> PICKUP,27901,2026-07-12,2026-07-12 08:23:39,3,pickup,on_time,0.72
en route -> PICKUP,27911,2026-07-26,2026-07-26 09:45:35,2,pickup,watch,-5.7
en route -> PICKUP,27919,2026-07-15,2026-07-15 19:29:44,6,pickup,at_risk,4.64
en route -> PICKUP,27923,2026-07-19,2026-07-19 10:20:39,3,pickup,on_time,1.23
en route -> PICKUP,27928,2026-08-17,2026-08-17 12:24:38,4,pickup,on_time,2.79
en route -> PICKUP,27939,2026-08-07,2026-08-07 17:33:34,0,pickup,late,-2.1
en route -> PICKUP,27940,2026-07-20,2026-07-20 10:57:36,6,pickup,watch,4.31
en route -> PICKUP,27953,2026-07-12,2026-07-12 21:13:55,7,pickup,late,4.97
en route -> PICKUP,27959,2026-07-21,2026-07-21 12:32:43,7,pickup,late,4.58
en route -> PICKUP,27960,2026-07-26,2026-07-26 09:42:35,9,pickup,watch,6.89
en route -> PICKUP,27967,2026-07-20,2026-07-21 01:36:33,11,pickup,late,7.89
en route -> PICKUP,27967,2026-07-20,2026-07-21 01:39:34,6,pickup,late,5.9
en route -> PICKUP,27968,2026-07-26,2026-07-26 10:45:58,10,pickup,watch,9.48
en route -> PICKUP,27969,2026-07-20,2026-07-20 12:37:14,17,pickup,on_time,-14.65
en route -> PICKUP,27969,2026-07-20,2026-07-20 13:08:32,5,pickup,late,4.65
en route -> PICKUP,27970,2026-07-24,2026-07-24 21:30:41,2,pickup,watch,1.21
en route -> PICKUP,27974,2026-08-08,2026-08-08 13:23:48,3,pickup,watch,2.01
en route -> PICKUP,27991,2026-08-03,2026-08-03 20:11:43,6,pickup,late,4.08
en route -> PICKUP,28007,2026-07-17,2026-07-17 22:20:55,2,pickup,watch,-0.15
en route -> PICKUP,28013,2026-08-09,2026-08-09 20:33:54,7,pickup,watch,5.71
en route -> PICKUP,28024,2026-07-17,2026-07-17 15:27:10,7,pickup,late,4.19
en route -> PICKUP,28031,2026-08-07,2026-08-07 21:46:26,8,pickup,late,7.04
en route -> PICKUP,28033,2026-07-18,2026-07-18 13:42:59,22,pickup,late,20.15
en route -> PICKUP,28036,2026-08-13,2026-08-13 21:52:58,8,pickup,on_time,-14.32
en route -> PICKUP,28036,2026-08-13,2026-08-13 22:14:07,7,pickup,on_time,5.83
en route -> PICKUP,28040,2026-07-23,2026-07-23 14:59:53,10,pickup,late,7.7
en route -> PICKUP,28042,2026-07-22,2026-07-22 14:53:14,8,pickup,late,7.07
en route -> PICKUP,28051,2026-07-21,2026-07-21 15:47:19,9,pickup,late,7.16
en route -> PICKUP,28052,2026-07-24,2026-07-24 19:09:04,7,pickup,on_time,4.0
en route -> PICKUP,28056,2026-07-30,2026-07-30 13:47:59,8,pickup,watch,7.58
en route -> PICKUP,28064,2026-08-11,2026-08-11 14:38:13,1,pickup,on_time,-0.3
en route -> PICKUP,28065,2026-07-19,2026-07-19 17:27:29,8,pickup,late,7.77
en route -> PICKUP,28067,2026-08-14,2026-08-14 18:00:56,10,pickup,late,7.93
en route -> PICKUP,28068,2026-08-12,2026-08-12 13:45:03,7,pickup,at_risk,3.38
en route -> PICKUP,28068,2026-08-12,2026-08-12 13:48:05,7,pickup,at_risk,6.41
en route -> PICKUP,28073,2026-08-11,2026-08-11 22:09:47,4,pickup,watch,-1.54
en route -> PICKUP,28073,2026-08-11,2026-08-11 22:12:49,4,pickup,at_risk,1.48
en route -> PICKUP,28074,2026-08-15,2026-08-15 08:22:14,3,pickup,on_time,0.63
en route -> PICKUP,28078,2026-07-25,2026-07-25 08:47:52,1,pickup,on_time,0.85
en route -> PICKUP,28082,2026-07-14,2026-07-14 17:51:39,14,pickup,late,10.98
en route -> PICKUP,28093,2026-08-08,2026-08-08 16:13:44,8,pickup,at_risk,5.45
en route -> PICKUP,28096,2026-07-21,2026-07-21 04:15:08,6,pickup,late,4.78
en route -> PICKUP,28101,2026-07-16,2026-07-16 13:25:15,8,pickup,watch,7.24
en route -> PICKUP,28102,2026-07-21,2026-07-21 10:44:06,0,pickup,watch,-0.1
en route -> PICKUP,28118,2026-07-28,2026-07-28 12:21:01,8,pickup,on_time,5.77
en route -> PICKUP,28121,2026-07-25,2026-07-25 18:51:52,7,pickup,watch,5.68
en route -> PICKUP,28125,2026-07-12,2026-07-12 21:29:01,44,next_pickup,at_risk,13.02
en route -> PICKUP,28125,2026-07-12,2026-07-12 21:32:03,44,pickup,at_risk,16.05
en route -> PICKUP,28125,2026-07-12,2026-07-12 21:59:11,4,pickup,at_risk,3.19
en route -> PICKUP,28127,2026-08-13,2026-08-13 12:08:32,5,pickup,on_time,2.46
en route -> PICKUP,28143,2026-07-15,2026-07-15 22:12:34,9,pickup,on_time,8.67
en route -> PICKUP,28150,2026-07-21,2026-07-21 14:20:44,3,pickup,on_time,-29.19
en route -> PICKUP,28150,2026-07-21,2026-07-21 14:50:56,3,pickup,late,1.01
en route -> PICKUP,28164,2026-07-21,2026-07-21 16:05:25,8,pickup,on_time,5.01
en route -> PICKUP,28166,2026-07-19,2026-07-19 18:06:22,7,pickup,late,5.67
en route -> PICKUP,28167,2026-07-25,2026-07-25 10:19:55,7,pickup,watch,5.16
en route -> PICKUP,28171,2026-07-21,2026-07-21 12:14:36,0,pickup,late,-0.24
en route -> PICKUP,28178,2026-08-16,2026-08-16 18:25:22,5,pickup,on_time,4.96
en route -> PICKUP,28179,2026-08-21,2026-08-21 15:26:22,2,pickup,watch,1.21
en route -> PICKUP,28192,2026-07-21,2026-07-21 13:50:34,6,pickup,late,4.2
en route -> PICKUP,28198,2026-08-17,2026-08-17 12:27:40,2,pickup,on_time,0.74
en route -> PICKUP,28202,2026-07-25,2026-07-25 10:56:09,26,pickup,late,24.93
en route -> PICKUP,28203,2026-08-02,2026-08-02 16:22:42,5,pickup,on_time,2.6
en route -> PICKUP,28209,2026-07-23,2026-07-23 11:48:58,6,pickup,watch,5.65
en route -> PICKUP,28216,2026-07-27,2026-07-27 16:37:50,2,pickup,watch,-0.69
en route -> PICKUP,28223,2026-08-17,2026-08-17 23:12:45,8,pickup,on_time,7.28
en route -> PICKUP,28224,2026-08-21,2026-08-21 10:46:46,7,pickup,watch,5.92
en route -> PICKUP,28226,2026-08-14,2026-08-14 15:18:49,2,pickup,watch,0.23
en route -> PICKUP,28230,2026-07-24,2026-07-24 13:44:14,29,pickup,on_time,26.35
en route -> PICKUP,28235,2026-07-17,2026-07-17 20:35:18,7,pickup,on_time,6.61
en route -> PICKUP,28236,2026-07-23,2026-07-23 11:36:06,6,pickup,watch,2.66
en route -> PICKUP,28237,2026-08-16,2026-08-16 18:13:16,7,pickup,watch,5.68
en route -> PICKUP,28239,2026-07-14,2026-07-14 12:25:24,3,pickup,watch,0.73
en route -> PICKUP,28248,2026-07-16,2026-07-16 12:18:52,12,pickup,at_risk,10.53
en route -> PICKUP,28250,2026-08-18,2026-08-18 22:20:15,6,pickup,late,5.73
en route -> PICKUP,28252,2026-08-08,2026-08-08 11:57:30,5,pickup,on_time,3.5
en route -> PICKUP,28254,2026-07-21,2026-07-21 15:02:01,3,pickup,watch,1.04
en route -> PICKUP,28259,2026-08-05,2026-08-05 16:33:27,5,pickup,at_risk,4.29
en route -> PICKUP,28265,2026-07-21,2026-07-21 19:25:45,7,pickup,late,4.17
en route -> PICKUP,28266,2026-08-06,2026-08-06 11:30:54,1,pickup,late,0.75
en route -> PICKUP,28275,2026-07-25,2026-07-25 21:15:56,7,pickup,watch,4.49
en route -> PICKUP,28277,2026-07-26,2026-07-26 19:29:00,5,pickup,at_risk,2.75
en route -> PICKUP,28278,2026-07-31,2026-07-31 17:19:08,7,pickup,watch,6.34
en route -> PICKUP,28283,2026-07-26,2026-07-26 07:32:32,3,pickup,watch,1.19
en route -> PICKUP,28294,2026-08-05,2026-08-05 19:02:34,4,pickup,watch,3.08
en route -> PICKUP,28302,2026-07-21,2026-07-21 15:17:08,3,pickup,at_risk,1.3
en route -> PICKUP,28309,2026-07-20,2026-07-20 16:25:43,5,pickup,watch,2.72
en route -> PICKUP,28310,2026-07-24,2026-07-24 06:47:46,8,pickup,watch,5.71
en route -> PICKUP,28313,2026-07-15,2026-07-15 16:07:20,12,pickup,late,9.44
en route -> PICKUP,28314,2026-07-16,2026-07-16 16:08:17,6,pickup,late,4.66
en route -> PICKUP,28316,2026-07-19,2026-07-19 13:11:03,3,pickup,on_time,2.52
en route -> PICKUP,28321,2026-07-25,2026-07-25 13:04:44,10,pickup,late,8.79
en route -> PICKUP,28322,2026-07-31,2026-07-31 17:07:03,7,pickup,watch,4.23
en route -> PICKUP,28325,2026-07-14,2026-07-14 18:00:42,6,pickup,at_risk,4.98
en route -> PICKUP,28326,2026-08-01,2026-08-01 12:32:03,6,pickup,late,4.8
en route -> PICKUP,28327,2026-08-08,2026-08-08 12:20:12,3,pickup,watch,1.83
en route -> PICKUP,28341,2026-08-13,2026-08-13 19:32:02,6,pickup,on_time,4.68
en route -> PICKUP,28344,2026-08-07,2026-08-07 13:17:30,6,pickup,late,4.91
en route -> PICKUP,28346,2026-08-02,2026-08-02 11:59:46,7,pickup,at_risk,4.6
en route -> PICKUP,28351,2026-07-14,2026-07-14 18:24:53,6,pickup,late,3.57
en route -> PICKUP,28352,2026-07-17,2026-07-17 15:06:34,0,pickup,watch,-1.76
en route -> PICKUP,28353,2026-07-20,2026-07-20 12:40:15,4,pickup,watch,1.69
en route -> PICKUP,28367,2026-07-25,2026-07-25 09:55:47,2,pickup,on_time,0.8
en route -> PICKUP,28368,2026-08-02,2026-08-02 21:44:07,4,pickup,on_time,3.95
en route -> PICKUP,28376,2026-07-16,2026-07-16 15:17:00,8,pickup,on_time,5.91
en route -> PICKUP,28401,2026-07-15,2026-07-15 12:23:47,2,pickup,watch,-1.01
en route -> PICKUP,28405,2026-08-02,2026-08-02 21:42:29,6,pickup,late,4.83
en route -> PICKUP,28413,2026-07-16,2026-07-16 14:16:36,6,pickup,late,3.03
en route -> PICKUP,28420,2026-07-19,2026-07-19 15:57:23,2,pickup,watch,0.42
en route -> PICKUP,28422,2026-08-05,2026-08-05 14:11:35,1,pickup,on_time,0.66
en route -> PICKUP,28428,2026-08-07,2026-08-07 11:43:32,29,pickup,late,26.89
en route -> PICKUP,28430,2026-07-25,2026-07-25 20:27:39,5,pickup,on_time,3.22
en route -> PICKUP,28432,2026-08-02,2026-08-02 08:49:45,2,pickup,on_time,1.22
en route -> PICKUP,28435,2026-07-31,2026-07-31 16:33:49,0,pickup,on_time,-0.31
en route -> PICKUP,28441,2026-07-20,2026-07-20 15:31:22,5,pickup,late,3.56
en route -> PICKUP,28442,2026-07-26,2026-07-26 12:57:52,6,pickup,at_risk,3.17
en route -> PICKUP,28448,2026-07-26,2026-07-26 17:54:46,4,pickup,watch,3.82
en route -> PICKUP,28449,2026-07-23,2026-07-23 17:29:26,6,pickup,late,5.63
en route -> PICKUP,28455,2026-08-01,2026-08-01 11:34:11,0,pickup,on_time,-1.32
en route -> PICKUP,28461,2026-08-08,2026-08-08 13:51:02,5,pickup,late,2.28
en route -> PICKUP,28468,2026-08-17,2026-08-17 20:08:05,2,pickup,watch,-0.02
en route -> PICKUP,28470,2026-08-12,2026-08-12 12:51:29,5,pickup,watch,4.94
en route -> PICKUP,28471,2026-07-14,2026-07-14 19:52:28,8,pickup,watch,5.79
en route -> PICKUP,28483,2026-07-24,2026-07-24 15:06:22,5,pickup,on_time,2.57
en route -> PICKUP,28508,2026-07-31,2026-07-31 18:01:17,2,pickup,late,0.71
en route -> PICKUP,28519,2026-08-17,2026-08-17 08:32:05,0,pickup,late,-1.34
en route -> PICKUP,28522,2026-08-15,2026-08-15 09:55:53,5,pickup,on_time,4.44
en route -> PICKUP,28525,2026-08-14,2026-08-14 13:12:19,2,pickup,on_time,1.43
en route -> PICKUP,28548,2026-08-02,2026-08-02 21:03:16,2,pickup,on_time,-1.01
en route -> PICKUP,28552,2026-07-23,2026-07-23 17:14:20,5,pickup,on_time,3.41
en route -> PICKUP,28554,2026-08-09,2026-08-09 12:37:27,4,pickup,on_time,3.58
en route -> PICKUP,28558,2026-08-09,2026-08-09 12:46:33,12,pickup,on_time,10.82
en route -> PICKUP,28580,2026-07-28,2026-07-28 17:52:39,0,pickup,watch,-1.99
en route -> PICKUP,28586,2026-07-16,2026-07-16 16:32:27,2,pickup,on_time,0.31
en route -> PICKUP,28594,2026-07-25,2026-07-25 14:00:05,16,pickup,late,14.52
en route -> PICKUP,28600,2026-07-31,2026-07-31 14:47:01,6,pickup,watch,5.86
en route -> PICKUP,28609,2026-07-25,2026-07-25 20:09:34,2,pickup,on_time,0.23
en route -> PICKUP,28621,2026-08-10,2026-08-10 16:16:06,1,pickup,on_time,-0.22
en route -> PICKUP,28630,2026-07-17,2026-07-17 22:57:05,6,pickup,late,5.93
en route -> PICKUP,28635,2026-07-26,2026-07-26 13:22:06,1,pickup,watch,0.37
en route -> PICKUP,28638,2026-08-15,2026-08-15 13:34:52,19,pickup,on_time,-37.86
en route -> PICKUP,28638,2026-08-15,2026-08-15 14:31:23,1,pickup,late,0.66
en route -> PICKUP,28642,2026-07-25,2026-07-25 15:30:42,0,pickup,late,-1.45
en route -> PICKUP,28662,2026-08-01,2026-08-01 09:48:35,26,pickup,late,25.99
en route -> PICKUP,28667,2026-07-26,2026-07-26 17:30:37,7,pickup,at_risk,6.95
en route -> PICKUP,28668,2026-07-31,2026-07-31 08:08:33,4,pickup,watch,1.76
en route -> PICKUP,28669,2026-07-18,2026-07-18 15:59:23,1,pickup,at_risk,-1.86
en route -> PICKUP,28673,2026-07-25,2026-07-25 14:57:29,40,next_pickup,at_risk,9.08
en route -> PICKUP,28673,2026-07-25,2026-07-25 15:27:41,3,pickup,at_risk,2.28
en route -> PICKUP,28680,2026-08-13,2026-08-13 21:37:50,6,pickup,late,4.53
en route -> PICKUP,28686,2026-07-26,2026-07-26 19:25:59,6,pickup,on_time,3.66
en route -> PICKUP,28699,2026-07-20,2026-07-21 00:12:48,6,pickup,watch,4.89
en route -> PICKUP,28700,2026-07-26,2026-07-26 14:16:30,1,pickup,late,-0.77
en route -> PICKUP,28702,2026-07-31,2026-07-31 20:17:47,1,pickup,on_time,-0.78
en route -> PICKUP,28715,2026-08-19,2026-08-19 15:40:08,1,pickup,on_time,-0.76
en route -> PICKUP,28717,2026-07-25,2026-07-25 09:49:45,5,pickup,watch,2.02
en route -> PICKUP,28720,2026-07-29,2026-07-29 19:25:52,2,pickup,on_time,0.4
en route -> PICKUP,28722,2026-07-19,2026-07-19 12:10:44,9,pickup,late,6.32
en route -> PICKUP,28725,2026-07-30,2026-07-30 11:01:03,3,pickup,on_time,0.53
en route -> PICKUP,28732,2026-07-30,2026-07-30 09:52:03,3,pickup,watch,2.88
en route -> PICKUP,28738,2026-07-26,2026-07-26 18:06:50,7,pickup,late,6.93
en route -> PICKUP,28765,2026-07-18,2026-07-18 11:14:51,1,pickup,watch,-0.82
en route -> PICKUP,28767,2026-07-17,2026-07-17 12:37:52,0,pickup,late,-0.51
en route -> PICKUP,28769,2026-08-01,2026-08-01 15:54:31,2,pickup,on_time,-0.98
en route -> PICKUP,28772,2026-08-07,2026-08-07 14:47:09,7,pickup,watch,4.19
en route -> PICKUP,28791,2026-07-24,2026-07-24 20:12:25,1,pickup,watch,0.81
en route -> PICKUP,28794,2026-08-02,2026-08-02 22:20:21,6,pickup,on_time,5.36
en route -> PICKUP,28795,2026-08-09,2026-08-09 10:35:52,4,pickup,watch,1.71
en route -> PICKUP,28800,2026-07-24,2026-07-24 18:54:00,9,pickup,late,8.12
en route -> PICKUP,28805,2026-08-16,2026-08-16 16:23:52,6,pickup,on_time,5.31
en route -> PICKUP,28817,2026-08-06,2026-08-07 02:42:16,4,pickup,on_time,3.11
en route -> PICKUP,28820,2026-08-05,2026-08-05 20:27:02,4,pickup,on_time,1.37
en route -> PICKUP,28840,2026-07-23,2026-07-23 15:29:29,8,pickup,late,6.68
en route -> PICKUP,28846,2026-08-12,2026-08-12 12:48:28,0,pickup,on_time,-1.97
en route -> PICKUP,28854,2026-08-21,2026-08-21 12:44:06,2,pickup,on_time,0.48
en route -> PICKUP,28862,2026-07-30,2026-07-30 15:41:26,5,pickup,on_time,-56.35
en route -> PICKUP,28862,2026-07-30,2026-07-30 16:41:56,2,pickup,watch,1.15
en route -> PICKUP,28873,2026-07-28,2026-07-28 19:08:07,4,pickup,on_time,3.58
en route -> PICKUP,28876,2026-08-02,2026-08-02 10:08:10,0,pickup,watch,-0.97
en route -> PICKUP,28878,2026-08-01,2026-08-01 12:26:00,8,pickup,on_time,5.98
en route -> PICKUP,28882,2026-07-23,2026-07-23 09:56:41,2,pickup,watch,1.92
en route -> PICKUP,28883,2026-07-27,2026-07-28 00:03:15,4,pickup,late,1.65
en route -> PICKUP,28899,2026-07-21,2026-07-22 02:57:05,10,pickup,late,8.46
en route -> PICKUP,28900,2026-07-24,2026-07-24 08:24:12,1,pickup,on_time,0.08
en route -> PICKUP,28908,2026-08-03,2026-08-03 09:45:59,5,pickup,watch,2.07
en route -> PICKUP,28923,2026-08-01,2026-08-02 02:12:40,6,pickup,late,4.75
en route -> PICKUP,28928,2026-07-17,2026-07-18 02:34:04,9,pickup,on_time,-78.66
en route -> PICKUP,28929,2026-07-25,2026-07-25 19:54:28,0,pickup,on_time,-1.65
en route -> PICKUP,28934,2026-07-16,2026-07-16 23:13:34,7,pickup,late,5.55
en route -> PICKUP,28937,2026-07-18,2026-07-19 03:32:50,2,pickup,at_risk,-0.03
en route -> PICKUP,28948,2026-07-25,2026-07-25 14:24:15,3,pickup,watch,2.05
en route -> PICKUP,28949,2026-07-20,2026-07-20 09:52:02,0,pickup,on_time,-0.32
en route -> PICKUP,28954,2026-07-30,2026-07-30 14:21:12,2,pickup,watch,1.51
en route -> PICKUP,28958,2026-08-15,2026-08-15 11:23:35,3,pickup,on_time,2.04
en route -> PICKUP,28962,2026-07-27,2026-07-27 15:40:31,2,pickup,late,0.1
en route -> PICKUP,28963,2026-07-31,2026-07-31 19:19:47,9,pickup,watch,7.06
en route -> PICKUP,28976,2026-07-18,2026-07-18 08:49:55,3,pickup,watch,2.19
en route -> PICKUP,28987,2026-07-21,2026-07-21 14:53:57,9,pickup,late,6.6
en route -> PICKUP,28988,2026-07-28,2026-07-28 12:16:32,0,pickup,watch,-1.58
en route -> PICKUP,28990,2026-07-25,2026-07-25 20:30:40,1,pickup,watch,0.03
en route -> PICKUP,28999,2026-07-26,2026-07-26 18:18:54,6,pickup,late,3.17
en route -> PICKUP,29005,2026-08-05,2026-08-05 14:38:13,3,pickup,late,2.87
en route -> PICKUP,29020,2026-07-30,2026-07-30 15:56:31,9,pickup,on_time,6.08
en route -> PICKUP,29029,2026-07-26,2026-07-26 13:09:59,11,pickup,at_risk,10.26
en route -> PICKUP,29030,2026-07-26,2026-07-26 22:40:02,4,pickup,late,2.17
en route -> PICKUP,29033,2026-07-17,2026-07-17 20:32:17,6,pickup,at_risk,5.2
en route -> PICKUP,29035,2026-08-15,2026-08-15 17:50:36,1,pickup,watch,-0.84
en route -> PICKUP,29036,2026-08-18,2026-08-18 08:08:01,2,pickup,watch,0.25
en route -> PICKUP,29039,2026-07-22,2026-07-22 16:42:16,4,pickup,watch,-12.29
en route -> PICKUP,29039,2026-07-22,2026-07-22 16:57:23,1,pickup,late,-0.19
en route -> PICKUP,29041,2026-07-28,2026-07-28 17:21:51,12,pickup,late,11.71
en route -> PICKUP,29042,2026-08-02,2026-08-02 16:55:57,3,pickup,on_time,1.86
en route -> PICKUP,29054,2026-07-24,2026-07-24 17:43:35,1,pickup,late,-1.38
en route -> PICKUP,29065,2026-07-24,2026-07-24 23:13:10,6,pickup,late,4.19
en route -> PICKUP,29066,2026-07-29,2026-07-29 12:04:40,11,pickup,watch,10.58
en route -> PICKUP,29093,2026-07-21,2026-07-21 21:35:43,7,pickup,late,6.25
en route -> PICKUP,29098,2026-07-18,2026-07-18 11:20:53,4,pickup,on_time,2.03
en route -> PICKUP,29100,2026-07-26,2026-07-26 09:27:29,1,pickup,watch,-0.07
en route -> PICKUP,29112,2026-08-15,2026-08-16 02:29:23,7,pickup,at_risk,5.4
en route -> PICKUP,29121,2026-07-18,2026-07-18 23:51:05,6,pickup,late,4.47
en route -> PICKUP,29122,2026-07-31,2026-07-31 20:32:53,4,pickup,late,1.81
en route -> PICKUP,29135,2026-08-16,2026-08-16 17:19:16,6,pickup,watch,-64.87
en route -> PICKUP,29140,2026-08-02,2026-08-02 18:40:57,6,pickup,watch,5.32
en route -> PICKUP,29157,2026-08-20,2026-08-20 19:40:38,21,pickup,on_time,-16.56
en route -> PICKUP,29157,2026-08-20,2026-08-20 20:16:55,6,pickup,on_time,4.72
en route -> PICKUP,29161,2026-07-30,2026-07-30 20:56:20,6,pickup,late,5.13
en route -> PICKUP,29162,2026-08-03,2026-08-03 15:44:50,2,pickup,on_time,1.3
en route -> PICKUP,29165,2026-07-31,2026-07-31 15:57:35,4,pickup,on_time,1.36
en route -> PICKUP,29166,2026-07-18,2026-07-19 01:20:21,6,pickup,late,5.58
en route -> PICKUP,29187,2026-08-10,2026-08-10 14:38:40,8,pickup,on_time,-13.82
en route -> PICKUP,29187,2026-08-10,2026-08-10 14:59:51,6,pickup,late,5.36
en route -> PICKUP,29191,2026-08-10,2026-08-10 16:31:44,27,next_pickup,watch,5.69
en route -> PICKUP,29191,2026-08-10,2026-08-10 16:40:49,17,next_pickup,watch,4.77
en route -> PICKUP,29191,2026-08-10,2026-08-10 16:52:56,2,pickup,watch,1.88
en route -> PICKUP,29198,2026-07-23,2026-07-23 20:41:48,4,pickup,late,1.28
en route -> PICKUP,29199,2026-07-31,2026-07-31 10:57:20,9,pickup,watch,6.28
en route -> PICKUP,29200,2026-08-02,2026-08-02 19:32:15,8,pickup,on_time,5.75
en route -> PICKUP,29201,2026-08-07,2026-08-07 10:47:47,8,pickup,watch,5.68
en route -> PICKUP,29204,2026-08-19,2026-08-19 13:46:06,10,pickup,late,9.89
en route -> PICKUP,29207,2026-07-28,2026-07-28 15:03:53,7,pickup,late,5.82
en route -> PICKUP,29217,2026-08-19,2026-08-19 11:25:47,0,pickup,watch,-1.61
en route -> PICKUP,29224,2026-07-22,2026-07-22 14:43:16,6,pickup,watch,2.66
en route -> PICKUP,29237,2026-07-23,2026-07-23 12:25:09,11,next_pickup,watch,10.2
en route -> PICKUP,29238,2026-07-29,2026-07-29 14:58:28,1,pickup,watch,-0.11
en route -> PICKUP,29240,2026-08-19,2026-08-19 13:18:51,0,pickup,late,-0.0
en route -> PICKUP,29246,2026-07-30,2026-07-30 11:13:07,8,pickup,at_risk,6.13
en route -> PICKUP,29258,2026-07-21,2026-07-21 07:48:55,2,pickup,watch,1.42
en route -> PICKUP,29270,2026-07-20,2026-07-20 10:33:29,6,pickup,on_time,3.17
en route -> PICKUP,29275,2026-07-24,2026-07-24 08:51:20,6,pickup,watch,3.51
en route -> PICKUP,29282,2026-07-27,2026-07-27 11:57:45,2,pickup,on_time,0.27
en route -> PICKUP,29285,2026-07-30,2026-07-30 12:46:34,4,pickup,watch,2.05
en route -> PICKUP,29305,2026-07-24,2026-07-24 17:37:33,4,pickup,late,2.15
en route -> PICKUP,29308,2026-07-19,2026-07-19 09:08:21,10,pickup,at_risk,8.66
en route -> PICKUP,29313,2026-08-02,2026-08-02 13:37:17,5,pickup,late,2.71
en route -> PICKUP,29314,2026-08-05,2026-08-05 11:40:55,0,pickup,watch,-0.58
en route -> PICKUP,29323,2026-07-28,2026-07-28 14:42:44,31,next_pickup,on_time,27.41
en route -> PICKUP,29323,2026-07-28,2026-07-28 14:45:46,31,pickup,on_time,30.43
en route -> PICKUP,29335,2026-08-05,2026-08-05 18:12:29,9,pickup,late,7.32
en route -> PICKUP,29337,2026-07-26,2026-07-26 17:09:29,6,pickup,late,3.09
en route -> PICKUP,29346,2026-07-31,2026-07-31 22:59:37,34,pickup,late,31.65
en route -> PICKUP,29352,2026-08-06,2026-08-06 09:14:11,0,pickup,on_time,-2.92
en route -> PICKUP,29368,2026-07-28,2026-07-28 13:39:29,8,pickup,late,6.43
en route -> PICKUP,29369,2026-08-01,2026-08-01 16:02:15,3,pickup,on_time,0.61
en route -> PICKUP,29388,2026-07-23,2026-07-23 20:03:56,9,pickup,watch,8.64
en route -> PICKUP,29389,2026-07-31,2026-07-31 10:54:18,1,pickup,on_time,-0.04
en route -> PICKUP,29390,2026-07-26,2026-07-26 20:59:36,6,pickup,late,3.64
en route -> PICKUP,29391,2026-08-01,2026-08-01 09:45:35,10,pickup,watch,7.57
en route -> PICKUP,29399,2026-08-15,2026-08-15 08:43:24,2,pickup,on_time,-0.47
en route -> PICKUP,29400,2026-07-26,2026-07-26 14:31:37,7,pickup,late,6.84
en route -> PICKUP,29401,2026-07-29,2026-07-29 10:31:13,1,pickup,on_time,0.8
en route -> PICKUP,29405,2026-08-05,2026-08-05 12:50:03,4,pickup,watch,1.36
en route -> PICKUP,29408,2026-07-25,2026-07-25 11:20:17,0,pickup,watch,-1.44
en route -> PICKUP,29409,2026-07-25,2026-07-26 01:33:18,32,pickup,late,30.27
en route -> PICKUP,29430,2026-08-06,2026-08-06 15:12:40,7,pickup,watch,4.88
en route -> PICKUP,29435,2026-07-20,2026-07-20 12:34:12,0,pickup,on_time,-0.51
en route -> PICKUP,29440,2026-07-21,2026-07-21 10:19:30,1,pickup,watch,-1.86
en route -> PICKUP,29441,2026-08-01,2026-08-01 20:05:43,7,next_pickup,on_time,-71.12
en route -> PICKUP,29441,2026-08-01,2026-08-01 21:13:04,20,pickup,late,9.22
en route -> PICKUP,29441,2026-08-01,2026-08-01 21:22:06,20,pickup,late,18.27
en route -> PICKUP,29456,2026-07-27,2026-07-27 16:46:52,2,pickup,watch,1.01
en route -> PICKUP,29462,2026-08-06,2026-08-06 13:38:33,1,pickup,on_time,-1.82
en route -> PICKUP,29465,2026-07-26,2026-07-26 07:20:28,3,pickup,watch,1.36
en route -> PICKUP,29466,2026-08-13,2026-08-13 23:30:56,6,pickup,late,5.26
en route -> PICKUP,29469,2026-08-04,2026-08-04 13:13:20,6,pickup,at_risk,5.15
en route -> PICKUP,29475,2026-08-06,2026-08-06 12:31:25,9,pickup,on_time,8.31
en route -> PICKUP,29494,2026-07-24,2026-07-24 14:54:16,6,pickup,late,4.96
en route -> PICKUP,29500,2026-07-22,2026-07-22 14:40:15,2,pickup,watch,0.39
en route -> PICKUP,29522,2026-07-27,2026-07-27 15:46:33,6,pickup,late,5.45
en route -> PICKUP,29523,2026-08-04,2026-08-04 13:42:45,1,pickup,on_time,-0.14
en route -> PICKUP,29529,2026-08-16,2026-08-16 23:11:38,1,pickup,on_time,-267.89
en route -> PICKUP,29529,2026-08-16,2026-08-17 01:26:58,57,next_pickup,on_time,-76.57
en route -> PICKUP,29529,2026-08-16,2026-08-17 03:30:59,53,pickup,late,43.46
en route -> PICKUP,29529,2026-08-16,2026-08-17 03:40:02,53,pickup,late,52.51
en route -> PICKUP,29530,2026-08-21,2026-08-21 11:34:32,22,pickup,watch,2.11
en route -> PICKUP,29530,2026-08-21,2026-08-21 11:52:40,5,pickup,watch,3.24
en route -> PICKUP,29534,2026-08-10,2026-08-10 11:42:34,28,pickup,late,25.29
en route -> PICKUP,29549,2026-08-06,2026-08-06 13:05:15,6,pickup,on_time,3.27
en route -> PICKUP,29552,2026-07-23,2026-07-23 20:09:58,7,pickup,late,5.7
en route -> PICKUP,29556,2026-07-24,2026-07-24 20:15:26,3,pickup,on_time,1.79
en route -> PICKUP,29558,2026-08-04,2026-08-04 14:40:22,94,next_pickup,at_risk,92.19
en route -> PICKUP,29567,2026-08-01,2026-08-01 18:23:29,3,pickup,on_time,0.99
en route -> PICKUP,29571,2026-08-01,2026-08-02 02:18:41,6,pickup,at_risk,4.87
en route -> PICKUP,29579,2026-08-03,2026-08-03 11:40:33,5,pickup,at_risk,3.82
en route -> PICKUP,29587,2026-08-09,2026-08-09 20:06:42,6,pickup,watch,5.14
en route -> PICKUP,29588,2026-08-16,2026-08-16 17:55:34,10,pickup,at_risk,7.67
en route -> PICKUP,29590,2026-08-02,2026-08-02 11:59:46,5,pickup,on_time,2.66
en route -> PICKUP,29594,2026-07-30,2026-07-30 10:21:53,6,pickup,late,5.51
en route -> PICKUP,29605,2026-08-01,2026-08-01 13:35:23,27,pickup,late,25.81
en route -> PICKUP,29612,2026-07-22,2026-07-22 14:31:11,6,pickup,late,4.67
en route -> PICKUP,29624,2026-07-25,2026-07-25 16:36:01,7,pickup,watch,5.03
en route -> PICKUP,29625,2026-07-24,2026-07-24 12:43:48,0,pickup,on_time,-0.99
en route -> PICKUP,29629,2026-07-29,2026-07-29 20:08:08,4,pickup,watch,1.2
en route -> PICKUP,29647,2026-08-20,2026-08-20 12:14:30,5,pickup,on_time,-73.83
en route -> PICKUP,29647,2026-08-20,2026-08-20 13:01:26,5,pickup,on_time,-26.89
en route -> PICKUP,29647,2026-08-20,2026-08-20 13:28:40,9,pickup,at_risk,4.34
en route -> PICKUP,29647,2026-08-20,2026-08-20 13:31:42,9,pickup,at_risk,7.37
en route -> PICKUP,29658,2026-08-01,2026-08-02 00:19:46,7,pickup,late,6.55
en route -> PICKUP,29670,2026-07-31,2026-07-31 12:51:06,7,pickup,late,6.5
en route -> PICKUP,29672,2026-07-24,2026-07-24 10:21:47,6,pickup,on_time,4.56
en route -> PICKUP,29673,2026-08-01,2026-08-01 09:54:37,3,pickup,watch,0.33
en route -> PICKUP,29675,2026-07-24,2026-07-24 15:42:12,7,pickup,late,5.6
en route -> PICKUP,29677,2026-07-25,2026-07-25 18:51:52,11,pickup,late,10.41
en route -> PICKUP,29678,2026-08-01,2026-08-01 14:14:40,2,pickup,on_time,1.48
en route -> PICKUP,29683,2026-08-10,2026-08-10 12:18:54,0,pickup,on_time,-0.51
en route -> PICKUP,29686,2026-07-28,2026-07-28 11:04:13,6,pickup,at_risk,3.15
en route -> PICKUP,29687,2026-08-04,2026-08-04 18:46:12,3,pickup,on_time,1.51
en route -> PICKUP,29688,2026-08-10,2026-08-10 09:51:00,0,pickup,watch,-2.16
en route -> PICKUP,29689,2026-08-14,2026-08-14 13:30:29,6,pickup,at_risk,5.45
en route -> PICKUP,29690,2026-07-24,2026-07-25 02:52:31,6,pickup,late,5.07
en route -> PICKUP,29699,2026-07-31,2026-07-31 19:31:51,11,pickup,on_time,9.38
en route -> PICKUP,29703,2026-07-31,2026-07-31 20:57:02,6,pickup,at_risk,3.9
en route -> PICKUP,29709,2026-08-15,2026-08-15 19:49:08,5,pickup,on_time,-10.03
en route -> PICKUP,29709,2026-08-15,2026-08-15 20:02:14,5,pickup,watch,3.07
en route -> PICKUP,29723,2026-08-03,2026-08-03 12:25:50,1,pickup,watch,0.33
en route -> PICKUP,29724,2026-08-06,2026-08-06 08:53:00,5,pickup,watch,2.92
en route -> PICKUP,29727,2026-08-13,2026-08-13 14:00:39,7,pickup,late,5.66
en route -> PICKUP,29728,2026-08-14,2026-08-14 16:34:22,35,pickup,at_risk,-7.49
en route -> PICKUP,29728,2026-08-14,2026-08-14 16:52:30,20,pickup,late,-4.35
en route -> PICKUP,29728,2026-08-14,2026-08-14 17:16:44,2,pickup,late,1.88
en route -> PICKUP,29729,2026-08-17,2026-08-17 08:56:17,0,pickup,watch,-0.76
en route -> PICKUP,29731,2026-08-21,2026-08-21 10:43:46,5,pickup,on_time,2.74
en route -> PICKUP,29732,2026-07-30,2026-07-30 18:35:49,7,pickup,late,5.76
en route -> PICKUP,29739,2026-08-05,2026-08-05 17:27:46,6,pickup,watch,5.35
en route -> PICKUP,29740,2026-08-09,2026-08-09 12:07:10,2,pickup,on_time,0.23
en route -> PICKUP,29747,2026-08-16,2026-08-16 17:10:12,1,pickup,on_time,-1.79
en route -> PICKUP,29754,2026-08-12,2026-08-12 13:06:37,6,pickup,watch,3.98
en route -> PICKUP,29757,2026-08-21,2026-08-21 15:10:50,5,pickup,at_risk,2.53
en route -> PICKUP,29761,2026-07-24,2026-07-24 16:24:28,6,pickup,late,5.35
en route -> PICKUP,29771,2026-07-27,2026-07-27 08:49:30,2,pickup,watch,1.65
en route -> PICKUP,29778,2026-07-22,2026-07-22 13:45:55,2,pickup,watch,0.08
en route -> PICKUP,29781,2026-07-23,2026-07-23 14:23:40,6,pickup,late,4.92
en route -> PICKUP,29786,2026-07-24,2026-07-24 19:30:10,7,pickup,late,6.46
en route -> PICKUP,29788,2026-07-23,2026-07-23 16:56:13,7,pickup,late,6.34
en route -> PICKUP,29789,2026-07-27,2026-07-27 10:07:55,1,pickup,late,0.18
en route -> PICKUP,29793,2026-08-12,2026-08-12 20:33:21,34,pickup,late,32.38
en route -> PICKUP,29796,2026-08-10,2026-08-10 12:40:05,6,pickup,on_time,5.22
en route -> PICKUP,29801,2026-07-23,2026-07-23 15:38:33,33,next_pickup,at_risk,-10.78
en route -> PICKUP,29801,2026-07-23,2026-07-23 16:20:48,6,pickup,late,4.48
en route -> PICKUP,29820,2026-08-21,2026-08-21 07:06:16,9,pickup,at_risk,6.84
en route -> PICKUP,29845,2026-08-10,2026-08-10 11:54:41,2,pickup,watch,0.09
en route -> PICKUP,29849,2026-07-31,2026-07-31 11:51:38,4,pickup,on_time,2.55
en route -> PICKUP,29856,2026-07-27,2026-07-27 10:53:11,5,pickup,watch,2.29
en route -> PICKUP,29893,2026-07-30,2026-07-30 19:39:09,7,pickup,late,4.88
en route -> PICKUP,29895,2026-07-24,2026-07-25 00:18:19,6,pickup,late,5.53
en route -> PICKUP,29908,2026-08-21,2026-08-21 14:03:56,1,pickup,on_time,-1.95
en route -> PICKUP,29913,2026-08-01,2026-08-01 10:51:57,4,pickup,watch,1.34
en route -> PICKUP,29920,2026-07-30,2026-07-30 22:02:11,3,pickup,late,2.68
en route -> PICKUP,29921,2026-07-30,2026-07-31 02:24:52,1,pickup,watch,-1.04
en route -> PICKUP,29923,2026-08-18,2026-08-18 17:23:44,0,pickup,watch,-0.09
en route -> PICKUP,29931,2026-08-04,2026-08-04 17:05:00,2,pickup,late,0.5
en route -> PICKUP,29932,2026-08-08,2026-08-08 11:09:05,4,pickup,on_time,1.38
en route -> PICKUP,29948,2026-07-31,2026-08-01 00:02:56,8,pickup,on_time,6.49
en route -> PICKUP,29969,2026-08-09,2026-08-09 12:55:37,1,pickup,watch,-0.3
en route -> PICKUP,29972,2026-07-23,2026-07-23 18:54:28,8,pickup,at_risk,6.7
en route -> PICKUP,29973,2026-07-27,2026-07-27 09:37:44,2,pickup,on_time,0.6
en route -> PICKUP,29986,2026-07-27,2026-07-27 11:11:16,3,pickup,watch,2.85
en route -> PICKUP,29987,2026-07-27,2026-07-28 02:34:35,3,pickup,late,1.4
en route -> PICKUP,29991,2026-07-24,2026-07-24 16:39:34,6,pickup,late,4.72
en route -> PICKUP,29992,2026-08-05,2026-08-05 20:33:04,10,pickup,late,7.49
en route -> PICKUP,29997,2026-07-31,2026-07-31 07:17:17,3,pickup,watch,1.41
en route -> PICKUP,30014,2026-07-25,2026-07-25 15:03:32,5,pickup,late,2.84
en route -> PICKUP,30015,2026-07-30,2026-07-30 15:41:26,0,pickup,watch,-2.51
en route -> PICKUP,30017,2026-07-27,2026-07-27 14:14:52,8,pickup,late,5.5
en route -> PICKUP,30019,2026-08-13,2026-08-13 13:03:03,7,pickup,at_risk,6.54
en route -> PICKUP,30024,2026-08-11,2026-08-11 11:04:09,2,pickup,on_time,0.48
en route -> PICKUP,30039,2026-07-24,2026-07-24 15:18:02,5,pickup,watch,3.07
en route -> PICKUP,30048,2026-08-01,2026-08-01 13:53:30,0,pickup,late,-0.64
en route -> PICKUP,30055,2026-08-08,2026-08-08 15:31:57,4,pickup,watch,1.69
en route -> PICKUP,30067,2026-07-26,2026-07-26 12:51:50,4,pickup,on_time,2.52
en route -> PICKUP,30070,2026-08-18,2026-08-18 16:11:05,15,pickup,at_risk,-8.09
en route -> PICKUP,30070,2026-08-18,2026-08-18 16:32:19,6,pickup,late,4.13
en route -> PICKUP,30080,2026-08-16,2026-08-16 18:25:22,6,pickup,late,5.01
en route -> PICKUP,30081,2026-08-20,2026-08-20 13:07:29,17,pickup,on_time,15.69
en route -> PICKUP,30084,2026-08-03,2026-08-03 14:23:13,6,pickup,on_time,5.3
en route -> PICKUP,30085,2026-07-23,2026-07-23 12:31:11,21,pickup,watch,3.48
en route -> PICKUP,30085,2026-07-23,2026-07-23 12:46:16,4,pickup,watch,1.55
en route -> PICKUP,30086,2026-08-06,2026-08-06 12:37:29,8,pickup,at_risk,5.0
en route -> PICKUP,30087,2026-08-11,2026-08-11 20:52:25,31,pickup,late,29.26
en route -> PICKUP,30092,2026-08-03,2026-08-04 01:53:03,38,next_pickup,on_time,35.04
en route -> PICKUP,30098,2026-07-23,2026-07-23 19:03:32,0,pickup,late,-1.52
en route -> PICKUP,30102,2026-08-18,2026-08-18 12:47:34,6,pickup,watch,5.67
en route -> PICKUP,30105,2026-08-01,2026-08-01 20:02:43,4,pickup,watch,3.28
en route -> PICKUP,30106,2026-07-26,2026-07-26 20:38:28,6,pickup,late,5.38
en route -> PICKUP,30107,2026-07-31,2026-07-31 09:54:02,9,pickup,at_risk,6.31
en route -> PICKUP,30128,2026-08-19,2026-08-19 13:03:41,1,pickup,on_time,-0.75
en route -> PICKUP,30129,2026-07-24,2026-07-24 17:07:24,7,pickup,late,4.68
en route -> PICKUP,30137,2026-08-10,2026-08-10 19:07:01,0,pickup,watch,-1.4
en route -> PICKUP,30140,2026-08-21,2026-08-21 18:03:53,3,pickup,on_time,2.57
en route -> PICKUP,30162,2026-07-29,2026-07-29 15:16:35,7,pickup,late,6.08
en route -> PICKUP,30167,2026-08-17,2026-08-17 16:32:41,1,pickup,on_time,-0.31
en route -> PICKUP,30168,2026-08-05,2026-08-05 15:20:30,7,pickup,at_risk,5.75
en route -> PICKUP,30169,2026-08-12,2026-08-12 18:53:44,2,pickup,on_time,1.51
en route -> PICKUP,30173,2026-07-23,2026-07-23 18:42:24,1,pickup,on_time,-1.35
en route -> PICKUP,30182,2026-08-21,2026-08-21 17:48:44,4,pickup,late,3.9
en route -> PICKUP,30196,2026-08-10,2026-08-10 17:23:12,6,pickup,at_risk,3.19
en route -> PICKUP,30197,2026-08-14,2026-08-14 12:14:29,27,pickup,late,25.49
en route -> PICKUP,30200,2026-08-10,2026-08-10 13:44:11,9,pickup,watch,6.49
en route -> PICKUP,30206,2026-07-26,2026-07-26 20:56:35,9,pickup,late,6.84
en route -> PICKUP,30212,2026-08-07,2026-08-07 20:31:31,17,pickup,at_risk,14.05
en route -> PICKUP,30214,2026-08-11,2026-08-11 23:43:36,4,pickup,on_time,-10.31
en route -> PICKUP,30214,2026-08-11,2026-08-11 23:55:41,8,pickup,watch,5.77
en route -> PICKUP,30216,2026-08-17,2026-08-17 20:58:49,27,pickup,at_risk,25.52
en route -> PICKUP,30224,2026-08-05,2026-08-05 21:05:13,8,pickup,watch,5.68
en route -> PICKUP,30251,2026-07-26,2026-07-26 16:32:53,4,pickup,on_time,2.03
en route -> PICKUP,30256,2026-08-02,2026-08-02 13:22:10,2,pickup,on_time,0.11
en route -> PICKUP,30263,2026-08-01,2026-08-01 11:13:04,2,pickup,late,1.9
en route -> PICKUP,30266,2026-08-04,2026-08-04 21:10:53,1,pickup,watch,0.49
en route -> PICKUP,30267,2026-08-04,2026-08-04 17:05:00,6,pickup,late,3.25
en route -> PICKUP,30277,2026-08-12,2026-08-12 20:56:06,1,pickup,on_time,-0.41
en route -> PICKUP,30280,2026-08-13,2026-08-13 14:49:48,7,pickup,late,6.51
en route -> PICKUP,30281,2026-08-17,2026-08-17 13:19:08,3,pickup,watch,2.56
en route -> PICKUP,30295,2026-08-08,2026-08-08 09:35:19,6,pickup,late,3.03
en route -> PICKUP,30307,2026-08-11,2026-08-11 16:42:32,6,pickup,watch,4.08
en route -> PICKUP,30308,2026-08-17,2026-08-17 15:11:37,10,pickup,watch,8.22
en route -> PICKUP,30309,2026-07-26,2026-07-26 19:47:05,9,pickup,at_risk,7.03
en route -> PICKUP,30318,2026-08-06,2026-08-06 20:08:28,4,pickup,late,2.6
en route -> PICKUP,30323,2026-08-05,2026-08-05 14:14:36,6,pickup,late,5.9
en route -> PICKUP,30327,2026-07-31,2026-07-31 23:20:44,4,pickup,watch,3.07
en route -> PICKUP,30328,2026-08-03,2026-08-03 14:00:34,15,pickup,on_time,14.63
en route -> PICKUP,30332,2026-07-30,2026-07-30 12:16:24,4,pickup,on_time,1.63
en route -> PICKUP,30334,2026-08-01,2026-08-01 15:30:20,6,pickup,on_time,3.13
en route -> PICKUP,30347,2026-08-14,2026-08-14 21:45:30,6,pickup,late,-78.57
en route -> PICKUP,30348,2026-08-19,2026-08-19 11:22:46,4,pickup,on_time,2.36
en route -> PICKUP,30349,2026-07-30,2026-07-31 02:15:51,6,pickup,late,4.96
en route -> PICKUP,30352,2026-08-01,2026-08-01 15:12:14,12,pickup,at_risk,9.3
en route -> PICKUP,30353,2026-08-07,2026-08-07 10:29:39,0,pickup,watch,-0.65
en route -> PICKUP,30354,2026-08-09,2026-08-09 19:00:09,0,pickup,late,-0.51
en route -> PICKUP,30355,2026-08-17,2026-08-17 13:46:26,32,next_pickup,at_risk,-4.26
en route -> PICKUP,30355,2026-08-17,2026-08-17 14:20:08,5,pickup,late,2.45
en route -> PICKUP,30360,2026-08-01,2026-08-01 20:26:53,4,pickup,at_risk,2.05
en route -> PICKUP,30367,2026-08-02,2026-08-03 02:21:39,7,pickup,watch,4.12
en route -> PICKUP,30368,2026-07-24,2026-07-24 20:52:46,40,pickup,late,39.21
en route -> PICKUP,30375,2026-07-28,2026-07-28 17:21:51,6,pickup,late,5.47
en route -> PICKUP,30382,2026-08-13,2026-08-13 13:18:13,7,pickup,late,5.21
en route -> PICKUP,30386,2026-08-03,2026-08-03 19:41:32,1,pickup,on_time,-0.61
en route -> PICKUP,30399,2026-08-14,2026-08-15 02:08:42,5,pickup,late,2.26
en route -> PICKUP,30402,2026-08-02,2026-08-02 16:28:45,2,pickup,at_risk,1.82
en route -> PICKUP,30438,2026-08-17,2026-08-17 15:44:12,7,pickup,late,5.74
en route -> PICKUP,30442,2026-08-10,2026-08-10 11:57:42,7,pickup,at_risk,4.27
en route -> PICKUP,30444,2026-08-18,2026-08-18 15:52:55,8,pickup,at_risk,5.94
en route -> PICKUP,30447,2026-08-01,2026-08-01 19:23:55,8,pickup,on_time,7.78
en route -> PICKUP,30450,2026-08-09,2026-08-09 10:57:04,3,pickup,on_time,2.06
en route -> PICKUP,30452,2026-08-14,2026-08-14 14:15:53,13,pickup,on_time,10.07
en route -> PICKUP,30453,2026-08-21,2026-08-21 16:17:55,9,pickup,watch,8.03
en route -> PICKUP,30458,2026-08-05,2026-08-05 17:57:24,9,pickup,at_risk,7.36
en route -> PICKUP,30461,2026-07-27,2026-07-27 13:22:21,6,pickup,late,5.11
en route -> PICKUP,30466,2026-08-18,2026-08-18 14:53:07,6,pickup,late,4.05
en route -> PICKUP,30472,2026-07-25,2026-07-25 22:53:27,0,pickup,watch,-0.83
en route -> PICKUP,30475,2026-08-06,2026-08-06 05:06:22,6,pickup,at_risk,4.68
en route -> PICKUP,30476,2026-07-27,2026-07-27 21:47:58,6,pickup,late,5.06
en route -> PICKUP,30486,2026-08-12,2026-08-12 16:23:29,6,pickup,at_risk,5.94
en route -> PICKUP,30487,2026-08-18,2026-08-18 12:23:19,5,pickup,watch,3.88
en route -> PICKUP,30497,2026-08-07,2026-08-07 19:10:30,35,pickup,at_risk,-5.17
en route -> PICKUP,30497,2026-08-07,2026-08-07 19:13:32,35,pickup,at_risk,-2.13
en route -> PICKUP,30497,2026-08-07,2026-08-07 19:34:00,2,pickup,late,-14.66
en route -> PICKUP,30497,2026-08-07,2026-08-07 19:49:08,2,pickup,late,0.48
en route -> PICKUP,30498,2026-07-29,2026-07-29 13:55:08,6,pickup,late,4.65
en route -> PICKUP,30507,2026-08-01,2026-08-01 17:53:25,6,pickup,watch,3.31
en route -> PICKUP,30508,2026-08-08,2026-08-08 17:26:24,0,pickup,watch,-1.32
en route -> PICKUP,30514,2026-08-04,2026-08-04 20:07:42,6,pickup,late,4.05
en route -> PICKUP,30515,2026-08-02,2026-08-02 11:17:31,3,pickup,on_time,0.96
en route -> PICKUP,30528,2026-08-16,2026-08-16 12:21:18,23,next_pickup,at_risk,-0.83
en route -> PICKUP,30528,2026-08-16,2026-08-16 12:42:30,13,next_pickup,late,10.37
en route -> PICKUP,30529,2026-08-20,2026-08-20 18:43:22,2,pickup,on_time,1.34
en route -> PICKUP,30532,2026-08-07,2026-08-07 12:41:07,3,pickup,late,1.44
en route -> PICKUP,30534,2026-07-26,2026-07-26 20:17:08,8,pickup,late,6.41
en route -> PICKUP,30546,2026-07-26,2026-07-26 15:22:56,2,pickup,watch,-0.49
en route -> PICKUP,30557,2026-07-31,2026-07-31 19:47:36,1,pickup,watch,-0.77
en route -> PICKUP,30564,2026-08-11,2026-08-11 14:56:23,7,pickup,on_time,6.25
en route -> PICKUP,30571,2026-08-01,2026-08-01 08:33:12,3,pickup,on_time,2.22
en route -> PICKUP,30579,2026-08-03,2026-08-03 14:17:11,22,pickup,on_time,21.81
en route -> PICKUP,30585,2026-07-26,2026-07-26 09:24:29,5,pickup,watch,4.55
en route -> PICKUP,30609,2026-07-26,2026-07-26 13:00:53,0,pickup,late,-0.34
en route -> PICKUP,30622,2026-08-01,2026-08-01 17:41:19,26,pickup,on_time,-108.31
en route -> PICKUP,30622,2026-08-01,2026-08-01 19:20:50,47,next_pickup,at_risk,12.19
en route -> PICKUP,30622,2026-08-01,2026-08-01 19:53:39,1,pickup,late,-0.99
en route -> PICKUP,30629,2026-08-02,2026-08-02 15:48:33,3,pickup,watch,1.47
en route -> PICKUP,30636,2026-08-02,2026-08-02 12:24:09,1,pickup,watch,-0.51
en route -> PICKUP,30640,2026-07-26,2026-07-26 18:34:39,11,next_pickup,late,9.84
en route -> PICKUP,30647,2026-08-03,2026-08-03 17:44:50,5,pickup,on_time,-40.53
en route -> PICKUP,30647,2026-08-03,2026-08-03 18:22:16,8,pickup,on_time,-0.1
en route -> PICKUP,30647,2026-08-03,2026-08-03 18:28:18,8,pickup,on_time,5.94
en route -> PICKUP,30653,2026-08-08,2026-08-08 22:52:18,9,pickup,watch,8.37
en route -> PICKUP,30654,2026-08-16,2026-08-16 12:33:25,0,pickup,on_time,-0.15
en route -> PICKUP,30656,2026-08-07,2026-08-07 16:52:45,1,pickup,on_time,-1.35
en route -> PICKUP,30661,2026-07-28,2026-07-28 22:06:33,3,pickup,late,1.19
en route -> PICKUP,30662,2026-07-30,2026-07-30 22:35:08,6,pickup,late,4.8
en route -> PICKUP,30668,2026-07-26,2026-07-26 15:50:34,5,pickup,on_time,3.41
en route -> PICKUP,30669,2026-07-29,2026-07-29 17:23:02,1,pickup,watch,-1.01
en route -> PICKUP,30674,2026-07-26,2026-07-26 19:13:56,13,pickup,on_time,-227.13
en route -> PICKUP,30674,2026-07-26,2026-07-26 22:58:07,14,pickup,on_time,-1.94
en route -> PICKUP,30674,2026-07-26,2026-07-26 23:13:11,8,pickup,on_time,7.12
en route -> PICKUP,30701,2026-07-27,2026-07-27 13:31:26,5,pickup,late,2.29
en route -> PICKUP,30709,2026-08-01,2026-08-01 11:07:02,6,pickup,late,3.06
en route -> PICKUP,30732,2026-08-02,2026-08-02 16:52:55,4,pickup,on_time,1.56
en route -> PICKUP,30735,2026-08-02,2026-08-02 17:06:07,21,pickup,late,18.74
en route -> PICKUP,30740,2026-08-02,2026-08-02 17:45:14,4,pickup,watch,3.22
en route -> PICKUP,30748,2026-08-02,2026-08-02 09:38:00,24,pickup,late,22.2
en route -> PICKUP,30752,2026-08-15,2026-08-15 18:03:09,6,pickup,on_time,3.13
en route -> PICKUP,30755,2026-07-27,2026-07-27 14:26:56,6,pickup,late,5.31
en route -> PICKUP,30766,2026-08-05,2026-08-05 15:20:30,3,pickup,watch,2.78
en route -> PICKUP,30798,2026-08-07,2026-08-08 03:26:21,8,pickup,at_risk,5.58
en route -> PICKUP,30804,2026-08-02,2026-08-02 05:46:29,18,pickup,on_time,-371.27
en route -> PICKUP,30804,2026-08-02,2026-08-02 12:14:53,15,pickup,late,14.14
en route -> PICKUP,30813,2026-08-07,2026-08-07 15:05:10,2,pickup,late,-0.94
en route -> PICKUP,30822,2026-08-20,2026-08-20 10:47:58,2,pickup,late,-0.1
en route -> PICKUP,30823,2026-08-04,2026-08-04 17:02:00,6,pickup,late,4.65
en route -> PICKUP,30824,2026-08-08,2026-08-08 08:53:02,6,pickup,on_time,5.82
en route -> PICKUP,30825,2026-07-30,2026-07-30 19:12:00,6,pickup,late,5.44
en route -> PICKUP,30826,2026-08-04,2026-08-04 13:22:23,1,pickup,watch,0.41
en route -> PICKUP,30829,2026-08-15,2026-08-15 14:37:27,6,pickup,late,4.81
en route -> PICKUP,30831,2026-07-31,2026-07-31 20:05:42,2,pickup,watch,-0.78
en route -> PICKUP,30832,2026-08-13,2026-08-13 19:44:12,4,pickup,on_time,3.69
en route -> PICKUP,30846,2026-08-08,2026-08-08 17:35:29,7,pickup,late,5.2
en route -> PICKUP,30858,2026-07-27,2026-07-27 18:45:21,0,pickup,watch,-0.01
en route -> PICKUP,30867,2026-08-03,2026-08-03 09:27:53,2,pickup,on_time,1.82
en route -> PICKUP,30879,2026-08-09,2026-08-09 13:48:06,5,pickup,late,3.45
en route -> PICKUP,30883,2026-08-11,2026-08-11 12:43:37,8,pickup,at_risk,6.68
en route -> PICKUP,30884,2026-08-21,2026-08-21 10:01:27,7,pickup,watch,6.8
en route -> PICKUP,30886,2026-07-30,2026-07-30 13:08:47,6,pickup,late,5.0
en route -> PICKUP,30887,2026-08-08,2026-08-08 09:41:22,10,pickup,on_time,7.36
en route -> PICKUP,30889,2026-07-30,2026-07-30 13:57:03,7,pickup,late,6.49
en route -> PICKUP,30890,2026-08-01,2026-08-01 17:47:22,21,pickup,at_risk,18.29
en route -> PICKUP,30891,2026-08-02,2026-08-02 17:06:07,1,pickup,on_time,0.32
en route -> PICKUP,30896,2026-07-27,2026-07-27 20:06:44,1,pickup,on_time,-1.35
en route -> PICKUP,30897,2026-08-20,2026-08-20 18:55:16,6,pickup,watch,-4.87
en route -> PICKUP,30897,2026-08-20,2026-08-20 19:04:20,6,pickup,watch,4.2
en route -> PICKUP,30901,2026-08-09,2026-08-09 20:36:55,7,pickup,late,5.46
en route -> PICKUP,30906,2026-08-20,2026-08-20 08:17:03,3,pickup,watch,2.1
en route -> PICKUP,30908,2026-08-05,2026-08-05 19:20:40,9,pickup,on_time,-42.08
en route -> PICKUP,30908,2026-08-05,2026-08-05 19:38:46,40,next_pickup,at_risk,7.02
en route -> PICKUP,30908,2026-08-05,2026-08-05 20:08:56,16,pickup,late,13.19
en route -> PICKUP,30913,2026-08-05,2026-08-05 22:16:49,6,pickup,on_time,4.11
en route -> PICKUP,30917,2026-08-09,2026-08-09 10:20:44,2,pickup,watch,1.26
en route -> PICKUP,30921,2026-08-19,2026-08-19 12:48:33,5,pickup,watch,3.73
en route -> PICKUP,30927,2026-08-20,2026-08-20 20:54:38,4,pickup,on_time,3.95
en route -> PICKUP,30937,2026-08-06,2026-08-06 10:27:27,0,pickup,on_time,-2.78
en route -> PICKUP,30940,2026-08-10,2026-08-11 02:57:40,6,pickup,late,4.54
en route -> PICKUP,30946,2026-07-27,2026-07-27 18:04:10,5,pickup,watch,4.83
en route -> PICKUP,30948,2026-08-11,2026-08-11 18:52:24,5,pickup,late,-4.35
en route -> PICKUP,30948,2026-08-11,2026-08-11 19:01:28,9,pickup,late,8.72
en route -> PICKUP,30949,2026-08-17,2026-08-17 16:11:29,8,pickup,on_time,6.75
en route -> PICKUP,30952,2026-07-31,2026-07-31 08:56:47,5,pickup,on_time,2.79
en route -> PICKUP,30954,2026-08-09,2026-08-09 15:25:47,1,pickup,watch,-0.26
en route -> PICKUP,30955,2026-08-16,2026-08-16 13:58:06,44,pickup,late,42.2
en route -> PICKUP,30969,2026-08-03,2026-08-03 19:20:23,12,pickup,late,9.9
en route -> PICKUP,30975,2026-07-28,2026-07-28 21:18:19,7,pickup,late,6.74
en route -> PICKUP,30987,2026-08-15,2026-08-15 21:02:42,9,pickup,on_time,-5.01
en route -> PICKUP,30987,2026-08-15,2026-08-15 21:14:46,9,pickup,watch,7.07
en route -> PICKUP,30989,2026-08-12,2026-08-12 16:38:37,28,next_pickup,on_time,-13.29
en route -> PICKUP,30989,2026-08-12,2026-08-12 17:17:00,10,pickup,at_risk,7.1
en route -> PICKUP,30990,2026-08-17,2026-08-17 12:39:47,7,pickup,on_time,6.47
en route -> PICKUP,30995,2026-07-28,2026-07-28 15:15:58,6,pickup,at_risk,5.5
en route -> PICKUP,31005,2026-07-28,2026-07-28 23:25:45,5,pickup,watch,2.41
en route -> PICKUP,31014,2026-08-10,2026-08-10 18:51:54,12,pickup,at_risk,9.87
en route -> PICKUP,31022,2026-07-29,2026-07-30 00:56:49,45,pickup,watch,-25.76
en route -> PICKUP,31022,2026-07-29,2026-07-30 02:06:02,1,pickup,late,-0.54
en route -> PICKUP,31023,2026-08-01,2026-08-01 08:27:10,2,pickup,watch,1.99
en route -> PICKUP,31024,2026-08-11,2026-08-11 15:54:05,7,pickup,at_risk,5.82
en route -> PICKUP,31027,2026-08-18,2026-08-18 12:08:11,4,pickup,watch,1.81
en route -> PICKUP,31031,2026-07-29,2026-07-29 14:13:15,1,pickup,watch,-0.69
en route -> PICKUP,31032,2026-08-10,2026-08-10 19:24:02,6,pickup,watch,4.09
en route -> PICKUP,31033,2026-08-16,2026-08-16 11:38:56,1,pickup,on_time,-0.5
en route -> PICKUP,31041,2026-08-03,2026-08-03 21:38:35,5,pickup,watch,2.8
en route -> PICKUP,31067,2026-08-08,2026-08-08 11:39:20,26,pickup,at_risk,18.46
en route -> PICKUP,31067,2026-08-08,2026-08-08 11:45:23,26,pickup,at_risk,24.52
en route -> PICKUP,31069,2026-08-13,2026-08-13 18:30:58,43,pickup,at_risk,41.59
en route -> PICKUP,31070,2026-07-31,2026-07-31 18:25:26,0,pickup,watch,-1.16
en route -> PICKUP,31073,2026-08-12,2026-08-12 13:45:03,6,pickup,watch,2.19
en route -> PICKUP,31073,2026-08-12,2026-08-12 13:48:05,6,pickup,watch,5.22
en route -> PICKUP,31074,2026-08-17,2026-08-17 10:57:10,0,pickup,watch,-0.4
en route -> PICKUP,31075,2026-08-14,2026-08-15 00:10:56,6,pickup,on_time,5.55
en route -> PICKUP,31079,2026-07-28,2026-07-28 14:00:37,6,pickup,late,3.35
en route -> PICKUP,31082,2026-07-30,2026-07-30 14:03:05,4,pickup,at_risk,1.53
en route -> PICKUP,31083,2026-08-02,2026-08-02 08:34:41,5,pickup,watch,4.83
en route -> PICKUP,31087,2026-07-29,2026-07-29 16:44:07,6,pickup,watch,3.44
en route -> PICKUP,31094,2026-08-19,2026-08-19 17:35:42,10,pickup,watch,-15.26
en route -> PICKUP,31094,2026-08-19,2026-08-19 17:59:54,9,pickup,late,7.94
en route -> PICKUP,31122,2026-08-15,2026-08-15 16:14:18,3,pickup,on_time,0.01
en route -> PICKUP,31123,2026-08-08,2026-08-08 14:45:29,1,pickup,on_time,-0.22
en route -> PICKUP,31130,2026-08-08,2026-08-08 06:51:41,7,pickup,watch,6.56
en route -> PICKUP,31135,2026-08-04,2026-08-04 19:34:30,5,pickup,watch,2.37
en route -> PICKUP,31145,2026-08-16,2026-08-16 12:00:08,1,pickup,late,0.48
en route -> PICKUP,31152,2026-08-10,2026-08-10 17:20:10,27,pickup,late,26.76
en route -> PICKUP,31159,2026-07-30,2026-07-30 13:41:58,8,pickup,watch,7.48
en route -> PICKUP,31173,2026-08-09,2026-08-09 21:39:30,2,pickup,watch,1.85
en route -> PICKUP,31177,2026-08-01,2026-08-01 21:25:08,3,pickup,watch,0.93
en route -> PICKUP,31178,2026-08-03,2026-08-03 19:47:35,6,pickup,watch,5.55
en route -> PICKUP,31184,2026-07-29,2026-07-29 14:25:20,8,pickup,watch,7.55
en route -> PICKUP,31185,2026-08-02,2026-08-02 18:56:03,71,pickup,on_time,-63.03
en route -> PICKUP,31188,2026-08-04,2026-08-04 19:01:19,15,pickup,late,12.17
en route -> PICKUP,31189,2026-08-11,2026-08-11 16:36:28,5,pickup,on_time,4.54
en route -> PICKUP,31204,2026-08-07,2026-08-07 08:49:55,4,pickup,watch,2.04
en route -> PICKUP,31213,2026-07-29,2026-07-29 15:55:51,29,pickup,late,27.64
en route -> PICKUP,31215,2026-08-01,2026-08-01 16:11:19,6,pickup,on_time,5.29
en route -> PICKUP,31253,2026-08-04,2026-08-04 11:39:15,1,pickup,on_time,0.55
en route -> PICKUP,31254,2026-08-09,2026-08-09 20:48:05,0,pickup,on_time,-2.67
en route -> PICKUP,31258,2026-08-03,2026-08-03 18:31:20,3,pickup,on_time,0.24
en route -> PICKUP,31259,2026-08-08,2026-08-08 15:00:38,25,pickup,late,24.2
en route -> PICKUP,31260,2026-07-30,2026-07-30 13:23:52,3,pickup,on_time,1.94
en route -> PICKUP,31261,2026-08-17,2026-08-17 13:43:24,11,next_pickup,late,8.14
en route -> PICKUP,31280,2026-07-31,2026-07-31 13:30:22,7,pickup,watch,4.89
en route -> PICKUP,31281,2026-08-03,2026-08-03 13:09:11,3,pickup,late,0.57
en route -> PICKUP,31291,2026-08-03,2026-08-03 23:33:44,4,pickup,late,1.99
en route -> PICKUP,31295,2026-08-09,2026-08-09 10:47:59,4,pickup,on_time,2.06
en route -> PICKUP,31297,2026-08-08,2026-08-08 19:04:58,29,pickup,late,27.17
en route -> PICKUP,31302,2026-08-02,2026-08-02 13:46:22,5,pickup,watch,3.07
en route -> PICKUP,31313,2026-08-01,2026-08-01 10:03:41,7,pickup,on_time,5.21
en route -> PICKUP,31319,2026-08-21,2026-08-21 10:55:51,5,pickup,at_risk,3.52
en route -> PICKUP,31321,2026-08-06,2026-08-06 16:09:13,16,pickup,watch,13.75
en route -> PICKUP,31322,2026-08-10,2026-08-10 13:26:00,1,pickup,on_time,-1.15
en route -> PICKUP,31325,2026-08-05,2026-08-05 19:50:50,3,pickup,on_time,0.47
en route -> PICKUP,31326,2026-08-10,2026-08-10 08:07:38,4,pickup,watch,3.51
en route -> PICKUP,31327,2026-08-17,2026-08-17 21:25:13,15,next_pickup,at_risk,12.95
en route -> PICKUP,31338,2026-08-08,2026-08-08 14:12:13,9,pickup,on_time,5.98
en route -> PICKUP,31347,2026-08-19,2026-08-19 13:12:48,7,pickup,on_time,5.09
en route -> PICKUP,31357,2026-08-02,2026-08-03 00:50:53,8,pickup,at_risk,6.06
en route -> PICKUP,31358,2026-08-08,2026-08-08 13:29:51,25,pickup,late,23.49
en route -> PICKUP,31366,2026-08-13,2026-08-13 17:17:24,19,pickup,at_risk,18.82
en route -> PICKUP,31367,2026-07-29,2026-07-29 16:13:57,2,pickup,on_time,0.54
en route -> PICKUP,31374,2026-08-10,2026-08-10 10:48:08,10,pickup,watch,7.51
en route -> PICKUP,31377,2026-08-20,2026-08-20 12:14:30,17,next_pickup,on_time,-169.5
en route -> PICKUP,31377,2026-08-20,2026-08-20 12:34:12,30,next_pickup,on_time,-136.79
en route -> PICKUP,31377,2026-08-20,2026-08-20 13:01:26,7,next_pickup,on_time,-132.56
en route -> PICKUP,31377,2026-08-20,2026-08-20 14:20:17,9,pickup,late,-51.71
en route -> PICKUP,31380,2026-08-08,2026-08-08 15:50:06,2,pickup,late,0.72
en route -> PICKUP,31388,2026-08-12,2026-08-12 16:17:25,2,pickup,on_time,1.91
en route -> PICKUP,31390,2026-08-05,2026-08-05 12:56:06,1,pickup,on_time,0.76
en route -> PICKUP,31391,2026-07-31,2026-07-31 11:30:30,8,pickup,late,5.81
en route -> PICKUP,31428,2026-08-02,2026-08-02 14:29:55,1,pickup,on_time,0.07
en route -> PICKUP,31429,2026-08-06,2026-08-06 12:53:09,3,pickup,on_time,2.34
en route -> PICKUP,31430,2026-08-04,2026-08-04 15:06:49,5,pickup,watch,2.39
en route -> PICKUP,31435,2026-07-30,2026-07-30 19:36:08,0,pickup,watch,-1.51
en route -> PICKUP,31444,2026-08-09,2026-08-09 08:07:45,11,pickup,at_risk,9.68
en route -> PICKUP,31469,2026-08-02,2026-08-02 18:27:36,7,pickup,watch,6.88
en route -> PICKUP,31471,2026-08-14,2026-08-14 23:28:11,7,pickup,at_risk,4.46
en route -> PICKUP,31476,2026-08-01,2026-08-01 18:23:29,2,pickup,on_time,0.75
en route -> PICKUP,31482,2026-08-01,2026-08-01 15:27:19,5,pickup,late,4.64
en route -> PICKUP,31483,2026-08-05,2026-08-05 15:20:30,0,pickup,watch,-1.52
en route -> PICKUP,31509,2026-08-11,2026-08-11 16:39:30,7,pickup,late,6.18
en route -> PICKUP,31510,2026-08-13,2026-08-13 13:18:13,13,pickup,watch,10.93
en route -> PICKUP,31511,2026-08-07,2026-08-07 14:41:05,0,pickup,on_time,-1.13
en route -> PICKUP,31525,2026-08-04,2026-08-04 17:08:02,4,pickup,late,2.16
en route -> PICKUP,31526,2026-08-10,2026-08-10 14:56:50,9,pickup,at_risk,8.32
en route -> PICKUP,31528,2026-08-16,2026-08-16 17:19:16,2,pickup,on_time,-0.32
en route -> PICKUP,31538,2026-08-06,2026-08-07 03:59:00,3,pickup,late,-65.82
en route -> PICKUP,31541,2026-08-16,2026-08-16 14:04:09,11,pickup,late,9.12
en route -> PICKUP,31546,2026-08-05,2026-08-05 19:14:38,24,pickup,on_time,5.29
en route -> PICKUP,31546,2026-08-05,2026-08-05 19:26:42,8,pickup,on_time,1.36
en route -> PICKUP,31546,2026-08-05,2026-08-05 19:32:45,5,pickup,on_time,4.4
en route -> PICKUP,31556,2026-08-08,2026-08-08 10:23:42,4,pickup,on_time,3.77
en route -> PICKUP,31558,2026-08-03,2026-08-03 11:43:34,3,pickup,on_time,1.96
en route -> PICKUP,31561,2026-08-14,2026-08-14 16:04:04,9,pickup,on_time,7.74
en route -> PICKUP,31570,2026-08-09,2026-08-09 10:26:47,5,pickup,at_risk,4.97
en route -> PICKUP,31573,2026-08-05,2026-08-05 14:32:11,14,next_pickup,on_time,-16.59
en route -> PICKUP,31573,2026-08-05,2026-08-05 14:53:20,6,pickup,watch,-3.45
en route -> PICKUP,31573,2026-08-05,2026-08-05 15:02:23,6,pickup,at_risk,5.6
en route -> PICKUP,31587,2026-08-11,2026-08-11 15:41:58,4,pickup,watch,3.39
en route -> PICKUP,31588,2026-08-16,2026-08-16 09:34:09,1,pickup,on_time,-0.41
en route -> PICKUP,31599,2026-08-06,2026-08-06 14:02:46,16,pickup,late,-3.17
en route -> PICKUP,31605,2026-08-07,2026-08-07 19:49:08,35,pickup,at_risk,22.22
en route -> PICKUP,31605,2026-08-07,2026-08-07 20:01:14,5,pickup,late,4.32
en route -> PICKUP,31612,2026-08-09,2026-08-09 14:03:13,4,pickup,on_time,3.22
en route -> PICKUP,31622,2026-08-21,2026-08-21 12:38:02,0,pickup,late,-1.18
en route -> PICKUP,31623,2026-08-06,2026-08-06 15:03:36,8,pickup,at_risk,6.38
en route -> PICKUP,31629,2026-08-15,2026-08-15 12:40:23,2,pickup,on_time,0.48
en route -> PICKUP,31640,2026-08-08,2026-08-08 21:27:41,4,pickup,on_time,2.04
en route -> PICKUP,31653,2026-07-30,2026-07-30 17:45:17,6,pickup,late,5.86
en route -> PICKUP,31662,2026-08-11,2026-08-11 18:58:27,1,pickup,on_time,-0.92
en route -> PICKUP,31677,2026-08-11,2026-08-11 13:04:47,4,pickup,on_time,2.97
en route -> PICKUP,31679,2026-08-07,2026-08-07 16:46:41,5,pickup,on_time,2.89
en route -> PICKUP,31686,2026-07-31,2026-07-31 11:12:24,3,pickup,on_time,1.1
en route -> PICKUP,31697,2026-08-07,2026-08-07 16:22:24,4,pickup,watch,3.34
en route -> PICKUP,31701,2026-07-31,2026-07-31 13:24:19,7,pickup,late,6.04
en route -> PICKUP,31715,2026-08-21,2026-08-21 21:05:03,0,pickup,late,-2.09
en route -> PICKUP,31720,2026-08-13,2026-08-13 11:34:00,6,pickup,on_time,-169.71
en route -> PICKUP,31720,2026-08-13,2026-08-13 12:02:29,8,pickup,on_time,-139.24
en route -> PICKUP,31720,2026-08-13,2026-08-13 12:17:37,8,pickup,on_time,-124.11
en route -> PICKUP,31720,2026-08-13,2026-08-13 12:29:43,15,pickup,watch,-105.0
en route -> PICKUP,31720,2026-08-13,2026-08-13 12:56:59,8,pickup,late,-84.73
en route -> PICKUP,31720,2026-08-13,2026-08-13 13:03:03,8,pickup,late,-78.66
en route -> PICKUP,31721,2026-08-18,2026-08-18 11:30:22,5,pickup,on_time,3.61
en route -> PICKUP,31727,2026-08-18,2026-08-18 12:50:35,6,pickup,on_time,-50.28
en route -> PICKUP,31727,2026-08-18,2026-08-18 13:45:08,8,pickup,at_risk,6.27
en route -> PICKUP,31737,2026-08-05,2026-08-05 13:47:26,13,pickup,at_risk,12.9
en route -> PICKUP,31739,2026-07-31,2026-07-31 20:11:44,6,pickup,late,3.48
en route -> PICKUP,31740,2026-08-09,2026-08-09 11:27:21,2,pickup,watch,1.09
en route -> PICKUP,31743,2026-08-09,2026-08-09 16:17:13,6,pickup,at_risk,5.44
en route -> PICKUP,31746,2026-08-18,2026-08-18 18:30:50,2,pickup,on_time,-0.13
en route -> PICKUP,31747,2026-08-13,2026-08-14 00:13:13,5,pickup,at_risk,0.61
en route -> PICKUP,31747,2026-08-13,2026-08-14 00:16:15,5,pickup,late,3.64
en route -> PICKUP,31753,2026-08-05,2026-08-05 14:20:38,6,pickup,late,5.54
en route -> PICKUP,31755,2026-08-10,2026-08-10 16:34:45,11,pickup,on_time,10.31
en route -> PICKUP,31756,2026-07-31,2026-07-31 23:11:40,6,pickup,on_time,5.44
en route -> PICKUP,31757,2026-08-07,2026-08-07 08:52:56,5,pickup,watch,4.6
en route -> PICKUP,31760,2026-08-02,2026-08-02 17:48:15,5,pickup,watch,4.22
en route -> PICKUP,31778,2026-08-11,2026-08-11 18:13:06,6,pickup,on_time,3.79
en route -> PICKUP,31782,2026-08-08,2026-08-08 18:35:01,3,pickup,on_time,0.16
en route -> PICKUP,31793,2026-08-02,2026-08-02 04:58:19,35,pickup,on_time,33.15
en route -> PICKUP,31823,2026-08-03,2026-08-03 20:14:45,5,pickup,late,4.62
en route -> PICKUP,31824,2026-08-07,2026-08-07 22:28:47,8,pickup,watch,5.54
en route -> PICKUP,31825,2026-08-03,2026-08-03 14:26:14,7,pickup,watch,5.14
en route -> PICKUP,31830,2026-08-12,2026-08-12 17:41:11,3,pickup,on_time,1.29
en route -> PICKUP,31841,2026-08-15,2026-08-16 02:20:21,6,pickup,watch,5.57
en route -> PICKUP,31847,2026-08-03,2026-08-03 22:27:24,7,pickup,late,6.29
en route -> PICKUP,31856,2026-08-21,2026-08-21 18:34:05,6,pickup,on_time,4.24
en route -> PICKUP,31857,2026-08-08,2026-08-08 14:30:22,8,pickup,late,7.61
en route -> PICKUP,31868,2026-08-15,2026-08-15 11:23:35,27,pickup,late,24.99
en route -> PICKUP,31874,2026-08-14,2026-08-14 11:23:01,0,pickup,watch,-1.45
en route -> PICKUP,31876,2026-08-15,2026-08-15 11:08:28,4,pickup,watch,3.71
en route -> PICKUP,31877,2026-08-04,2026-08-04 20:46:43,6,pickup,late,5.89
en route -> PICKUP,31881,2026-08-04,2026-08-04 16:01:09,7,pickup,at_risk,4.86
en route -> PICKUP,31882,2026-08-08,2026-08-08 16:50:05,1,pickup,watch,-1.92
en route -> PICKUP,31905,2026-08-04,2026-08-04 13:27:39,13,next_pickup,at_risk,11.97
en route -> PICKUP,31908,2026-08-07,2026-08-07 19:37:03,4,pickup,on_time,-12.25
en route -> PICKUP,31908,2026-08-07,2026-08-07 19:52:09,4,pickup,on_time,2.86
en route -> PICKUP,31912,2026-08-14,2026-08-14 18:34:16,1,pickup,late,-0.2
en route -> PICKUP,31916,2026-08-08,2026-08-08 13:54:04,3,pickup,on_time,0.73
en route -> PICKUP,31917,2026-08-04,2026-08-04 12:24:26,5,pickup,on_time,2.75
en route -> PICKUP,31918,2026-08-04,2026-08-04 20:40:41,4,pickup,on_time,1.09
en route -> PICKUP,31926,2026-08-14,2026-08-14 12:50:48,2,pickup,watch,-0.35
en route -> PICKUP,31928,2026-08-04,2026-08-04 17:39:41,0,pickup,on_time,-2.28
en route -> PICKUP,31938,2026-08-14,2026-08-14 18:46:22,6,pickup,late,5.0
en route -> PICKUP,31941,2026-08-15,2026-08-15 15:25:51,2,pickup,watch,1.43
en route -> PICKUP,31943,2026-08-19,2026-08-19 21:12:00,5,pickup,watch,4.35
en route -> PICKUP,31953,2026-08-02,2026-08-02 08:07:59,2,pickup,on_time,0.85
en route -> PICKUP,31962,2026-08-19,2026-08-19 13:09:46,6,pickup,watch,-8.68
en route -> PICKUP,31962,2026-08-19,2026-08-19 13:21:52,7,pickup,at_risk,4.43
en route -> PICKUP,31977,2026-08-21,2026-08-21 18:21:59,21,pickup,on_time,-49.83
en route -> PICKUP,31977,2026-08-21,2026-08-21 19:31:14,6,pickup,at_risk,4.43
en route -> PICKUP,31996,2026-08-04,2026-08-04 12:52:14,2,pickup,watch,0.93
en route -> PICKUP,32010,2026-08-18,2026-08-18 12:53:38,8,pickup,late,6.55
en route -> PICKUP,32021,2026-08-04,2026-08-04 15:15:53,0,pickup,watch,-0.3
en route -> PICKUP,32026,2026-08-03,2026-08-03 14:26:14,9,pickup,watch,7.6
en route -> PICKUP,32050,2026-08-17,2026-08-17 16:56:56,0,pickup,on_time,-27.84
en route -> PICKUP,32050,2026-08-17,2026-08-17 17:12:03,9,pickup,at_risk,-3.71
en route -> PICKUP,32050,2026-08-17,2026-08-17 17:23:36,9,pickup,late,7.84
en route -> PICKUP,32052,2026-08-03,2026-08-03 14:08:05,5,pickup,at_risk,4.71
en route -> PICKUP,32053,2026-08-07,2026-08-07 07:46:29,3,pickup,on_time,0.28
en route -> PICKUP,32077,2026-08-20,2026-08-20 12:14:30,4,pickup,on_time,-7.22
en route -> PICKUP,32077,2026-08-20,2026-08-20 12:25:06,4,pickup,watch,3.4
en route -> PICKUP,32078,2026-08-20,2026-08-20 22:04:47,5,pickup,watch,4.64
en route -> PICKUP,32107,2026-08-13,2026-08-13 17:08:19,2,pickup,on_time,1.05
en route -> PICKUP,32120,2026-08-17,2026-08-17 19:13:39,1,pickup,on_time,0.99
en route -> PICKUP,32133,2026-08-13,2026-08-13 08:56:59,0,pickup,on_time,-2.25
en route -> PICKUP,32155,2026-08-16,2026-08-16 18:46:33,6,pickup,on_time,3.69
en route -> PICKUP,32160,2026-08-05,2026-08-05 18:36:39,6,pickup,watch,3.29
en route -> PICKUP,32161,2026-08-10,2026-08-10 13:22:58,1,pickup,late,-0.01
en route -> PICKUP,32162,2026-08-07,2026-08-07 18:43:15,6,pickup,watch,5.58
en route -> PICKUP,32198,2026-08-15,2026-08-15 22:44:30,10,pickup,watch,8.97
en route -> PICKUP,32200,2026-08-05,2026-08-05 15:38:37,6,pickup,at_risk,3.58
en route -> PICKUP,32218,2026-08-09,2026-08-09 22:25:16,5,pickup,at_risk,4.47
en route -> PICKUP,32219,2026-08-14,2026-08-14 11:16:58,4,pickup,watch,3.16
en route -> PICKUP,32227,2026-08-03,2026-08-03 16:47:28,6,pickup,watch,5.28
en route -> PICKUP,32235,2026-08-09,2026-08-09 07:43:35,6,pickup,on_time,4.94
en route -> PICKUP,32263,2026-08-19,2026-08-19 10:07:15,4,pickup,on_time,3.25
en route -> PICKUP,32267,2026-08-15,2026-08-15 12:40:23,6,pickup,on_time,3.09
en route -> PICKUP,32268,2026-08-18,2026-08-18 18:00:36,6,pickup,late,4.35
en route -> PICKUP,32286,2026-08-13,2026-08-13 13:15:11,2,pickup,late,0.63
en route -> PICKUP,32288,2026-08-03,2026-08-03 18:37:22,8,pickup,late,7.26
en route -> PICKUP,32295,2026-08-07,2026-08-07 16:28:29,2,pickup,late,0.75
en route -> PICKUP,32296,2026-08-10,2026-08-10 07:52:31,3,pickup,watch,1.07
en route -> PICKUP,32301,2026-08-05,2026-08-05 21:11:16,7,pickup,watch,5.0
en route -> PICKUP,32312,2026-08-21,2026-08-21 19:16:04,6,pickup,late,2.97
en route -> PICKUP,32314,2026-08-08,2026-08-08 12:35:20,7,pickup,watch,6.98
en route -> PICKUP,32315,2026-08-17,2026-08-17 10:17:53,1,pickup,on_time,0.83
en route -> PICKUP,32320,2026-08-09,2026-08-09 09:29:20,1,pickup,on_time,-0.94
en route -> PICKUP,32323,2026-08-04,2026-08-04 17:39:41,3,pickup,late,2.38
en route -> PICKUP,32325,2026-08-15,2026-08-15 13:16:48,7,pickup,at_risk,4.08
en route -> PICKUP,32332,2026-08-14,2026-08-14 16:49:29,1,pickup,watch,-0.19
en route -> PICKUP,32337,2026-08-10,2026-08-10 09:26:12,0,pickup,watch,-0.07
en route -> PICKUP,32346,2026-08-13,2026-08-13 22:42:37,3,pickup,on_time,0.15
en route -> PICKUP,32350,2026-08-12,2026-08-12 10:44:46,3,pickup,on_time,2.47
en route -> PICKUP,32351,2026-08-12,2026-08-12 20:54:31,6,pickup,late,4.42
en route -> PICKUP,32351,2026-08-12,2026-08-12 20:56:06,8,pickup,late,7.99
en route -> PICKUP,32377,2026-08-06,2026-08-06 19:22:15,7,pickup,late,5.86
en route -> PICKUP,32378,2026-08-10,2026-08-10 14:44:43,6,pickup,at_risk,4.04
en route -> PICKUP,32379,2026-08-14,2026-08-14 12:14:29,8,pickup,watch,5.28
en route -> PICKUP,32380,2026-08-06,2026-08-06 14:36:06,4,pickup,watch,-29.04
en route -> PICKUP,32392,2026-08-04,2026-08-04 13:30:41,5,pickup,on_time,-7.98
en route -> PICKUP,32392,2026-08-04,2026-08-04 13:42:45,6,pickup,watch,5.09
en route -> PICKUP,32393,2026-08-11,2026-08-11 16:27:23,1,pickup,on_time,-47.62
en route -> PICKUP,32393,2026-08-11,2026-08-11 17:06:44,18,pickup,late,8.73
en route -> PICKUP,32393,2026-08-11,2026-08-11 17:13:16,6,pickup,late,3.27
en route -> PICKUP,32400,2026-08-19,2026-08-19 09:06:50,0,pickup,on_time,-1.36
en route -> PICKUP,32405,2026-08-10,2026-08-10 17:35:18,1,pickup,watch,0.91
en route -> PICKUP,32428,2026-08-14,2026-08-14 13:45:37,7,pickup,on_time,-29.36
en route -> PICKUP,32428,2026-08-14,2026-08-14 14:21:12,9,pickup,late,8.22
en route -> PICKUP,32429,2026-08-06,2026-08-06 15:48:59,6,pickup,late,4.88
en route -> PICKUP,32430,2026-08-10,2026-08-10 13:03:33,51,pickup,late,49.69
en route -> PICKUP,32431,2026-08-04,2026-08-04 18:06:51,6,pickup,at_risk,3.06
en route -> PICKUP,32439,2026-08-17,2026-08-17 12:33:44,2,pickup,late,-0.73
en route -> PICKUP,32445,2026-08-20,2026-08-20 14:11:11,2,pickup,on_time,-0.36
en route -> PICKUP,32450,2026-08-10,2026-08-11 03:15:47,11,pickup,at_risk,9.86
en route -> PICKUP,32451,2026-08-05,2026-08-05 17:12:40,5,pickup,at_risk,3.98
en route -> PICKUP,32469,2026-08-15,2026-08-15 11:26:37,3,pickup,watch,2.76
en route -> PICKUP,32483,2026-08-19,2026-08-19 18:21:08,5,pickup,watch,3.97
en route -> PICKUP,32490,2026-08-14,2026-08-14 14:51:32,8,pickup,at_risk,6.73
en route -> PICKUP,32494,2026-08-19,2026-08-19 12:42:30,4,pickup,on_time,2.69
en route -> PICKUP,32501,2026-08-20,2026-08-20 16:28:23,3,pickup,on_time,-15.7
en route -> PICKUP,32501,2026-08-20,2026-08-20 16:46:32,3,pickup,on_time,2.44
en route -> PICKUP,32507,2026-08-13,2026-08-14 01:10:35,6,pickup,on_time,4.99
en route -> PICKUP,32508,2026-08-09,2026-08-09 16:46:55,6,pickup,watch,5.38
en route -> PICKUP,32515,2026-08-11,2026-08-11 23:40:35,6,pickup,late,3.49
en route -> PICKUP,32528,2026-08-11,2026-08-11 12:40:36,6,pickup,on_time,5.26
en route -> PICKUP,32597,2026-08-07,2026-08-07 15:20:19,57,next_pickup,late,55.22
en route -> PICKUP,32605,2026-08-11,2026-08-11 17:06:44,5,pickup,watch,2.11
en route -> PICKUP,32606,2026-08-15,2026-08-15 15:59:09,7,pickup,on_time,4.44
en route -> PICKUP,32607,2026-08-05,2026-08-05 12:05:02,7,pickup,late,4.67
en route -> PICKUP,32608,2026-08-08,2026-08-08 19:17:05,5,pickup,watch,3.35
en route -> PICKUP,32617,2026-08-07,2026-08-07 18:06:53,6,pickup,on_time,4.39
en route -> PICKUP,32632,2026-08-09,2026-08-09 10:44:58,14,pickup,watch,12.1
en route -> PICKUP,32646,2026-08-05,2026-08-06 01:15:02,5,pickup,at_risk,2.86
en route -> PICKUP,32650,2026-08-14,2026-08-14 07:27:50,0,pickup,watch,-0.03
en route -> PICKUP,32666,2026-08-19,2026-08-19 10:16:19,4,pickup,watch,3.71
en route -> PICKUP,32676,2026-08-20,2026-08-21 00:53:30,8,pickup,late,7.61
en route -> PICKUP,32687,2026-08-08,2026-08-08 13:08:36,1,pickup,on_time,-1.31
en route -> PICKUP,32715,2026-08-08,2026-08-08 18:53:12,7,pickup,late,5.16
en route -> PICKUP,32723,2026-08-05,2026-08-05 16:45:31,7,pickup,watch,6.09
en route -> PICKUP,32728,2026-08-14,2026-08-14 12:26:35,12,pickup,on_time,9.4
en route -> PICKUP,32744,2026-08-19,2026-08-19 14:40:38,6,pickup,late,4.93
en route -> PICKUP,32745,2026-08-14,2026-08-14 19:28:46,6,pickup,on_time,-1.71
en route -> PICKUP,32745,2026-08-14,2026-08-14 19:34:49,3,pickup,on_time,1.35
en route -> PICKUP,32765,2026-08-15,2026-08-15 17:59:40,6,pickup,at_risk,3.97
en route -> PICKUP,32767,2026-08-11,2026-08-11 16:27:23,6,pickup,on_time,4.22
en route -> PICKUP,32771,2026-08-17,2026-08-17 14:44:22,4,pickup,on_time,1.77
en route -> PICKUP,32774,2026-08-17,2026-08-17 13:46:26,7,pickup,late,-4.11
en route -> PICKUP,32774,2026-08-17,2026-08-17 13:55:30,7,pickup,late,4.96
en route -> PICKUP,32781,2026-08-07,2026-08-07 08:25:45,7,pickup,watch,5.58
en route -> PICKUP,32796,2026-08-21,2026-08-21 13:26:30,4,pickup,at_risk,2.59
en route -> PICKUP,32813,2026-08-19,2026-08-19 13:40:02,5,pickup,watch,3.82
en route -> PICKUP,32838,2026-08-07,2026-08-07 13:11:26,29,pickup,late,27.89
en route -> PICKUP,32862,2026-08-16,2026-08-16 20:54:08,13,pickup,on_time,-5.22
en route -> PICKUP,32862,2026-08-16,2026-08-16 21:12:16,4,pickup,watch,3.91
en route -> PICKUP,32863,2026-08-21,2026-08-21 11:22:25,8,pickup,on_time,7.95
en route -> PICKUP,32864,2026-08-05,2026-08-06 02:06:23,9,pickup,late,8.31
en route -> PICKUP,32874,2026-08-06,2026-08-07 02:57:22,2,pickup,watch,1.35
en route -> PICKUP,32886,2026-08-14,2026-08-14 17:57:53,6,pickup,at_risk,4.71
en route -> PICKUP,32890,2026-08-09,2026-08-09 19:03:11,1,pickup,watch,-0.88
en route -> PICKUP,32900,2026-08-09,2026-08-09 13:42:02,6,pickup,watch,4.76
en route -> PICKUP,32901,2026-08-14,2026-08-14 16:25:16,31,pickup,late,28.47
en route -> PICKUP,32926,2026-08-13,2026-08-13 15:31:21,8,pickup,on_time,6.16
en route -> PICKUP,32928,2026-08-06,2026-08-06 21:05:57,1,pickup,late,0.85
en route -> PICKUP,32930,2026-08-15,2026-08-15 16:50:03,2,pickup,watch,1.0
en route -> PICKUP,32934,2026-08-05,2026-08-05 22:25:51,25,pickup,late,22.53
en route -> PICKUP,32940,2026-08-13,2026-08-13 18:00:29,2,pickup,late,0.96
en route -> PICKUP,32951,2026-08-19,2026-08-19 14:01:15,5,pickup,late,4.73
en route -> PICKUP,32962,2026-08-09,2026-08-09 20:33:54,29,pickup,late,28.16
en route -> PICKUP,32977,2026-08-10,2026-08-10 23:04:48,1,pickup,watch,0.57
en route -> PICKUP,32978,2026-08-15,2026-08-15 16:25:51,2,pickup,on_time,-0.63
en route -> PICKUP,32989,2026-08-10,2026-08-10 11:15:20,0,pickup,on_time,-1.8
en route -> PICKUP,33009,2026-08-19,2026-08-19 09:31:01,2,pickup,on_time,1.45
en route -> PICKUP,33017,2026-08-21,2026-08-21 13:56:45,6,pickup,late,-11.23
en route -> PICKUP,33021,2026-08-11,2026-08-11 15:02:26,5,pickup,late,4.65
en route -> PICKUP,33022,2026-08-14,2026-08-14 19:31:48,5,pickup,watch,4.58
en route -> PICKUP,33033,2026-08-10,2026-08-10 18:18:37,11,next_pickup,on_time,9.62
en route -> PICKUP,33034,2026-08-16,2026-08-16 13:00:41,1,pickup,late,-0.68
en route -> PICKUP,33039,2026-08-07,2026-08-07 17:26:06,6,pickup,at_risk,3.45
en route -> PICKUP,33047,2026-08-11,2026-08-11 19:43:53,6,pickup,watch,3.79
en route -> PICKUP,33061,2026-08-07,2026-08-07 15:38:32,18,pickup,on_time,-9.7
en route -> PICKUP,33061,2026-08-07,2026-08-07 16:05:52,7,pickup,on_time,6.63
en route -> PICKUP,33080,2026-08-15,2026-08-15 19:09:48,0,pickup,on_time,-2.44
en route -> PICKUP,33122,2026-08-11,2026-08-11 18:04:02,4,pickup,at_risk,3.92
en route -> PICKUP,33123,2026-08-18,2026-08-18 14:10:45,24,pickup,on_time,-15.07
en route -> PICKUP,33123,2026-08-18,2026-08-18 14:47:04,10,pickup,watch,7.25
en route -> PICKUP,33138,2026-08-14,2026-08-14 15:40:06,13,pickup,watch,10.87
en route -> PICKUP,33144,2026-08-20,2026-08-20 16:55:36,6,pickup,on_time,3.39
en route -> PICKUP,33164,2026-08-07,2026-08-07 15:53:43,1,pickup,on_time,0.49
en route -> PICKUP,33230,2026-08-08,2026-08-08 08:56:03,9,pickup,at_risk,7.41
en route -> PICKUP,33240,2026-08-20,2026-08-20 12:37:14,2,pickup,on_time,-0.31
en route -> PICKUP,33241,2026-08-15,2026-08-15 13:53:01,2,pickup,on_time,1.37
en route -> PICKUP,33247,2026-08-16,2026-08-16 13:33:53,21,next_pickup,on_time,4.09
en route -> PICKUP,33247,2026-08-16,2026-08-16 13:49:00,1,pickup,on_time,-0.79
en route -> PICKUP,33251,2026-08-10,2026-08-10 17:54:22,7,pickup,at_risk,4.28
en route -> PICKUP,33252,2026-08-13,2026-08-13 11:30:59,5,pickup,on_time,4.99
en route -> PICKUP,33259,2026-08-21,2026-08-21 16:27:00,0,pickup,on_time,-0.85
en route -> PICKUP,33260,2026-08-17,2026-08-17 18:58:31,4,pickup,on_time,-22.12
en route -> PICKUP,33260,2026-08-17,2026-08-17 19:22:44,7,pickup,watch,5.09
en route -> PICKUP,33279,2026-08-17,2026-08-17 14:50:25,1,pickup,watch,-0.56
en route -> PICKUP,33281,2026-08-21,2026-08-21 10:07:30,4,pickup,on_time,3.81
en route -> PICKUP,33312,2026-08-08,2026-08-08 21:57:54,6,pickup,late,5.79
en route -> PICKUP,33313,2026-08-14,2026-08-14 12:50:48,7,pickup,watch,5.49
en route -> PICKUP,33326,2026-08-13,2026-08-14 01:18:00,6,pickup,late,5.53
en route -> PICKUP,33343,2026-08-13,2026-08-13 08:53:58,7,pickup,at_risk,5.35
en route -> PICKUP,33352,2026-08-13,2026-08-13 16:10:42,18,pickup,on_time,-43.53
en route -> PICKUP,33352,2026-08-13,2026-08-13 17:11:21,19,pickup,late,18.12
en route -> PICKUP,33354,2026-08-11,2026-08-11 15:29:52,7,pickup,late,3.99
en route -> PICKUP,33356,2026-08-17,2026-08-17 21:37:19,6,pickup,on_time,5.21
en route -> PICKUP,33364,2026-08-16,2026-08-16 14:37:24,2,pickup,on_time,-0.82
en route -> PICKUP,33373,2026-08-08,2026-08-08 20:54:33,37,pickup,late,36.61
en route -> PICKUP,33410,2026-08-09,2026-08-09 16:59:53,6,pickup,on_time,5.92
en route -> PICKUP,33411,2026-08-16,2026-08-16 13:52:02,8,pickup,at_risk,7.32
en route -> PICKUP,33413,2026-08-11,2026-08-11 14:04:55,7,pickup,on_time,4.86
en route -> PICKUP,33421,2026-08-09,2026-08-09 12:01:07,4,pickup,watch,1.47
en route -> PICKUP,33445,2026-08-11,2026-08-11 21:37:44,12,pickup,watch,11.97
en route -> PICKUP,33451,2026-08-10,2026-08-10 22:05:32,8,pickup,late,7.8
en route -> PICKUP,33452,2026-08-13,2026-08-13 11:53:25,3,pickup,watch,0.54
en route -> PICKUP,33465,2026-08-13,2026-08-13 12:05:31,7,pickup,on_time,-2.57
en route -> PICKUP,33465,2026-08-13,2026-08-13 12:14:35,8,pickup,watch,7.5
en route -> PICKUP,33466,2026-08-17,2026-08-17 07:04:29,32,pickup,on_time,-50.38
en route -> PICKUP,33466,2026-08-17,2026-08-17 07:58:51,32,pickup,at_risk,3.97
en route -> PICKUP,33466,2026-08-17,2026-08-17 08:26:02,4,pickup,at_risk,3.16
en route -> PICKUP,33469,2026-08-13,2026-08-13 12:05:31,12,pickup,watch,6.48
en route -> PICKUP,33469,2026-08-13,2026-08-13 12:08:32,11,pickup,watch,8.5
en route -> PICKUP,33478,2026-08-19,2026-08-19 11:56:00,1,pickup,watch,-1.22
en route -> PICKUP,33480,2026-08-20,2026-08-20 11:00:04,0,pickup,watch,-0.12
en route -> PICKUP,33493,2026-08-17,2026-08-17 21:40:20,3,pickup,on_time,0.69
en route -> PICKUP,33518,2026-08-14,2026-08-14 07:27:50,5,pickup,on_time,2.35
en route -> PICKUP,33536,2026-08-17,2026-08-17 13:43:24,2,pickup,on_time,1.27
en route -> PICKUP,33542,2026-08-09,2026-08-09 14:57:42,5,pickup,on_time,-6.84
en route -> PICKUP,33542,2026-08-09,2026-08-09 15:00:43,5,pickup,watch,-3.81
en route -> PICKUP,33542,2026-08-09,2026-08-09 15:06:47,6,pickup,watch,3.24
en route -> PICKUP,33546,2026-08-12,2026-08-12 15:03:44,5,pickup,watch,-7.63
en route -> PICKUP,33546,2026-08-12,2026-08-12 15:15:49,7,pickup,late,6.46
en route -> PICKUP,33558,2026-08-12,2026-08-12 16:11:22,6,pickup,on_time,5.48
en route -> PICKUP,33559,2026-08-21,2026-08-21 08:00:37,8,pickup,on_time,6.85
en route -> PICKUP,33573,2026-08-16,2026-08-16 22:09:45,3,pickup,on_time,-9.95
en route -> PICKUP,33573,2026-08-16,2026-08-16 22:20:14,6,pickup,watch,3.54
en route -> PICKUP,33588,2026-08-17,2026-08-17 12:12:47,9,pickup,watch,8.82
en route -> PICKUP,33589,2026-08-21,2026-08-21 19:52:25,26,pickup,at_risk,16.39
en route -> PICKUP,33589,2026-08-21,2026-08-21 20:01:31,8,pickup,late,7.48
en route -> PICKUP,33595,2026-08-17,2026-08-17 18:06:00,8,pickup,on_time,7.75
en route -> PICKUP,33596,2026-08-21,2026-08-21 19:55:27,9,pickup,late,6.48
en route -> PICKUP,33605,2026-08-16,2026-08-16 20:23:54,4,pickup,on_time,1.5
en route -> PICKUP,33623,2026-08-10,2026-08-10 12:52:11,8,pickup,at_risk,7.92
en route -> PICKUP,33640,2026-08-18,2026-08-18 20:53:55,11,pickup,late,10.99
en route -> PICKUP,33655,2026-08-21,2026-08-21 14:25:11,9,pickup,at_risk,8.18
en route -> PICKUP,33741,2026-08-19,2026-08-19 12:35:24,14,pickup,on_time,10.11
en route -> PICKUP,33742,2026-08-20,2026-08-20 09:20:28,6,pickup,on_time,4.62
en route -> PICKUP,33746,2026-08-10,2026-08-10 18:45:51,6,pickup,on_time,4.45
en route -> PICKUP,33747,2026-08-14,2026-08-14 06:33:27,4,pickup,watch,2.42
en route -> PICKUP,33755,2026-08-17,2026-08-17 08:32:05,1,pickup,on_time,0.79
en route -> PICKUP,33773,2026-08-18,2026-08-18 15:17:19,15,pickup,late,-2.04
en route -> PICKUP,33773,2026-08-18,2026-08-18 15:32:27,6,pickup,late,4.1
en route -> PICKUP,33784,2026-08-19,2026-08-19 13:21:52,6,pickup,late,5.96
en route -> PICKUP,33845,2026-08-21,2026-08-21 14:43:23,9,pickup,watch,7.5
en route -> PICKUP,33895,2026-08-21,2026-08-21 12:04:46,7,pickup,on_time,4.13
en route -> PICKUP,33915,2026-08-21,2026-08-21 13:53:43,6,pickup,late,4.04
en route -> PICKUP,33924,2026-08-19,2026-08-19 15:43:11,8,pickup,on_time,-2.69
en route -> PICKUP,33924,2026-08-19,2026-08-19 15:52:17,4,pickup,on_time,2.41
en route -> PICKUP,33936,2026-08-16,2026-08-16 20:42:04,9,pickup,watch,7.39
en route -> PICKUP,33958,2026-08-16,2026-08-16 10:58:45,0,pickup,watch,-0.07
en route -> PICKUP,33968,2026-08-13,2026-08-13 17:48:20,10,pickup,on_time,7.6
en route -> PICKUP,33969,2026-08-17,2026-08-17 11:15:19,2,pickup,on_time,1.51
en route -> PICKUP,33972,2026-08-13,2026-08-13 15:20:13,3,pickup,on_time,2.82
en route -> PICKUP,33974,2026-08-21,2026-08-21 16:42:10,2,pickup,late,-0.46
en route -> PICKUP,34075,2026-08-16,2026-08-16 15:08:10,14,pickup,on_time,-30.89
en route -> PICKUP,34075,2026-08-16,2026-08-16 15:20:16,14,pickup,on_time,-18.79
en route -> PICKUP,34075,2026-08-16,2026-08-16 15:44:28,2,pickup,on_time,-6.58
en route -> PICKUP,34075,2026-08-16,2026-08-16 15:50:31,4,pickup,watch,1.47
en route -> PICKUP,34101,2026-08-21,2026-08-21 12:22:55,7,pickup,watch,5.1
en route -> PICKUP,34106,2026-08-13,2026-08-13 15:52:32,0,pickup,on_time,-0.29
en route -> PICKUP,34111,2026-08-20,2026-08-20 18:49:25,6,pickup,watch,4.32
en route -> PICKUP,34135,2026-08-16,2026-08-16 15:20:16,5,pickup,watch,3.64
en route -> PICKUP,34188,2026-08-21,2026-08-21 14:34:17,1,pickup,on_time,-0.44
en route -> PICKUP,34213,2026-08-18,2026-08-18 09:56:41,10,pickup,watch,-7.59
en route -> PICKUP,34213,2026-08-18,2026-08-18 10:11:47,2,pickup,watch,-0.49
en route -> PICKUP,34214,2026-08-17,2026-08-18 01:52:19,7,pickup,late,6.87
en route -> PICKUP,34223,2026-08-16,2026-08-16 09:22:03,0,pickup,on_time,-2.11
en route -> PICKUP,34235,2026-08-14,2026-08-14 17:44:00,5,pickup,on_time,-28.23
en route -> PICKUP,34235,2026-08-14,2026-08-14 18:16:06,3,pickup,watch,1.87
en route -> PICKUP,34251,2026-08-17,2026-08-17 18:06:00,4,pickup,watch,1.22
en route -> PICKUP,34253,2026-08-16,2026-08-16 17:40:27,3,pickup,on_time,2.77
en route -> PICKUP,34281,2026-08-13,2026-08-13 13:24:17,3,pickup,on_time,1.63
en route -> PICKUP,34321,2026-08-20,2026-08-20 11:23:08,3,pickup,on_time,-6.93
en route -> PICKUP,34321,2026-08-20,2026-08-20 11:32:11,3,pickup,on_time,2.13
en route -> PICKUP,34349,2026-08-14,2026-08-14 15:43:08,3,pickup,on_time,1.93
en route -> PICKUP,34370,2026-08-16,2026-08-16 22:23:15,0,pickup,watch,-0.43
en route -> PICKUP,34381,2026-08-13,2026-08-14 02:27:27,95,pickup,late,92.67
en route -> PICKUP,34390,2026-08-15,2026-08-15 18:33:27,17,next_pickup,late,5.74
en route -> PICKUP,34390,2026-08-15,2026-08-15 18:42:32,6,pickup,late,3.83
en route -> PICKUP,34465,2026-08-18,2026-08-18 13:30:00,5,pickup,watch,3.33
en route -> PICKUP,34466,2026-08-21,2026-08-21 16:45:11,4,pickup,on_time,2.78
en route -> PICKUP,34509,2026-08-17,2026-08-17 16:32:41,6,pickup,on_time,-61.0
en route -> PICKUP,34509,2026-08-17,2026-08-17 16:35:43,6,pickup,on_time,-57.97
en route -> PICKUP,34509,2026-08-17,2026-08-17 17:38:45,17,pickup,late,16.07
en route -> PICKUP,34562,2026-08-14,2026-08-14 16:55:32,2,pickup,watch,1.44
en route -> PICKUP,34586,2026-08-20,2026-08-20 15:30:18,14,pickup,on_time,-151.51
en route -> PICKUP,34586,2026-08-20,2026-08-20 15:55:08,15,pickup,on_time,-125.68
en route -> PICKUP,34586,2026-08-20,2026-08-20 16:28:23,15,pickup,on_time,-92.43
en route -> PICKUP,34586,2026-08-20,2026-08-20 17:21:41,7,pickup,late,-47.14
en route -> PICKUP,34602,2026-08-17,2026-08-17 21:13:56,7,pickup,late,5.4
en route -> PICKUP,34632,2026-08-16,2026-08-16 10:22:29,16,pickup,on_time,-8.0
en route -> PICKUP,34632,2026-08-16,2026-08-16 10:43:40,1,pickup,on_time,-1.83
en route -> PICKUP,34633,2026-08-21,2026-08-21 21:11:06,34,pickup,late,33.12
en route -> PICKUP,34643,2026-08-21,2026-08-21 12:01:45,6,pickup,at_risk,5.03
en route -> PICKUP,34686,2026-08-18,2026-08-18 09:56:41,19,pickup,on_time,-154.11
en route -> PICKUP,34686,2026-08-18,2026-08-18 11:30:22,19,pickup,on_time,-60.43
en route -> PICKUP,34686,2026-08-18,2026-08-18 11:52:04,19,pickup,on_time,-38.72
en route -> PICKUP,34686,2026-08-18,2026-08-18 12:04:09,19,pickup,on_time,-26.64
en route -> PICKUP,34686,2026-08-18,2026-08-18 12:47:34,5,pickup,watch,2.77
en route -> PICKUP,34703,2026-08-17,2026-08-17 22:49:52,7,pickup,late,-20.94
en route -> PICKUP,34703,2026-08-17,2026-08-17 23:15:46,7,pickup,late,4.95
en route -> PICKUP,34708,2026-08-20,2026-08-20 22:20:02,4,pickup,watch,2.98
en route -> PICKUP,34741,2026-08-17,2026-08-17 13:31:16,4,pickup,watch,3.67
en route -> PICKUP,34751,2026-08-15,2026-08-16 02:14:18,5,pickup,watch,4.12
en route -> PICKUP,34752,2026-08-19,2026-08-19 11:37:52,1,pickup,on_time,-0.84
en route -> PICKUP,34825,2026-08-15,2026-08-15 17:17:19,5,pickup,watch,2.1
en route -> PICKUP,34855,2026-08-18,2026-08-18 16:11:05,12,next_pickup,watch,-12.82
en route -> PICKUP,34855,2026-08-18,2026-08-18 16:35:20,8,pickup,late,7.42
en route -> PICKUP,34864,2026-08-21,2026-08-21 15:01:45,7,pickup,watch,4.74
en route -> PICKUP,34868,2026-08-18,2026-08-18 20:17:36,9,pickup,on_time,-13.57
en route -> PICKUP,34868,2026-08-18,2026-08-18 20:38:47,9,pickup,on_time,7.61
en route -> PICKUP,34920,2026-08-21,2026-08-21 19:52:25,12,pickup,on_time,-10.98
en route -> PICKUP,34920,2026-08-21,2026-08-21 20:13:37,5,pickup,on_time,3.23
en route -> PICKUP,34953,2026-08-17,2026-08-17 20:35:18,6,pickup,at_risk,5.41
en route -> PICKUP,35044,2026-08-17,2026-08-17 20:29:15,2,pickup,at_risk,0.43
en route -> PICKUP,35157,2026-08-17,2026-08-17 13:16:06,6,pickup,watch,5.09
en route -> PICKUP,35201,2026-08-18,2026-08-18 12:38:27,0,pickup,on_time,-0.03
en route -> PICKUP,35313,2026-08-21,2026-08-21 17:09:24,6,pickup,late,3.29
en route -> PICKUP,35470,2026-08-19,2026-08-19 19:09:43,4,pickup,on_time,1.93
en route -> PICKUP,35481,2026-08-20,2026-08-20 12:14:30,9,pickup,on_time,-9.47
en route -> PICKUP,35481,2026-08-20,2026-08-20 12:31:11,7,pickup,on_time,5.22
en route -> PICKUP,35490,2026-08-20,2026-08-20 11:23:08,9,pickup,on_time,-39.96
en route -> PICKUP,35490,2026-08-20,2026-08-20 12:11:28,7,pickup,on_time,6.38
en route -> PICKUP,35498,2026-08-19,2026-08-19 15:09:52,5,pickup,late,4.1
en route -> PICKUP,35687,2026-08-20,2026-08-20 16:04:14,7,pickup,on_time,6.63
en route -> PICKUP,35695,2026-08-21,2026-08-21 15:13:53,2,pickup,late,-0.39
en route -> PICKUP,35819,2026-08-21,2026-08-21 08:42:55,1,pickup,watch,-0.91
en route -> PICKUP,35829,2026-08-20,2026-08-20 16:37:27,0,pickup,late,-0.37
en route -> PICKUP,35858,2026-08-21,2026-08-21 14:52:38,61,pickup,on_time,-128.54
en route -> PICKUP,35858,2026-08-21,2026-08-21 15:23:20,24,pickup,on_time,-134.84
en route -> PICKUP,35858,2026-08-21,2026-08-21 16:45:11,10,pickup,on_time,-67.0
en route -> PICKUP,35858,2026-08-21,2026-08-21 18:00:51,4,pickup,on_time,2.68
en route -> PICKUP,35866,2026-08-21,2026-08-21 18:12:54,14,pickup,late,11.64
en route -> PICKUP,35907,2026-08-20,2026-08-21 03:57:04,6,pickup,late,-33.32
en route -> PICKUP,35977,2026-08-21,2026-08-21 17:57:48,6,pickup,watch,3.75
en route -> PICKUP,35984,2026-08-21,2026-08-21 15:13:53,6,pickup,on_time,4.61
en route -> PICKUP,36008,2026-08-21,2026-08-21 08:24:48,6,pickup,at_risk,4.04
en route -> PICKUP,36025,2026-08-21,2026-08-21 14:00:55,6,pickup,late,3.43
en route -> PICKUP,36083,2026-08-21,2026-08-21 19:52:25,3,pickup,watch,1.54
en route -> PICKUP,36102,2026-08-21,2026-08-21 19:40:18,4,pickup,on_time,-4.52
en route -> PICKUP,36102,2026-08-21,2026-08-21 19:46:22,1,pickup,on_time,-1.46
en route -> PICKUP,36108,2026-08-21,2026-08-21 14:37:20,6,pickup,on_time,4.15
en route -> PICKUP,36194,2026-08-21,2026-08-21 18:09:53,6,pickup,watch,4.03
en route -> PICKUP,36195,2026-08-21,2026-08-21 19:13:03,7,pickup,watch,6.88
on trip -> DROPOFF,3924,2026-06-15,2026-06-15 13:50:59,0,dropoff,,-2.81
on trip -> DROPOFF,3925,2026-06-20,2026-06-20 13:56:39,0,dropoff,,-0.92
on trip -> DROPOFF,4766,2026-07-18,2026-07-19 02:02:31,3,dropoff,,0.8
on trip -> DROPOFF,4767,2026-07-23,2026-07-23 14:41:46,9,dropoff,,6.88
on trip -> DROPOFF,5336,2026-06-18,2026-06-18 10:14:35,0,dropoff,,-0.81
on trip -> DROPOFF,6165,2026-06-17,2026-06-18 01:12:19,2,dropoff,,-0.86
on trip -> DROPOFF,6396,2026-06-13,2026-06-13 17:52:02,0,dropoff,,-2.55
on trip -> DROPOFF,6423,2026-06-08,2026-06-08 13:57:18,7,dropoff,,4.14
on trip -> DROPOFF,6687,2026-07-02,2026-07-02 08:21:06,9,dropoff,,8.86
on trip -> DROPOFF,6688,2026-07-03,2026-07-03 11:36:25,5,dropoff,,3.94
on trip -> DROPOFF,6751,2026-07-27,2026-07-27 21:35:55,3,dropoff,,1.63
on trip -> DROPOFF,6967,2026-06-14,2026-06-14 19:47:53,0,dropoff,,-1.86
on trip -> DROPOFF,7122,2026-06-22,2026-06-22 19:26:34,2,dropoff,,-0.1
on trip -> DROPOFF,7123,2026-06-28,2026-06-28 23:28:54,6,dropoff,,4.5
on trip -> DROPOFF,7138,2026-08-16,2026-08-16 15:50:31,1,dropoff,,-1.0
on trip -> DROPOFF,7232,2026-07-24,2026-07-24 21:33:43,7,dropoff,,4.15
on trip -> DROPOFF,7354,2026-06-09,2026-06-09 20:19:59,3,dropoff,,0.27
on trip -> DROPOFF,7394,2026-08-16,2026-08-16 17:28:21,6,dropoff,,4.36
on trip -> DROPOFF,7995,2026-07-08,2026-07-08 16:21:20,1,dropoff,,0.52
on trip -> DROPOFF,7996,2026-07-12,2026-07-12 21:41:05,11,dropoff,,8.0
on trip -> DROPOFF,8520,2026-08-21,2026-08-21 14:19:06,4,dropoff,,1.63
on trip -> DROPOFF,8694,2026-07-18,2026-07-18 09:44:15,7,dropoff,,6.08
on trip -> DROPOFF,8705,2026-07-25,2026-07-25 13:01:42,8,dropoff,,5.26
on trip -> DROPOFF,8885,2026-07-07,2026-07-07 20:21:33,3,dropoff,,0.15
on trip -> DROPOFF,8965,2026-07-08,2026-07-08 13:22:58,6,dropoff,,4.69
on trip -> DROPOFF,9030,2026-06-14,2026-06-14 18:05:00,1,dropoff,,-0.71
on trip -> DROPOFF,9137,2026-06-14,2026-06-14 10:34:02,5,dropoff,,3.37
on trip -> DROPOFF,9143,2026-08-02,2026-08-02 13:34:15,8,dropoff,,5.87
on trip -> DROPOFF,9388,2026-06-11,2026-06-11 18:38:01,2,dropoff,,-0.87
on trip -> DROPOFF,9389,2026-06-20,2026-06-20 13:56:39,12,dropoff,,11.68
on trip -> DROPOFF,9548,2026-06-25,2026-06-25 18:04:59,3,dropoff,,1.26
on trip -> DROPOFF,9549,2026-07-03,2026-07-03 15:23:06,8,dropoff,,6.93
on trip -> DROPOFF,9613,2026-06-24,2026-06-24 20:38:10,0,dropoff,,-0.69
on trip -> DROPOFF,9614,2026-06-28,2026-06-28 09:53:39,7,dropoff,,5.74
on trip -> DROPOFF,9619,2026-07-09,2026-07-09 14:31:23,7,dropoff,,6.79
on trip -> DROPOFF,9620,2026-07-15,2026-07-15 18:29:21,4,dropoff,,1.9
on trip -> DROPOFF,9627,2026-06-29,2026-06-29 17:59:00,4,dropoff,,3.71
on trip -> DROPOFF,9700,2026-06-23,2026-06-23 19:24:31,1,dropoff,,-1.95
on trip -> DROPOFF,9884,2026-07-08,2026-07-09 01:27:47,1,dropoff,,-0.7
on trip -> DROPOFF,9885,2026-07-14,2026-07-14 17:27:27,7,dropoff,,5.62
on trip -> DROPOFF,9912,2026-06-10,2026-06-10 12:44:23,7,dropoff,,4.48
on trip -> DROPOFF,10082,2026-07-10,2026-07-10 17:37:58,7,dropoff,,5.72
on trip -> DROPOFF,10316,2026-06-16,2026-06-16 15:37:02,6,dropoff,,3.88
on trip -> DROPOFF,10327,2026-06-11,2026-06-11 13:53:12,6,dropoff,,5.89
on trip -> DROPOFF,10330,2026-06-12,2026-06-12 13:57:54,8,dropoff,,6.31
on trip -> DROPOFF,10383,2026-06-20,2026-06-20 09:27:57,6,dropoff,,3.58
on trip -> DROPOFF,10447,2026-07-27,2026-07-27 14:54:05,1,dropoff,,0.7
on trip -> DROPOFF,10532,2026-07-10,2026-07-10 21:42:23,10,dropoff,,8.63
on trip -> DROPOFF,10694,2026-07-06,2026-07-06 22:17:54,34,dropoff,,-11.06
on trip -> DROPOFF,10694,2026-07-06,2026-07-06 23:00:05,5,dropoff,,2.13
on trip -> DROPOFF,10695,2026-07-12,2026-07-12 14:20:03,1,dropoff,,-1.72
on trip -> DROPOFF,10743,2026-08-01,2026-08-01 19:20:50,4,dropoff,,2.31
on trip -> DROPOFF,10811,2026-08-01,2026-08-01 17:35:17,8,dropoff,,6.49
on trip -> DROPOFF,10879,2026-06-08,2026-06-09 01:56:01,25,dropoff,,24.79
on trip -> DROPOFF,11122,2026-08-14,2026-08-15 02:08:42,2,dropoff,,1.03
on trip -> DROPOFF,11195,2026-06-09,2026-06-09 16:48:39,0,dropoff,,-2.55
on trip -> DROPOFF,11196,2026-06-16,2026-06-16 19:54:56,5,dropoff,,3.68
on trip -> DROPOFF,11370,2026-07-16,2026-07-16 12:15:52,7,dropoff,,6.79
on trip -> DROPOFF,11555,2026-06-16,2026-06-16 14:30:35,0,dropoff,,-0.21
on trip -> DROPOFF,11660,2026-07-05,2026-07-05 15:43:55,3,dropoff,,0.28
on trip -> DROPOFF,11663,2026-06-27,2026-06-27 13:19:59,6,dropoff,,3.4
on trip -> DROPOFF,11668,2026-06-16,2026-06-16 14:51:45,2,dropoff,,0.93
on trip -> DROPOFF,11688,2026-06-14,2026-06-14 14:08:57,1,dropoff,,-1.47
on trip -> DROPOFF,11689,2026-06-19,2026-06-19 21:15:46,0,dropoff,,-3.03
on trip -> DROPOFF,11695,2026-06-18,2026-06-18 14:40:09,9,dropoff,,8.84
on trip -> DROPOFF,11696,2026-06-25,2026-06-25 21:03:46,8,dropoff,,6.8
on trip -> DROPOFF,11728,2026-07-29,2026-07-29 21:38:13,4,dropoff,,3.12
on trip -> DROPOFF,11814,2026-07-11,2026-07-11 13:02:02,6,dropoff,,4.83
on trip -> DROPOFF,11956,2026-06-14,2026-06-14 14:15:00,1,dropoff,,-1.78
on trip -> DROPOFF,11985,2026-07-03,2026-07-03 18:00:23,1,dropoff,,-1.26
on trip -> DROPOFF,11986,2026-07-08,2026-07-08 14:47:37,9,dropoff,,8.39
on trip -> DROPOFF,12023,2026-07-03,2026-07-03 15:56:24,4,dropoff,,2.41
on trip -> DROPOFF,12109,2026-07-24,2026-07-25 02:25:25,6,dropoff,,3.5
on trip -> DROPOFF,12163,2026-08-03,2026-08-03 13:33:22,1,dropoff,,-1.18
on trip -> DROPOFF,12224,2026-08-21,2026-08-21 20:46:54,2,dropoff,,1.31
on trip -> DROPOFF,12236,2026-06-28,2026-06-28 17:59:58,4,dropoff,,1.27
on trip -> DROPOFF,12237,2026-07-04,2026-07-04 19:41:18,2,dropoff,,0.54
on trip -> DROPOFF,12354,2026-06-20,2026-06-20 12:47:10,3,dropoff,,1.2
on trip -> DROPOFF,12355,2026-06-27,2026-06-27 10:42:57,5,dropoff,,3.47
on trip -> DROPOFF,12374,2026-07-06,2026-07-06 20:29:23,12,dropoff,,9.73
on trip -> DROPOFF,12401,2026-06-29,2026-06-29 19:02:31,7,dropoff,,4.33
on trip -> DROPOFF,12402,2026-07-04,2026-07-04 12:29:27,6,dropoff,,5.16
on trip -> DROPOFF,12647,2026-08-18,2026-08-19 03:01:56,1,dropoff,,0.53
on trip -> DROPOFF,12674,2026-06-13,2026-06-13 12:19:06,6,dropoff,,3.89
on trip -> DROPOFF,12744,2026-06-20,2026-06-20 18:04:25,9,dropoff,,8.76
on trip -> DROPOFF,12748,2026-06-20,2026-06-20 11:01:29,6,dropoff,,5.86
on trip -> DROPOFF,12823,2026-06-15,2026-06-15 14:00:04,2,dropoff,,1.93
on trip -> DROPOFF,12824,2026-06-22,2026-06-22 12:16:29,4,dropoff,,0.98
on trip -> DROPOFF,12834,2026-07-25,2026-07-25 12:05:33,9,dropoff,,7.54
on trip -> DROPOFF,12961,2026-07-06,2026-07-06 13:26:25,0,dropoff,,-0.14
on trip -> DROPOFF,12971,2026-06-12,2026-06-12 19:04:06,5,dropoff,,4.83
on trip -> DROPOFF,13002,2026-06-10,2026-06-10 15:03:42,6,dropoff,,5.7
on trip -> DROPOFF,13029,2026-07-22,2026-07-22 17:57:43,4,dropoff,,1.8
on trip -> DROPOFF,13045,2026-06-19,2026-06-19 10:35:09,8,dropoff,,7.11
on trip -> DROPOFF,13079,2026-07-02,2026-07-02 21:15:09,5,dropoff,,2.0
on trip -> DROPOFF,13080,2026-07-08,2026-07-08 13:53:13,6,dropoff,,3.37
on trip -> DROPOFF,13112,2026-06-26,2026-06-27 02:46:55,3,dropoff,,0.35
on trip -> DROPOFF,13162,2026-06-12,2026-06-12 19:40:25,8,dropoff,,6.03
on trip -> DROPOFF,13206,2026-06-11,2026-06-11 08:36:15,6,dropoff,,5.23
on trip -> DROPOFF,13251,2026-06-16,2026-06-16 15:12:52,9,dropoff,,7.21
on trip -> DROPOFF,13255,2026-06-12,2026-06-12 17:48:24,2,dropoff,,-0.12
on trip -> DROPOFF,13256,2026-06-14,2026-06-14 14:57:23,4,dropoff,,1.28
on trip -> DROPOFF,13300,2026-06-13,2026-06-13 13:40:54,2,dropoff,,-1.01
on trip -> DROPOFF,13304,2026-06-27,2026-06-27 09:00:23,7,dropoff,,6.6
on trip -> DROPOFF,13423,2026-07-16,2026-07-16 20:24:49,7,dropoff,,5.38
on trip -> DROPOFF,13586,2026-08-17,2026-08-17 11:42:32,4,dropoff,,2.21
on trip -> DROPOFF,13683,2026-08-21,2026-08-21 18:37:06,8,dropoff,,6.55
on trip -> DROPOFF,13731,2026-06-27,2026-06-27 17:30:43,3,dropoff,,0.44
on trip -> DROPOFF,13823,2026-07-22,2026-07-22 13:42:53,7,dropoff,,6.35
on trip -> DROPOFF,13919,2026-07-22,2026-07-22 09:56:27,1,dropoff,,-1.23
on trip -> DROPOFF,13957,2026-06-20,2026-06-20 15:24:15,4,dropoff,,2.27
on trip -> DROPOFF,13980,2026-06-23,2026-06-23 14:31:37,6,dropoff,,5.31
on trip -> DROPOFF,14014,2026-06-13,2026-06-13 15:05:35,6,dropoff,,3.85
on trip -> DROPOFF,14036,2026-07-03,2026-07-03 14:31:43,6,dropoff,,4.58
on trip -> DROPOFF,14085,2026-06-17,2026-06-17 14:08:19,8,dropoff,,6.03
on trip -> DROPOFF,14092,2026-06-29,2026-06-29 18:14:08,11,dropoff,,8.2
on trip -> DROPOFF,14188,2026-06-10,2026-06-10 19:27:02,7,dropoff,,5.57
on trip -> DROPOFF,14315,2026-06-10,2026-06-10 14:18:19,5,dropoff,,1.99
on trip -> DROPOFF,14552,2026-06-10,2026-06-10 15:03:42,6,dropoff,,5.8
on trip -> DROPOFF,14590,2026-07-19,2026-07-19 13:38:14,6,dropoff,,5.32
on trip -> DROPOFF,14659,2026-08-03,2026-08-03 13:42:26,8,dropoff,,7.85
on trip -> DROPOFF,14692,2026-06-18,2026-06-18 22:08:36,2,dropoff,,-0.98
on trip -> DROPOFF,14723,2026-06-24,2026-06-24 13:44:04,6,dropoff,,3.01
on trip -> DROPOFF,14765,2026-06-20,2026-06-20 18:25:33,0,dropoff,,-1.1
on trip -> DROPOFF,14840,2026-06-08,2026-06-08 09:01:29,6,dropoff,,4.11
on trip -> DROPOFF,14859,2026-07-05,2026-07-05 21:10:01,7,dropoff,,5.14
on trip -> DROPOFF,14860,2026-07-11,2026-07-11 12:46:55,11,dropoff,,9.15
on trip -> DROPOFF,14874,2026-07-18,2026-07-18 16:02:23,7,dropoff,,6.55
on trip -> DROPOFF,14954,2026-08-07,2026-08-07 13:20:31,44,dropoff,,42.74
on trip -> DROPOFF,14964,2026-07-12,2026-07-12 18:24:48,4,dropoff,,1.25
on trip -> DROPOFF,14965,2026-07-20,2026-07-20 16:22:41,7,dropoff,,5.12
on trip -> DROPOFF,15014,2026-07-04,2026-07-04 21:11:45,4,dropoff,,3.96
on trip -> DROPOFF,15130,2026-06-15,2026-06-15 15:21:58,5,dropoff,,4.78
on trip -> DROPOFF,15203,2026-06-28,2026-06-28 13:40:05,5,dropoff,,4.16
on trip -> DROPOFF,15225,2026-06-27,2026-06-27 13:16:57,2,dropoff,,1.79
on trip -> DROPOFF,15260,2026-07-25,2026-07-25 21:53:07,3,dropoff,,1.86
on trip -> DROPOFF,15299,2026-07-12,2026-07-12 15:32:34,1,dropoff,,0.72
on trip -> DROPOFF,15300,2026-07-19,2026-07-19 12:43:55,7,dropoff,,6.05
on trip -> DROPOFF,15312,2026-08-08,2026-08-08 12:41:24,8,dropoff,,7.15
on trip -> DROPOFF,15327,2026-06-13,2026-06-13 23:21:39,22,dropoff,,21.71
on trip -> DROPOFF,15332,2026-06-13,2026-06-13 11:54:53,2,dropoff,,0.16
on trip -> DROPOFF,15525,2026-08-07,2026-08-07 16:16:20,11,dropoff,,9.88
on trip -> DROPOFF,15541,2026-06-27,2026-06-27 19:49:40,7,dropoff,,6.87
on trip -> DROPOFF,15553,2026-08-07,2026-08-07 14:44:08,6,dropoff,,5.13
on trip -> DROPOFF,15636,2026-06-25,2026-06-25 20:39:37,0,dropoff,,-0.64
on trip -> DROPOFF,15648,2026-06-13,2026-06-13 23:54:52,8,dropoff,,6.79
on trip -> DROPOFF,15650,2026-06-24,2026-06-24 18:07:22,8,dropoff,,7.69
on trip -> DROPOFF,15669,2026-07-10,2026-07-10 15:43:14,5,dropoff,,2.72
on trip -> DROPOFF,15706,2026-07-11,2026-07-11 14:32:45,8,dropoff,,7.5
on trip -> DROPOFF,15719,2026-06-26,2026-06-26 14:03:17,0,dropoff,,-0.99
on trip -> DROPOFF,15726,2026-07-12,2026-07-12 21:53:09,2,dropoff,,1.06
on trip -> DROPOFF,15771,2026-06-13,2026-06-13 22:27:18,1,dropoff,,-0.05
on trip -> DROPOFF,15810,2026-06-29,2026-06-29 11:20:01,6,dropoff,,4.28
on trip -> DROPOFF,15820,2026-06-28,2026-06-28 20:06:47,2,dropoff,,0.74
on trip -> DROPOFF,15844,2026-06-27,2026-06-27 12:16:32,6,dropoff,,5.86
on trip -> DROPOFF,15865,2026-06-10,2026-06-10 13:20:46,5,dropoff,,2.53
on trip -> DROPOFF,15879,2026-07-26,2026-07-26 23:04:09,1,dropoff,,-0.25
on trip -> DROPOFF,15889,2026-07-07,2026-07-07 20:24:33,13,dropoff,,11.31
on trip -> DROPOFF,15902,2026-08-08,2026-08-08 16:59:10,8,dropoff,,5.78
on trip -> DROPOFF,15932,2026-08-03,2026-08-03 17:23:43,2,dropoff,,1.87
on trip -> DROPOFF,15933,2026-08-07,2026-08-07 13:02:19,7,dropoff,,6.92
on trip -> DROPOFF,15947,2026-06-30,2026-06-30 14:07:33,5,dropoff,,2.06
on trip -> DROPOFF,15963,2026-06-19,2026-06-19 21:00:39,0,dropoff,,-2.38
on trip -> DROPOFF,15964,2026-06-21,2026-06-21 15:16:31,0,dropoff,,-2.99
on trip -> DROPOFF,15965,2026-06-28,2026-06-28 14:25:24,0,dropoff,,-2.06
on trip -> DROPOFF,16060,2026-08-01,2026-08-01 10:48:55,6,dropoff,,5.98
on trip -> DROPOFF,16063,2026-07-19,2026-07-19 10:40:47,7,dropoff,,4.8
on trip -> DROPOFF,16074,2026-06-08,2026-06-08 17:47:06,1,dropoff,,-1.27
on trip -> DROPOFF,16075,2026-06-19,2026-06-19 09:40:49,2,dropoff,,-0.32
on trip -> DROPOFF,16085,2026-07-13,2026-07-13 19:33:14,1,dropoff,,-0.66
on trip -> DROPOFF,16133,2026-07-25,2026-07-25 15:42:47,1,dropoff,,0.26
on trip -> DROPOFF,16134,2026-07-31,2026-07-31 14:50:02,5,dropoff,,3.76
on trip -> DROPOFF,16148,2026-07-06,2026-07-06 23:18:11,1,dropoff,,-0.27
on trip -> DROPOFF,16149,2026-07-11,2026-07-11 11:13:15,4,dropoff,,1.18
on trip -> DROPOFF,16190,2026-07-13,2026-07-13 18:35:48,7,dropoff,,4.46
on trip -> DROPOFF,16198,2026-06-17,2026-06-17 21:04:56,3,dropoff,,0.44
on trip -> DROPOFF,16199,2026-06-23,2026-06-23 13:19:11,5,dropoff,,3.53
on trip -> DROPOFF,16205,2026-07-04,2026-07-04 13:57:02,6,dropoff,,3.93
on trip -> DROPOFF,16259,2026-08-04,2026-08-04 21:16:56,0,dropoff,,-0.8
on trip -> DROPOFF,16260,2026-08-09,2026-08-09 13:37:59,5,dropoff,,2.59
on trip -> DROPOFF,16289,2026-07-01,2026-07-01 20:25:22,0,dropoff,,-2.46
on trip -> DROPOFF,16291,2026-07-07,2026-07-07 17:56:42,5,dropoff,,3.61
on trip -> DROPOFF,16302,2026-07-25,2026-07-25 14:27:17,2,dropoff,,1.44
on trip -> DROPOFF,16379,2026-06-15,2026-06-15 11:31:38,0,dropoff,,-1.85
on trip -> DROPOFF,16380,2026-06-22,2026-06-22 18:35:05,9,dropoff,,7.12
on trip -> DROPOFF,16393,2026-07-26,2026-07-26 15:50:34,52,dropoff,,0.44
on trip -> DROPOFF,16393,2026-07-26,2026-07-26 16:41:58,8,dropoff,,7.84
on trip -> DROPOFF,16394,2026-08-02,2026-08-02 13:43:20,1,dropoff,,-9.1
on trip -> DROPOFF,16394,2026-08-02,2026-08-02 13:52:24,10,dropoff,,8.96
on trip -> DROPOFF,16402,2026-07-17,2026-07-17 15:36:15,6,dropoff,,3.32
on trip -> DROPOFF,16404,2026-06-26,2026-06-26 11:08:03,7,dropoff,,5.36
on trip -> DROPOFF,16508,2026-06-27,2026-06-27 22:26:32,20,dropoff,,19.44
on trip -> DROPOFF,16523,2026-06-12,2026-06-12 17:11:58,5,dropoff,,4.69
on trip -> DROPOFF,16526,2026-06-11,2026-06-11 16:32:49,0,dropoff,,-1.92
on trip -> DROPOFF,16527,2026-06-19,2026-06-19 19:29:58,8,dropoff,,6.59
on trip -> DROPOFF,16578,2026-07-04,2026-07-04 15:18:37,1,dropoff,,0.14
on trip -> DROPOFF,16608,2026-06-14,2026-06-14 18:41:20,0,dropoff,,-0.65
on trip -> DROPOFF,16614,2026-07-11,2026-07-11 13:32:16,7,dropoff,,6.1
on trip -> DROPOFF,16628,2026-06-11,2026-06-11 15:05:53,0,dropoff,,-1.27
on trip -> DROPOFF,16629,2026-06-17,2026-06-17 15:20:49,5,dropoff,,3.75
on trip -> DROPOFF,16660,2026-07-12,2026-07-12 18:52:00,12,dropoff,,10.43
on trip -> DROPOFF,16663,2026-06-29,2026-06-29 11:41:09,8,dropoff,,7.14
on trip -> DROPOFF,16698,2026-06-19,2026-06-20 00:10:41,7,dropoff,,6.4
on trip -> DROPOFF,16700,2026-06-19,2026-06-19 23:37:32,2,dropoff,,-0.83
on trip -> DROPOFF,16741,2026-07-17,2026-07-17 16:54:54,5,dropoff,,2.67
on trip -> DROPOFF,16742,2026-07-25,2026-07-25 13:16:49,4,dropoff,,2.61
on trip -> DROPOFF,16832,2026-07-03,2026-07-03 13:10:08,5,dropoff,,2.02
on trip -> DROPOFF,16855,2026-06-13,2026-06-13 15:26:46,8,dropoff,,6.13
on trip -> DROPOFF,16869,2026-06-14,2026-06-14 23:58:27,0,dropoff,,-0.58
on trip -> DROPOFF,16870,2026-06-17,2026-06-17 21:50:14,1,dropoff,,0.92
on trip -> DROPOFF,16902,2026-06-08,2026-06-09 01:01:47,2,dropoff,,0.31
on trip -> DROPOFF,16924,2026-07-20,2026-07-20 17:54:19,5,dropoff,,4.38
on trip -> DROPOFF,16925,2026-07-26,2026-07-26 12:33:43,4,dropoff,,3.59
on trip -> DROPOFF,16936,2026-07-21,2026-07-21 12:56:51,6,dropoff,,5.12
on trip -> DROPOFF,16956,2026-07-15,2026-07-15 21:42:24,0,dropoff,,-1.87
on trip -> DROPOFF,16965,2026-06-28,2026-06-28 23:01:46,4,dropoff,,2.88
on trip -> DROPOFF,16998,2026-07-11,2026-07-12 02:01:13,7,dropoff,,4.02
on trip -> DROPOFF,17002,2026-07-18,2026-07-18 10:56:45,7,dropoff,,5.18
on trip -> DROPOFF,17055,2026-07-23,2026-07-23 19:57:54,8,dropoff,,6.32
on trip -> DROPOFF,17067,2026-06-28,2026-06-28 19:45:38,2,dropoff,,1.07
on trip -> DROPOFF,17102,2026-06-27,2026-06-27 13:04:52,2,dropoff,,0.64
on trip -> DROPOFF,17105,2026-07-05,2026-07-05 12:51:40,7,dropoff,,5.37
on trip -> DROPOFF,17106,2026-06-11,2026-06-11 16:00:21,7,dropoff,,5.97
on trip -> DROPOFF,17107,2026-06-16,2026-06-16 10:20:14,7,dropoff,,5.72
on trip -> DROPOFF,17116,2026-06-09,2026-06-09 18:40:20,8,dropoff,,6.57
on trip -> DROPOFF,17132,2026-06-09,2026-06-09 22:13:35,2,dropoff,,0.5
on trip -> DROPOFF,17133,2026-06-18,2026-06-18 12:33:22,8,dropoff,,7.48
on trip -> DROPOFF,17144,2026-06-10,2026-06-10 16:13:22,1,dropoff,,0.8
on trip -> DROPOFF,17184,2026-08-16,2026-08-16 13:33:53,7,dropoff,,5.46
on trip -> DROPOFF,17199,2026-06-10,2026-06-10 17:47:13,0,dropoff,,-0.17
on trip -> DROPOFF,17200,2026-06-15,2026-06-15 08:27:32,7,dropoff,,4.25
on trip -> DROPOFF,17202,2026-06-19,2026-06-19 22:34:13,6,dropoff,,3.69
on trip -> DROPOFF,17225,2026-08-17,2026-08-18 01:10:04,26,dropoff,,25.6
on trip -> DROPOFF,17228,2026-06-08,2026-06-08 17:16:52,6,dropoff,,4.38
on trip -> DROPOFF,17237,2026-06-19,2026-06-19 11:56:41,1,dropoff,,-1.43
on trip -> DROPOFF,17238,2026-06-21,2026-06-21 12:24:24,2,dropoff,,-0.07
on trip -> DROPOFF,17239,2026-06-27,2026-06-27 15:51:01,4,dropoff,,1.98
on trip -> DROPOFF,17274,2026-08-12,2026-08-12 17:41:11,6,dropoff,,5.23
on trip -> DROPOFF,17309,2026-06-22,2026-06-22 16:30:51,3,dropoff,,2.77
on trip -> DROPOFF,17325,2026-06-29,2026-06-29 15:36:53,4,dropoff,,2.05
on trip -> DROPOFF,17360,2026-07-09,2026-07-09 19:15:34,1,dropoff,,-1.82
on trip -> DROPOFF,17380,2026-06-11,2026-06-11 11:37:06,12,dropoff,,11.67
on trip -> DROPOFF,17410,2026-06-30,2026-07-01 00:10:57,4,dropoff,,1.71
on trip -> DROPOFF,17411,2026-07-11,2026-07-11 19:41:12,10,dropoff,,7.63
on trip -> DROPOFF,17442,2026-07-14,2026-07-14 13:49:58,2,dropoff,,1.93
on trip -> DROPOFF,17443,2026-07-21,2026-07-21 11:14:15,6,dropoff,,4.82
on trip -> DROPOFF,17447,2026-07-14,2026-07-14 14:56:26,4,dropoff,,1.76
on trip -> DROPOFF,17448,2026-07-21,2026-07-21 13:32:27,6,dropoff,,5.62
on trip -> DROPOFF,17472,2026-06-11,2026-06-11 15:24:02,5,dropoff,,3.79
on trip -> DROPOFF,17482,2026-06-20,2026-06-20 13:44:34,5,dropoff,,3.32
on trip -> DROPOFF,17490,2026-06-22,2026-06-22 14:50:46,2,dropoff,,0.75
on trip -> DROPOFF,17491,2026-06-24,2026-06-24 13:44:04,18,dropoff,,16.33
on trip -> DROPOFF,17494,2026-06-29,2026-06-29 09:55:36,6,dropoff,,5.3
on trip -> DROPOFF,17500,2026-07-11,2026-07-11 15:18:07,8,dropoff,,6.58
on trip -> DROPOFF,17508,2026-07-28,2026-07-28 17:06:45,1,dropoff,,-0.82
on trip -> DROPOFF,17544,2026-08-20,2026-08-20 14:20:17,23,dropoff,,-36.75
on trip -> DROPOFF,17544,2026-08-20,2026-08-20 15:18:12,5,dropoff,,3.17
on trip -> DROPOFF,17548,2026-07-26,2026-07-26 12:24:39,6,dropoff,,5.19
on trip -> DROPOFF,17559,2026-07-26,2026-07-26 14:07:27,6,dropoff,,4.47
on trip -> DROPOFF,17585,2026-07-26,2026-07-26 13:28:08,7,dropoff,,6.59
on trip -> DROPOFF,17588,2026-06-21,2026-06-22 01:22:58,34,dropoff,,31.91
on trip -> DROPOFF,17589,2026-06-25,2026-06-25 13:24:07,10,dropoff,,8.79
on trip -> DROPOFF,17593,2026-06-10,2026-06-10 11:52:50,6,dropoff,,3.8
on trip -> DROPOFF,17595,2026-06-20,2026-06-20 22:08:47,6,dropoff,,4.98
on trip -> DROPOFF,17620,2026-07-30,2026-07-30 13:51:01,4,dropoff,,1.43
on trip -> DROPOFF,17641,2026-07-13,2026-07-13 14:00:50,6,dropoff,,4.68
on trip -> DROPOFF,17647,2026-06-18,2026-06-18 17:26:24,4,dropoff,,1.45
on trip -> DROPOFF,17651,2026-06-18,2026-06-18 19:37:40,6,dropoff,,4.02
on trip -> DROPOFF,17654,2026-07-03,2026-07-03 15:20:05,1,dropoff,,-0.52
on trip -> DROPOFF,17663,2026-08-07,2026-08-07 12:25:56,6,dropoff,,3.74
on trip -> DROPOFF,17680,2026-06-13,2026-06-13 13:13:37,6,dropoff,,4.21
on trip -> DROPOFF,17701,2026-06-20,2026-06-20 23:42:13,2,dropoff,,-0.73
on trip -> DROPOFF,17702,2026-06-25,2026-06-25 13:09:02,8,dropoff,,5.63
on trip -> DROPOFF,17721,2026-06-17,2026-06-17 18:55:19,6,dropoff,,5.76
on trip -> DROPOFF,17730,2026-07-03,2026-07-03 20:07:18,2,dropoff,,1.02
on trip -> DROPOFF,17731,2026-07-10,2026-07-10 17:50:03,6,dropoff,,5.54
on trip -> DROPOFF,17732,2026-07-07,2026-07-07 17:32:33,1,dropoff,,-7.82
on trip -> DROPOFF,17732,2026-07-07,2026-07-07 17:38:35,0,dropoff,,-2.79
on trip -> DROPOFF,17733,2026-07-07,2026-07-07 12:33:29,10,dropoff,,7.67
on trip -> DROPOFF,17770,2026-06-30,2026-06-30 16:35:36,2,dropoff,,0.5
on trip -> DROPOFF,17790,2026-07-15,2026-07-15 19:26:42,4,dropoff,,3.19
on trip -> DROPOFF,17804,2026-06-29,2026-06-29 15:12:41,1,dropoff,,0.92
on trip -> DROPOFF,17805,2026-07-03,2026-07-03 11:57:33,7,dropoff,,5.48
on trip -> DROPOFF,17815,2026-08-16,2026-08-16 17:07:09,0,dropoff,,-0.6
on trip -> DROPOFF,17893,2026-08-15,2026-08-15 12:28:16,8,dropoff,,7.05
on trip -> DROPOFF,17938,2026-07-05,2026-07-05 11:45:13,5,dropoff,,2.73
on trip -> DROPOFF,17939,2026-07-12,2026-07-12 08:50:47,6,dropoff,,3.91
on trip -> DROPOFF,17940,2026-06-11,2026-06-11 12:31:27,2,dropoff,,0.34
on trip -> DROPOFF,17941,2026-06-17,2026-06-17 11:55:26,7,dropoff,,5.54
on trip -> DROPOFF,17954,2026-06-23,2026-06-23 10:51:19,7,dropoff,,6.2
on trip -> DROPOFF,17984,2026-07-14,2026-07-14 14:32:16,2,dropoff,,1.74
on trip -> DROPOFF,17985,2026-07-20,2026-07-20 10:36:30,10,dropoff,,9.95
on trip -> DROPOFF,18028,2026-07-02,2026-07-02 23:24:01,2,dropoff,,1.98
on trip -> DROPOFF,18068,2026-06-18,2026-06-18 22:38:45,3,dropoff,,2.47
on trip -> DROPOFF,18070,2026-06-28,2026-06-28 13:49:08,6,dropoff,,5.23
on trip -> DROPOFF,18071,2026-06-21,2026-06-21 21:36:40,1,dropoff,,-0.45
on trip -> DROPOFF,18074,2026-06-14,2026-06-14 14:02:53,1,dropoff,,-1.49
on trip -> DROPOFF,18076,2026-07-10,2026-07-10 14:45:47,1,dropoff,,0.51
on trip -> DROPOFF,18077,2026-07-15,2026-07-15 10:41:15,7,dropoff,,4.44
on trip -> DROPOFF,18087,2026-06-10,2026-06-10 11:37:42,6,dropoff,,5.6
on trip -> DROPOFF,18089,2026-06-14,2026-06-14 12:13:55,5,dropoff,,4.21
on trip -> DROPOFF,18117,2026-06-24,2026-06-24 17:18:57,2,dropoff,,1.49
on trip -> DROPOFF,18119,2026-07-05,2026-07-05 13:36:57,2,dropoff,,1.06
on trip -> DROPOFF,18120,2026-07-07,2026-07-07 13:18:48,6,dropoff,,3.0
on trip -> DROPOFF,18128,2026-07-03,2026-07-03 20:31:26,6,dropoff,,5.06
on trip -> DROPOFF,18179,2026-06-19,2026-06-19 10:38:09,8,dropoff,,5.03
on trip -> DROPOFF,18180,2026-06-24,2026-06-24 19:31:49,2,dropoff,,-0.8
on trip -> DROPOFF,18196,2026-06-11,2026-06-11 13:04:45,6,dropoff,,4.6
on trip -> DROPOFF,18218,2026-06-09,2026-06-09 16:51:41,0,dropoff,,-1.36
on trip -> DROPOFF,18231,2026-07-04,2026-07-04 14:45:25,6,dropoff,,3.35
on trip -> DROPOFF,18245,2026-06-23,2026-06-23 12:33:54,6,dropoff,,5.68
on trip -> DROPOFF,18248,2026-06-27,2026-06-27 23:20:48,0,dropoff,,-0.74
on trip -> DROPOFF,18249,2026-06-29,2026-06-29 11:13:58,8,dropoff,,6.62
on trip -> DROPOFF,18256,2026-06-20,2026-06-20 11:07:31,7,dropoff,,4.06
on trip -> DROPOFF,18276,2026-06-24,2026-06-24 16:54:49,2,dropoff,,1.51
on trip -> DROPOFF,18277,2026-06-30,2026-06-30 11:24:41,8,dropoff,,7.67
on trip -> DROPOFF,18278,2026-06-18,2026-06-18 17:23:22,0,dropoff,,-0.45
on trip -> DROPOFF,18279,2026-06-21,2026-06-21 08:02:03,6,dropoff,,5.92
on trip -> DROPOFF,18318,2026-06-26,2026-06-26 15:03:45,47,dropoff,,45.76
on trip -> DROPOFF,18321,2026-06-21,2026-06-22 00:22:46,1,dropoff,,-1.48
on trip -> DROPOFF,18335,2026-06-12,2026-06-12 22:06:55,1,dropoff,,0.95
on trip -> DROPOFF,18336,2026-06-16,2026-06-16 12:35:58,7,dropoff,,5.66
on trip -> DROPOFF,18383,2026-06-28,2026-06-28 18:12:03,2,dropoff,,-0.67
on trip -> DROPOFF,18404,2026-07-31,2026-07-31 16:15:42,0,dropoff,,-1.03
on trip -> DROPOFF,18405,2026-08-07,2026-08-07 15:53:43,8,dropoff,,7.46
on trip -> DROPOFF,18417,2026-06-09,2026-06-09 13:32:17,6,dropoff,,2.96
on trip -> DROPOFF,18417,2026-06-09,2026-06-09 13:35:19,5,dropoff,,4.98
on trip -> DROPOFF,18428,2026-06-17,2026-06-17 16:12:13,0,dropoff,,-2.78
on trip -> DROPOFF,18431,2026-06-30,2026-06-30 14:43:49,1,dropoff,,-1.76
on trip -> DROPOFF,18432,2026-07-04,2026-07-04 11:23:03,6,dropoff,,3.6
on trip -> DROPOFF,18443,2026-06-12,2026-06-12 23:01:17,2,dropoff,,-0.36
on trip -> DROPOFF,18449,2026-06-12,2026-06-12 15:16:46,8,dropoff,,5.79
on trip -> DROPOFF,18458,2026-07-18,2026-07-18 17:14:58,2,dropoff,,1.19
on trip -> DROPOFF,18475,2026-06-10,2026-06-10 13:41:58,6,dropoff,,4.26
on trip -> DROPOFF,18485,2026-06-29,2026-06-29 13:42:01,2,dropoff,,1.91
on trip -> DROPOFF,18490,2026-06-27,2026-06-27 12:43:43,1,dropoff,,-1.7
on trip -> DROPOFF,18530,2026-07-01,2026-07-01 22:37:57,2,dropoff,,0.88
on trip -> DROPOFF,18554,2026-07-08,2026-07-08 13:38:07,5,dropoff,,2.15
on trip -> DROPOFF,18555,2026-07-10,2026-07-10 11:14:13,6,dropoff,,3.85
on trip -> DROPOFF,18557,2026-06-29,2026-06-29 12:02:17,7,dropoff,,5.5
on trip -> DROPOFF,18598,2026-06-28,2026-06-28 12:36:36,11,dropoff,,8.79
on trip -> DROPOFF,18610,2026-06-10,2026-06-10 13:11:40,7,dropoff,,5.77
on trip -> DROPOFF,18647,2026-06-22,2026-06-22 13:07:50,2,dropoff,,-0.66
on trip -> DROPOFF,18678,2026-06-30,2026-06-30 16:02:24,2,dropoff,,0.43
on trip -> DROPOFF,18720,2026-06-27,2026-06-27 19:49:40,1,dropoff,,-1.4
on trip -> DROPOFF,18726,2026-08-08,2026-08-08 15:31:57,6,dropoff,,4.42
on trip -> DROPOFF,18733,2026-06-30,2026-06-30 21:22:11,0,dropoff,,-1.78
on trip -> DROPOFF,18734,2026-07-07,2026-07-07 18:14:50,8,dropoff,,7.53
on trip -> DROPOFF,18745,2026-07-08,2026-07-08 19:16:53,6,dropoff,,5.64
on trip -> DROPOFF,18775,2026-06-19,2026-06-19 15:58:25,11,dropoff,,10.32
on trip -> DROPOFF,18786,2026-08-15,2026-08-15 15:50:04,4,dropoff,,2.66
on trip -> DROPOFF,18791,2026-06-08,2026-06-08 22:06:53,6,dropoff,,4.06
on trip -> DROPOFF,18851,2026-06-18,2026-06-18 12:24:19,6,dropoff,,5.31
on trip -> DROPOFF,18857,2026-06-13,2026-06-13 10:39:15,6,dropoff,,4.81
on trip -> DROPOFF,18874,2026-06-30,2026-06-30 10:48:30,8,dropoff,,6.44
on trip -> DROPOFF,18890,2026-08-01,2026-08-01 16:55:59,3,dropoff,,2.87
on trip -> DROPOFF,18908,2026-08-18,2026-08-18 22:23:16,0,dropoff,,-0.27
on trip -> DROPOFF,18954,2026-07-05,2026-07-05 08:04:58,2,dropoff,,0.61
on trip -> DROPOFF,18959,2026-06-29,2026-06-29 19:32:43,3,dropoff,,1.06
on trip -> DROPOFF,18979,2026-07-25,2026-07-25 17:03:14,6,dropoff,,4.57
on trip -> DROPOFF,18982,2026-08-16,2026-08-16 21:33:26,1,dropoff,,-1.72
on trip -> DROPOFF,18987,2026-06-22,2026-06-22 22:18:32,2,dropoff,,0.47
on trip -> DROPOFF,18995,2026-06-14,2026-06-14 16:58:27,8,dropoff,,5.6
on trip -> DROPOFF,19007,2026-08-10,2026-08-10 22:40:39,2,dropoff,,1.4
on trip -> DROPOFF,19035,2026-07-24,2026-07-24 23:33:42,2,dropoff,,1.19
on trip -> DROPOFF,19036,2026-08-01,2026-08-01 15:30:20,9,dropoff,,8.95
on trip -> DROPOFF,19042,2026-06-13,2026-06-13 12:58:28,2,dropoff,,-0.19
on trip -> DROPOFF,19073,2026-06-11,2026-06-11 19:20:20,6,dropoff,,4.3
on trip -> DROPOFF,19107,2026-06-14,2026-06-14 08:18:05,6,dropoff,,3.45
on trip -> DROPOFF,19116,2026-08-02,2026-08-02 16:28:45,1,dropoff,,-0.61
on trip -> DROPOFF,19129,2026-07-10,2026-07-10 18:56:24,3,dropoff,,0.28
on trip -> DROPOFF,19130,2026-07-16,2026-07-16 21:25:05,7,dropoff,,5.01
on trip -> DROPOFF,19131,2026-06-22,2026-06-22 20:17:57,2,dropoff,,-0.29
on trip -> DROPOFF,19134,2026-06-25,2026-06-25 14:21:29,2,dropoff,,-0.19
on trip -> DROPOFF,19171,2026-08-04,2026-08-05 01:09:54,21,dropoff,,18.53
on trip -> DROPOFF,19181,2026-06-26,2026-06-27 01:19:32,2,dropoff,,0.23
on trip -> DROPOFF,19182,2026-06-30,2026-06-30 11:12:38,6,dropoff,,3.53
on trip -> DROPOFF,19197,2026-06-18,2026-06-19 00:00:07,11,dropoff,,8.29
on trip -> DROPOFF,19207,2026-06-15,2026-06-15 18:26:44,1,dropoff,,-0.34
on trip -> DROPOFF,19231,2026-06-10,2026-06-10 13:05:36,6,dropoff,,4.42
on trip -> DROPOFF,19233,2026-06-26,2026-06-26 08:22:11,6,dropoff,,3.02
on trip -> DROPOFF,19240,2026-08-15,2026-08-15 10:32:09,6,dropoff,,4.25
on trip -> DROPOFF,19288,2026-07-08,2026-07-08 15:32:57,3,dropoff,,1.1
on trip -> DROPOFF,19289,2026-07-14,2026-07-14 14:35:17,13,dropoff,,11.0
on trip -> DROPOFF,19326,2026-08-05,2026-08-05 16:05:47,6,dropoff,,3.15
on trip -> DROPOFF,19340,2026-07-20,2026-07-20 09:52:02,4,dropoff,,2.31
on trip -> DROPOFF,19347,2026-06-23,2026-06-23 21:55:15,2,dropoff,,-0.06
on trip -> DROPOFF,19348,2026-06-29,2026-06-29 23:12:54,4,dropoff,,3.19
on trip -> DROPOFF,19358,2026-06-18,2026-06-18 14:31:06,12,dropoff,,9.13
on trip -> DROPOFF,19359,2026-06-14,2026-06-14 19:41:50,1,dropoff,,-0.9
on trip -> DROPOFF,19369,2026-07-19,2026-07-19 18:09:22,2,dropoff,,-0.79
on trip -> DROPOFF,19402,2026-06-15,2026-06-15 14:48:38,6,dropoff,,3.62
on trip -> DROPOFF,19406,2026-06-22,2026-06-22 09:54:48,2,dropoff,,-0.21
on trip -> DROPOFF,19408,2026-07-03,2026-07-03 12:36:53,8,dropoff,,6.87
on trip -> DROPOFF,19409,2026-07-07,2026-07-07 16:53:16,0,dropoff,,-1.18
on trip -> DROPOFF,19410,2026-07-14,2026-07-14 12:46:32,5,dropoff,,4.8
on trip -> DROPOFF,19429,2026-06-29,2026-06-29 13:26:53,0,dropoff,,-2.14
on trip -> DROPOFF,19439,2026-07-03,2026-07-03 13:01:04,5,dropoff,,4.3
on trip -> DROPOFF,19449,2026-06-20,2026-06-20 16:51:57,9,dropoff,,7.83
on trip -> DROPOFF,19464,2026-07-26,2026-07-26 17:03:27,1,dropoff,,0.17
on trip -> DROPOFF,19465,2026-08-01,2026-08-01 19:14:47,12,dropoff,,11.08
on trip -> DROPOFF,19479,2026-07-16,2026-07-16 12:00:46,7,dropoff,,4.59
on trip -> DROPOFF,19489,2026-06-08,2026-06-08 21:24:36,7,dropoff,,4.67
on trip -> DROPOFF,19509,2026-06-10,2026-06-10 10:55:26,7,dropoff,,4.54
on trip -> DROPOFF,19511,2026-06-10,2026-06-10 14:51:35,6,dropoff,,3.34
on trip -> DROPOFF,19541,2026-06-20,2026-06-20 08:15:34,8,dropoff,,5.51
on trip -> DROPOFF,19545,2026-06-08,2026-06-08 16:13:22,6,dropoff,,3.45
on trip -> DROPOFF,19577,2026-08-11,2026-08-11 15:20:47,6,dropoff,,3.43
on trip -> DROPOFF,19593,2026-06-20,2026-06-21 00:33:26,0,dropoff,,-0.21
on trip -> DROPOFF,19621,2026-06-25,2026-06-25 13:48:16,2,dropoff,,-0.08
on trip -> DROPOFF,19622,2026-07-06,2026-07-06 20:14:19,5,dropoff,,3.43
on trip -> DROPOFF,19640,2026-07-01,2026-07-02 02:35:45,2,dropoff,,0.61
on trip -> DROPOFF,19641,2026-07-06,2026-07-06 18:01:27,4,dropoff,,1.47
on trip -> DROPOFF,19646,2026-07-11,2026-07-11 09:48:48,3,dropoff,,0.78
on trip -> DROPOFF,19665,2026-06-27,2026-06-27 14:56:39,3,dropoff,,1.63
on trip -> DROPOFF,19684,2026-06-08,2026-06-08 15:09:52,7,dropoff,,3.98
on trip -> DROPOFF,19694,2026-06-10,2026-06-10 10:58:27,6,dropoff,,5.97
on trip -> DROPOFF,19696,2026-07-07,2026-07-07 13:12:45,2,dropoff,,0.34
on trip -> DROPOFF,19697,2026-07-11,2026-07-11 11:55:32,8,dropoff,,6.48
on trip -> DROPOFF,19705,2026-07-29,2026-07-29 18:52:20,7,dropoff,,4.21
on trip -> DROPOFF,19710,2026-07-12,2026-07-12 19:40:20,3,dropoff,,1.55
on trip -> DROPOFF,19711,2026-07-18,2026-07-18 11:54:07,4,dropoff,,2.26
on trip -> DROPOFF,19725,2026-06-10,2026-06-10 20:45:46,2,dropoff,,1.81
on trip -> DROPOFF,19727,2026-08-07,2026-08-07 15:59:47,4,dropoff,,1.81
on trip -> DROPOFF,19753,2026-07-30,2026-07-31 01:22:12,8,dropoff,,5.47
on trip -> DROPOFF,19768,2026-08-03,2026-08-03 14:11:08,7,dropoff,,5.39
on trip -> DROPOFF,19776,2026-07-06,2026-07-06 14:48:04,1,dropoff,,0.88
on trip -> DROPOFF,19777,2026-07-14,2026-07-14 23:14:30,10,dropoff,,9.18
on trip -> DROPOFF,19778,2026-08-15,2026-08-15 16:05:13,0,dropoff,,-3.03
on trip -> DROPOFF,19780,2026-06-15,2026-06-15 16:25:35,0,dropoff,,-1.83
on trip -> DROPOFF,19794,2026-06-23,2026-06-23 23:31:42,12,dropoff,,10.51
on trip -> DROPOFF,19797,2026-06-18,2026-06-18 20:32:04,0,dropoff,,-1.19
on trip -> DROPOFF,19799,2026-06-28,2026-06-28 08:50:22,5,dropoff,,4.47
on trip -> DROPOFF,19808,2026-06-30,2026-06-30 18:42:23,12,dropoff,,9.86
on trip -> DROPOFF,19826,2026-06-17,2026-06-17 08:54:43,2,dropoff,,-0.73
on trip -> DROPOFF,19832,2026-08-12,2026-08-12 13:45:03,6,dropoff,,3.15
on trip -> DROPOFF,19838,2026-06-27,2026-06-27 16:15:11,2,dropoff,,0.86
on trip -> DROPOFF,19839,2026-07-03,2026-07-03 20:04:17,6,dropoff,,4.32
on trip -> DROPOFF,19853,2026-06-27,2026-06-27 20:37:57,8,dropoff,,6.8
on trip -> DROPOFF,19862,2026-06-19,2026-06-19 14:15:38,7,dropoff,,6.96
on trip -> DROPOFF,19863,2026-07-07,2026-07-07 22:16:05,2,dropoff,,1.47
on trip -> DROPOFF,19866,2026-06-13,2026-06-13 21:54:01,6,dropoff,,4.94
on trip -> DROPOFF,19868,2026-06-11,2026-06-11 20:35:50,7,dropoff,,4.1
on trip -> DROPOFF,19869,2026-06-14,2026-06-14 16:00:56,6,dropoff,,5.83
on trip -> DROPOFF,19871,2026-07-05,2026-07-05 17:29:42,0,dropoff,,-0.75
on trip -> DROPOFF,19872,2026-07-11,2026-07-11 19:01:54,7,dropoff,,4.56
on trip -> DROPOFF,19891,2026-06-15,2026-06-16 00:20:14,2,dropoff,,1.59
on trip -> DROPOFF,19892,2026-06-20,2026-06-20 10:49:24,1,dropoff,,-0.27
on trip -> DROPOFF,19913,2026-06-09,2026-06-09 15:45:11,7,dropoff,,6.41
on trip -> DROPOFF,19915,2026-06-21,2026-06-21 17:41:27,3,dropoff,,0.44
on trip -> DROPOFF,19917,2026-06-15,2026-06-15 21:10:32,0,dropoff,,-0.78
on trip -> DROPOFF,19940,2026-06-08,2026-06-08 14:06:23,1,dropoff,,-1.12
on trip -> DROPOFF,19941,2026-06-10,2026-06-10 17:38:09,5,dropoff,,4.42
on trip -> DROPOFF,19942,2026-06-12,2026-06-12 15:01:35,0,dropoff,,-0.84
on trip -> DROPOFF,19946,2026-07-30,2026-07-30 16:23:50,14,dropoff,,13.27
on trip -> DROPOFF,19951,2026-07-02,2026-07-02 20:41:55,2,dropoff,,1.91
on trip -> DROPOFF,19952,2026-07-07,2026-07-07 16:38:11,1,dropoff,,-0.75
on trip -> DROPOFF,19954,2026-06-11,2026-06-11 16:38:52,2,dropoff,,0.41
on trip -> DROPOFF,19964,2026-07-18,2026-07-18 16:41:43,9,dropoff,,7.97
on trip -> DROPOFF,19965,2026-07-24,2026-07-24 13:35:10,4,dropoff,,3.61
on trip -> DROPOFF,19967,2026-06-08,2026-06-08 22:25:00,1,dropoff,,-1.84
on trip -> DROPOFF,19972,2026-06-14,2026-06-14 10:34:02,5,dropoff,,4.08
on trip -> DROPOFF,19974,2026-06-08,2026-06-08 16:10:20,0,dropoff,,-2.3
on trip -> DROPOFF,19975,2026-06-12,2026-06-12 18:12:38,8,dropoff,,6.99
on trip -> DROPOFF,19991,2026-08-16,2026-08-16 23:14:39,0,dropoff,,-1.59
on trip -> DROPOFF,20001,2026-07-11,2026-07-11 14:02:30,4,dropoff,,1.09
on trip -> DROPOFF,20002,2026-07-18,2026-07-18 23:57:06,8,dropoff,,7.4
on trip -> DROPOFF,20006,2026-06-14,2026-06-14 21:27:36,7,dropoff,,6.17
on trip -> DROPOFF,20024,2026-06-13,2026-06-13 17:33:52,4,dropoff,,-2.0
on trip -> DROPOFF,20024,2026-06-13,2026-06-13 17:36:54,7,dropoff,,4.02
on trip -> DROPOFF,20034,2026-06-23,2026-06-23 12:33:54,0,dropoff,,-2.27
on trip -> DROPOFF,20040,2026-06-11,2026-06-11 18:47:06,7,dropoff,,6.66
on trip -> DROPOFF,20060,2026-06-13,2026-06-13 13:46:57,31,dropoff,,30.67
on trip -> DROPOFF,20084,2026-08-02,2026-08-02 15:42:29,0,dropoff,,-2.37
on trip -> DROPOFF,20099,2026-06-10,2026-06-10 21:46:10,0,dropoff,,-1.86
on trip -> DROPOFF,20105,2026-06-28,2026-06-29 03:14:55,3,dropoff,,0.2
on trip -> DROPOFF,20106,2026-07-02,2026-07-02 20:29:50,1,dropoff,,0.64
on trip -> DROPOFF,20107,2026-07-05,2026-07-05 22:22:31,0,dropoff,,-3.0
on trip -> DROPOFF,20111,2026-06-19,2026-06-19 22:46:16,4,dropoff,,0.94
on trip -> DROPOFF,20111,2026-06-19,2026-06-19 22:49:17,0,dropoff,,-0.05
on trip -> DROPOFF,20112,2026-06-27,2026-06-27 13:07:54,7,dropoff,,4.86
on trip -> DROPOFF,20125,2026-06-22,2026-06-22 14:53:48,6,dropoff,,5.28
on trip -> DROPOFF,20132,2026-06-22,2026-06-22 15:24:07,3,dropoff,,0.2
on trip -> DROPOFF,20141,2026-06-29,2026-06-29 13:42:01,6,dropoff,,3.95
on trip -> DROPOFF,20146,2026-06-21,2026-06-21 09:56:35,8,dropoff,,6.35
on trip -> DROPOFF,20162,2026-06-13,2026-06-13 23:36:46,6,dropoff,,4.46
on trip -> DROPOFF,20172,2026-07-05,2026-07-05 13:55:05,0,dropoff,,-0.67
on trip -> DROPOFF,20173,2026-07-13,2026-07-13 12:02:54,7,dropoff,,6.91
on trip -> DROPOFF,20176,2026-06-27,2026-06-27 16:00:03,1,dropoff,,0.86
on trip -> DROPOFF,20185,2026-06-10,2026-06-10 13:51:04,0,dropoff,,-1.5
on trip -> DROPOFF,20186,2026-06-16,2026-06-16 20:16:02,4,dropoff,,1.67
on trip -> DROPOFF,20187,2026-07-04,2026-07-04 14:27:17,20,dropoff,,19.54
on trip -> DROPOFF,20188,2026-07-11,2026-07-11 15:03:00,5,dropoff,,3.37
on trip -> DROPOFF,20194,2026-06-27,2026-06-27 22:14:29,2,dropoff,,-0.83
on trip -> DROPOFF,20206,2026-07-01,2026-07-01 20:55:31,0,dropoff,,-0.12
on trip -> DROPOFF,20208,2026-07-05,2026-07-05 18:21:01,11,dropoff,,8.08
on trip -> DROPOFF,20227,2026-07-09,2026-07-09 22:16:42,39,dropoff,,38.93
on trip -> DROPOFF,20233,2026-06-21,2026-06-21 17:41:27,7,dropoff,,6.94
on trip -> DROPOFF,20244,2026-06-09,2026-06-09 16:48:39,2,dropoff,,1.35
on trip -> DROPOFF,20245,2026-06-18,2026-06-18 20:10:56,6,dropoff,,3.5
on trip -> DROPOFF,20266,2026-07-11,2026-07-11 19:35:10,0,dropoff,,-0.72
on trip -> DROPOFF,20274,2026-06-17,2026-06-18 00:21:04,0,dropoff,,-0.31
on trip -> DROPOFF,20275,2026-06-24,2026-06-24 09:06:43,1,dropoff,,-1.85
on trip -> DROPOFF,20282,2026-07-10,2026-07-10 13:24:08,4,dropoff,,1.46
on trip -> DROPOFF,20284,2026-07-09,2026-07-09 21:52:34,1,dropoff,,-1.38
on trip -> DROPOFF,20300,2026-06-10,2026-06-10 15:58:12,1,dropoff,,-0.83
on trip -> DROPOFF,20311,2026-06-13,2026-06-13 09:20:38,6,dropoff,,5.58
on trip -> DROPOFF,20316,2026-07-01,2026-07-01 13:41:12,1,dropoff,,-0.16
on trip -> DROPOFF,20318,2026-06-19,2026-06-19 13:33:19,70,dropoff,,68.28
on trip -> DROPOFF,20364,2026-07-02,2026-07-02 20:47:57,14,dropoff,,12.27
on trip -> DROPOFF,20373,2026-08-08,2026-08-08 12:14:09,7,dropoff,,6.56
on trip -> DROPOFF,20378,2026-06-21,2026-06-21 11:18:00,2,dropoff,,-0.71
on trip -> DROPOFF,20379,2026-06-26,2026-06-26 12:11:26,5,dropoff,,3.83
on trip -> DROPOFF,20391,2026-08-11,2026-08-11 19:31:47,35,dropoff,,-12.69
on trip -> DROPOFF,20391,2026-08-11,2026-08-11 20:19:12,30,dropoff,,29.71
on trip -> DROPOFF,20392,2026-08-17,2026-08-17 15:50:17,9,dropoff,,7.09
on trip -> DROPOFF,20393,2026-07-19,2026-07-19 16:06:26,1,dropoff,,0.8
on trip -> DROPOFF,20394,2026-07-26,2026-07-26 13:43:14,11,dropoff,,10.48
on trip -> DROPOFF,20398,2026-07-17,2026-07-17 09:24:47,6,dropoff,,4.7
on trip -> DROPOFF,20400,2026-07-30,2026-07-30 15:11:16,6,dropoff,,5.84
on trip -> DROPOFF,20402,2026-06-13,2026-06-13 15:29:47,7,dropoff,,6.09
on trip -> DROPOFF,20403,2026-07-01,2026-07-01 20:10:18,7,dropoff,,4.7
on trip -> DROPOFF,20407,2026-08-08,2026-08-08 19:56:27,7,dropoff,,6.51
on trip -> DROPOFF,20419,2026-06-14,2026-06-14 16:07:00,2,dropoff,,1.42
on trip -> DROPOFF,20423,2026-06-14,2026-06-14 11:04:18,22,dropoff,,-8.05
on trip -> DROPOFF,20423,2026-06-14,2026-06-14 11:31:33,8,dropoff,,5.19
on trip -> DROPOFF,20431,2026-07-13,2026-07-13 21:21:53,1,dropoff,,-0.91
on trip -> DROPOFF,20433,2026-07-24,2026-07-24 14:42:11,6,dropoff,,5.92
on trip -> DROPOFF,20440,2026-07-20,2026-07-20 15:40:24,2,dropoff,,-0.53
on trip -> DROPOFF,20441,2026-07-24,2026-07-24 13:50:52,7,dropoff,,5.03
on trip -> DROPOFF,20459,2026-07-05,2026-07-05 09:26:23,7,dropoff,,6.14
on trip -> DROPOFF,20461,2026-07-10,2026-07-10 20:32:58,1,dropoff,,-1.99
on trip -> DROPOFF,20462,2026-07-18,2026-07-18 13:18:48,6,dropoff,,4.69
on trip -> DROPOFF,20471,2026-06-13,2026-06-13 22:00:04,3,dropoff,,1.79
on trip -> DROPOFF,20512,2026-06-12,2026-06-12 08:16:20,6,dropoff,,3.95
on trip -> DROPOFF,20517,2026-06-23,2026-06-23 14:46:42,9,dropoff,,7.68
on trip -> DROPOFF,20531,2026-06-30,2026-06-30 14:34:45,4,dropoff,,3.11
on trip -> DROPOFF,20532,2026-07-03,2026-07-03 16:20:38,4,dropoff,,1.97
on trip -> DROPOFF,20539,2026-08-15,2026-08-15 16:59:08,6,dropoff,,3.29
on trip -> DROPOFF,20557,2026-06-14,2026-06-14 13:59:52,3,dropoff,,0.34
on trip -> DROPOFF,20568,2026-08-04,2026-08-04 17:29:09,2,dropoff,,-0.15
on trip -> DROPOFF,20569,2026-08-09,2026-08-09 10:57:04,6,dropoff,,5.54
on trip -> DROPOFF,20572,2026-07-08,2026-07-08 18:58:42,6,dropoff,,3.94
on trip -> DROPOFF,20578,2026-08-05,2026-08-06 00:26:42,0,dropoff,,-1.61
on trip -> DROPOFF,20579,2026-08-10,2026-08-10 18:39:48,4,dropoff,,3.96
on trip -> DROPOFF,20589,2026-06-18,2026-06-18 12:36:24,6,dropoff,,5.75
on trip -> DROPOFF,20615,2026-07-03,2026-07-03 17:48:18,9,dropoff,,7.34
on trip -> DROPOFF,20624,2026-06-18,2026-06-19 03:00:14,1,dropoff,,-0.85
on trip -> DROPOFF,20625,2026-06-21,2026-06-21 18:35:44,4,dropoff,,2.78
on trip -> DROPOFF,20626,2026-06-14,2026-06-14 14:15:00,8,dropoff,,6.88
on trip -> DROPOFF,20627,2026-07-29,2026-07-29 13:43:04,0,dropoff,,-2.45
on trip -> DROPOFF,20628,2026-08-05,2026-08-05 14:20:38,6,dropoff,,5.64
on trip -> DROPOFF,20646,2026-07-13,2026-07-13 15:10:19,2,dropoff,,1.48
on trip -> DROPOFF,20647,2026-07-17,2026-07-17 14:38:45,7,dropoff,,4.36
on trip -> DROPOFF,20648,2026-08-03,2026-08-03 22:57:33,2,dropoff,,-0.47
on trip -> DROPOFF,20651,2026-08-14,2026-08-14 14:09:50,12,dropoff,,11.2
on trip -> DROPOFF,20657,2026-06-10,2026-06-10 18:38:37,2,dropoff,,1.59
on trip -> DROPOFF,20666,2026-06-28,2026-06-28 17:26:44,7,dropoff,,6.95
on trip -> DROPOFF,20668,2026-06-27,2026-06-27 09:51:38,6,dropoff,,4.36
on trip -> DROPOFF,20669,2026-06-14,2026-06-14 13:08:25,6,dropoff,,4.63
on trip -> DROPOFF,20670,2026-06-14,2026-06-14 13:35:38,3,dropoff,,1.61
on trip -> DROPOFF,20700,2026-08-13,2026-08-13 14:40:44,1,dropoff,,-1.9
on trip -> DROPOFF,20701,2026-08-18,2026-08-18 13:30:00,7,dropoff,,6.79
on trip -> DROPOFF,20702,2026-08-01,2026-08-02 03:58:04,23,dropoff,,0.48
on trip -> DROPOFF,20719,2026-06-08,2026-06-08 16:40:35,1,dropoff,,-0.02
on trip -> DROPOFF,20722,2026-06-15,2026-06-15 15:31:03,1,dropoff,,-1.89
on trip -> DROPOFF,20734,2026-06-11,2026-06-11 22:12:04,8,dropoff,,5.85
on trip -> DROPOFF,20740,2026-07-07,2026-07-07 17:11:24,9,dropoff,,7.59
on trip -> DROPOFF,20745,2026-06-30,2026-06-30 23:28:46,3,dropoff,,0.58
on trip -> DROPOFF,20746,2026-07-03,2026-07-03 15:47:19,12,dropoff,,10.62
on trip -> DROPOFF,20765,2026-07-19,2026-07-19 14:11:52,5,dropoff,,2.36
on trip -> DROPOFF,20766,2026-07-11,2026-07-11 20:02:21,3,dropoff,,2.89
on trip -> DROPOFF,20776,2026-06-22,2026-06-23 03:58:36,32,dropoff,,-862.59
on trip -> DROPOFF,20779,2026-07-07,2026-07-07 12:36:30,3,dropoff,,2.83
on trip -> DROPOFF,20788,2026-08-16,2026-08-16 20:51:07,8,dropoff,,5.0
on trip -> DROPOFF,20793,2026-06-17,2026-06-17 15:45:01,8,dropoff,,7.4
on trip -> DROPOFF,20803,2026-06-11,2026-06-11 14:14:25,0,dropoff,,-2.43
on trip -> DROPOFF,20804,2026-06-16,2026-06-16 11:05:27,6,dropoff,,5.71
on trip -> DROPOFF,20811,2026-07-12,2026-07-12 11:21:43,6,dropoff,,4.09
on trip -> DROPOFF,20856,2026-06-21,2026-06-21 16:56:09,2,dropoff,,1.15
on trip -> DROPOFF,20857,2026-06-23,2026-06-23 07:53:30,7,dropoff,,6.01
on trip -> DROPOFF,20867,2026-07-06,2026-07-06 14:54:07,6,dropoff,,4.17
on trip -> DROPOFF,20868,2026-06-08,2026-06-08 19:41:54,9,dropoff,,8.0
on trip -> DROPOFF,20869,2026-06-13,2026-06-13 16:33:21,7,dropoff,,5.33
on trip -> DROPOFF,20878,2026-07-11,2026-07-11 16:27:40,6,dropoff,,3.43
on trip -> DROPOFF,20879,2026-07-15,2026-07-15 16:37:36,12,dropoff,,11.36
on trip -> DROPOFF,20881,2026-06-20,2026-06-20 21:56:44,2,dropoff,,0.85
on trip -> DROPOFF,20882,2026-06-27,2026-06-27 16:48:25,6,dropoff,,4.54
on trip -> DROPOFF,20901,2026-06-21,2026-06-21 15:43:41,3,dropoff,,0.8
on trip -> DROPOFF,20907,2026-07-14,2026-07-14 12:01:17,12,dropoff,,10.25
on trip -> DROPOFF,20916,2026-08-02,2026-08-02 20:57:14,6,dropoff,,4.67
on trip -> DROPOFF,20917,2026-06-29,2026-06-29 19:59:53,1,dropoff,,-0.16
on trip -> DROPOFF,20918,2026-07-03,2026-07-03 19:28:03,6,dropoff,,5.58
on trip -> DROPOFF,20925,2026-08-19,2026-08-19 17:29:40,1,dropoff,,-1.86
on trip -> DROPOFF,20944,2026-07-06,2026-07-06 20:53:30,5,dropoff,,3.34
on trip -> DROPOFF,20950,2026-06-16,2026-06-16 12:08:49,5,dropoff,,4.47
on trip -> DROPOFF,20951,2026-07-10,2026-07-11 03:50:05,3,dropoff,,1.04
on trip -> DROPOFF,20957,2026-08-08,2026-08-08 16:13:44,7,dropoff,,6.79
on trip -> DROPOFF,20963,2026-07-09,2026-07-09 16:17:16,2,dropoff,,-0.7
on trip -> DROPOFF,20964,2026-08-18,2026-08-18 20:56:56,21,dropoff,,0.08
on trip -> DROPOFF,20964,2026-08-18,2026-08-18 21:15:03,1,dropoff,,-1.8
on trip -> DROPOFF,20967,2026-06-27,2026-06-27 10:27:51,6,dropoff,,5.69
on trip -> DROPOFF,20973,2026-06-20,2026-06-20 20:29:16,9,dropoff,,6.18
on trip -> DROPOFF,20978,2026-07-28,2026-07-28 15:06:53,6,dropoff,,4.85
on trip -> DROPOFF,20997,2026-06-15,2026-06-15 13:17:39,3,dropoff,,2.95
on trip -> DROPOFF,21000,2026-06-24,2026-06-24 13:47:05,7,dropoff,,4.73
on trip -> DROPOFF,21003,2026-06-19,2026-06-19 15:16:06,4,dropoff,,1.81
on trip -> DROPOFF,21005,2026-06-09,2026-06-09 16:36:34,4,dropoff,,3.4
on trip -> DROPOFF,21008,2026-07-05,2026-07-05 15:10:41,3,dropoff,,1.9
on trip -> DROPOFF,21024,2026-06-19,2026-06-19 10:53:16,4,dropoff,,0.92
on trip -> DROPOFF,21030,2026-06-27,2026-06-27 18:31:10,12,dropoff,,11.66
on trip -> DROPOFF,21041,2026-06-13,2026-06-13 17:18:44,18,dropoff,,17.23
on trip -> DROPOFF,21064,2026-08-01,2026-08-01 23:13:46,10,dropoff,,9.19
on trip -> DROPOFF,21065,2026-08-15,2026-08-15 22:08:15,6,dropoff,,4.88
on trip -> DROPOFF,21066,2026-06-25,2026-06-25 16:37:24,1,dropoff,,-1.6
on trip -> DROPOFF,21079,2026-06-17,2026-06-17 16:42:26,2,dropoff,,-0.74
on trip -> DROPOFF,21089,2026-08-13,2026-08-13 15:04:58,7,dropoff,,5.08
on trip -> DROPOFF,21091,2026-07-24,2026-07-25 03:58:44,6,dropoff,,-496.72
on trip -> DROPOFF,21106,2026-06-22,2026-06-22 18:19:56,3,dropoff,,0.79
on trip -> DROPOFF,21107,2026-06-25,2026-06-25 15:46:04,6,dropoff,,3.67
on trip -> DROPOFF,21135,2026-07-22,2026-07-22 22:04:31,8,dropoff,,6.71
on trip -> DROPOFF,21142,2026-06-17,2026-06-18 01:48:27,2,dropoff,,0.44
on trip -> DROPOFF,21150,2026-06-17,2026-06-17 21:59:17,0,dropoff,,-1.35
on trip -> DROPOFF,21156,2026-06-09,2026-06-09 14:59:53,3,dropoff,,0.42
on trip -> DROPOFF,21157,2026-06-12,2026-06-12 11:35:31,7,dropoff,,4.04
on trip -> DROPOFF,21167,2026-06-25,2026-06-25 18:07:59,4,dropoff,,2.72
on trip -> DROPOFF,21171,2026-06-25,2026-06-25 18:11:01,8,dropoff,,7.98
on trip -> DROPOFF,21175,2026-06-27,2026-06-27 11:25:12,7,dropoff,,5.27
on trip -> DROPOFF,21179,2026-06-27,2026-06-27 14:08:20,3,dropoff,,2.58
on trip -> DROPOFF,21186,2026-07-12,2026-07-12 14:01:53,0,dropoff,,-0.08
on trip -> DROPOFF,21189,2026-06-12,2026-06-12 21:20:13,2,dropoff,,-0.71
on trip -> DROPOFF,21199,2026-06-14,2026-06-14 21:36:39,2,dropoff,,-0.36
on trip -> DROPOFF,21202,2026-06-28,2026-06-28 18:51:17,4,dropoff,,2.72
on trip -> DROPOFF,21206,2026-07-14,2026-07-14 08:12:17,7,dropoff,,6.03
on trip -> DROPOFF,21210,2026-07-05,2026-07-05 09:53:32,6,dropoff,,3.1
on trip -> DROPOFF,21211,2026-06-23,2026-06-23 19:54:41,1,dropoff,,-1.95
on trip -> DROPOFF,21212,2026-06-28,2026-06-28 18:06:00,6,dropoff,,4.52
on trip -> DROPOFF,21226,2026-07-12,2026-07-12 17:09:16,5,dropoff,,4.25
on trip -> DROPOFF,21227,2026-07-17,2026-07-17 19:10:53,7,dropoff,,5.52
on trip -> DROPOFF,21230,2026-06-13,2026-06-13 22:03:06,3,dropoff,,2.84
on trip -> DROPOFF,21243,2026-08-21,2026-08-21 20:55:59,11,dropoff,,9.58
on trip -> DROPOFF,21245,2026-06-26,2026-06-26 15:37:01,6,dropoff,,5.26
on trip -> DROPOFF,21247,2026-07-18,2026-07-18 17:14:58,8,dropoff,,-6.02
on trip -> DROPOFF,21254,2026-06-26,2026-06-26 08:58:22,7,dropoff,,6.97
on trip -> DROPOFF,21278,2026-06-26,2026-06-26 15:18:53,1,dropoff,,0.27
on trip -> DROPOFF,21280,2026-07-18,2026-07-18 16:29:37,7,dropoff,,4.3
on trip -> DROPOFF,21284,2026-06-20,2026-06-20 09:55:06,6,dropoff,,3.53
on trip -> DROPOFF,21289,2026-06-23,2026-06-23 11:33:33,8,dropoff,,5.45
on trip -> DROPOFF,21300,2026-08-03,2026-08-03 16:47:28,13,dropoff,,12.07
on trip -> DROPOFF,21303,2026-07-26,2026-07-26 16:23:48,12,dropoff,,10.12
on trip -> DROPOFF,21314,2026-07-20,2026-07-20 18:36:35,4,dropoff,,2.86
on trip -> DROPOFF,21321,2026-06-14,2026-06-14 18:23:09,7,dropoff,,5.32
on trip -> DROPOFF,21326,2026-06-24,2026-06-24 11:58:26,6,dropoff,,5.13
on trip -> DROPOFF,21327,2026-07-05,2026-07-05 20:57:57,0,dropoff,,-2.3
on trip -> DROPOFF,21334,2026-06-17,2026-06-17 18:00:56,3,dropoff,,0.37
on trip -> DROPOFF,21336,2026-06-20,2026-06-20 08:06:32,2,dropoff,,-0.68
on trip -> DROPOFF,21353,2026-07-21,2026-07-21 16:38:36,0,dropoff,,-1.79
on trip -> DROPOFF,21354,2026-07-24,2026-07-24 09:18:28,9,dropoff,,7.78
on trip -> DROPOFF,21362,2026-07-05,2026-07-05 16:47:25,13,dropoff,,10.19
on trip -> DROPOFF,21377,2026-06-11,2026-06-11 20:17:41,6,dropoff,,4.4
on trip -> DROPOFF,21382,2026-08-05,2026-08-06 00:08:34,1,dropoff,,-0.32
on trip -> DROPOFF,21386,2026-07-15,2026-07-15 13:00:01,9,dropoff,,7.94
on trip -> DROPOFF,21394,2026-08-02,2026-08-02 14:51:06,0,dropoff,,-0.83
on trip -> DROPOFF,21395,2026-08-09,2026-08-09 14:03:13,6,dropoff,,3.21
on trip -> DROPOFF,21400,2026-08-04,2026-08-04 23:09:25,1,dropoff,,-1.39
on trip -> DROPOFF,21401,2026-07-05,2026-07-05 13:12:48,1,dropoff,,-0.24
on trip -> DROPOFF,21404,2026-06-22,2026-06-22 13:56:12,7,dropoff,,4.97
on trip -> DROPOFF,21414,2026-06-21,2026-06-21 13:33:51,12,dropoff,,10.81
on trip -> DROPOFF,21417,2026-06-18,2026-06-18 19:25:34,33,dropoff,,30.25
on trip -> DROPOFF,21430,2026-07-02,2026-07-02 08:33:13,2,dropoff,,1.88
on trip -> DROPOFF,21433,2026-06-21,2026-06-22 03:59:28,8,dropoff,,-0.9
on trip -> DROPOFF,21447,2026-06-20,2026-06-20 23:24:09,2,dropoff,,0.62
on trip -> DROPOFF,21448,2026-06-26,2026-06-26 13:02:49,5,dropoff,,3.23
on trip -> DROPOFF,21454,2026-06-16,2026-06-16 11:32:37,5,dropoff,,2.54
on trip -> DROPOFF,21461,2026-06-15,2026-06-16 02:14:37,6,dropoff,,3.0
on trip -> DROPOFF,21472,2026-06-14,2026-06-14 11:31:33,1,dropoff,,-1.95
on trip -> DROPOFF,21478,2026-08-09,2026-08-09 16:31:48,2,dropoff,,1.13
on trip -> DROPOFF,21485,2026-06-25,2026-06-25 11:32:33,6,dropoff,,5.63
on trip -> DROPOFF,21495,2026-07-16,2026-07-16 19:51:40,2,dropoff,,-0.84
on trip -> DROPOFF,21496,2026-07-21,2026-07-21 13:02:54,6,dropoff,,3.34
on trip -> DROPOFF,21499,2026-06-11,2026-06-11 13:35:02,2,dropoff,,1.22
on trip -> DROPOFF,21500,2026-06-14,2026-06-14 16:37:17,3,dropoff,,1.59
on trip -> DROPOFF,21510,2026-07-17,2026-07-17 18:25:33,6,dropoff,,4.88
on trip -> DROPOFF,21512,2026-07-02,2026-07-02 20:08:43,6,dropoff,,4.82
on trip -> DROPOFF,21517,2026-07-03,2026-07-03 12:39:53,6,dropoff,,5.45
on trip -> DROPOFF,21540,2026-06-12,2026-06-12 20:13:43,7,dropoff,,5.13
on trip -> DROPOFF,21541,2026-06-17,2026-06-17 15:51:03,0,dropoff,,-0.75
on trip -> DROPOFF,21542,2026-06-24,2026-06-24 12:31:38,5,dropoff,,2.06
on trip -> DROPOFF,21557,2026-06-13,2026-06-13 14:53:29,0,dropoff,,-2.36
on trip -> DROPOFF,21559,2026-06-13,2026-06-13 09:17:37,6,dropoff,,5.48
on trip -> DROPOFF,21567,2026-06-22,2026-06-22 17:22:25,7,dropoff,,4.38
on trip -> DROPOFF,21573,2026-06-11,2026-06-11 21:44:53,2,dropoff,,-0.11
on trip -> DROPOFF,21574,2026-06-17,2026-06-17 08:27:36,7,dropoff,,6.53
on trip -> DROPOFF,21614,2026-07-17,2026-07-17 12:55:59,5,dropoff,,3.87
on trip -> DROPOFF,21615,2026-07-24,2026-07-24 11:00:57,8,dropoff,,6.66
on trip -> DROPOFF,21638,2026-06-27,2026-06-27 11:31:14,5,dropoff,,4.41
on trip -> DROPOFF,21648,2026-07-07,2026-07-07 16:38:11,1,dropoff,,0.31
on trip -> DROPOFF,21652,2026-06-08,2026-06-08 18:35:27,5,dropoff,,4.8
on trip -> DROPOFF,21654,2026-06-27,2026-06-27 17:00:30,1,dropoff,,0.6
on trip -> DROPOFF,21655,2026-07-03,2026-07-03 18:48:46,10,dropoff,,9.28
on trip -> DROPOFF,21656,2026-06-21,2026-06-21 16:13:54,19,dropoff,,-22.86
on trip -> DROPOFF,21656,2026-06-21,2026-06-21 16:53:08,4,dropoff,,1.37
on trip -> DROPOFF,21657,2026-06-26,2026-06-26 12:47:43,6,dropoff,,2.99
on trip -> DROPOFF,21685,2026-07-07,2026-07-07 22:01:00,6,dropoff,,5.76
on trip -> DROPOFF,21686,2026-07-10,2026-07-10 15:49:16,4,dropoff,,2.23
on trip -> DROPOFF,21687,2026-07-15,2026-07-15 19:11:38,15,dropoff,,13.16
on trip -> DROPOFF,21688,2026-06-14,2026-06-14 16:43:21,3,dropoff,,0.53
on trip -> DROPOFF,21698,2026-07-26,2026-07-26 10:33:54,7,dropoff,,5.85
on trip -> DROPOFF,21703,2026-06-08,2026-06-08 19:11:43,2,dropoff,,-0.94
on trip -> DROPOFF,21706,2026-06-11,2026-06-11 18:28:57,7,dropoff,,6.46
on trip -> DROPOFF,21709,2026-06-10,2026-06-10 21:03:53,1,dropoff,,-1.64
on trip -> DROPOFF,21710,2026-06-15,2026-06-15 10:37:16,5,dropoff,,4.76
on trip -> DROPOFF,21720,2026-06-19,2026-06-19 12:08:45,11,dropoff,,8.22
on trip -> DROPOFF,21723,2026-06-11,2026-06-12 03:23:41,1,dropoff,,-0.97
on trip -> DROPOFF,21724,2026-06-20,2026-06-20 18:49:40,7,dropoff,,6.51
on trip -> DROPOFF,21733,2026-07-11,2026-07-12 00:33:51,1,dropoff,,-0.17
on trip -> DROPOFF,21734,2026-07-16,2026-07-16 13:43:23,7,dropoff,,6.83
on trip -> DROPOFF,21737,2026-06-12,2026-06-13 00:03:57,0,dropoff,,-1.13
on trip -> DROPOFF,21758,2026-08-07,2026-08-07 15:56:45,9,dropoff,,8.97
on trip -> DROPOFF,21761,2026-07-11,2026-07-11 23:21:30,6,dropoff,,4.73
on trip -> DROPOFF,21762,2026-07-17,2026-07-17 08:30:34,6,dropoff,,4.54
on trip -> DROPOFF,21765,2026-06-26,2026-06-27 00:58:26,5,dropoff,,4.51
on trip -> DROPOFF,21770,2026-06-25,2026-06-25 13:57:20,0,dropoff,,-2.88
on trip -> DROPOFF,21777,2026-08-15,2026-08-15 19:30:59,0,dropoff,,-1.34
on trip -> DROPOFF,21792,2026-07-30,2026-07-30 21:20:28,4,dropoff,,3.38
on trip -> DROPOFF,21793,2026-08-05,2026-08-05 19:02:34,4,dropoff,,2.7
on trip -> DROPOFF,21796,2026-07-12,2026-07-12 20:55:49,1,dropoff,,-0.62
on trip -> DROPOFF,21799,2026-08-02,2026-08-02 12:27:11,5,dropoff,,2.21
on trip -> DROPOFF,21802,2026-07-07,2026-07-07 18:14:50,2,dropoff,,0.98
on trip -> DROPOFF,21803,2026-07-10,2026-07-10 12:47:52,4,dropoff,,1.92
on trip -> DROPOFF,21805,2026-07-08,2026-07-08 21:53:51,5,dropoff,,2.49
on trip -> DROPOFF,21814,2026-08-03,2026-08-03 12:59:06,6,dropoff,,4.51
on trip -> DROPOFF,21816,2026-07-03,2026-07-03 13:22:13,3,dropoff,,1.46
on trip -> DROPOFF,21831,2026-07-25,2026-07-25 15:12:35,1,dropoff,,0.62
on trip -> DROPOFF,21832,2026-07-31,2026-07-31 09:29:56,7,dropoff,,4.8
on trip -> DROPOFF,21840,2026-08-08,2026-08-08 18:10:49,8,dropoff,,7.62
on trip -> DROPOFF,21841,2026-06-22,2026-06-22 19:59:49,3,dropoff,,0.44
on trip -> DROPOFF,21871,2026-06-29,2026-06-29 14:27:21,2,dropoff,,1.28
on trip -> DROPOFF,21898,2026-06-23,2026-06-23 21:34:09,9,dropoff,,6.14
on trip -> DROPOFF,21899,2026-06-30,2026-06-30 09:51:14,6,dropoff,,5.34
on trip -> DROPOFF,21900,2026-06-11,2026-06-11 23:07:33,8,dropoff,,6.54
on trip -> DROPOFF,21907,2026-08-01,2026-08-01 15:06:11,4,dropoff,,2.3
on trip -> DROPOFF,21921,2026-06-14,2026-06-14 11:49:42,1,dropoff,,-0.22
on trip -> DROPOFF,21922,2026-06-15,2026-06-15 08:54:40,6,dropoff,,4.9
on trip -> DROPOFF,21933,2026-06-18,2026-06-18 16:41:02,3,dropoff,,0.69
on trip -> DROPOFF,21934,2026-06-22,2026-06-22 19:08:24,4,dropoff,,1.05
on trip -> DROPOFF,21941,2026-06-11,2026-06-11 15:05:53,6,dropoff,,5.58
on trip -> DROPOFF,21947,2026-06-16,2026-06-16 18:52:53,9,dropoff,,7.57
on trip -> DROPOFF,21953,2026-07-19,2026-07-19 15:45:19,13,dropoff,,10.6
on trip -> DROPOFF,21968,2026-06-10,2026-06-10 15:21:51,3,dropoff,,2.85
on trip -> DROPOFF,21970,2026-08-06,2026-08-07 00:06:24,31,dropoff,,30.4
on trip -> DROPOFF,21978,2026-06-25,2026-06-25 18:41:58,6,dropoff,,5.2
on trip -> DROPOFF,21981,2026-07-13,2026-07-13 13:51:46,12,dropoff,,11.68
on trip -> DROPOFF,21990,2026-07-13,2026-07-13 17:14:15,9,dropoff,,7.03
on trip -> DROPOFF,21996,2026-08-16,2026-08-16 16:51:08,2,dropoff,,0.98
on trip -> DROPOFF,21998,2026-08-21,2026-08-21 17:39:38,1,dropoff,,-0.71
on trip -> DROPOFF,22011,2026-06-11,2026-06-11 09:27:29,7,dropoff,,5.15
on trip -> DROPOFF,22012,2026-06-20,2026-06-20 20:56:23,1,dropoff,,0.97
on trip -> DROPOFF,22016,2026-06-27,2026-06-27 11:07:05,5,dropoff,,2.28
on trip -> DROPOFF,22018,2026-06-10,2026-06-10 21:52:13,1,dropoff,,-0.39
on trip -> DROPOFF,22029,2026-06-12,2026-06-12 11:17:23,6,dropoff,,5.74
on trip -> DROPOFF,22052,2026-06-16,2026-06-16 20:43:10,8,dropoff,,5.38
on trip -> DROPOFF,22053,2026-06-22,2026-06-22 17:01:10,1,dropoff,,0.95
on trip -> DROPOFF,22073,2026-06-29,2026-06-29 13:57:07,3,dropoff,,1.74
on trip -> DROPOFF,22075,2026-06-30,2026-06-30 14:01:31,7,dropoff,,5.92
on trip -> DROPOFF,22083,2026-06-25,2026-06-25 23:37:40,3,dropoff,,0.63
on trip -> DROPOFF,22088,2026-06-09,2026-06-09 13:59:31,9,dropoff,,5.99
on trip -> DROPOFF,22090,2026-06-13,2026-06-13 18:22:17,8,dropoff,,5.15
on trip -> DROPOFF,22092,2026-06-26,2026-06-26 15:21:54,6,dropoff,,4.12
on trip -> DROPOFF,22114,2026-06-09,2026-06-09 13:44:24,7,dropoff,,6.87
on trip -> DROPOFF,22116,2026-07-09,2026-07-09 12:54:40,9,dropoff,,8.6
on trip -> DROPOFF,22123,2026-06-09,2026-06-09 10:49:14,6,dropoff,,5.27
on trip -> DROPOFF,22137,2026-06-16,2026-06-16 20:43:10,1,dropoff,,-1.52
on trip -> DROPOFF,22139,2026-06-10,2026-06-10 16:40:38,32,dropoff,,30.31
on trip -> DROPOFF,22140,2026-06-14,2026-06-14 10:00:46,6,dropoff,,3.32
on trip -> DROPOFF,22144,2026-06-15,2026-06-15 18:47:55,3,dropoff,,2.06
on trip -> DROPOFF,22145,2026-06-18,2026-06-18 19:04:23,7,dropoff,,6.97
on trip -> DROPOFF,22163,2026-06-16,2026-06-16 16:40:24,7,dropoff,,6.63
on trip -> DROPOFF,22179,2026-07-11,2026-07-11 15:12:04,5,dropoff,,4.34
on trip -> DROPOFF,22181,2026-08-16,2026-08-16 18:43:31,0,dropoff,,-1.81
on trip -> DROPOFF,22190,2026-06-29,2026-06-29 13:14:47,4,dropoff,,2.87
on trip -> DROPOFF,22205,2026-06-17,2026-06-17 16:00:07,3,dropoff,,0.69
on trip -> DROPOFF,22206,2026-06-20,2026-06-20 12:04:54,10,dropoff,,7.65
on trip -> DROPOFF,22212,2026-06-28,2026-06-28 13:46:07,3,dropoff,,0.54
on trip -> DROPOFF,22217,2026-06-25,2026-06-25 20:33:35,7,dropoff,,4.54
on trip -> DROPOFF,22218,2026-07-24,2026-07-24 14:27:05,4,dropoff,,0.97
on trip -> DROPOFF,22219,2026-08-01,2026-08-01 14:29:45,6,dropoff,,5.91
on trip -> DROPOFF,22223,2026-06-18,2026-06-18 14:28:04,6,dropoff,,5.11
on trip -> DROPOFF,22224,2026-07-22,2026-07-22 21:25:14,4,dropoff,,2.66
on trip -> DROPOFF,22225,2026-07-28,2026-07-28 17:43:37,6,dropoff,,5.06
on trip -> DROPOFF,22238,2026-07-06,2026-07-06 20:11:18,3,dropoff,,0.38
on trip -> DROPOFF,22239,2026-07-13,2026-07-13 21:21:53,7,dropoff,,4.98
on trip -> DROPOFF,22246,2026-06-19,2026-06-19 18:29:34,1,dropoff,,-1.8
on trip -> DROPOFF,22248,2026-06-16,2026-06-16 15:03:49,2,dropoff,,0.31
on trip -> DROPOFF,22252,2026-07-03,2026-07-03 15:38:14,3,dropoff,,2.85
on trip -> DROPOFF,22253,2026-07-06,2026-07-06 13:29:28,6,dropoff,,4.67
on trip -> DROPOFF,22259,2026-06-18,2026-06-18 10:41:44,4,dropoff,,2.18
on trip -> DROPOFF,22261,2026-07-05,2026-07-05 18:51:13,1,dropoff,,-1.8
on trip -> DROPOFF,22262,2026-07-13,2026-07-13 12:54:20,68,dropoff,,-6.65
on trip -> DROPOFF,22262,2026-07-13,2026-07-13 14:06:53,5,dropoff,,2.9
on trip -> DROPOFF,22270,2026-06-15,2026-06-15 16:13:27,10,dropoff,,7.41
on trip -> DROPOFF,22272,2026-06-22,2026-06-22 08:42:29,6,dropoff,,5.49
on trip -> DROPOFF,22279,2026-08-20,2026-08-20 15:33:19,7,dropoff,,5.8
on trip -> DROPOFF,22280,2026-06-13,2026-06-13 23:36:46,2,dropoff,,1.75
on trip -> DROPOFF,22291,2026-06-12,2026-06-12 09:40:53,8,dropoff,,5.14
on trip -> DROPOFF,22297,2026-08-01,2026-08-01 19:41:34,9,dropoff,,8.24
on trip -> DROPOFF,22300,2026-07-29,2026-07-29 22:02:20,2,dropoff,,-0.16
on trip -> DROPOFF,22308,2026-06-12,2026-06-12 08:52:35,2,dropoff,,1.25
on trip -> DROPOFF,22310,2026-06-13,2026-06-13 21:08:39,5,dropoff,,2.83
on trip -> DROPOFF,22315,2026-07-01,2026-07-01 14:59:37,2,dropoff,,0.39
on trip -> DROPOFF,22317,2026-06-11,2026-06-11 18:35:00,4,dropoff,,1.3
on trip -> DROPOFF,22318,2026-08-09,2026-08-09 18:28:27,0,dropoff,,-0.4
on trip -> DROPOFF,22328,2026-06-12,2026-06-13 01:40:29,2,dropoff,,-0.79
on trip -> DROPOFF,22329,2026-06-16,2026-06-16 15:52:07,3,dropoff,,1.9
on trip -> DROPOFF,22339,2026-06-23,2026-06-23 18:03:02,7,dropoff,,5.31
on trip -> DROPOFF,22340,2026-07-11,2026-07-11 21:48:00,2,dropoff,,1.8
on trip -> DROPOFF,22342,2026-06-29,2026-06-29 14:12:14,4,dropoff,,1.37
on trip -> DROPOFF,22343,2026-07-03,2026-07-03 08:56:17,7,dropoff,,4.38
on trip -> DROPOFF,22344,2026-06-13,2026-06-13 15:29:47,3,dropoff,,1.74
on trip -> DROPOFF,22349,2026-07-15,2026-07-15 13:51:23,4,dropoff,,3.21
on trip -> DROPOFF,22350,2026-07-23,2026-07-23 14:56:53,4,dropoff,,1.84
on trip -> DROPOFF,22354,2026-06-17,2026-06-17 19:43:24,3,dropoff,,1.22
on trip -> DROPOFF,22356,2026-06-25,2026-06-25 07:55:38,6,dropoff,,5.11
on trip -> DROPOFF,22365,2026-07-18,2026-07-18 21:23:22,6,dropoff,,5.02
on trip -> DROPOFF,22378,2026-07-28,2026-07-28 15:18:58,25,dropoff,,-11.91
on trip -> DROPOFF,22379,2026-08-02,2026-08-02 18:15:29,6,dropoff,,4.06
on trip -> DROPOFF,22389,2026-06-15,2026-06-15 19:31:00,2,dropoff,,-0.87
on trip -> DROPOFF,22394,2026-06-17,2026-06-17 13:16:59,9,dropoff,,7.97
on trip -> DROPOFF,22398,2026-06-14,2026-06-14 13:05:23,5,dropoff,,4.8
on trip -> DROPOFF,22404,2026-06-18,2026-06-18 12:54:31,6,dropoff,,3.49
on trip -> DROPOFF,22408,2026-06-14,2026-06-14 23:37:21,6,dropoff,,3.16
on trip -> DROPOFF,22409,2026-06-15,2026-06-16 03:59:54,16,dropoff,,-895.06
on trip -> DROPOFF,22415,2026-08-08,2026-08-08 12:38:21,7,dropoff,,4.74
on trip -> DROPOFF,22416,2026-06-10,2026-06-10 21:00:52,1,dropoff,,-0.69
on trip -> DROPOFF,22420,2026-08-04,2026-08-04 10:15:24,6,dropoff,,5.51
on trip -> DROPOFF,22421,2026-06-20,2026-06-20 15:33:19,10,dropoff,,9.41
on trip -> DROPOFF,22423,2026-07-05,2026-07-05 13:06:45,0,dropoff,,-0.68
on trip -> DROPOFF,22424,2026-07-12,2026-07-12 22:29:22,8,dropoff,,5.97
on trip -> DROPOFF,22434,2026-08-07,2026-08-07 19:28:40,6,dropoff,,3.11
on trip -> DROPOFF,22443,2026-06-08,2026-06-08 23:43:23,7,dropoff,,6.69
on trip -> DROPOFF,22446,2026-07-14,2026-07-14 21:38:03,6,dropoff,,3.17
on trip -> DROPOFF,22449,2026-07-28,2026-07-29 01:31:24,4,dropoff,,3.99
on trip -> DROPOFF,22450,2026-08-04,2026-08-04 18:55:16,7,dropoff,,5.54
on trip -> DROPOFF,22451,2026-07-19,2026-07-19 16:36:14,6,dropoff,,3.27
on trip -> DROPOFF,22455,2026-07-30,2026-07-30 17:03:03,2,dropoff,,-0.23
on trip -> DROPOFF,22456,2026-08-06,2026-08-06 19:59:22,13,dropoff,,11.07
on trip -> DROPOFF,22460,2026-06-21,2026-06-21 13:39:54,4,dropoff,,1.47
on trip -> DROPOFF,22475,2026-07-19,2026-07-19 12:55:59,1,dropoff,,0.63
on trip -> DROPOFF,22487,2026-06-08,2026-06-08 19:29:50,2,dropoff,,-0.17
on trip -> DROPOFF,22488,2026-06-12,2026-06-12 12:26:59,8,dropoff,,5.77
on trip -> DROPOFF,22494,2026-06-14,2026-06-14 19:59:59,8,dropoff,,5.39
on trip -> DROPOFF,22496,2026-06-23,2026-06-23 15:47:07,1,dropoff,,0.88
on trip -> DROPOFF,22497,2026-06-30,2026-06-30 16:53:43,6,dropoff,,4.15
on trip -> DROPOFF,22510,2026-06-10,2026-06-10 18:20:28,0,dropoff,,-1.69
on trip -> DROPOFF,22511,2026-06-17,2026-06-17 18:43:14,9,dropoff,,8.91
on trip -> DROPOFF,22514,2026-07-03,2026-07-03 22:04:58,3,dropoff,,2.05
on trip -> DROPOFF,22515,2026-07-11,2026-07-11 18:40:43,7,dropoff,,6.7
on trip -> DROPOFF,22517,2026-06-08,2026-06-08 13:36:08,12,dropoff,,11.16
on trip -> DROPOFF,22519,2026-06-09,2026-06-09 13:38:21,1,dropoff,,-1.34
on trip -> DROPOFF,22526,2026-06-27,2026-06-27 19:34:35,5,dropoff,,4.69
on trip -> DROPOFF,22527,2026-07-04,2026-07-04 08:55:24,5,dropoff,,4.06
on trip -> DROPOFF,22546,2026-06-23,2026-06-23 11:00:22,2,dropoff,,-0.62
on trip -> DROPOFF,22547,2026-06-10,2026-06-10 20:39:43,6,dropoff,,5.11
on trip -> DROPOFF,22551,2026-06-14,2026-06-14 13:50:47,6,dropoff,,3.75
on trip -> DROPOFF,22554,2026-08-10,2026-08-10 18:03:28,8,dropoff,,7.94
on trip -> DROPOFF,22556,2026-06-12,2026-06-12 21:29:19,7,dropoff,,5.84
on trip -> DROPOFF,22562,2026-06-16,2026-06-16 20:43:10,7,dropoff,,6.39
on trip -> DROPOFF,22567,2026-08-06,2026-08-06 14:27:01,2,dropoff,,1.62
on trip -> DROPOFF,22570,2026-06-13,2026-06-13 21:17:44,2,dropoff,,0.46
on trip -> DROPOFF,22574,2026-06-18,2026-06-18 14:03:55,2,dropoff,,1.22
on trip -> DROPOFF,22575,2026-06-25,2026-06-26 00:16:50,7,dropoff,,4.18
on trip -> DROPOFF,22584,2026-06-26,2026-06-26 16:40:25,7,dropoff,,4.79
on trip -> DROPOFF,22589,2026-06-12,2026-06-12 07:49:06,2,dropoff,,1.19
on trip -> DROPOFF,22591,2026-07-06,2026-07-06 12:44:05,0,dropoff,,-0.75
on trip -> DROPOFF,22593,2026-06-26,2026-06-26 15:03:45,11,dropoff,,10.59
on trip -> DROPOFF,22596,2026-06-11,2026-06-12 01:02:09,1,dropoff,,-0.9
on trip -> DROPOFF,22605,2026-06-29,2026-06-29 20:57:16,3,dropoff,,0.31
on trip -> DROPOFF,22611,2026-06-10,2026-06-10 13:05:36,6,dropoff,,4.88
on trip -> DROPOFF,22615,2026-06-14,2026-06-14 10:34:02,6,dropoff,,5.02
on trip -> DROPOFF,22618,2026-06-12,2026-06-12 21:45:45,6,dropoff,,5.82
on trip -> DROPOFF,22620,2026-06-08,2026-06-09 03:59:28,35,dropoff,,-3.89
on trip -> DROPOFF,22623,2026-06-15,2026-06-15 11:19:32,6,dropoff,,4.2
on trip -> DROPOFF,22624,2026-06-26,2026-06-26 15:21:54,2,dropoff,,1.41
on trip -> DROPOFF,22627,2026-07-22,2026-07-22 14:22:08,6,dropoff,,3.16
on trip -> DROPOFF,22629,2026-06-22,2026-06-22 11:52:21,5,dropoff,,3.92
on trip -> DROPOFF,22631,2026-07-25,2026-07-25 13:22:51,5,dropoff,,3.9
on trip -> DROPOFF,22637,2026-06-14,2026-06-14 12:59:20,5,dropoff,,3.13
on trip -> DROPOFF,22639,2026-06-11,2026-06-11 13:35:02,8,dropoff,,6.36
on trip -> DROPOFF,22641,2026-06-26,2026-06-26 09:13:28,6,dropoff,,4.61
on trip -> DROPOFF,22648,2026-06-12,2026-06-12 13:15:28,21,dropoff,,-5.94
on trip -> DROPOFF,22648,2026-06-12,2026-06-12 13:39:43,6,dropoff,,3.3
on trip -> DROPOFF,22651,2026-07-15,2026-07-15 13:15:08,19,dropoff,,3.92
on trip -> DROPOFF,22651,2026-07-15,2026-07-15 13:27:13,3,dropoff,,0.0
on trip -> DROPOFF,22654,2026-07-09,2026-07-09 14:19:17,2,dropoff,,0.36
on trip -> DROPOFF,22655,2026-07-14,2026-07-14 16:39:07,6,dropoff,,3.58
on trip -> DROPOFF,22657,2026-06-12,2026-06-12 16:29:31,6,dropoff,,5.77
on trip -> DROPOFF,22658,2026-06-10,2026-06-11 00:46:43,2,dropoff,,1.39
on trip -> DROPOFF,22662,2026-06-26,2026-06-26 19:26:32,2,dropoff,,1.23
on trip -> DROPOFF,22663,2026-07-03,2026-07-03 19:28:03,7,dropoff,,5.85
on trip -> DROPOFF,22669,2026-06-08,2026-06-08 14:57:46,1,dropoff,,-1.44
on trip -> DROPOFF,22674,2026-06-13,2026-06-14 01:43:22,39,dropoff,,38.4
on trip -> DROPOFF,22678,2026-07-25,2026-07-25 15:50:40,7,dropoff,,5.43
on trip -> DROPOFF,22691,2026-07-01,2026-07-01 17:48:32,4,dropoff,,3.34
on trip -> DROPOFF,22694,2026-07-19,2026-07-19 18:49:05,3,dropoff,,2.44
on trip -> DROPOFF,22695,2026-07-22,2026-07-22 21:07:09,6,dropoff,,3.44
on trip -> DROPOFF,22699,2026-07-11,2026-07-11 19:23:05,10,dropoff,,9.66
on trip -> DROPOFF,22701,2026-06-23,2026-06-23 14:01:27,10,dropoff,,7.11
on trip -> DROPOFF,22702,2026-06-26,2026-06-26 20:57:04,6,dropoff,,3.14
on trip -> DROPOFF,22704,2026-07-01,2026-07-01 17:27:25,4,dropoff,,1.12
on trip -> DROPOFF,22706,2026-07-03,2026-07-03 12:30:50,6,dropoff,,3.7
on trip -> DROPOFF,22717,2026-07-01,2026-07-01 18:12:40,1,dropoff,,-0.46
on trip -> DROPOFF,22718,2026-07-07,2026-07-07 15:31:43,4,dropoff,,2.8
on trip -> DROPOFF,22719,2026-07-06,2026-07-06 16:00:34,7,dropoff,,5.81
on trip -> DROPOFF,22729,2026-07-09,2026-07-10 03:33:10,0,dropoff,,-0.43
on trip -> DROPOFF,22734,2026-06-17,2026-06-17 18:31:09,5,dropoff,,4.71
on trip -> DROPOFF,22741,2026-06-28,2026-06-28 14:58:40,3,dropoff,,0.9
on trip -> DROPOFF,22742,2026-07-05,2026-07-05 14:28:21,1,dropoff,,-0.56
on trip -> DROPOFF,22747,2026-08-02,2026-08-03 00:03:07,3,dropoff,,1.38
on trip -> DROPOFF,22762,2026-06-15,2026-06-15 15:06:49,2,dropoff,,-0.16
on trip -> DROPOFF,22763,2026-06-19,2026-06-19 14:27:44,1,dropoff,,-1.5
on trip -> DROPOFF,22765,2026-07-03,2026-07-03 21:16:43,2,dropoff,,1.31
on trip -> DROPOFF,22766,2026-07-08,2026-07-08 14:56:42,5,dropoff,,2.33
on trip -> DROPOFF,22775,2026-06-12,2026-06-12 17:42:20,7,dropoff,,6.93
on trip -> DROPOFF,22776,2026-07-08,2026-07-08 13:16:55,1,dropoff,,-1.46
on trip -> DROPOFF,22777,2026-06-12,2026-06-12 23:25:27,0,dropoff,,-0.89
on trip -> DROPOFF,22781,2026-06-09,2026-06-09 20:07:54,1,dropoff,,-0.83
on trip -> DROPOFF,22782,2026-06-13,2026-06-13 16:27:17,6,dropoff,,4.75
on trip -> DROPOFF,22784,2026-06-19,2026-06-19 23:37:32,6,dropoff,,5.45
on trip -> DROPOFF,22788,2026-06-09,2026-06-09 13:59:31,0,dropoff,,-0.41
on trip -> DROPOFF,22790,2026-06-28,2026-06-29 03:29:59,1,dropoff,,-0.82
on trip -> DROPOFF,22791,2026-07-03,2026-07-03 11:00:09,6,dropoff,,4.37
on trip -> DROPOFF,22792,2026-08-03,2026-08-03 20:50:19,1,dropoff,,0.07
on trip -> DROPOFF,22796,2026-08-04,2026-08-05 00:54:51,0,dropoff,,-0.27
on trip -> DROPOFF,22801,2026-07-04,2026-07-04 17:01:19,2,dropoff,,1.81
on trip -> DROPOFF,22811,2026-08-03,2026-08-04 00:02:03,6,dropoff,,3.02
on trip -> DROPOFF,22813,2026-06-16,2026-06-16 11:50:44,8,dropoff,,6.67
on trip -> DROPOFF,22814,2026-06-25,2026-06-25 15:27:56,1,dropoff,,0.44
on trip -> DROPOFF,22815,2026-07-03,2026-07-03 22:29:06,7,dropoff,,4.05
on trip -> DROPOFF,22818,2026-06-30,2026-06-30 12:21:57,2,dropoff,,-0.9
on trip -> DROPOFF,22822,2026-07-22,2026-07-23 02:01:24,0,dropoff,,-1.52
on trip -> DROPOFF,22826,2026-06-20,2026-06-20 16:27:48,5,dropoff,,4.89
on trip -> DROPOFF,22829,2026-06-22,2026-06-22 23:39:50,0,dropoff,,-0.72
on trip -> DROPOFF,22831,2026-07-25,2026-07-25 14:12:10,9,dropoff,,8.45
on trip -> DROPOFF,22832,2026-08-01,2026-08-01 13:53:30,10,dropoff,,8.22
on trip -> DROPOFF,22833,2026-06-13,2026-06-13 18:40:27,3,dropoff,,0.46
on trip -> DROPOFF,22834,2026-06-17,2026-06-17 16:51:30,8,dropoff,,6.35
on trip -> DROPOFF,22846,2026-07-12,2026-07-12 20:31:39,5,dropoff,,4.54
on trip -> DROPOFF,22848,2026-06-24,2026-06-24 20:32:08,6,dropoff,,5.67
on trip -> DROPOFF,22850,2026-06-17,2026-06-17 13:20:01,6,dropoff,,4.69
on trip -> DROPOFF,22855,2026-06-13,2026-06-13 20:11:11,3,dropoff,,0.39
on trip -> DROPOFF,22856,2026-06-19,2026-06-19 17:56:21,7,dropoff,,5.49
on trip -> DROPOFF,22859,2026-07-11,2026-07-11 12:37:51,6,dropoff,,5.17
on trip -> DROPOFF,22862,2026-06-18,2026-06-18 17:20:21,39,dropoff,,37.99
on trip -> DROPOFF,22863,2026-06-25,2026-06-25 19:06:06,6,dropoff,,4.03
on trip -> DROPOFF,22866,2026-06-08,2026-06-08 11:17:06,6,dropoff,,4.92
on trip -> DROPOFF,22868,2026-06-14,2026-06-14 11:34:35,6,dropoff,,4.91
on trip -> DROPOFF,22869,2026-07-08,2026-07-08 19:41:06,8,dropoff,,8.0
on trip -> DROPOFF,22876,2026-07-04,2026-07-05 00:42:28,2,dropoff,,-0.39
on trip -> DROPOFF,22879,2026-06-12,2026-06-12 09:28:48,8,dropoff,,6.66
on trip -> DROPOFF,22885,2026-06-26,2026-06-26 18:53:19,4,dropoff,,3.51
on trip -> DROPOFF,22887,2026-06-26,2026-06-26 21:21:12,6,dropoff,,5.15
on trip -> DROPOFF,22891,2026-06-24,2026-06-24 20:35:10,4,dropoff,,2.05
on trip -> DROPOFF,22897,2026-06-20,2026-06-20 13:53:37,0,dropoff,,-2.31
on trip -> DROPOFF,22902,2026-06-12,2026-06-12 16:11:20,0,dropoff,,-0.68
on trip -> DROPOFF,22909,2026-06-08,2026-06-08 21:06:28,2,dropoff,,0.57
on trip -> DROPOFF,22913,2026-08-05,2026-08-05 09:33:23,8,dropoff,,6.05
on trip -> DROPOFF,22914,2026-06-08,2026-06-08 21:09:30,0,dropoff,,-1.34
on trip -> DROPOFF,22915,2026-06-13,2026-06-13 12:28:12,8,dropoff,,6.18
on trip -> DROPOFF,22918,2026-06-19,2026-06-20 01:23:00,1,dropoff,,-1.52
on trip -> DROPOFF,22919,2026-06-25,2026-06-25 11:53:39,6,dropoff,,5.12
on trip -> DROPOFF,22920,2026-06-12,2026-06-12 17:02:52,1,dropoff,,-1.69
on trip -> DROPOFF,22921,2026-06-18,2026-06-18 08:35:05,4,dropoff,,1.24
on trip -> DROPOFF,22925,2026-06-29,2026-06-29 15:12:41,4,dropoff,,1.97
on trip -> DROPOFF,22926,2026-07-04,2026-07-04 17:40:34,6,dropoff,,4.49
on trip -> DROPOFF,22930,2026-06-18,2026-06-18 09:41:25,3,dropoff,,2.08
on trip -> DROPOFF,22932,2026-06-10,2026-06-10 13:20:46,1,dropoff,,-1.59
on trip -> DROPOFF,22935,2026-06-26,2026-06-26 13:20:57,5,dropoff,,3.67
on trip -> DROPOFF,22936,2026-07-03,2026-07-03 10:35:59,4,dropoff,,1.62
on trip -> DROPOFF,22939,2026-07-03,2026-07-03 22:23:05,7,dropoff,,5.44
on trip -> DROPOFF,22942,2026-08-13,2026-08-13 18:06:33,0,dropoff,,-1.83
on trip -> DROPOFF,22948,2026-06-21,2026-06-21 20:33:22,9,dropoff,,7.15
on trip -> DROPOFF,22953,2026-06-12,2026-06-13 01:01:17,26,dropoff,,23.82
on trip -> DROPOFF,22955,2026-06-16,2026-06-16 16:04:11,2,dropoff,,-0.57
on trip -> DROPOFF,22957,2026-06-27,2026-06-27 19:37:35,6,dropoff,,5.94
on trip -> DROPOFF,22960,2026-06-23,2026-06-23 19:09:26,3,dropoff,,0.14
on trip -> DROPOFF,22970,2026-06-13,2026-06-13 11:33:42,5,dropoff,,4.71
on trip -> DROPOFF,22972,2026-06-17,2026-06-17 15:35:55,2,dropoff,,1.09
on trip -> DROPOFF,22973,2026-06-21,2026-06-21 10:38:50,8,dropoff,,6.67
on trip -> DROPOFF,22974,2026-08-03,2026-08-03 08:22:05,7,dropoff,,5.37
on trip -> DROPOFF,22983,2026-06-28,2026-06-28 12:51:43,6,dropoff,,4.12
on trip -> DROPOFF,22987,2026-06-16,2026-06-16 17:19:37,7,dropoff,,5.94
on trip -> DROPOFF,22988,2026-08-20,2026-08-21 00:44:26,8,dropoff,,5.11
on trip -> DROPOFF,22991,2026-06-18,2026-06-18 20:41:08,11,dropoff,,9.25
on trip -> DROPOFF,22993,2026-07-22,2026-07-22 16:48:19,1,dropoff,,-0.16
on trip -> DROPOFF,23000,2026-06-20,2026-06-20 15:59:09,10,dropoff,,7.28
on trip -> DROPOFF,23001,2026-06-15,2026-06-15 12:10:59,1,dropoff,,-1.85
on trip -> DROPOFF,23002,2026-06-18,2026-06-18 22:50:48,7,dropoff,,6.77
on trip -> DROPOFF,23003,2026-07-10,2026-07-10 23:21:59,4,dropoff,,3.09
on trip -> DROPOFF,23012,2026-08-05,2026-08-05 15:02:23,4,dropoff,,2.21
on trip -> DROPOFF,23023,2026-06-14,2026-06-14 15:18:34,0,dropoff,,-2.34
on trip -> DROPOFF,23024,2026-06-23,2026-06-23 15:41:05,5,dropoff,,4.94
on trip -> DROPOFF,23026,2026-07-08,2026-07-08 13:35:04,3,dropoff,,2.81
on trip -> DROPOFF,23027,2026-07-22,2026-07-22 13:30:50,0,dropoff,,-1.2
on trip -> DROPOFF,23050,2026-08-08,2026-08-08 17:43:35,6,dropoff,,5.45
on trip -> DROPOFF,23051,2026-07-03,2026-07-03 16:08:31,2,dropoff,,0.31
on trip -> DROPOFF,23052,2026-07-05,2026-07-05 16:35:19,7,dropoff,,5.55
on trip -> DROPOFF,23053,2026-07-04,2026-07-04 16:00:55,6,dropoff,,5.28
on trip -> DROPOFF,23058,2026-07-15,2026-07-15 13:54:24,1,dropoff,,-1.95
on trip -> DROPOFF,23062,2026-06-09,2026-06-09 16:30:30,0,dropoff,,-0.52
on trip -> DROPOFF,23076,2026-06-27,2026-06-27 16:33:20,5,dropoff,,2.31
on trip -> DROPOFF,23079,2026-06-18,2026-06-19 00:45:20,1,dropoff,,-1.38
on trip -> DROPOFF,23082,2026-06-12,2026-06-12 14:37:18,0,dropoff,,-0.71
on trip -> DROPOFF,23083,2026-06-21,2026-06-21 19:42:07,2,dropoff,,1.66
on trip -> DROPOFF,23084,2026-06-22,2026-06-22 10:00:50,5,dropoff,,4.85
on trip -> DROPOFF,23087,2026-06-27,2026-06-27 18:31:10,6,dropoff,,4.89
on trip -> DROPOFF,23090,2026-07-13,2026-07-13 16:38:00,0,dropoff,,-0.24
on trip -> DROPOFF,23092,2026-07-01,2026-07-01 18:27:44,0,dropoff,,-0.21
on trip -> DROPOFF,23101,2026-06-09,2026-06-09 12:46:56,7,dropoff,,5.26
on trip -> DROPOFF,23103,2026-07-31,2026-07-31 21:18:44,0,dropoff,,-2.99
on trip -> DROPOFF,23108,2026-06-12,2026-06-12 12:11:51,0,dropoff,,-2.18
on trip -> DROPOFF,23109,2026-06-18,2026-06-18 09:29:21,6,dropoff,,4.6
on trip -> DROPOFF,23113,2026-07-23,2026-07-23 14:17:38,6,dropoff,,5.05
on trip -> DROPOFF,23114,2026-06-30,2026-06-30 15:56:21,2,dropoff,,0.3
on trip -> DROPOFF,23122,2026-08-21,2026-08-21 16:11:52,3,dropoff,,1.25
on trip -> DROPOFF,23124,2026-06-18,2026-06-18 21:23:23,7,dropoff,,5.04
on trip -> DROPOFF,23126,2026-06-14,2026-06-14 21:45:42,5,dropoff,,3.48
on trip -> DROPOFF,23128,2026-07-05,2026-07-05 18:54:15,5,dropoff,,4.9
on trip -> DROPOFF,23129,2026-07-11,2026-07-11 12:37:51,1,dropoff,,-0.61
on trip -> DROPOFF,23131,2026-07-03,2026-07-03 17:36:13,7,dropoff,,6.91
on trip -> DROPOFF,23133,2026-06-14,2026-06-14 11:31:33,7,dropoff,,4.05
on trip -> DROPOFF,23140,2026-06-13,2026-06-13 18:34:24,6,dropoff,,5.34
on trip -> DROPOFF,23144,2026-06-13,2026-06-13 17:39:56,6,dropoff,,5.1
on trip -> DROPOFF,23147,2026-06-20,2026-06-20 16:12:42,1,dropoff,,-0.51
on trip -> DROPOFF,23148,2026-06-26,2026-06-26 17:31:48,7,dropoff,,4.63
on trip -> DROPOFF,23157,2026-08-11,2026-08-11 21:34:43,7,dropoff,,4.07
on trip -> DROPOFF,23162,2026-07-11,2026-07-11 09:18:39,6,dropoff,,5.14
on trip -> DROPOFF,23165,2026-06-12,2026-06-12 13:33:39,7,dropoff,,4.8
on trip -> DROPOFF,23168,2026-07-11,2026-07-11 23:24:31,19,dropoff,,16.79
on trip -> DROPOFF,23173,2026-06-28,2026-06-28 16:11:12,6,dropoff,,4.27
on trip -> DROPOFF,23174,2026-06-08,2026-06-08 13:39:09,6,dropoff,,5.98
on trip -> DROPOFF,23177,2026-06-11,2026-06-11 18:07:47,0,dropoff,,-0.5
on trip -> DROPOFF,23179,2026-06-16,2026-06-16 16:58:31,2,dropoff,,-0.13
on trip -> DROPOFF,23183,2026-06-21,2026-06-21 13:24:47,6,dropoff,,4.79
on trip -> DROPOFF,23184,2026-07-03,2026-07-03 18:30:37,0,dropoff,,-1.16
on trip -> DROPOFF,23185,2026-07-25,2026-07-26 01:18:15,5,dropoff,,2.07
on trip -> DROPOFF,23186,2026-08-01,2026-08-01 11:40:13,4,dropoff,,1.18
on trip -> DROPOFF,23188,2026-06-17,2026-06-17 19:46:25,10,dropoff,,9.63
on trip -> DROPOFF,23192,2026-06-18,2026-06-18 15:22:27,2,dropoff,,-0.32
on trip -> DROPOFF,23193,2026-06-26,2026-06-26 22:57:45,11,dropoff,,10.1
on trip -> DROPOFF,23203,2026-06-13,2026-06-13 16:21:14,6,dropoff,,5.85
on trip -> DROPOFF,23213,2026-07-06,2026-07-06 21:23:39,10,dropoff,,9.13
on trip -> DROPOFF,23214,2026-06-24,2026-06-24 22:11:35,3,dropoff,,1.42
on trip -> DROPOFF,23218,2026-06-15,2026-06-15 16:43:48,8,dropoff,,5.61
on trip -> DROPOFF,23219,2026-06-19,2026-06-19 12:35:55,2,dropoff,,0.7
on trip -> DROPOFF,23220,2026-06-24,2026-06-24 20:35:10,5,dropoff,,3.73
on trip -> DROPOFF,23225,2026-06-10,2026-06-10 18:17:27,0,dropoff,,-1.73
on trip -> DROPOFF,23226,2026-06-14,2026-06-14 12:44:12,6,dropoff,,3.97
on trip -> DROPOFF,23232,2026-06-13,2026-06-13 13:53:00,6,dropoff,,5.02
on trip -> DROPOFF,23236,2026-06-15,2026-06-15 11:10:28,4,dropoff,,2.03
on trip -> DROPOFF,23238,2026-06-23,2026-06-23 15:44:06,4,dropoff,,1.1
on trip -> DROPOFF,23240,2026-06-28,2026-06-28 21:46:23,1,dropoff,,0.11
on trip -> DROPOFF,23243,2026-08-17,2026-08-17 23:01:57,6,dropoff,,4.8
on trip -> DROPOFF,23244,2026-06-27,2026-06-27 17:15:37,4,dropoff,,1.66
on trip -> DROPOFF,23245,2026-07-03,2026-07-03 17:30:10,9,dropoff,,6.51
on trip -> DROPOFF,23248,2026-06-21,2026-06-21 14:55:22,1,dropoff,,-0.31
on trip -> DROPOFF,23249,2026-06-27,2026-06-27 10:21:49,7,dropoff,,4.6
on trip -> DROPOFF,23253,2026-06-15,2026-06-15 16:52:53,8,dropoff,,6.0
on trip -> DROPOFF,23257,2026-06-14,2026-06-14 12:44:12,8,dropoff,,6.91
on trip -> DROPOFF,23258,2026-06-14,2026-06-14 18:38:19,2,dropoff,,-0.37
on trip -> DROPOFF,23263,2026-07-12,2026-07-12 16:51:07,7,dropoff,,5.88
on trip -> DROPOFF,23265,2026-07-24,2026-07-24 16:24:28,8,dropoff,,5.88
on trip -> DROPOFF,23267,2026-08-21,2026-08-21 17:39:38,12,dropoff,,10.64
on trip -> DROPOFF,23273,2026-06-23,2026-06-24 03:35:36,0,dropoff,,-0.2
on trip -> DROPOFF,23275,2026-06-19,2026-06-19 12:35:55,6,dropoff,,3.54
on trip -> DROPOFF,23276,2026-06-08,2026-06-08 19:05:40,0,dropoff,,-0.89
on trip -> DROPOFF,23277,2026-08-06,2026-08-07 03:06:27,3,dropoff,,1.96
on trip -> DROPOFF,23285,2026-06-13,2026-06-13 20:56:34,7,dropoff,,4.42
on trip -> DROPOFF,23287,2026-06-14,2026-06-14 11:25:29,4,dropoff,,3.17
on trip -> DROPOFF,23288,2026-06-14,2026-06-14 16:28:12,0,dropoff,,-1.28
on trip -> DROPOFF,23289,2026-06-18,2026-06-18 19:37:40,10,dropoff,,7.63
on trip -> DROPOFF,23293,2026-07-23,2026-07-24 03:45:00,6,dropoff,,5.37
on trip -> DROPOFF,23294,2026-07-12,2026-07-12 14:07:56,7,dropoff,,5.31
on trip -> DROPOFF,23297,2026-06-11,2026-06-11 15:02:51,7,dropoff,,4.6
on trip -> DROPOFF,23298,2026-06-16,2026-06-16 14:42:41,6,dropoff,,3.84
on trip -> DROPOFF,23302,2026-06-12,2026-06-13 03:45:21,0,dropoff,,-2.77
on trip -> DROPOFF,23305,2026-07-25,2026-07-25 19:25:07,1,dropoff,,-0.59
on trip -> DROPOFF,23306,2026-08-01,2026-08-01 09:00:19,2,dropoff,,0.4
on trip -> DROPOFF,23308,2026-07-31,2026-07-31 20:57:02,12,dropoff,,10.32
on trip -> DROPOFF,23313,2026-06-09,2026-06-09 17:58:05,2,dropoff,,0.22
on trip -> DROPOFF,23314,2026-06-11,2026-06-11 16:09:26,0,dropoff,,-0.28
on trip -> DROPOFF,23315,2026-06-15,2026-06-15 13:50:59,7,dropoff,,4.63
on trip -> DROPOFF,23316,2026-06-28,2026-06-28 17:26:44,2,dropoff,,0.97
on trip -> DROPOFF,23317,2026-07-03,2026-07-03 17:30:10,6,dropoff,,3.16
on trip -> DROPOFF,23318,2026-07-14,2026-07-14 16:42:08,2,dropoff,,-0.77
on trip -> DROPOFF,23319,2026-07-18,2026-07-18 14:37:26,7,dropoff,,5.45
on trip -> DROPOFF,23320,2026-08-13,2026-08-13 17:27:05,28,dropoff,,-15.3
on trip -> DROPOFF,23320,2026-08-13,2026-08-13 18:09:35,5,dropoff,,4.21
on trip -> DROPOFF,23328,2026-06-17,2026-06-17 16:00:07,10,dropoff,,7.31
on trip -> DROPOFF,23330,2026-07-04,2026-07-04 16:34:09,7,dropoff,,5.1
on trip -> DROPOFF,23335,2026-06-30,2026-06-30 14:22:40,1,dropoff,,-1.36
on trip -> DROPOFF,23336,2026-07-04,2026-07-04 12:50:35,6,dropoff,,5.97
on trip -> DROPOFF,23343,2026-06-12,2026-06-12 16:41:38,8,dropoff,,5.62
on trip -> DROPOFF,23347,2026-06-29,2026-06-29 16:04:06,8,dropoff,,7.03
on trip -> DROPOFF,23349,2026-06-22,2026-06-22 20:48:09,12,dropoff,,9.81
on trip -> DROPOFF,23351,2026-06-22,2026-06-22 14:20:26,6,dropoff,,3.46
on trip -> DROPOFF,23353,2026-07-29,2026-07-29 11:37:32,8,dropoff,,5.89
on trip -> DROPOFF,23354,2026-06-11,2026-06-11 18:16:51,2,dropoff,,1.84
on trip -> DROPOFF,23355,2026-06-22,2026-06-22 18:01:45,8,dropoff,,6.08
on trip -> DROPOFF,23360,2026-06-09,2026-06-09 12:52:59,7,dropoff,,4.96
on trip -> DROPOFF,23362,2026-07-03,2026-07-03 13:04:05,10,dropoff,,7.05
on trip -> DROPOFF,23364,2026-06-10,2026-06-10 22:52:07,0,dropoff,,-0.79
on trip -> DROPOFF,23365,2026-06-18,2026-06-18 20:56:14,40,dropoff,,37.82
on trip -> DROPOFF,23378,2026-06-22,2026-06-22 15:14:59,2,dropoff,,0.71
on trip -> DROPOFF,23386,2026-07-18,2026-07-18 10:41:38,0,dropoff,,-0.27
on trip -> DROPOFF,23393,2026-06-14,2026-06-14 22:58:08,1,dropoff,,0.09
on trip -> DROPOFF,23394,2026-06-19,2026-06-19 17:23:04,8,dropoff,,5.53
on trip -> DROPOFF,23396,2026-06-10,2026-06-11 03:50:32,0,dropoff,,-2.95
on trip -> DROPOFF,23402,2026-07-04,2026-07-04 18:50:01,0,dropoff,,-2.93
on trip -> DROPOFF,23406,2026-06-27,2026-06-27 21:11:10,0,dropoff,,-1.01
on trip -> DROPOFF,23410,2026-07-08,2026-07-08 23:42:20,0,dropoff,,-0.6
on trip -> DROPOFF,23411,2026-07-17,2026-07-18 00:15:29,6,dropoff,,3.03
on trip -> DROPOFF,23413,2026-06-25,2026-06-25 23:04:31,4,dropoff,,3.74
on trip -> DROPOFF,23414,2026-06-11,2026-06-12 02:23:28,7,dropoff,,5.02
on trip -> DROPOFF,23418,2026-06-17,2026-06-17 12:49:47,5,dropoff,,4.27
on trip -> DROPOFF,23422,2026-06-26,2026-06-26 18:35:11,11,dropoff,,9.58
on trip -> DROPOFF,23435,2026-06-11,2026-06-11 16:32:49,1,dropoff,,0.39
on trip -> DROPOFF,23437,2026-06-21,2026-06-21 08:23:09,6,dropoff,,5.18
on trip -> DROPOFF,23438,2026-06-16,2026-06-16 11:50:44,0,dropoff,,-2.83
on trip -> DROPOFF,23439,2026-07-08,2026-07-08 16:12:15,2,dropoff,,1.95
on trip -> DROPOFF,23444,2026-07-02,2026-07-02 22:00:25,7,dropoff,,5.51
on trip -> DROPOFF,23449,2026-06-15,2026-06-15 13:35:50,1,dropoff,,-0.84
on trip -> DROPOFF,23455,2026-06-30,2026-06-30 18:12:13,8,dropoff,,6.07
on trip -> DROPOFF,23459,2026-06-24,2026-06-24 15:23:35,4,dropoff,,2.16
on trip -> DROPOFF,23460,2026-07-25,2026-07-25 16:36:01,1,dropoff,,0.58
on trip -> DROPOFF,23461,2026-08-06,2026-08-06 19:25:16,4,dropoff,,0.99
on trip -> DROPOFF,23465,2026-06-25,2026-06-25 16:01:10,1,dropoff,,-1.98
on trip -> DROPOFF,23466,2026-06-26,2026-06-26 21:27:14,3,dropoff,,3.0
on trip -> DROPOFF,23474,2026-06-29,2026-06-29 18:32:15,2,dropoff,,1.9
on trip -> DROPOFF,23477,2026-06-13,2026-06-13 13:56:02,0,dropoff,,-1.68
on trip -> DROPOFF,23478,2026-06-14,2026-06-14 17:16:37,1,dropoff,,0.87
on trip -> DROPOFF,23490,2026-08-15,2026-08-15 17:17:19,29,dropoff,,-5.54
on trip -> DROPOFF,23490,2026-08-15,2026-08-15 17:50:36,8,dropoff,,6.75
on trip -> DROPOFF,23492,2026-07-20,2026-07-20 23:12:36,4,dropoff,,3.94
on trip -> DROPOFF,23494,2026-08-12,2026-08-12 20:59:08,1,dropoff,,0.63
on trip -> DROPOFF,23497,2026-07-12,2026-07-12 10:36:23,8,dropoff,,5.24
on trip -> DROPOFF,23503,2026-07-09,2026-07-09 16:11:14,8,dropoff,,6.17
on trip -> DROPOFF,23506,2026-06-11,2026-06-11 18:47:06,3,dropoff,,1.23
on trip -> DROPOFF,23513,2026-06-19,2026-06-19 13:30:18,6,dropoff,,3.74
on trip -> DROPOFF,23514,2026-06-13,2026-06-14 02:10:30,1,dropoff,,-0.06
on trip -> DROPOFF,23516,2026-06-20,2026-06-20 14:48:00,6,dropoff,,3.06
on trip -> DROPOFF,23518,2026-06-14,2026-06-15 02:35:02,10,dropoff,,7.16
on trip -> DROPOFF,23522,2026-06-10,2026-06-10 16:13:22,0,dropoff,,-1.56
on trip -> DROPOFF,23523,2026-07-25,2026-07-25 13:22:51,4,dropoff,,2.84
on trip -> DROPOFF,23524,2026-08-01,2026-08-01 17:20:10,6,dropoff,,4.68
on trip -> DROPOFF,23539,2026-06-11,2026-06-12 00:44:04,1,dropoff,,0.92
on trip -> DROPOFF,23541,2026-07-06,2026-07-06 13:23:25,4,dropoff,,2.53
on trip -> DROPOFF,23542,2026-07-11,2026-07-11 08:48:28,4,dropoff,,1.75
on trip -> DROPOFF,23549,2026-06-17,2026-06-17 21:32:07,6,dropoff,,3.96
on trip -> DROPOFF,23550,2026-06-22,2026-06-22 16:03:35,10,dropoff,,7.34
on trip -> DROPOFF,23552,2026-06-17,2026-06-17 13:41:10,6,dropoff,,5.12
on trip -> DROPOFF,23553,2026-08-08,2026-08-08 15:19:50,6,dropoff,,3.06
on trip -> DROPOFF,23554,2026-06-12,2026-06-12 08:25:24,6,dropoff,,4.48
on trip -> DROPOFF,23555,2026-06-16,2026-06-16 15:06:50,1,dropoff,,0.12
on trip -> DROPOFF,23561,2026-07-06,2026-07-06 19:22:58,0,dropoff,,-2.53
on trip -> DROPOFF,23564,2026-06-14,2026-06-14 09:24:28,6,dropoff,,4.56
on trip -> DROPOFF,23566,2026-06-22,2026-06-22 10:46:03,4,dropoff,,1.62
on trip -> DROPOFF,23568,2026-07-08,2026-07-08 19:32:01,2,dropoff,,-0.45
on trip -> DROPOFF,23569,2026-07-13,2026-07-13 13:06:25,8,dropoff,,5.66
on trip -> DROPOFF,23574,2026-06-12,2026-06-12 15:56:09,2,dropoff,,1.95
on trip -> DROPOFF,23576,2026-08-06,2026-08-06 12:16:17,0,dropoff,,-0.91
on trip -> DROPOFF,23579,2026-06-11,2026-06-11 14:17:26,12,dropoff,,9.32
on trip -> DROPOFF,23582,2026-07-18,2026-07-18 23:42:02,1,dropoff,,-1.01
on trip -> DROPOFF,23583,2026-06-18,2026-06-18 15:10:22,24,dropoff,,23.1
on trip -> DROPOFF,23589,2026-08-08,2026-08-08 16:53:07,21,dropoff,,9.94
on trip -> DROPOFF,23589,2026-08-08,2026-08-08 17:02:12,4,dropoff,,2.01
on trip -> DROPOFF,23591,2026-08-07,2026-08-07 19:10:30,28,dropoff,,27.42
on trip -> DROPOFF,23599,2026-06-18,2026-06-18 13:24:41,2,dropoff,,1.19
on trip -> DROPOFF,23602,2026-07-19,2026-07-19 14:54:02,1,dropoff,,-1.57
on trip -> DROPOFF,23606,2026-06-23,2026-06-23 23:55:49,2,dropoff,,-0.12
on trip -> DROPOFF,23607,2026-06-30,2026-06-30 18:00:09,7,dropoff,,6.06
on trip -> DROPOFF,23613,2026-07-23,2026-07-23 18:11:42,4,dropoff,,3.24
on trip -> DROPOFF,23627,2026-06-28,2026-06-28 19:27:31,9,dropoff,,6.66
on trip -> DROPOFF,23634,2026-06-17,2026-06-17 18:25:06,1,dropoff,,-0.58
on trip -> DROPOFF,23635,2026-06-21,2026-06-21 09:44:31,6,dropoff,,5.04
on trip -> DROPOFF,23644,2026-06-21,2026-06-21 11:24:02,5,dropoff,,2.54
on trip -> DROPOFF,23645,2026-08-08,2026-08-08 19:47:22,4,dropoff,,1.47
on trip -> DROPOFF,23646,2026-08-13,2026-08-13 22:26:13,7,dropoff,,4.86
on trip -> DROPOFF,23649,2026-06-11,2026-06-11 20:05:37,4,dropoff,,1.27
on trip -> DROPOFF,23651,2026-06-11,2026-06-11 18:10:48,4,dropoff,,1.32
on trip -> DROPOFF,23654,2026-06-20,2026-06-20 20:53:23,1,dropoff,,-0.3
on trip -> DROPOFF,23655,2026-06-27,2026-06-27 10:21:49,9,dropoff,,6.36
on trip -> DROPOFF,23657,2026-06-16,2026-06-16 16:34:22,2,dropoff,,-0.79
on trip -> DROPOFF,23663,2026-06-15,2026-06-15 10:25:10,6,dropoff,,5.68
on trip -> DROPOFF,23664,2026-07-17,2026-07-17 22:11:52,3,dropoff,,1.42
on trip -> DROPOFF,23665,2026-07-22,2026-07-22 22:19:35,6,dropoff,,4.68
on trip -> DROPOFF,23668,2026-07-19,2026-07-19 15:06:06,2,dropoff,,0.45
on trip -> DROPOFF,23670,2026-07-24,2026-07-24 16:48:37,7,dropoff,,6.13
on trip -> DROPOFF,23672,2026-06-22,2026-06-22 09:39:44,0,dropoff,,-2.89
on trip -> DROPOFF,23677,2026-07-17,2026-07-17 14:48:05,1,dropoff,,0.36
on trip -> DROPOFF,23680,2026-07-25,2026-07-25 20:06:33,2,dropoff,,1.09
on trip -> DROPOFF,23681,2026-08-01,2026-08-01 13:35:23,6,dropoff,,4.04
on trip -> DROPOFF,23685,2026-06-16,2026-06-16 11:29:36,6,dropoff,,4.98
on trip -> DROPOFF,23695,2026-06-21,2026-06-21 12:15:21,3,dropoff,,2.23
on trip -> DROPOFF,23696,2026-06-26,2026-06-26 08:31:14,6,dropoff,,4.06
on trip -> DROPOFF,23709,2026-06-16,2026-06-16 22:19:36,0,dropoff,,-2.21
on trip -> DROPOFF,23710,2026-06-24,2026-06-24 12:55:46,7,dropoff,,4.32
on trip -> DROPOFF,23711,2026-06-16,2026-06-16 19:01:57,0,dropoff,,-2.03
on trip -> DROPOFF,23715,2026-06-16,2026-06-16 15:24:58,0,dropoff,,-1.46
on trip -> DROPOFF,23716,2026-06-24,2026-06-24 19:37:51,4,dropoff,,3.95
on trip -> DROPOFF,23718,2026-07-22,2026-07-22 21:10:10,31,dropoff,,29.88
on trip -> DROPOFF,23720,2026-06-12,2026-06-12 23:42:50,1,dropoff,,-2.01
on trip -> DROPOFF,23724,2026-06-27,2026-06-28 03:36:56,1,dropoff,,-0.13
on trip -> DROPOFF,23730,2026-06-27,2026-06-28 02:57:46,13,dropoff,,11.18
on trip -> DROPOFF,23731,2026-07-02,2026-07-02 21:12:07,6,dropoff,,5.08
on trip -> DROPOFF,23732,2026-06-27,2026-06-28 02:36:40,22,dropoff,,19.91
on trip -> DROPOFF,23733,2026-07-02,2026-07-02 20:57:02,8,dropoff,,5.02
on trip -> DROPOFF,23738,2026-06-27,2026-06-27 08:36:15,6,dropoff,,4.8
on trip -> DROPOFF,23741,2026-06-28,2026-06-28 19:09:24,2,dropoff,,1.76
on trip -> DROPOFF,23745,2026-07-02,2026-07-02 22:54:42,6,dropoff,,3.03
on trip -> DROPOFF,23746,2026-06-15,2026-06-15 15:09:51,7,dropoff,,6.83
on trip -> DROPOFF,23749,2026-07-17,2026-07-17 15:06:34,0,dropoff,,-1.36
on trip -> DROPOFF,23752,2026-06-15,2026-06-15 21:01:29,2,dropoff,,-0.36
on trip -> DROPOFF,23758,2026-06-13,2026-06-13 20:23:17,0,dropoff,,-1.08
on trip -> DROPOFF,23761,2026-08-14,2026-08-14 11:16:58,6,dropoff,,3.39
on trip -> DROPOFF,23763,2026-06-30,2026-06-30 19:48:45,11,dropoff,,8.06
on trip -> DROPOFF,23764,2026-06-26,2026-06-26 20:14:48,3,dropoff,,2.76
on trip -> DROPOFF,23776,2026-06-23,2026-06-23 17:23:44,1,dropoff,,-0.85
on trip -> DROPOFF,23777,2026-06-28,2026-06-28 18:09:01,6,dropoff,,3.31
on trip -> DROPOFF,23784,2026-06-20,2026-06-20 19:22:53,6,dropoff,,5.05
on trip -> DROPOFF,23789,2026-06-27,2026-06-27 10:09:45,7,dropoff,,6.3
on trip -> DROPOFF,23791,2026-06-12,2026-06-13 00:40:11,4,dropoff,,2.95
on trip -> DROPOFF,23794,2026-06-17,2026-06-17 13:29:05,4,dropoff,,2.99
on trip -> DROPOFF,23797,2026-07-04,2026-07-04 15:42:49,0,dropoff,,-0.87
on trip -> DROPOFF,23798,2026-07-08,2026-07-08 18:31:27,6,dropoff,,4.11
on trip -> DROPOFF,23800,2026-06-18,2026-06-18 12:21:18,9,dropoff,,6.64
on trip -> DROPOFF,23801,2026-07-24,2026-07-24 15:11:59,2,dropoff,,1.42
on trip -> DROPOFF,23802,2026-07-27,2026-07-27 12:30:59,7,dropoff,,5.35
on trip -> DROPOFF,23809,2026-08-19,2026-08-19 18:30:13,9,dropoff,,8.79
on trip -> DROPOFF,23813,2026-06-23,2026-06-23 14:49:43,6,dropoff,,4.06
on trip -> DROPOFF,23822,2026-07-19,2026-07-19 18:37:00,3,dropoff,,2.76
on trip -> DROPOFF,23827,2026-06-14,2026-06-14 19:41:50,3,dropoff,,2.11
on trip -> DROPOFF,23833,2026-06-17,2026-06-17 14:20:24,2,dropoff,,0.09
on trip -> DROPOFF,23834,2026-06-17,2026-06-18 00:09:00,2,dropoff,,1.39
on trip -> DROPOFF,23835,2026-06-13,2026-06-14 00:15:58,1,dropoff,,-0.74
on trip -> DROPOFF,23836,2026-07-12,2026-07-12 14:32:08,3,dropoff,,2.92
on trip -> DROPOFF,23841,2026-07-09,2026-07-09 13:58:07,1,dropoff,,0.96
on trip -> DROPOFF,23842,2026-06-20,2026-06-20 20:32:16,1,dropoff,,-0.68
on trip -> DROPOFF,23849,2026-06-20,2026-06-20 16:05:12,7,dropoff,,4.48
on trip -> DROPOFF,23862,2026-07-25,2026-07-25 11:05:13,0,dropoff,,-2.02
on trip -> DROPOFF,23863,2026-07-31,2026-07-31 16:30:49,3,dropoff,,0.08
on trip -> DROPOFF,23875,2026-06-29,2026-06-29 16:22:15,7,dropoff,,5.0
on trip -> DROPOFF,23879,2026-06-21,2026-06-21 13:54:59,5,dropoff,,3.23
on trip -> DROPOFF,23880,2026-06-21,2026-06-21 22:31:03,5,dropoff,,2.75
on trip -> DROPOFF,23881,2026-07-03,2026-07-03 16:20:38,0,dropoff,,-2.79
on trip -> DROPOFF,23890,2026-06-30,2026-06-30 15:56:21,2,dropoff,,1.25
on trip -> DROPOFF,23894,2026-06-30,2026-06-30 16:44:40,4,dropoff,,2.94
on trip -> DROPOFF,23895,2026-07-05,2026-07-05 14:13:14,6,dropoff,,3.28
on trip -> DROPOFF,23900,2026-07-31,2026-07-31 14:47:01,7,dropoff,,6.41
on trip -> DROPOFF,23901,2026-08-05,2026-08-05 14:14:36,1,dropoff,,-1.81
on trip -> DROPOFF,23912,2026-06-24,2026-06-24 15:41:49,7,dropoff,,6.43
on trip -> DROPOFF,23913,2026-07-19,2026-07-19 20:47:41,3,dropoff,,2.67
on trip -> DROPOFF,23920,2026-07-16,2026-07-16 14:01:29,2,dropoff,,1.32
on trip -> DROPOFF,23927,2026-07-01,2026-07-01 12:28:46,7,dropoff,,5.74
on trip -> DROPOFF,23929,2026-06-18,2026-06-18 15:16:25,1,dropoff,,-0.48
on trip -> DROPOFF,23932,2026-06-20,2026-06-20 23:09:04,4,dropoff,,3.14
on trip -> DROPOFF,23947,2026-07-05,2026-07-05 21:00:59,7,dropoff,,5.4
on trip -> DROPOFF,23948,2026-07-10,2026-07-10 19:20:31,6,dropoff,,5.49
on trip -> DROPOFF,23949,2026-07-12,2026-07-12 15:53:43,40,dropoff,,36.99
on trip -> DROPOFF,23949,2026-07-12,2026-07-12 15:56:44,44,dropoff,,44.0
on trip -> DROPOFF,23950,2026-07-19,2026-07-19 11:46:36,7,dropoff,,6.01
on trip -> DROPOFF,23958,2026-07-07,2026-07-07 09:29:29,6,dropoff,,4.42
on trip -> DROPOFF,23961,2026-06-26,2026-06-26 17:01:34,5,dropoff,,3.72
on trip -> DROPOFF,23966,2026-06-21,2026-06-21 19:05:54,5,dropoff,,3.17
on trip -> DROPOFF,23970,2026-07-16,2026-07-16 19:06:25,0,dropoff,,-3.01
on trip -> DROPOFF,23971,2026-06-15,2026-06-15 14:18:17,2,dropoff,,0.91
on trip -> DROPOFF,23972,2026-06-20,2026-06-20 11:49:49,6,dropoff,,4.01
on trip -> DROPOFF,23975,2026-06-14,2026-06-14 20:27:11,2,dropoff,,1.84
on trip -> DROPOFF,23976,2026-06-19,2026-06-19 12:17:49,6,dropoff,,3.89
on trip -> DROPOFF,23979,2026-06-25,2026-06-25 16:16:16,16,dropoff,,13.99
on trip -> DROPOFF,23980,2026-06-27,2026-06-27 15:51:01,7,dropoff,,6.84
on trip -> DROPOFF,23982,2026-06-24,2026-06-24 21:53:30,3,dropoff,,0.8
on trip -> DROPOFF,23987,2026-06-28,2026-06-28 20:21:52,2,dropoff,,1.08
on trip -> DROPOFF,23989,2026-06-14,2026-06-14 21:36:39,7,dropoff,,5.93
on trip -> DROPOFF,24002,2026-07-20,2026-07-20 21:05:53,4,dropoff,,3.5
on trip -> DROPOFF,24006,2026-06-27,2026-06-27 18:10:01,6,dropoff,,3.74
on trip -> DROPOFF,24007,2026-08-17,2026-08-17 17:38:45,24,dropoff,,-6.13
on trip -> DROPOFF,24007,2026-08-17,2026-08-17 18:06:00,2,dropoff,,-0.88
on trip -> DROPOFF,24010,2026-06-19,2026-06-19 20:00:14,8,dropoff,,7.93
on trip -> DROPOFF,24012,2026-07-28,2026-07-29 00:43:15,13,dropoff,,10.59
on trip -> DROPOFF,24013,2026-08-08,2026-08-08 14:15:14,12,dropoff,,9.81
on trip -> DROPOFF,24015,2026-06-24,2026-06-24 16:06:32,8,dropoff,,7.52
on trip -> DROPOFF,24017,2026-07-11,2026-07-11 16:00:26,11,dropoff,,9.39
on trip -> DROPOFF,24022,2026-06-23,2026-06-23 09:20:54,4,dropoff,,2.11
on trip -> DROPOFF,24023,2026-06-17,2026-06-17 23:32:48,2,dropoff,,1.23
on trip -> DROPOFF,24025,2026-07-19,2026-07-19 16:57:21,7,dropoff,,6.6
on trip -> DROPOFF,24026,2026-06-19,2026-06-19 15:28:12,2,dropoff,,1.87
on trip -> DROPOFF,24027,2026-06-21,2026-06-21 09:29:26,4,dropoff,,2.74
on trip -> DROPOFF,24029,2026-07-08,2026-07-08 20:29:25,1,dropoff,,-1.04
on trip -> DROPOFF,24030,2026-07-21,2026-07-21 18:18:28,5,dropoff,,4.67
on trip -> DROPOFF,24032,2026-07-20,2026-07-20 13:08:32,7,dropoff,,5.58
on trip -> DROPOFF,24033,2026-06-15,2026-06-15 16:22:33,0,dropoff,,-2.07
on trip -> DROPOFF,24037,2026-06-23,2026-06-23 11:57:41,1,dropoff,,-1.79
on trip -> DROPOFF,24049,2026-06-19,2026-06-19 19:39:03,9,dropoff,,7.21
on trip -> DROPOFF,24050,2026-08-02,2026-08-02 15:45:32,2,dropoff,,1.91
on trip -> DROPOFF,24053,2026-06-26,2026-06-26 08:16:10,6,dropoff,,5.64
on trip -> DROPOFF,24055,2026-08-01,2026-08-01 23:34:53,0,dropoff,,-0.66
on trip -> DROPOFF,24059,2026-07-24,2026-07-24 15:11:59,5,dropoff,,4.89
on trip -> DROPOFF,24060,2026-07-27,2026-07-27 18:10:11,4,dropoff,,3.39
on trip -> DROPOFF,24064,2026-07-12,2026-07-12 20:28:38,5,dropoff,,4.08
on trip -> DROPOFF,24065,2026-06-26,2026-06-27 00:22:13,16,dropoff,,15.88
on trip -> DROPOFF,24066,2026-07-03,2026-07-03 08:41:12,5,dropoff,,4.17
on trip -> DROPOFF,24067,2026-07-20,2026-07-20 16:13:38,8,dropoff,,5.93
on trip -> DROPOFF,24069,2026-07-12,2026-07-12 14:17:02,3,dropoff,,0.81
on trip -> DROPOFF,24072,2026-06-23,2026-06-23 17:38:51,2,dropoff,,1.07
on trip -> DROPOFF,24074,2026-06-23,2026-06-23 19:03:24,1,dropoff,,-1.13
on trip -> DROPOFF,24078,2026-06-27,2026-06-27 14:17:23,1,dropoff,,0.45
on trip -> DROPOFF,24082,2026-06-27,2026-06-27 18:16:03,4,dropoff,,3.51
on trip -> DROPOFF,24085,2026-07-03,2026-07-03 18:18:32,1,dropoff,,-1.54
on trip -> DROPOFF,24086,2026-07-07,2026-07-07 15:22:39,6,dropoff,,3.36
on trip -> DROPOFF,24087,2026-07-03,2026-07-03 17:21:06,29,dropoff,,-0.53
on trip -> DROPOFF,24087,2026-07-03,2026-07-03 17:48:18,2,dropoff,,-0.33
on trip -> DROPOFF,24088,2026-07-15,2026-07-15 09:13:46,6,dropoff,,5.84
on trip -> DROPOFF,24091,2026-08-06,2026-08-06 16:33:27,1,dropoff,,-1.72
on trip -> DROPOFF,24102,2026-07-18,2026-07-18 21:14:32,18,dropoff,,15.89
on trip -> DROPOFF,24105,2026-08-14,2026-08-15 01:32:29,1,dropoff,,-1.66
on trip -> DROPOFF,24113,2026-06-15,2026-06-15 21:19:34,2,dropoff,,1.6
on trip -> DROPOFF,24115,2026-06-17,2026-06-17 14:53:37,3,dropoff,,0.56
on trip -> DROPOFF,24119,2026-06-26,2026-06-26 10:52:58,2,dropoff,,0.45
on trip -> DROPOFF,24122,2026-08-18,2026-08-18 17:47:57,5,dropoff,,3.6
on trip -> DROPOFF,24132,2026-08-07,2026-08-07 16:16:20,9,dropoff,,6.07
on trip -> DROPOFF,24134,2026-07-31,2026-07-31 19:13:45,13,dropoff,,6.14
on trip -> DROPOFF,24134,2026-07-31,2026-07-31 19:19:47,3,dropoff,,2.18
on trip -> DROPOFF,24136,2026-07-05,2026-07-06 00:38:06,2,dropoff,,1.24
on trip -> DROPOFF,24137,2026-07-11,2026-07-11 17:58:24,6,dropoff,,5.2
on trip -> DROPOFF,24141,2026-06-26,2026-06-26 13:57:14,7,dropoff,,6.29
on trip -> DROPOFF,24146,2026-06-22,2026-06-22 21:57:27,21,dropoff,,20.99
on trip -> DROPOFF,24147,2026-06-28,2026-06-28 12:00:21,4,dropoff,,2.17
on trip -> DROPOFF,24148,2026-07-07,2026-07-07 14:37:20,5,dropoff,,4.69
on trip -> DROPOFF,24158,2026-06-16,2026-06-16 09:56:07,6,dropoff,,4.94
on trip -> DROPOFF,24159,2026-06-17,2026-06-17 12:01:28,5,dropoff,,2.6
on trip -> DROPOFF,24160,2026-06-20,2026-06-20 17:43:17,10,dropoff,,-6.69
on trip -> DROPOFF,24160,2026-06-20,2026-06-20 17:58:23,6,dropoff,,4.42
on trip -> DROPOFF,24161,2026-06-16,2026-06-16 14:39:40,4,dropoff,,3.87
on trip -> DROPOFF,24162,2026-06-23,2026-06-23 15:10:52,7,dropoff,,6.87
on trip -> DROPOFF,24172,2026-07-28,2026-07-28 20:28:15,6,dropoff,,5.53
on trip -> DROPOFF,24182,2026-07-10,2026-07-10 14:33:41,12,dropoff,,11.27
on trip -> DROPOFF,24186,2026-07-06,2026-07-06 18:22:35,1,dropoff,,-1.93
on trip -> DROPOFF,24188,2026-06-24,2026-06-24 18:52:36,11,dropoff,,9.41
on trip -> DROPOFF,24193,2026-06-16,2026-06-16 13:24:13,6,dropoff,,4.74
on trip -> DROPOFF,24194,2026-06-16,2026-06-16 18:40:49,2,dropoff,,1.81
on trip -> DROPOFF,24200,2026-06-17,2026-06-17 17:33:45,3,dropoff,,2.12
on trip -> DROPOFF,24201,2026-07-23,2026-07-23 15:38:33,1,dropoff,,-1.08
on trip -> DROPOFF,24202,2026-07-27,2026-07-27 17:12:55,8,dropoff,,5.87
on trip -> DROPOFF,24204,2026-06-19,2026-06-19 15:19:09,4,dropoff,,1.52
on trip -> DROPOFF,24206,2026-06-19,2026-06-19 16:25:40,5,dropoff,,3.6
on trip -> DROPOFF,24208,2026-07-16,2026-07-16 21:40:08,7,dropoff,,5.04
on trip -> DROPOFF,24211,2026-06-28,2026-06-28 07:25:56,5,dropoff,,4.97
on trip -> DROPOFF,24212,2026-06-28,2026-06-28 16:32:20,0,dropoff,,-0.92
on trip -> DROPOFF,24213,2026-07-29,2026-07-29 13:46:05,1,dropoff,,-1.7
on trip -> DROPOFF,24216,2026-07-25,2026-07-25 13:04:44,7,dropoff,,5.96
on trip -> DROPOFF,24219,2026-07-03,2026-07-03 17:15:03,3,dropoff,,2.75
on trip -> DROPOFF,24225,2026-07-02,2026-07-02 22:51:42,2,dropoff,,1.94
on trip -> DROPOFF,24228,2026-07-01,2026-07-01 15:38:50,8,dropoff,,7.57
on trip -> DROPOFF,24229,2026-07-05,2026-07-05 21:52:18,0,dropoff,,-0.12
on trip -> DROPOFF,24231,2026-07-14,2026-07-14 18:49:02,8,dropoff,,6.75
on trip -> DROPOFF,24232,2026-06-30,2026-07-01 01:56:22,0,dropoff,,-0.61
on trip -> DROPOFF,24234,2026-06-21,2026-06-21 15:34:38,3,dropoff,,2.51
on trip -> DROPOFF,24235,2026-06-28,2026-06-28 12:48:41,3,dropoff,,0.97
on trip -> DROPOFF,24236,2026-08-06,2026-08-06 14:05:48,12,dropoff,,11.75
on trip -> DROPOFF,24238,2026-07-01,2026-07-01 09:43:02,5,dropoff,,2.16
on trip -> DROPOFF,24244,2026-07-01,2026-07-01 20:10:18,10,dropoff,,7.25
on trip -> DROPOFF,24246,2026-07-15,2026-07-15 16:16:24,3,dropoff,,2.61
on trip -> DROPOFF,24247,2026-07-23,2026-07-23 19:42:47,4,dropoff,,2.88
on trip -> DROPOFF,24252,2026-07-14,2026-07-14 17:54:39,7,dropoff,,6.84
on trip -> DROPOFF,24253,2026-06-22,2026-06-22 12:46:42,2,dropoff,,-0.43
on trip -> DROPOFF,24259,2026-07-07,2026-07-08 00:43:39,0,dropoff,,-2.19
on trip -> DROPOFF,24260,2026-07-13,2026-07-13 17:23:19,11,dropoff,,9.42
on trip -> DROPOFF,24264,2026-06-29,2026-06-29 18:11:06,8,dropoff,,5.6
on trip -> DROPOFF,24267,2026-06-17,2026-06-17 14:23:25,9,dropoff,,7.69
on trip -> DROPOFF,24269,2026-07-13,2026-07-13 16:07:47,5,dropoff,,-1.26
on trip -> DROPOFF,24269,2026-07-13,2026-07-13 16:13:50,7,dropoff,,6.79
on trip -> DROPOFF,24271,2026-07-11,2026-07-11 16:36:43,6,dropoff,,5.16
on trip -> DROPOFF,24273,2026-08-15,2026-08-15 18:33:27,12,dropoff,,10.42
on trip -> DROPOFF,24276,2026-06-23,2026-06-24 01:23:11,14,dropoff,,13.77
on trip -> DROPOFF,24277,2026-06-28,2026-06-28 08:38:18,2,dropoff,,-0.77
on trip -> DROPOFF,24284,2026-06-22,2026-06-22 16:00:34,6,dropoff,,5.74
on trip -> DROPOFF,24285,2026-08-19,2026-08-19 17:44:47,1,dropoff,,-2.01
on trip -> DROPOFF,24289,2026-06-17,2026-06-17 12:37:42,2,dropoff,,0.14
on trip -> DROPOFF,24290,2026-06-17,2026-06-17 20:13:38,4,dropoff,,3.01
on trip -> DROPOFF,24293,2026-06-21,2026-06-21 07:56:01,1,dropoff,,-0.83
on trip -> DROPOFF,24294,2026-07-01,2026-07-01 13:32:09,1,dropoff,,0.33
on trip -> DROPOFF,24298,2026-07-21,2026-07-21 13:11:57,8,dropoff,,7.1
on trip -> DROPOFF,24303,2026-06-17,2026-06-17 22:56:37,2,dropoff,,1.44
on trip -> DROPOFF,24304,2026-07-07,2026-07-07 14:13:10,3,dropoff,,2.21
on trip -> DROPOFF,24306,2026-06-22,2026-06-23 02:37:22,11,dropoff,,9.33
on trip -> DROPOFF,24313,2026-08-17,2026-08-17 16:50:52,8,dropoff,,6.64
on trip -> DROPOFF,24316,2026-07-17,2026-07-17 12:40:54,8,dropoff,,6.79
on trip -> DROPOFF,24317,2026-06-28,2026-06-28 21:28:16,2,dropoff,,-0.64
on trip -> DROPOFF,24320,2026-07-03,2026-07-03 23:44:24,6,dropoff,,5.65
on trip -> DROPOFF,24323,2026-07-04,2026-07-04 18:19:50,0,dropoff,,-0.31
on trip -> DROPOFF,24326,2026-07-21,2026-07-21 15:35:15,5,dropoff,,4.18
on trip -> DROPOFF,24327,2026-06-18,2026-06-18 20:26:02,0,dropoff,,-2.82
on trip -> DROPOFF,24331,2026-07-10,2026-07-10 21:45:24,5,dropoff,,3.16
on trip -> DROPOFF,24335,2026-06-25,2026-06-25 23:16:34,3,dropoff,,1.0
on trip -> DROPOFF,24336,2026-07-05,2026-07-05 11:05:57,8,dropoff,,6.33
on trip -> DROPOFF,24341,2026-07-03,2026-07-03 13:25:15,3,dropoff,,2.51
on trip -> DROPOFF,24342,2026-07-03,2026-07-03 21:22:44,0,dropoff,,-2.15
on trip -> DROPOFF,24343,2026-07-05,2026-07-05 10:26:43,6,dropoff,,3.35
on trip -> DROPOFF,24346,2026-07-12,2026-07-12 12:07:01,8,dropoff,,6.09
on trip -> DROPOFF,24347,2026-08-20,2026-08-20 14:20:17,19,dropoff,,4.3
on trip -> DROPOFF,24347,2026-08-20,2026-08-20 14:32:23,8,dropoff,,5.4
on trip -> DROPOFF,24348,2026-06-17,2026-06-17 23:05:40,3,dropoff,,0.92
on trip -> DROPOFF,24351,2026-07-05,2026-07-05 18:57:16,8,dropoff,,7.84
on trip -> DROPOFF,24354,2026-06-26,2026-06-26 12:20:31,1,dropoff,,-0.66
on trip -> DROPOFF,24356,2026-06-29,2026-06-29 13:54:06,2,dropoff,,-0.0
on trip -> DROPOFF,24357,2026-07-03,2026-07-03 09:02:19,6,dropoff,,4.8
on trip -> DROPOFF,24359,2026-08-15,2026-08-15 20:50:37,10,dropoff,,9.0
on trip -> DROPOFF,24361,2026-07-26,2026-07-26 14:19:31,3,dropoff,,0.69
on trip -> DROPOFF,24362,2026-06-18,2026-06-18 23:08:54,3,dropoff,,2.84
on trip -> DROPOFF,24363,2026-08-02,2026-08-02 13:58:26,8,dropoff,,5.59
on trip -> DROPOFF,24366,2026-06-29,2026-06-29 20:18:01,1,dropoff,,-0.65
on trip -> DROPOFF,24367,2026-07-06,2026-07-06 15:18:16,1,dropoff,,-0.52
on trip -> DROPOFF,24368,2026-07-11,2026-07-11 14:29:42,6,dropoff,,3.47
on trip -> DROPOFF,24370,2026-06-23,2026-06-23 13:10:07,8,dropoff,,5.1
on trip -> DROPOFF,24384,2026-08-06,2026-08-06 20:38:44,5,dropoff,,2.77
on trip -> DROPOFF,24389,2026-07-16,2026-07-16 18:54:22,1,dropoff,,-0.33
on trip -> DROPOFF,24390,2026-07-20,2026-07-20 13:32:54,12,dropoff,,10.71
on trip -> DROPOFF,24391,2026-07-23,2026-07-23 13:53:30,2,dropoff,,1.91
on trip -> DROPOFF,24392,2026-07-28,2026-07-28 19:33:54,7,dropoff,,4.79
on trip -> DROPOFF,24393,2026-07-15,2026-07-15 18:26:20,1,dropoff,,0.22
on trip -> DROPOFF,24395,2026-06-18,2026-06-19 02:54:12,1,dropoff,,-0.02
on trip -> DROPOFF,24396,2026-06-27,2026-06-27 20:28:55,3,dropoff,,0.58
on trip -> DROPOFF,24399,2026-06-27,2026-06-27 15:23:49,6,dropoff,,3.93
on trip -> DROPOFF,24404,2026-06-26,2026-06-26 14:24:28,2,dropoff,,1.38
on trip -> DROPOFF,24407,2026-07-01,2026-07-01 13:53:16,0,dropoff,,-1.31
on trip -> DROPOFF,24408,2026-07-07,2026-07-07 09:59:39,6,dropoff,,5.53
on trip -> DROPOFF,24411,2026-07-21,2026-07-21 19:16:43,1,dropoff,,-1.25
on trip -> DROPOFF,24414,2026-06-19,2026-06-19 20:09:20,6,dropoff,,5.0
on trip -> DROPOFF,24415,2026-08-12,2026-08-12 16:59:47,24,dropoff,,0.66
on trip -> DROPOFF,24415,2026-08-12,2026-08-12 17:23:03,4,dropoff,,3.93
on trip -> DROPOFF,24417,2026-08-13,2026-08-13 16:01:37,7,dropoff,,6.12
on trip -> DROPOFF,24418,2026-08-16,2026-08-16 13:55:03,5,dropoff,,2.45
on trip -> DROPOFF,24419,2026-06-28,2026-06-28 14:40:32,2,dropoff,,-0.03
on trip -> DROPOFF,24422,2026-06-25,2026-06-25 13:33:10,8,dropoff,,5.19
on trip -> DROPOFF,24423,2026-06-28,2026-06-28 15:34:57,4,dropoff,,2.04
on trip -> DROPOFF,24426,2026-06-20,2026-06-20 17:10:04,6,dropoff,,3.14
on trip -> DROPOFF,24427,2026-07-11,2026-07-11 23:27:32,42,dropoff,,40.48
on trip -> DROPOFF,24428,2026-07-02,2026-07-02 23:06:46,0,dropoff,,-0.41
on trip -> DROPOFF,24434,2026-08-01,2026-08-01 16:17:22,6,dropoff,,3.2
on trip -> DROPOFF,24436,2026-06-19,2026-06-19 21:51:59,31,dropoff,,28.56
on trip -> DROPOFF,24441,2026-08-19,2026-08-19 12:57:38,5,dropoff,,2.97
on trip -> DROPOFF,24443,2026-06-26,2026-06-26 21:06:07,4,dropoff,,3.25
on trip -> DROPOFF,24444,2026-07-14,2026-07-14 15:20:35,8,dropoff,,6.6
on trip -> DROPOFF,24445,2026-07-18,2026-07-18 12:15:16,8,dropoff,,5.74
on trip -> DROPOFF,24448,2026-06-19,2026-06-19 13:21:13,2,dropoff,,1.66
on trip -> DROPOFF,24456,2026-06-24,2026-06-24 19:28:49,1,dropoff,,-0.53
on trip -> DROPOFF,24457,2026-06-28,2026-06-28 21:46:23,2,dropoff,,0.26
on trip -> DROPOFF,24472,2026-07-10,2026-07-11 00:19:14,2,dropoff,,-0.68
on trip -> DROPOFF,24473,2026-07-13,2026-07-13 21:09:49,7,dropoff,,6.89
on trip -> DROPOFF,24477,2026-06-30,2026-06-30 19:30:39,4,dropoff,,3.72
on trip -> DROPOFF,24479,2026-06-25,2026-06-25 10:35:17,24,dropoff,,22.76
on trip -> DROPOFF,24488,2026-06-29,2026-06-29 15:55:02,11,dropoff,,10.98
on trip -> DROPOFF,24490,2026-08-10,2026-08-10 21:32:17,12,dropoff,,11.55
on trip -> DROPOFF,24491,2026-06-26,2026-06-26 16:25:20,12,dropoff,,10.02
on trip -> DROPOFF,24492,2026-07-01,2026-07-01 14:59:37,6,dropoff,,3.78
on trip -> DROPOFF,24494,2026-07-05,2026-07-05 22:49:41,6,dropoff,,3.57
on trip -> DROPOFF,24501,2026-07-17,2026-07-17 12:59:01,7,dropoff,,6.52
on trip -> DROPOFF,24502,2026-06-25,2026-06-25 16:31:21,2,dropoff,,-0.6
on trip -> DROPOFF,24510,2026-06-19,2026-06-19 13:45:24,2,dropoff,,0.18
on trip -> DROPOFF,24513,2026-06-23,2026-06-24 01:38:14,1,dropoff,,0.12
on trip -> DROPOFF,24518,2026-06-20,2026-06-20 07:24:21,5,dropoff,,2.64
on trip -> DROPOFF,24519,2026-07-22,2026-07-22 13:06:41,1,dropoff,,-0.62
on trip -> DROPOFF,24523,2026-06-21,2026-06-21 19:20:59,8,dropoff,,6.34
on trip -> DROPOFF,24524,2026-06-19,2026-06-19 15:49:22,27,dropoff,,-9.82
on trip -> DROPOFF,24524,2026-06-19,2026-06-19 16:25:40,7,dropoff,,6.49
on trip -> DROPOFF,24525,2026-07-23,2026-07-23 19:15:37,2,dropoff,,-0.58
on trip -> DROPOFF,24527,2026-06-28,2026-06-28 13:28:00,5,dropoff,,2.3
on trip -> DROPOFF,24530,2026-07-05,2026-07-05 10:59:55,5,dropoff,,4.88
on trip -> DROPOFF,24531,2026-07-09,2026-07-09 14:10:13,1,dropoff,,0.1
on trip -> DROPOFF,24532,2026-07-11,2026-07-11 20:23:30,6,dropoff,,5.72
on trip -> DROPOFF,24533,2026-06-21,2026-06-21 13:54:59,6,dropoff,,4.34
on trip -> DROPOFF,24534,2026-06-21,2026-06-21 22:31:03,3,dropoff,,0.62
on trip -> DROPOFF,24538,2026-06-29,2026-06-29 18:38:19,7,dropoff,,6.36
on trip -> DROPOFF,24540,2026-07-17,2026-07-17 15:12:36,1,dropoff,,-1.59
on trip -> DROPOFF,24541,2026-07-25,2026-07-25 20:57:50,7,dropoff,,6.65
on trip -> DROPOFF,24542,2026-07-20,2026-07-20 15:46:27,5,dropoff,,2.76
on trip -> DROPOFF,24547,2026-08-10,2026-08-10 17:32:16,0,dropoff,,-1.55
on trip -> DROPOFF,24555,2026-07-13,2026-07-13 12:33:10,6,dropoff,,4.0
on trip -> DROPOFF,24559,2026-06-19,2026-06-20 01:26:01,2,dropoff,,-0.03
on trip -> DROPOFF,24564,2026-06-30,2026-06-30 21:04:06,0,dropoff,,-0.94
on trip -> DROPOFF,24566,2026-07-05,2026-07-05 17:08:33,10,dropoff,,7.33
on trip -> DROPOFF,24578,2026-06-28,2026-06-28 15:53:04,3,dropoff,,2.68
on trip -> DROPOFF,24580,2026-06-24,2026-06-24 13:10:51,12,dropoff,,10.75
on trip -> DROPOFF,24581,2026-06-28,2026-06-29 01:41:32,7,dropoff,,6.45
on trip -> DROPOFF,24582,2026-06-30,2026-06-30 19:42:44,10,dropoff,,7.9
on trip -> DROPOFF,24585,2026-07-09,2026-07-09 15:16:45,6,dropoff,,5.58
on trip -> DROPOFF,24592,2026-07-01,2026-07-01 19:31:04,1,dropoff,,0.73
on trip -> DROPOFF,24593,2026-07-06,2026-07-06 13:08:17,9,dropoff,,7.77
on trip -> DROPOFF,24597,2026-07-07,2026-07-07 15:19:38,7,dropoff,,4.76
on trip -> DROPOFF,24599,2026-07-26,2026-07-26 14:07:27,3,dropoff,,1.27
on trip -> DROPOFF,24602,2026-06-26,2026-06-26 17:49:55,2,dropoff,,1.27
on trip -> DROPOFF,24603,2026-06-29,2026-06-29 18:08:05,4,dropoff,,3.91
on trip -> DROPOFF,24619,2026-07-08,2026-07-08 22:42:05,6,dropoff,,4.04
on trip -> DROPOFF,24623,2026-08-08,2026-08-08 22:46:16,35,dropoff,,32.82
on trip -> DROPOFF,24624,2026-08-16,2026-08-16 12:18:17,3,dropoff,,1.8
on trip -> DROPOFF,24626,2026-07-06,2026-07-06 17:28:11,7,dropoff,,6.8
on trip -> DROPOFF,24627,2026-06-27,2026-06-28 00:00:01,0,dropoff,,-2.54
on trip -> DROPOFF,24629,2026-07-01,2026-07-01 21:10:35,3,dropoff,,1.87
on trip -> DROPOFF,24631,2026-06-21,2026-06-21 19:33:04,2,dropoff,,-0.84
on trip -> DROPOFF,24632,2026-08-03,2026-08-03 23:12:39,4,dropoff,,1.44
on trip -> DROPOFF,24633,2026-08-08,2026-08-08 19:41:18,5,dropoff,,2.98
on trip -> DROPOFF,24635,2026-07-12,2026-07-12 16:57:10,7,dropoff,,4.83
on trip -> DROPOFF,24640,2026-08-03,2026-08-04 00:29:12,1,dropoff,,-0.29
on trip -> DROPOFF,24641,2026-08-13,2026-08-13 14:55:52,12,dropoff,,9.44
on trip -> DROPOFF,24645,2026-07-06,2026-07-06 15:36:24,0,dropoff,,-0.06
on trip -> DROPOFF,24652,2026-07-11,2026-07-11 15:27:12,6,dropoff,,4.4
on trip -> DROPOFF,24655,2026-06-23,2026-06-23 20:39:54,5,dropoff,,4.61
on trip -> DROPOFF,24656,2026-06-30,2026-06-30 15:38:13,6,dropoff,,5.86
on trip -> DROPOFF,24657,2026-06-21,2026-06-22 00:10:44,0,dropoff,,-2.72
on trip -> DROPOFF,24658,2026-08-11,2026-08-11 19:43:53,1,dropoff,,-0.19
on trip -> DROPOFF,24659,2026-08-16,2026-08-16 21:33:26,5,dropoff,,4.36
on trip -> DROPOFF,24662,2026-06-22,2026-06-22 19:50:46,10,dropoff,,9.64
on trip -> DROPOFF,24664,2026-07-13,2026-07-13 16:25:56,0,dropoff,,-0.98
on trip -> DROPOFF,24672,2026-07-25,2026-07-25 17:33:25,6,dropoff,,3.32
on trip -> DROPOFF,24675,2026-06-21,2026-06-21 15:19:32,1,dropoff,,-1.97
on trip -> DROPOFF,24685,2026-06-26,2026-06-27 00:01:05,1,dropoff,,-0.67
on trip -> DROPOFF,24689,2026-06-24,2026-06-24 20:17:04,7,dropoff,,6.87
on trip -> DROPOFF,24690,2026-06-23,2026-06-23 17:23:44,0,dropoff,,-1.65
on trip -> DROPOFF,24692,2026-07-27,2026-07-27 12:24:56,5,dropoff,,4.63
on trip -> DROPOFF,24698,2026-07-13,2026-07-13 16:13:50,6,dropoff,,3.67
on trip -> DROPOFF,24703,2026-07-05,2026-07-05 14:37:25,11,dropoff,,10.5
on trip -> DROPOFF,24706,2026-06-25,2026-06-25 15:24:55,1,dropoff,,-1.53
on trip -> DROPOFF,24711,2026-07-28,2026-07-28 09:03:45,8,dropoff,,7.15
on trip -> DROPOFF,24715,2026-08-16,2026-08-16 13:24:53,6,dropoff,,3.43
on trip -> DROPOFF,24716,2026-07-12,2026-07-12 12:22:08,0,dropoff,,-1.23
on trip -> DROPOFF,24718,2026-06-25,2026-06-25 09:32:01,6,dropoff,,3.67
on trip -> DROPOFF,24726,2026-06-29,2026-06-29 23:37:00,1,dropoff,,-1.01
on trip -> DROPOFF,24732,2026-07-04,2026-07-04 17:58:42,7,dropoff,,4.07
on trip -> DROPOFF,24735,2026-08-09,2026-08-09 11:12:11,4,dropoff,,1.02
on trip -> DROPOFF,24736,2026-06-24,2026-06-24 16:57:50,2,dropoff,,1.71
on trip -> DROPOFF,24737,2026-06-28,2026-06-28 14:19:22,10,dropoff,,9.75
on trip -> DROPOFF,24741,2026-07-02,2026-07-02 22:18:32,10,dropoff,,9.43
on trip -> DROPOFF,24744,2026-08-20,2026-08-20 15:02:39,8,dropoff,,6.13
on trip -> DROPOFF,24755,2026-07-04,2026-07-04 18:01:43,6,dropoff,,3.68
on trip -> DROPOFF,24757,2026-07-05,2026-07-05 16:35:19,6,dropoff,,4.77
on trip -> DROPOFF,24758,2026-08-19,2026-08-19 16:53:23,3,dropoff,,1.53
on trip -> DROPOFF,24763,2026-06-27,2026-06-27 12:43:43,5,dropoff,,2.42
on trip -> DROPOFF,24769,2026-07-01,2026-07-01 12:34:48,1,dropoff,,-0.77
on trip -> DROPOFF,24770,2026-07-09,2026-07-09 09:38:41,6,dropoff,,4.99
on trip -> DROPOFF,24771,2026-06-24,2026-06-24 18:19:26,0,dropoff,,-2.85
on trip -> DROPOFF,24772,2026-06-28,2026-06-28 12:06:24,5,dropoff,,1.98
on trip -> DROPOFF,24775,2026-06-23,2026-06-23 13:46:21,1,dropoff,,-0.98
on trip -> DROPOFF,24784,2026-07-15,2026-07-15 14:33:42,11,dropoff,,8.4
on trip -> DROPOFF,24785,2026-07-19,2026-07-19 21:53:57,5,dropoff,,3.01
on trip -> DROPOFF,24791,2026-06-29,2026-06-29 15:55:02,4,dropoff,,2.89
on trip -> DROPOFF,24798,2026-06-30,2026-07-01 02:05:24,1,dropoff,,-1.21
on trip -> DROPOFF,24805,2026-06-22,2026-06-22 17:46:38,32,dropoff,,29.68
on trip -> DROPOFF,24812,2026-06-22,2026-06-22 14:50:46,0,dropoff,,-1.35
on trip -> DROPOFF,24814,2026-06-24,2026-06-25 01:33:22,30,dropoff,,-9.91
on trip -> DROPOFF,24814,2026-06-24,2026-06-25 02:12:30,6,dropoff,,5.23
on trip -> DROPOFF,24824,2026-08-01,2026-08-01 13:17:20,7,dropoff,,5.89
on trip -> DROPOFF,24827,2026-07-03,2026-07-03 16:02:27,7,dropoff,,6.33
on trip -> DROPOFF,24828,2026-07-08,2026-07-08 13:56:15,6,dropoff,,4.27
on trip -> DROPOFF,24838,2026-06-30,2026-06-30 11:21:40,7,dropoff,,5.55
on trip -> DROPOFF,24840,2026-06-24,2026-06-24 23:35:59,4,dropoff,,1.28
on trip -> DROPOFF,24845,2026-06-26,2026-06-26 16:55:32,2,dropoff,,0.08
on trip -> DROPOFF,24846,2026-06-30,2026-06-30 13:58:29,9,dropoff,,6.84
on trip -> DROPOFF,24849,2026-08-01,2026-08-02 00:01:39,1,dropoff,,0.97
on trip -> DROPOFF,24850,2026-08-06,2026-08-06 16:42:32,7,dropoff,,4.75
on trip -> DROPOFF,24852,2026-07-12,2026-07-12 10:03:10,5,dropoff,,4.93
on trip -> DROPOFF,24854,2026-07-21,2026-07-21 21:17:13,6,dropoff,,5.73
on trip -> DROPOFF,24855,2026-08-14,2026-08-14 14:48:31,11,dropoff,,9.03
on trip -> DROPOFF,24856,2026-06-22,2026-06-22 17:04:11,1,dropoff,,-0.74
on trip -> DROPOFF,24861,2026-07-28,2026-07-28 22:00:31,4,dropoff,,2.94
on trip -> DROPOFF,24867,2026-07-20,2026-07-20 20:56:50,1,dropoff,,-0.43
on trip -> DROPOFF,24873,2026-06-23,2026-06-24 02:20:23,33,dropoff,,31.91
on trip -> DROPOFF,24878,2026-08-15,2026-08-15 23:05:39,3,dropoff,,2.57
on trip -> DROPOFF,24881,2026-06-25,2026-06-25 14:51:42,7,dropoff,,5.8
on trip -> DROPOFF,24888,2026-07-26,2026-07-26 16:29:51,6,dropoff,,4.73
on trip -> DROPOFF,24889,2026-07-14,2026-07-14 22:41:22,2,dropoff,,1.96
on trip -> DROPOFF,24893,2026-06-28,2026-06-28 21:10:09,2,dropoff,,0.33
on trip -> DROPOFF,24894,2026-07-03,2026-07-03 13:40:21,8,dropoff,,5.94
on trip -> DROPOFF,24897,2026-06-25,2026-06-25 18:26:52,0,dropoff,,-1.48
on trip -> DROPOFF,24898,2026-06-30,2026-06-30 18:15:15,7,dropoff,,4.62
on trip -> DROPOFF,24901,2026-06-25,2026-06-25 21:21:53,4,dropoff,,3.62
on trip -> DROPOFF,24905,2026-07-27,2026-07-27 20:12:47,0,dropoff,,-2.12
on trip -> DROPOFF,24907,2026-06-26,2026-06-27 03:59:11,24,dropoff,,-30.01
on trip -> DROPOFF,24909,2026-07-18,2026-07-18 15:50:17,16,dropoff,,14.54
on trip -> DROPOFF,24910,2026-07-25,2026-07-25 13:57:04,1,dropoff,,-0.67
on trip -> DROPOFF,24912,2026-08-01,2026-08-01 17:59:28,7,dropoff,,6.96
on trip -> DROPOFF,24913,2026-07-10,2026-07-10 13:45:18,1,dropoff,,-1.89
on trip -> DROPOFF,24914,2026-07-13,2026-07-13 13:27:34,8,dropoff,,5.97
on trip -> DROPOFF,24917,2026-07-25,2026-07-25 21:00:51,1,dropoff,,0.78
on trip -> DROPOFF,24918,2026-07-31,2026-07-31 12:21:48,62,dropoff,,-24.21
on trip -> DROPOFF,24918,2026-07-31,2026-07-31 12:54:07,40,dropoff,,-13.9
on trip -> DROPOFF,24918,2026-07-31,2026-07-31 13:45:29,2,dropoff,,-0.53
on trip -> DROPOFF,24924,2026-07-02,2026-07-02 21:39:18,7,dropoff,,4.82
on trip -> DROPOFF,24925,2026-06-27,2026-06-27 17:09:35,1,dropoff,,-0.07
on trip -> DROPOFF,24926,2026-07-01,2026-07-01 12:58:57,10,dropoff,,7.23
on trip -> DROPOFF,24927,2026-07-06,2026-07-06 19:16:56,4,dropoff,,1.28
on trip -> DROPOFF,24928,2026-07-10,2026-07-10 17:01:44,6,dropoff,,4.65
on trip -> DROPOFF,24930,2026-07-03,2026-07-03 21:25:45,11,dropoff,,9.1
on trip -> DROPOFF,24933,2026-06-26,2026-06-26 10:55:59,2,dropoff,,-0.56
on trip -> DROPOFF,24934,2026-07-12,2026-07-12 18:58:02,4,dropoff,,3.35
on trip -> DROPOFF,24935,2026-07-16,2026-07-16 14:10:33,6,dropoff,,5.81
on trip -> DROPOFF,24940,2026-07-24,2026-07-24 20:49:45,5,dropoff,,2.3
on trip -> DROPOFF,24941,2026-08-01,2026-08-01 18:20:27,9,dropoff,,6.19
on trip -> DROPOFF,24942,2026-06-29,2026-06-29 08:16:10,6,dropoff,,5.08
on trip -> DROPOFF,24944,2026-08-08,2026-08-08 11:54:28,6,dropoff,,3.37
on trip -> DROPOFF,24946,2026-06-26,2026-06-26 22:21:31,1,dropoff,,0.95
on trip -> DROPOFF,24948,2026-07-16,2026-07-16 16:23:23,3,dropoff,,1.21
on trip -> DROPOFF,24950,2026-07-15,2026-07-15 14:09:30,2,dropoff,,1.52
on trip -> DROPOFF,24955,2026-06-29,2026-06-29 22:24:42,2,dropoff,,0.64
on trip -> DROPOFF,24964,2026-07-01,2026-07-01 21:58:48,2,dropoff,,1.88
on trip -> DROPOFF,24965,2026-07-03,2026-07-03 14:10:34,9,dropoff,,6.0
on trip -> DROPOFF,24966,2026-08-15,2026-08-15 23:35:51,2,dropoff,,-0.32
on trip -> DROPOFF,24969,2026-06-26,2026-06-26 17:52:55,0,dropoff,,-2.12
on trip -> DROPOFF,24973,2026-06-25,2026-06-26 03:20:32,5,dropoff,,3.82
on trip -> DROPOFF,24977,2026-07-01,2026-07-01 21:13:36,9,dropoff,,7.47
on trip -> DROPOFF,24978,2026-06-27,2026-06-27 09:21:28,8,dropoff,,5.46
on trip -> DROPOFF,24988,2026-07-23,2026-07-24 01:15:43,0,dropoff,,-2.99
on trip -> DROPOFF,24989,2026-07-28,2026-07-28 18:37:55,8,dropoff,,6.54
on trip -> DROPOFF,24994,2026-07-31,2026-07-31 19:28:50,11,dropoff,,7.76
on trip -> DROPOFF,24994,2026-07-31,2026-07-31 19:31:51,11,dropoff,,10.78
on trip -> DROPOFF,24995,2026-08-07,2026-08-07 14:59:05,2,dropoff,,1.96
on trip -> DROPOFF,24997,2026-08-03,2026-08-03 17:44:50,1,dropoff,,-0.75
on trip -> DROPOFF,24999,2026-07-01,2026-07-01 13:20:04,2,dropoff,,0.99
on trip -> DROPOFF,25008,2026-07-13,2026-07-13 19:27:12,3,dropoff,,0.75
on trip -> DROPOFF,25016,2026-07-15,2026-07-15 10:17:08,7,dropoff,,4.03
on trip -> DROPOFF,25017,2026-06-25,2026-06-25 14:18:28,2,dropoff,,-0.32
on trip -> DROPOFF,25019,2026-07-19,2026-07-19 21:53:57,2,dropoff,,0.29
on trip -> DROPOFF,25024,2026-06-30,2026-06-30 14:37:47,0,dropoff,,-1.32
on trip -> DROPOFF,25025,2026-07-08,2026-07-08 22:54:08,4,dropoff,,3.73
on trip -> DROPOFF,25026,2026-07-12,2026-07-12 12:04:00,5,dropoff,,3.72
on trip -> DROPOFF,25037,2026-06-26,2026-06-26 18:50:18,3,dropoff,,1.64
on trip -> DROPOFF,25038,2026-07-11,2026-07-11 21:23:51,11,dropoff,,8.7
on trip -> DROPOFF,25039,2026-07-16,2026-07-16 18:00:01,1,dropoff,,-2.0
on trip -> DROPOFF,25044,2026-07-05,2026-07-05 18:18:00,6,dropoff,,5.88
on trip -> DROPOFF,25045,2026-06-27,2026-06-27 21:08:08,11,dropoff,,10.11
on trip -> DROPOFF,25046,2026-07-06,2026-07-06 20:02:15,2,dropoff,,1.56
on trip -> DROPOFF,25048,2026-07-11,2026-07-11 15:12:04,6,dropoff,,5.43
on trip -> DROPOFF,25053,2026-06-24,2026-06-24 14:26:18,3,dropoff,,2.72
on trip -> DROPOFF,25057,2026-07-05,2026-07-05 09:11:19,6,dropoff,,5.35
on trip -> DROPOFF,25059,2026-07-10,2026-07-10 15:58:18,0,dropoff,,-0.97
on trip -> DROPOFF,25060,2026-07-17,2026-07-17 13:26:11,8,dropoff,,7.38
on trip -> DROPOFF,25061,2026-06-25,2026-06-26 01:23:06,1,dropoff,,0.86
on trip -> DROPOFF,25065,2026-07-06,2026-07-06 10:55:24,7,dropoff,,5.66
on trip -> DROPOFF,25066,2026-06-27,2026-06-28 03:58:02,27,dropoff,,-0.93
on trip -> DROPOFF,25068,2026-07-05,2026-07-05 07:49:54,0,dropoff,,-2.59
on trip -> DROPOFF,25069,2026-06-25,2026-06-25 18:17:03,5,dropoff,,4.12
on trip -> DROPOFF,25070,2026-07-09,2026-07-09 15:22:47,6,dropoff,,4.57
on trip -> DROPOFF,25079,2026-06-26,2026-06-27 02:49:56,1,dropoff,,-0.53
on trip -> DROPOFF,25085,2026-06-28,2026-06-28 05:37:31,79,dropoff,,77.51
on trip -> DROPOFF,25086,2026-07-03,2026-07-03 14:34:44,7,dropoff,,4.3
on trip -> DROPOFF,25092,2026-06-29,2026-06-29 16:52:31,7,dropoff,,4.16
on trip -> DROPOFF,25093,2026-07-09,2026-07-09 18:33:12,22,dropoff,,21.6
on trip -> DROPOFF,25099,2026-06-29,2026-06-29 14:39:26,6,dropoff,,5.07
on trip -> DROPOFF,25100,2026-06-24,2026-06-24 22:50:48,0,dropoff,,-2.53
on trip -> DROPOFF,25101,2026-06-26,2026-06-26 15:24:56,4,dropoff,,3.67
on trip -> DROPOFF,25105,2026-07-03,2026-07-04 03:06:08,3,dropoff,,2.96
on trip -> DROPOFF,25107,2026-07-01,2026-07-01 12:01:38,4,dropoff,,3.02
on trip -> DROPOFF,25110,2026-07-06,2026-07-06 14:35:59,7,dropoff,,5.73
on trip -> DROPOFF,25113,2026-07-16,2026-07-16 18:00:01,5,dropoff,,3.17
on trip -> DROPOFF,25114,2026-08-13,2026-08-13 18:18:47,4,dropoff,,2.45
on trip -> DROPOFF,25115,2026-08-18,2026-08-18 17:23:44,6,dropoff,,3.04
on trip -> DROPOFF,25117,2026-07-17,2026-07-17 16:42:49,4,dropoff,,3.85
on trip -> DROPOFF,25123,2026-07-04,2026-07-04 18:16:49,1,dropoff,,-0.89
on trip -> DROPOFF,25126,2026-07-06,2026-07-06 17:58:25,1,dropoff,,0.21
on trip -> DROPOFF,25127,2026-07-13,2026-07-13 13:36:39,8,dropoff,,7.47
on trip -> DROPOFF,25129,2026-07-04,2026-07-04 20:26:30,2,dropoff,,-1.01
on trip -> DROPOFF,25134,2026-06-24,2026-06-24 22:47:48,3,dropoff,,0.11
on trip -> DROPOFF,25138,2026-07-23,2026-07-23 12:43:15,3,dropoff,,2.98
on trip -> DROPOFF,25145,2026-06-27,2026-06-27 18:55:21,3,dropoff,,1.37
on trip -> DROPOFF,25146,2026-07-03,2026-07-03 20:04:17,4,dropoff,,1.13
on trip -> DROPOFF,25148,2026-07-11,2026-07-11 17:40:16,4,dropoff,,2.25
on trip -> DROPOFF,25159,2026-07-03,2026-07-03 20:25:24,2,dropoff,,1.6
on trip -> DROPOFF,25162,2026-07-10,2026-07-11 02:52:53,1,dropoff,,0.98
on trip -> DROPOFF,25163,2026-07-19,2026-07-19 20:53:43,6,dropoff,,4.89
on trip -> DROPOFF,25165,2026-07-07,2026-07-07 14:28:16,5,dropoff,,4.39
on trip -> DROPOFF,25171,2026-07-03,2026-07-03 16:47:49,4,dropoff,,3.28
on trip -> DROPOFF,25180,2026-07-21,2026-07-21 15:38:16,1,dropoff,,0.82
on trip -> DROPOFF,25181,2026-07-28,2026-07-28 13:09:18,6,dropoff,,4.97
on trip -> DROPOFF,25189,2026-07-03,2026-07-03 18:42:43,5,dropoff,,3.08
on trip -> DROPOFF,25191,2026-07-08,2026-07-08 18:34:29,22,dropoff,,21.38
on trip -> DROPOFF,25193,2026-06-30,2026-06-30 14:04:32,4,dropoff,,2.06
on trip -> DROPOFF,25205,2026-07-26,2026-07-26 21:44:53,5,dropoff,,2.25
on trip -> DROPOFF,25208,2026-06-26,2026-06-27 02:16:47,3,dropoff,,1.1
on trip -> DROPOFF,25209,2026-07-03,2026-07-03 22:35:08,1,dropoff,,-1.19
on trip -> DROPOFF,25211,2026-08-03,2026-08-03 13:21:17,7,dropoff,,4.39
on trip -> DROPOFF,25213,2026-06-25,2026-06-25 23:58:46,7,dropoff,,6.64
on trip -> DROPOFF,25215,2026-08-10,2026-08-10 17:02:01,8,dropoff,,7.07
on trip -> DROPOFF,25216,2026-06-25,2026-06-25 18:35:56,1,dropoff,,-1.36
on trip -> DROPOFF,25218,2026-06-25,2026-06-25 14:15:27,0,dropoff,,-0.91
on trip -> DROPOFF,25227,2026-08-21,2026-08-21 13:11:21,0,dropoff,,-1.58
on trip -> DROPOFF,25228,2026-06-28,2026-06-29 00:41:16,0,dropoff,,-2.25
on trip -> DROPOFF,25231,2026-07-22,2026-07-22 19:33:42,1,dropoff,,-0.37
on trip -> DROPOFF,25232,2026-06-26,2026-06-26 19:11:25,4,dropoff,,3.77
on trip -> DROPOFF,25240,2026-07-01,2026-07-01 16:36:08,2,dropoff,,1.14
on trip -> DROPOFF,25248,2026-06-30,2026-06-30 18:15:15,12,dropoff,,10.39
on trip -> DROPOFF,25249,2026-07-23,2026-07-23 16:47:11,0,dropoff,,-0.93
on trip -> DROPOFF,25250,2026-06-26,2026-06-26 20:57:04,4,dropoff,,1.87
on trip -> DROPOFF,25260,2026-06-27,2026-06-27 18:55:21,1,dropoff,,-1.84
on trip -> DROPOFF,25261,2026-07-01,2026-07-01 11:10:23,4,dropoff,,3.23
on trip -> DROPOFF,25262,2026-07-23,2026-07-23 17:50:35,4,dropoff,,1.92
on trip -> DROPOFF,25266,2026-07-06,2026-07-06 19:29:01,2,dropoff,,1.46
on trip -> DROPOFF,25267,2026-07-22,2026-07-22 21:34:17,4,dropoff,,1.79
on trip -> DROPOFF,25278,2026-06-26,2026-06-26 19:50:40,3,dropoff,,1.42
on trip -> DROPOFF,25279,2026-06-29,2026-06-29 12:50:36,9,dropoff,,5.98
on trip -> DROPOFF,25288,2026-06-26,2026-06-26 16:49:30,1,dropoff,,-0.29
on trip -> DROPOFF,25289,2026-07-10,2026-07-10 12:08:33,5,dropoff,,3.98
on trip -> DROPOFF,25292,2026-08-06,2026-08-06 19:59:22,0,dropoff,,-1.08
on trip -> DROPOFF,25295,2026-07-24,2026-07-24 23:04:08,5,dropoff,,2.1
on trip -> DROPOFF,25304,2026-06-29,2026-06-29 23:33:59,2,dropoff,,1.9
on trip -> DROPOFF,25305,2026-07-05,2026-07-05 21:58:21,7,dropoff,,5.37
on trip -> DROPOFF,25307,2026-07-07,2026-07-07 12:30:28,6,dropoff,,5.95
on trip -> DROPOFF,25312,2026-06-30,2026-06-30 15:04:57,1,dropoff,,-0.83
on trip -> DROPOFF,25313,2026-07-07,2026-07-07 16:13:58,4,dropoff,,1.08
on trip -> DROPOFF,25314,2026-07-14,2026-07-14 19:13:12,4,dropoff,,3.56
on trip -> DROPOFF,25315,2026-07-16,2026-07-16 17:38:52,6,dropoff,,5.68
on trip -> DROPOFF,25316,2026-07-25,2026-07-25 19:42:24,0,dropoff,,-0.06
on trip -> DROPOFF,25317,2026-08-01,2026-08-01 10:27:49,1,dropoff,,0.18
on trip -> DROPOFF,25319,2026-07-16,2026-07-16 15:50:10,8,dropoff,,5.84
on trip -> DROPOFF,25331,2026-07-11,2026-07-11 17:28:10,7,dropoff,,6.02
on trip -> DROPOFF,25334,2026-07-12,2026-07-12 20:28:38,2,dropoff,,0.87
on trip -> DROPOFF,25335,2026-07-13,2026-07-13 12:21:02,3,dropoff,,2.76
on trip -> DROPOFF,25348,2026-07-04,2026-07-04 14:57:29,2,dropoff,,0.03
on trip -> DROPOFF,25356,2026-07-17,2026-07-17 13:50:22,6,dropoff,,4.77
on trip -> DROPOFF,25360,2026-07-03,2026-07-03 18:15:31,6,dropoff,,3.68
on trip -> DROPOFF,25363,2026-06-30,2026-06-30 15:23:05,0,dropoff,,-0.97
on trip -> DROPOFF,25366,2026-08-01,2026-08-01 18:38:34,2,dropoff,,-0.66
on trip -> DROPOFF,25368,2026-08-13,2026-08-14 01:04:33,50,dropoff,,48.45
on trip -> DROPOFF,25382,2026-07-09,2026-07-09 14:13:13,1,dropoff,,0.01
on trip -> DROPOFF,25383,2026-07-04,2026-07-04 21:20:47,12,dropoff,,11.49
on trip -> DROPOFF,25384,2026-07-07,2026-07-07 16:26:04,7,dropoff,,6.46
on trip -> DROPOFF,25386,2026-07-04,2026-07-04 17:07:21,6,dropoff,,4.89
on trip -> DROPOFF,25388,2026-07-21,2026-07-21 11:53:28,1,dropoff,,-1.91
on trip -> DROPOFF,25390,2026-08-11,2026-08-11 14:47:19,6,dropoff,,4.09
on trip -> DROPOFF,25401,2026-08-11,2026-08-11 14:56:23,6,dropoff,,4.15
on trip -> DROPOFF,25411,2026-06-29,2026-06-29 16:31:21,11,dropoff,,9.74
on trip -> DROPOFF,25422,2026-07-15,2026-07-15 14:36:43,1,dropoff,,-1.94
on trip -> DROPOFF,25423,2026-07-21,2026-07-21 11:50:26,6,dropoff,,4.43
on trip -> DROPOFF,25427,2026-07-18,2026-07-18 19:46:32,6,dropoff,,5.03
on trip -> DROPOFF,25433,2026-06-29,2026-06-29 21:48:32,1,dropoff,,-1.26
on trip -> DROPOFF,25434,2026-08-15,2026-08-15 12:55:38,7,dropoff,,4.85
on trip -> DROPOFF,25438,2026-06-27,2026-06-27 17:24:41,0,dropoff,,-1.0
on trip -> DROPOFF,25442,2026-07-16,2026-07-16 21:46:09,5,dropoff,,3.58
on trip -> DROPOFF,25451,2026-07-12,2026-07-12 21:04:52,1,dropoff,,0.42
on trip -> DROPOFF,25452,2026-07-19,2026-07-19 19:28:18,4,dropoff,,3.16
on trip -> DROPOFF,25454,2026-07-07,2026-07-07 13:42:58,6,dropoff,,5.27
on trip -> DROPOFF,25456,2026-08-07,2026-08-07 21:40:22,10,dropoff,,7.83
on trip -> DROPOFF,25459,2026-07-10,2026-07-10 16:28:31,2,dropoff,,0.2
on trip -> DROPOFF,25469,2026-07-24,2026-07-24 10:09:43,8,dropoff,,5.05
on trip -> DROPOFF,25471,2026-07-03,2026-07-03 19:15:58,5,dropoff,,2.61
on trip -> DROPOFF,25478,2026-06-29,2026-06-29 15:45:57,2,dropoff,,0.14
on trip -> DROPOFF,25480,2026-08-15,2026-08-15 16:59:08,5,dropoff,,3.15
on trip -> DROPOFF,25481,2026-08-19,2026-08-19 16:35:15,5,dropoff,,2.54
on trip -> DROPOFF,25484,2026-08-12,2026-08-13 01:31:32,11,dropoff,,10.55
on trip -> DROPOFF,25486,2026-06-27,2026-06-27 13:50:12,8,dropoff,,7.97
on trip -> DROPOFF,25495,2026-07-02,2026-07-03 03:03:51,3,dropoff,,0.75
on trip -> DROPOFF,25504,2026-07-10,2026-07-10 22:36:43,10,dropoff,,8.98
on trip -> DROPOFF,25508,2026-07-26,2026-07-26 18:52:47,1,dropoff,,0.28
on trip -> DROPOFF,25511,2026-07-05,2026-07-05 23:07:46,2,dropoff,,-0.93
on trip -> DROPOFF,25518,2026-07-01,2026-07-01 14:26:27,6,dropoff,,5.24
on trip -> DROPOFF,25532,2026-07-29,2026-07-29 10:49:18,5,dropoff,,4.11
on trip -> DROPOFF,25533,2026-07-24,2026-07-24 14:51:15,6,dropoff,,5.38
on trip -> DROPOFF,25534,2026-07-27,2026-07-27 13:59:46,3,dropoff,,1.58
on trip -> DROPOFF,25535,2026-06-27,2026-06-27 14:38:33,2,dropoff,,1.99
on trip -> DROPOFF,25536,2026-08-02,2026-08-02 22:53:31,3,dropoff,,0.54
on trip -> DROPOFF,25539,2026-07-26,2026-07-26 17:21:34,3,dropoff,,1.08
on trip -> DROPOFF,25540,2026-08-20,2026-08-20 18:40:20,5,dropoff,,3.52
on trip -> DROPOFF,25546,2026-07-09,2026-07-09 14:19:17,4,dropoff,,1.72
on trip -> DROPOFF,25556,2026-07-16,2026-07-16 19:00:24,2,dropoff,,1.54
on trip -> DROPOFF,25570,2026-07-12,2026-07-12 15:14:26,0,dropoff,,-1.59
on trip -> DROPOFF,25573,2026-07-25,2026-07-25 23:23:33,7,dropoff,,6.24
on trip -> DROPOFF,25575,2026-07-03,2026-07-03 17:27:09,6,dropoff,,4.93
on trip -> DROPOFF,25581,2026-08-01,2026-08-01 07:06:41,1,dropoff,,-1.47
on trip -> DROPOFF,25582,2026-08-06,2026-08-06 11:15:47,6,dropoff,,4.94
on trip -> DROPOFF,25590,2026-07-06,2026-07-06 09:12:59,6,dropoff,,4.01
on trip -> DROPOFF,25591,2026-06-28,2026-06-28 15:53:04,4,dropoff,,1.32
on trip -> DROPOFF,25593,2026-08-20,2026-08-20 15:15:10,10,dropoff,,8.91
on trip -> DROPOFF,25595,2026-07-18,2026-07-18 16:08:26,28,dropoff,,-30.89
on trip -> DROPOFF,25595,2026-07-18,2026-07-18 16:50:46,13,dropoff,,-3.56
on trip -> DROPOFF,25595,2026-07-18,2026-07-18 17:05:54,1,dropoff,,-0.42
on trip -> DROPOFF,25596,2026-07-25,2026-07-25 16:14:53,6,dropoff,,4.94
on trip -> DROPOFF,25598,2026-07-12,2026-07-12 13:01:26,1,dropoff,,0.16
on trip -> DROPOFF,25606,2026-07-02,2026-07-02 19:41:31,6,dropoff,,5.61
on trip -> DROPOFF,25609,2026-08-11,2026-08-11 16:18:18,3,dropoff,,1.89
on trip -> DROPOFF,25610,2026-08-20,2026-08-20 19:31:32,6,dropoff,,4.71
on trip -> DROPOFF,25614,2026-07-02,2026-07-02 23:14:58,8,dropoff,,7.32
on trip -> DROPOFF,25617,2026-07-01,2026-07-01 15:59:57,2,dropoff,,0.25
on trip -> DROPOFF,25618,2026-07-07,2026-07-07 13:27:51,10,dropoff,,8.31
on trip -> DROPOFF,25631,2026-07-02,2026-07-02 23:45:07,2,dropoff,,1.98
on trip -> DROPOFF,25633,2026-07-06,2026-07-06 16:12:40,6,dropoff,,5.46
on trip -> DROPOFF,25634,2026-08-03,2026-08-03 12:59:06,10,dropoff,,6.83
on trip -> DROPOFF,25635,2026-07-11,2026-07-11 18:40:43,8,dropoff,,6.3
on trip -> DROPOFF,25637,2026-07-17,2026-07-17 18:07:24,2,dropoff,,-0.64
on trip -> DROPOFF,25638,2026-07-02,2026-07-02 20:14:45,60,dropoff,,-512.0
on trip -> DROPOFF,25640,2026-08-12,2026-08-12 13:21:44,46,dropoff,,-2.68
on trip -> DROPOFF,25640,2026-08-12,2026-08-12 14:09:16,2,dropoff,,0.84
on trip -> DROPOFF,25642,2026-07-16,2026-07-16 22:49:27,23,dropoff,,22.87
on trip -> DROPOFF,25643,2026-07-23,2026-07-23 08:38:21,24,dropoff,,-9.92
on trip -> DROPOFF,25643,2026-07-23,2026-07-23 09:11:29,6,dropoff,,5.2
on trip -> DROPOFF,25652,2026-07-05,2026-07-05 12:33:31,7,dropoff,,6.13
on trip -> DROPOFF,25657,2026-06-28,2026-06-28 20:27:54,11,dropoff,,9.52
on trip -> DROPOFF,25659,2026-06-28,2026-06-28 21:43:22,4,dropoff,,2.31
on trip -> DROPOFF,25660,2026-07-04,2026-07-04 18:43:59,7,dropoff,,6.84
on trip -> DROPOFF,25663,2026-06-29,2026-06-29 21:30:27,0,dropoff,,-2.2
on trip -> DROPOFF,25664,2026-07-04,2026-07-04 13:08:43,7,dropoff,,5.08
on trip -> DROPOFF,25666,2026-07-13,2026-07-13 13:21:32,9,dropoff,,7.74
on trip -> DROPOFF,25685,2026-07-12,2026-07-12 14:17:02,3,dropoff,,1.92
on trip -> DROPOFF,25687,2026-06-29,2026-06-29 15:42:56,13,dropoff,,11.65
on trip -> DROPOFF,25693,2026-07-08,2026-07-08 10:21:52,7,dropoff,,5.02
on trip -> DROPOFF,25695,2026-07-12,2026-07-12 15:32:34,6,dropoff,,4.92
on trip -> DROPOFF,25704,2026-08-15,2026-08-15 08:01:05,4,dropoff,,2.28
on trip -> DROPOFF,25708,2026-07-01,2026-07-01 22:31:56,1,dropoff,,-1.25
on trip -> DROPOFF,25711,2026-07-12,2026-07-12 19:25:15,5,dropoff,,3.32
on trip -> DROPOFF,25715,2026-07-13,2026-07-13 17:29:22,1,dropoff,,-1.38
on trip -> DROPOFF,25716,2026-07-17,2026-07-17 12:19:44,8,dropoff,,6.26
on trip -> DROPOFF,25717,2026-07-16,2026-07-16 18:57:22,2,dropoff,,1.11
on trip -> DROPOFF,25718,2026-07-20,2026-07-20 15:25:20,4,dropoff,,1.28
on trip -> DROPOFF,25725,2026-07-07,2026-07-07 16:38:11,3,dropoff,,0.87
on trip -> DROPOFF,25728,2026-07-15,2026-07-15 18:23:19,9,dropoff,,8.95
on trip -> DROPOFF,25729,2026-07-24,2026-07-24 13:38:12,6,dropoff,,5.3
on trip -> DROPOFF,25732,2026-07-06,2026-07-06 18:04:28,6,dropoff,,3.69
on trip -> DROPOFF,25733,2026-07-11,2026-07-11 18:04:26,3,dropoff,,0.86
on trip -> DROPOFF,25742,2026-06-30,2026-06-30 18:24:18,9,dropoff,,7.61
on trip -> DROPOFF,25743,2026-07-31,2026-07-31 17:10:04,1,dropoff,,0.46
on trip -> DROPOFF,25744,2026-07-24,2026-07-24 22:18:55,0,dropoff,,-0.39
on trip -> DROPOFF,25751,2026-07-18,2026-07-18 16:53:49,7,dropoff,,5.23
on trip -> DROPOFF,25752,2026-07-20,2026-07-20 19:15:26,2,dropoff,,1.03
on trip -> DROPOFF,25753,2026-07-25,2026-07-25 17:09:16,4,dropoff,,3.28
on trip -> DROPOFF,25754,2026-07-31,2026-07-31 16:51:57,0,dropoff,,-0.34
on trip -> DROPOFF,25755,2026-08-08,2026-08-08 13:41:58,7,dropoff,,6.87
on trip -> DROPOFF,25762,2026-07-16,2026-07-16 12:52:03,2,dropoff,,0.76
on trip -> DROPOFF,25763,2026-07-19,2026-07-19 17:48:36,8,dropoff,,7.95
on trip -> DROPOFF,25767,2026-07-08,2026-07-08 15:26:54,2,dropoff,,-1.03
on trip -> DROPOFF,25769,2026-07-15,2026-07-15 13:03:03,5,dropoff,,3.92
on trip -> DROPOFF,25778,2026-08-20,2026-08-20 18:28:15,0,dropoff,,-1.59
on trip -> DROPOFF,25780,2026-07-07,2026-07-08 02:29:02,3,dropoff,,2.77
on trip -> DROPOFF,25781,2026-07-15,2026-07-15 14:45:47,4,dropoff,,1.76
on trip -> DROPOFF,25796,2026-07-16,2026-07-17 01:17:03,4,dropoff,,2.87
on trip -> DROPOFF,25800,2026-07-11,2026-07-12 01:25:04,1,dropoff,,-1.71
on trip -> DROPOFF,25801,2026-07-18,2026-07-18 16:44:43,4,dropoff,,3.35
on trip -> DROPOFF,25802,2026-07-29,2026-07-29 15:37:44,0,dropoff,,-2.93
on trip -> DROPOFF,25806,2026-07-04,2026-07-04 19:41:18,5,dropoff,,2.4
on trip -> DROPOFF,25818,2026-08-01,2026-08-02 01:29:06,3,dropoff,,2.89
on trip -> DROPOFF,25819,2026-07-01,2026-07-01 15:05:39,1,dropoff,,0.21
on trip -> DROPOFF,25820,2026-07-07,2026-07-07 18:48:01,7,dropoff,,4.16
on trip -> DROPOFF,25825,2026-07-15,2026-07-15 17:28:57,0,dropoff,,-0.1
on trip -> DROPOFF,25827,2026-07-25,2026-07-25 23:50:55,11,dropoff,,10.32
on trip -> DROPOFF,25828,2026-07-26,2026-07-26 15:44:32,0,dropoff,,-1.77
on trip -> DROPOFF,25829,2026-08-02,2026-08-02 14:23:52,13,dropoff,,10.04
on trip -> DROPOFF,25834,2026-08-17,2026-08-17 20:49:44,15,dropoff,,11.97
on trip -> DROPOFF,25836,2026-07-25,2026-07-25 16:08:51,6,dropoff,,4.35
on trip -> DROPOFF,25846,2026-07-06,2026-07-06 16:12:40,7,dropoff,,5.52
on trip -> DROPOFF,25847,2026-07-11,2026-07-11 15:21:09,7,dropoff,,4.38
on trip -> DROPOFF,25854,2026-08-06,2026-08-06 14:36:06,2,dropoff,,1.77
on trip -> DROPOFF,25858,2026-07-09,2026-07-09 16:41:26,0,dropoff,,-2.15
on trip -> DROPOFF,25866,2026-07-22,2026-07-23 01:28:31,1,dropoff,,-1.47
on trip -> DROPOFF,25868,2026-06-30,2026-06-30 21:58:23,1,dropoff,,0.52
on trip -> DROPOFF,25869,2026-07-10,2026-07-10 18:11:10,2,dropoff,,0.08
on trip -> DROPOFF,25871,2026-07-07,2026-07-07 18:41:59,15,dropoff,,14.39
on trip -> DROPOFF,25872,2026-07-15,2026-07-15 17:59:09,6,dropoff,,4.23
on trip -> DROPOFF,25879,2026-07-30,2026-07-30 11:55:18,2,dropoff,,-0.74
on trip -> DROPOFF,25884,2026-08-01,2026-08-01 14:20:42,1,dropoff,,-1.97
on trip -> DROPOFF,25886,2026-07-18,2026-07-18 13:33:54,3,dropoff,,0.46
on trip -> DROPOFF,25888,2026-07-11,2026-07-11 21:26:52,6,dropoff,,4.69
on trip -> DROPOFF,25893,2026-07-12,2026-07-12 13:22:36,5,dropoff,,4.03
on trip -> DROPOFF,25894,2026-07-04,2026-07-04 13:08:43,4,dropoff,,2.12
on trip -> DROPOFF,25897,2026-08-07,2026-08-07 13:40:30,7,dropoff,,6.76
on trip -> DROPOFF,25898,2026-07-05,2026-07-05 18:57:16,2,dropoff,,0.1
on trip -> DROPOFF,25902,2026-07-06,2026-07-06 20:08:17,3,dropoff,,1.43
on trip -> DROPOFF,25903,2026-07-09,2026-07-09 21:04:20,8,dropoff,,7.59
on trip -> DROPOFF,25907,2026-07-31,2026-08-01 01:04:23,3,dropoff,,2.9
on trip -> DROPOFF,25908,2026-08-08,2026-08-08 13:51:02,7,dropoff,,4.13
on trip -> DROPOFF,25914,2026-07-15,2026-07-15 10:38:15,9,dropoff,,7.31
on trip -> DROPOFF,25915,2026-07-25,2026-07-25 17:09:16,4,dropoff,,1.8
on trip -> DROPOFF,25916,2026-07-18,2026-07-18 13:58:05,2,dropoff,,0.72
on trip -> DROPOFF,25917,2026-08-02,2026-08-02 10:59:25,3,dropoff,,2.78
on trip -> DROPOFF,25918,2026-08-09,2026-08-09 10:17:42,8,dropoff,,6.22
on trip -> DROPOFF,25920,2026-07-19,2026-07-19 20:23:34,19,dropoff,,16.64
on trip -> DROPOFF,25925,2026-07-25,2026-07-25 19:48:26,19,dropoff,,17.89
on trip -> DROPOFF,25929,2026-07-01,2026-07-01 16:39:10,2,dropoff,,0.49
on trip -> DROPOFF,25932,2026-08-09,2026-08-09 15:46:57,3,dropoff,,2.4
on trip -> DROPOFF,25933,2026-08-16,2026-08-16 13:58:06,5,dropoff,,1.97
on trip -> DROPOFF,25934,2026-08-09,2026-08-09 15:00:43,2,dropoff,,0.52
on trip -> DROPOFF,25936,2026-08-18,2026-08-18 20:17:36,29,dropoff,,0.11
on trip -> DROPOFF,25936,2026-08-18,2026-08-18 20:44:50,4,dropoff,,2.34
on trip -> DROPOFF,25942,2026-08-14,2026-08-15 03:58:53,5,dropoff,,-19.7
on trip -> DROPOFF,25944,2026-07-22,2026-07-22 14:37:13,2,dropoff,,-0.54
on trip -> DROPOFF,25945,2026-07-26,2026-07-26 10:58:04,9,dropoff,,8.06
on trip -> DROPOFF,25948,2026-07-18,2026-07-18 14:37:26,6,dropoff,,5.63
on trip -> DROPOFF,25950,2026-07-07,2026-07-07 04:52:23,1,dropoff,,-0.34
on trip -> DROPOFF,25951,2026-08-21,2026-08-21 14:28:13,2,dropoff,,1.52
on trip -> DROPOFF,25953,2026-07-31,2026-07-31 23:11:40,2,dropoff,,0.5
on trip -> DROPOFF,25954,2026-08-03,2026-08-03 11:43:34,8,dropoff,,6.74
on trip -> DROPOFF,25963,2026-07-17,2026-07-18 02:34:04,3,dropoff,,-16558.78
on trip -> DROPOFF,25965,2026-07-10,2026-07-10 22:33:42,6,dropoff,,3.08
on trip -> DROPOFF,25973,2026-07-07,2026-07-07 09:53:37,6,dropoff,,5.87
on trip -> DROPOFF,25977,2026-07-09,2026-07-09 16:35:23,4,dropoff,,2.87
on trip -> DROPOFF,25981,2026-07-29,2026-07-29 20:17:10,31,dropoff,,-2.99
on trip -> DROPOFF,25981,2026-07-29,2026-07-29 20:50:00,1,dropoff,,-0.17
on trip -> DROPOFF,25986,2026-07-14,2026-07-14 15:59:49,5,dropoff,,3.01
on trip -> DROPOFF,25988,2026-07-03,2026-07-03 15:23:06,4,dropoff,,2.53
on trip -> DROPOFF,25994,2026-07-04,2026-07-04 10:58:56,6,dropoff,,5.36
on trip -> DROPOFF,26001,2026-07-27,2026-07-27 15:00:07,2,dropoff,,-0.55
on trip -> DROPOFF,26016,2026-07-03,2026-07-03 15:53:22,1,dropoff,,-1.11
on trip -> DROPOFF,26018,2026-07-22,2026-07-22 14:56:16,0,dropoff,,-3.01
on trip -> DROPOFF,26020,2026-06-30,2026-06-30 16:38:38,6,dropoff,,4.65
on trip -> DROPOFF,26022,2026-07-25,2026-07-25 20:18:36,5,dropoff,,2.28
on trip -> DROPOFF,26029,2026-07-01,2026-07-01 17:33:27,8,dropoff,,6.31
on trip -> DROPOFF,26030,2026-07-01,2026-07-01 11:28:28,5,dropoff,,2.6
on trip -> DROPOFF,26036,2026-07-10,2026-07-10 15:09:58,7,dropoff,,6.71
on trip -> DROPOFF,26055,2026-07-11,2026-07-11 14:11:33,8,dropoff,,6.93
on trip -> DROPOFF,26064,2026-07-05,2026-07-05 16:23:13,5,dropoff,,3.64
on trip -> DROPOFF,26065,2026-07-12,2026-07-12 11:48:53,21,dropoff,,-9.21
on trip -> DROPOFF,26065,2026-07-12,2026-07-12 12:16:06,9,dropoff,,6.0
on trip -> DROPOFF,26073,2026-07-14,2026-07-14 16:05:52,2,dropoff,,0.12
on trip -> DROPOFF,26074,2026-07-21,2026-07-21 14:26:46,5,dropoff,,2.09
on trip -> DROPOFF,26077,2026-07-06,2026-07-06 16:18:43,1,dropoff,,-0.69
on trip -> DROPOFF,26078,2026-07-12,2026-07-12 13:34:42,7,dropoff,,6.95
on trip -> DROPOFF,26080,2026-07-09,2026-07-09 16:56:31,2,dropoff,,1.83
on trip -> DROPOFF,26091,2026-07-06,2026-07-06 13:50:38,1,dropoff,,-0.94
on trip -> DROPOFF,26092,2026-07-10,2026-07-10 23:18:57,6,dropoff,,5.13
on trip -> DROPOFF,26101,2026-08-08,2026-08-08 16:34:57,5,dropoff,,2.76
on trip -> DROPOFF,26102,2026-08-13,2026-08-13 20:29:33,11,dropoff,,10.08
on trip -> DROPOFF,26112,2026-07-24,2026-07-24 16:06:21,6,dropoff,,3.45
on trip -> DROPOFF,26113,2026-08-10,2026-08-10 16:55:58,0,dropoff,,-0.58
on trip -> DROPOFF,26115,2026-07-03,2026-07-03 17:12:01,2,dropoff,,1.08
on trip -> DROPOFF,26116,2026-07-10,2026-07-10 13:57:24,6,dropoff,,4.26
on trip -> DROPOFF,26120,2026-07-12,2026-07-12 21:53:09,4,dropoff,,2.53
on trip -> DROPOFF,26121,2026-07-25,2026-07-26 00:48:08,11,dropoff,,8.86
on trip -> DROPOFF,26122,2026-08-01,2026-08-01 22:19:28,8,dropoff,,5.96
on trip -> DROPOFF,26146,2026-07-26,2026-07-26 18:12:52,7,dropoff,,4.91
on trip -> DROPOFF,26160,2026-07-22,2026-07-22 11:08:48,5,dropoff,,2.11
on trip -> DROPOFF,26161,2026-07-26,2026-07-26 12:39:45,5,dropoff,,4.64
on trip -> DROPOFF,26162,2026-07-27,2026-07-27 23:27:21,3,dropoff,,2.87
on trip -> DROPOFF,26163,2026-08-03,2026-08-03 22:02:43,7,dropoff,,4.2
on trip -> DROPOFF,26178,2026-07-17,2026-07-17 16:09:31,6,dropoff,,3.69
on trip -> DROPOFF,26201,2026-07-29,2026-07-29 13:46:05,1,dropoff,,0.23
on trip -> DROPOFF,26202,2026-08-01,2026-08-01 14:48:03,4,dropoff,,2.09
on trip -> DROPOFF,26203,2026-07-16,2026-07-16 14:34:44,2,dropoff,,1.36
on trip -> DROPOFF,26211,2026-07-02,2026-07-03 03:30:58,0,dropoff,,-1.75
on trip -> DROPOFF,26213,2026-07-11,2026-07-11 16:54:53,2,dropoff,,0.37
on trip -> DROPOFF,26215,2026-07-19,2026-07-19 12:58:59,2,dropoff,,-0.72
on trip -> DROPOFF,26216,2026-07-25,2026-07-25 18:21:39,7,dropoff,,6.55
on trip -> DROPOFF,26218,2026-07-05,2026-07-05 12:42:35,3,dropoff,,0.72
on trip -> DROPOFF,26220,2026-07-13,2026-07-13 16:10:48,2,dropoff,,-0.89
on trip -> DROPOFF,26223,2026-07-10,2026-07-10 08:22:21,1,dropoff,,-1.92
on trip -> DROPOFF,26226,2026-08-03,2026-08-03 15:02:29,3,dropoff,,1.72
on trip -> DROPOFF,26229,2026-07-28,2026-07-28 18:25:51,6,dropoff,,4.82
on trip -> DROPOFF,26230,2026-07-11,2026-07-12 00:00:40,4,dropoff,,1.54
on trip -> DROPOFF,26231,2026-07-18,2026-07-18 11:51:06,6,dropoff,,3.72
on trip -> DROPOFF,26232,2026-08-09,2026-08-09 15:43:56,2,dropoff,,-0.74
on trip -> DROPOFF,26236,2026-07-12,2026-07-12 14:56:18,5,dropoff,,4.46
on trip -> DROPOFF,26239,2026-08-08,2026-08-08 19:29:11,6,dropoff,,5.41
on trip -> DROPOFF,26257,2026-07-05,2026-07-05 15:19:45,6,dropoff,,3.31
on trip -> DROPOFF,26259,2026-07-22,2026-07-22 15:59:40,7,dropoff,,5.62
on trip -> DROPOFF,26260,2026-07-19,2026-07-19 16:30:12,3,dropoff,,0.44
on trip -> DROPOFF,26261,2026-07-12,2026-07-12 19:22:13,7,dropoff,,6.92
on trip -> DROPOFF,26264,2026-07-12,2026-07-12 13:52:49,2,dropoff,,1.89
on trip -> DROPOFF,26268,2026-08-12,2026-08-12 20:09:09,11,dropoff,,8.35
on trip -> DROPOFF,26269,2026-08-16,2026-08-16 18:10:44,8,dropoff,,7.36
on trip -> DROPOFF,26271,2026-07-08,2026-07-08 16:33:25,4,dropoff,,2.74
on trip -> DROPOFF,26278,2026-07-30,2026-07-30 18:32:48,2,dropoff,,-0.42
on trip -> DROPOFF,26289,2026-07-30,2026-07-30 23:11:18,2,dropoff,,1.16
on trip -> DROPOFF,26308,2026-07-08,2026-07-08 13:47:10,0,dropoff,,-0.72
on trip -> DROPOFF,26315,2026-07-15,2026-07-15 14:24:37,1,dropoff,,-1.26
on trip -> DROPOFF,26320,2026-07-02,2026-07-03 02:27:44,34,dropoff,,33.27
on trip -> DROPOFF,26324,2026-07-03,2026-07-03 11:09:12,3,dropoff,,2.37
on trip -> DROPOFF,26326,2026-08-02,2026-08-02 18:03:23,3,dropoff,,0.85
on trip -> DROPOFF,26327,2026-08-06,2026-08-06 12:56:10,6,dropoff,,3.66
on trip -> DROPOFF,26331,2026-07-16,2026-07-17 02:44:20,9,dropoff,,7.68
on trip -> DROPOFF,26332,2026-07-20,2026-07-20 11:00:37,4,dropoff,,2.56
on trip -> DROPOFF,26356,2026-07-06,2026-07-06 18:01:27,2,dropoff,,1.69
on trip -> DROPOFF,26358,2026-07-07,2026-07-07 20:36:37,26,dropoff,,25.23
on trip -> DROPOFF,26359,2026-07-02,2026-07-02 23:06:46,1,dropoff,,-1.58
on trip -> DROPOFF,26366,2026-07-29,2026-07-29 15:28:40,7,dropoff,,6.86
on trip -> DROPOFF,26369,2026-08-06,2026-08-06 08:40:55,1,dropoff,,-0.98
on trip -> DROPOFF,26370,2026-07-23,2026-07-23 23:19:54,4,dropoff,,1.7
on trip -> DROPOFF,26372,2026-07-28,2026-07-28 21:06:16,5,dropoff,,4.32
on trip -> DROPOFF,26374,2026-07-02,2026-07-02 21:39:18,2,dropoff,,-0.7
on trip -> DROPOFF,26376,2026-07-20,2026-07-20 23:36:41,1,dropoff,,-1.81
on trip -> DROPOFF,26380,2026-07-09,2026-07-09 17:05:35,4,dropoff,,1.07
on trip -> DROPOFF,26387,2026-08-18,2026-08-18 20:29:43,5,dropoff,,2.67
on trip -> DROPOFF,26389,2026-07-18,2026-07-18 14:34:23,0,dropoff,,-2.33
on trip -> DROPOFF,26400,2026-08-21,2026-08-21 13:35:34,7,dropoff,,6.88
on trip -> DROPOFF,26408,2026-07-30,2026-07-30 14:50:09,3,dropoff,,2.11
on trip -> DROPOFF,26412,2026-07-16,2026-07-16 14:01:29,1,dropoff,,0.23
on trip -> DROPOFF,26413,2026-07-23,2026-07-23 15:44:35,4,dropoff,,2.4
on trip -> DROPOFF,26414,2026-07-05,2026-07-05 08:53:13,0,dropoff,,-1.06
on trip -> DROPOFF,26415,2026-07-09,2026-07-09 14:25:20,2,dropoff,,-0.57
on trip -> DROPOFF,26419,2026-07-05,2026-07-05 15:40:54,1,dropoff,,0.05
on trip -> DROPOFF,26424,2026-08-08,2026-08-08 16:44:01,0,dropoff,,-0.59
on trip -> DROPOFF,26427,2026-07-06,2026-07-06 13:50:38,0,dropoff,,-0.95
on trip -> DROPOFF,26428,2026-07-08,2026-07-08 14:35:32,2,dropoff,,1.47
on trip -> DROPOFF,26429,2026-07-10,2026-07-10 21:36:21,6,dropoff,,3.88
on trip -> DROPOFF,26444,2026-07-11,2026-07-11 20:17:27,5,dropoff,,3.96
on trip -> DROPOFF,26447,2026-07-14,2026-07-14 16:08:54,1,dropoff,,0.48
on trip -> DROPOFF,26452,2026-08-14,2026-08-14 13:03:15,12,dropoff,,9.19
on trip -> DROPOFF,26457,2026-07-17,2026-07-17 18:34:37,6,dropoff,,4.44
on trip -> DROPOFF,26458,2026-07-24,2026-07-24 15:00:19,2,dropoff,,1.65
on trip -> DROPOFF,26459,2026-07-31,2026-07-31 13:51:32,2,dropoff,,1.63
on trip -> DROPOFF,26461,2026-07-22,2026-07-22 12:36:31,1,dropoff,,-0.89
on trip -> DROPOFF,26463,2026-07-06,2026-07-06 14:02:43,1,dropoff,,-0.81
on trip -> DROPOFF,26464,2026-07-11,2026-07-11 15:36:16,7,dropoff,,4.7
on trip -> DROPOFF,26470,2026-08-05,2026-08-05 15:32:35,10,dropoff,,9.79
on trip -> DROPOFF,26474,2026-07-23,2026-07-24 03:14:54,1,dropoff,,0.54
on trip -> DROPOFF,26477,2026-07-21,2026-07-21 12:26:40,7,dropoff,,6.46
on trip -> DROPOFF,26480,2026-07-28,2026-07-28 11:25:19,6,dropoff,,4.2
on trip -> DROPOFF,26495,2026-07-20,2026-07-20 15:25:20,9,dropoff,,8.93
on trip -> DROPOFF,26499,2026-07-16,2026-07-16 23:07:32,3,dropoff,,2.03
on trip -> DROPOFF,26504,2026-07-05,2026-07-05 22:55:43,4,dropoff,,3.1
on trip -> DROPOFF,26505,2026-08-18,2026-08-18 14:28:54,29,dropoff,,5.7
on trip -> DROPOFF,26505,2026-08-18,2026-08-18 14:50:05,0,dropoff,,-2.11
on trip -> DROPOFF,26513,2026-08-04,2026-08-04 17:26:08,0,dropoff,,-2.46
on trip -> DROPOFF,26516,2026-07-13,2026-07-13 17:38:26,4,dropoff,,3.94
on trip -> DROPOFF,26520,2026-07-09,2026-07-09 15:07:40,3,dropoff,,1.65
on trip -> DROPOFF,26528,2026-07-30,2026-07-30 21:17:26,0,dropoff,,-0.9
on trip -> DROPOFF,26529,2026-08-04,2026-08-04 15:15:53,3,dropoff,,2.32
on trip -> DROPOFF,26530,2026-07-07,2026-07-07 15:04:31,1,dropoff,,-0.17
on trip -> DROPOFF,26536,2026-07-06,2026-07-06 15:18:16,2,dropoff,,1.75
on trip -> DROPOFF,26537,2026-07-10,2026-07-10 13:51:21,4,dropoff,,3.08
on trip -> DROPOFF,26538,2026-07-04,2026-07-04 14:57:29,2,dropoff,,1.22
on trip -> DROPOFF,26541,2026-07-30,2026-07-30 23:50:29,21,dropoff,,20.29
on trip -> DROPOFF,26542,2026-08-04,2026-08-04 13:27:39,8,dropoff,,7.24
on trip -> DROPOFF,26543,2026-07-24,2026-07-25 02:43:29,29,dropoff,,26.04
on trip -> DROPOFF,26544,2026-07-04,2026-07-04 21:11:45,16,dropoff,,15.4
on trip -> DROPOFF,26545,2026-07-12,2026-07-12 18:24:48,3,dropoff,,2.61
on trip -> DROPOFF,26546,2026-07-18,2026-07-18 20:39:54,0,dropoff,,-2.61
on trip -> DROPOFF,26552,2026-07-18,2026-07-18 15:13:45,4,dropoff,,2.86
on trip -> DROPOFF,26553,2026-07-24,2026-07-24 13:10:59,4,dropoff,,2.69
on trip -> DROPOFF,26561,2026-07-04,2026-07-04 10:28:48,2,dropoff,,-0.89
on trip -> DROPOFF,26566,2026-07-03,2026-07-03 21:04:38,6,dropoff,,4.67
on trip -> DROPOFF,26568,2026-07-08,2026-07-08 14:35:32,1,dropoff,,-0.57
on trip -> DROPOFF,26569,2026-07-30,2026-07-31 01:01:07,1,dropoff,,-1.35
on trip -> DROPOFF,26581,2026-07-23,2026-07-23 22:09:14,8,dropoff,,7.6
on trip -> DROPOFF,26583,2026-07-04,2026-07-04 17:28:30,2,dropoff,,0.23
on trip -> DROPOFF,26589,2026-07-15,2026-07-15 15:58:16,7,dropoff,,5.26
on trip -> DROPOFF,26592,2026-07-13,2026-07-13 19:36:15,1,dropoff,,-1.79
on trip -> DROPOFF,26593,2026-07-18,2026-07-18 10:47:41,8,dropoff,,7.58
on trip -> DROPOFF,26601,2026-08-10,2026-08-10 10:30:20,2,dropoff,,0.1
on trip -> DROPOFF,26602,2026-08-17,2026-08-17 22:43:49,4,dropoff,,3.08
on trip -> DROPOFF,26606,2026-07-08,2026-07-08 17:21:48,2,dropoff,,-0.34
on trip -> DROPOFF,26607,2026-07-13,2026-07-13 19:00:00,6,dropoff,,3.14
on trip -> DROPOFF,26614,2026-07-05,2026-07-05 15:52:58,3,dropoff,,0.23
on trip -> DROPOFF,26629,2026-07-16,2026-07-16 19:51:40,7,dropoff,,5.97
on trip -> DROPOFF,26630,2026-07-08,2026-07-08 14:59:43,5,dropoff,,4.78
on trip -> DROPOFF,26633,2026-08-12,2026-08-12 15:47:11,1,dropoff,,0.97
on trip -> DROPOFF,26642,2026-07-11,2026-07-11 14:14:36,4,dropoff,,1.32
on trip -> DROPOFF,26660,2026-07-04,2026-07-04 09:22:31,6,dropoff,,5.16
on trip -> DROPOFF,26661,2026-07-05,2026-07-05 14:04:10,3,dropoff,,0.65
on trip -> DROPOFF,26667,2026-07-19,2026-07-19 14:44:59,2,dropoff,,0.42
on trip -> DROPOFF,26673,2026-07-16,2026-07-16 16:05:17,0,dropoff,,-0.83
on trip -> DROPOFF,26674,2026-07-22,2026-07-22 10:53:43,7,dropoff,,6.51
on trip -> DROPOFF,26677,2026-07-08,2026-07-08 17:55:07,8,dropoff,,5.21
on trip -> DROPOFF,26679,2026-07-23,2026-07-23 13:13:25,7,dropoff,,4.48
on trip -> DROPOFF,26680,2026-07-29,2026-07-29 22:17:31,4,dropoff,,3.86
on trip -> DROPOFF,26682,2026-07-22,2026-07-22 15:32:29,6,dropoff,,4.21
on trip -> DROPOFF,26692,2026-07-04,2026-07-04 17:55:40,0,dropoff,,-0.96
on trip -> DROPOFF,26693,2026-07-13,2026-07-13 23:58:30,0,dropoff,,-0.27
on trip -> DROPOFF,26694,2026-07-11,2026-07-11 22:33:14,7,dropoff,,4.05
on trip -> DROPOFF,26703,2026-07-12,2026-07-12 17:33:27,4,dropoff,,2.53
on trip -> DROPOFF,26711,2026-07-29,2026-07-29 23:35:13,2,dropoff,,-0.01
on trip -> DROPOFF,26718,2026-07-12,2026-07-12 19:52:25,7,dropoff,,5.81
on trip -> DROPOFF,26719,2026-07-09,2026-07-09 15:22:47,10,dropoff,,7.48
on trip -> DROPOFF,26731,2026-07-11,2026-07-11 10:43:04,5,dropoff,,2.5
on trip -> DROPOFF,26733,2026-08-08,2026-08-08 15:56:09,7,dropoff,,4.89
on trip -> DROPOFF,26739,2026-07-13,2026-07-13 17:02:09,11,dropoff,,10.29
on trip -> DROPOFF,26753,2026-07-19,2026-07-19 12:34:51,2,dropoff,,-0.6
on trip -> DROPOFF,26754,2026-07-22,2026-07-22 23:25:50,6,dropoff,,3.21
on trip -> DROPOFF,26760,2026-07-07,2026-07-07 18:17:51,2,dropoff,,1.88
on trip -> DROPOFF,26766,2026-07-12,2026-07-12 18:42:56,6,dropoff,,5.91
on trip -> DROPOFF,26767,2026-07-07,2026-07-07 16:44:13,13,dropoff,,10.43
on trip -> DROPOFF,26778,2026-08-10,2026-08-10 14:38:40,6,dropoff,,4.61
on trip -> DROPOFF,26785,2026-07-10,2026-07-10 16:37:35,4,dropoff,,1.39
on trip -> DROPOFF,26786,2026-07-13,2026-07-13 17:53:32,6,dropoff,,4.22
on trip -> DROPOFF,26803,2026-07-09,2026-07-09 15:53:04,1,dropoff,,-1.54
on trip -> DROPOFF,26807,2026-07-06,2026-07-06 12:56:11,6,dropoff,,2.97
on trip -> DROPOFF,26822,2026-07-06,2026-07-06 22:23:55,0,dropoff,,-2.43
on trip -> DROPOFF,26823,2026-07-14,2026-07-14 19:01:07,6,dropoff,,3.97
on trip -> DROPOFF,26829,2026-07-07,2026-07-07 11:42:11,6,dropoff,,3.9
on trip -> DROPOFF,26834,2026-07-10,2026-07-10 15:06:58,4,dropoff,,3.53
on trip -> DROPOFF,26837,2026-08-18,2026-08-18 17:54:00,4,dropoff,,3.9
on trip -> DROPOFF,26847,2026-07-13,2026-07-13 16:16:51,0,dropoff,,-1.38
on trip -> DROPOFF,26849,2026-08-11,2026-08-12 01:50:04,21,dropoff,,20.39
on trip -> DROPOFF,26850,2026-08-18,2026-08-18 14:28:54,6,dropoff,,5.19
on trip -> DROPOFF,26857,2026-07-15,2026-07-15 18:41:26,1,dropoff,,-0.51
on trip -> DROPOFF,26858,2026-07-20,2026-07-20 13:20:36,4,dropoff,,1.52
on trip -> DROPOFF,26862,2026-08-12,2026-08-12 15:53:14,3,dropoff,,2.4
on trip -> DROPOFF,26869,2026-08-01,2026-08-01 14:57:07,0,dropoff,,-1.03
on trip -> DROPOFF,26870,2026-08-08,2026-08-08 18:32:00,8,dropoff,,7.99
on trip -> DROPOFF,26871,2026-07-06,2026-07-06 12:25:57,3,dropoff,,0.92
on trip -> DROPOFF,26877,2026-07-07,2026-07-07 20:09:28,10,dropoff,,8.08
on trip -> DROPOFF,26884,2026-08-10,2026-08-10 12:49:11,0,dropoff,,-2.94
on trip -> DROPOFF,26886,2026-07-18,2026-07-18 15:19:48,7,dropoff,,6.23
on trip -> DROPOFF,26887,2026-07-07,2026-07-07 15:10:33,0,dropoff,,-0.23
on trip -> DROPOFF,26888,2026-07-14,2026-07-14 18:15:49,6,dropoff,,5.93
on trip -> DROPOFF,26892,2026-08-09,2026-08-09 23:10:36,3,dropoff,,0.92
on trip -> DROPOFF,26894,2026-07-07,2026-07-07 11:12:01,6,dropoff,,4.03
on trip -> DROPOFF,26898,2026-07-11,2026-07-11 21:26:52,1,dropoff,,-1.65
on trip -> DROPOFF,26900,2026-07-11,2026-07-11 18:46:47,2,dropoff,,0.63
on trip -> DROPOFF,26901,2026-07-14,2026-07-14 13:25:48,6,dropoff,,4.2
on trip -> DROPOFF,26904,2026-07-15,2026-07-15 17:59:09,4,dropoff,,1.11
on trip -> DROPOFF,26907,2026-07-18,2026-07-19 01:26:23,4,dropoff,,1.79
on trip -> DROPOFF,26910,2026-07-21,2026-07-21 13:23:24,1,dropoff,,0.51
on trip -> DROPOFF,26911,2026-07-25,2026-07-25 09:22:37,7,dropoff,,5.32
on trip -> DROPOFF,26922,2026-07-16,2026-07-16 08:47:55,6,dropoff,,3.19
on trip -> DROPOFF,26923,2026-07-06,2026-07-07 01:39:43,1,dropoff,,0.52
on trip -> DROPOFF,26929,2026-07-17,2026-07-17 15:48:21,8,dropoff,,7.02
on trip -> DROPOFF,26933,2026-07-12,2026-07-12 19:19:12,6,dropoff,,5.55
on trip -> DROPOFF,26935,2026-07-30,2026-07-30 16:32:54,2,dropoff,,0.07
on trip -> DROPOFF,26936,2026-08-05,2026-08-05 22:04:44,6,dropoff,,3.24
on trip -> DROPOFF,26939,2026-07-13,2026-07-13 17:59:35,0,dropoff,,-0.63
on trip -> DROPOFF,26944,2026-07-19,2026-07-19 19:52:24,12,dropoff,,10.25
on trip -> DROPOFF,26952,2026-08-07,2026-08-07 22:58:41,7,dropoff,,4.97
on trip -> DROPOFF,26953,2026-08-07,2026-08-07 21:49:28,4,dropoff,,1.22
on trip -> DROPOFF,26957,2026-07-11,2026-07-11 16:57:55,3,dropoff,,2.35
on trip -> DROPOFF,26958,2026-07-16,2026-07-16 23:16:34,9,dropoff,,8.58
on trip -> DROPOFF,26959,2026-07-14,2026-07-14 14:41:19,0,dropoff,,-1.59
on trip -> DROPOFF,26960,2026-07-20,2026-07-20 21:20:57,5,dropoff,,3.54
on trip -> DROPOFF,26964,2026-07-23,2026-07-23 16:29:51,6,dropoff,,4.92
on trip -> DROPOFF,26966,2026-08-15,2026-08-15 16:47:02,9,dropoff,,6.13
on trip -> DROPOFF,26967,2026-07-21,2026-07-21 19:22:44,1,dropoff,,0.94
on trip -> DROPOFF,26993,2026-07-17,2026-07-17 19:10:53,4,dropoff,,2.02
on trip -> DROPOFF,27005,2026-08-04,2026-08-04 23:48:35,3,dropoff,,0.53
on trip -> DROPOFF,27007,2026-08-04,2026-08-04 23:42:33,5,dropoff,,2.45
on trip -> DROPOFF,27008,2026-08-10,2026-08-10 10:18:14,6,dropoff,,3.31
on trip -> DROPOFF,27009,2026-07-06,2026-07-07 01:51:46,5,dropoff,,2.7
on trip -> DROPOFF,27025,2026-08-01,2026-08-01 16:08:17,8,dropoff,,5.62
on trip -> DROPOFF,27041,2026-08-13,2026-08-13 14:06:42,1,dropoff,,0.86
on trip -> DROPOFF,27042,2026-08-16,2026-08-16 21:42:33,4,dropoff,,1.48
on trip -> DROPOFF,27047,2026-07-08,2026-07-09 00:51:38,2,dropoff,,1.49
on trip -> DROPOFF,27048,2026-07-15,2026-07-15 15:28:03,6,dropoff,,5.78
on trip -> DROPOFF,27051,2026-07-09,2026-07-09 17:47:51,6,dropoff,,3.07
on trip -> DROPOFF,27052,2026-07-15,2026-07-15 14:36:43,7,dropoff,,6.5
on trip -> DROPOFF,27057,2026-07-28,2026-07-28 14:00:37,7,dropoff,,4.85
on trip -> DROPOFF,27059,2026-07-07,2026-07-08 00:01:28,5,dropoff,,4.84
on trip -> DROPOFF,27060,2026-07-09,2026-07-10 02:02:48,23,dropoff,,21.3
on trip -> DROPOFF,27061,2026-07-11,2026-07-11 16:57:55,2,dropoff,,1.3
on trip -> DROPOFF,27068,2026-08-10,2026-08-10 18:24:40,0,dropoff,,-2.71
on trip -> DROPOFF,27070,2026-07-22,2026-07-22 20:33:59,0,dropoff,,-0.16
on trip -> DROPOFF,27074,2026-08-18,2026-08-18 16:23:13,6,dropoff,,3.28
on trip -> DROPOFF,27076,2026-07-12,2026-07-12 12:04:00,11,dropoff,,10.92
on trip -> DROPOFF,27079,2026-07-09,2026-07-09 23:08:00,4,dropoff,,1.27
on trip -> DROPOFF,27081,2026-07-29,2026-07-29 13:37:02,2,dropoff,,0.54
on trip -> DROPOFF,27094,2026-08-01,2026-08-01 12:32:03,5,dropoff,,2.75
on trip -> DROPOFF,27097,2026-08-15,2026-08-15 20:29:27,7,dropoff,,5.91
on trip -> DROPOFF,27099,2026-07-09,2026-07-09 23:14:02,1,dropoff,,-0.49
on trip -> DROPOFF,27103,2026-07-07,2026-07-08 01:19:47,0,dropoff,,-1.3
on trip -> DROPOFF,27111,2026-08-04,2026-08-04 13:22:23,2,dropoff,,0.28
on trip -> DROPOFF,27115,2026-07-08,2026-07-08 18:13:17,1,dropoff,,0.01
on trip -> DROPOFF,27120,2026-08-02,2026-08-02 22:53:31,1,dropoff,,-0.25
on trip -> DROPOFF,27125,2026-08-04,2026-08-04 21:13:55,1,dropoff,,-1.72
on trip -> DROPOFF,27127,2026-07-11,2026-07-11 19:07:57,2,dropoff,,1.96
on trip -> DROPOFF,27128,2026-07-15,2026-07-15 21:09:15,6,dropoff,,4.09
on trip -> DROPOFF,27130,2026-08-16,2026-08-16 15:14:13,13,dropoff,,11.81
on trip -> DROPOFF,27133,2026-07-27,2026-07-27 12:09:50,1,dropoff,,-0.02
on trip -> DROPOFF,27134,2026-08-07,2026-08-07 22:13:40,7,dropoff,,5.95
on trip -> DROPOFF,27139,2026-07-13,2026-07-13 19:42:17,2,dropoff,,1.91
on trip -> DROPOFF,27140,2026-07-19,2026-07-19 15:21:11,5,dropoff,,3.31
on trip -> DROPOFF,27144,2026-08-14,2026-08-14 14:36:21,2,dropoff,,-0.69
on trip -> DROPOFF,27160,2026-07-12,2026-07-12 21:01:51,1,dropoff,,0.26
on trip -> DROPOFF,27172,2026-07-09,2026-07-10 03:09:05,3,dropoff,,2.26
on trip -> DROPOFF,27179,2026-07-31,2026-07-31 20:38:55,2,dropoff,,0.56
on trip -> DROPOFF,27180,2026-07-12,2026-07-12 23:17:37,1,dropoff,,-1.79
on trip -> DROPOFF,27197,2026-07-15,2026-07-15 16:07:20,1,dropoff,,-1.42
on trip -> DROPOFF,27198,2026-07-20,2026-07-20 18:27:32,5,dropoff,,3.11
on trip -> DROPOFF,27204,2026-08-14,2026-08-14 21:57:35,7,dropoff,,4.61
on trip -> DROPOFF,27211,2026-07-10,2026-07-11 01:04:28,2,dropoff,,0.05
on trip -> DROPOFF,27212,2026-07-17,2026-07-17 11:49:31,8,dropoff,,6.33
on trip -> DROPOFF,27220,2026-07-29,2026-07-29 14:31:22,6,dropoff,,3.39
on trip -> DROPOFF,27224,2026-07-18,2026-07-18 14:28:20,6,dropoff,,3.47
on trip -> DROPOFF,27229,2026-07-11,2026-07-11 23:30:33,8,dropoff,,5.84
on trip -> DROPOFF,27230,2026-07-18,2026-07-18 13:36:56,7,dropoff,,5.8
on trip -> DROPOFF,27233,2026-07-09,2026-07-09 13:55:04,6,dropoff,,4.57
on trip -> DROPOFF,27236,2026-07-13,2026-07-13 14:43:08,3,dropoff,,1.48
on trip -> DROPOFF,27239,2026-07-30,2026-07-30 21:47:35,0,dropoff,,-2.97
on trip -> DROPOFF,27240,2026-08-05,2026-08-05 13:20:15,7,dropoff,,6.95
on trip -> DROPOFF,27247,2026-07-17,2026-07-17 13:59:27,3,dropoff,,0.73
on trip -> DROPOFF,27257,2026-07-17,2026-07-18 01:42:51,2,dropoff,,1.06
on trip -> DROPOFF,27277,2026-07-27,2026-07-27 14:20:54,11,dropoff,,9.87
on trip -> DROPOFF,27279,2026-07-08,2026-07-08 12:04:21,6,dropoff,,3.28
on trip -> DROPOFF,27280,2026-08-05,2026-08-05 13:56:29,20,dropoff,,19.91
on trip -> DROPOFF,27282,2026-08-09,2026-08-09 13:28:55,4,dropoff,,1.57
on trip -> DROPOFF,27290,2026-08-07,2026-08-07 21:58:33,0,dropoff,,-2.53
on trip -> DROPOFF,27297,2026-07-29,2026-07-29 17:53:14,0,dropoff,,-0.77
on trip -> DROPOFF,27298,2026-08-03,2026-08-03 12:56:04,8,dropoff,,5.48
on trip -> DROPOFF,27302,2026-07-22,2026-07-22 16:35:54,2,dropoff,,-0.96
on trip -> DROPOFF,27303,2026-07-09,2026-07-09 23:04:59,17,dropoff,,15.39
on trip -> DROPOFF,27306,2026-07-13,2026-07-13 17:32:24,3,dropoff,,1.19
on trip -> DROPOFF,27307,2026-07-17,2026-07-17 10:49:08,6,dropoff,,3.9
on trip -> DROPOFF,27326,2026-07-10,2026-07-10 21:24:16,4,dropoff,,3.47
on trip -> DROPOFF,27327,2026-07-17,2026-07-17 16:21:37,2,dropoff,,-0.2
on trip -> DROPOFF,27332,2026-07-11,2026-07-11 05:35:33,7,dropoff,,5.2
on trip -> DROPOFF,27335,2026-07-21,2026-07-21 14:11:40,2,dropoff,,1.52
on trip -> DROPOFF,27338,2026-07-26,2026-07-26 16:57:25,6,dropoff,,4.55
on trip -> DROPOFF,27340,2026-07-18,2026-07-18 22:38:46,1,dropoff,,-0.45
on trip -> DROPOFF,27354,2026-07-22,2026-07-22 20:40:01,7,dropoff,,6.43
on trip -> DROPOFF,27359,2026-07-20,2026-07-20 19:45:34,10,dropoff,,8.25
on trip -> DROPOFF,27368,2026-08-21,2026-08-21 21:47:24,6,dropoff,,5.0
on trip -> DROPOFF,27373,2026-07-14,2026-07-14 22:08:12,32,dropoff,,29.0
on trip -> DROPOFF,27376,2026-07-26,2026-07-26 16:08:42,0,dropoff,,-0.36
on trip -> DROPOFF,27377,2026-08-02,2026-08-02 20:39:08,8,dropoff,,6.89
on trip -> DROPOFF,27384,2026-08-16,2026-08-16 16:14:44,26,dropoff,,-4.03
on trip -> DROPOFF,27384,2026-08-16,2026-08-16 16:42:03,11,dropoff,,8.29
on trip -> DROPOFF,27402,2026-07-14,2026-07-14 17:42:34,7,dropoff,,6.32
on trip -> DROPOFF,27403,2026-08-15,2026-08-15 15:16:46,8,dropoff,,-2.84
on trip -> DROPOFF,27403,2026-08-15,2026-08-15 15:25:51,2,dropoff,,0.24
on trip -> DROPOFF,27407,2026-07-10,2026-07-11 02:10:43,3,dropoff,,0.36
on trip -> DROPOFF,27409,2026-07-12,2026-07-13 00:51:05,4,dropoff,,2.04
on trip -> DROPOFF,27410,2026-07-18,2026-07-18 20:01:38,9,dropoff,,8.76
on trip -> DROPOFF,27412,2026-07-18,2026-07-18 13:09:41,1,dropoff,,-0.83
on trip -> DROPOFF,27413,2026-07-22,2026-07-22 17:42:38,4,dropoff,,2.53
on trip -> DROPOFF,27415,2026-08-14,2026-08-14 18:03:57,10,dropoff,,8.02
on trip -> DROPOFF,27420,2026-08-17,2026-08-17 14:44:22,7,dropoff,,4.82
on trip -> DROPOFF,27433,2026-07-23,2026-07-23 15:17:24,0,dropoff,,-1.21
on trip -> DROPOFF,27434,2026-08-01,2026-08-01 12:44:08,6,dropoff,,3.5
on trip -> DROPOFF,27450,2026-07-19,2026-07-19 12:52:57,6,dropoff,,3.72
on trip -> DROPOFF,27452,2026-07-19,2026-07-20 03:59:24,18,dropoff,,-0.61
on trip -> DROPOFF,27453,2026-07-22,2026-07-22 17:06:26,7,dropoff,,6.62
on trip -> DROPOFF,27457,2026-07-22,2026-07-22 17:06:26,7,dropoff,,6.98
on trip -> DROPOFF,27459,2026-07-12,2026-07-12 16:39:01,1,dropoff,,-0.59
on trip -> DROPOFF,27460,2026-07-17,2026-07-17 14:26:39,6,dropoff,,2.99
on trip -> DROPOFF,27464,2026-07-17,2026-07-17 19:25:58,10,dropoff,,7.79
on trip -> DROPOFF,27467,2026-08-17,2026-08-17 17:38:45,12,dropoff,,4.81
on trip -> DROPOFF,27467,2026-08-17,2026-08-17 17:44:48,1,dropoff,,-0.14
on trip -> DROPOFF,27474,2026-07-25,2026-07-25 10:41:03,6,dropoff,,5.13
on trip -> DROPOFF,27475,2026-07-13,2026-07-14 00:19:34,2,dropoff,,0.09
on trip -> DROPOFF,27477,2026-07-15,2026-07-15 23:33:53,4,dropoff,,1.63
on trip -> DROPOFF,27482,2026-08-12,2026-08-12 21:20:18,4,dropoff,,3.85
on trip -> DROPOFF,27483,2026-07-13,2026-07-13 15:19:24,0,dropoff,,-0.07
on trip -> DROPOFF,27490,2026-07-11,2026-07-11 13:38:18,2,dropoff,,0.95
on trip -> DROPOFF,27499,2026-07-19,2026-07-19 21:35:54,0,dropoff,,-2.06
on trip -> DROPOFF,27512,2026-07-14,2026-07-15 02:48:16,3,dropoff,,1.39
on trip -> DROPOFF,27513,2026-07-26,2026-07-26 22:49:05,7,dropoff,,5.56
on trip -> DROPOFF,27514,2026-07-28,2026-07-28 14:57:50,3,dropoff,,1.3
on trip -> DROPOFF,27515,2026-08-04,2026-08-04 21:32:02,6,dropoff,,5.15
on trip -> DROPOFF,27518,2026-08-18,2026-08-18 19:07:10,2,dropoff,,-0.17
on trip -> DROPOFF,27525,2026-07-18,2026-07-18 21:41:28,6,dropoff,,5.15
on trip -> DROPOFF,27538,2026-08-15,2026-08-15 13:13:47,10,dropoff,,9.89
on trip -> DROPOFF,27542,2026-08-06,2026-08-06 11:55:07,5,dropoff,,3.36
on trip -> DROPOFF,27544,2026-07-09,2026-07-09 20:28:04,0,dropoff,,-0.25
on trip -> DROPOFF,27548,2026-07-11,2026-07-11 18:28:38,30,dropoff,,-1.38
on trip -> DROPOFF,27548,2026-07-11,2026-07-11 18:58:53,7,dropoff,,5.88
on trip -> DROPOFF,27559,2026-07-14,2026-07-14 14:32:16,7,dropoff,,6.99
on trip -> DROPOFF,27566,2026-07-25,2026-07-25 17:27:23,1,dropoff,,-1.22
on trip -> DROPOFF,27567,2026-08-01,2026-08-01 07:30:47,6,dropoff,,4.8
on trip -> DROPOFF,27570,2026-07-29,2026-07-29 18:02:17,7,dropoff,,6.39
on trip -> DROPOFF,27571,2026-07-16,2026-07-16 15:35:06,4,dropoff,,1.87
on trip -> DROPOFF,27572,2026-07-20,2026-07-20 17:06:01,11,dropoff,,10.8
on trip -> DROPOFF,27579,2026-08-18,2026-08-18 17:17:40,23,dropoff,,-12.98
on trip -> DROPOFF,27579,2026-08-18,2026-08-18 17:50:59,0,dropoff,,-2.66
on trip -> DROPOFF,27585,2026-08-07,2026-08-07 14:19:53,1,dropoff,,0.87
on trip -> DROPOFF,27586,2026-08-11,2026-08-11 15:32:53,6,dropoff,,4.7
on trip -> DROPOFF,27592,2026-07-18,2026-07-18 15:07:42,1,dropoff,,0.07
on trip -> DROPOFF,27593,2026-08-06,2026-08-06 14:36:06,0,dropoff,,-0.32
on trip -> DROPOFF,27595,2026-07-10,2026-07-10 14:00:26,0,dropoff,,-2.95
on trip -> DROPOFF,27599,2026-07-22,2026-07-22 09:25:09,7,dropoff,,5.28
on trip -> DROPOFF,27601,2026-08-01,2026-08-01 13:38:25,6,dropoff,,4.61
on trip -> DROPOFF,27606,2026-08-04,2026-08-04 17:20:07,2,dropoff,,-0.15
on trip -> DROPOFF,27607,2026-07-22,2026-07-22 17:21:31,1,dropoff,,-2.01
on trip -> DROPOFF,27608,2026-07-12,2026-07-13 02:15:26,19,dropoff,,16.42
on trip -> DROPOFF,27609,2026-07-18,2026-07-18 10:14:28,8,dropoff,,6.89
on trip -> DROPOFF,27616,2026-07-16,2026-07-16 17:44:54,0,dropoff,,-1.95
on trip -> DROPOFF,27619,2026-07-17,2026-07-17 19:35:02,6,dropoff,,5.13
on trip -> DROPOFF,27628,2026-07-30,2026-07-30 23:47:28,6,dropoff,,3.22
on trip -> DROPOFF,27640,2026-07-17,2026-07-17 12:01:36,8,dropoff,,5.4
on trip -> DROPOFF,27642,2026-07-18,2026-07-18 13:21:49,4,dropoff,,3.29
on trip -> DROPOFF,27643,2026-07-12,2026-07-12 15:47:41,2,dropoff,,1.77
on trip -> DROPOFF,27644,2026-07-17,2026-07-17 14:14:34,7,dropoff,,5.51
on trip -> DROPOFF,27650,2026-07-14,2026-07-14 13:46:56,1,dropoff,,-0.66
on trip -> DROPOFF,27651,2026-07-23,2026-07-23 21:24:01,6,dropoff,,4.28
on trip -> DROPOFF,27655,2026-07-25,2026-07-25 15:18:37,3,dropoff,,2.94
on trip -> DROPOFF,27656,2026-07-27,2026-07-27 20:03:44,6,dropoff,,3.1
on trip -> DROPOFF,27657,2026-07-10,2026-07-10 14:54:52,5,dropoff,,2.74
on trip -> DROPOFF,27660,2026-08-07,2026-08-07 13:02:19,6,dropoff,,3.11
on trip -> DROPOFF,27663,2026-08-02,2026-08-02 14:45:03,7,dropoff,,5.05
on trip -> DROPOFF,27665,2026-07-12,2026-07-12 12:43:17,6,dropoff,,3.15
on trip -> DROPOFF,27674,2026-07-10,2026-07-10 12:50:52,3,dropoff,,2.26
on trip -> DROPOFF,27679,2026-08-18,2026-08-18 20:17:36,28,dropoff,,6.96
on trip -> DROPOFF,27679,2026-08-18,2026-08-18 20:35:46,10,dropoff,,7.12
on trip -> DROPOFF,27694,2026-08-09,2026-08-10 03:28:23,24,dropoff,,21.29
on trip -> DROPOFF,27700,2026-07-15,2026-07-15 19:56:53,6,dropoff,,5.64
on trip -> DROPOFF,27705,2026-08-05,2026-08-05 13:11:12,4,dropoff,,3.13
on trip -> DROPOFF,27706,2026-07-14,2026-07-14 19:46:25,5,dropoff,,3.61
on trip -> DROPOFF,27709,2026-07-11,2026-07-11 20:11:25,4,dropoff,,1.72
on trip -> DROPOFF,27710,2026-07-16,2026-07-16 14:55:51,7,dropoff,,4.96
on trip -> DROPOFF,27716,2026-07-25,2026-07-25 19:36:22,7,dropoff,,6.97
on trip -> DROPOFF,27719,2026-07-17,2026-07-18 01:48:52,1,dropoff,,-0.99
on trip -> DROPOFF,27731,2026-08-15,2026-08-15 21:59:11,0,dropoff,,-2.14
on trip -> DROPOFF,27732,2026-07-15,2026-07-15 16:10:21,3,dropoff,,0.89
on trip -> DROPOFF,27739,2026-08-04,2026-08-04 20:16:46,0,dropoff,,-2.81
on trip -> DROPOFF,27746,2026-07-19,2026-07-19 18:46:03,11,dropoff,,8.16
on trip -> DROPOFF,27752,2026-07-14,2026-07-14 17:51:39,1,dropoff,,0.72
on trip -> DROPOFF,27756,2026-07-18,2026-07-18 12:54:34,6,dropoff,,3.07
on trip -> DROPOFF,27762,2026-07-20,2026-07-20 13:51:00,2,dropoff,,0.69
on trip -> DROPOFF,27763,2026-07-24,2026-07-24 14:11:59,7,dropoff,,4.3
on trip -> DROPOFF,27764,2026-07-19,2026-07-19 15:36:17,9,dropoff,,7.05
on trip -> DROPOFF,27769,2026-08-08,2026-08-08 20:14:37,1,dropoff,,-0.6
on trip -> DROPOFF,27775,2026-07-16,2026-07-16 18:18:08,1,dropoff,,-1.78
on trip -> DROPOFF,27777,2026-07-17,2026-07-17 13:38:17,9,dropoff,,6.38
on trip -> DROPOFF,27780,2026-07-29,2026-07-29 19:56:05,4,dropoff,,3.88
on trip -> DROPOFF,27787,2026-07-23,2026-07-23 14:44:48,4,dropoff,,3.13
on trip -> DROPOFF,27797,2026-07-17,2026-07-17 16:18:35,6,dropoff,,4.2
on trip -> DROPOFF,27801,2026-07-25,2026-07-25 13:16:49,42,dropoff,,-6.79
on trip -> DROPOFF,27801,2026-07-25,2026-07-25 14:03:07,6,dropoff,,3.51
on trip -> DROPOFF,27807,2026-07-22,2026-07-22 08:24:52,6,dropoff,,4.45
on trip -> DROPOFF,27825,2026-08-03,2026-08-03 13:39:25,8,dropoff,,5.03
on trip -> DROPOFF,27827,2026-07-26,2026-07-26 17:30:37,9,dropoff,,6.29
on trip -> DROPOFF,27828,2026-07-31,2026-08-01 01:07:24,1,dropoff,,-0.18
on trip -> DROPOFF,27829,2026-07-20,2026-07-20 06:03:05,1,dropoff,,-1.36
on trip -> DROPOFF,27830,2026-07-29,2026-07-29 16:38:05,7,dropoff,,4.86
on trip -> DROPOFF,27844,2026-07-29,2026-07-29 19:59:06,0,dropoff,,-0.05
on trip -> DROPOFF,27845,2026-08-03,2026-08-03 09:18:51,26,dropoff,,24.19
on trip -> DROPOFF,27858,2026-08-03,2026-08-03 15:05:31,4,dropoff,,1.3
on trip -> DROPOFF,27868,2026-07-12,2026-07-13 00:02:51,3,dropoff,,2.52
on trip -> DROPOFF,27869,2026-08-01,2026-08-01 18:05:30,3,dropoff,,2.96
on trip -> DROPOFF,27870,2026-08-05,2026-08-05 13:38:22,7,dropoff,,5.56
on trip -> DROPOFF,27871,2026-07-24,2026-07-24 17:22:28,0,dropoff,,-1.31
on trip -> DROPOFF,27872,2026-07-31,2026-07-31 14:07:46,3,dropoff,,0.61
on trip -> DROPOFF,27877,2026-08-03,2026-08-03 16:59:34,10,dropoff,,8.04
on trip -> DROPOFF,27881,2026-07-18,2026-07-18 10:32:34,6,dropoff,,5.09
on trip -> DROPOFF,27889,2026-07-18,2026-07-18 22:11:37,1,dropoff,,-0.16
on trip -> DROPOFF,27892,2026-08-20,2026-08-20 18:13:08,0,dropoff,,-1.04
on trip -> DROPOFF,27901,2026-07-12,2026-07-12 09:23:57,6,dropoff,,4.43
on trip -> DROPOFF,27911,2026-07-26,2026-07-26 09:51:37,24,dropoff,,-13.48
on trip -> DROPOFF,27911,2026-07-26,2026-07-26 10:27:50,6,dropoff,,4.74
on trip -> DROPOFF,27919,2026-07-15,2026-07-15 20:42:06,2,dropoff,,1.9
on trip -> DROPOFF,27923,2026-07-19,2026-07-19 11:10:25,8,dropoff,,6.76
on trip -> DROPOFF,27931,2026-07-12,2026-07-13 02:30:29,4,dropoff,,1.89
on trip -> DROPOFF,27940,2026-07-20,2026-07-20 12:04:02,1,dropoff,,-0.74
on trip -> DROPOFF,27953,2026-07-12,2026-07-12 22:20:20,6,dropoff,,3.07
on trip -> DROPOFF,27959,2026-07-21,2026-07-21 13:17:59,4,dropoff,,1.03
on trip -> DROPOFF,27967,2026-07-20,2026-07-21 02:42:46,2,dropoff,,1.2
on trip -> DROPOFF,27969,2026-07-20,2026-07-20 14:30:14,2,dropoff,,0.91
on trip -> DROPOFF,27970,2026-07-24,2026-07-24 22:21:56,6,dropoff,,5.75
on trip -> DROPOFF,27974,2026-08-08,2026-08-08 14:00:08,1,dropoff,,0.47
on trip -> DROPOFF,27991,2026-08-03,2026-08-03 21:29:32,0,dropoff,,-1.38
on trip -> DROPOFF,28001,2026-07-26,2026-07-26 07:23:30,7,dropoff,,4.18
on trip -> DROPOFF,28005,2026-07-12,2026-07-12 22:32:24,3,dropoff,,1.03
on trip -> DROPOFF,28007,2026-07-17,2026-07-17 22:51:04,6,dropoff,,4.93
on trip -> DROPOFF,28013,2026-08-09,2026-08-09 21:30:26,2,dropoff,,0.42
on trip -> DROPOFF,28021,2026-07-12,2026-07-12 21:29:01,2,dropoff,,1.0
on trip -> DROPOFF,28024,2026-07-17,2026-07-17 16:30:41,0,dropoff,,-0.48
on trip -> DROPOFF,28036,2026-08-13,2026-08-13 23:33:57,3,dropoff,,2.25
on trip -> DROPOFF,28040,2026-07-23,2026-07-23 15:41:33,2,dropoff,,1.81
on trip -> DROPOFF,28041,2026-07-28,2026-07-28 14:09:32,0,dropoff,,-2.99
on trip -> DROPOFF,28042,2026-07-22,2026-07-22 15:47:35,2,dropoff,,0.56
on trip -> DROPOFF,28050,2026-07-17,2026-07-17 23:42:20,10,dropoff,,8.55
on trip -> DROPOFF,28052,2026-07-24,2026-07-24 20:06:23,13,dropoff,,11.27
on trip -> DROPOFF,28056,2026-07-30,2026-07-30 14:24:13,9,dropoff,,6.58
on trip -> DROPOFF,28064,2026-08-11,2026-08-11 15:32:53,4,dropoff,,3.07
on trip -> DROPOFF,28065,2026-07-19,2026-07-19 18:15:53,2,dropoff,,-0.85
on trip -> DROPOFF,28067,2026-08-14,2026-08-14 18:46:22,6,dropoff,,3.55
on trip -> DROPOFF,28068,2026-08-12,2026-08-12 14:45:33,4,dropoff,,3.76
on trip -> DROPOFF,28071,2026-08-02,2026-08-02 16:28:45,0,dropoff,,-1.0
on trip -> DROPOFF,28073,2026-08-11,2026-08-11 22:49:02,28,dropoff,,13.4
on trip -> DROPOFF,28073,2026-08-11,2026-08-11 23:01:07,6,dropoff,,3.48
on trip -> DROPOFF,28074,2026-08-15,2026-08-15 09:49:51,5,dropoff,,3.64
on trip -> DROPOFF,28075,2026-08-15,2026-08-15 15:16:46,0,dropoff,,-1.33
on trip -> DROPOFF,28078,2026-07-25,2026-07-25 09:28:38,7,dropoff,,5.61
on trip -> DROPOFF,28082,2026-07-14,2026-07-14 19:07:10,1,dropoff,,-1.83
on trip -> DROPOFF,28093,2026-08-08,2026-08-08 17:11:17,2,dropoff,,0.01
on trip -> DROPOFF,28096,2026-07-21,2026-07-21 05:48:28,2,dropoff,,0.0
on trip -> DROPOFF,28101,2026-07-16,2026-07-16 14:43:47,0,dropoff,,-1.3
on trip -> DROPOFF,28102,2026-07-21,2026-07-21 11:20:17,9,dropoff,,8.73
on trip -> DROPOFF,28118,2026-07-28,2026-07-28 13:18:21,6,dropoff,,3.23
on trip -> DROPOFF,28120,2026-07-19,2026-07-19 13:14:05,10,dropoff,,7.92
on trip -> DROPOFF,28121,2026-07-25,2026-07-25 19:33:21,7,dropoff,,4.32
on trip -> DROPOFF,28125,2026-07-12,2026-07-12 22:38:25,8,dropoff,,7.35
on trip -> DROPOFF,28127,2026-08-13,2026-08-13 13:00:02,6,dropoff,,4.85
on trip -> DROPOFF,28136,2026-07-14,2026-07-14 17:42:34,0,dropoff,,-1.24
on trip -> DROPOFF,28143,2026-07-15,2026-07-16 00:00:59,4,dropoff,,3.57
on trip -> DROPOFF,28164,2026-07-21,2026-07-21 17:36:18,2,dropoff,,-0.5
on trip -> DROPOFF,28166,2026-07-19,2026-07-19 18:52:05,4,dropoff,,1.56
on trip -> DROPOFF,28167,2026-07-25,2026-07-25 10:59:11,5,dropoff,,3.71
on trip -> DROPOFF,28175,2026-07-13,2026-07-13 13:21:32,6,dropoff,,4.29
on trip -> DROPOFF,28179,2026-08-21,2026-08-21 16:05:47,7,dropoff,,5.67
on trip -> DROPOFF,28194,2026-07-13,2026-07-13 20:36:38,11,dropoff,,10.57
on trip -> DROPOFF,28198,2026-08-17,2026-08-17 13:19:08,7,dropoff,,4.29
on trip -> DROPOFF,28203,2026-08-02,2026-08-02 18:00:21,0,dropoff,,-0.7
on trip -> DROPOFF,28209,2026-07-23,2026-07-23 12:34:12,7,dropoff,,5.65
on trip -> DROPOFF,28215,2026-07-20,2026-07-20 15:31:22,2,dropoff,,1.19
on trip -> DROPOFF,28216,2026-07-27,2026-07-27 17:21:58,7,dropoff,,5.14
on trip -> DROPOFF,28223,2026-08-17,2026-08-18 01:01:27,8,dropoff,,5.49
on trip -> DROPOFF,28224,2026-08-21,2026-08-21 11:40:35,5,dropoff,,3.59
on trip -> DROPOFF,28225,2026-07-18,2026-07-18 21:59:33,0,dropoff,,-0.64
on trip -> DROPOFF,28230,2026-07-24,2026-07-24 15:06:22,4,dropoff,,3.09
on trip -> DROPOFF,28231,2026-08-11,2026-08-11 14:26:06,0,dropoff,,-0.42
on trip -> DROPOFF,28232,2026-08-18,2026-08-18 19:13:13,9,dropoff,,8.15
on trip -> DROPOFF,28235,2026-07-17,2026-07-17 23:06:09,1,dropoff,,-1.09
on trip -> DROPOFF,28236,2026-07-23,2026-07-23 12:25:09,6,dropoff,,5.3
on trip -> DROPOFF,28237,2026-08-16,2026-08-16 19:19:49,0,dropoff,,-2.2
on trip -> DROPOFF,28248,2026-07-16,2026-07-16 13:22:15,2,dropoff,,-0.97
on trip -> DROPOFF,28252,2026-08-08,2026-08-08 13:44:59,6,dropoff,,4.55
on trip -> DROPOFF,28254,2026-07-21,2026-07-21 15:29:13,6,dropoff,,4.4
on trip -> DROPOFF,28259,2026-08-05,2026-08-05 17:36:16,0,dropoff,,-0.27
on trip -> DROPOFF,28261,2026-08-11,2026-08-11 14:32:10,8,dropoff,,5.7
on trip -> DROPOFF,28262,2026-07-31,2026-07-31 20:35:54,0,dropoff,,-1.48
on trip -> DROPOFF,28265,2026-07-21,2026-07-21 20:32:01,2,dropoff,,-0.03
on trip -> DROPOFF,28266,2026-08-06,2026-08-06 11:58:08,4,dropoff,,3.89
on trip -> DROPOFF,28275,2026-07-25,2026-07-25 21:59:08,6,dropoff,,3.74
on trip -> DROPOFF,28277,2026-07-26,2026-07-26 20:56:35,2,dropoff,,0.51
on trip -> DROPOFF,28278,2026-07-31,2026-07-31 18:22:24,8,dropoff,,5.02
on trip -> DROPOFF,28282,2026-07-17,2026-07-17 17:58:20,5,dropoff,,3.66
on trip -> DROPOFF,28283,2026-07-26,2026-07-26 08:39:15,6,dropoff,,2.99
on trip -> DROPOFF,28289,2026-07-28,2026-07-28 13:18:21,4,dropoff,,2.35
on trip -> DROPOFF,28294,2026-08-05,2026-08-05 19:38:46,7,dropoff,,4.66
on trip -> DROPOFF,28302,2026-07-21,2026-07-21 15:56:22,6,dropoff,,4.33
on trip -> DROPOFF,28309,2026-07-20,2026-07-20 18:06:24,7,dropoff,,4.6
on trip -> DROPOFF,28310,2026-07-24,2026-07-24 07:57:04,3,dropoff,,2.29
on trip -> DROPOFF,28313,2026-07-15,2026-07-15 16:43:39,2,dropoff,,1.6
on trip -> DROPOFF,28314,2026-07-16,2026-07-16 16:56:36,7,dropoff,,6.47
on trip -> DROPOFF,28316,2026-07-19,2026-07-19 14:14:48,11,dropoff,,10.52
on trip -> DROPOFF,28321,2026-07-25,2026-07-25 14:30:18,7,dropoff,,6.88
on trip -> DROPOFF,28325,2026-07-14,2026-07-14 19:07:10,0,dropoff,,-2.87
on trip -> DROPOFF,28326,2026-08-01,2026-08-01 13:38:25,4,dropoff,,0.98
on trip -> DROPOFF,28327,2026-08-08,2026-08-08 12:59:33,8,dropoff,,6.86
on trip -> DROPOFF,28344,2026-08-07,2026-08-07 14:28:58,6,dropoff,,4.85
on trip -> DROPOFF,28346,2026-08-02,2026-08-02 12:30:11,7,dropoff,,4.02
on trip -> DROPOFF,28351,2026-07-14,2026-07-14 19:37:22,1,dropoff,,-0.49
on trip -> DROPOFF,28352,2026-07-17,2026-07-17 16:09:31,1,dropoff,,-0.82
on trip -> DROPOFF,28367,2026-07-25,2026-07-25 11:20:17,9,dropoff,,7.96
on trip -> DROPOFF,28368,2026-08-02,2026-08-02 23:54:05,0,dropoff,,-0.79
on trip -> DROPOFF,28376,2026-07-16,2026-07-16 16:56:36,1,dropoff,,-0.06
on trip -> DROPOFF,28388,2026-08-20,2026-08-20 20:01:48,4,dropoff,,2.15
on trip -> DROPOFF,28405,2026-08-02,2026-08-02 22:20:21,0,dropoff,,-0.56
on trip -> DROPOFF,28413,2026-07-16,2026-07-16 14:55:51,1,dropoff,,-0.75
on trip -> DROPOFF,28420,2026-07-19,2026-07-19 16:30:12,6,dropoff,,4.13
on trip -> DROPOFF,28422,2026-08-05,2026-08-05 14:53:20,5,dropoff,,2.84
on trip -> DROPOFF,28430,2026-07-25,2026-07-25 21:32:00,6,dropoff,,5.21
on trip -> DROPOFF,28432,2026-08-02,2026-08-02 09:47:03,7,dropoff,,5.44
on trip -> DROPOFF,28435,2026-07-31,2026-07-31 19:31:51,1,dropoff,,-1.62
on trip -> DROPOFF,28441,2026-07-20,2026-07-20 16:59:59,7,dropoff,,6.33
on trip -> DROPOFF,28442,2026-07-26,2026-07-26 14:04:25,2,dropoff,,1.25
on trip -> DROPOFF,28448,2026-07-26,2026-07-26 18:34:39,6,dropoff,,4.94
on trip -> DROPOFF,28454,2026-07-22,2026-07-23 00:31:19,1,dropoff,,-0.94
on trip -> DROPOFF,28455,2026-08-01,2026-08-01 12:35:03,8,dropoff,,6.94
on trip -> DROPOFF,28461,2026-08-08,2026-08-08 14:33:23,0,dropoff,,-2.42
on trip -> DROPOFF,28466,2026-08-16,2026-08-16 19:31:54,31,dropoff,,28.41
on trip -> DROPOFF,28468,2026-08-17,2026-08-17 20:58:49,8,dropoff,,5.52
on trip -> DROPOFF,28471,2026-07-14,2026-07-14 22:02:10,3,dropoff,,1.37
on trip -> DROPOFF,28474,2026-08-01,2026-08-01 20:14:47,5,dropoff,,3.19
on trip -> DROPOFF,28483,2026-07-24,2026-07-24 16:39:34,3,dropoff,,2.51
on trip -> DROPOFF,28509,2026-08-05,2026-08-05 14:32:11,9,dropoff,,7.26
on trip -> DROPOFF,28517,2026-07-15,2026-07-15 23:30:53,13,dropoff,,10.01
on trip -> DROPOFF,28518,2026-08-10,2026-08-10 20:09:27,0,dropoff,,-2.74
on trip -> DROPOFF,28522,2026-08-15,2026-08-15 11:23:35,0,dropoff,,-1.33
on trip -> DROPOFF,28525,2026-08-14,2026-08-14 14:12:51,7,dropoff,,5.85
on trip -> DROPOFF,28526,2026-08-06,2026-08-07 00:45:42,2,dropoff,,0.99
on trip -> DROPOFF,28528,2026-07-29,2026-07-29 23:08:06,0,dropoff,,-0.16
on trip -> DROPOFF,28548,2026-08-02,2026-08-02 22:02:14,8,dropoff,,5.47
on trip -> DROPOFF,28552,2026-07-23,2026-07-23 17:56:37,6,dropoff,,5.6
on trip -> DROPOFF,28553,2026-08-03,2026-08-03 14:00:34,1,dropoff,,-1.52
on trip -> DROPOFF,28554,2026-08-09,2026-08-09 13:34:58,10,dropoff,,8.72
on trip -> DROPOFF,28558,2026-08-09,2026-08-09 13:37:59,7,dropoff,,6.87
on trip -> DROPOFF,28563,2026-07-20,2026-07-20 20:41:46,5,dropoff,,2.06
on trip -> DROPOFF,28570,2026-07-28,2026-07-28 21:18:19,6,dropoff,,3.8
on trip -> DROPOFF,28571,2026-07-26,2026-07-26 23:01:08,4,dropoff,,2.11
on trip -> DROPOFF,28579,2026-07-24,2026-07-25 01:06:32,25,dropoff,,23.92
on trip -> DROPOFF,28586,2026-07-16,2026-07-16 17:41:54,6,dropoff,,5.22
on trip -> DROPOFF,28624,2026-08-11,2026-08-11 19:40:52,3,dropoff,,2.5
on trip -> DROPOFF,28630,2026-07-17,2026-07-18 00:09:28,2,dropoff,,-0.31
on trip -> DROPOFF,28635,2026-07-26,2026-07-26 14:01:24,7,dropoff,,4.66
on trip -> DROPOFF,28638,2026-08-15,2026-08-15 15:50:04,9,dropoff,,7.08
on trip -> DROPOFF,28667,2026-07-26,2026-07-26 18:55:48,4,dropoff,,3.73
on trip -> DROPOFF,28668,2026-07-31,2026-07-31 08:59:48,6,dropoff,,4.32
on trip -> DROPOFF,28669,2026-07-18,2026-07-18 16:35:40,0,dropoff,,-1.46
on trip -> DROPOFF,28673,2026-07-25,2026-07-25 16:02:46,6,dropoff,,4.39
on trip -> DROPOFF,28684,2026-08-02,2026-08-03 01:15:25,0,dropoff,,-0.32
on trip -> DROPOFF,28686,2026-07-26,2026-07-26 22:33:58,1,dropoff,,-0.07
on trip -> DROPOFF,28687,2026-07-29,2026-07-29 14:25:20,6,dropoff,,5.53
on trip -> DROPOFF,28691,2026-07-28,2026-07-29 00:52:17,3,dropoff,,1.24
on trip -> DROPOFF,28699,2026-07-20,2026-07-21 01:45:35,8,dropoff,,7.65
on trip -> DROPOFF,28700,2026-07-26,2026-07-26 14:49:45,4,dropoff,,3.46
on trip -> DROPOFF,28702,2026-07-31,2026-07-31 21:00:02,8,dropoff,,5.84
on trip -> DROPOFF,28715,2026-08-19,2026-08-19 16:32:14,11,dropoff,,9.5
on trip -> DROPOFF,28716,2026-07-18,2026-07-18 15:50:17,5,dropoff,,4.93
on trip -> DROPOFF,28717,2026-07-25,2026-07-25 10:22:56,6,dropoff,,3.56
on trip -> DROPOFF,28720,2026-07-29,2026-07-29 20:59:03,3,dropoff,,1.78
on trip -> DROPOFF,28725,2026-07-30,2026-07-30 12:07:22,7,dropoff,,6.09
on trip -> DROPOFF,28732,2026-07-30,2026-07-30 10:15:51,7,dropoff,,4.55
on trip -> DROPOFF,28736,2026-08-02,2026-08-02 13:25:12,9,dropoff,,8.11
on trip -> DROPOFF,28738,2026-07-26,2026-07-26 18:40:42,2,dropoff,,-0.75
on trip -> DROPOFF,28765,2026-07-18,2026-07-18 11:51:06,9,dropoff,,7.13
on trip -> DROPOFF,28766,2026-07-17,2026-07-17 21:47:44,6,dropoff,,4.54
on trip -> DROPOFF,28767,2026-07-17,2026-07-17 13:11:06,6,dropoff,,5.2
on trip -> DROPOFF,28770,2026-07-19,2026-07-19 18:21:55,4,dropoff,,3.22
on trip -> DROPOFF,28772,2026-08-07,2026-08-07 15:41:35,7,dropoff,,5.42
on trip -> DROPOFF,28791,2026-07-24,2026-07-24 20:58:48,7,dropoff,,5.89
on trip -> DROPOFF,28794,2026-08-02,2026-08-02 23:48:04,4,dropoff,,1.54
on trip -> DROPOFF,28795,2026-08-09,2026-08-09 11:12:11,6,dropoff,,4.54
on trip -> DROPOFF,28800,2026-07-24,2026-07-24 20:06:23,12,dropoff,,10.57
on trip -> DROPOFF,28805,2026-08-16,2026-08-16 16:58:05,7,dropoff,,4.34
on trip -> DROPOFF,28817,2026-08-06,2026-08-07 03:59:00,28,dropoff,,-40.72
on trip -> DROPOFF,28840,2026-07-23,2026-07-23 16:23:49,1,dropoff,,-0.97
on trip -> DROPOFF,28846,2026-08-12,2026-08-12 13:33:52,8,dropoff,,7.41
on trip -> DROPOFF,28854,2026-08-21,2026-08-21 13:53:43,4,dropoff,,2.53
on trip -> DROPOFF,28860,2026-07-23,2026-07-23 18:51:27,5,dropoff,,2.16
on trip -> DROPOFF,28862,2026-07-30,2026-07-30 17:51:19,8,dropoff,,7.89
on trip -> DROPOFF,28872,2026-07-21,2026-07-21 13:53:34,1,dropoff,,-1.92
on trip -> DROPOFF,28873,2026-07-28,2026-07-28 19:58:01,6,dropoff,,4.39
on trip -> DROPOFF,28876,2026-08-02,2026-08-02 10:47:22,6,dropoff,,4.75
on trip -> DROPOFF,28878,2026-08-01,2026-08-01 13:23:18,8,dropoff,,6.22
on trip -> DROPOFF,28883,2026-07-27,2026-07-28 00:45:25,6,dropoff,,5.01
on trip -> DROPOFF,28892,2026-08-11,2026-08-11 14:14:00,0,dropoff,,-0.67
on trip -> DROPOFF,28893,2026-08-19,2026-08-19 20:35:46,4,dropoff,,1.13
on trip -> DROPOFF,28896,2026-08-03,2026-08-03 19:32:30,8,dropoff,,7.73
on trip -> DROPOFF,28903,2026-08-05,2026-08-06 03:59:57,15,dropoff,,-18220.28
on trip -> DROPOFF,28908,2026-08-03,2026-08-03 10:19:08,6,dropoff,,5.36
on trip -> DROPOFF,28915,2026-07-24,2026-07-24 18:25:50,53,dropoff,,-12.57
on trip -> DROPOFF,28915,2026-07-24,2026-07-24 19:30:10,3,dropoff,,1.77
on trip -> DROPOFF,28923,2026-08-01,2026-08-02 03:27:57,1,dropoff,,-1.02
on trip -> DROPOFF,28929,2026-07-25,2026-07-25 20:39:43,6,dropoff,,5.45
on trip -> DROPOFF,28934,2026-07-16,2026-07-16 23:43:42,4,dropoff,,2.82
on trip -> DROPOFF,28948,2026-07-25,2026-07-25 14:57:29,4,dropoff,,1.96
on trip -> DROPOFF,28949,2026-07-20,2026-07-20 10:27:28,8,dropoff,,5.96
on trip -> DROPOFF,28954,2026-07-30,2026-07-30 15:08:15,5,dropoff,,2.7
on trip -> DROPOFF,28958,2026-08-15,2026-08-15 12:10:07,7,dropoff,,6.47
on trip -> DROPOFF,28962,2026-07-27,2026-07-27 16:37:50,2,dropoff,,0.51
on trip -> DROPOFF,28963,2026-07-31,2026-07-31 20:17:47,7,dropoff,,3.95
on trip -> DROPOFF,28963,2026-07-31,2026-07-31 20:20:49,7,dropoff,,6.98
on trip -> DROPOFF,28976,2026-07-18,2026-07-18 09:32:10,8,dropoff,,7.63
on trip -> DROPOFF,28987,2026-07-21,2026-07-21 15:50:19,0,dropoff,,-0.48
on trip -> DROPOFF,28988,2026-07-28,2026-07-28 13:06:17,6,dropoff,,3.87
on trip -> DROPOFF,28990,2026-07-25,2026-07-25 21:22:00,5,dropoff,,3.55
on trip -> DROPOFF,28999,2026-07-26,2026-07-26 19:04:51,2,dropoff,,1.16
on trip -> DROPOFF,29016,2026-07-20,2026-07-20 19:21:27,2,dropoff,,-0.84
on trip -> DROPOFF,29020,2026-07-30,2026-07-30 16:51:00,7,dropoff,,6.03
on trip -> DROPOFF,29029,2026-07-26,2026-07-26 13:52:20,4,dropoff,,3.95
on trip -> DROPOFF,29030,2026-07-26,2026-07-26 23:31:14,19,dropoff,,16.46
on trip -> DROPOFF,29034,2026-08-11,2026-08-11 21:13:34,10,dropoff,,8.26
on trip -> DROPOFF,29035,2026-08-15,2026-08-15 18:24:22,4,dropoff,,3.15
on trip -> DROPOFF,29036,2026-08-18,2026-08-18 08:29:10,6,dropoff,,4.61
on trip -> DROPOFF,29039,2026-07-22,2026-07-22 19:01:04,0,dropoff,,-0.69
on trip -> DROPOFF,29041,2026-07-28,2026-07-28 18:10:45,1,dropoff,,0.89
on trip -> DROPOFF,29042,2026-08-02,2026-08-02 17:30:07,8,dropoff,,7.48
on trip -> DROPOFF,29054,2026-07-24,2026-07-24 18:19:48,7,dropoff,,5.34
on trip -> DROPOFF,29065,2026-07-24,2026-07-24 23:54:11,4,dropoff,,2.66
on trip -> DROPOFF,29066,2026-07-29,2026-07-29 12:49:53,11,dropoff,,8.98
on trip -> DROPOFF,29075,2026-08-10,2026-08-10 14:29:35,8,dropoff,,6.04
on trip -> DROPOFF,29100,2026-07-26,2026-07-26 10:03:41,6,dropoff,,4.66
on trip -> DROPOFF,29103,2026-07-20,2026-07-20 18:00:21,6,dropoff,,3.7
on trip -> DROPOFF,29112,2026-08-15,2026-08-16 03:38:49,0,dropoff,,-0.47
on trip -> DROPOFF,29121,2026-07-18,2026-07-19 00:50:14,6,dropoff,,3.13
on trip -> DROPOFF,29122,2026-07-31,2026-07-31 21:21:53,0,dropoff,,-0.65
on trip -> DROPOFF,29140,2026-08-02,2026-08-02 20:21:02,2,dropoff,,1.58
on trip -> DROPOFF,29157,2026-08-20,2026-08-20 21:58:15,1,dropoff,,0.28
on trip -> DROPOFF,29161,2026-07-30,2026-07-30 22:44:10,4,dropoff,,3.87
on trip -> DROPOFF,29162,2026-08-03,2026-08-03 16:41:25,10,dropoff,,8.84
on trip -> DROPOFF,29165,2026-07-31,2026-07-31 16:54:59,8,dropoff,,7.74
on trip -> DROPOFF,29166,2026-07-18,2026-07-19 02:26:37,3,dropoff,,1.11
on trip -> DROPOFF,29172,2026-07-18,2026-07-18 15:56:20,6,dropoff,,2.99
on trip -> DROPOFF,29187,2026-08-10,2026-08-10 15:45:50,1,dropoff,,-1.51
on trip -> DROPOFF,29191,2026-08-10,2026-08-10 17:35:18,9,dropoff,,8.4
on trip -> DROPOFF,29198,2026-07-23,2026-07-23 22:13:39,2,dropoff,,0.27
on trip -> DROPOFF,29199,2026-07-31,2026-07-31 12:06:43,4,dropoff,,1.97
on trip -> DROPOFF,29200,2026-08-02,2026-08-02 21:21:22,4,dropoff,,2.27
on trip -> DROPOFF,29201,2026-08-07,2026-08-07 11:19:17,11,dropoff,,10.83
on trip -> DROPOFF,29202,2026-08-17,2026-08-17 15:53:19,2,dropoff,,1.4
on trip -> DROPOFF,29204,2026-08-19,2026-08-19 14:16:24,21,dropoff,,-61.22
on trip -> DROPOFF,29204,2026-08-19,2026-08-19 15:37:06,3,dropoff,,1.49
on trip -> DROPOFF,29224,2026-07-22,2026-07-22 15:56:39,0,dropoff,,-0.93
on trip -> DROPOFF,29237,2026-07-23,2026-07-23 13:59:32,2,dropoff,,0.0
on trip -> DROPOFF,29238,2026-07-29,2026-07-29 15:49:49,7,dropoff,,6.1
on trip -> DROPOFF,29240,2026-08-19,2026-08-19 13:43:05,5,dropoff,,3.55
on trip -> DROPOFF,29262,2026-08-09,2026-08-09 12:58:39,6,dropoff,,4.43
on trip -> DROPOFF,29263,2026-07-25,2026-07-25 17:57:34,3,dropoff,,1.29
on trip -> DROPOFF,29264,2026-08-02,2026-08-02 18:59:04,7,dropoff,,5.23
on trip -> DROPOFF,29273,2026-07-19,2026-07-19 12:49:57,8,dropoff,,7.94
on trip -> DROPOFF,29275,2026-07-24,2026-07-24 09:33:32,6,dropoff,,4.88
on trip -> DROPOFF,29281,2026-08-04,2026-08-05 00:42:49,0,dropoff,,-0.53
on trip -> DROPOFF,29282,2026-07-27,2026-07-27 13:01:11,7,dropoff,,5.82
on trip -> DROPOFF,29285,2026-07-30,2026-07-30 13:35:56,8,dropoff,,6.18
on trip -> DROPOFF,29304,2026-07-20,2026-07-20 14:55:08,5,dropoff,,4.57
on trip -> DROPOFF,29305,2026-07-24,2026-07-24 18:31:52,6,dropoff,,4.93
on trip -> DROPOFF,29308,2026-07-19,2026-07-19 10:40:47,1,dropoff,,-1.34
on trip -> DROPOFF,29313,2026-08-02,2026-08-02 14:35:59,0,dropoff,,-0.14
on trip -> DROPOFF,29314,2026-08-05,2026-08-05 12:11:05,8,dropoff,,6.06
on trip -> DROPOFF,29323,2026-07-28,2026-07-28 16:51:40,0,dropoff,,-0.67
on trip -> DROPOFF,29335,2026-08-05,2026-08-05 19:11:37,4,dropoff,,3.74
on trip -> DROPOFF,29336,2026-08-09,2026-08-09 17:18:02,7,dropoff,,5.86
on trip -> DROPOFF,29337,2026-07-26,2026-07-26 18:09:51,4,dropoff,,1.09
on trip -> DROPOFF,29340,2026-08-08,2026-08-08 21:03:37,4,dropoff,,1.65
on trip -> DROPOFF,29343,2026-08-10,2026-08-10 16:40:49,1,dropoff,,0.2
on trip -> DROPOFF,29344,2026-08-14,2026-08-14 15:37:03,7,dropoff,,6.27
on trip -> DROPOFF,29352,2026-08-06,2026-08-06 09:53:28,9,dropoff,,7.4
on trip -> DROPOFF,29368,2026-07-28,2026-07-28 14:42:44,2,dropoff,,-0.56
on trip -> DROPOFF,29369,2026-08-01,2026-08-01 17:05:04,7,dropoff,,5.66
on trip -> DROPOFF,29388,2026-07-23,2026-07-23 22:16:40,8,dropoff,,6.86
on trip -> DROPOFF,29389,2026-07-31,2026-07-31 11:45:35,5,dropoff,,3.64
on trip -> DROPOFF,29391,2026-08-01,2026-08-01 10:39:53,5,dropoff,,3.29
on trip -> DROPOFF,29399,2026-08-15,2026-08-15 09:28:42,2,dropoff,,-0.46
on trip -> DROPOFF,29400,2026-07-26,2026-07-26 15:19:56,8,dropoff,,6.29
on trip -> DROPOFF,29401,2026-07-29,2026-07-29 11:13:25,8,dropoff,,7.57
on trip -> DROPOFF,29405,2026-08-05,2026-08-05 13:35:22,7,dropoff,,4.89
on trip -> DROPOFF,29408,2026-07-25,2026-07-25 11:53:29,4,dropoff,,3.67
on trip -> DROPOFF,29410,2026-07-28,2026-07-28 14:21:37,3,dropoff,,2.75
on trip -> DROPOFF,29426,2026-08-01,2026-08-01 21:40:13,7,dropoff,,5.46
on trip -> DROPOFF,29430,2026-08-06,2026-08-06 16:21:20,0,dropoff,,-1.27
on trip -> DROPOFF,29435,2026-07-20,2026-07-20 13:44:58,7,dropoff,,5.71
on trip -> DROPOFF,29440,2026-07-21,2026-07-21 11:08:14,9,dropoff,,8.71
on trip -> DROPOFF,29441,2026-08-01,2026-08-01 22:07:23,3,dropoff,,2.12
on trip -> DROPOFF,29456,2026-07-27,2026-07-27 17:40:03,7,dropoff,,4.57
on trip -> DROPOFF,29461,2026-08-01,2026-08-01 16:52:58,1,dropoff,,-1.41
on trip -> DROPOFF,29462,2026-08-06,2026-08-06 14:14:54,8,dropoff,,6.15
on trip -> DROPOFF,29465,2026-07-26,2026-07-26 08:05:40,6,dropoff,,4.88
on trip -> DROPOFF,29466,2026-08-13,2026-08-14 00:34:22,5,dropoff,,3.07
on trip -> DROPOFF,29469,2026-08-04,2026-08-04 14:03:52,2,dropoff,,1.17
on trip -> DROPOFF,29475,2026-08-06,2026-08-06 13:17:22,6,dropoff,,3.36
on trip -> DROPOFF,29494,2026-07-24,2026-07-24 15:36:10,1,dropoff,,-1.85
on trip -> DROPOFF,29500,2026-07-22,2026-07-22 15:29:28,1,dropoff,,-1.95
on trip -> DROPOFF,29502,2026-08-13,2026-08-13 14:52:51,6,dropoff,,5.92
on trip -> DROPOFF,29522,2026-07-27,2026-07-27 16:22:46,1,dropoff,,-1.61
on trip -> DROPOFF,29523,2026-08-04,2026-08-04 14:25:00,5,dropoff,,2.43
on trip -> DROPOFF,29524,2026-07-30,2026-07-30 20:09:19,0,dropoff,,-1.11
on trip -> DROPOFF,29529,2026-08-16,2026-08-17 03:58:09,22,dropoff,,-67.22
on trip -> DROPOFF,29530,2026-08-21,2026-08-21 12:25:56,7,dropoff,,5.04
on trip -> DROPOFF,29536,2026-07-21,2026-07-21 14:23:45,19,dropoff,,16.41
on trip -> DROPOFF,29539,2026-08-07,2026-08-07 13:05:22,2,dropoff,,0.98
on trip -> DROPOFF,29549,2026-08-06,2026-08-06 14:36:06,6,dropoff,,5.06
on trip -> DROPOFF,29552,2026-07-23,2026-07-23 21:27:02,1,dropoff,,-1.08
on trip -> DROPOFF,29553,2026-07-28,2026-07-28 19:12:48,12,dropoff,,10.0
on trip -> DROPOFF,29556,2026-07-24,2026-07-24 23:39:43,15,dropoff,,13.39
on trip -> DROPOFF,29558,2026-08-04,2026-08-04 15:49:05,2,dropoff,,1.17
on trip -> DROPOFF,29559,2026-08-08,2026-08-08 19:50:24,6,dropoff,,3.72
on trip -> DROPOFF,29567,2026-08-01,2026-08-01 19:20:50,12,dropoff,,10.19
on trip -> DROPOFF,29571,2026-08-01,2026-08-02 03:06:53,13,dropoff,,11.1
on trip -> DROPOFF,29576,2026-08-02,2026-08-02 13:37:17,0,dropoff,,-0.58
on trip -> DROPOFF,29578,2026-08-02,2026-08-02 23:39:01,3,dropoff,,1.23
on trip -> DROPOFF,29580,2026-08-03,2026-08-03 17:58:07,10,dropoff,,9.0
on trip -> DROPOFF,29590,2026-08-02,2026-08-02 13:16:08,10,dropoff,,8.7
on trip -> DROPOFF,29595,2026-08-06,2026-08-06 18:24:45,8,dropoff,,5.93
on trip -> DROPOFF,29604,2026-07-26,2026-07-26 17:36:39,6,dropoff,,3.61
on trip -> DROPOFF,29612,2026-07-22,2026-07-22 15:17:23,0,dropoff,,-2.23
on trip -> DROPOFF,29624,2026-07-25,2026-07-25 18:45:50,2,dropoff,,-0.2
on trip -> DROPOFF,29629,2026-07-29,2026-07-29 20:43:58,9,dropoff,,8.08
on trip -> DROPOFF,29631,2026-07-30,2026-07-30 18:03:22,5,dropoff,,2.42
on trip -> DROPOFF,29636,2026-08-02,2026-08-03 01:00:22,1,dropoff,,-1.92
on trip -> DROPOFF,29638,2026-08-11,2026-08-11 18:10:05,1,dropoff,,0.05
on trip -> DROPOFF,29647,2026-08-20,2026-08-20 14:20:17,20,dropoff,,-5.34
on trip -> DROPOFF,29647,2026-08-20,2026-08-20 14:44:29,3,dropoff,,1.87
on trip -> DROPOFF,29657,2026-07-24,2026-07-25 00:36:24,10,dropoff,,9.65
on trip -> DROPOFF,29658,2026-08-01,2026-08-02 01:49:56,2,dropoff,,1.17
on trip -> DROPOFF,29663,2026-07-31,2026-08-01 03:05:46,2,dropoff,,0.92
on trip -> DROPOFF,29670,2026-07-31,2026-07-31 14:13:48,2,dropoff,,1.67
on trip -> DROPOFF,29672,2026-07-24,2026-07-24 13:01:55,1,dropoff,,0.13
on trip -> DROPOFF,29673,2026-08-01,2026-08-01 10:39:53,8,dropoff,,7.46
on trip -> DROPOFF,29675,2026-07-24,2026-07-24 17:10:25,0,dropoff,,-0.08
on trip -> DROPOFF,29677,2026-07-25,2026-07-25 19:45:26,1,dropoff,,0.93
on trip -> DROPOFF,29678,2026-08-01,2026-08-01 15:09:12,7,dropoff,,5.09
on trip -> DROPOFF,29683,2026-08-10,2026-08-10 12:55:13,6,dropoff,,5.13
on trip -> DROPOFF,29686,2026-07-28,2026-07-28 11:58:27,1,dropoff,,-0.62
on trip -> DROPOFF,29688,2026-08-10,2026-08-10 10:39:02,5,dropoff,,4.57
on trip -> DROPOFF,29690,2026-07-24,2026-07-25 03:58:44,7,dropoff,,-2.82
on trip -> DROPOFF,29703,2026-07-31,2026-07-31 22:17:24,1,dropoff,,0.48
on trip -> DROPOFF,29709,2026-08-15,2026-08-15 21:47:04,5,dropoff,,2.46
on trip -> DROPOFF,29723,2026-08-03,2026-08-03 13:30:22,4,dropoff,,1.36
on trip -> DROPOFF,29724,2026-08-06,2026-08-06 09:59:31,1,dropoff,,-0.66
on trip -> DROPOFF,29727,2026-08-13,2026-08-13 14:43:45,0,dropoff,,-0.09
on trip -> DROPOFF,29729,2026-08-17,2026-08-17 09:56:43,3,dropoff,,0.24
on trip -> DROPOFF,29731,2026-08-21,2026-08-21 12:01:45,23,dropoff,,21.12
on trip -> DROPOFF,29732,2026-07-30,2026-07-30 19:27:05,1,dropoff,,0.23
on trip -> DROPOFF,29734,2026-08-01,2026-08-01 15:18:16,1,dropoff,,-0.49
on trip -> DROPOFF,29739,2026-08-05,2026-08-05 18:09:28,3,dropoff,,1.88
on trip -> DROPOFF,29740,2026-08-09,2026-08-09 12:46:33,4,dropoff,,2.76
on trip -> DROPOFF,29747,2026-08-16,2026-08-16 17:52:34,7,dropoff,,6.95
on trip -> DROPOFF,29754,2026-08-12,2026-08-12 13:39:55,5,dropoff,,2.1
on trip -> DROPOFF,29757,2026-08-21,2026-08-21 16:14:53,2,dropoff,,-0.78
on trip -> DROPOFF,29761,2026-07-24,2026-07-24 17:06:43,2,dropoff,,1.93
on trip -> DROPOFF,29778,2026-07-22,2026-07-22 14:31:11,6,dropoff,,5.86
on trip -> DROPOFF,29781,2026-07-23,2026-07-23 15:17:24,0,dropoff,,-1.0
on trip -> DROPOFF,29786,2026-07-24,2026-07-24 20:43:43,6,dropoff,,4.98
on trip -> DROPOFF,29788,2026-07-23,2026-07-23 17:35:29,1,dropoff,,0.86
on trip -> DROPOFF,29789,2026-07-27,2026-07-27 10:38:06,5,dropoff,,4.78
on trip -> DROPOFF,29792,2026-07-29,2026-07-29 22:17:31,7,dropoff,,5.06
on trip -> DROPOFF,29796,2026-08-10,2026-08-10 13:38:07,7,dropoff,,5.64
on trip -> DROPOFF,29799,2026-08-02,2026-08-02 20:18:01,0,dropoff,,-2.27
on trip -> DROPOFF,29801,2026-07-23,2026-07-23 17:35:29,0,dropoff,,-0.1
on trip -> DROPOFF,29820,2026-08-21,2026-08-21 07:42:29,6,dropoff,,5.89
on trip -> DROPOFF,29844,2026-07-31,2026-07-31 19:16:46,4,dropoff,,3.97
on trip -> DROPOFF,29845,2026-08-10,2026-08-10 12:34:02,8,dropoff,,6.44
on trip -> DROPOFF,29849,2026-07-31,2026-07-31 13:09:13,8,dropoff,,6.21
on trip -> DROPOFF,29850,2026-08-06,2026-08-06 18:18:42,1,dropoff,,-1.62
on trip -> DROPOFF,29856,2026-07-27,2026-07-27 12:15:52,8,dropoff,,7.86
on trip -> DROPOFF,29876,2026-07-29,2026-07-29 17:17:00,7,dropoff,,6.51
on trip -> DROPOFF,29878,2026-08-20,2026-08-20 23:11:26,1,dropoff,,0.06
on trip -> DROPOFF,29889,2026-08-04,2026-08-04 15:15:53,2,dropoff,,0.46
on trip -> DROPOFF,29895,2026-07-24,2026-07-25 01:30:38,2,dropoff,,-0.7
on trip -> DROPOFF,29902,2026-08-03,2026-08-04 00:05:04,3,dropoff,,2.56
on trip -> DROPOFF,29908,2026-08-21,2026-08-21 15:01:45,7,dropoff,,6.42
on trip -> DROPOFF,29920,2026-07-30,2026-07-30 22:44:10,6,dropoff,,3.52
on trip -> DROPOFF,29921,2026-07-30,2026-07-31 03:34:06,3,dropoff,,1.97
on trip -> DROPOFF,29931,2026-08-04,2026-08-04 18:55:16,12,dropoff,,9.31
on trip -> DROPOFF,29932,2026-08-08,2026-08-08 12:35:20,5,dropoff,,3.85
on trip -> DROPOFF,29937,2026-07-23,2026-07-23 05:40:45,31,dropoff,,-922.63
on trip -> DROPOFF,29937,2026-07-23,2026-07-23 21:33:03,3,dropoff,,1.67
on trip -> DROPOFF,29948,2026-07-31,2026-08-01 01:25:28,0,dropoff,,-2.97
on trip -> DROPOFF,29969,2026-08-09,2026-08-09 13:42:02,4,dropoff,,3.57
on trip -> DROPOFF,29972,2026-07-23,2026-07-23 20:09:58,2,dropoff,,-0.01
on trip -> DROPOFF,29973,2026-07-27,2026-07-27 10:16:57,8,dropoff,,6.07
on trip -> DROPOFF,29986,2026-07-27,2026-07-27 11:41:26,6,dropoff,,4.22
on trip -> DROPOFF,29991,2026-07-24,2026-07-24 17:49:38,0,dropoff,,-0.9
on trip -> DROPOFF,29992,2026-08-05,2026-08-05 21:46:39,38,dropoff,,35.57
on trip -> DROPOFF,29997,2026-07-31,2026-07-31 08:17:35,4,dropoff,,0.98
on trip -> DROPOFF,30011,2026-08-05,2026-08-05 17:36:16,6,dropoff,,2.9
on trip -> DROPOFF,30011,2026-08-05,2026-08-05 17:39:17,6,dropoff,,5.92
on trip -> DROPOFF,30014,2026-07-25,2026-07-25 15:53:41,0,dropoff,,-2.1
on trip -> DROPOFF,30015,2026-07-30,2026-07-30 16:44:58,8,dropoff,,7.48
on trip -> DROPOFF,30018,2026-07-31,2026-07-31 14:40:58,8,dropoff,,5.03
on trip -> DROPOFF,30019,2026-08-13,2026-08-13 14:07:24,0,dropoff,,-1.54
on trip -> DROPOFF,30024,2026-08-11,2026-08-11 11:43:24,5,dropoff,,4.01
on trip -> DROPOFF,30039,2026-07-24,2026-07-24 16:15:25,5,dropoff,,3.03
on trip -> DROPOFF,30048,2026-08-01,2026-08-01 14:32:47,6,dropoff,,3.31
on trip -> DROPOFF,30055,2026-08-08,2026-08-08 16:22:51,2,dropoff,,1.18
on trip -> DROPOFF,30067,2026-07-26,2026-07-26 14:40:42,0,dropoff,,-3.01
on trip -> DROPOFF,30070,2026-08-18,2026-08-18 17:50:59,2,dropoff,,1.42
on trip -> DROPOFF,30080,2026-08-16,2026-08-16 19:19:49,0,dropoff,,-2.11
on trip -> DROPOFF,30081,2026-08-20,2026-08-20 14:44:29,6,dropoff,,4.61
on trip -> DROPOFF,30084,2026-08-03,2026-08-03 15:44:50,3,dropoff,,0.89
on trip -> DROPOFF,30085,2026-07-23,2026-07-23 13:38:24,6,dropoff,,4.25
on trip -> DROPOFF,30086,2026-08-06,2026-08-06 13:53:42,1,dropoff,,0.29
on trip -> DROPOFF,30098,2026-07-23,2026-07-23 19:33:44,6,dropoff,,4.77
on trip -> DROPOFF,30102,2026-08-18,2026-08-18 13:48:10,1,dropoff,,-9.96
on trip -> DROPOFF,30102,2026-08-18,2026-08-18 13:56:50,8,dropoff,,5.7
on trip -> DROPOFF,30105,2026-08-01,2026-08-01 20:14:47,27,dropoff,,-13.88
on trip -> DROPOFF,30105,2026-08-01,2026-08-01 20:54:04,7,dropoff,,5.4
on trip -> DROPOFF,30106,2026-07-26,2026-07-26 21:51:45,1,dropoff,,0.97
on trip -> DROPOFF,30107,2026-07-31,2026-07-31 10:30:11,8,dropoff,,6.87
on trip -> DROPOFF,30128,2026-08-19,2026-08-19 13:43:05,3,dropoff,,1.97
on trip -> DROPOFF,30129,2026-07-24,2026-07-24 17:46:37,4,dropoff,,2.37
on trip -> DROPOFF,30136,2026-08-07,2026-08-08 01:22:25,1,dropoff,,0.89
on trip -> DROPOFF,30137,2026-08-10,2026-08-10 19:45:13,8,dropoff,,7.62
on trip -> DROPOFF,30140,2026-08-21,2026-08-21 19:03:58,15,dropoff,,12.94
on trip -> DROPOFF,30158,2026-08-16,2026-08-16 16:29:56,7,dropoff,,5.27
on trip -> DROPOFF,30162,2026-07-29,2026-07-29 16:13:57,0,dropoff,,-2.33
on trip -> DROPOFF,30168,2026-08-05,2026-08-05 16:27:25,8,dropoff,,7.19
on trip -> DROPOFF,30169,2026-08-12,2026-08-12 19:29:50,6,dropoff,,4.49
on trip -> DROPOFF,30173,2026-07-23,2026-07-23 19:39:46,0,dropoff,,-0.96
on trip -> DROPOFF,30182,2026-08-21,2026-08-21 18:31:03,8,dropoff,,6.19
on trip -> DROPOFF,30196,2026-08-10,2026-08-10 18:21:38,2,dropoff,,0.98
on trip -> DROPOFF,30200,2026-08-10,2026-08-10 13:53:15,1,dropoff,,0.22
on trip -> DROPOFF,30206,2026-07-26,2026-07-26 23:07:10,4,dropoff,,2.35
on trip -> DROPOFF,30208,2026-07-25,2026-07-25 18:45:50,4,dropoff,,1.19
on trip -> DROPOFF,30214,2026-08-11,2026-08-12 01:14:12,13,dropoff,,0.26
on trip -> DROPOFF,30214,2026-08-11,2026-08-12 01:26:16,1,dropoff,,0.34
on trip -> DROPOFF,30216,2026-08-17,2026-08-17 21:49:23,9,dropoff,,7.13
on trip -> DROPOFF,30218,2026-08-10,2026-08-10 13:19:57,6,dropoff,,3.56
on trip -> DROPOFF,30224,2026-08-05,2026-08-05 22:31:53,0,dropoff,,-0.96
on trip -> DROPOFF,30251,2026-07-26,2026-07-26 18:15:53,2,dropoff,,0.79
on trip -> DROPOFF,30252,2026-08-01,2026-08-01 15:57:31,6,dropoff,,5.35
on trip -> DROPOFF,30256,2026-08-02,2026-08-02 14:45:03,6,dropoff,,5.34
on trip -> DROPOFF,30261,2026-08-11,2026-08-11 15:57:06,4,dropoff,,3.13
on trip -> DROPOFF,30263,2026-08-01,2026-08-01 11:49:16,6,dropoff,,5.6
on trip -> DROPOFF,30266,2026-08-04,2026-08-04 21:57:18,6,dropoff,,4.72
on trip -> DROPOFF,30267,2026-08-04,2026-08-04 18:21:57,0,dropoff,,-0.64
on trip -> DROPOFF,30272,2026-07-26,2026-07-26 22:55:07,4,dropoff,,3.11
on trip -> DROPOFF,30277,2026-08-12,2026-08-12 21:59:36,4,dropoff,,3.88
on trip -> DROPOFF,30280,2026-08-13,2026-08-13 15:28:18,2,dropoff,,-0.83
on trip -> DROPOFF,30281,2026-08-17,2026-08-17 14:04:36,4,dropoff,,1.02
on trip -> DROPOFF,30295,2026-08-08,2026-08-08 10:11:37,6,dropoff,,4.44
on trip -> DROPOFF,30307,2026-08-11,2026-08-11 17:42:51,2,dropoff,,1.34
on trip -> DROPOFF,30308,2026-08-17,2026-08-17 16:02:23,8,dropoff,,6.11
on trip -> DROPOFF,30309,2026-07-26,2026-07-26 20:50:33,2,dropoff,,-0.37
on trip -> DROPOFF,30323,2026-08-05,2026-08-05 15:05:25,4,dropoff,,2.24
on trip -> DROPOFF,30327,2026-07-31,2026-07-31 23:29:47,59,dropoff,,-17.75
on trip -> DROPOFF,30327,2026-07-31,2026-07-31 23:41:50,59,dropoff,,-5.69
on trip -> DROPOFF,30327,2026-07-31,2026-08-01 00:46:18,2,dropoff,,1.78
on trip -> DROPOFF,30329,2026-08-21,2026-08-21 16:30:03,4,dropoff,,2.06
on trip -> DROPOFF,30332,2026-07-30,2026-07-30 13:26:53,11,dropoff,,10.29
on trip -> DROPOFF,30334,2026-08-01,2026-08-01 16:29:27,1,dropoff,,-1.91
on trip -> DROPOFF,30343,2026-08-17,2026-08-17 22:49:52,28,dropoff,,-121.31
on trip -> DROPOFF,30343,2026-08-17,2026-08-17 23:06:43,28,dropoff,,-104.46
on trip -> DROPOFF,30343,2026-08-17,2026-08-18 01:19:07,2,dropoff,,1.94
on trip -> DROPOFF,30348,2026-08-19,2026-08-19 12:23:16,4,dropoff,,3.59
on trip -> DROPOFF,30349,2026-07-30,2026-07-31 03:16:02,0,dropoff,,-1.46
on trip -> DROPOFF,30352,2026-08-01,2026-08-01 16:41:32,0,dropoff,,-0.11
on trip -> DROPOFF,30353,2026-08-07,2026-08-07 11:02:54,6,dropoff,,3.63
on trip -> DROPOFF,30354,2026-08-09,2026-08-09 19:39:29,6,dropoff,,4.44
on trip -> DROPOFF,30355,2026-08-17,2026-08-17 15:05:33,3,dropoff,,-0.04
on trip -> DROPOFF,30360,2026-08-01,2026-08-01 21:10:02,15,dropoff,,12.56
on trip -> DROPOFF,30366,2026-08-01,2026-08-01 16:52:58,5,dropoff,,2.21
on trip -> DROPOFF,30367,2026-08-02,2026-08-03 03:12:05,2,dropoff,,0.92
on trip -> DROPOFF,30371,2026-07-26,2026-07-26 18:49:46,1,dropoff,,-0.01
on trip -> DROPOFF,30375,2026-07-28,2026-07-28 18:46:58,4,dropoff,,1.24
on trip -> DROPOFF,30382,2026-08-13,2026-08-13 14:16:30,4,dropoff,,1.32
on trip -> DROPOFF,30386,2026-08-03,2026-08-03 20:29:50,8,dropoff,,7.03
on trip -> DROPOFF,30399,2026-08-14,2026-08-15 02:52:30,4,dropoff,,3.82
on trip -> DROPOFF,30402,2026-08-02,2026-08-02 17:12:10,2,dropoff,,0.64
on trip -> DROPOFF,30403,2026-08-09,2026-08-09 13:57:10,7,dropoff,,5.72
on trip -> DROPOFF,30413,2026-08-03,2026-08-04 01:08:22,21,dropoff,,18.47
on trip -> DROPOFF,30438,2026-08-17,2026-08-17 16:26:37,3,dropoff,,0.23
on trip -> DROPOFF,30442,2026-08-10,2026-08-10 13:03:33,8,dropoff,,6.15
on trip -> DROPOFF,30443,2026-08-14,2026-08-14 23:52:49,3,dropoff,,2.26
on trip -> DROPOFF,30444,2026-08-18,2026-08-18 16:23:13,4,dropoff,,1.7
on trip -> DROPOFF,30447,2026-08-01,2026-08-01 20:54:04,1,dropoff,,-0.61
on trip -> DROPOFF,30449,2026-08-05,2026-08-05 22:43:56,12,dropoff,,10.41
on trip -> DROPOFF,30450,2026-08-09,2026-08-09 11:49:00,9,dropoff,,8.68
on trip -> DROPOFF,30452,2026-08-14,2026-08-14 15:15:47,1,dropoff,,-0.01
on trip -> DROPOFF,30453,2026-08-21,2026-08-21 17:00:19,15,dropoff,,14.85
on trip -> DROPOFF,30458,2026-08-05,2026-08-05 18:56:32,3,dropoff,,1.56
on trip -> DROPOFF,30459,2026-08-12,2026-08-12 16:47:41,6,dropoff,,5.84
on trip -> DROPOFF,30461,2026-07-27,2026-07-27 14:14:52,9,dropoff,,6.03
on trip -> DROPOFF,30466,2026-08-18,2026-08-18 15:55:57,0,dropoff,,-0.14
on trip -> DROPOFF,30470,2026-07-26,2026-07-26 12:39:45,8,dropoff,,6.05
on trip -> DROPOFF,30472,2026-07-25,2026-07-25 23:44:53,6,dropoff,,5.89
on trip -> DROPOFF,30475,2026-08-06,2026-08-06 06:15:51,3,dropoff,,1.21
on trip -> DROPOFF,30476,2026-07-27,2026-07-27 23:39:10,17,dropoff,,14.38
on trip -> DROPOFF,30486,2026-08-12,2026-08-12 17:44:12,4,dropoff,,2.64
on trip -> DROPOFF,30487,2026-08-18,2026-08-18 13:02:43,7,dropoff,,5.91
on trip -> DROPOFF,30496,2026-08-01,2026-08-01 23:40:55,2,dropoff,,-0.79
on trip -> DROPOFF,30498,2026-07-29,2026-07-29 15:13:33,0,dropoff,,-0.04
on trip -> DROPOFF,30507,2026-08-01,2026-08-01 19:53:39,0,dropoff,,-0.08
on trip -> DROPOFF,30508,2026-08-08,2026-08-08 18:22:55,8,dropoff,,7.51
on trip -> DROPOFF,30514,2026-08-04,2026-08-04 21:13:55,4,dropoff,,2.6
on trip -> DROPOFF,30515,2026-08-02,2026-08-02 13:01:02,6,dropoff,,4.95
on trip -> DROPOFF,30528,2026-08-16,2026-08-16 13:42:57,15,dropoff,,-3.93
on trip -> DROPOFF,30528,2026-08-16,2026-08-16 14:01:07,0,dropoff,,-0.76
on trip -> DROPOFF,30529,2026-08-20,2026-08-20 19:19:27,8,dropoff,,5.63
on trip -> DROPOFF,30534,2026-07-26,2026-07-26 21:11:41,6,dropoff,,3.76
on trip -> DROPOFF,30546,2026-07-26,2026-07-26 16:26:49,9,dropoff,,8.51
on trip -> DROPOFF,30553,2026-08-04,2026-08-04 15:49:05,2,dropoff,,0.82
on trip -> DROPOFF,30556,2026-07-27,2026-07-27 16:16:44,7,dropoff,,5.37
on trip -> DROPOFF,30557,2026-07-31,2026-07-31 20:35:54,15,dropoff,,12.06
on trip -> DROPOFF,30564,2026-08-11,2026-08-11 16:15:16,0,dropoff,,-0.95
on trip -> DROPOFF,30571,2026-08-01,2026-08-01 09:18:25,6,dropoff,,3.56
on trip -> DROPOFF,30573,2026-08-05,2026-08-05 14:32:11,0,dropoff,,-0.55
on trip -> DROPOFF,30574,2026-08-15,2026-08-15 22:59:37,2,dropoff,,-0.59
on trip -> DROPOFF,30579,2026-08-03,2026-08-03 15:35:46,7,dropoff,,4.6
on trip -> DROPOFF,30585,2026-07-26,2026-07-26 09:54:38,7,dropoff,,5.11
on trip -> DROPOFF,30604,2026-07-30,2026-07-30 13:32:55,1,dropoff,,0.58
on trip -> DROPOFF,30609,2026-07-26,2026-07-26 13:37:11,0,dropoff,,-3.03
on trip -> DROPOFF,30622,2026-08-01,2026-08-01 20:29:54,14,dropoff,,13.86
on trip -> DROPOFF,30627,2026-07-25,2026-07-26 03:34:33,1,dropoff,,-0.85
on trip -> DROPOFF,30628,2026-07-28,2026-07-28 15:31:03,1,dropoff,,-1.67
on trip -> DROPOFF,30629,2026-08-02,2026-08-02 16:19:41,7,dropoff,,4.55
on trip -> DROPOFF,30632,2026-07-26,2026-07-26 21:54:46,7,dropoff,,4.87
on trip -> DROPOFF,30636,2026-08-02,2026-08-02 13:25:12,13,dropoff,,12.36
on trip -> DROPOFF,30640,2026-07-26,2026-07-26 19:38:03,3,dropoff,,1.15
on trip -> DROPOFF,30647,2026-08-03,2026-08-03 20:32:51,4,dropoff,,3.54
on trip -> DROPOFF,30653,2026-08-08,2026-08-08 23:31:39,2,dropoff,,1.76
on trip -> DROPOFF,30656,2026-08-07,2026-08-07 17:39:39,8,dropoff,,6.87
on trip -> DROPOFF,30660,2026-08-05,2026-08-05 21:32:25,3,dropoff,,0.81
on trip -> DROPOFF,30662,2026-07-30,2026-07-30 23:32:24,3,dropoff,,0.17
on trip -> DROPOFF,30684,2026-07-27,2026-07-27 14:26:56,2,dropoff,,-0.71
on trip -> DROPOFF,30701,2026-07-27,2026-07-27 14:42:01,12,dropoff,,11.94
on trip -> DROPOFF,30709,2026-08-01,2026-08-01 11:49:16,1,dropoff,,-0.91
on trip -> DROPOFF,30732,2026-08-02,2026-08-02 18:50:01,0,dropoff,,-2.78
on trip -> DROPOFF,30740,2026-08-02,2026-08-02 18:59:04,1,dropoff,,-0.18
on trip -> DROPOFF,30752,2026-08-15,2026-08-15 18:57:40,10,dropoff,,9.59
on trip -> DROPOFF,30755,2026-07-27,2026-07-27 15:40:31,1,dropoff,,-0.79
on trip -> DROPOFF,30776,2026-07-31,2026-07-31 22:32:29,2,dropoff,,-0.11
on trip -> DROPOFF,30798,2026-08-07,2026-08-08 03:59:35,20,dropoff,,-7.26
on trip -> DROPOFF,30822,2026-08-20,2026-08-20 11:11:03,7,dropoff,,6.82
on trip -> DROPOFF,30823,2026-08-04,2026-08-04 18:00:49,1,dropoff,,0.79
on trip -> DROPOFF,30824,2026-08-08,2026-08-08 09:59:31,7,dropoff,,6.18
on trip -> DROPOFF,30825,2026-07-30,2026-07-30 20:18:23,2,dropoff,,1.86
on trip -> DROPOFF,30826,2026-08-04,2026-08-04 13:54:49,5,dropoff,,4.01
on trip -> DROPOFF,30831,2026-07-31,2026-07-31 21:33:57,11,dropoff,,9.8
on trip -> DROPOFF,30832,2026-08-13,2026-08-13 21:16:40,8,dropoff,,6.11
on trip -> DROPOFF,30833,2026-07-29,2026-07-29 22:59:04,3,dropoff,,0.49
on trip -> DROPOFF,30842,2026-08-06,2026-08-06 16:18:19,0,dropoff,,-0.89
on trip -> DROPOFF,30845,2026-08-06,2026-08-06 13:17:22,5,dropoff,,4.88
on trip -> DROPOFF,30852,2026-08-07,2026-08-07 15:35:31,1,dropoff,,0.52
on trip -> DROPOFF,30858,2026-07-27,2026-07-27 19:24:31,11,dropoff,,8.17
on trip -> DROPOFF,30879,2026-08-09,2026-08-09 14:48:37,7,dropoff,,4.61
on trip -> DROPOFF,30883,2026-08-11,2026-08-11 14:38:13,2,dropoff,,-0.34
on trip -> DROPOFF,30884,2026-08-21,2026-08-21 10:49:48,6,dropoff,,2.98
on trip -> DROPOFF,30889,2026-07-30,2026-07-30 14:36:17,0,dropoff,,-0.57
on trip -> DROPOFF,30891,2026-08-02,2026-08-02 18:06:24,6,dropoff,,5.94
on trip -> DROPOFF,30896,2026-07-27,2026-07-27 21:08:48,8,dropoff,,7.12
on trip -> DROPOFF,30897,2026-08-20,2026-08-20 20:41:04,12,dropoff,,10.29
on trip -> DROPOFF,30900,2026-08-14,2026-08-14 19:22:43,1,dropoff,,-1.22
on trip -> DROPOFF,30901,2026-08-09,2026-08-09 21:42:33,4,dropoff,,2.14
on trip -> DROPOFF,30906,2026-08-20,2026-08-20 08:53:18,9,dropoff,,6.99
on trip -> DROPOFF,30908,2026-08-05,2026-08-05 18:42:41,7,dropoff,,-103.87
on trip -> DROPOFF,30908,2026-08-05,2026-08-05 20:33:04,0,dropoff,,-0.48
on trip -> DROPOFF,30921,2026-08-19,2026-08-19 13:52:10,6,dropoff,,4.37
on trip -> DROPOFF,30927,2026-08-20,2026-08-20 21:46:10,6,dropoff,,3.53
on trip -> DROPOFF,30937,2026-08-06,2026-08-06 11:27:53,8,dropoff,,5.25
on trip -> DROPOFF,30946,2026-07-27,2026-07-27 18:16:13,2,dropoff,,-0.9
on trip -> DROPOFF,30948,2026-08-11,2026-08-11 19:40:52,5,dropoff,,4.57
on trip -> DROPOFF,30949,2026-08-17,2026-08-17 16:44:48,7,dropoff,,4.87
on trip -> DROPOFF,30952,2026-07-31,2026-07-31 10:54:18,2,dropoff,,-0.17
on trip -> DROPOFF,30954,2026-08-09,2026-08-09 16:40:52,0,dropoff,,-0.64
on trip -> DROPOFF,30956,2026-08-03,2026-08-03 17:38:48,0,dropoff,,-2.88
on trip -> DROPOFF,30968,2026-08-06,2026-08-06 21:02:56,8,dropoff,,7.49
on trip -> DROPOFF,30969,2026-08-03,2026-08-03 20:26:49,1,dropoff,,0.4
on trip -> DROPOFF,30975,2026-07-28,2026-07-28 22:40:34,2,dropoff,,-0.73
on trip -> DROPOFF,30987,2026-08-15,2026-08-15 22:23:22,4,dropoff,,2.65
on trip -> DROPOFF,30989,2026-08-12,2026-08-12 17:56:17,12,dropoff,,1.26
on trip -> DROPOFF,30989,2026-08-12,2026-08-12 18:05:22,4,dropoff,,2.34
on trip -> DROPOFF,30995,2026-07-28,2026-07-28 16:24:31,1,dropoff,,-0.5
on trip -> DROPOFF,31005,2026-07-28,2026-07-29 00:38:03,20,dropoff,,8.73
on trip -> DROPOFF,31005,2026-07-28,2026-07-29 00:49:16,2,dropoff,,1.95
on trip -> DROPOFF,31014,2026-08-10,2026-08-10 20:15:30,0,dropoff,,-0.39
on trip -> DROPOFF,31015,2026-08-16,2026-08-16 16:17:46,6,dropoff,,3.61
on trip -> DROPOFF,31016,2026-08-03,2026-08-04 01:05:22,3,dropoff,,0.53
on trip -> DROPOFF,31018,2026-08-08,2026-08-08 18:56:14,0,dropoff,,-1.57
on trip -> DROPOFF,31019,2026-08-14,2026-08-14 15:51:57,7,dropoff,,4.21
on trip -> DROPOFF,31023,2026-08-01,2026-08-01 09:39:33,4,dropoff,,3.43
on trip -> DROPOFF,31024,2026-08-11,2026-08-11 16:45:33,2,dropoff,,1.43
on trip -> DROPOFF,31027,2026-08-18,2026-08-18 12:38:27,7,dropoff,,6.07
on trip -> DROPOFF,31032,2026-08-10,2026-08-10 20:15:30,1,dropoff,,-1.89
on trip -> DROPOFF,31033,2026-08-16,2026-08-16 12:42:30,8,dropoff,,5.6
on trip -> DROPOFF,31041,2026-08-03,2026-08-03 22:57:33,1,dropoff,,-1.58
on trip -> DROPOFF,31065,2026-07-29,2026-07-29 23:11:07,6,dropoff,,4.33
on trip -> DROPOFF,31066,2026-08-01,2026-08-02 00:25:48,5,dropoff,,2.08
on trip -> DROPOFF,31069,2026-08-13,2026-08-13 19:19:54,3,dropoff,,1.43
on trip -> DROPOFF,31073,2026-08-12,2026-08-12 14:30:26,4,dropoff,,2.3
on trip -> DROPOFF,31074,2026-08-17,2026-08-17 11:24:23,1,dropoff,,-1.12
on trip -> DROPOFF,31082,2026-07-30,2026-07-30 15:11:16,2,dropoff,,1.73
on trip -> DROPOFF,31083,2026-08-02,2026-08-02 09:25:56,10,dropoff,,9.7
on trip -> DROPOFF,31087,2026-07-29,2026-07-29 18:40:07,12,dropoff,,10.75
on trip -> DROPOFF,31094,2026-08-19,2026-08-19 18:48:22,4,dropoff,,3.56
on trip -> DROPOFF,31122,2026-08-15,2026-08-15 16:56:06,10,dropoff,,8.82
on trip -> DROPOFF,31123,2026-08-08,2026-08-08 15:38:00,5,dropoff,,2.34
on trip -> DROPOFF,31130,2026-08-08,2026-08-08 07:28:30,8,dropoff,,6.97
on trip -> DROPOFF,31135,2026-08-04,2026-08-04 20:43:43,5,dropoff,,4.89
on trip -> DROPOFF,31159,2026-07-30,2026-07-30 15:14:17,7,dropoff,,4.8
on trip -> DROPOFF,31173,2026-08-09,2026-08-09 22:16:12,5,dropoff,,4.82
on trip -> DROPOFF,31181,2026-08-04,2026-08-04 22:00:19,7,dropoff,,6.73
on trip -> DROPOFF,31182,2026-08-01,2026-08-01 23:16:47,2,dropoff,,-0.08
on trip -> DROPOFF,31183,2026-08-06,2026-08-06 17:43:04,12,dropoff,,11.62
on trip -> DROPOFF,31184,2026-07-29,2026-07-29 15:55:51,1,dropoff,,-1.89
on trip -> DROPOFF,31188,2026-08-04,2026-08-04 20:19:47,1,dropoff,,-0.11
on trip -> DROPOFF,31189,2026-08-11,2026-08-11 17:28:24,6,dropoff,,5.41
on trip -> DROPOFF,31214,2026-07-31,2026-07-31 19:19:47,1,dropoff,,-0.09
on trip -> DROPOFF,31215,2026-08-01,2026-08-01 17:32:15,7,dropoff,,5.71
on trip -> DROPOFF,31222,2026-08-15,2026-08-16 01:01:51,0,dropoff,,-2.08
on trip -> DROPOFF,31231,2026-08-18,2026-08-18 19:22:18,0,dropoff,,-0.78
on trip -> DROPOFF,31241,2026-08-21,2026-08-21 14:28:13,2,dropoff,,1.69
on trip -> DROPOFF,31252,2026-08-01,2026-08-01 14:14:40,5,dropoff,,2.98
on trip -> DROPOFF,31253,2026-08-04,2026-08-04 12:24:26,5,dropoff,,2.4
on trip -> DROPOFF,31254,2026-08-09,2026-08-09 21:30:26,7,dropoff,,4.76
on trip -> DROPOFF,31258,2026-08-03,2026-08-03 19:50:36,2,dropoff,,-0.9
on trip -> DROPOFF,31260,2026-07-30,2026-07-30 14:24:13,6,dropoff,,5.89
on trip -> DROPOFF,31261,2026-08-17,2026-08-17 14:41:21,1,dropoff,,0.59
on trip -> DROPOFF,31265,2026-08-12,2026-08-12 23:29:04,2,dropoff,,1.13
on trip -> DROPOFF,31280,2026-07-31,2026-07-31 15:26:13,4,dropoff,,1.51
on trip -> DROPOFF,31291,2026-08-03,2026-08-04 01:53:03,6,dropoff,,3.16
on trip -> DROPOFF,31294,2026-08-02,2026-08-02 22:41:28,2,dropoff,,0.58
on trip -> DROPOFF,31295,2026-08-09,2026-08-09 11:58:05,7,dropoff,,5.99
on trip -> DROPOFF,31302,2026-08-02,2026-08-02 15:21:20,3,dropoff,,1.49
on trip -> DROPOFF,31313,2026-08-01,2026-08-01 11:16:05,12,dropoff,,9.94
on trip -> DROPOFF,31319,2026-08-21,2026-08-21 11:28:28,7,dropoff,,6.68
on trip -> DROPOFF,31321,2026-08-06,2026-08-06 17:18:51,32,dropoff,,29.07
on trip -> DROPOFF,31322,2026-08-10,2026-08-10 14:26:34,6,dropoff,,4.91
on trip -> DROPOFF,31325,2026-08-05,2026-08-05 21:37:35,2,dropoff,,0.65
on trip -> DROPOFF,31326,2026-08-10,2026-08-10 09:08:03,4,dropoff,,2.82
on trip -> DROPOFF,31327,2026-08-17,2026-08-17 22:43:49,1,dropoff,,-0.91
on trip -> DROPOFF,31338,2026-08-08,2026-08-08 15:19:50,7,dropoff,,5.83
on trip -> DROPOFF,31339,2026-08-07,2026-08-07 16:52:45,2,dropoff,,-0.9
on trip -> DROPOFF,31343,2026-07-31,2026-07-31 21:03:04,6,dropoff,,3.32
on trip -> DROPOFF,31344,2026-07-29,2026-07-30 00:41:46,0,dropoff,,-0.54
on trip -> DROPOFF,31361,2026-07-30,2026-07-31 02:27:53,1,dropoff,,-0.83
on trip -> DROPOFF,31365,2026-08-05,2026-08-05 22:31:53,8,dropoff,,6.6
on trip -> DROPOFF,31366,2026-08-13,2026-08-13 17:42:15,3,dropoff,,1.35
on trip -> DROPOFF,31367,2026-07-29,2026-07-29 17:53:14,11,dropoff,,10.1
on trip -> DROPOFF,31373,2026-08-05,2026-08-05 16:51:34,5,dropoff,,3.3
on trip -> DROPOFF,31380,2026-08-08,2026-08-08 16:34:57,6,dropoff,,4.91
on trip -> DROPOFF,31381,2026-07-30,2026-07-30 16:11:45,13,dropoff,,10.14
on trip -> DROPOFF,31387,2026-08-07,2026-08-07 22:28:47,4,dropoff,,3.14
on trip -> DROPOFF,31388,2026-08-12,2026-08-12 17:13:58,5,dropoff,,4.83
on trip -> DROPOFF,31390,2026-08-05,2026-08-05 13:44:24,8,dropoff,,5.27
on trip -> DROPOFF,31391,2026-07-31,2026-07-31 12:26:56,8,dropoff,,7.9
on trip -> DROPOFF,31400,2026-07-31,2026-07-31 16:15:42,1,dropoff,,0.5
on trip -> DROPOFF,31401,2026-08-04,2026-08-04 14:31:03,4,dropoff,,1.09
on trip -> DROPOFF,31428,2026-08-02,2026-08-02 16:04:34,1,dropoff,,-0.75
on trip -> DROPOFF,31429,2026-08-06,2026-08-06 14:05:48,4,dropoff,,1.65
on trip -> DROPOFF,31430,2026-08-04,2026-08-04 16:07:41,3,dropoff,,1.55
on trip -> DROPOFF,31435,2026-07-30,2026-07-30 20:32:02,11,dropoff,,10.34
on trip -> DROPOFF,31443,2026-08-03,2026-08-03 14:32:17,0,dropoff,,-0.2
on trip -> DROPOFF,31444,2026-08-09,2026-08-09 08:53:03,8,dropoff,,7.71
on trip -> DROPOFF,31447,2026-08-16,2026-08-17 00:17:32,2,dropoff,,1.32
on trip -> DROPOFF,31469,2026-08-02,2026-08-02 19:26:13,10,dropoff,,8.01
on trip -> DROPOFF,31471,2026-08-14,2026-08-15 00:19:59,4,dropoff,,1.1
on trip -> DROPOFF,31476,2026-08-01,2026-08-01 21:34:11,7,dropoff,,5.77
on trip -> DROPOFF,31482,2026-08-01,2026-08-01 16:14:20,0,dropoff,,-0.24
on trip -> DROPOFF,31483,2026-08-05,2026-08-05 15:50:42,1,dropoff,,-1.34
on trip -> DROPOFF,31489,2026-08-09,2026-08-09 19:42:30,7,dropoff,,4.26
on trip -> DROPOFF,31509,2026-08-11,2026-08-11 17:22:21,2,dropoff,,-0.35
on trip -> DROPOFF,31510,2026-08-13,2026-08-13 14:03:40,7,dropoff,,5.16
on trip -> DROPOFF,31511,2026-08-07,2026-08-07 16:10:17,3,dropoff,,0.84
on trip -> DROPOFF,31512,2026-07-31,2026-07-31 13:48:30,8,dropoff,,6.23
on trip -> DROPOFF,31525,2026-08-04,2026-08-04 17:54:47,0,dropoff,,-2.08
on trip -> DROPOFF,31528,2026-08-16,2026-08-16 18:01:38,10,dropoff,,8.0
on trip -> DROPOFF,31541,2026-08-16,2026-08-16 15:23:18,4,dropoff,,1.63
on trip -> DROPOFF,31546,2026-08-05,2026-08-05 20:50:08,7,dropoff,,5.44
on trip -> DROPOFF,31556,2026-08-08,2026-08-08 11:15:08,0,dropoff,,-2.13
on trip -> DROPOFF,31558,2026-08-03,2026-08-03 12:25:50,6,dropoff,,5.05
on trip -> DROPOFF,31561,2026-08-14,2026-08-14 18:28:12,0,dropoff,,-0.32
on trip -> DROPOFF,31566,2026-07-31,2026-07-31 17:04:02,0,dropoff,,-0.62
on trip -> DROPOFF,31573,2026-08-05,2026-08-05 15:47:40,2,dropoff,,1.78
on trip -> DROPOFF,31574,2026-08-10,2026-08-10 20:00:22,10,dropoff,,9.79
on trip -> DROPOFF,31587,2026-08-11,2026-08-11 17:03:42,2,dropoff,,1.65
on trip -> DROPOFF,31588,2026-08-16,2026-08-16 10:16:27,8,dropoff,,6.5
on trip -> DROPOFF,31599,2026-08-06,2026-08-06 14:20:57,6,dropoff,,4.81
on trip -> DROPOFF,31605,2026-08-07,2026-08-07 20:49:40,0,dropoff,,-1.91
on trip -> DROPOFF,31621,2026-08-14,2026-08-14 15:27:55,0,dropoff,,-0.87
on trip -> DROPOFF,31623,2026-08-06,2026-08-06 15:52:02,4,dropoff,,2.07
on trip -> DROPOFF,31629,2026-08-15,2026-08-15 13:31:50,4,dropoff,,3.08
on trip -> DROPOFF,31640,2026-08-08,2026-08-08 23:49:46,0,dropoff,,-0.63
on trip -> DROPOFF,31642,2026-08-16,2026-08-16 15:17:15,6,dropoff,,4.3
on trip -> DROPOFF,31644,2026-08-03,2026-08-04 00:41:15,2,dropoff,,0.84
on trip -> DROPOFF,31647,2026-08-03,2026-08-03 22:57:33,6,dropoff,,5.8
on trip -> DROPOFF,31653,2026-07-30,2026-07-30 18:38:49,1,dropoff,,0.56
on trip -> DROPOFF,31662,2026-08-11,2026-08-11 19:34:49,8,dropoff,,6.49
on trip -> DROPOFF,31667,2026-08-15,2026-08-15 22:23:22,7,dropoff,,4.35
on trip -> DROPOFF,31677,2026-08-11,2026-08-11 14:23:05,13,dropoff,,10.21
on trip -> DROPOFF,31679,2026-08-07,2026-08-07 18:49:19,4,dropoff,,1.11
on trip -> DROPOFF,31686,2026-07-31,2026-07-31 13:21:19,7,dropoff,,5.85
on trip -> DROPOFF,31689,2026-08-13,2026-08-13 21:52:58,11,dropoff,,-1.14
on trip -> DROPOFF,31689,2026-08-13,2026-08-13 22:05:03,1,dropoff,,0.96
on trip -> DROPOFF,31701,2026-07-31,2026-07-31 14:28:54,8,dropoff,,5.87
on trip -> DROPOFF,31715,2026-08-21,2026-08-21 21:38:20,7,dropoff,,5.43
on trip -> DROPOFF,31721,2026-08-18,2026-08-18 13:05:45,8,dropoff,,6.09
on trip -> DROPOFF,31727,2026-08-18,2026-08-18 14:34:58,4,dropoff,,1.95
on trip -> DROPOFF,31731,2026-08-01,2026-08-02 01:46:54,2,dropoff,,1.3
on trip -> DROPOFF,31737,2026-08-05,2026-08-05 14:53:20,2,dropoff,,0.82
on trip -> DROPOFF,31739,2026-07-31,2026-07-31 21:30:57,6,dropoff,,5.91
on trip -> DROPOFF,31740,2026-08-09,2026-08-09 12:01:07,4,dropoff,,2.27
on trip -> DROPOFF,31743,2026-08-09,2026-08-09 17:45:14,4,dropoff,,2.0
on trip -> DROPOFF,31746,2026-08-18,2026-08-18 19:13:13,7,dropoff,,5.66
on trip -> DROPOFF,31749,2026-08-05,2026-08-05 21:26:22,2,dropoff,,-0.8
on trip -> DROPOFF,31753,2026-08-05,2026-08-05 14:53:20,7,dropoff,,5.85
on trip -> DROPOFF,31754,2026-08-03,2026-08-03 23:39:46,2,dropoff,,1.8
on trip -> DROPOFF,31755,2026-08-10,2026-08-10 18:18:37,6,dropoff,,5.85
on trip -> DROPOFF,31756,2026-07-31,2026-08-01 03:59:58,25,dropoff,,-3812.29
on trip -> DROPOFF,31760,2026-08-02,2026-08-02 18:56:03,4,dropoff,,1.28
on trip -> DROPOFF,31778,2026-08-11,2026-08-11 19:31:47,6,dropoff,,4.58
on trip -> DROPOFF,31781,2026-08-01,2026-08-01 17:17:09,3,dropoff,,1.09
on trip -> DROPOFF,31782,2026-08-08,2026-08-08 19:32:13,10,dropoff,,9.33
on trip -> DROPOFF,31823,2026-08-03,2026-08-03 21:38:35,1,dropoff,,0.3
on trip -> DROPOFF,31824,2026-08-07,2026-08-07 23:34:57,4,dropoff,,3.74
on trip -> DROPOFF,31825,2026-08-03,2026-08-03 15:47:52,1,dropoff,,0.66
on trip -> DROPOFF,31826,2026-08-07,2026-08-07 14:10:48,9,dropoff,,8.49
on trip -> DROPOFF,31830,2026-08-12,2026-08-12 18:23:31,6,dropoff,,4.6
on trip -> DROPOFF,31835,2026-08-04,2026-08-04 20:28:37,7,dropoff,,5.89
on trip -> DROPOFF,31841,2026-08-15,2026-08-16 03:17:41,4,dropoff,,1.61
on trip -> DROPOFF,31847,2026-08-03,2026-08-04 03:59:08,24,dropoff,,-24.7
on trip -> DROPOFF,31853,2026-08-17,2026-08-17 11:57:39,6,dropoff,,5.28
on trip -> DROPOFF,31856,2026-08-21,2026-08-21 20:55:59,3,dropoff,,2.42
on trip -> DROPOFF,31857,2026-08-08,2026-08-08 15:16:49,1,dropoff,,0.38
on trip -> DROPOFF,31867,2026-08-12,2026-08-12 18:08:23,26,dropoff,,-9.7
on trip -> DROPOFF,31867,2026-08-12,2026-08-12 18:41:40,2,dropoff,,-0.43
on trip -> DROPOFF,31873,2026-08-10,2026-08-10 15:54:55,3,dropoff,,0.46
on trip -> DROPOFF,31874,2026-08-14,2026-08-14 12:05:23,6,dropoff,,4.72
on trip -> DROPOFF,31876,2026-08-15,2026-08-15 11:45:54,6,dropoff,,3.11
on trip -> DROPOFF,31881,2026-08-04,2026-08-04 16:52:56,0,dropoff,,-2.89
on trip -> DROPOFF,31901,2026-08-07,2026-08-08 01:19:23,0,dropoff,,-0.99
on trip -> DROPOFF,31902,2026-08-14,2026-08-14 17:22:49,30,dropoff,,-9.37
on trip -> DROPOFF,31902,2026-08-14,2026-08-14 18:00:56,6,dropoff,,4.74
on trip -> DROPOFF,31905,2026-08-04,2026-08-04 14:52:27,1,dropoff,,0.03
on trip -> DROPOFF,31908,2026-08-07,2026-08-07 21:13:49,7,dropoff,,6.99
on trip -> DROPOFF,31912,2026-08-14,2026-08-14 19:22:43,6,dropoff,,3.31
on trip -> DROPOFF,31916,2026-08-08,2026-08-08 14:51:32,6,dropoff,,5.02
on trip -> DROPOFF,31917,2026-08-04,2026-08-04 14:40:22,45,dropoff,,43.27
on trip -> DROPOFF,31918,2026-08-04,2026-08-04 22:42:30,0,dropoff,,-0.06
on trip -> DROPOFF,31926,2026-08-14,2026-08-14 13:39:34,4,dropoff,,1.71
on trip -> DROPOFF,31938,2026-08-14,2026-08-14 19:25:45,21,dropoff,,20.11
on trip -> DROPOFF,31940,2026-08-10,2026-08-10 13:35:05,2,dropoff,,1.27
on trip -> DROPOFF,31941,2026-08-15,2026-08-15 15:56:08,5,dropoff,,2.97
on trip -> DROPOFF,31943,2026-08-19,2026-08-19 22:36:31,0,dropoff,,-0.93
on trip -> DROPOFF,31953,2026-08-02,2026-08-02 09:04:51,3,dropoff,,2.13
on trip -> DROPOFF,31962,2026-08-19,2026-08-19 14:55:45,10,dropoff,,7.87
on trip -> DROPOFF,31977,2026-08-21,2026-08-21 19:46:22,39,dropoff,,1.35
on trip -> DROPOFF,31977,2026-08-21,2026-08-21 20:22:42,2,dropoff,,0.69
on trip -> DROPOFF,31997,2026-08-05,2026-08-05 13:44:24,0,dropoff,,-2.17
on trip -> DROPOFF,32003,2026-08-17,2026-08-17 18:27:13,1,dropoff,,0.9
on trip -> DROPOFF,32010,2026-08-18,2026-08-18 13:48:10,12,dropoff,,2.83
on trip -> DROPOFF,32010,2026-08-18,2026-08-18 13:56:50,4,dropoff,,3.49
on trip -> DROPOFF,32021,2026-08-04,2026-08-04 16:37:51,5,dropoff,,3.13
on trip -> DROPOFF,32026,2026-08-03,2026-08-03 15:23:40,6,dropoff,,3.24
on trip -> DROPOFF,32029,2026-08-01,2026-08-02 00:40:52,2,dropoff,,0.84
on trip -> DROPOFF,32030,2026-08-16,2026-08-16 14:31:21,2,dropoff,,0.14
on trip -> DROPOFF,32050,2026-08-17,2026-08-17 18:12:04,2,dropoff,,1.2
on trip -> DROPOFF,32052,2026-08-03,2026-08-03 14:53:26,5,dropoff,,2.76
on trip -> DROPOFF,32053,2026-08-07,2026-08-07 08:22:44,9,dropoff,,8.6
on trip -> DROPOFF,32077,2026-08-20,2026-08-20 13:01:26,11,dropoff,,-1.34
on trip -> DROPOFF,32077,2026-08-20,2026-08-20 13:13:32,5,dropoff,,4.77
on trip -> DROPOFF,32078,2026-08-20,2026-08-20 22:38:09,7,dropoff,,6.94
on trip -> DROPOFF,32095,2026-08-06,2026-08-06 23:54:19,1,dropoff,,-0.45
on trip -> DROPOFF,32107,2026-08-13,2026-08-13 18:09:35,5,dropoff,,3.4
on trip -> DROPOFF,32120,2026-08-17,2026-08-17 19:56:00,7,dropoff,,4.76
on trip -> DROPOFF,32155,2026-08-16,2026-08-16 20:05:09,2,dropoff,,1.91
on trip -> DROPOFF,32160,2026-08-05,2026-08-05 19:56:52,8,dropoff,,7.55
on trip -> DROPOFF,32161,2026-08-10,2026-08-10 13:56:17,8,dropoff,,7.87
on trip -> DROPOFF,32162,2026-08-07,2026-08-07 20:01:14,2,dropoff,,0.38
on trip -> DROPOFF,32198,2026-08-15,2026-08-16 01:16:57,0,dropoff,,-2.37
on trip -> DROPOFF,32200,2026-08-05,2026-08-05 16:24:23,2,dropoff,,-0.86
on trip -> DROPOFF,32218,2026-08-09,2026-08-09 23:44:56,1,dropoff,,-0.08
on trip -> DROPOFF,32219,2026-08-14,2026-08-14 11:56:19,6,dropoff,,4.98
on trip -> DROPOFF,32227,2026-08-03,2026-08-03 17:53:54,2,dropoff,,0.23
on trip -> DROPOFF,32235,2026-08-09,2026-08-09 08:25:52,6,dropoff,,4.03
on trip -> DROPOFF,32263,2026-08-19,2026-08-19 12:08:07,7,dropoff,,6.74
on trip -> DROPOFF,32267,2026-08-15,2026-08-15 13:37:53,6,dropoff,,5.52
on trip -> DROPOFF,32268,2026-08-18,2026-08-18 19:38:19,1,dropoff,,-1.28
on trip -> DROPOFF,32270,2026-08-08,2026-08-08 15:41:02,3,dropoff,,0.98
on trip -> DROPOFF,32285,2026-08-08,2026-08-08 20:05:31,2,dropoff,,1.22
on trip -> DROPOFF,32288,2026-08-03,2026-08-03 19:38:32,6,dropoff,,3.48
on trip -> DROPOFF,32295,2026-08-07,2026-08-07 17:10:56,61,dropoff,,-41.68
on trip -> DROPOFF,32295,2026-08-07,2026-08-07 18:52:20,7,dropoff,,5.73
on trip -> DROPOFF,32296,2026-08-10,2026-08-10 09:05:01,2,dropoff,,-0.59
on trip -> DROPOFF,32301,2026-08-05,2026-08-05 22:19:49,1,dropoff,,-1.23
on trip -> DROPOFF,32312,2026-08-21,2026-08-21 19:46:22,11,dropoff,,-1.58
on trip -> DROPOFF,32312,2026-08-21,2026-08-21 19:58:28,2,dropoff,,1.54
on trip -> DROPOFF,32314,2026-08-08,2026-08-08 14:06:10,1,dropoff,,0.95
on trip -> DROPOFF,32315,2026-08-17,2026-08-17 10:45:05,6,dropoff,,4.22
on trip -> DROPOFF,32318,2026-08-03,2026-08-03 18:13:13,12,dropoff,,11.82
on trip -> DROPOFF,32323,2026-08-04,2026-08-04 19:01:19,3,dropoff,,0.82
on trip -> DROPOFF,32325,2026-08-15,2026-08-15 14:17:13,0,dropoff,,-0.18
on trip -> DROPOFF,32327,2026-08-09,2026-08-09 22:04:07,1,dropoff,,-1.98
on trip -> DROPOFF,32332,2026-08-14,2026-08-14 17:28:52,5,dropoff,,2.01
on trip -> DROPOFF,32335,2026-08-10,2026-08-10 16:19:09,3,dropoff,,1.24
on trip -> DROPOFF,32346,2026-08-13,2026-08-13 23:36:58,28,dropoff,,-0.45
on trip -> DROPOFF,32346,2026-08-13,2026-08-14 00:04:10,7,dropoff,,5.75
on trip -> DROPOFF,32350,2026-08-12,2026-08-12 11:21:00,0,dropoff,,-2.52
on trip -> DROPOFF,32351,2026-08-12,2026-08-12 21:23:20,1,dropoff,,0.16
on trip -> DROPOFF,32352,2026-08-03,2026-08-03 18:28:18,9,dropoff,,8.86
on trip -> DROPOFF,32377,2026-08-06,2026-08-06 19:59:22,0,dropoff,,-0.64
on trip -> DROPOFF,32379,2026-08-14,2026-08-14 13:27:27,7,dropoff,,3.97
on trip -> DROPOFF,32392,2026-08-04,2026-08-04 15:00:47,11,dropoff,,9.39
on trip -> DROPOFF,32393,2026-08-11,2026-08-11 17:51:56,8,dropoff,,7.88
on trip -> DROPOFF,32400,2026-08-19,2026-08-19 09:40:05,5,dropoff,,4.34
on trip -> DROPOFF,32405,2026-08-10,2026-08-10 18:06:30,6,dropoff,,3.62
on trip -> DROPOFF,32428,2026-08-14,2026-08-14 14:33:19,24,dropoff,,-2.18
on trip -> DROPOFF,32428,2026-08-14,2026-08-14 14:57:35,1,dropoff,,-0.91
on trip -> DROPOFF,32429,2026-08-06,2026-08-06 16:54:39,0,dropoff,,-0.57
on trip -> DROPOFF,32430,2026-08-10,2026-08-10 13:56:17,7,dropoff,,6.87
on trip -> DROPOFF,32438,2026-08-13,2026-08-13 13:54:35,6,dropoff,,4.43
on trip -> DROPOFF,32444,2026-08-14,2026-08-14 18:03:57,0,dropoff,,-0.19
on trip -> DROPOFF,32445,2026-08-20,2026-08-20 15:02:39,4,dropoff,,3.5
on trip -> DROPOFF,32450,2026-08-10,2026-08-11 03:58:04,20,dropoff,,7.04
on trip -> DROPOFF,32451,2026-08-05,2026-08-05 18:30:36,4,dropoff,,1.66
on trip -> DROPOFF,32469,2026-08-15,2026-08-15 12:10:07,6,dropoff,,4.52
on trip -> DROPOFF,32479,2026-08-14,2026-08-14 12:17:30,5,dropoff,,4.3
on trip -> DROPOFF,32483,2026-08-19,2026-08-19 18:51:23,9,dropoff,,6.03
on trip -> DROPOFF,32490,2026-08-14,2026-08-14 16:34:22,8,dropoff,,5.35
on trip -> DROPOFF,32494,2026-08-19,2026-08-19 13:33:59,6,dropoff,,3.91
on trip -> DROPOFF,32501,2026-08-20,2026-08-20 17:21:41,54,dropoff,,4.42
on trip -> DROPOFF,32501,2026-08-20,2026-08-20 17:30:45,46,dropoff,,5.49
on trip -> DROPOFF,32501,2026-08-20,2026-08-20 18:10:05,0,dropoff,,-1.17
on trip -> DROPOFF,32507,2026-08-13,2026-08-14 03:09:43,29,dropoff,,28.88
on trip -> DROPOFF,32508,2026-08-09,2026-08-09 18:16:21,1,dropoff,,0.33
on trip -> DROPOFF,32515,2026-08-11,2026-08-12 00:37:58,0,dropoff,,-0.41
on trip -> DROPOFF,32528,2026-08-11,2026-08-11 14:26:06,1,dropoff,,-1.34
on trip -> DROPOFF,32598,2026-08-15,2026-08-15 17:08:13,8,dropoff,,7.27
on trip -> DROPOFF,32605,2026-08-11,2026-08-11 17:36:47,25,dropoff,,-29.03
on trip -> DROPOFF,32605,2026-08-11,2026-08-11 18:28:13,3,dropoff,,0.39
on trip -> DROPOFF,32606,2026-08-15,2026-08-15 17:02:09,6,dropoff,,5.48
on trip -> DROPOFF,32607,2026-08-05,2026-08-05 12:56:06,3,dropoff,,0.61
on trip -> DROPOFF,32632,2026-08-09,2026-08-09 11:42:43,6,dropoff,,3.07
on trip -> DROPOFF,32646,2026-08-05,2026-08-06 02:12:25,5,dropoff,,2.11
on trip -> DROPOFF,32666,2026-08-19,2026-08-19 10:52:34,7,dropoff,,6.8
on trip -> DROPOFF,32673,2026-08-08,2026-08-08 22:16:02,2,dropoff,,0.11
on trip -> DROPOFF,32676,2026-08-20,2026-08-21 01:14:05,0,dropoff,,-3.08
on trip -> DROPOFF,32676,2026-08-20,2026-08-21 01:17:06,0,dropoff,,-0.06
on trip -> DROPOFF,32687,2026-08-08,2026-08-08 13:44:59,0,dropoff,,-1.48
on trip -> DROPOFF,32697,2026-08-09,2026-08-09 22:46:26,7,dropoff,,4.71
on trip -> DROPOFF,32715,2026-08-08,2026-08-08 20:29:43,2,dropoff,,1.75
on trip -> DROPOFF,32723,2026-08-05,2026-08-05 17:39:17,2,dropoff,,1.27
on trip -> DROPOFF,32728,2026-08-14,2026-08-14 13:33:30,7,dropoff,,5.2
on trip -> DROPOFF,32744,2026-08-19,2026-08-19 15:46:13,2,dropoff,,1.82
on trip -> DROPOFF,32745,2026-08-14,2026-08-14 20:14:20,6,dropoff,,3.64
on trip -> DROPOFF,32765,2026-08-15,2026-08-15 19:06:45,0,dropoff,,-2.78
on trip -> DROPOFF,32767,2026-08-11,2026-08-11 17:54:57,1,dropoff,,-0.75
on trip -> DROPOFF,32771,2026-08-17,2026-08-17 16:26:37,4,dropoff,,1.27
on trip -> DROPOFF,32774,2026-08-17,2026-08-17 14:41:21,1,dropoff,,-0.26
on trip -> DROPOFF,32781,2026-08-07,2026-08-07 09:02:00,6,dropoff,,3.22
on trip -> DROPOFF,32796,2026-08-21,2026-08-21 14:06:58,6,dropoff,,4.33
on trip -> DROPOFF,32799,2026-08-12,2026-08-12 23:53:12,3,dropoff,,1.3
on trip -> DROPOFF,32800,2026-08-17,2026-08-17 22:52:54,10,dropoff,,9.4
on trip -> DROPOFF,32813,2026-08-19,2026-08-19 15:06:50,1,dropoff,,-0.25
on trip -> DROPOFF,32862,2026-08-16,2026-08-16 21:21:20,32,dropoff,,-37.52
on trip -> DROPOFF,32862,2026-08-16,2026-08-16 21:45:34,32,dropoff,,-13.28
on trip -> DROPOFF,32862,2026-08-16,2026-08-16 22:09:45,24,dropoff,,2.9
on trip -> DROPOFF,32862,2026-08-16,2026-08-16 22:29:18,3,dropoff,,1.45
on trip -> DROPOFF,32863,2026-08-21,2026-08-21 13:17:24,5,dropoff,,2.64
on trip -> DROPOFF,32868,2026-08-08,2026-08-08 18:38:03,4,dropoff,,3.64
on trip -> DROPOFF,32869,2026-08-15,2026-08-15 14:20:14,9,dropoff,,7.63
on trip -> DROPOFF,32874,2026-08-06,2026-08-07 03:59:00,12,dropoff,,-0.93
on trip -> DROPOFF,32886,2026-08-14,2026-08-14 18:37:18,7,dropoff,,5.62
on trip -> DROPOFF,32887,2026-08-15,2026-08-16 00:55:48,2,dropoff,,1.95
on trip -> DROPOFF,32889,2026-08-16,2026-08-16 17:28:21,4,dropoff,,1.35
on trip -> DROPOFF,32890,2026-08-09,2026-08-09 20:15:46,2,dropoff,,-0.47
on trip -> DROPOFF,32900,2026-08-09,2026-08-09 14:36:31,1,dropoff,,0.54
on trip -> DROPOFF,32901,2026-08-14,2026-08-14 16:28:18,11,dropoff,,10.69
on trip -> DROPOFF,32911,2026-08-15,2026-08-15 13:04:42,6,dropoff,,5.0
on trip -> DROPOFF,32925,2026-08-10,2026-08-10 22:11:35,2,dropoff,,0.71
on trip -> DROPOFF,32926,2026-08-13,2026-08-13 16:34:56,23,dropoff,,0.02
on trip -> DROPOFF,32926,2026-08-13,2026-08-13 16:56:10,0,dropoff,,-1.74
on trip -> DROPOFF,32928,2026-08-06,2026-08-06 21:45:07,6,dropoff,,5.57
on trip -> DROPOFF,32930,2026-08-15,2026-08-15 17:32:27,5,dropoff,,4.21
on trip -> DROPOFF,32931,2026-08-06,2026-08-07 02:02:57,1,dropoff,,-1.31
on trip -> DROPOFF,32940,2026-08-13,2026-08-13 18:37:03,10,dropoff,,7.87
on trip -> DROPOFF,32951,2026-08-19,2026-08-19 14:16:24,28,dropoff,,-13.64
on trip -> DROPOFF,32951,2026-08-19,2026-08-19 14:55:45,6,dropoff,,3.72
on trip -> DROPOFF,32961,2026-08-06,2026-08-07 03:59:00,4,dropoff,,-2.09
on trip -> DROPOFF,32963,2026-08-15,2026-08-15 23:35:51,0,dropoff,,-0.61
on trip -> DROPOFF,32977,2026-08-10,2026-08-11 00:20:18,2,dropoff,,-0.2
on trip -> DROPOFF,32978,2026-08-15,2026-08-15 17:23:23,5,dropoff,,2.38
on trip -> DROPOFF,32989,2026-08-10,2026-08-10 12:09:49,6,dropoff,,5.95
on trip -> DROPOFF,33001,2026-08-19,2026-08-19 18:42:19,13,dropoff,,12.78
on trip -> DROPOFF,33009,2026-08-19,2026-08-19 10:31:25,6,dropoff,,3.5
on trip -> DROPOFF,33013,2026-08-09,2026-08-09 19:54:36,3,dropoff,,1.37
on trip -> DROPOFF,33017,2026-08-21,2026-08-21 14:46:34,2,dropoff,,1.8
on trip -> DROPOFF,33021,2026-08-11,2026-08-11 16:00:08,17,dropoff,,15.83
on trip -> DROPOFF,33022,2026-08-14,2026-08-14 20:11:19,8,dropoff,,6.61
on trip -> DROPOFF,33033,2026-08-10,2026-08-10 20:06:26,3,dropoff,,1.08
on trip -> DROPOFF,33034,2026-08-16,2026-08-16 13:30:51,7,dropoff,,5.79
on trip -> DROPOFF,33039,2026-08-07,2026-08-07 19:16:33,1,dropoff,,-0.92
on trip -> DROPOFF,33047,2026-08-11,2026-08-11 20:58:27,0,dropoff,,-1.59
on trip -> DROPOFF,33061,2026-08-07,2026-08-07 18:22:02,5,dropoff,,4.89
on trip -> DROPOFF,33072,2026-08-07,2026-08-07 14:47:09,7,dropoff,,3.97
on trip -> DROPOFF,33080,2026-08-15,2026-08-15 19:40:04,6,dropoff,,4.13
on trip -> DROPOFF,33118,2026-08-21,2026-08-21 15:20:18,0,dropoff,,-0.98
on trip -> DROPOFF,33122,2026-08-11,2026-08-11 19:13:35,1,dropoff,,-0.47
on trip -> DROPOFF,33129,2026-08-17,2026-08-17 14:23:11,28,dropoff,,26.27
on trip -> DROPOFF,33130,2026-08-20,2026-08-20 15:39:23,6,dropoff,,3.73
on trip -> DROPOFF,33138,2026-08-14,2026-08-14 16:13:09,17,dropoff,,-1.96
on trip -> DROPOFF,33138,2026-08-14,2026-08-14 16:31:20,2,dropoff,,1.22
on trip -> DROPOFF,33143,2026-08-21,2026-08-21 14:25:11,11,dropoff,,8.6
on trip -> DROPOFF,33144,2026-08-20,2026-08-20 18:16:09,13,dropoff,,2.27
on trip -> DROPOFF,33144,2026-08-20,2026-08-20 18:25:14,1,dropoff,,-0.65
on trip -> DROPOFF,33164,2026-08-07,2026-08-07 17:36:37,2,dropoff,,0.86
on trip -> DROPOFF,33171,2026-08-17,2026-08-17 16:11:29,2,dropoff,,1.68
on trip -> DROPOFF,33230,2026-08-08,2026-08-08 09:26:16,7,dropoff,,4.22
on trip -> DROPOFF,33239,2026-08-13,2026-08-13 20:40:24,7,dropoff,,-1.17
on trip -> DROPOFF,33239,2026-08-13,2026-08-13 20:46:26,0,dropoff,,-2.12
on trip -> DROPOFF,33240,2026-08-20,2026-08-20 13:37:45,7,dropoff,,6.81
on trip -> DROPOFF,33241,2026-08-15,2026-08-15 15:53:06,0,dropoff,,-0.68
on trip -> DROPOFF,33246,2026-08-15,2026-08-15 22:02:12,1,dropoff,,-1.53
on trip -> DROPOFF,33247,2026-08-16,2026-08-16 15:38:26,7,dropoff,,5.1
on trip -> DROPOFF,33252,2026-08-13,2026-08-13 12:26:41,7,dropoff,,5.39
on trip -> DROPOFF,33259,2026-08-21,2026-08-21 17:48:44,6,dropoff,,3.27
on trip -> DROPOFF,33260,2026-08-17,2026-08-17 20:46:43,2,dropoff,,0.09
on trip -> DROPOFF,33279,2026-08-17,2026-08-17 15:38:51,7,dropoff,,5.53
on trip -> DROPOFF,33280,2026-08-14,2026-08-14 23:04:02,31,dropoff,,-19.4
on trip -> DROPOFF,33280,2026-08-14,2026-08-14 23:52:49,3,dropoff,,1.38
on trip -> DROPOFF,33281,2026-08-21,2026-08-21 11:10:19,6,dropoff,,4.67
on trip -> DROPOFF,33312,2026-08-08,2026-08-08 23:28:37,4,dropoff,,3.62
on trip -> DROPOFF,33313,2026-08-14,2026-08-14 13:45:37,6,dropoff,,4.28
on trip -> DROPOFF,33326,2026-08-13,2026-08-14 03:15:45,34,dropoff,,31.72
on trip -> DROPOFF,33327,2026-08-17,2026-08-17 19:34:50,5,dropoff,,3.95
on trip -> DROPOFF,33330,2026-08-13,2026-08-14 00:04:10,3,dropoff,,0.63
on trip -> DROPOFF,33343,2026-08-13,2026-08-13 09:27:12,4,dropoff,,2.33
on trip -> DROPOFF,33351,2026-08-10,2026-08-10 23:53:06,2,dropoff,,0.14
on trip -> DROPOFF,33352,2026-08-13,2026-08-13 18:18:47,28,dropoff,,25.46
on trip -> DROPOFF,33354,2026-08-11,2026-08-11 16:12:15,2,dropoff,,1.17
on trip -> DROPOFF,33355,2026-08-11,2026-08-12 01:14:12,31,dropoff,,1.4
on trip -> DROPOFF,33355,2026-08-11,2026-08-12 01:41:01,2,dropoff,,-0.78
on trip -> DROPOFF,33363,2026-08-09,2026-08-09 13:01:40,3,dropoff,,2.73
on trip -> DROPOFF,33364,2026-08-16,2026-08-16 15:44:28,1,dropoff,,0.69
on trip -> DROPOFF,33382,2026-08-11,2026-08-12 00:40:59,25,dropoff,,22.31
on trip -> DROPOFF,33395,2026-08-11,2026-08-11 17:03:42,0,dropoff,,-0.06
on trip -> DROPOFF,33410,2026-08-09,2026-08-09 18:25:26,2,dropoff,,0.39
on trip -> DROPOFF,33411,2026-08-16,2026-08-16 14:28:20,8,dropoff,,7.69
on trip -> DROPOFF,33413,2026-08-11,2026-08-11 15:35:55,5,dropoff,,2.65
on trip -> DROPOFF,33445,2026-08-11,2026-08-11 22:49:02,25,dropoff,,-1.9
on trip -> DROPOFF,33445,2026-08-11,2026-08-11 23:13:12,1,dropoff,,-1.75
on trip -> DROPOFF,33447,2026-08-18,2026-08-18 20:50:53,1,dropoff,,-0.99
on trip -> DROPOFF,33451,2026-08-10,2026-08-10 22:43:41,9,dropoff,,6.41
on trip -> DROPOFF,33452,2026-08-13,2026-08-13 12:32:44,4,dropoff,,2.54
on trip -> DROPOFF,33465,2026-08-13,2026-08-13 13:06:05,6,dropoff,,2.97
on trip -> DROPOFF,33466,2026-08-17,2026-08-17 09:02:20,6,dropoff,,5.18
on trip -> DROPOFF,33469,2026-08-13,2026-08-13 13:06:05,5,dropoff,,2.28
on trip -> DROPOFF,33478,2026-08-19,2026-08-19 12:48:33,5,dropoff,,2.49
on trip -> DROPOFF,33480,2026-08-20,2026-08-20 11:38:14,6,dropoff,,4.56
on trip -> DROPOFF,33491,2026-08-09,2026-08-09 18:40:34,0,dropoff,,-1.23
on trip -> DROPOFF,33493,2026-08-17,2026-08-17 22:28:43,6,dropoff,,4.6
on trip -> DROPOFF,33518,2026-08-14,2026-08-14 08:28:16,6,dropoff,,4.29
on trip -> DROPOFF,33536,2026-08-17,2026-08-17 14:32:15,10,dropoff,,7.89
on trip -> DROPOFF,33542,2026-08-09,2026-08-09 15:56:02,3,dropoff,,0.16
on trip -> DROPOFF,33546,2026-08-12,2026-08-12 16:08:21,3,dropoff,,1.9
on trip -> DROPOFF,33547,2026-08-18,2026-08-18 22:56:27,6,dropoff,,5.19
on trip -> DROPOFF,33558,2026-08-12,2026-08-12 17:53:16,3,dropoff,,1.3
on trip -> DROPOFF,33559,2026-08-21,2026-08-21 08:45:56,5,dropoff,,2.22
on trip -> DROPOFF,33588,2026-08-17,2026-08-17 13:19:08,8,dropoff,,6.03
on trip -> DROPOFF,33589,2026-08-21,2026-08-21 20:37:50,4,dropoff,,1.42
on trip -> DROPOFF,33595,2026-08-17,2026-08-17 19:56:00,8,dropoff,,5.06
on trip -> DROPOFF,33596,2026-08-21,2026-08-21 20:25:44,8,dropoff,,7.44
on trip -> DROPOFF,33605,2026-08-16,2026-08-16 21:51:37,8,dropoff,,7.04
on trip -> DROPOFF,33623,2026-08-10,2026-08-10 14:17:29,1,dropoff,,0.45
on trip -> DROPOFF,33655,2026-08-21,2026-08-21 15:07:49,10,dropoff,,9.78
on trip -> DROPOFF,33700,2026-08-12,2026-08-12 22:02:38,1,dropoff,,-1.48
on trip -> DROPOFF,33741,2026-08-19,2026-08-19 13:52:10,2,dropoff,,-0.89
on trip -> DROPOFF,33742,2026-08-20,2026-08-20 10:20:48,4,dropoff,,2.85
on trip -> DROPOFF,33746,2026-08-10,2026-08-10 20:06:26,2,dropoff,,1.72
on trip -> DROPOFF,33747,2026-08-14,2026-08-14 07:03:41,6,dropoff,,5.14
on trip -> DROPOFF,33752,2026-08-21,2026-08-21 14:31:16,0,dropoff,,-0.1
on trip -> DROPOFF,33755,2026-08-17,2026-08-17 09:11:24,7,dropoff,,4.49
on trip -> DROPOFF,33773,2026-08-18,2026-08-18 16:23:13,2,dropoff,,0.02
on trip -> DROPOFF,33784,2026-08-19,2026-08-19 14:01:15,3,dropoff,,1.99
on trip -> DROPOFF,33859,2026-08-14,2026-08-14 14:51:32,1,dropoff,,0.42
on trip -> DROPOFF,33895,2026-08-21,2026-08-21 13:53:43,5,dropoff,,2.43
on trip -> DROPOFF,33915,2026-08-21,2026-08-21 15:01:45,1,dropoff,,-0.9
on trip -> DROPOFF,33924,2026-08-19,2026-08-19 17:20:35,2,dropoff,,-0.76
on trip -> DROPOFF,33936,2026-08-16,2026-08-16 21:33:26,11,dropoff,,8.55
on trip -> DROPOFF,33940,2026-08-15,2026-08-15 14:46:30,0,dropoff,,-2.78
on trip -> DROPOFF,33958,2026-08-16,2026-08-16 11:26:51,9,dropoff,,8.53
on trip -> DROPOFF,33968,2026-08-13,2026-08-13 20:40:24,41,dropoff,,32.2
on trip -> DROPOFF,33968,2026-08-13,2026-08-13 20:46:26,41,dropoff,,38.24
on trip -> DROPOFF,33969,2026-08-17,2026-08-17 12:06:44,7,dropoff,,6.63
on trip -> DROPOFF,33972,2026-08-13,2026-08-13 17:20:26,0,dropoff,,-1.02
on trip -> DROPOFF,33973,2026-08-17,2026-08-17 19:49:57,0,dropoff,,-2.35
on trip -> DROPOFF,33974,2026-08-21,2026-08-21 17:18:25,10,dropoff,,8.91
on trip -> DROPOFF,34061,2026-08-18,2026-08-18 18:49:00,2,dropoff,,1.65
on trip -> DROPOFF,34075,2026-08-16,2026-08-16 17:01:06,1,dropoff,,0.78
on trip -> DROPOFF,34100,2026-08-15,2026-08-15 19:49:08,26,dropoff,,-5.72
on trip -> DROPOFF,34100,2026-08-15,2026-08-15 20:20:22,3,dropoff,,2.51
on trip -> DROPOFF,34101,2026-08-21,2026-08-21 13:32:33,8,dropoff,,6.52
on trip -> DROPOFF,34106,2026-08-13,2026-08-13 16:37:58,6,dropoff,,2.96
on trip -> DROPOFF,34111,2026-08-20,2026-08-20 19:28:31,7,dropoff,,4.49
on trip -> DROPOFF,34135,2026-08-16,2026-08-16 16:45:05,3,dropoff,,0.42
on trip -> DROPOFF,34155,2026-08-12,2026-08-12 16:26:30,4,dropoff,,3.64
on trip -> DROPOFF,34188,2026-08-21,2026-08-21 15:53:39,2,dropoff,,0.79
on trip -> DROPOFF,34193,2026-08-12,2026-08-12 20:21:15,8,dropoff,,7.31
on trip -> DROPOFF,34214,2026-08-17,2026-08-18 02:22:29,1,dropoff,,-0.86
on trip -> DROPOFF,34223,2026-08-16,2026-08-16 10:04:22,6,dropoff,,4.06
on trip -> DROPOFF,34235,2026-08-14,2026-08-14 19:40:52,1,dropoff,,-0.54
on trip -> DROPOFF,34251,2026-08-17,2026-08-17 19:49:57,2,dropoff,,0.2
on trip -> DROPOFF,34253,2026-08-16,2026-08-16 18:16:18,2,dropoff,,0.43
on trip -> DROPOFF,34281,2026-08-13,2026-08-13 14:25:34,5,dropoff,,4.14
on trip -> DROPOFF,34321,2026-08-20,2026-08-20 12:49:19,2,dropoff,,-0.58
on trip -> DROPOFF,34349,2026-08-14,2026-08-14 16:19:13,7,dropoff,,4.58
on trip -> DROPOFF,34370,2026-08-16,2026-08-16 22:50:27,7,dropoff,,4.3
on trip -> DROPOFF,34381,2026-08-13,2026-08-14 03:12:45,53,dropoff,,51.05
on trip -> DROPOFF,34390,2026-08-15,2026-08-15 19:34:00,3,dropoff,,0.6
on trip -> DROPOFF,34464,2026-08-15,2026-08-15 18:09:13,18,dropoff,,0.9
on trip -> DROPOFF,34464,2026-08-15,2026-08-15 18:24:22,9,dropoff,,7.06
on trip -> DROPOFF,34465,2026-08-18,2026-08-18 15:02:11,1,dropoff,,-0.05
on trip -> DROPOFF,34466,2026-08-21,2026-08-21 17:45:42,7,dropoff,,5.92
on trip -> DROPOFF,34487,2026-08-21,2026-08-21 19:46:22,13,dropoff,,-3.09
on trip -> DROPOFF,34487,2026-08-21,2026-08-21 20:01:31,1,dropoff,,0.06
on trip -> DROPOFF,34562,2026-08-14,2026-08-14 17:37:57,5,dropoff,,3.03
on trip -> DROPOFF,34602,2026-08-17,2026-08-17 22:34:46,4,dropoff,,3.01
on trip -> DROPOFF,34630,2026-08-17,2026-08-17 13:10:03,4,dropoff,,1.29
on trip -> DROPOFF,34632,2026-08-16,2026-08-16 12:36:27,48,dropoff,,-10.27
on trip -> DROPOFF,34632,2026-08-16,2026-08-16 13:33:53,4,dropoff,,3.17
on trip -> DROPOFF,34633,2026-08-21,2026-08-21 21:52:05,3,dropoff,,1.17
on trip -> DROPOFF,34643,2026-08-21,2026-08-21 13:02:17,15,dropoff,,-6.94
on trip -> DROPOFF,34643,2026-08-21,2026-08-21 13:23:28,2,dropoff,,1.26
on trip -> DROPOFF,34686,2026-08-18,2026-08-18 13:48:10,6,dropoff,,0.8
on trip -> DROPOFF,34686,2026-08-18,2026-08-18 13:51:12,0,dropoff,,-2.17
on trip -> DROPOFF,34708,2026-08-20,2026-08-20 22:50:14,7,dropoff,,6.27
on trip -> DROPOFF,34741,2026-08-17,2026-08-17 14:17:07,8,dropoff,,7.46
on trip -> DROPOFF,34751,2026-08-15,2026-08-16 03:23:43,4,dropoff,,3.38
on trip -> DROPOFF,34752,2026-08-19,2026-08-19 12:26:18,7,dropoff,,6.1
on trip -> DROPOFF,34825,2026-08-15,2026-08-15 18:09:13,24,dropoff,,1.89
on trip -> DROPOFF,34825,2026-08-15,2026-08-15 18:30:26,3,dropoff,,2.1
on trip -> DROPOFF,34855,2026-08-18,2026-08-18 17:35:51,1,dropoff,,0.47
on trip -> DROPOFF,34864,2026-08-21,2026-08-21 16:30:03,3,dropoff,,0.73
on trip -> DROPOFF,34868,2026-08-18,2026-08-18 21:54:19,2,dropoff,,1.43
on trip -> DROPOFF,34876,2026-08-15,2026-08-15 21:14:46,7,dropoff,,5.86
on trip -> DROPOFF,34920,2026-08-21,2026-08-21 20:46:54,6,dropoff,,5.1
on trip -> DROPOFF,34953,2026-08-17,2026-08-17 22:46:51,0,dropoff,,-0.56
on trip -> DROPOFF,35033,2026-08-21,2026-08-21 15:56:40,2,dropoff,,0.45
on trip -> DROPOFF,35044,2026-08-17,2026-08-17 21:25:13,10,dropoff,,8.67
on trip -> DROPOFF,35156,2026-08-18,2026-08-18 16:29:16,12,dropoff,,9.55
on trip -> DROPOFF,35157,2026-08-17,2026-08-17 14:50:25,6,dropoff,,5.8
on trip -> DROPOFF,35313,2026-08-21,2026-08-21 18:09:53,4,dropoff,,2.26
on trip -> DROPOFF,35470,2026-08-19,2026-08-19 19:55:04,1,dropoff,,0.33
on trip -> DROPOFF,35481,2026-08-20,2026-08-20 13:46:49,2,dropoff,,0.42
on trip -> DROPOFF,35490,2026-08-20,2026-08-20 13:01:26,19,dropoff,,1.61
on trip -> DROPOFF,35490,2026-08-20,2026-08-20 13:16:33,1,dropoff,,-1.26
on trip -> DROPOFF,35498,2026-08-19,2026-08-19 16:01:23,1,dropoff,,-0.33
on trip -> DROPOFF,35650,2026-08-20,2026-08-20 19:31:32,0,dropoff,,-2.41
on trip -> DROPOFF,35687,2026-08-20,2026-08-20 17:24:42,7,dropoff,,4.68
on trip -> DROPOFF,35785,2026-08-20,2026-08-20 23:17:28,1,dropoff,,0.95
on trip -> DROPOFF,35858,2026-08-21,2026-08-21 19:16:04,2,dropoff,,-0.4
on trip -> DROPOFF,35866,2026-08-21,2026-08-21 19:43:21,1,dropoff,,-0.26
on trip -> DROPOFF,35977,2026-08-21,2026-08-21 19:22:08,2,dropoff,,-0.53
on trip -> DROPOFF,35984,2026-08-21,2026-08-21 16:11:52,4,dropoff,,1.87
on trip -> DROPOFF,36008,2026-08-21,2026-08-21 09:01:03,6,dropoff,,3.4
on trip -> DROPOFF,36025,2026-08-21,2026-08-21 15:10:50,0,dropoff,,-2.06
on trip -> DROPOFF,36083,2026-08-21,2026-08-21 20:34:47,4,dropoff,,1.83
on trip -> DROPOFF,36102,2026-08-21,2026-08-21 21:02:02,7,dropoff,,5.47
on trip -> DROPOFF,36108,2026-08-21,2026-08-21 15:56:40,4,dropoff,,3.02
on trip -> DROPOFF,36194,2026-08-21,2026-08-21 19:31:14,2,dropoff,,-0.89
on trip -> DROPOFF,36195,2026-08-21,2026-08-21 20:22:42,0,dropoff,,-1.26
