leg_id,old,new,delta_min,reason,timestamp_utc
29274,8:45 AM,8:41 AM,-4,Flight match,2026-07-19 01:37:08
26667,9:10 AM,9:32 AM,22,Flight match,2026-07-19 01:37:08
24671,9:44 AM,9:41 AM,-3,Flight match,2026-07-19 01:37:09
23668,9:46 AM,9:51 AM,5,Flight match,2026-07-19 01:37:09
15086,12:59 PM,12:58 PM,-1,Flight match,2026-07-19 01:37:09
27583,2:25 PM,2:24 PM,-1,Flight match,2026-07-19 01:37:09
27499,3:58 PM,4:12 PM,14,Flight match,2026-07-19 01:37:09
27452,10:43 PM,11:09 AM,-694,Flight match,2026-07-19 01:37:09
27452,11:09 AM,10:43 PM,694,Flight match,2026-07-19 01:38:16
27940,7:40 AM,7:20 AM,-20,Flight match,2026-07-19 04:36:35
19524,7:45 AM,7:20 AM,-25,Flight match,2026-07-19 04:36:35
16924,8:00 AM,12:02 PM,242,Flight match,2026-07-19 04:36:35
27969,8:56 AM,8:46 AM,-10,Flight match,2026-07-19 04:36:35
17054,9:03 AM,8:31 AM,-32,Flight match,2026-07-19 04:36:36
29247,9:30 AM,8:59 AM,-31,Flight match,2026-07-19 04:36:36
26495,9:56 AM,9:46 AM,-10,Flight match,2026-07-19 04:36:36
28215,10:30 AM,10:27 AM,-3,Flight match,2026-07-19 04:36:36
26963,10:45 AM,10:20 AM,-25,Flight match,2026-07-19 04:36:36
26797,11:10 AM,11:08 AM,-2,Flight match,2026-07-19 04:36:36
24979,11:15 AM,10:54 AM,-21,Flight match,2026-07-19 04:36:36
24067,11:30 AM,11:20 AM,-10,Flight match,2026-07-19 04:36:36
28441,12:00 PM,11:54 AM,-6,Flight match,2026-07-19 04:36:36
29103,12:45 PM,12:42 PM,-3,Flight match,2026-07-19 04:36:36
19583,12:45 PM,12:02 PM,-43,Flight match,2026-07-19 04:36:36
28991,1:15 PM,1:10 PM,-5,Flight match,2026-07-19 04:36:36
25835,1:25 PM,12:55 PM,-30,Flight match,2026-07-19 04:36:36
25752,2:00 PM,1:47 PM,-13,Flight match,2026-07-19 04:36:36
28563,4:15 PM,3:10 PM,-65,Flight match,2026-07-19 04:36:36
27219,5:30 PM,5:21 PM,-9,Flight match,2026-07-19 04:36:36
28699,8:00 PM,7:14 PM,-46,Flight match,2026-07-19 04:36:36
17994,12:50 PM,11:48 AM,-62,Flight match,2026-07-19 12:18:45
24671,9:41 AM,9:16 AM,-25,Flight match,2026-07-19 12:18:48
12833,2:03 PM,2:27 PM,24,Flight match,2026-07-19 12:18:49
26667,9:32 AM,9:10 AM,-22,Flight match,2026-07-19 12:18:50
22694,1:31 PM,1:13 PM,-18,Flight match,2026-07-19 12:18:51
22475,7:23 AM,7:37 AM,14,Flight match,2026-07-19 12:18:52
26215,7:23 AM,7:37 AM,14,Flight match,2026-07-19 12:18:52
26753,7:23 AM,7:37 AM,14,Flight match,2026-07-19 12:18:52
28770,1:17 PM,1:04 PM,-13,Flight match,2026-07-19 12:18:53
28119,8:59 AM,9:09 AM,10,Flight match,2026-07-19 12:18:54
28722,8:02 AM,8:13 AM,11,Flight match,2026-07-19 12:18:56
29070,12:29 PM,12:40 PM,11,Flight match,2026-07-19 12:18:57
27353,3:00 PM,3:10 PM,10,Flight match,2026-07-19 12:18:57
28174,1:35 PM,1:26 PM,-9,Flight match,2026-07-19 12:18:59
24614,8:36 AM,8:45 AM,9,Flight match,2026-07-19 12:18:59
19704,11:19 AM,11:12 AM,-7,Flight match,2026-07-19 12:19:00
22451,11:19 AM,11:12 AM,-7,Flight match,2026-07-19 12:19:01
23822,1:28 PM,1:21 PM,-7,Flight match,2026-07-19 12:19:01
25019,3:32 PM,3:40 PM,8,Flight match,2026-07-19 12:19:02
28065,1:22 PM,1:30 PM,8,Flight match,2026-07-19 12:19:03
28166,1:44 PM,1:37 PM,-7,Flight match,2026-07-19 12:19:03
28947,1:22 PM,1:30 PM,8,Flight match,2026-07-19 12:19:04
26365,11:34 AM,11:41 AM,7,Flight match,2026-07-19 12:19:05
29164,5:12 PM,5:19 PM,7,Flight match,2026-07-19 12:19:05
29274,8:41 AM,8:34 AM,-7,Flight match,2026-07-19 12:19:06
29308,6:10 AM,5:14 AM,-56,Flight match,2026-07-19 12:19:08
28120,8:10 AM,8:14 AM,4,Flight match,2026-07-19 12:19:08
21953,9:47 AM,9:46 AM,-1,Flight match,2026-07-19 12:19:08
23668,9:51 AM,9:54 AM,3,Flight match,2026-07-19 12:19:09
27826,9:59 AM,10:02 AM,3,Flight match,2026-07-19 12:19:09
20460,10:46 AM,10:50 AM,4,Flight match,2026-07-19 12:19:09
26260,11:09 AM,11:13 AM,4,Flight match,2026-07-19 12:19:09
19369,12:24 PM,12:25 PM,1,Flight match,2026-07-19 12:19:09
22037,12:29 PM,12:31 PM,2,Flight match,2026-07-19 12:19:09
27499,4:12 PM,4:13 PM,1,Flight match,2026-07-19 12:19:09
23150,11:18 PM,11:16 PM,-2,Flight match,2026-07-19 12:19:09
23668,9:54 AM,9:47 AM,-7,Flight match,2026-07-19 14:28:56
27826,10:02 AM,10:00 AM,-2,Flight match,2026-07-19 14:28:59
20460,10:50 AM,10:45 AM,-5,Flight match,2026-07-19 14:29:06
19704,11:12 AM,11:28 AM,16,Flight match,2026-07-19 14:29:23
22451,11:12 AM,11:28 AM,16,Flight match,2026-07-19 14:29:33
26365,11:41 AM,11:38 AM,-3,Flight match,2026-07-19 14:29:39
17994,11:48 AM,12:07 PM,19,Flight match,2026-07-19 14:29:43
28366,11:54 AM,11:50 AM,-4,Flight match,2026-07-19 14:29:47
19369,12:25 PM,12:48 PM,23,Flight match,2026-07-19 14:29:50
22037,12:31 PM,12:13 PM,-18,Flight match,2026-07-19 14:30:02
29070,12:40 PM,12:31 PM,-9,Flight match,2026-07-19 14:30:05
17897,12:47 PM,12:34 PM,-13,Flight match,2026-07-19 14:30:09
15086,12:58 PM,3:36 PM,158,Flight match,2026-07-19 14:30:20
28770,1:04 PM,12:51 PM,-13,Flight match,2026-07-19 14:30:49
22694,1:13 PM,1:35 PM,22,Flight match,2026-07-19 14:30:55
28174,1:26 PM,1:29 PM,3,Flight match,2026-07-19 14:31:00
28065,1:30 PM,1:21 PM,-9,Flight match,2026-07-19 14:31:04
28947,1:30 PM,1:21 PM,-9,Flight match,2026-07-19 14:31:12
28166,1:37 PM,1:24 PM,-13,Flight match,2026-07-19 14:31:32
12833,2:27 PM,1:38 PM,-49,Flight match,2026-07-19 14:32:00
23913,4:08 PM,3:58 PM,-10,Flight match,2026-07-19 14:32:18
29164,5:19 PM,5:24 PM,5,Flight match,2026-07-19 14:32:23
23150,11:16 PM,11:18 PM,2,Flight match,2026-07-19 14:32:43
27940,7:20 AM,7:08 AM,-12,Flight match,2026-07-19 14:35:27
26365,11:38 AM,11:43 AM,5,Flight match,2026-07-19 16:09:20
25387,11:52 AM,12:09 PM,17,Flight match,2026-07-19 16:09:25
28366,12:07 PM,12:31 PM,24,Flight match,2026-07-19 16:09:29
17994,12:07 PM,12:11 PM,4,Flight match,2026-07-19 16:09:42
19704,11:28 AM,11:27 AM,-1,Flight match,2026-07-19 16:09:52
26260,11:13 AM,11:35 AM,22,Flight match,2026-07-19 16:10:00
22037,12:13 PM,12:14 PM,1,Flight match,2026-07-19 16:10:28
29070,12:31 PM,12:51 PM,20,Flight match,2026-07-19 16:10:47
17897,12:34 PM,12:26 PM,-8,Flight match,2026-07-19 16:10:51
19369,12:48 PM,12:58 PM,10,Flight match,2026-07-19 16:11:08
28770,12:51 PM,1:06 PM,15,Flight match,2026-07-19 16:11:13
23822,1:21 PM,1:38 PM,17,Flight match,2026-07-19 16:11:30
12833,1:38 PM,3:21 PM,103,Flight match,2026-07-19 16:13:24
25387,12:09 PM,12:12 PM,3,Flight match,2026-07-19 16:41:16
22037,12:14 PM,12:05 PM,-9,Flight match,2026-07-19 16:41:26
17897,12:26 PM,12:36 PM,10,Flight match,2026-07-19 16:41:32
29274,8:34 AM,8:38 AM,4,Flight match,2026-07-19 18:23:21
24614,8:45 AM,8:45 AM,0,Flight match,2026-07-19 18:23:21
28119,9:09 AM,9:07 AM,-2,Flight match,2026-07-19 18:23:21
26667,9:10 AM,9:13 AM,3,Flight match,2026-07-19 18:23:21
24671,9:16 AM,9:14 AM,-2,Flight match,2026-07-19 18:23:21
21953,9:46 AM,9:43 AM,-3,Flight match,2026-07-19 18:23:21
20460,10:45 AM,10:44 AM,-1,Flight match,2026-07-19 18:23:21
27910,10:50 AM,10:49 AM,-1,Flight match,2026-07-19 18:23:21
22451,11:28 AM,11:27 AM,-1,Flight match,2026-07-19 18:23:21
22037,12:05 PM,12:12 PM,7,Flight match,2026-07-19 18:23:22
17994,12:11 PM,12:02 PM,-9,Flight match,2026-07-19 18:23:22
28366,12:31 PM,12:30 PM,-1,Flight match,2026-07-19 18:23:22
17897,12:36 PM,12:53 PM,17,Flight match,2026-07-19 18:23:22
29070,12:51 PM,12:52 PM,1,Flight match,2026-07-19 18:23:22
19369,12:58 PM,1:01 PM,3,Flight match,2026-07-19 18:23:22
28770,1:06 PM,1:07 PM,1,Flight match,2026-07-19 18:23:22
28947,1:21 PM,1:19 PM,-2,Flight match,2026-07-19 18:23:22
28065,1:21 PM,1:19 PM,-2,Flight match,2026-07-19 18:23:22
28166,1:24 PM,1:23 PM,-1,Flight match,2026-07-19 18:23:22
28174,1:29 PM,1:26 PM,-3,Flight match,2026-07-19 18:23:22
22694,1:35 PM,1:45 PM,10,Flight match,2026-07-19 18:23:22
23822,1:38 PM,1:32 PM,-6,Flight match,2026-07-19 18:23:22
27583,2:24 PM,3:26 PM,62,Flight match,2026-07-19 18:23:22
27353,3:10 PM,3:14 PM,4,Flight match,2026-07-19 18:23:22
12833,3:21 PM,3:45 PM,24,Flight match,2026-07-19 18:23:22
15086,3:36 PM,4:07 PM,31,Flight match,2026-07-19 18:23:22
25019,3:40 PM,4:05 PM,25,Flight match,2026-07-19 18:23:22
23913,3:58 PM,3:45 PM,-13,Flight match,2026-07-19 18:23:22
27499,4:13 PM,4:07 PM,-6,Flight match,2026-07-19 18:23:22
27829,12:21 AM,12:22 AM,1,Flight match,2026-07-19 23:15:07
19524,7:20 AM,7:08 AM,-12,Flight match,2026-07-19 23:15:07
29270,7:30 AM,7:21 AM,-9,Flight match,2026-07-19 23:15:07
17054,8:31 AM,8:27 AM,-4,Flight match,2026-07-19 23:15:07
27762,8:40 AM,8:24 AM,-16,Flight match,2026-07-19 23:15:07
7191,9:00 AM,8:50 AM,-10,Flight match,2026-07-19 23:15:07
29304,9:55 AM,9:40 AM,-15,Flight match,2026-07-19 23:15:07
26963,10:20 AM,10:13 AM,-7,Flight match,2026-07-19 23:15:07
21697,10:47 AM,10:44 AM,-3,Flight match,2026-07-19 23:15:07
26111,10:49 AM,10:46 AM,-3,Flight match,2026-07-19 23:15:07
24067,11:20 AM,11:00 AM,-20,Flight match,2026-07-19 23:15:07
28441,11:54 AM,11:47 AM,-7,Flight match,2026-07-19 23:15:07
28309,12:29 PM,12:30 PM,1,Flight match,2026-07-19 23:15:07
29103,12:42 PM,12:47 PM,5,Flight match,2026-07-19 23:15:07
28281,1:10 PM,1:04 PM,-6,Flight match,2026-07-19 23:15:07
29016,1:47 PM,1:44 PM,-3,Flight match,2026-07-19 23:15:07
25752,1:47 PM,1:44 PM,-3,Flight match,2026-07-19 23:15:07
24867,2:20 PM,2:17 PM,-3,Flight match,2026-07-19 23:15:07
20464,2:55 PM,2:52 PM,-3,Flight match,2026-07-19 23:15:08
28563,3:10 PM,2:17 PM,-53,Flight match,2026-07-19 23:15:08
28038,3:51 PM,3:48 PM,-3,Flight match,2026-07-19 23:15:08
25103,4:32 PM,4:10 PM,-22,Flight match,2026-07-19 23:15:08
27219,5:21 PM,5:24 PM,3,Flight match,2026-07-19 23:15:08
27967,6:30 PM,6:27 PM,-3,Flight match,2026-07-19 23:15:08
28699,7:14 PM,6:55 PM,-19,Flight match,2026-07-19 23:15:08
27353,3:14 PM,3:24 PM,10,Flight match,2026-07-19 23:35:36
27583,3:26 PM,3:46 PM,20,Flight match,2026-07-19 23:35:36
12833,3:45 PM,4:16 PM,31,Flight match,2026-07-19 23:35:36
23913,3:45 PM,3:58 PM,13,Flight match,2026-07-19 23:35:36
25019,4:05 PM,4:37 PM,32,Flight match,2026-07-19 23:35:36
27499,4:07 PM,4:04 PM,-3,Flight match,2026-07-19 23:35:36
15086,4:07 PM,4:24 PM,17,Flight match,2026-07-19 23:35:36
29164,5:24 PM,5:32 PM,8,Flight match,2026-07-19 23:35:36
29434,7:00 PM,6:07 PM,-53,Flight match,2026-07-19 23:35:36
27452,10:43 PM,10:08 PM,-35,Flight match,2026-07-19 23:35:36
27456,10:43 PM,10:08 PM,-35,Flight match,2026-07-19 23:35:36
28699,6:55 PM,7:14 PM,19,Flight match,2026-07-20 01:12:30
27452,10:08 PM,11:08 PM,60,Flight match,2026-07-20 01:20:56
27456,10:08 PM,11:08 PM,60,Flight match,2026-07-20 01:20:56
27829,12:22 AM,12:49 AM,27,Flight match,2026-07-20 01:21:52
29286,6:20 AM,5:56 AM,-24,Flight match,2026-07-20 02:06:50
27335,9:00 AM,9:10 AM,10,Flight match,2026-07-20 02:06:50
26580,9:15 AM,9:00 AM,-15,Flight match,2026-07-20 02:06:50
28737,9:15 AM,8:25 AM,-50,Flight match,2026-07-20 02:06:50
25349,9:30 AM,9:32 AM,2,Flight match,2026-07-20 02:06:50
28233,9:45 AM,9:44 AM,-1,Flight match,2026-07-20 02:06:50
28192,10:30 AM,10:07 AM,-23,Flight match,2026-07-20 02:06:50
25861,11:15 AM,10:57 AM,-18,Flight match,2026-07-20 02:06:50
28164,12:50 PM,12:45 PM,-5,Flight match,2026-07-20 02:06:50
26967,2:00 PM,1:47 PM,-13,Flight match,2026-07-20 02:06:50
28899,9:00 PM,8:54 PM,-6,Flight match,2026-07-20 02:06:50
27452,11:08 PM,11:02 PM,-6,Flight match,2026-07-20 02:38:58
27456,11:08 PM,11:02 PM,-6,Flight match,2026-07-20 02:38:58
17054,8:27 AM,8:31 AM,4,Flight match,2026-07-20 02:39:37
24067,11:00 AM,11:20 AM,20,Flight match,2026-07-20 02:39:37
28441,11:47 AM,11:54 AM,7,Flight match,2026-07-20 02:39:37
28309,12:30 PM,12:29 PM,-1,Flight match,2026-07-20 02:39:37
22264,7:47 AM,7:42 AM,-5,Flight match,2026-07-20 02:40:43
28192,10:07 AM,10:05 AM,-2,Flight match,2026-07-20 02:40:43
25180,10:30 AM,10:27 AM,-3,Flight match,2026-07-20 02:40:43
28987,10:30 AM,10:27 AM,-3,Flight match,2026-07-20 02:40:43
25861,10:57 AM,10:49 AM,-8,Flight match,2026-07-20 02:40:43
16142,12:00 PM,11:52 AM,-8,Flight match,2026-07-20 02:40:43
29438,5:00 PM,4:46 PM,-14,Flight match,2026-07-20 03:01:57
27940,7:08 AM,7:03 AM,-5,Flight match,2026-07-20 11:26:07
29270,7:21 AM,7:17 AM,-4,Flight match,2026-07-20 11:26:07
27762,8:24 AM,8:27 AM,3,Flight match,2026-07-20 11:26:07
17054,8:31 AM,8:24 AM,-7,Flight match,2026-07-20 11:26:07
27969,8:46 AM,9:03 AM,17,Flight match,2026-07-20 11:26:07
7191,8:50 AM,8:56 AM,6,Flight match,2026-07-20 11:26:07
29247,8:59 AM,1:44 PM,285,Flight match,2026-07-20 11:26:07
29304,9:40 AM,9:52 AM,12,Flight match,2026-07-20 11:26:07
26495,9:46 AM,9:35 AM,-11,Flight match,2026-07-20 11:26:07
26963,10:13 AM,10:14 AM,1,Flight match,2026-07-20 11:26:07
28215,10:27 AM,10:16 AM,-11,Flight match,2026-07-20 11:26:07
21697,10:44 AM,10:38 AM,-6,Flight match,2026-07-20 11:26:08
26111,10:46 AM,10:51 AM,5,Flight match,2026-07-20 11:26:08
24979,10:54 AM,10:41 AM,-13,Flight match,2026-07-20 11:26:08
26797,11:08 AM,10:59 AM,-9,Flight match,2026-07-20 11:26:08
25468,11:08 AM,10:53 AM,-15,Flight match,2026-07-20 11:26:08
24067,11:20 AM,11:00 AM,-20,Flight match,2026-07-20 11:26:08
28441,11:54 AM,11:38 AM,-16,Flight match,2026-07-20 11:26:08
19583,12:02 PM,11:55 AM,-7,Flight match,2026-07-20 11:26:08
16924,12:02 PM,11:55 AM,-7,Flight match,2026-07-20 11:26:08
28309,12:29 PM,12:32 PM,3,Flight match,2026-07-20 11:26:08
25835,12:55 PM,12:38 PM,-17,Flight match,2026-07-20 11:26:08
28281,1:04 PM,1:00 PM,-4,Flight match,2026-07-20 11:26:08
24867,2:17 PM,3:03 PM,46,Flight match,2026-07-20 11:26:08
28563,2:17 PM,3:02 PM,45,Flight match,2026-07-20 11:26:08
27219,5:24 PM,5:21 PM,-3,Flight match,2026-07-20 11:26:08
7191,8:56 AM,8:57 AM,1,Flight match,2026-07-20 11:39:13
26495,9:35 AM,9:48 AM,13,Flight match,2026-07-20 11:39:13
26797,10:59 AM,10:54 AM,-5,Flight match,2026-07-20 11:39:13
29103,12:47 PM,12:22 PM,-25,Flight match,2026-07-20 11:39:13
29270,7:17 AM,7:18 AM,1,Flight match,2026-07-20 11:58:24
27969,9:03 AM,9:01 AM,-2,Flight match,2026-07-20 11:58:24
26495,9:48 AM,9:49 AM,1,Flight match,2026-07-20 11:58:24
21697,10:38 AM,10:34 AM,-4,Flight match,2026-07-20 11:58:24
26111,10:51 AM,10:43 AM,-8,Flight match,2026-07-20 11:58:24
26797,10:54 AM,10:59 AM,5,Flight match,2026-07-20 11:58:24
24067,11:00 AM,11:06 AM,6,Flight match,2026-07-20 11:58:24
29103,12:22 PM,12:47 PM,25,Flight match,2026-07-20 11:58:25
28281,1:00 PM,12:50 PM,-10,Flight match,2026-07-20 11:58:25
29016,1:44 PM,1:37 PM,-7,Flight match,2026-07-20 11:58:25
25752,1:44 PM,1:37 PM,-7,Flight match,2026-07-20 11:58:25
28563,3:02 PM,3:01 PM,-1,Flight match,2026-07-20 11:58:25
23492,3:47 PM,3:36 PM,-11,Flight match,2026-07-20 11:58:25
17054,8:24 AM,8:25 AM,1,Flight match,2026-07-20 12:45:14
27762,8:27 AM,8:29 AM,2,Flight match,2026-07-20 12:45:14
7191,8:57 AM,8:56 AM,-1,Flight match,2026-07-20 12:45:14
27969,9:01 AM,9:06 AM,5,Flight match,2026-07-20 12:45:14
26495,9:49 AM,9:39 AM,-10,Flight match,2026-07-20 12:45:14
29304,9:52 AM,9:43 AM,-9,Flight match,2026-07-20 12:45:14
26963,10:14 AM,10:21 AM,7,Flight match,2026-07-20 12:45:14
28215,10:16 AM,10:20 AM,4,Flight match,2026-07-20 12:45:14
21697,10:34 AM,10:37 AM,3,Flight match,2026-07-20 12:45:14
24979,10:41 AM,10:46 AM,5,Flight match,2026-07-20 12:45:14
26111,10:43 AM,11:20 AM,37,Flight match,2026-07-20 12:45:14
28672,11:00 AM,10:47 AM,-13,Flight match,2026-07-20 12:45:14
28281,12:50 PM,1:10 PM,20,Flight match,2026-07-20 12:45:14
29247,1:44 PM,1:31 PM,-13,Flight match,2026-07-20 12:45:14
22944,5:15 PM,4:52 PM,-23,Flight match,2026-07-20 12:45:14
7191,8:56 AM,8:59 AM,3,Flight match,2026-07-20 13:02:41
29304,9:43 AM,9:41 AM,-2,Flight match,2026-07-20 13:02:41
21697,10:37 AM,10:30 AM,-7,Flight match,2026-07-20 13:02:41
24979,10:46 AM,10:42 AM,-4,Flight match,2026-07-20 13:02:41
25468,10:53 AM,10:50 AM,-3,Flight match,2026-07-20 13:02:41
24067,11:06 AM,11:11 AM,5,Flight match,2026-07-20 13:02:42
26111,11:20 AM,11:30 AM,10,Flight match,2026-07-20 13:02:42
28441,11:38 AM,11:45 AM,7,Flight match,2026-07-20 13:02:42
28309,12:32 PM,12:34 PM,2,Flight match,2026-07-20 13:02:42
25835,12:38 PM,12:29 PM,-9,Flight match,2026-07-20 13:02:42
29103,12:47 PM,12:31 PM,-16,Flight match,2026-07-20 13:02:42
28991,1:10 PM,1:03 PM,-7,Flight match,2026-07-20 13:02:42
20464,2:52 PM,2:59 PM,7,Flight match,2026-07-20 13:02:42
28563,3:01 PM,3:00 PM,-1,Flight match,2026-07-20 13:02:42
24867,3:03 PM,3:00 PM,-3,Flight match,2026-07-20 13:02:42
21697,10:30 AM,10:29 AM,-1,Flight match,2026-07-20 13:20:59
7191,8:59 AM,9:22 AM,23,Flight match,2026-07-20 13:44:08
27969,9:06 AM,9:03 AM,-3,Flight match,2026-07-20 13:44:08
29304,9:41 AM,9:41 AM,0,Flight match,2026-07-20 13:44:08
26963,10:21 AM,10:19 AM,-2,Flight match,2026-07-20 13:44:08
21697,10:29 AM,10:30 AM,1,Flight match,2026-07-20 13:44:08
24979,10:42 AM,10:39 AM,-3,Flight match,2026-07-20 13:44:08
28672,10:47 AM,10:42 AM,-5,Flight match,2026-07-20 13:44:08
26797,10:59 AM,10:56 AM,-3,Flight match,2026-07-20 13:44:08
28441,11:45 AM,11:45 AM,0,Flight match,2026-07-20 13:44:08
19583,11:55 AM,11:54 AM,-1,Flight match,2026-07-20 13:44:08
16924,11:55 AM,11:54 AM,-1,Flight match,2026-07-20 13:44:08
25835,12:29 PM,12:41 PM,12,Flight match,2026-07-20 13:44:08
28281,1:10 PM,1:03 PM,-7,Flight match,2026-07-20 13:44:08
28563,3:00 PM,3:01 PM,1,Flight match,2026-07-20 13:44:08
26797,10:56 AM,11:31 AM,35,Flight match,2026-07-20 13:48:10
28672,10:42 AM,11:13 AM,31,Flight match,2026-07-20 13:48:15
25231,11:30 AM,10:51 AM,-39,Flight match,2026-07-20 13:48:22
25940,11:45 AM,11:15 AM,-30,Flight match,2026-07-20 13:48:27
24054,9:30 AM,8:56 AM,-34,Flight match,2026-07-20 13:48:33
28201,11:30 AM,10:49 AM,-41,Flight match,2026-07-20 13:48:38
23027,9:30 AM,8:45 AM,-45,Flight match,2026-07-20 13:48:43
27829,12:49 AM,12:06 AM,-43,Flight match,2026-07-20 13:49:01
19524,7:08 AM,7:03 AM,-5,Flight match,2026-07-20 13:55:50
7191,9:22 AM,9:25 AM,3,Flight match,2026-07-20 13:55:50
26495,9:39 AM,9:42 AM,3,Flight match,2026-07-20 13:55:50
28215,10:20 AM,10:15 AM,-5,Flight match,2026-07-20 13:55:50
26111,11:30 AM,11:22 AM,-8,Flight match,2026-07-20 13:55:50
28441,11:45 AM,11:44 AM,-1,Flight match,2026-07-20 13:55:51
29103,12:31 PM,12:30 PM,-1,Flight match,2026-07-20 13:55:51
28309,12:34 PM,12:33 PM,-1,Flight match,2026-07-20 13:55:51
29247,1:31 PM,1:29 PM,-2,Flight match,2026-07-20 13:55:51
25752,1:37 PM,1:41 PM,4,Flight match,2026-07-20 13:55:51
29016,1:37 PM,1:41 PM,4,Flight match,2026-07-20 13:55:51
20464,2:59 PM,3:04 PM,5,Flight match,2026-07-20 13:55:51
24867,3:00 PM,3:11 PM,11,Flight match,2026-07-20 13:55:51
28563,3:01 PM,3:00 PM,-1,Flight match,2026-07-20 13:55:51
23492,3:36 PM,3:47 PM,11,Flight match,2026-07-20 13:55:51
25103,4:10 PM,4:33 PM,23,Flight match,2026-07-20 13:55:51
29304,9:41 AM,9:39 AM,-2,Flight match,2026-07-20 14:59:48
28215,10:15 AM,10:17 AM,2,Flight match,2026-07-20 14:59:48
26963,10:19 AM,10:20 AM,1,Flight match,2026-07-20 14:59:48
21697,10:30 AM,10:37 AM,7,Flight match,2026-07-20 14:59:48
25468,10:50 AM,10:49 AM,-1,Flight match,2026-07-20 14:59:48
28672,11:13 AM,11:04 AM,-9,Flight match,2026-07-20 14:59:48
26111,11:22 AM,11:26 AM,4,Flight match,2026-07-20 14:59:48
26797,11:31 AM,11:24 AM,-7,Flight match,2026-07-20 14:59:48
28441,11:44 AM,11:33 AM,-11,Flight match,2026-07-20 14:59:48
19583,11:54 AM,11:59 AM,5,Flight match,2026-07-20 14:59:48
16924,11:54 AM,11:59 AM,5,Flight match,2026-07-20 14:59:48
29103,12:30 PM,12:25 PM,-5,Flight match,2026-07-20 14:59:48
28309,12:33 PM,12:22 PM,-11,Flight match,2026-07-20 14:59:48
25835,12:41 PM,12:51 PM,10,Flight match,2026-07-20 14:59:48
28991,1:03 PM,1:01 PM,-2,Flight match,2026-07-20 14:59:48
28281,1:03 PM,1:00 PM,-3,Flight match,2026-07-20 14:59:48
29247,1:29 PM,2:01 PM,32,Flight match,2026-07-20 14:59:48
25752,1:41 PM,1:38 PM,-3,Flight match,2026-07-20 14:59:48
29016,1:41 PM,1:38 PM,-3,Flight match,2026-07-20 14:59:48
28563,3:00 PM,3:02 PM,2,Flight match,2026-07-20 14:59:48
24867,3:11 PM,3:14 PM,3,Flight match,2026-07-20 14:59:48
24002,3:15 PM,3:02 PM,-13,Flight match,2026-07-20 14:59:48
23492,3:47 PM,4:27 PM,40,Flight match,2026-07-20 14:59:49
28038,3:48 PM,3:41 PM,-7,Flight match,2026-07-20 14:59:49
28699,7:14 PM,6:55 PM,-19,Flight match,2026-07-20 14:59:49
28096,12:14 AM,12:15 AM,1,Flight match,2026-07-20 15:24:50
29286,5:56 AM,5:53 AM,-3,Flight match,2026-07-20 15:24:50
27959,8:20 AM,8:07 AM,-13,Flight match,2026-07-20 15:24:50
28737,8:25 AM,8:12 AM,-13,Flight match,2026-07-20 15:24:51
26910,8:35 AM,8:24 AM,-11,Flight match,2026-07-20 15:24:51
28872,8:40 AM,8:21 AM,-19,Flight match,2026-07-20 15:24:51
26580,9:00 AM,8:49 AM,-11,Flight match,2026-07-20 15:24:51
28429,9:00 AM,9:02 AM,2,Flight match,2026-07-20 15:24:51
27320,9:00 AM,8:49 AM,-11,Flight match,2026-07-20 15:24:51
27335,9:10 AM,9:04 AM,-6,Flight match,2026-07-20 15:24:51
25349,9:32 AM,9:09 AM,-23,Flight match,2026-07-20 15:24:51
28233,9:44 AM,9:41 AM,-3,Flight match,2026-07-20 15:24:51
23938,9:50 AM,9:48 AM,-2,Flight match,2026-07-20 15:24:51
25180,10:27 AM,10:28 AM,1,Flight match,2026-07-20 15:24:51
28987,10:27 AM,10:28 AM,1,Flight match,2026-07-20 15:24:51
21353,10:49 AM,10:46 AM,-3,Flight match,2026-07-20 15:24:51
25861,10:49 AM,10:51 AM,2,Flight match,2026-07-20 15:24:51
24326,10:50 AM,10:33 AM,-17,Flight match,2026-07-20 15:24:51
29099,11:10 AM,11:04 AM,-6,Flight match,2026-07-20 15:24:51
28551,11:12 AM,11:09 AM,-3,Flight match,2026-07-20 15:24:51
28051,11:20 AM,11:09 AM,-11,Flight match,2026-07-20 15:24:51
29446,11:30 AM,11:10 AM,-20,Flight match,2026-07-20 15:24:51
28164,12:45 PM,12:35 PM,-10,Flight match,2026-07-20 15:24:51
26967,1:47 PM,1:44 PM,-3,Flight match,2026-07-20 15:24:51
22630,2:03 PM,2:06 PM,3,Flight match,2026-07-20 15:24:51
24411,2:34 PM,2:24 PM,-10,Flight match,2026-07-20 15:24:51
29438,4:46 PM,4:35 PM,-11,Flight match,2026-07-20 15:24:51
28672,11:04 AM,11:04 AM,0,Flight match,2026-07-20 15:29:37
24067,11:11 AM,11:10 AM,-1,Flight match,2026-07-20 15:29:37
26797,11:24 AM,11:20 AM,-4,Flight match,2026-07-20 15:29:38
26111,11:26 AM,11:20 AM,-6,Flight match,2026-07-20 15:29:38
28441,11:33 AM,11:31 AM,-2,Flight match,2026-07-20 15:29:38
28281,1:00 PM,1:02 PM,2,Flight match,2026-07-20 15:29:38
28991,1:01 PM,1:03 PM,2,Flight match,2026-07-20 15:29:38
25752,1:38 PM,2:09 PM,31,Flight match,2026-07-20 15:29:38
29016,1:38 PM,2:09 PM,31,Flight match,2026-07-20 15:29:38
20464,3:04 PM,3:01 PM,-3,Flight match,2026-07-20 15:29:38
24867,3:14 PM,2:56 PM,-18,Flight match,2026-07-20 15:29:38
22944,4:52 PM,6:45 PM,113,Flight match,2026-07-20 15:29:38
26797,11:20 AM,11:23 AM,3,Flight match,2026-07-20 15:47:59
28563,3:02 PM,3:03 PM,1,Flight match,2026-07-20 15:47:59
24067,11:10 AM,11:07 AM,-3,Flight match,2026-07-20 16:29:47
28441,11:31 AM,11:40 AM,9,Flight match,2026-07-20 16:29:47
19583,11:59 AM,11:53 AM,-6,Flight match,2026-07-20 16:29:47
16924,11:59 AM,11:53 AM,-6,Flight match,2026-07-20 16:29:47
28309,12:22 PM,12:35 PM,13,Flight match,2026-07-20 16:29:47
29103,12:25 PM,12:26 PM,1,Flight match,2026-07-20 16:29:47
28991,1:03 PM,1:25 PM,22,Flight match,2026-07-20 16:29:47
29247,2:01 PM,2:18 PM,17,Flight match,2026-07-20 16:29:47
25752,2:09 PM,2:13 PM,4,Flight match,2026-07-20 16:29:47
29016,2:09 PM,2:13 PM,4,Flight match,2026-07-20 16:29:47
24867,2:56 PM,2:49 PM,-7,Flight match,2026-07-20 16:29:47
24002,3:02 PM,3:19 PM,17,Flight match,2026-07-20 16:29:47
28563,3:03 PM,3:02 PM,-1,Flight match,2026-07-20 16:29:47
28038,3:41 PM,3:34 PM,-7,Flight match,2026-07-20 16:29:47
23492,4:27 PM,4:46 PM,19,Flight match,2026-07-20 16:29:47
27219,5:21 PM,5:24 PM,3,Flight match,2026-07-20 16:29:47
27967,6:27 PM,6:35 PM,8,Flight match,2026-07-20 16:29:48
29099,11:04 AM,11:04 AM,0,Flight match,2026-07-20 16:52:56
29103,12:26 PM,12:24 PM,-2,Flight match,2026-07-20 17:06:58
28309,12:35 PM,12:31 PM,-4,Flight match,2026-07-20 17:06:58
25835,12:51 PM,1:00 PM,9,Flight match,2026-07-20 17:06:58
28281,1:02 PM,1:03 PM,1,Flight match,2026-07-20 17:06:58
28991,1:25 PM,1:22 PM,-3,Flight match,2026-07-20 17:06:58
25752,2:13 PM,2:06 PM,-7,Flight match,2026-07-20 17:06:58
29016,2:13 PM,2:06 PM,-7,Flight match,2026-07-20 17:06:58
24867,2:49 PM,3:27 PM,38,Flight match,2026-07-20 17:06:58
20464,3:01 PM,3:16 PM,15,Flight match,2026-07-20 17:06:58
28563,3:02 PM,3:03 PM,1,Flight match,2026-07-20 17:06:58
24002,3:19 PM,3:24 PM,5,Flight match,2026-07-20 17:06:58
28038,3:34 PM,3:37 PM,3,Flight match,2026-07-20 17:06:59
23492,4:46 PM,4:35 PM,-11,Flight match,2026-07-20 17:06:59
27219,5:24 PM,5:30 PM,6,Flight match,2026-07-20 17:06:59
22944,6:45 PM,7:06 PM,21,Flight match,2026-07-20 17:06:59
28699,6:55 PM,7:43 PM,48,Flight match,2026-07-20 17:07:00
28281,1:03 PM,1:02 PM,-1,Flight match,2026-07-20 18:25:30
25752,2:06 PM,2:03 PM,-3,Flight match,2026-07-20 18:25:30
29016,2:06 PM,2:03 PM,-3,Flight match,2026-07-20 18:25:30
20464,3:16 PM,2:52 PM,-24,Flight match,2026-07-20 18:25:30
24002,3:24 PM,3:34 PM,10,Flight match,2026-07-20 18:25:30
24867,3:27 PM,3:17 PM,-10,Flight match,2026-07-20 18:25:30
28038,3:37 PM,3:48 PM,11,Flight match,2026-07-20 18:25:30
23492,4:35 PM,4:42 PM,7,Flight match,2026-07-20 18:25:30
27219,5:30 PM,5:47 PM,17,Flight match,2026-07-20 18:25:30
27967,6:35 PM,6:36 PM,1,Flight match,2026-07-20 18:25:30
22944,7:06 PM,7:21 PM,15,Flight match,2026-07-20 18:25:30
25752,2:03 PM,2:01 PM,-2,Flight match,2026-07-20 18:51:11
29016,2:03 PM,2:01 PM,-2,Flight match,2026-07-20 18:51:11
29247,2:18 PM,2:26 PM,8,Flight match,2026-07-20 18:51:11
24002,3:34 PM,3:48 PM,14,Flight match,2026-07-20 18:51:11
28038,3:48 PM,3:42 PM,-6,Flight match,2026-07-20 18:51:11
23492,4:42 PM,5:14 PM,32,Flight match,2026-07-20 18:51:11
22944,7:21 PM,6:53 PM,-28,Flight match,2026-07-20 18:51:12
28699,7:43 PM,7:18 PM,-25,Flight match,2026-07-20 18:51:12
20464,2:52 PM,3:00 PM,8,Flight match,2026-07-20 19:22:25
28563,3:03 PM,3:05 PM,2,Flight match,2026-07-20 19:22:25
24867,3:17 PM,3:40 PM,23,Flight match,2026-07-20 19:22:25
24002,3:48 PM,3:54 PM,6,Flight match,2026-07-20 19:22:25
25103,4:33 PM,4:38 PM,5,Flight match,2026-07-20 19:22:25
27219,5:47 PM,5:26 PM,-21,Flight match,2026-07-20 19:22:25
27967,6:36 PM,9:57 PM,201,Flight match,2026-07-20 19:22:25
22944,6:53 PM,6:54 PM,1,Flight match,2026-07-20 19:22:25
28699,7:18 PM,7:58 PM,40,Flight match,2026-07-20 19:22:26
24867,3:40 PM,3:40 PM,0,Flight match,2026-07-20 20:12:24
28038,3:42 PM,4:06 PM,24,Flight match,2026-07-20 20:12:24
24002,3:54 PM,3:56 PM,2,Flight match,2026-07-20 20:12:24
25103,4:38 PM,4:47 PM,9,Flight match,2026-07-20 20:12:24
23492,5:14 PM,5:57 PM,43,Flight match,2026-07-20 20:12:24
27219,5:26 PM,5:33 PM,7,Flight match,2026-07-20 20:12:24
22944,6:54 PM,7:07 PM,13,Flight match,2026-07-20 20:12:24
28699,7:58 PM,7:20 PM,-38,Flight match,2026-07-20 20:12:24
27967,9:57 PM,8:24 PM,-93,Flight match,2026-07-20 20:12:24
25103,4:47 PM,4:45 PM,-2,Flight match,2026-07-20 20:28:20
27219,5:33 PM,5:48 PM,15,Flight match,2026-07-20 20:28:20
23492,5:57 PM,6:01 PM,4,Flight match,2026-07-20 20:28:20
25103,4:45 PM,5:11 PM,26,Flight match,2026-07-20 21:14:15
27219,5:48 PM,5:42 PM,-6,Flight match,2026-07-20 21:14:15
23492,6:01 PM,6:00 PM,-1,Flight match,2026-07-20 21:14:15
22944,7:07 PM,7:08 PM,1,Flight match,2026-07-20 21:14:15
28699,7:20 PM,7:59 PM,39,Flight match,2026-07-20 21:14:15
27967,8:24 PM,8:40 PM,16,Flight match,2026-07-20 21:14:15
28454,8:20 PM,6:58 PM,-82,Flight match,2026-07-20 21:53:22
28899,6:57 PM,8:54 PM,117,Flight match,2026-07-20 21:53:27
27219,5:42 PM,5:54 PM,12,Flight match,2026-07-20 22:20:00
23492,6:00 PM,5:57 PM,-3,Flight match,2026-07-20 22:20:01
28699,7:59 PM,8:33 PM,34,Flight match,2026-07-20 22:20:01
27967,8:40 PM,8:57 PM,17,Flight match,2026-07-20 22:20:01
29536,8:40 AM,8:21 AM,-19,Flight match,2026-07-20 23:01:23
23938,9:48 AM,9:47 AM,-1,Flight match,2026-07-20 23:01:23
25180,10:28 AM,10:27 AM,-1,Flight match,2026-07-20 23:01:23
28987,10:28 AM,10:27 AM,-1,Flight match,2026-07-20 23:01:23
29455,10:30 AM,10:27 AM,-3,Flight match,2026-07-20 23:01:23
23811,10:34 AM,10:37 AM,3,Flight match,2026-07-20 23:01:23
25861,10:51 AM,10:49 AM,-2,Flight match,2026-07-20 23:01:24
28077,12:54 PM,12:58 PM,4,Flight match,2026-07-20 23:01:24
28538,1:15 PM,12:57 PM,-18,Flight match,2026-07-20 23:01:24
28826,3:05 PM,2:52 PM,-13,Flight match,2026-07-20 23:01:24
29093,4:55 PM,4:27 PM,-28,Flight match,2026-07-20 23:01:24
28899,8:54 PM,6:54 PM,-120,Flight match,2026-07-20 23:01:24
29286,5:53 AM,6:00 AM,7,Flight match,2026-07-20 23:40:23
23811,10:37 AM,10:34 AM,-3,Flight match,2026-07-20 23:40:23
22944,7:08 PM,7:02 PM,-6,Flight match,2026-07-20 23:43:32
28699,8:33 PM,8:27 PM,-6,Flight match,2026-07-20 23:43:32
27967,8:57 PM,8:45 PM,-12,Flight match,2026-07-20 23:43:32
23718,7:47 AM,7:43 AM,-4,Flight match,2026-07-21 02:04:07
24054,8:56 AM,8:46 AM,-10,Flight match,2026-07-21 02:04:07
26018,9:00 AM,8:59 AM,-1,Flight match,2026-07-21 02:04:07
25944,9:40 AM,9:37 AM,-3,Flight match,2026-07-21 02:04:07
17584,9:55 AM,9:50 AM,-5,Flight match,2026-07-21 02:04:07
27738,10:00 AM,8:31 AM,-89,Flight match,2026-07-21 02:04:07
29331,10:30 AM,10:40 AM,10,Flight match,2026-07-21 02:04:07
29612,10:30 AM,10:27 AM,-3,Flight match,2026-07-21 02:04:07
29224,10:57 AM,10:48 AM,-9,Flight match,2026-07-21 02:04:08
25499,11:00 AM,10:50 AM,-10,Flight match,2026-07-21 02:04:08
29628,1:00 PM,12:42 PM,-18,Flight match,2026-07-21 02:04:08
27569,4:15 PM,3:47 PM,-28,Flight match,2026-07-21 02:04:08
25866,8:00 PM,7:59 PM,-1,Flight match,2026-07-21 02:04:08
29286,6:00 AM,3:58 PM,598,Flight match,2026-07-21 04:40:58
29455,10:27 AM,10:30 AM,3,Flight match,2026-07-21 04:40:58
23811,10:34 AM,10:37 AM,3,Flight match,2026-07-21 04:40:58
29664,9:05 PM,9:02 PM,-3,Flight match,2026-07-21 04:40:58
29286,3:58 PM,4:21 PM,23,Flight match,2026-07-21 11:27:16
28096,12:15 AM,12:29 AM,14,Flight match,2026-07-21 11:27:24
22264,7:42 AM,7:26 AM,-16,Flight match,2026-07-21 11:27:24
27959,8:07 AM,8:23 AM,16,Flight match,2026-07-21 11:27:24
28737,8:12 AM,8:16 AM,4,Flight match,2026-07-21 11:27:24
29536,8:21 AM,8:28 AM,7,Flight match,2026-07-21 11:27:24
28872,8:21 AM,8:28 AM,7,Flight match,2026-07-21 11:27:24
26910,8:24 AM,8:25 AM,1,Flight match,2026-07-21 11:27:24
26580,8:49 AM,8:48 AM,-1,Flight match,2026-07-21 11:27:24
27320,8:49 AM,8:48 AM,-1,Flight match,2026-07-21 11:27:24
28429,9:02 AM,8:47 AM,-15,Flight match,2026-07-21 11:27:24
27335,9:04 AM,9:06 AM,2,Flight match,2026-07-21 11:27:24
25349,9:09 AM,9:11 AM,2,Flight match,2026-07-21 11:27:24
28233,9:41 AM,9:25 AM,-16,Flight match,2026-07-21 11:27:24
23938,9:47 AM,10:14 AM,27,Flight match,2026-07-21 11:27:24
28192,10:05 AM,9:53 AM,-12,Flight match,2026-07-21 11:27:24
25180,10:27 AM,10:23 AM,-4,Flight match,2026-07-21 11:27:24
28987,10:27 AM,10:23 AM,-4,Flight match,2026-07-21 11:27:25
29455,10:30 AM,10:17 AM,-13,Flight match,2026-07-21 11:27:25
24326,10:33 AM,10:35 AM,2,Flight match,2026-07-21 11:27:25
23811,10:37 AM,10:18 AM,-19,Flight match,2026-07-21 11:27:25
21353,10:46 AM,11:08 AM,22,Flight match,2026-07-21 11:27:25
29099,11:04 AM,11:08 AM,4,Flight match,2026-07-21 11:27:25
28551,11:09 AM,10:49 AM,-20,Flight match,2026-07-21 11:27:25
28051,11:09 AM,11:19 AM,10,Flight match,2026-07-21 11:27:25
29446,11:10 AM,11:21 AM,11,Flight match,2026-07-21 11:27:25
28164,12:35 PM,1:10 PM,35,Flight match,2026-07-21 11:27:25
28538,12:57 PM,1:05 PM,8,Flight match,2026-07-21 11:27:25
28077,12:58 PM,12:34 PM,-24,Flight match,2026-07-21 11:27:25
28826,2:52 PM,3:05 PM,13,Flight match,2026-07-21 11:27:25
29093,4:27 PM,4:55 PM,28,Flight match,2026-07-21 11:27:25
29438,4:35 PM,4:50 PM,15,Flight match,2026-07-21 11:27:25
28737,8:16 AM,8:15 AM,-1,Flight match,2026-07-21 11:58:05
27959,8:23 AM,8:23 AM,0,Flight match,2026-07-21 11:58:05
26910,8:25 AM,8:27 AM,2,Flight match,2026-07-21 11:58:05
29536,8:28 AM,8:27 AM,-1,Flight match,2026-07-21 11:58:05
28872,8:28 AM,8:27 AM,-1,Flight match,2026-07-21 11:58:05
28429,8:47 AM,8:45 AM,-2,Flight match,2026-07-21 11:58:05
26580,8:48 AM,8:51 AM,3,Flight match,2026-07-21 11:58:05
27320,8:48 AM,8:51 AM,3,Flight match,2026-07-21 11:58:05
28233,9:25 AM,9:15 AM,-10,Flight match,2026-07-21 11:58:05
23938,10:14 AM,10:13 AM,-1,Flight match,2026-07-21 11:58:05
29455,10:17 AM,9:58 AM,-19,Flight match,2026-07-21 11:58:05
23811,10:18 AM,10:07 AM,-11,Flight match,2026-07-21 11:58:05
25180,10:23 AM,10:18 AM,-5,Flight match,2026-07-21 11:58:05
28987,10:23 AM,10:18 AM,-5,Flight match,2026-07-21 11:58:05
24326,10:35 AM,10:34 AM,-1,Flight match,2026-07-21 11:58:05
21353,11:08 AM,11:00 AM,-8,Flight match,2026-07-21 11:58:05
28538,1:05 PM,1:15 PM,10,Flight match,2026-07-21 11:58:05
26967,1:44 PM,1:37 PM,-7,Flight match,2026-07-21 11:58:05
22630,2:06 PM,2:03 PM,-3,Flight match,2026-07-21 11:58:05
24326,10:34 AM,10:35 AM,1,Flight match,2026-07-21 12:17:13
28737,8:15 AM,8:16 AM,1,Flight match,2026-07-21 12:40:08
27959,8:23 AM,8:28 AM,5,Flight match,2026-07-21 12:40:08
29536,8:27 AM,8:29 AM,2,Flight match,2026-07-21 12:40:08
28872,8:27 AM,8:29 AM,2,Flight match,2026-07-21 12:40:08
26910,8:27 AM,8:28 AM,1,Flight match,2026-07-21 12:40:09
28429,8:45 AM,8:45 AM,0,Flight match,2026-07-21 12:40:09
26580,8:51 AM,8:50 AM,-1,Flight match,2026-07-21 12:40:10
27320,8:51 AM,8:50 AM,-1,Flight match,2026-07-21 12:40:10
27335,9:06 AM,9:04 AM,-2,Flight match,2026-07-21 12:40:10
23811,10:07 AM,10:01 AM,-6,Flight match,2026-07-21 12:40:10
23938,10:13 AM,9:50 AM,-23,Flight match,2026-07-21 12:40:10
25180,10:18 AM,10:23 AM,5,Flight match,2026-07-21 12:40:10
28987,10:18 AM,10:23 AM,5,Flight match,2026-07-21 12:40:10
24326,10:35 AM,10:39 AM,4,Flight match,2026-07-21 12:40:10
25861,10:49 AM,10:48 AM,-1,Flight match,2026-07-21 12:40:10
28551,10:49 AM,10:54 AM,5,Flight match,2026-07-21 12:40:10
21353,11:00 AM,11:46 AM,46,Flight match,2026-07-21 12:40:10
29446,11:21 AM,11:15 AM,-6,Flight match,2026-07-21 12:40:10
22630,2:03 PM,2:06 PM,3,Flight match,2026-07-21 12:40:10
29286,4:21 PM,4:17 PM,-4,Flight match,2026-07-21 12:40:10
26160,5:56 AM,5:53 AM,-3,Flight match,2026-07-21 12:41:40
23718,7:43 AM,7:45 AM,2,Flight match,2026-07-21 12:41:40
26461,8:05 AM,8:00 AM,-5,Flight match,2026-07-21 12:41:40
27899,8:20 AM,8:08 AM,-12,Flight match,2026-07-21 12:41:40
24519,8:20 AM,8:08 AM,-12,Flight match,2026-07-21 12:41:40
27738,8:31 AM,8:20 AM,-11,Flight match,2026-07-21 12:41:40
23027,8:45 AM,8:28 AM,-17,Flight match,2026-07-21 12:41:40
24054,8:46 AM,8:47 AM,1,Flight match,2026-07-21 12:41:40
28447,8:50 AM,8:39 AM,-11,Flight match,2026-07-21 12:41:40
26018,8:59 AM,8:43 AM,-16,Flight match,2026-07-21 12:41:40
25395,9:10 AM,8:40 AM,-30,Flight match,2026-07-21 12:41:40
25944,9:37 AM,9:38 AM,1,Flight match,2026-07-21 12:41:40
17584,9:50 AM,9:32 AM,-18,Flight match,2026-07-21 12:41:40
29612,10:27 AM,10:28 AM,1,Flight match,2026-07-21 12:41:40
29331,10:40 AM,10:31 AM,-9,Flight match,2026-07-21 12:41:40
28201,10:49 AM,10:46 AM,-3,Flight match,2026-07-21 12:41:40
25499,10:50 AM,10:34 AM,-16,Flight match,2026-07-21 12:41:40
28345,10:50 AM,10:27 AM,-23,Flight match,2026-07-21 12:41:41
25231,10:51 AM,10:54 AM,3,Flight match,2026-07-21 12:41:41
25054,11:12 AM,10:55 AM,-17,Flight match,2026-07-21 12:41:41
25940,11:15 AM,11:04 AM,-11,Flight match,2026-07-21 12:41:41
27056,11:35 AM,11:14 AM,-21,Flight match,2026-07-21 12:41:41
29536,8:29 AM,8:40 AM,11,Flight match,2026-07-21 12:47:55
28429,8:45 AM,8:46 AM,1,Flight match,2026-07-21 12:47:55
25861,10:48 AM,10:45 AM,-3,Flight match,2026-07-21 12:47:55
28429,8:46 AM,8:52 AM,6,Flight match,2026-07-21 12:55:06
26910,8:28 AM,8:33 AM,5,Flight match,2026-07-21 13:20:24
28872,8:29 AM,8:51 AM,22,Flight match,2026-07-21 13:20:24
29536,8:40 AM,8:51 AM,11,Flight match,2026-07-21 13:20:24
27320,8:50 AM,8:56 AM,6,Flight match,2026-07-21 13:20:24
26580,8:50 AM,8:56 AM,6,Flight match,2026-07-21 13:20:24
27335,9:04 AM,9:03 AM,-1,Flight match,2026-07-21 13:20:24
28233,9:15 AM,9:11 AM,-4,Flight match,2026-07-21 13:20:24
23938,9:50 AM,9:50 AM,0,Flight match,2026-07-21 13:20:24
28192,9:53 AM,9:49 AM,-4,Flight match,2026-07-21 13:20:24
25180,10:23 AM,10:29 AM,6,Flight match,2026-07-21 13:20:24
28987,10:23 AM,10:29 AM,6,Flight match,2026-07-21 13:20:24
25861,10:45 AM,10:44 AM,-1,Flight match,2026-07-21 13:20:24
28551,10:54 AM,10:51 AM,-3,Flight match,2026-07-21 13:20:24
29099,11:08 AM,11:11 AM,3,Flight match,2026-07-21 13:20:25
29446,11:15 AM,11:10 AM,-5,Flight match,2026-07-21 13:20:25
28051,11:19 AM,11:15 AM,-4,Flight match,2026-07-21 13:20:25
21353,11:46 AM,11:36 AM,-10,Flight match,2026-07-21 13:20:25
28538,1:15 PM,1:04 PM,-11,Flight match,2026-07-21 13:20:25
28164,1:10 PM,12:56 PM,-14,Flight match,2026-07-21 13:26:29
27335,9:03 AM,9:19 AM,16,Flight match,2026-07-21 13:26:40
25349,9:11 AM,9:12 AM,1,Flight match,2026-07-21 13:26:41
23938,9:50 AM,9:51 AM,1,Flight match,2026-07-21 13:26:41
25861,10:44 AM,10:45 AM,1,Flight match,2026-07-21 13:26:41
28551,10:51 AM,10:44 AM,-7,Flight match,2026-07-21 13:26:41
29446,11:10 AM,11:12 AM,2,Flight match,2026-07-21 13:26:41
29099,11:11 AM,11:14 AM,3,Flight match,2026-07-21 13:26:41
21353,11:36 AM,11:52 AM,16,Flight match,2026-07-21 13:26:41
26967,1:37 PM,1:44 PM,7,Flight match,2026-07-21 13:26:41
28826,3:05 PM,2:55 PM,-10,Flight match,2026-07-21 13:26:41
28233,9:11 AM,9:09 AM,-2,Flight match,2026-07-21 13:57:28
25349,9:12 AM,9:19 AM,7,Flight match,2026-07-21 13:57:28
23938,9:51 AM,9:52 AM,1,Flight match,2026-07-21 13:57:29
29455,9:58 AM,9:54 AM,-4,Flight match,2026-07-21 13:57:29
25180,10:29 AM,10:25 AM,-4,Flight match,2026-07-21 13:57:29
28987,10:29 AM,10:25 AM,-4,Flight match,2026-07-21 13:57:29
24326,10:39 AM,10:38 AM,-1,Flight match,2026-07-21 13:57:29
25861,10:45 AM,10:42 AM,-3,Flight match,2026-07-21 13:57:29
29099,11:14 AM,11:12 AM,-2,Flight match,2026-07-21 13:57:29
28051,11:15 AM,11:14 AM,-1,Flight match,2026-07-21 13:57:29
21353,11:52 AM,11:31 AM,-21,Flight match,2026-07-21 13:57:29
26967,1:44 PM,1:33 PM,-11,Flight match,2026-07-21 13:57:29
22630,2:06 PM,1:44 PM,-22,Flight match,2026-07-21 13:57:29
28826,2:55 PM,2:45 PM,-10,Flight match,2026-07-21 13:57:29
23938,9:52 AM,9:48 AM,-4,Flight match,2026-07-21 14:04:52
23811,10:01 AM,10:03 AM,2,Flight match,2026-07-21 14:04:52
25861,10:42 AM,10:38 AM,-4,Flight match,2026-07-21 14:04:52
16142,11:52 AM,11:44 AM,-8,Flight match,2026-07-21 14:04:52
28077,12:34 PM,12:36 PM,2,Flight match,2026-07-21 14:04:52
28164,12:56 PM,12:55 PM,-1,Flight match,2026-07-21 14:04:52
28538,1:04 PM,1:02 PM,-2,Flight match,2026-07-21 14:04:52
26967,1:33 PM,1:22 PM,-11,Flight match,2026-07-21 14:04:52
28826,2:45 PM,3:05 PM,20,Flight match,2026-07-21 14:04:53
28096,12:29 AM,12:06 AM,-23,Flight match,2026-07-21 14:11:31
28192,9:49 AM,9:51 AM,2,Flight match,2026-07-21 14:55:24
24326,10:38 AM,10:39 AM,1,Flight match,2026-07-21 14:55:24
25861,10:38 AM,10:39 AM,1,Flight match,2026-07-21 14:55:24
29446,11:12 AM,11:13 AM,1,Flight match,2026-07-21 14:55:24
29099,11:12 AM,11:13 AM,1,Flight match,2026-07-21 14:55:24
28051,11:14 AM,11:15 AM,1,Flight match,2026-07-21 14:55:24
21353,11:31 AM,11:36 AM,5,Flight match,2026-07-21 14:55:24
28077,12:36 PM,12:39 PM,3,Flight match,2026-07-21 14:55:24
28164,12:55 PM,12:17 PM,-38,Flight match,2026-07-21 14:55:24
26967,1:22 PM,1:33 PM,11,Flight match,2026-07-21 14:55:24
28265,3:37 PM,3:38 PM,1,Flight match,2026-07-21 14:55:24
29455,9:54 AM,9:56 AM,2,Flight match,2026-07-21 15:00:45
23811,10:03 AM,10:07 AM,4,Flight match,2026-07-21 15:00:45
25180,10:25 AM,10:21 AM,-4,Flight match,2026-07-21 15:00:45
28987,10:25 AM,10:21 AM,-4,Flight match,2026-07-21 15:00:45
25861,10:39 AM,10:42 AM,3,Flight match,2026-07-21 15:00:45
24326,10:39 AM,10:42 AM,3,Flight match,2026-07-21 15:00:45
28551,10:44 AM,10:42 AM,-2,Flight match,2026-07-21 15:00:45
29446,11:13 AM,11:12 AM,-1,Flight match,2026-07-21 15:00:45
29099,11:13 AM,11:14 AM,1,Flight match,2026-07-21 15:00:45
28051,11:15 AM,11:16 AM,1,Flight match,2026-07-21 15:00:46
21353,11:36 AM,11:25 AM,-11,Flight match,2026-07-21 15:00:46
16142,11:44 AM,11:53 AM,9,Flight match,2026-07-21 15:00:46
28164,12:17 PM,12:36 PM,19,Flight match,2026-07-21 15:00:46
28077,12:39 PM,1:24 PM,45,Flight match,2026-07-21 15:00:46
28538,1:02 PM,1:01 PM,-1,Flight match,2026-07-21 15:00:46
28826,3:05 PM,2:55 PM,-10,Flight match,2026-07-21 15:00:46
29286,4:17 PM,4:45 PM,28,Flight match,2026-07-21 15:00:46
29438,4:50 PM,5:17 PM,27,Flight match,2026-07-21 15:00:46
28551,10:42 AM,10:43 AM,1,Flight match,2026-07-21 15:20:35
29446,11:12 AM,11:14 AM,2,Flight match,2026-07-21 15:20:35
29099,11:14 AM,11:18 AM,4,Flight match,2026-07-21 15:20:35
28051,11:16 AM,11:21 AM,5,Flight match,2026-07-21 15:20:35
21353,11:25 AM,11:27 AM,2,Flight match,2026-07-21 15:20:36
16142,11:53 AM,11:50 AM,-3,Flight match,2026-07-21 15:20:36
28164,12:36 PM,12:33 PM,-3,Flight match,2026-07-21 15:20:36
28538,1:01 PM,1:01 PM,0,Flight match,2026-07-21 15:20:36
28077,1:24 PM,1:48 PM,24,Flight match,2026-07-21 15:20:36
26967,1:33 PM,1:38 PM,5,Flight match,2026-07-21 15:20:36
22630,1:44 PM,1:41 PM,-3,Flight match,2026-07-21 15:20:36
28826,2:55 PM,2:54 PM,-1,Flight match,2026-07-21 15:20:36
29446,11:14 AM,11:18 AM,4,Flight match,2026-07-21 15:33:46
28051,11:21 AM,11:26 AM,5,Flight match,2026-07-21 15:33:46
28164,12:33 PM,12:36 PM,3,Flight match,2026-07-21 15:33:46
22630,1:41 PM,1:56 PM,15,Flight match,2026-07-21 15:33:46
28077,1:48 PM,1:58 PM,10,Flight match,2026-07-21 15:33:46
24411,2:24 PM,2:20 PM,-4,Flight match,2026-07-21 15:33:46
21353,11:27 AM,11:30 AM,3,Flight match,2026-07-21 15:58:12
28164,12:36 PM,12:36 PM,0,Flight match,2026-07-21 15:58:12
26967,1:38 PM,2:38 PM,60,Flight match,2026-07-21 15:58:12
22630,1:56 PM,2:11 PM,15,Flight match,2026-07-21 15:58:12
28077,1:58 PM,2:25 PM,27,Flight match,2026-07-21 15:58:12
29286,4:45 PM,4:42 PM,-3,Flight match,2026-07-21 15:58:12
22630,2:11 PM,2:26 PM,15,Flight match,2026-07-21 16:07:00
16142,11:50 AM,11:54 AM,4,Flight match,2026-07-21 16:16:07
28164,12:36 PM,12:34 PM,-2,Flight match,2026-07-21 16:16:07
28538,1:01 PM,1:02 PM,1,Flight match,2026-07-21 16:16:07
24411,2:20 PM,2:16 PM,-4,Flight match,2026-07-21 16:16:07
22630,2:26 PM,2:41 PM,15,Flight match,2026-07-21 16:16:07
26967,2:38 PM,2:15 PM,-23,Flight match,2026-07-21 16:16:07
29093,4:55 PM,4:36 PM,-19,Flight match,2026-07-21 16:16:08
29664,9:02 PM,9:25 PM,23,Flight match,2026-07-21 16:16:08
24411,2:16 PM,2:20 PM,4,Flight match,2026-07-21 16:21:25
28077,2:25 PM,2:43 PM,18,Flight match,2026-07-21 16:21:25
29664,9:25 PM,9:22 PM,-3,Flight match,2026-07-21 16:21:25
24988,8:15 PM,7:45 PM,-30,Flight match,2026-07-21 16:29:29
29388,5:00 PM,4:20 PM,-40,Flight match,2026-07-21 16:29:35
28164,12:34 PM,12:36 PM,2,Flight match,2026-07-21 16:44:19
24411,2:20 PM,2:18 PM,-2,Flight match,2026-07-21 16:44:19
22630,2:41 PM,2:56 PM,15,Flight match,2026-07-21 16:44:20
28164,12:36 PM,12:35 PM,-1,Flight match,2026-07-21 17:18:36
28538,1:02 PM,1:08 PM,6,Flight match,2026-07-21 17:18:36
26967,2:15 PM,2:16 PM,1,Flight match,2026-07-21 17:18:36
24411,2:18 PM,2:17 PM,-1,Flight match,2026-07-21 17:18:36
28077,2:43 PM,2:36 PM,-7,Flight match,2026-07-21 17:18:36
28826,2:54 PM,2:48 PM,-6,Flight match,2026-07-21 17:18:36
22630,2:56 PM,4:44 PM,108,Flight match,2026-07-21 17:18:36
28265,3:38 PM,3:23 PM,-15,Flight match,2026-07-21 17:18:36
29438,5:17 PM,5:05 PM,-12,Flight match,2026-07-21 17:18:36
29664,9:22 PM,9:25 PM,3,Flight match,2026-07-21 17:18:36
22630,4:44 PM,3:38 PM,-66,Flight match,2026-07-21 17:22:36
29438,5:05 PM,5:09 PM,4,Flight match,2026-07-21 17:22:36
28077,2:36 PM,2:41 PM,5,Flight match,2026-07-21 17:27:08
29286,4:42 PM,4:41 PM,-1,Flight match,2026-07-21 17:27:09
24411,2:17 PM,2:14 PM,-3,Flight match,2026-07-21 17:48:45
28826,2:48 PM,2:50 PM,2,Flight match,2026-07-21 17:48:45
28265,3:23 PM,3:16 PM,-7,Flight match,2026-07-21 17:48:45
22630,3:38 PM,4:20 PM,42,Flight match,2026-07-21 17:48:45
29093,4:36 PM,4:34 PM,-2,Flight match,2026-07-21 17:48:45
28265,3:16 PM,3:24 PM,8,Flight match,2026-07-21 17:52:20
26967,2:16 PM,2:17 PM,1,Flight match,2026-07-21 18:26:25
28826,2:50 PM,2:49 PM,-1,Flight match,2026-07-21 18:26:25
28265,3:24 PM,3:25 PM,1,Flight match,2026-07-21 18:26:25
22630,4:20 PM,4:00 PM,-20,Flight match,2026-07-21 18:26:25
29093,4:34 PM,4:54 PM,20,Flight match,2026-07-21 18:26:25
29438,5:09 PM,5:22 PM,13,Flight match,2026-07-21 18:26:25
29093,4:54 PM,5:00 PM,6,Flight match,2026-07-21 18:27:32
29438,5:22 PM,5:09 PM,-13,Flight match,2026-07-21 18:27:32
29093,5:00 PM,5:19 PM,19,Flight match,2026-07-21 18:49:32
24411,2:14 PM,2:11 PM,-3,Flight match,2026-07-21 19:24:09
28077,2:41 PM,2:45 PM,4,Flight match,2026-07-21 19:24:09
28826,2:49 PM,2:51 PM,2,Flight match,2026-07-21 19:24:09
29286,4:41 PM,4:48 PM,7,Flight match,2026-07-21 19:24:09
29438,5:09 PM,5:21 PM,12,Flight match,2026-07-21 19:24:09
29093,5:19 PM,5:16 PM,-3,Flight match,2026-07-21 19:24:09
28265,3:25 PM,3:26 PM,1,Flight match,2026-07-21 19:34:29
28265,3:26 PM,3:24 PM,-2,Flight match,2026-07-21 19:47:47
29286,4:48 PM,4:45 PM,-3,Flight match,2026-07-21 19:47:47
22630,4:00 PM,3:58 PM,-2,Flight match,2026-07-21 20:58:51
29286,4:45 PM,4:56 PM,11,Flight match,2026-07-21 20:58:51
29093,5:16 PM,5:23 PM,7,Flight match,2026-07-21 20:58:51
28899,8:51 PM,8:55 PM,4,Flight match,2026-07-21 20:58:51
29438,5:21 PM,5:18 PM,-3,Flight match,2026-07-21 21:40:40
29093,5:23 PM,5:25 PM,2,Flight match,2026-07-21 21:40:40
28899,8:55 PM,9:09 PM,14,Flight match,2026-07-21 21:40:40
29664,9:25 PM,9:16 PM,-9,Flight match,2026-07-21 21:40:40
28096,12:06 AM,12:24 AM,18,Flight match,2026-07-21 21:41:44
28899,9:09 PM,9:36 PM,27,Flight match,2026-07-21 22:24:53
29664,9:16 PM,9:07 PM,-9,Flight match,2026-07-21 22:24:54
23718,7:45 AM,7:43 AM,-2,Flight match,2026-07-21 22:25:19
27738,8:20 AM,8:31 AM,11,Flight match,2026-07-21 22:25:19
26018,8:43 AM,8:59 AM,16,Flight match,2026-07-21 22:25:19
24054,8:47 AM,8:46 AM,-1,Flight match,2026-07-21 22:25:19
29612,10:28 AM,10:27 AM,-1,Flight match,2026-07-21 22:25:19
25054,10:55 AM,11:12 AM,17,Flight match,2026-07-21 22:25:19
28042,11:00 AM,10:51 AM,-9,Flight match,2026-07-21 22:25:19
27302,11:40 AM,11:42 AM,2,Flight match,2026-07-21 22:25:19
20977,11:50 AM,11:34 AM,-16,Flight match,2026-07-21 22:25:19
27607,11:57 AM,11:54 AM,-3,Flight match,2026-07-21 22:25:19
13029,12:35 PM,12:31 PM,-4,Flight match,2026-07-21 22:25:19
29628,12:42 PM,12:47 PM,5,Flight match,2026-07-21 22:25:19
27070,3:20 PM,3:02 PM,-18,Flight match,2026-07-21 22:25:19
22224,4:25 PM,4:02 PM,-23,Flight match,2026-07-21 22:25:19
16392,6:30 PM,6:33 PM,3,Flight match,2026-07-21 22:25:19
28454,6:58 PM,6:55 PM,-3,Flight match,2026-07-21 22:25:19
25866,7:59 PM,7:39 PM,-20,Flight match,2026-07-21 22:25:19
25882,11:58 PM,11:48 PM,-10,Flight match,2026-07-21 22:25:19
29664,9:07 PM,9:34 PM,27,Flight match,2026-07-21 22:43:08
28899,9:36 PM,9:30 PM,-6,Flight match,2026-07-21 22:43:08
28899,9:30 PM,10:31 PM,61,Flight match,2026-07-21 23:39:24
29664,9:34 PM,9:44 PM,10,Flight match,2026-07-21 23:39:24
26679,8:00 AM,7:55 AM,-5,Flight match,2026-07-21 23:40:17
24391,8:33 AM,8:34 AM,1,Flight match,2026-07-21 23:40:17
29084,8:35 AM,8:14 AM,-21,Flight match,2026-07-21 23:40:17
29542,8:45 AM,8:31 AM,-14,Flight match,2026-07-21 23:40:17
29237,9:00 AM,8:40 AM,-20,Flight match,2026-07-21 23:40:17
27433,10:11 AM,10:01 AM,-10,Flight match,2026-07-21 23:40:17
26145,10:15 AM,9:50 AM,-25,Flight match,2026-07-21 23:40:17
25204,10:20 AM,10:14 AM,-6,Flight match,2026-07-21 23:40:17
28040,10:30 AM,10:20 AM,-10,Flight match,2026-07-21 23:40:17
24691,10:30 AM,10:20 AM,-10,Flight match,2026-07-21 23:40:17
24710,10:30 AM,10:01 AM,-29,Flight match,2026-07-21 23:40:17
28861,11:00 AM,10:34 AM,-26,Flight match,2026-07-21 23:40:17
24667,11:30 AM,11:05 AM,-25,Flight match,2026-07-21 23:40:17
27337,12:45 PM,12:36 PM,-9,Flight match,2026-07-21 23:40:18
25262,12:55 PM,12:34 PM,-21,Flight match,2026-07-21 23:40:18
29552,3:38 PM,3:28 PM,-10,Flight match,2026-07-21 23:40:18
27333,4:30 PM,4:20 PM,-10,Flight match,2026-07-21 23:40:18
27976,6:00 PM,5:45 PM,-15,Flight match,2026-07-21 23:40:18
29004,7:00 PM,6:56 PM,-4,Flight match,2026-07-21 23:40:18
25223,7:00 PM,6:40 PM,-20,Flight match,2026-07-21 23:40:18
28899,10:31 PM,11:17 PM,46,Flight match,2026-07-21 23:55:07
29664,9:44 PM,9:35 PM,-9,Flight match,2026-07-22 00:12:41
28899,11:17 PM,11:34 PM,17,Flight match,2026-07-22 00:12:41
29672,8:00 AM,7:40 AM,-20,Flight match,2026-07-22 03:16:54
29345,8:13 AM,8:40 AM,27,Flight match,2026-07-22 03:16:54
29697,8:30 AM,8:14 AM,-16,Flight match,2026-07-22 03:16:54
27547,9:15 AM,8:55 AM,-20,Flight match,2026-07-22 03:16:54
24059,10:15 AM,10:16 AM,1,Flight match,2026-07-22 03:16:54
29675,11:26 AM,11:25 AM,-1,Flight match,2026-07-22 03:16:54
28800,3:15 PM,2:55 PM,-20,Flight match,2026-07-22 03:16:54
29556,4:40 PM,4:33 PM,-7,Flight match,2026-07-22 03:16:54
25744,4:50 PM,4:27 PM,-23,Flight match,2026-07-22 03:16:54
24358,6:30 PM,6:14 PM,-16,Flight match,2026-07-22 03:16:54
22677,8:45 PM,7:45 PM,-60,Flight match,2026-07-22 03:16:54
21091,11:30 PM,10:54 PM,-36,Flight match,2026-07-22 03:16:54
29664,9:35 PM,9:49 PM,14,Flight match,2026-07-22 03:18:53
28899,11:34 PM,10:58 PM,-36,Flight match,2026-07-22 03:18:53
25395,8:40 AM,9:10 AM,30,Flight match,2026-07-22 03:19:17
25944,9:38 AM,9:37 AM,-1,Flight match,2026-07-22 03:19:18
26946,11:30 PM,11:11 PM,-19,Flight match,2026-07-22 03:19:18
28000,11:39 PM,11:36 PM,-3,Flight match,2026-07-22 03:19:18
25882,11:48 PM,11:49 PM,1,Flight match,2026-07-22 03:19:18
26160,5:53 AM,6:04 AM,11,Flight match,2026-07-22 04:07:24
25231,2:03 PM,2:06 PM,3,Flight match,2026-07-22 04:07:24
26160,6:04 AM,5:52 AM,-12,Flight match,2026-07-22 04:30:24
26018,8:59 AM,8:43 AM,-16,Flight match,2026-07-22 04:30:24
25395,9:10 AM,12:15 PM,185,Flight match,2026-07-22 10:38:05
23718,7:43 AM,8:47 AM,64,Flight match,2026-07-22 10:38:05
26018,8:43 AM,9:25 AM,42,Flight match,2026-07-22 10:38:06
26160,5:52 AM,5:58 AM,6,Flight match,2026-07-22 10:38:07
22224,4:02 PM,4:25 PM,23,Flight match,2026-07-22 10:38:07
25866,7:39 PM,8:00 PM,21,Flight match,2026-07-22 10:38:08
27607,11:54 AM,12:13 PM,19,Flight match,2026-07-22 10:38:08
26946,11:11 PM,11:30 PM,19,Flight match,2026-07-22 10:38:10
27070,3:02 PM,3:20 PM,18,Flight match,2026-07-22 10:38:11
25054,11:12 AM,10:55 AM,-17,Flight match,2026-07-22 10:38:11
17584,9:32 AM,9:48 AM,16,Flight match,2026-07-22 10:38:12
20977,11:34 AM,11:50 AM,16,Flight match,2026-07-22 10:38:13
25944,9:37 AM,9:26 AM,-11,Flight match,2026-07-22 10:38:14
28042,10:51 AM,11:00 AM,9,Flight match,2026-07-22 10:38:15
29331,10:31 AM,10:40 AM,9,Flight match,2026-07-22 10:38:16
23027,8:28 AM,8:36 AM,8,Flight match,2026-07-22 10:38:16
24519,8:08 AM,8:16 AM,8,Flight match,2026-07-22 10:38:17
27899,8:08 AM,8:16 AM,8,Flight match,2026-07-22 10:38:18
28201,10:46 AM,10:39 AM,-7,Flight match,2026-07-22 10:38:18
28345,10:27 AM,10:35 AM,8,Flight match,2026-07-22 10:38:19
26461,8:00 AM,7:54 AM,-6,Flight match,2026-07-22 10:38:20
27738,8:31 AM,8:25 AM,-6,Flight match,2026-07-22 10:38:21
28447,8:39 AM,8:36 AM,-3,Flight match,2026-07-22 10:38:35
24054,8:46 AM,8:45 AM,-1,Flight match,2026-07-22 10:38:35
25499,10:34 AM,10:32 AM,-2,Flight match,2026-07-22 10:38:35
29224,10:48 AM,10:50 AM,2,Flight match,2026-07-22 10:38:35
25940,11:04 AM,11:02 AM,-2,Flight match,2026-07-22 10:38:35
27056,11:14 AM,11:12 AM,-2,Flight match,2026-07-22 10:38:35
13029,12:31 PM,12:35 PM,4,Flight match,2026-07-22 10:38:35
29331,10:40 AM,10:34 AM,-6,Flight match,2026-07-22 10:46:37
25054,10:55 AM,11:01 AM,6,Flight match,2026-07-22 10:46:38
26461,7:54 AM,7:51 AM,-3,Flight match,2026-07-22 10:46:45
28447,8:36 AM,8:34 AM,-2,Flight match,2026-07-22 10:46:45
26018,9:25 AM,9:23 AM,-2,Flight match,2026-07-22 10:46:45
17584,9:48 AM,9:46 AM,-2,Flight match,2026-07-22 10:46:45
28201,10:39 AM,10:50 AM,11,Flight match,2026-07-22 10:55:25
20977,11:50 AM,11:42 AM,-8,Flight match,2026-07-22 10:55:28
27899,8:16 AM,8:15 AM,-1,Flight match,2026-07-22 10:55:36
24519,8:16 AM,8:15 AM,-1,Flight match,2026-07-22 10:55:36
26018,9:23 AM,9:18 AM,-5,Flight match,2026-07-22 10:55:36
17584,9:46 AM,9:48 AM,2,Flight match,2026-07-22 10:55:36
23718,8:47 AM,11:11 AM,144,Flight match,2026-07-22 11:08:51
26018,9:18 AM,9:13 AM,-5,Flight match,2026-07-22 11:08:55
28042,11:00 AM,10:55 AM,-5,Flight match,2026-07-22 11:08:57
28345,10:35 AM,10:41 AM,6,Flight match,2026-07-22 11:08:58
29612,10:27 AM,10:22 AM,-5,Flight match,2026-07-22 11:08:59
26461,7:51 AM,7:54 AM,3,Flight match,2026-07-22 11:09:02
25944,9:26 AM,9:28 AM,2,Flight match,2026-07-22 11:09:02
25054,11:01 AM,10:57 AM,-4,Flight match,2026-07-22 11:09:02
27569,3:47 PM,3:28 PM,-19,Flight match,2026-07-22 11:22:26
17584,9:48 AM,9:43 AM,-5,Flight match,2026-07-22 11:22:27
27899,8:15 AM,8:15 AM,0,Flight match,2026-07-22 11:22:30
24519,8:15 AM,8:15 AM,0,Flight match,2026-07-22 11:22:30
26018,9:13 AM,9:09 AM,-4,Flight match,2026-07-22 11:22:30
25944,9:28 AM,9:26 AM,-2,Flight match,2026-07-22 11:22:30
29224,10:50 AM,10:48 AM,-2,Flight match,2026-07-22 11:22:30
26461,7:54 AM,7:52 AM,-2,Flight match,2026-07-22 12:02:17
27899,8:15 AM,8:15 AM,0,Flight match,2026-07-22 12:02:17
24519,8:15 AM,8:15 AM,0,Flight match,2026-07-22 12:02:17
28447,8:34 AM,8:36 AM,2,Flight match,2026-07-22 12:02:17
23027,8:36 AM,8:35 AM,-1,Flight match,2026-07-22 12:02:17
24054,8:45 AM,8:34 AM,-11,Flight match,2026-07-22 12:02:18
25944,9:26 AM,9:28 AM,2,Flight match,2026-07-22 12:02:18
17584,9:43 AM,9:46 AM,3,Flight match,2026-07-22 12:02:18
25499,10:32 AM,10:31 AM,-1,Flight match,2026-07-22 12:02:18
29331,10:34 AM,10:33 AM,-1,Flight match,2026-07-22 12:02:18
28201,10:50 AM,10:43 AM,-7,Flight match,2026-07-22 12:02:18
23718,11:11 AM,9:36 AM,-95,Flight match,2026-07-22 12:02:18
29039,1:00 PM,1:04 PM,4,Flight match,2026-07-22 12:02:18
24710,10:01 AM,10:09 AM,8,Flight match,2026-07-22 12:19:54
27433,10:01 AM,10:09 AM,8,Flight match,2026-07-22 12:19:54
24691,10:20 AM,10:27 AM,7,Flight match,2026-07-22 12:19:54
28040,10:20 AM,10:27 AM,7,Flight match,2026-07-22 12:19:54
29781,10:40 AM,10:38 AM,-2,Flight match,2026-07-22 12:19:54
29801,12:15 PM,12:10 PM,-5,Flight match,2026-07-22 12:19:54
29788,1:00 PM,12:46 PM,-14,Flight match,2026-07-22 12:19:54
28449,1:08 PM,12:59 PM,-9,Flight match,2026-07-22 12:19:54
29552,3:28 PM,3:38 PM,10,Flight match,2026-07-22 12:19:54
26461,7:52 AM,7:52 AM,0,Flight match,2026-07-22 12:19:58
27899,8:15 AM,8:14 AM,-1,Flight match,2026-07-22 12:19:58
24519,8:15 AM,8:14 AM,-1,Flight match,2026-07-22 12:19:58
24054,8:34 AM,8:48 AM,14,Flight match,2026-07-22 12:19:58
23027,8:35 AM,8:35 AM,0,Flight match,2026-07-22 12:19:58
28447,8:36 AM,8:37 AM,1,Flight match,2026-07-22 12:19:58
25499,10:31 AM,10:24 AM,-7,Flight match,2026-07-22 12:19:58
28345,10:41 AM,11:03 AM,22,Flight match,2026-07-22 12:19:58
28201,10:43 AM,11:06 AM,23,Flight match,2026-07-22 12:19:58
25054,10:57 AM,11:23 AM,26,Flight match,2026-07-22 12:19:58
25940,11:02 AM,11:01 AM,-1,Flight match,2026-07-22 12:19:58
27056,11:12 AM,11:15 AM,3,Flight match,2026-07-22 12:19:58
27302,11:42 AM,11:38 AM,-4,Flight match,2026-07-22 12:19:58
13029,12:35 PM,12:33 PM,-2,Flight match,2026-07-22 12:19:58
28201,11:06 AM,11:30 AM,24,Flight match,2026-07-22 12:25:37
27899,8:14 AM,8:17 AM,3,Flight match,2026-07-22 12:25:41
24519,8:14 AM,8:17 AM,3,Flight match,2026-07-22 12:25:41
27738,8:25 AM,8:24 AM,-1,Flight match,2026-07-22 12:25:41
25499,10:24 AM,10:25 AM,1,Flight match,2026-07-22 12:25:41
27056,11:15 AM,11:17 AM,2,Flight match,2026-07-22 12:25:41
27302,11:38 AM,11:42 AM,4,Flight match,2026-07-22 12:25:41
26679,7:55 AM,8:10 AM,15,Flight match,2026-07-22 12:26:29
29084,8:14 AM,7:59 AM,-15,Flight match,2026-07-22 12:26:29
29542,8:31 AM,8:21 AM,-10,Flight match,2026-07-22 12:26:29
29237,8:40 AM,8:32 AM,-8,Flight match,2026-07-22 12:26:29
29019,8:45 AM,8:35 AM,-10,Flight match,2026-07-22 12:26:29
26145,9:50 AM,9:47 AM,-3,Flight match,2026-07-22 12:26:29
24710,10:09 AM,10:10 AM,1,Flight match,2026-07-22 12:26:29
27433,10:09 AM,10:10 AM,1,Flight match,2026-07-22 12:26:30
25204,10:14 AM,10:02 AM,-12,Flight match,2026-07-22 12:26:30
24201,10:18 AM,10:05 AM,-13,Flight match,2026-07-22 12:26:30
28861,10:34 AM,10:37 AM,3,Flight match,2026-07-22 12:26:30
29781,10:38 AM,10:20 AM,-18,Flight match,2026-07-22 12:26:30
29552,3:38 PM,3:32 PM,-6,Flight match,2026-07-22 12:26:30
28201,11:30 AM,11:48 AM,18,Flight match,2026-07-22 12:38:58
27070,3:20 PM,3:03 PM,-17,Flight match,2026-07-22 12:38:59
28345,11:03 AM,11:20 AM,17,Flight match,2026-07-22 12:39:00
25054,11:23 AM,11:36 AM,13,Flight match,2026-07-22 12:39:00
29612,10:22 AM,10:32 AM,10,Flight match,2026-07-22 12:39:01
29628,12:47 PM,12:37 PM,-10,Flight match,2026-07-22 12:39:02
25231,2:06 PM,1:56 PM,-10,Flight match,2026-07-22 12:39:03
29331,10:33 AM,10:41 AM,8,Flight match,2026-07-22 12:39:05
25940,11:01 AM,10:55 AM,-6,Flight match,2026-07-22 12:39:06
27302,11:42 AM,11:36 AM,-6,Flight match,2026-07-22 12:39:07
27738,8:24 AM,8:23 AM,-1,Flight match,2026-07-22 12:39:10
23027,8:35 AM,8:37 AM,2,Flight match,2026-07-22 12:39:10
28447,8:37 AM,8:39 AM,2,Flight match,2026-07-22 12:39:10
29224,10:48 AM,10:44 AM,-4,Flight match,2026-07-22 12:39:10
28042,10:55 AM,10:52 AM,-3,Flight match,2026-07-22 12:39:10
27056,11:17 AM,11:13 AM,-4,Flight match,2026-07-22 12:39:10
28447,8:39 AM,8:41 AM,2,Flight match,2026-07-22 12:48:42
29612,10:32 AM,10:31 AM,-1,Flight match,2026-07-22 12:48:42
25231,1:56 PM,1:58 PM,2,Flight match,2026-07-22 12:48:42
23718,9:36 AM,12:13 PM,157,Flight match,2026-07-22 12:53:52
25940,10:55 AM,11:24 AM,29,Flight match,2026-07-22 13:11:35
25054,11:36 AM,11:16 AM,-20,Flight match,2026-07-22 13:11:36
28201,11:48 AM,12:03 PM,15,Flight match,2026-07-22 13:11:37
27056,11:13 AM,11:04 AM,-9,Flight match,2026-07-22 13:11:38
29612,10:31 AM,10:25 AM,-6,Flight match,2026-07-22 13:11:39
17584,9:46 AM,9:41 AM,-5,Flight match,2026-07-22 13:11:40
23027,8:37 AM,8:40 AM,3,Flight match,2026-07-22 13:11:43
24054,8:48 AM,8:49 AM,1,Flight match,2026-07-22 13:11:43
26018,9:09 AM,9:05 AM,-4,Flight match,2026-07-22 13:11:43
29331,10:41 AM,10:42 AM,1,Flight match,2026-07-22 13:11:43
28042,10:52 AM,10:50 AM,-2,Flight match,2026-07-22 13:11:43
28345,11:20 AM,11:22 AM,2,Flight match,2026-07-22 13:11:43
28042,10:50 AM,10:51 AM,1,Flight match,2026-07-22 13:28:35
17584,9:41 AM,9:41 AM,0,Flight match,2026-07-22 13:43:37
25499,10:25 AM,10:24 AM,-1,Flight match,2026-07-22 13:43:37
29224,10:44 AM,10:47 AM,3,Flight match,2026-07-22 13:43:37
25940,11:24 AM,12:10 PM,46,Flight match,2026-07-22 13:43:37
20977,11:42 AM,11:54 AM,12,Flight match,2026-07-22 13:43:38
28201,12:03 PM,1:53 PM,110,Flight match,2026-07-22 13:43:38
27607,12:13 PM,12:10 PM,-3,Flight match,2026-07-22 13:43:38
25395,12:15 PM,12:47 PM,32,Flight match,2026-07-22 13:43:38
13029,12:33 PM,12:31 PM,-2,Flight match,2026-07-22 13:43:38
29628,12:37 PM,12:39 PM,2,Flight match,2026-07-22 13:43:38
29039,1:04 PM,12:54 PM,-10,Flight match,2026-07-22 13:43:38
17584,9:41 AM,9:42 AM,1,Flight match,2026-07-22 13:48:44
29084,7:59 AM,8:14 AM,15,Flight match,2026-07-22 14:08:51
29542,8:21 AM,8:31 AM,10,Flight match,2026-07-22 14:08:51
28040,10:27 AM,10:28 AM,1,Flight match,2026-07-22 14:08:51
24691,10:27 AM,10:28 AM,1,Flight match,2026-07-22 14:08:51
26984,10:36 AM,10:27 AM,-9,Flight match,2026-07-22 14:08:52
24667,11:05 AM,10:58 AM,-7,Flight match,2026-07-22 14:08:52
25249,11:10 AM,11:00 AM,-10,Flight match,2026-07-22 14:08:52
28840,11:10 AM,11:00 AM,-10,Flight match,2026-07-22 14:08:52
25262,12:34 PM,12:23 PM,-11,Flight match,2026-07-22 14:08:52
27337,12:36 PM,12:13 PM,-23,Flight match,2026-07-22 14:08:52
25499,10:24 AM,10:27 AM,3,Flight match,2026-07-22 14:21:36
29612,10:25 AM,10:22 AM,-3,Flight match,2026-07-22 14:21:36
29331,10:42 AM,10:40 AM,-2,Flight match,2026-07-22 14:21:36
29224,10:47 AM,10:51 AM,4,Flight match,2026-07-22 14:21:36
28042,10:51 AM,10:50 AM,-1,Flight match,2026-07-22 14:21:36
27302,11:36 AM,11:34 AM,-2,Flight match,2026-07-22 14:21:36
20977,11:54 AM,12:14 PM,20,Flight match,2026-07-22 14:21:36
27607,12:10 PM,11:58 AM,-12,Flight match,2026-07-22 14:21:36
25940,12:10 PM,12:54 PM,44,Flight match,2026-07-22 14:21:36
13029,12:31 PM,12:35 PM,4,Flight match,2026-07-22 14:21:36
29628,12:39 PM,12:30 PM,-9,Flight match,2026-07-22 14:21:36
25395,12:47 PM,12:29 PM,-18,Flight match,2026-07-22 14:21:36
28201,1:53 PM,1:55 PM,2,Flight match,2026-07-22 14:21:36
27070,3:03 PM,3:09 PM,6,Flight match,2026-07-22 14:21:36
28593,4:04 PM,4:08 PM,4,Flight match,2026-07-22 14:21:36
22224,4:25 PM,3:57 PM,-28,Flight match,2026-07-22 14:21:36
28042,10:50 AM,10:50 AM,0,Flight match,2026-07-22 14:37:16
23718,12:13 PM,12:05 PM,-8,Flight match,2026-07-22 14:37:16
29612,10:22 AM,10:23 AM,1,Flight match,2026-07-22 14:51:08
25499,10:27 AM,10:30 AM,3,Flight match,2026-07-22 14:51:08
29331,10:40 AM,10:43 AM,3,Flight match,2026-07-22 14:51:08
28042,10:50 AM,10:52 AM,2,Flight match,2026-07-22 14:51:08
28042,10:52 AM,10:51 AM,-1,Flight match,2026-07-22 15:04:43
27607,11:58 AM,11:49 AM,-9,Flight match,2026-07-22 15:04:43
23718,12:05 PM,12:25 PM,20,Flight match,2026-07-22 15:04:43
13029,12:35 PM,12:36 PM,1,Flight match,2026-07-22 15:04:43
29039,12:54 PM,12:56 PM,2,Flight match,2026-07-22 15:04:43
25940,12:54 PM,12:40 PM,-14,Flight match,2026-07-22 15:04:43
27070,3:09 PM,3:31 PM,22,Flight match,2026-07-22 15:04:43
27569,3:28 PM,3:41 PM,13,Flight match,2026-07-22 15:04:43
22224,3:57 PM,3:53 PM,-4,Flight match,2026-07-22 15:04:43
28593,4:08 PM,3:57 PM,-11,Flight match,2026-07-22 15:04:43
23718,12:25 PM,12:34 PM,9,Flight match,2026-07-22 15:14:41
29039,12:56 PM,12:48 PM,-8,Flight match,2026-07-22 15:14:41
29224,10:51 AM,10:49 AM,-2,Flight match,2026-07-22 15:24:18
27056,11:04 AM,11:06 AM,2,Flight match,2026-07-22 15:24:18
25054,11:16 AM,11:15 AM,-1,Flight match,2026-07-22 15:24:19
20977,12:14 PM,12:15 PM,1,Flight match,2026-07-22 15:24:19
28201,1:55 PM,2:13 PM,18,Flight match,2026-07-22 15:24:19
25231,1:58 PM,2:18 PM,20,Flight match,2026-07-22 15:24:19
27070,3:31 PM,3:25 PM,-6,Flight match,2026-07-22 15:24:19
22224,3:53 PM,3:57 PM,4,Flight match,2026-07-22 15:24:19
16392,6:33 PM,6:24 PM,-9,Flight match,2026-07-22 15:24:19
20977,12:15 PM,12:15 PM,0,Flight match,2026-07-22 15:50:06
27056,11:06 AM,11:10 AM,4,Flight match,2026-07-22 15:55:01
28345,11:22 AM,11:28 AM,6,Flight match,2026-07-22 15:55:01
13029,12:36 PM,12:37 PM,1,Flight match,2026-07-22 15:55:01
25940,12:40 PM,12:42 PM,2,Flight match,2026-07-22 15:55:01
28201,2:13 PM,2:39 PM,26,Flight match,2026-07-22 15:55:01
25231,2:18 PM,2:36 PM,18,Flight match,2026-07-22 15:55:01
27070,3:25 PM,3:25 PM,0,Flight match,2026-07-22 15:55:01
22224,3:57 PM,3:53 PM,-4,Flight match,2026-07-22 15:55:01
29910,4:55 PM,4:56 PM,1,Flight match,2026-07-22 15:55:01
25231,2:36 PM,2:24 PM,-12,Flight match,2026-07-22 16:21:27
25395,12:29 PM,12:38 PM,9,Flight match,2026-07-22 16:21:27
27569,3:41 PM,3:34 PM,-7,Flight match,2026-07-22 16:21:28
27607,11:49 AM,11:46 AM,-3,Flight match,2026-07-22 16:21:30
20977,12:15 PM,12:14 PM,-1,Flight match,2026-07-22 16:21:31
29628,12:30 PM,12:33 PM,3,Flight match,2026-07-22 16:21:31
23718,12:34 PM,12:31 PM,-3,Flight match,2026-07-22 16:21:31
13029,12:37 PM,12:36 PM,-1,Flight match,2026-07-22 16:21:31
25940,12:42 PM,12:43 PM,1,Flight match,2026-07-22 16:21:31
28201,2:39 PM,2:42 PM,3,Flight match,2026-07-22 16:21:31
29910,4:56 PM,4:58 PM,2,Flight match,2026-07-22 16:21:31
25940,12:43 PM,12:41 PM,-2,Flight match,2026-07-22 16:37:18
22224,3:53 PM,4:11 PM,18,Flight match,2026-07-22 16:49:12
29910,4:58 PM,4:46 PM,-12,Flight match,2026-07-22 16:49:13
28201,2:42 PM,2:33 PM,-9,Flight match,2026-07-22 16:49:14
13029,12:36 PM,12:42 PM,6,Flight match,2026-07-22 16:49:14
29039,12:48 PM,12:53 PM,5,Flight match,2026-07-22 16:49:15
23718,12:31 PM,12:32 PM,1,Flight match,2026-07-22 16:49:17
29628,12:33 PM,12:29 PM,-4,Flight match,2026-07-22 16:49:17
25395,12:38 PM,12:38 PM,0,Flight match,2026-07-22 16:49:17
25940,12:41 PM,12:43 PM,2,Flight match,2026-07-22 16:49:17
27070,3:25 PM,3:25 PM,0,Flight match,2026-07-22 16:49:17
28593,3:57 PM,4:01 PM,4,Flight match,2026-07-22 16:49:17
28201,2:33 PM,2:33 PM,0,Flight match,2026-07-22 17:12:40
27569,3:34 PM,3:46 PM,12,Flight match,2026-07-22 17:18:30
29039,12:53 PM,12:51 PM,-2,Flight match,2026-07-22 17:18:33
22224,4:11 PM,4:07 PM,-4,Flight match,2026-07-22 17:18:33
28201,2:33 PM,2:33 PM,0,Flight match,2026-07-22 17:29:39
27569,3:46 PM,3:41 PM,-5,Flight match,2026-07-22 17:29:39
28593,4:01 PM,5:01 PM,60,Flight match,2026-07-22 17:29:39
16392,6:24 PM,6:23 PM,-1,Flight match,2026-07-22 17:29:39
28201,2:33 PM,2:33 PM,0,Flight match,2026-07-22 17:59:59
27070,3:25 PM,3:25 PM,0,Flight match,2026-07-22 17:59:59
27569,3:41 PM,3:48 PM,7,Flight match,2026-07-22 17:59:59
29910,4:46 PM,4:45 PM,-1,Flight match,2026-07-22 17:59:59
28593,5:01 PM,5:00 PM,-1,Flight match,2026-07-22 17:59:59
16392,6:23 PM,6:38 PM,15,Flight match,2026-07-22 17:59:59
25866,8:00 PM,7:50 PM,-10,Flight match,2026-07-22 18:16:56
29910,4:45 PM,4:52 PM,7,Flight match,2026-07-22 18:16:57
28593,5:00 PM,4:55 PM,-5,Flight match,2026-07-22 18:16:58
22224,4:07 PM,4:08 PM,1,Flight match,2026-07-22 18:16:59
16392,6:38 PM,6:40 PM,2,Flight match,2026-07-22 18:16:59
25231,2:24 PM,2:25 PM,1,Flight match,2026-07-22 18:57:01
28201,2:33 PM,2:30 PM,-3,Flight match,2026-07-22 18:57:01
27070,3:25 PM,3:26 PM,1,Flight match,2026-07-22 18:57:02
22224,4:08 PM,4:00 PM,-8,Flight match,2026-07-22 18:57:02
29910,4:52 PM,4:58 PM,6,Flight match,2026-07-22 18:57:02
28593,4:55 PM,5:25 PM,30,Flight match,2026-07-22 18:57:02
25866,7:50 PM,8:00 PM,10,Flight match,2026-07-22 18:57:02
27070,3:26 PM,3:28 PM,2,Flight match,2026-07-22 19:35:45
29910,4:58 PM,4:58 PM,0,Flight match,2026-07-22 19:35:45
28593,5:25 PM,5:29 PM,4,Flight match,2026-07-22 19:35:45
30020,8:45 AM,8:31 AM,-14,Flight match,2026-07-22 23:29:30
25204,10:02 AM,10:14 AM,12,Flight match,2026-07-22 23:29:30
24201,10:05 AM,10:18 AM,13,Flight match,2026-07-22 23:29:30
24710,10:10 AM,10:09 AM,-1,Flight match,2026-07-22 23:29:30
27433,10:10 AM,10:09 AM,-1,Flight match,2026-07-22 23:29:30
28040,10:28 AM,10:27 AM,-1,Flight match,2026-07-22 23:29:30
24691,10:28 AM,10:27 AM,-1,Flight match,2026-07-22 23:29:30
28861,10:37 AM,10:34 AM,-3,Flight match,2026-07-22 23:29:30
29801,12:10 PM,11:57 AM,-13,Flight match,2026-07-22 23:29:30
27337,12:13 PM,12:13 PM,0,Flight match,2026-07-22 23:29:30
23613,1:10 PM,1:02 PM,-8,Flight match,2026-07-22 23:29:30
26812,1:40 PM,1:29 PM,-11,Flight match,2026-07-22 23:29:30
28838,2:50 PM,2:32 PM,-18,Flight match,2026-07-22 23:29:30
29937,3:44 PM,3:41 PM,-3,Flight match,2026-07-22 23:29:30
27333,4:20 PM,4:17 PM,-3,Flight match,2026-07-22 23:29:30
26370,4:20 PM,4:17 PM,-3,Flight match,2026-07-22 23:29:30
27976,5:45 PM,5:34 PM,-11,Flight match,2026-07-22 23:29:30
30016,6:00 PM,5:59 PM,-1,Flight match,2026-07-22 23:29:30
29004,6:56 PM,6:53 PM,-3,Flight match,2026-07-22 23:29:30
24988,7:45 PM,7:21 PM,-24,Flight match,2026-07-22 23:29:30
27070,3:28 PM,3:27 PM,-1,Flight match,2026-07-22 23:30:14
27569,3:48 PM,3:46 PM,-2,Flight match,2026-07-22 23:30:14
22224,4:00 PM,4:04 PM,4,Flight match,2026-07-22 23:30:14
29910,4:58 PM,4:57 PM,-1,Flight match,2026-07-22 23:30:14
28593,5:29 PM,5:36 PM,7,Flight match,2026-07-22 23:30:14
16392,6:40 PM,6:29 PM,-11,Flight match,2026-07-22 23:30:14
28454,6:55 PM,6:34 PM,-21,Flight match,2026-07-22 23:30:14
25866,8:00 PM,8:07 PM,7,Flight match,2026-07-22 23:30:14
26946,11:30 PM,11:26 PM,-4,Flight match,2026-07-22 23:30:14
28000,11:36 PM,11:41 PM,5,Flight match,2026-07-22 23:30:14
25882,11:49 PM,11:48 PM,-1,Flight match,2026-07-22 23:30:14
29672,7:40 AM,7:27 AM,-13,Flight match,2026-07-22 23:30:43
12109,8:02 AM,9:30 PM,808,Flight match,2026-07-22 23:30:43
26458,9:43 AM,9:39 AM,-4,Flight match,2026-07-22 23:30:43
26543,7:30 PM,7:20 PM,-10,Flight match,2026-07-22 23:30:43
29964,9:30 PM,9:15 PM,-15,Flight match,2026-07-22 23:30:43
26370,4:17 PM,5:12 PM,55,Flight match,2026-07-23 10:44:00
27333,4:17 PM,5:12 PM,55,Flight match,2026-07-23 10:44:00
27337,12:13 PM,1:09 PM,56,Flight match,2026-07-23 10:44:01
30044,10:30 PM,9:56 PM,-34,Flight match,2026-07-23 10:44:02
24988,7:21 PM,7:45 PM,24,Flight match,2026-07-23 10:44:02
29542,8:31 AM,8:11 AM,-20,Flight match,2026-07-23 10:44:03
30020,8:31 AM,8:11 AM,-20,Flight match,2026-07-23 10:44:04
28838,2:32 PM,2:50 PM,18,Flight match,2026-07-23 10:44:05
24201,10:18 AM,10:04 AM,-14,Flight match,2026-07-23 10:44:06
25204,10:14 AM,10:00 AM,-14,Flight match,2026-07-23 10:44:08
28861,10:34 AM,10:22 AM,-12,Flight match,2026-07-23 10:44:08
26145,9:47 AM,9:58 AM,11,Flight match,2026-07-23 10:44:09
26812,1:29 PM,1:40 PM,11,Flight match,2026-07-23 10:44:10
27976,5:34 PM,5:45 PM,11,Flight match,2026-07-23 10:44:11
26679,8:10 AM,8:01 AM,-9,Flight match,2026-07-23 10:44:12
26984,10:27 AM,10:37 AM,10,Flight match,2026-07-23 10:44:13
28860,1:45 PM,1:37 PM,-8,Flight match,2026-07-23 10:44:13
23613,1:02 PM,1:10 PM,8,Flight match,2026-07-23 10:44:15
24391,8:34 AM,8:27 AM,-7,Flight match,2026-07-23 10:44:16
29084,8:14 AM,8:08 AM,-6,Flight match,2026-07-23 10:44:16
29237,8:32 AM,8:28 AM,-4,Flight match,2026-07-23 10:44:26
29019,8:35 AM,8:37 AM,2,Flight match,2026-07-23 10:44:26
24710,10:09 AM,10:06 AM,-3,Flight match,2026-07-23 10:44:26
27433,10:09 AM,10:06 AM,-3,Flight match,2026-07-23 10:44:26
28040,10:27 AM,10:28 AM,1,Flight match,2026-07-23 10:44:26
24691,10:27 AM,10:28 AM,1,Flight match,2026-07-23 10:44:27
25249,11:00 AM,11:01 AM,1,Flight match,2026-07-23 10:44:27
28840,11:00 AM,11:01 AM,1,Flight match,2026-07-23 10:44:27
29801,11:57 AM,12:00 PM,3,Flight match,2026-07-23 10:44:27
29788,12:46 PM,12:48 PM,2,Flight match,2026-07-23 10:44:27
28449,12:59 PM,1:01 PM,2,Flight match,2026-07-23 10:44:27
29552,3:32 PM,3:33 PM,1,Flight match,2026-07-23 10:44:27
30016,5:59 PM,6:03 PM,4,Flight match,2026-07-23 10:44:27
23293,10:51 PM,10:50 PM,-1,Flight match,2026-07-23 10:44:27
27337,1:09 PM,2:49 PM,100,Flight match,2026-07-23 11:20:21
28838,2:50 PM,3:08 PM,18,Flight match,2026-07-23 11:20:23
23613,1:10 PM,1:00 PM,-10,Flight match,2026-07-23 11:20:24
29801,12:00 PM,11:50 AM,-10,Flight match,2026-07-23 11:20:25
29019,8:37 AM,8:43 AM,6,Flight match,2026-07-23 11:20:27
29781,10:20 AM,10:27 AM,7,Flight match,2026-07-23 11:20:28
26145,9:58 AM,9:55 AM,-3,Flight match,2026-07-23 11:20:29
26679,8:01 AM,8:00 AM,-1,Flight match,2026-07-23 11:20:36
25204,10:00 AM,10:05 AM,5,Flight match,2026-07-23 11:20:36
24710,10:06 AM,10:09 AM,3,Flight match,2026-07-23 11:20:36
27433,10:06 AM,10:09 AM,3,Flight match,2026-07-23 11:20:36
28040,10:28 AM,10:24 AM,-4,Flight match,2026-07-23 11:20:36
24691,10:28 AM,10:24 AM,-4,Flight match,2026-07-23 11:20:36
29788,12:48 PM,12:46 PM,-2,Flight match,2026-07-23 11:20:36
28449,1:01 PM,12:59 PM,-2,Flight match,2026-07-23 11:20:37
29801,11:50 AM,12:10 PM,20,Flight match,2026-07-23 11:53:29
24201,10:04 AM,10:18 AM,14,Flight match,2026-07-23 11:53:30
23613,1:00 PM,1:10 PM,10,Flight match,2026-07-23 11:53:31
26812,1:40 PM,1:30 PM,-10,Flight match,2026-07-23 11:53:32
29198,4:20 PM,4:09 PM,-11,Flight match,2026-07-23 11:53:33
29388,4:20 PM,4:09 PM,-11,Flight match,2026-07-23 11:53:33
25262,12:23 PM,12:32 PM,9,Flight match,2026-07-23 11:53:34
29237,8:28 AM,8:36 AM,8,Flight match,2026-07-23 11:53:35
24691,10:24 AM,10:19 AM,-5,Flight match,2026-07-23 11:53:35
28040,10:24 AM,10:19 AM,-5,Flight match,2026-07-23 11:53:36
29019,8:43 AM,8:37 AM,-6,Flight match,2026-07-23 11:53:37
26984,10:37 AM,10:38 AM,1,Flight match,2026-07-23 11:53:38
26679,8:00 AM,7:59 AM,-1,Flight match,2026-07-23 11:53:46
26145,9:55 AM,9:52 AM,-3,Flight match,2026-07-23 11:53:46
25204,10:05 AM,10:06 AM,1,Flight match,2026-07-23 11:53:46
24710,10:09 AM,10:05 AM,-4,Flight match,2026-07-23 11:53:46
27433,10:09 AM,10:05 AM,-4,Flight match,2026-07-23 11:53:46
28861,10:22 AM,10:19 AM,-3,Flight match,2026-07-23 11:53:46
29781,10:27 AM,10:28 AM,1,Flight match,2026-07-23 11:53:46
29552,3:33 PM,3:32 PM,-1,Flight match,2026-07-23 11:53:46
30016,6:03 PM,5:59 PM,-4,Flight match,2026-07-23 11:53:46
23293,10:50 PM,10:51 PM,1,Flight match,2026-07-23 11:53:46
29781,10:28 AM,10:03 AM,-25,Flight match,2026-07-23 12:36:39
26984,10:38 AM,10:20 AM,-18,Flight match,2026-07-23 12:36:40
26812,1:30 PM,1:40 PM,10,Flight match,2026-07-23 12:36:40
24201,10:18 AM,10:10 AM,-8,Flight match,2026-07-23 12:36:46
26679,7:59 AM,7:54 AM,-5,Flight match,2026-07-23 12:36:48
29542,8:11 AM,8:13 AM,2,Flight match,2026-07-23 12:36:48
30020,8:11 AM,8:13 AM,2,Flight match,2026-07-23 12:36:48
24391,8:27 AM,8:28 AM,1,Flight match,2026-07-23 12:36:48
29237,8:36 AM,8:40 AM,4,Flight match,2026-07-23 12:36:48
29801,12:10 PM,12:02 PM,-8,Flight match,2026-07-23 12:36:49
29019,8:37 AM,8:45 AM,8,Flight match,2026-07-23 12:36:49
26145,9:52 AM,9:50 AM,-2,Flight match,2026-07-23 12:36:49
25204,10:06 AM,10:09 AM,3,Flight match,2026-07-23 12:36:49
28040,10:19 AM,10:16 AM,-3,Flight match,2026-07-23 12:36:49
28861,10:19 AM,10:20 AM,1,Flight match,2026-07-23 12:36:49
24691,10:19 AM,10:16 AM,-3,Flight match,2026-07-23 12:36:49
25249,11:01 AM,10:59 AM,-2,Flight match,2026-07-23 12:36:49
28840,11:01 AM,10:59 AM,-2,Flight match,2026-07-23 12:36:49
29801,12:10 PM,12:02 PM,-8,Flight match,2026-07-23 12:36:49
29237,8:40 AM,8:40 AM,0,Flight match,2026-07-23 12:48:22
29781,10:03 AM,10:11 AM,8,Flight match,2026-07-23 12:48:22
28040,10:16 AM,10:19 AM,3,Flight match,2026-07-23 12:48:22
24691,10:16 AM,10:19 AM,3,Flight match,2026-07-23 12:48:22
26984,10:20 AM,11:09 AM,49,Flight match,2026-07-23 12:48:22
25249,10:59 AM,11:13 AM,14,Flight match,2026-07-23 12:48:23
28840,10:59 AM,11:13 AM,14,Flight match,2026-07-23 12:48:23
26474,9:53 PM,9:28 PM,-25,Flight match,2026-07-23 13:04:58
26812,1:40 PM,1:20 PM,-20,Flight match,2026-07-23 13:04:59
25262,12:32 PM,12:22 PM,-10,Flight match,2026-07-23 13:05:00
29781,10:11 AM,10:05 AM,-6,Flight match,2026-07-23 13:05:00
29019,8:45 AM,8:46 AM,1,Flight match,2026-07-23 13:05:04
28040,10:19 AM,10:18 AM,-1,Flight match,2026-07-23 13:05:04
24691,10:19 AM,10:18 AM,-1,Flight match,2026-07-23 13:05:04
25249,11:13 AM,11:17 AM,4,Flight match,2026-07-23 13:05:04
28840,11:13 AM,11:17 AM,4,Flight match,2026-07-23 13:05:04
29972,3:13 PM,3:14 PM,1,Flight match,2026-07-23 13:05:04
29781,10:05 AM,10:04 AM,-1,Flight match,2026-07-23 13:26:46
28861,10:20 AM,10:25 AM,5,Flight match,2026-07-23 13:26:46
25249,11:17 AM,11:15 AM,-2,Flight match,2026-07-23 13:26:46
28840,11:17 AM,11:15 AM,-2,Flight match,2026-07-23 13:26:46
25262,12:22 PM,12:32 PM,10,Flight match,2026-07-23 13:26:46
23613,1:10 PM,1:02 PM,-8,Flight match,2026-07-23 13:26:46
30016,5:59 PM,6:03 PM,4,Flight match,2026-07-23 13:26:46
29672,7:27 AM,7:29 AM,2,Flight match,2026-07-23 13:33:55
22218,8:30 AM,8:22 AM,-8,Flight match,2026-07-23 13:33:55
29345,8:40 AM,8:36 AM,-4,Flight match,2026-07-23 13:33:55
28841,8:55 AM,8:33 AM,-22,Flight match,2026-07-23 13:33:55
27547,8:55 AM,8:43 AM,-12,Flight match,2026-07-23 13:33:55
28569,9:00 AM,8:49 AM,-11,Flight match,2026-07-23 13:33:55
26458,9:39 AM,9:40 AM,1,Flight match,2026-07-23 13:33:55
29630,9:42 AM,9:30 AM,-12,Flight match,2026-07-23 13:33:55
23801,9:55 AM,9:45 AM,-10,Flight match,2026-07-23 13:33:55
29855,10:09 AM,9:57 AM,-12,Flight match,2026-07-23 13:33:55
24059,10:16 AM,10:06 AM,-10,Flight match,2026-07-23 13:33:56
28997,10:40 AM,10:18 AM,-22,Flight match,2026-07-23 13:33:56
28634,10:48 AM,10:46 AM,-2,Flight match,2026-07-23 13:33:56
27790,11:07 AM,10:56 AM,-11,Flight match,2026-07-23 13:33:56
29770,11:15 AM,11:18 AM,3,Flight match,2026-07-23 13:33:56
29188,11:20 AM,11:00 AM,-20,Flight match,2026-07-23 13:33:56
29566,11:23 AM,11:18 AM,-5,Flight match,2026-07-23 13:33:56
27871,11:23 AM,11:12 AM,-11,Flight match,2026-07-23 13:33:56
29675,11:25 AM,11:06 AM,-19,Flight match,2026-07-23 13:33:56
28974,11:50 AM,11:35 AM,-15,Flight match,2026-07-23 13:33:56
17508,12:00 PM,11:52 AM,-8,Flight match,2026-07-23 13:33:56
29380,12:00 PM,11:52 AM,-8,Flight match,2026-07-23 13:33:56
29065,6:23 PM,6:20 PM,-3,Flight match,2026-07-23 13:33:56
26145,9:50 AM,9:48 AM,-2,Flight match,2026-07-23 13:37:15
29781,10:04 AM,10:03 AM,-1,Flight match,2026-07-23 13:37:15
28040,10:18 AM,10:23 AM,5,Flight match,2026-07-23 13:37:15
24691,10:18 AM,10:23 AM,5,Flight match,2026-07-23 13:37:15
25262,12:32 PM,12:24 PM,-8,Flight match,2026-07-23 13:37:15
26812,1:20 PM,1:30 PM,10,Flight match,2026-07-23 13:37:15
28838,3:08 PM,3:10 PM,2,Flight match,2026-07-23 13:37:15
29388,4:09 PM,4:20 PM,11,Flight match,2026-07-23 13:37:15
29198,4:09 PM,4:20 PM,11,Flight match,2026-07-23 13:37:15
29781,10:03 AM,10:11 AM,8,Flight match,2026-07-23 13:47:52
26145,9:48 AM,9:45 AM,-3,Flight match,2026-07-23 14:08:21
25204,10:09 AM,10:06 AM,-3,Flight match,2026-07-23 14:08:21
24201,10:10 AM,10:11 AM,1,Flight match,2026-07-23 14:08:21
29781,10:11 AM,10:04 AM,-7,Flight match,2026-07-23 14:08:21
28861,10:25 AM,10:21 AM,-4,Flight match,2026-07-23 14:08:21
26984,11:09 AM,12:24 PM,75,Flight match,2026-07-23 14:08:21
29801,12:02 PM,11:59 AM,-3,Flight match,2026-07-23 14:08:21
25262,12:24 PM,12:32 PM,8,Flight match,2026-07-23 14:08:21
29788,12:46 PM,12:45 PM,-1,Flight match,2026-07-23 14:08:21
28449,12:59 PM,12:54 PM,-5,Flight match,2026-07-23 14:08:21
26812,1:30 PM,1:32 PM,2,Flight match,2026-07-23 14:08:21
28838,3:10 PM,3:12 PM,2,Flight match,2026-07-23 14:08:22
29388,4:20 PM,4:28 PM,8,Flight match,2026-07-23 14:08:22
29198,4:20 PM,4:28 PM,8,Flight match,2026-07-23 14:08:22
30016,6:03 PM,5:59 PM,-4,Flight match,2026-07-23 14:08:22
24710,10:05 AM,10:06 AM,1,Flight match,2026-07-23 14:46:10
27433,10:05 AM,10:06 AM,1,Flight match,2026-07-23 14:46:10
24201,10:11 AM,10:08 AM,-3,Flight match,2026-07-23 14:46:10
28861,10:21 AM,10:23 AM,2,Flight match,2026-07-23 14:46:10
25249,11:15 AM,11:16 AM,1,Flight match,2026-07-23 14:46:10
28840,11:15 AM,11:16 AM,1,Flight match,2026-07-23 14:46:10
29801,11:59 AM,12:06 PM,7,Flight match,2026-07-23 14:46:10
26984,12:24 PM,12:11 PM,-13,Flight match,2026-07-23 14:46:10
25262,12:32 PM,12:22 PM,-10,Flight match,2026-07-23 14:46:10
29788,12:45 PM,12:41 PM,-4,Flight match,2026-07-23 14:46:10
28449,12:54 PM,12:59 PM,5,Flight match,2026-07-23 14:46:10
26812,1:32 PM,1:30 PM,-2,Flight match,2026-07-23 14:46:11
29937,3:41 PM,3:39 PM,-2,Flight match,2026-07-23 14:46:11
29388,4:28 PM,4:17 PM,-11,Flight match,2026-07-23 14:46:11
29198,4:28 PM,4:17 PM,-11,Flight match,2026-07-23 14:46:11
25249,11:16 AM,11:17 AM,1,Flight match,2026-07-23 15:05:51
29781,10:04 AM,10:14 AM,10,Flight match,2026-07-23 15:13:41
28840,11:16 AM,11:17 AM,1,Flight match,2026-07-23 15:13:41
29801,12:06 PM,12:09 PM,3,Flight match,2026-07-23 15:13:41
26984,12:11 PM,12:12 PM,1,Flight match,2026-07-23 15:13:41
29788,12:41 PM,12:40 PM,-1,Flight match,2026-07-23 15:13:41
28449,12:59 PM,1:05 PM,6,Flight match,2026-07-23 15:13:41
23613,1:02 PM,12:59 PM,-3,Flight match,2026-07-23 15:13:41
26812,1:30 PM,1:38 PM,8,Flight match,2026-07-23 15:13:41
28838,3:12 PM,3:21 PM,9,Flight match,2026-07-23 15:13:41
26370,5:12 PM,5:17 PM,5,Flight match,2026-07-23 15:13:42
25249,11:17 AM,11:18 AM,1,Flight match,2026-07-23 15:23:42
28840,11:17 AM,11:18 AM,1,Flight match,2026-07-23 15:23:42
29801,12:09 PM,12:08 PM,-1,Flight match,2026-07-23 15:23:42
25262,12:22 PM,12:32 PM,10,Flight match,2026-07-23 15:23:43
23613,12:59 PM,1:07 PM,8,Flight match,2026-07-23 15:23:43
28449,1:05 PM,1:00 PM,-5,Flight match,2026-07-23 15:23:43
26812,1:38 PM,1:46 PM,8,Flight match,2026-07-23 15:23:43
27337,2:49 PM,2:20 PM,-29,Flight match,2026-07-23 15:23:43
27333,5:12 PM,5:17 PM,5,Flight match,2026-07-23 15:23:43
29801,12:08 PM,12:10 PM,2,Flight match,2026-07-23 15:43:45
29788,12:40 PM,12:46 PM,6,Flight match,2026-07-23 15:43:45
28449,1:00 PM,1:05 PM,5,Flight match,2026-07-23 15:43:45
23613,1:07 PM,1:12 PM,5,Flight match,2026-07-23 15:43:45
26812,1:46 PM,1:51 PM,5,Flight match,2026-07-23 15:43:45
29972,3:14 PM,3:13 PM,-1,Flight match,2026-07-23 15:43:45
28838,3:21 PM,3:12 PM,-9,Flight match,2026-07-23 15:43:45
29937,3:39 PM,3:34 PM,-5,Flight match,2026-07-23 15:43:45
26370,5:17 PM,5:15 PM,-2,Flight match,2026-07-23 15:43:45
29801,12:10 PM,12:11 PM,1,Flight match,2026-07-23 16:31:46
26984,12:12 PM,12:15 PM,3,Flight match,2026-07-23 16:31:46
25262,12:32 PM,12:22 PM,-10,Flight match,2026-07-23 16:31:46
29788,12:46 PM,12:43 PM,-3,Flight match,2026-07-23 16:31:46
28449,1:05 PM,1:00 PM,-5,Flight match,2026-07-23 16:31:46
23613,1:12 PM,1:19 PM,7,Flight match,2026-07-23 16:31:46
28860,1:37 PM,1:29 PM,-8,Flight match,2026-07-23 16:31:46
26812,1:51 PM,1:52 PM,1,Flight match,2026-07-23 16:31:46
27337,2:20 PM,2:12 PM,-8,Flight match,2026-07-23 16:31:46
28838,3:12 PM,3:13 PM,1,Flight match,2026-07-23 16:31:46
29972,3:13 PM,2:52 PM,-21,Flight match,2026-07-23 16:31:47
29937,3:34 PM,3:50 PM,16,Flight match,2026-07-23 16:31:47
29388,4:17 PM,4:13 PM,-4,Flight match,2026-07-23 16:31:47
29198,4:17 PM,4:13 PM,-4,Flight match,2026-07-23 16:31:47
26370,5:15 PM,5:05 PM,-10,Flight match,2026-07-23 16:31:47
30016,5:59 PM,6:06 PM,7,Flight match,2026-07-23 16:31:47
29801,12:11 PM,12:10 PM,-1,Flight match,2026-07-23 16:54:18
26984,12:15 PM,12:13 PM,-2,Flight match,2026-07-23 16:54:18
25262,12:22 PM,12:31 PM,9,Flight match,2026-07-23 16:54:18
29788,12:43 PM,12:48 PM,5,Flight match,2026-07-23 16:54:18
28449,1:00 PM,12:57 PM,-3,Flight match,2026-07-23 16:54:18
23613,1:19 PM,1:17 PM,-2,Flight match,2026-07-23 16:54:18
26812,1:52 PM,1:55 PM,3,Flight match,2026-07-23 16:54:18
29972,2:52 PM,3:00 PM,8,Flight match,2026-07-23 16:54:18
28838,3:13 PM,3:10 PM,-3,Flight match,2026-07-23 16:54:18
29552,3:32 PM,3:27 PM,-5,Flight match,2026-07-23 16:54:18
29937,3:50 PM,3:38 PM,-12,Flight match,2026-07-23 16:54:18
29388,4:13 PM,4:16 PM,3,Flight match,2026-07-23 16:54:18
29198,4:13 PM,4:16 PM,3,Flight match,2026-07-23 16:54:18
26370,5:05 PM,5:21 PM,16,Flight match,2026-07-23 16:54:18
29004,6:53 PM,7:00 PM,7,Flight match,2026-07-23 16:54:18
24988,7:45 PM,7:59 PM,14,Flight match,2026-07-23 16:54:18
29388,4:16 PM,4:24 PM,8,Flight match,2026-07-23 17:12:44
29198,4:16 PM,4:24 PM,8,Flight match,2026-07-23 17:12:44
29788,12:48 PM,12:46 PM,-2,Flight match,2026-07-23 17:43:40
28449,12:57 PM,12:58 PM,1,Flight match,2026-07-23 17:43:40
23613,1:17 PM,1:18 PM,1,Flight match,2026-07-23 17:43:40
26812,1:55 PM,1:55 PM,0,Flight match,2026-07-23 17:43:40
28838,3:10 PM,3:26 PM,16,Flight match,2026-07-23 17:43:40
29552,3:27 PM,3:20 PM,-7,Flight match,2026-07-23 17:43:40
29937,3:38 PM,4:00 PM,22,Flight match,2026-07-23 17:43:40
26370,5:21 PM,5:29 PM,8,Flight match,2026-07-23 17:43:40
27976,5:45 PM,5:35 PM,-10,Flight match,2026-07-23 17:43:40
24988,7:59 PM,7:47 PM,-12,Flight match,2026-07-23 17:43:41
26474,9:28 PM,10:03 PM,35,Flight match,2026-07-23 17:43:41
26812,1:55 PM,1:56 PM,1,Flight match,2026-07-23 17:52:29
29552,3:20 PM,4:04 PM,44,Flight match,2026-07-23 17:52:29
28838,3:26 PM,3:46 PM,20,Flight match,2026-07-23 17:52:30
29937,4:00 PM,4:09 PM,9,Flight match,2026-07-23 17:52:30
29388,4:24 PM,4:24 PM,0,Flight match,2026-07-23 17:52:30
29198,4:24 PM,4:24 PM,0,Flight match,2026-07-23 17:52:30
24988,7:47 PM,7:50 PM,3,Flight match,2026-07-23 17:52:30
28860,1:29 PM,1:29 PM,0,Flight match,2026-07-23 18:18:41
24525,1:39 PM,1:32 PM,-7,Flight match,2026-07-23 18:18:41
26812,1:56 PM,1:54 PM,-2,Flight match,2026-07-23 18:18:41
27337,2:12 PM,2:14 PM,2,Flight match,2026-07-23 18:18:41
29388,4:24 PM,4:29 PM,5,Flight match,2026-07-23 18:18:41
29198,4:24 PM,4:29 PM,5,Flight match,2026-07-23 18:18:41
26370,5:29 PM,5:40 PM,11,Flight match,2026-07-23 18:18:41
29004,7:00 PM,6:53 PM,-7,Flight match,2026-07-23 18:18:41
27337,2:14 PM,2:17 PM,3,Flight match,2026-07-23 18:24:56
29937,4:09 PM,4:01 PM,-8,Flight match,2026-07-23 18:24:56
29388,4:29 PM,4:21 PM,-8,Flight match,2026-07-23 18:24:56
29198,4:29 PM,4:21 PM,-8,Flight match,2026-07-23 18:24:56
27333,5:17 PM,5:27 PM,10,Flight match,2026-07-23 18:24:56
26370,5:40 PM,5:27 PM,-13,Flight match,2026-07-23 18:24:56
29004,6:53 PM,6:41 PM,-12,Flight match,2026-07-23 18:24:56
26370,5:27 PM,5:40 PM,13,Flight match,2026-07-23 18:49:32
29972,3:00 PM,2:56 PM,-4,Flight match,2026-07-23 18:57:22
28838,3:46 PM,3:44 PM,-2,Flight match,2026-07-23 19:05:50
29552,4:04 PM,4:09 PM,5,Flight match,2026-07-23 19:05:50
29388,4:21 PM,4:26 PM,5,Flight match,2026-07-23 19:05:50
29198,4:21 PM,4:26 PM,5,Flight match,2026-07-23 19:05:50
27976,5:35 PM,5:31 PM,-4,Flight match,2026-07-23 19:05:50
24988,7:50 PM,7:46 PM,-4,Flight match,2026-07-23 19:05:50
29972,2:56 PM,3:01 PM,5,Flight match,2026-07-23 19:19:33
26370,5:40 PM,5:25 PM,-15,Flight match,2026-07-23 19:19:33
28838,3:44 PM,3:45 PM,1,Flight match,2026-07-23 19:40:14
29552,4:09 PM,4:03 PM,-6,Flight match,2026-07-23 19:40:14
29388,4:26 PM,4:32 PM,6,Flight match,2026-07-23 19:40:14
29198,4:26 PM,4:32 PM,6,Flight match,2026-07-23 19:40:14
26370,5:25 PM,5:40 PM,15,Flight match,2026-07-23 19:40:14
27976,5:31 PM,5:30 PM,-1,Flight match,2026-07-23 19:40:14
30016,6:06 PM,5:57 PM,-9,Flight match,2026-07-23 19:40:14
24988,7:46 PM,7:28 PM,-18,Flight match,2026-07-23 19:40:14
28838,3:45 PM,3:45 PM,0,Flight match,2026-07-23 20:33:16
29937,4:01 PM,4:00 PM,-1,Flight match,2026-07-23 20:33:16
29552,4:03 PM,4:04 PM,1,Flight match,2026-07-23 20:33:16
29388,4:32 PM,4:33 PM,1,Flight match,2026-07-23 20:33:16
29198,4:32 PM,4:33 PM,1,Flight match,2026-07-23 20:33:16
27976,5:30 PM,5:33 PM,3,Flight match,2026-07-23 20:33:16
26370,5:40 PM,5:25 PM,-15,Flight match,2026-07-23 20:33:16
30016,5:57 PM,5:46 PM,-11,Flight match,2026-07-23 20:33:16
29004,6:41 PM,6:50 PM,9,Flight match,2026-07-23 20:33:16
24988,7:28 PM,7:35 PM,7,Flight match,2026-07-23 20:33:16
30044,9:56 PM,10:13 PM,17,Flight match,2026-07-23 20:33:16
23293,10:51 PM,11:05 PM,14,Flight match,2026-07-23 20:33:16
29630,9:30 AM,9:42 AM,12,Flight match,2026-07-23 21:53:21
26458,9:40 AM,9:39 AM,-1,Flight match,2026-07-23 21:53:21
24059,10:06 AM,10:16 AM,10,Flight match,2026-07-23 21:53:21
28634,10:46 AM,10:45 AM,-1,Flight match,2026-07-23 21:53:21
27790,10:56 AM,11:07 AM,11,Flight match,2026-07-23 21:53:21
28953,11:30 AM,11:18 AM,-12,Flight match,2026-07-23 21:53:21
29761,11:57 AM,11:54 AM,-3,Flight match,2026-07-23 21:53:21
29991,12:45 PM,12:36 PM,-9,Flight match,2026-07-23 21:53:21
30129,12:45 PM,12:36 PM,-9,Flight match,2026-07-23 21:53:22
29786,2:37 PM,2:34 PM,-3,Flight match,2026-07-23 21:53:22
28800,2:55 PM,2:52 PM,-3,Flight match,2026-07-23 21:53:22
29025,2:58 PM,3:01 PM,3,Flight match,2026-07-23 21:53:22
24940,3:03 PM,3:07 PM,4,Flight match,2026-07-23 21:53:22
25744,4:27 PM,4:21 PM,-6,Flight match,2026-07-23 21:53:22
29556,4:33 PM,4:30 PM,-3,Flight match,2026-07-23 21:53:22
29779,5:52 PM,5:49 PM,-3,Flight match,2026-07-23 21:53:22
24358,6:14 PM,6:17 PM,3,Flight match,2026-07-23 21:53:22
19035,6:40 PM,6:13 PM,-27,Flight match,2026-07-23 21:53:22
26543,7:20 PM,7:04 PM,-16,Flight match,2026-07-23 21:53:22
29657,7:35 PM,7:10 PM,-25,Flight match,2026-07-23 21:53:22
22677,7:45 PM,7:48 PM,3,Flight match,2026-07-23 21:53:22
29895,8:29 PM,7:59 PM,-30,Flight match,2026-07-23 21:53:22
29388,4:33 PM,4:30 PM,-3,Flight match,2026-07-23 21:54:00
29198,4:33 PM,4:30 PM,-3,Flight match,2026-07-23 21:54:00
26370,5:25 PM,5:46 PM,21,Flight match,2026-07-23 21:54:00
27333,5:27 PM,5:46 PM,19,Flight match,2026-07-23 21:54:00
30016,5:46 PM,5:48 PM,2,Flight match,2026-07-23 21:54:00
29004,6:50 PM,6:43 PM,-7,Flight match,2026-07-23 21:54:01
24988,7:35 PM,7:48 PM,13,Flight match,2026-07-23 21:54:01
30044,10:13 PM,9:56 PM,-17,Flight match,2026-07-23 21:54:01
30016,5:48 PM,5:45 PM,-3,Flight match,2026-07-24 00:58:23
30044,9:56 PM,9:50 PM,-6,Flight match,2026-07-24 00:58:24
26474,10:03 PM,10:13 PM,10,Flight match,2026-07-24 00:58:24
23293,11:05 PM,10:23 PM,-42,Flight match,2026-07-24 00:58:24
29672,7:29 AM,7:32 AM,3,Flight match,2026-07-24 05:11:23
29697,8:14 AM,7:59 AM,-15,Flight match,2026-07-24 05:11:23
30264,8:30 AM,8:21 AM,-9,Flight match,2026-07-24 05:11:23
29630,9:42 AM,9:30 AM,-12,Flight match,2026-07-24 05:11:23
29855,9:57 AM,10:09 AM,12,Flight match,2026-07-24 05:11:23
29188,11:00 AM,11:20 AM,20,Flight match,2026-07-24 05:11:23
27871,11:12 AM,11:23 AM,11,Flight match,2026-07-24 05:11:23
29025,3:01 PM,2:58 PM,-3,Flight match,2026-07-24 05:11:23
24358,6:17 PM,6:14 PM,-3,Flight match,2026-07-24 05:11:23
29895,7:59 PM,8:29 PM,30,Flight match,2026-07-24 05:11:23
29964,9:15 PM,9:06 PM,-9,Flight match,2026-07-24 05:11:23
12109,9:30 PM,9:14 PM,-16,Flight match,2026-07-24 05:11:23
29690,9:50 PM,9:28 PM,-22,Flight match,2026-07-24 05:11:23
21091,10:54 PM,10:40 PM,-14,Flight match,2026-07-24 05:11:24
29697,7:59 AM,9:05 AM,66,Flight match,2026-07-24 10:46:28
19035,6:13 PM,6:40 PM,27,Flight match,2026-07-24 10:46:30
28997,10:18 AM,10:43 AM,25,Flight match,2026-07-24 10:46:30
29657,7:10 PM,7:35 PM,25,Flight match,2026-07-24 10:46:31
29690,9:28 PM,9:50 PM,22,Flight match,2026-07-24 10:46:32
30264,8:21 AM,8:43 AM,22,Flight match,2026-07-24 10:46:33
29761,11:54 AM,12:13 PM,19,Flight match,2026-07-24 10:46:33
27790,11:07 AM,10:50 AM,-17,Flight match,2026-07-24 10:46:35
12109,9:14 PM,9:30 PM,16,Flight match,2026-07-24 10:46:35
29675,11:06 AM,11:21 AM,15,Flight match,2026-07-24 10:46:36
28841,8:33 AM,8:47 AM,14,Flight match,2026-07-24 10:46:37
29672,7:32 AM,7:44 AM,12,Flight match,2026-07-24 10:46:38
24059,10:16 AM,10:05 AM,-11,Flight match,2026-07-24 10:46:39
29706,5:15 PM,5:26 PM,11,Flight match,2026-07-24 10:46:40
27871,11:23 AM,11:12 AM,-11,Flight match,2026-07-24 10:46:41
30059,9:00 AM,8:50 AM,-10,Flight match,2026-07-24 10:46:42
29188,11:20 AM,11:10 AM,-10,Flight match,2026-07-24 10:46:43
29770,11:18 AM,11:10 AM,-8,Flight match,2026-07-24 10:46:45
29964,9:06 PM,9:15 PM,9,Flight match,2026-07-24 10:46:45
26458,9:39 AM,9:33 AM,-6,Flight match,2026-07-24 10:46:45
25744,4:21 PM,4:27 PM,6,Flight match,2026-07-24 10:46:46
27547,8:43 AM,8:49 AM,6,Flight match,2026-07-24 10:46:47
29345,8:36 AM,8:31 AM,-5,Flight match,2026-07-24 10:46:48
29630,9:30 AM,9:36 AM,6,Flight match,2026-07-24 10:46:49
22218,8:22 AM,8:21 AM,-1,Flight match,2026-07-24 10:46:49
28634,10:45 AM,10:46 AM,1,Flight match,2026-07-24 10:46:50
28569,8:49 AM,8:51 AM,2,Flight match,2026-07-24 10:46:54
23801,9:45 AM,9:48 AM,3,Flight match,2026-07-24 10:46:54
29855,10:09 AM,10:13 AM,4,Flight match,2026-07-24 10:46:54
28953,11:18 AM,11:20 AM,2,Flight match,2026-07-24 10:46:54
28974,11:35 AM,11:40 AM,5,Flight match,2026-07-24 10:46:54
29991,12:36 PM,12:35 PM,-1,Flight match,2026-07-24 10:46:54
30129,12:36 PM,12:35 PM,-1,Flight match,2026-07-24 10:46:54
29556,4:30 PM,4:33 PM,3,Flight match,2026-07-24 10:46:54
24358,6:14 PM,6:17 PM,3,Flight match,2026-07-24 10:46:54
29895,8:29 PM,8:32 PM,3,Flight match,2026-07-24 10:46:54
29345,8:31 AM,8:37 AM,6,Flight match,2026-07-24 10:48:53
27790,10:50 AM,10:47 AM,-3,Flight match,2026-07-24 10:48:55
29566,11:18 AM,11:21 AM,3,Flight match,2026-07-24 10:48:55
29706,5:26 PM,5:53 PM,27,Flight match,2026-07-24 11:13:12
26458,9:33 AM,9:53 AM,20,Flight match,2026-07-24 11:13:13
27790,10:47 AM,11:01 AM,14,Flight match,2026-07-24 11:13:13
29345,8:37 AM,8:47 AM,10,Flight match,2026-07-24 11:13:14
29494,10:29 AM,10:39 AM,10,Flight match,2026-07-24 11:13:15
29697,9:05 AM,8:56 AM,-9,Flight match,2026-07-24 11:13:16
22218,8:21 AM,8:22 AM,1,Flight match,2026-07-24 11:13:19
28841,8:47 AM,8:52 AM,5,Flight match,2026-07-24 11:13:19
28569,8:51 AM,8:50 AM,-1,Flight match,2026-07-24 11:13:19
29630,9:36 AM,9:34 AM,-2,Flight match,2026-07-24 11:13:19
28997,10:43 AM,10:42 AM,-1,Flight match,2026-07-24 11:13:19
29566,11:21 AM,11:19 AM,-2,Flight match,2026-07-24 11:13:19
30234,3:30 PM,2:18 PM,-72,Flight match,2026-07-24 11:27:43
26296,12:05 PM,1:21 PM,76,Flight match,2026-07-24 11:28:14
28686,6:01 PM,4:15 PM,-106,Flight match,2026-07-24 11:28:21
17508,12:00 PM,11:52 AM,-8,Flight match,2026-07-24 11:28:30
30251,1:45 PM,1:15 PM,-30,Flight match,2026-07-24 11:28:36
22827,1:30 PM,12:55 PM,-35,Flight match,2026-07-24 11:29:11
30045,12:00 PM,11:28 AM,-32,Flight match,2026-07-24 11:29:17
29672,7:44 AM,7:41 AM,-3,Flight match,2026-07-24 11:45:38
22218,8:22 AM,8:23 AM,1,Flight match,2026-07-24 11:45:39
29345,8:47 AM,8:49 AM,2,Flight match,2026-07-24 11:45:39
27547,8:49 AM,8:51 AM,2,Flight match,2026-07-24 11:45:39
28569,8:50 AM,8:50 AM,0,Flight match,2026-07-24 11:45:39
29697,8:56 AM,8:59 AM,3,Flight match,2026-07-24 11:45:39
23801,9:48 AM,9:47 AM,-1,Flight match,2026-07-24 11:45:39
26458,9:53 AM,9:54 AM,1,Flight match,2026-07-24 11:45:39
24059,10:05 AM,10:16 AM,11,Flight match,2026-07-24 11:45:39
29855,10:13 AM,9:57 AM,-16,Flight match,2026-07-24 11:45:39
29494,10:39 AM,10:12 AM,-27,Flight match,2026-07-24 11:45:39
28997,10:42 AM,10:36 AM,-6,Flight match,2026-07-24 11:45:39
28634,10:46 AM,10:43 AM,-3,Flight match,2026-07-24 11:45:39
27790,11:01 AM,10:50 AM,-11,Flight match,2026-07-24 11:45:39
29770,11:10 AM,11:00 AM,-10,Flight match,2026-07-24 11:45:39
28953,11:20 AM,11:27 AM,7,Flight match,2026-07-24 11:45:39
22677,7:48 PM,7:45 PM,-3,Flight match,2026-07-24 11:45:39
23523,8:10 AM,7:59 AM,-11,Flight match,2026-07-24 11:51:32
28117,8:40 AM,8:38 AM,-2,Flight match,2026-07-24 11:51:32
28321,8:45 AM,8:36 AM,-9,Flight match,2026-07-24 11:51:32
28661,8:59 AM,8:42 AM,-17,Flight match,2026-07-24 11:51:32
28701,9:30 AM,8:30 AM,-60,Flight match,2026-07-24 11:51:32
16302,9:40 AM,9:44 AM,4,Flight match,2026-07-24 11:51:32
24171,9:44 AM,9:41 AM,-3,Flight match,2026-07-24 11:51:32
20399,9:46 AM,9:37 AM,-9,Flight match,2026-07-24 11:51:32
21831,9:50 AM,9:47 AM,-3,Flight match,2026-07-24 11:51:32
27600,10:11 AM,10:09 AM,-2,Flight match,2026-07-24 11:51:32
27550,10:30 AM,10:14 AM,-16,Flight match,2026-07-24 11:51:32
30014,11:00 AM,10:59 AM,-1,Flight match,2026-07-24 11:51:32
29702,11:30 AM,10:52 AM,-38,Flight match,2026-07-24 11:51:32
24503,1:40 PM,1:29 PM,-11,Flight match,2026-07-24 11:51:32
30047,1:45 PM,1:22 PM,-23,Flight match,2026-07-24 11:51:32
30208,2:00 PM,1:58 PM,-2,Flight match,2026-07-24 11:51:32
25316,2:20 PM,2:21 PM,1,Flight match,2026-07-24 11:51:32
29677,3:40 PM,3:03 PM,-37,Flight match,2026-07-24 11:51:32
29996,6:00 PM,5:23 PM,-37,Flight match,2026-07-24 11:51:32
29452,6:23 PM,5:55 PM,-28,Flight match,2026-07-24 11:51:32
29786,2:34 PM,3:20 PM,46,Flight match,2026-07-24 12:21:22
28634,10:43 AM,11:16 AM,33,Flight match,2026-07-24 12:21:23
27790,10:50 AM,11:12 AM,22,Flight match,2026-07-24 12:21:24
29770,11:00 AM,11:20 AM,20,Flight match,2026-07-24 12:21:26
29494,10:12 AM,10:30 AM,18,Flight match,2026-07-24 12:21:27
29761,12:13 PM,12:05 PM,-8,Flight match,2026-07-24 12:21:27
29188,11:10 AM,11:04 AM,-6,Flight match,2026-07-24 12:21:28
29566,11:19 AM,11:13 AM,-6,Flight match,2026-07-24 12:21:28
24059,10:16 AM,10:22 AM,6,Flight match,2026-07-24 12:21:29
26458,9:54 AM,9:49 AM,-5,Flight match,2026-07-24 12:21:30
28974,11:40 AM,11:45 AM,5,Flight match,2026-07-24 12:21:30
29697,8:59 AM,9:04 AM,5,Flight match,2026-07-24 12:21:32
29991,12:35 PM,12:40 PM,5,Flight match,2026-07-24 12:21:32
30129,12:35 PM,12:40 PM,5,Flight match,2026-07-24 12:21:33
22218,8:23 AM,8:22 AM,-1,Flight match,2026-07-24 12:21:37
29345,8:49 AM,8:48 AM,-1,Flight match,2026-07-24 12:21:37
30059,8:50 AM,8:54 AM,4,Flight match,2026-07-24 12:21:37
28569,8:50 AM,8:49 AM,-1,Flight match,2026-07-24 12:21:37
27547,8:51 AM,8:55 AM,4,Flight match,2026-07-24 12:21:37
28841,8:52 AM,8:53 AM,1,Flight match,2026-07-24 12:21:37
23801,9:47 AM,9:45 AM,-2,Flight match,2026-07-24 12:21:37
29855,9:57 AM,10:00 AM,3,Flight match,2026-07-24 12:21:37
28997,10:36 AM,10:34 AM,-2,Flight match,2026-07-24 12:21:37
27871,11:12 AM,11:14 AM,2,Flight match,2026-07-24 12:21:37
29675,11:21 AM,11:19 AM,-2,Flight match,2026-07-24 12:21:38
29380,11:52 AM,11:53 AM,1,Flight match,2026-07-24 12:21:38
22677,7:45 PM,7:48 PM,3,Flight match,2026-07-24 12:21:38
22218,8:22 AM,8:28 AM,6,Flight match,2026-07-24 12:31:38
29345,8:48 AM,8:46 AM,-2,Flight match,2026-07-24 12:31:38
23801,9:45 AM,9:50 AM,5,Flight match,2026-07-24 12:31:38
24059,10:22 AM,10:15 AM,-7,Flight match,2026-07-24 12:31:38
29566,11:13 AM,11:19 AM,6,Flight match,2026-07-24 12:31:38
29770,11:20 AM,11:24 AM,4,Flight match,2026-07-24 12:31:38
21091,10:40 PM,10:54 PM,14,Flight match,2026-07-24 12:31:38
22218,8:28 AM,8:40 AM,12,Flight match,2026-07-24 13:03:00
30264,8:43 AM,8:44 AM,1,Flight match,2026-07-24 13:03:00
29345,8:46 AM,8:50 AM,4,Flight match,2026-07-24 13:03:00
28569,8:49 AM,8:50 AM,1,Flight match,2026-07-24 13:03:00
28841,8:53 AM,8:52 AM,-1,Flight match,2026-07-24 13:03:00
27547,8:55 AM,8:50 AM,-5,Flight match,2026-07-24 13:03:00
29697,9:04 AM,8:56 AM,-8,Flight match,2026-07-24 13:03:00
23801,9:50 AM,9:45 AM,-5,Flight match,2026-07-24 13:03:00
29855,10:00 AM,9:39 AM,-21,Flight match,2026-07-24 13:03:00
28997,10:34 AM,10:35 AM,1,Flight match,2026-07-24 13:03:00
29188,11:04 AM,11:20 AM,16,Flight match,2026-07-24 13:03:00
27790,11:12 AM,11:16 AM,4,Flight match,2026-07-24 13:03:00
28634,11:16 AM,12:17 PM,61,Flight match,2026-07-24 13:03:00
29566,11:19 AM,11:16 AM,-3,Flight match,2026-07-24 13:03:00
29675,11:19 AM,11:18 AM,-1,Flight match,2026-07-24 13:03:01
29770,11:24 AM,11:28 AM,4,Flight match,2026-07-24 13:03:01
28953,11:27 AM,11:26 AM,-1,Flight match,2026-07-24 13:03:01
28974,11:45 AM,11:42 AM,-3,Flight match,2026-07-24 13:03:01
29380,11:53 AM,11:51 AM,-2,Flight match,2026-07-24 13:03:01
29761,12:05 PM,11:59 AM,-6,Flight match,2026-07-24 13:03:01
28800,2:52 PM,2:45 PM,-7,Flight match,2026-07-24 13:03:01
24940,3:07 PM,2:53 PM,-14,Flight match,2026-07-24 13:03:01
29914,11:10 PM,10:55 PM,-15,Flight match,2026-07-24 13:03:01
30059,8:54 AM,8:49 AM,-5,Flight match,2026-07-24 13:32:26
29697,8:56 AM,8:58 AM,2,Flight match,2026-07-24 13:32:27
29630,9:34 AM,9:25 AM,-9,Flight match,2026-07-24 13:32:27
29855,9:39 AM,9:40 AM,1,Flight match,2026-07-24 13:32:27
23801,9:45 AM,9:46 AM,1,Flight match,2026-07-24 13:32:27
27871,11:14 AM,10:59 AM,-15,Flight match,2026-07-24 13:32:27
27790,11:16 AM,11:08 AM,-8,Flight match,2026-07-24 13:32:27
29566,11:16 AM,11:25 AM,9,Flight match,2026-07-24 13:32:28
29675,11:18 AM,11:16 AM,-2,Flight match,2026-07-24 13:32:28
29188,11:20 AM,11:15 AM,-5,Flight match,2026-07-24 13:32:28
28953,11:26 AM,11:31 AM,5,Flight match,2026-07-24 13:32:28
29770,11:28 AM,11:22 AM,-6,Flight match,2026-07-24 13:32:28
28974,11:42 AM,11:45 AM,3,Flight match,2026-07-24 13:32:28
29380,11:51 AM,11:59 AM,8,Flight match,2026-07-24 13:32:28
29761,11:59 AM,12:06 PM,7,Flight match,2026-07-24 13:32:29
28634,12:17 PM,12:14 PM,-3,Flight match,2026-07-24 13:32:29
29025,2:58 PM,3:01 PM,3,Flight match,2026-07-24 13:32:29
22677,7:48 PM,7:45 PM,-3,Flight match,2026-07-24 13:32:29
29914,10:55 PM,11:10 PM,15,Flight match,2026-07-24 13:32:30
29630,9:25 AM,9:21 AM,-4,Flight match,2026-07-24 13:42:43
29855,9:40 AM,9:50 AM,10,Flight match,2026-07-24 13:42:43
23801,9:46 AM,9:52 AM,6,Flight match,2026-07-24 13:42:43
26458,9:49 AM,9:57 AM,8,Flight match,2026-07-24 13:42:43
28997,10:35 AM,10:36 AM,1,Flight match,2026-07-24 13:42:43
29675,11:16 AM,11:16 AM,0,Flight match,2026-07-24 13:42:43
28953,11:31 AM,11:30 AM,-1,Flight match,2026-07-24 13:42:43
28974,11:45 AM,11:43 AM,-2,Flight match,2026-07-24 13:42:43
29761,12:06 PM,11:43 AM,-23,Flight match,2026-07-24 13:42:43
28634,12:14 PM,1:32 PM,78,Flight match,2026-07-24 13:42:43
28800,2:45 PM,3:58 PM,73,Flight match,2026-07-24 13:42:43
24358,6:17 PM,6:14 PM,-3,Flight match,2026-07-24 13:42:43
23801,9:52 AM,9:54 AM,2,Flight match,2026-07-24 13:49:26
29991,12:40 PM,12:35 PM,-5,Flight match,2026-07-24 13:49:26
30129,12:40 PM,12:35 PM,-5,Flight match,2026-07-24 13:49:26
24358,6:14 PM,6:17 PM,3,Flight match,2026-07-24 13:49:26
26458,9:57 AM,9:54 AM,-3,Flight match,2026-07-24 13:55:38
29761,11:43 AM,12:12 PM,29,Flight match,2026-07-24 13:55:38
28974,11:43 AM,11:43 AM,0,Flight match,2026-07-24 13:55:38
29380,11:59 AM,11:43 AM,-16,Flight match,2026-07-24 13:55:38
28634,1:32 PM,1:29 PM,-3,Flight match,2026-07-24 13:55:38
29855,9:50 AM,9:48 AM,-2,Flight match,2026-07-24 14:37:42
23801,9:54 AM,9:53 AM,-1,Flight match,2026-07-24 14:37:42
24059,10:15 AM,10:10 AM,-5,Flight match,2026-07-24 14:37:42
29494,10:30 AM,10:26 AM,-4,Flight match,2026-07-24 14:37:43
28997,10:36 AM,10:37 AM,1,Flight match,2026-07-24 14:37:43
27790,11:08 AM,11:14 AM,6,Flight match,2026-07-24 14:37:43
29188,11:15 AM,11:18 AM,3,Flight match,2026-07-24 14:37:43
29675,11:16 AM,11:19 AM,3,Flight match,2026-07-24 14:37:43
29770,11:22 AM,11:17 AM,-5,Flight match,2026-07-24 14:37:43
29566,11:25 AM,11:20 AM,-5,Flight match,2026-07-24 14:37:43
28953,11:30 AM,11:27 AM,-3,Flight match,2026-07-24 14:37:43
29380,11:43 AM,11:59 AM,16,Flight match,2026-07-24 14:37:43
29761,12:12 PM,12:10 PM,-2,Flight match,2026-07-24 14:37:43
29991,12:35 PM,12:36 PM,1,Flight match,2026-07-24 14:37:43
30129,12:35 PM,12:36 PM,1,Flight match,2026-07-24 14:37:43
28634,1:29 PM,1:28 PM,-1,Flight match,2026-07-24 14:37:43
29025,3:01 PM,2:58 PM,-3,Flight match,2026-07-24 14:37:43
29786,3:20 PM,3:15 PM,-5,Flight match,2026-07-24 14:37:43
28800,3:58 PM,2:52 PM,-66,Flight match,2026-07-24 14:37:44
25744,4:27 PM,4:21 PM,-6,Flight match,2026-07-24 14:37:44
26543,7:04 PM,7:20 PM,16,Flight match,2026-07-24 14:37:44
22677,7:45 PM,7:48 PM,3,Flight match,2026-07-24 14:37:44
28579,7:56 PM,7:59 PM,3,Flight match,2026-07-24 14:37:44
12109,9:30 PM,9:31 PM,1,Flight match,2026-07-24 14:37:44
28997,10:37 AM,10:33 AM,-4,Flight match,2026-07-24 15:11:26
27871,10:59 AM,11:01 AM,2,Flight match,2026-07-24 15:11:26
27790,11:14 AM,11:05 AM,-9,Flight match,2026-07-24 15:11:26
29675,11:19 AM,11:18 AM,-1,Flight match,2026-07-24 15:11:27
28953,11:27 AM,11:25 AM,-2,Flight match,2026-07-24 15:11:27
28974,11:43 AM,11:44 AM,1,Flight match,2026-07-24 15:11:27
29761,12:10 PM,12:05 PM,-5,Flight match,2026-07-24 15:11:27
29991,12:36 PM,12:38 PM,2,Flight match,2026-07-24 15:11:27
30129,12:36 PM,12:38 PM,2,Flight match,2026-07-24 15:11:27
28634,1:28 PM,1:43 PM,15,Flight match,2026-07-24 15:11:27
28800,2:52 PM,2:42 PM,-10,Flight match,2026-07-24 15:11:27
29025,2:58 PM,2:41 PM,-17,Flight match,2026-07-24 15:11:27
29706,5:53 PM,5:45 PM,-8,Flight match,2026-07-24 15:11:27
29065,6:20 PM,6:56 PM,36,Flight match,2026-07-24 15:11:27
28579,7:59 PM,7:56 PM,-3,Flight match,2026-07-24 15:11:27
12109,9:31 PM,9:30 PM,-1,Flight match,2026-07-24 15:11:27
27871,11:01 AM,11:11 AM,10,Flight match,2026-07-24 15:13:59
29380,11:59 AM,12:14 PM,15,Flight match,2026-07-24 15:13:59
28634,1:43 PM,1:52 PM,9,Flight match,2026-07-24 15:13:59
24940,2:53 PM,2:38 PM,-15,Flight match,2026-07-24 15:13:59
22677,7:48 PM,7:45 PM,-3,Flight match,2026-07-24 15:13:59
29991,12:38 PM,12:39 PM,1,Flight match,2026-07-24 15:26:20
28953,11:25 AM,11:23 AM,-2,Flight match,2026-07-24 15:33:16
26543,7:20 PM,6:49 PM,-31,Flight match,2026-07-24 15:49:28
27871,11:11 AM,11:08 AM,-3,Flight match,2026-07-24 15:52:06
29770,11:17 AM,11:18 AM,1,Flight match,2026-07-24 15:52:06
29675,11:18 AM,11:16 AM,-2,Flight match,2026-07-24 15:52:06
29188,11:18 AM,11:07 AM,-11,Flight match,2026-07-24 15:52:06
29566,11:20 AM,11:21 AM,1,Flight match,2026-07-24 15:52:06
28974,11:44 AM,11:45 AM,1,Flight match,2026-07-24 15:52:06
30129,12:38 PM,12:39 PM,1,Flight match,2026-07-24 15:52:07
29991,12:39 PM,12:39 PM,0,Flight match,2026-07-24 15:52:07
28634,1:52 PM,2:02 PM,10,Flight match,2026-07-24 15:52:07
24940,2:38 PM,2:53 PM,15,Flight match,2026-07-24 15:52:07
28800,2:42 PM,3:58 PM,76,Flight match,2026-07-24 15:52:07
29786,3:15 PM,3:22 PM,7,Flight match,2026-07-24 15:52:07
29556,4:33 PM,4:30 PM,-3,Flight match,2026-07-24 15:52:07
29706,5:45 PM,5:25 PM,-20,Flight match,2026-07-24 15:52:07
29779,5:49 PM,5:42 PM,-7,Flight match,2026-07-24 15:52:07
28974,11:45 AM,11:46 AM,1,Flight match,2026-07-24 16:06:06
29761,12:05 PM,12:00 PM,-5,Flight match,2026-07-24 16:06:06
24940,2:53 PM,2:45 PM,-8,Flight match,2026-07-24 16:06:06
29786,3:22 PM,3:13 PM,-9,Flight match,2026-07-24 16:06:06
28800,3:58 PM,2:50 PM,-68,Flight match,2026-07-24 16:06:06
25744,4:21 PM,4:20 PM,-1,Flight match,2026-07-24 16:06:06
29706,5:25 PM,5:45 PM,20,Flight match,2026-07-24 16:06:06
26543,6:49 PM,7:49 PM,60,Flight match,2026-07-24 16:06:06
29895,8:32 PM,8:29 PM,-3,Flight match,2026-07-24 16:06:06
29380,12:14 PM,12:11 PM,-3,Flight match,2026-07-24 16:31:07
29991,12:39 PM,12:38 PM,-1,Flight match,2026-07-24 16:31:07
28634,2:02 PM,1:48 PM,-14,Flight match,2026-07-24 16:31:07
28800,2:50 PM,2:53 PM,3,Flight match,2026-07-24 16:31:07
29786,3:13 PM,3:31 PM,18,Flight match,2026-07-24 16:31:07
29556,4:30 PM,4:38 PM,8,Flight match,2026-07-24 16:31:07
29991,12:38 PM,12:39 PM,1,Flight match,2026-07-24 16:39:03
30129,12:39 PM,12:39 PM,0,Flight match,2026-07-24 16:39:03
29025,2:41 PM,2:42 PM,1,Flight match,2026-07-24 16:39:03
24940,2:45 PM,3:15 PM,30,Flight match,2026-07-24 16:39:03
28800,2:53 PM,2:58 PM,5,Flight match,2026-07-24 16:39:03
29786,3:31 PM,3:28 PM,-3,Flight match,2026-07-24 16:39:03
24358,6:17 PM,6:04 PM,-13,Flight match,2026-07-24 16:39:03
19035,6:40 PM,6:30 PM,-10,Flight match,2026-07-24 16:39:03
22677,7:45 PM,7:48 PM,3,Flight match,2026-07-24 16:39:03
26543,7:49 PM,7:22 PM,-27,Flight match,2026-07-24 16:39:03
29914,11:10 PM,11:51 PM,41,Flight match,2026-07-24 16:39:03
29914,11:51 PM,12:05 AM,-1426,Flight match,2026-07-24 17:02:34
24940,3:15 PM,3:04 PM,-11,Flight match,2026-07-24 17:02:35
30129,12:39 PM,12:36 PM,-3,Flight match,2026-07-24 17:02:40
29991,12:39 PM,12:36 PM,-3,Flight match,2026-07-24 17:02:40
29025,2:42 PM,2:40 PM,-2,Flight match,2026-07-24 17:02:41
28800,2:58 PM,3:00 PM,2,Flight match,2026-07-24 17:02:41
29786,3:28 PM,3:25 PM,-3,Flight match,2026-07-24 17:02:41
25744,4:20 PM,4:17 PM,-3,Flight match,2026-07-24 17:02:41
29065,6:56 PM,7:06 PM,10,Flight match,2026-07-24 17:12:31
26543,7:22 PM,7:39 PM,17,Flight match,2026-07-24 17:12:31
28800,3:00 PM,2:56 PM,-4,Flight match,2026-07-24 17:14:07
28800,2:56 PM,2:59 PM,3,Flight match,2026-07-24 17:30:00
29706,5:45 PM,5:25 PM,-20,Flight match,2026-07-24 17:30:00
19035,6:30 PM,6:40 PM,10,Flight match,2026-07-24 17:30:00
29657,7:35 PM,7:25 PM,-10,Flight match,2026-07-24 17:30:00
28579,7:56 PM,7:59 PM,3,Flight match,2026-07-24 17:30:00
28634,1:48 PM,1:47 PM,-1,Flight match,2026-07-24 17:55:02
28800,2:59 PM,2:50 PM,-9,Flight match,2026-07-24 17:55:02
29786,3:25 PM,3:12 PM,-13,Flight match,2026-07-24 17:55:02
22677,7:48 PM,7:45 PM,-3,Flight match,2026-07-24 17:55:02
28579,7:59 PM,7:56 PM,-3,Flight match,2026-07-24 17:55:02
28634,1:47 PM,1:43 PM,-4,Flight match,2026-07-24 18:12:44
28800,2:50 PM,2:54 PM,4,Flight match,2026-07-24 18:12:44
29556,4:38 PM,4:31 PM,-7,Flight match,2026-07-24 18:12:44
29706,5:25 PM,5:35 PM,10,Flight match,2026-07-24 18:12:44
29779,5:42 PM,5:31 PM,-11,Flight match,2026-07-24 18:12:44
22677,7:45 PM,7:48 PM,3,Flight match,2026-07-24 18:12:44
28579,7:56 PM,7:59 PM,3,Flight match,2026-07-24 18:12:44
29690,9:50 PM,10:29 PM,39,Flight match,2026-07-24 18:12:44
28800,2:54 PM,2:54 PM,0,Flight match,2026-07-24 18:15:22
25744,4:17 PM,4:22 PM,5,Flight match,2026-07-24 18:15:22
29706,5:35 PM,5:42 PM,7,Flight match,2026-07-24 18:15:22
28579,7:59 PM,7:41 PM,-18,Flight match,2026-07-24 18:15:22
29025,2:40 PM,2:37 PM,-3,Flight match,2026-07-24 18:43:06
24940,3:04 PM,3:08 PM,4,Flight match,2026-07-24 18:43:06
29786,3:12 PM,3:13 PM,1,Flight match,2026-07-24 18:43:06
25744,4:22 PM,4:38 PM,16,Flight match,2026-07-24 18:43:06
29556,4:31 PM,5:39 PM,68,Flight match,2026-07-24 18:43:06
29706,5:42 PM,5:33 PM,-9,Flight match,2026-07-24 18:43:06
29657,7:25 PM,7:17 PM,-8,Flight match,2026-07-24 18:43:06
29895,8:29 PM,8:32 PM,3,Flight match,2026-07-24 18:43:06
29690,10:29 PM,10:30 PM,1,Flight match,2026-07-24 18:43:06
29706,5:33 PM,5:42 PM,9,Flight match,2026-07-24 18:44:42
28800,2:54 PM,2:54 PM,0,Flight match,2026-07-24 18:54:34
25744,4:38 PM,4:28 PM,-10,Flight match,2026-07-24 18:54:34
19035,6:40 PM,6:20 PM,-20,Flight match,2026-07-24 18:54:34
22677,7:48 PM,7:45 PM,-3,Flight match,2026-07-24 18:54:35
29025,2:37 PM,2:38 PM,1,Flight match,2026-07-24 19:01:08
28800,2:54 PM,2:56 PM,2,Flight match,2026-07-24 19:01:08
24940,3:08 PM,3:07 PM,-1,Flight match,2026-07-24 19:01:08
29786,3:13 PM,3:14 PM,1,Flight match,2026-07-24 19:01:08
25744,4:28 PM,4:29 PM,1,Flight match,2026-07-24 19:01:08
29779,5:31 PM,5:47 PM,16,Flight match,2026-07-24 19:01:08
29657,7:17 PM,7:21 PM,4,Flight match,2026-07-24 19:01:08
22677,7:45 PM,7:48 PM,3,Flight match,2026-07-24 19:01:08
29964,9:15 PM,9:05 PM,-10,Flight match,2026-07-24 19:01:08
24940,3:07 PM,3:05 PM,-2,Flight match,2026-07-24 19:23:08
29786,3:14 PM,3:16 PM,2,Flight match,2026-07-24 19:23:08
29706,5:42 PM,5:43 PM,1,Flight match,2026-07-24 19:23:08
29779,5:47 PM,5:29 PM,-18,Flight match,2026-07-24 19:23:08
19035,6:20 PM,6:19 PM,-1,Flight match,2026-07-24 19:23:08
29065,7:06 PM,6:55 PM,-11,Flight match,2026-07-24 19:23:08
29657,7:21 PM,7:22 PM,1,Flight match,2026-07-24 19:23:08
29690,10:30 PM,10:24 PM,-6,Flight match,2026-07-24 19:23:09
24358,6:04 PM,6:12 PM,8,Flight match,2026-07-24 19:51:13
19035,6:19 PM,6:20 PM,1,Flight match,2026-07-24 19:51:13
29895,8:32 PM,8:22 PM,-10,Flight match,2026-07-24 19:51:13
29964,9:05 PM,8:59 PM,-6,Flight match,2026-07-24 19:51:13
28768,9:42 PM,9:43 PM,1,Flight match,2026-07-24 19:51:13
29657,7:22 PM,7:23 PM,1,Flight match,2026-07-24 19:58:09
26543,7:39 PM,7:58 PM,19,Flight match,2026-07-24 19:58:09
29690,10:24 PM,10:14 PM,-10,Flight match,2026-07-24 19:58:09
25744,4:29 PM,4:42 PM,13,Flight match,2026-07-24 20:36:20
29779,5:29 PM,5:33 PM,4,Flight match,2026-07-24 20:36:20
29556,5:39 PM,5:41 PM,2,Flight match,2026-07-24 20:36:20
24358,6:12 PM,6:04 PM,-8,Flight match,2026-07-24 20:36:20
19035,6:20 PM,6:18 PM,-2,Flight match,2026-07-24 20:36:20
29657,7:23 PM,7:22 PM,-1,Flight match,2026-07-24 20:36:20
22677,7:48 PM,7:34 PM,-14,Flight match,2026-07-24 20:36:20
26543,7:58 PM,8:16 PM,18,Flight match,2026-07-24 20:36:20
12109,9:30 PM,9:17 PM,-13,Flight match,2026-07-24 20:36:20
29690,10:14 PM,10:27 PM,13,Flight match,2026-07-24 20:36:20
25744,4:42 PM,4:40 PM,-2,Flight match,2026-07-24 20:49:40
29779,5:33 PM,5:34 PM,1,Flight match,2026-07-24 20:49:40
29556,5:41 PM,5:44 PM,3,Flight match,2026-07-24 20:49:40
19035,6:18 PM,6:17 PM,-1,Flight match,2026-07-24 20:49:40
29065,6:55 PM,7:11 PM,16,Flight match,2026-07-24 20:49:40
22677,7:34 PM,7:45 PM,11,Flight match,2026-07-24 20:49:40
29556,5:44 PM,5:45 PM,1,Flight match,2026-07-24 21:02:51
29657,7:22 PM,7:34 PM,12,Flight match,2026-07-24 21:02:51
28579,7:41 PM,7:31 PM,-10,Flight match,2026-07-24 21:02:51
22677,7:45 PM,7:34 PM,-11,Flight match,2026-07-24 21:02:51
26543,8:16 PM,8:05 PM,-11,Flight match,2026-07-24 21:02:51
29895,8:22 PM,8:14 PM,-8,Flight match,2026-07-24 21:02:51
29690,10:27 PM,10:21 PM,-6,Flight match,2026-07-24 21:02:51
29779,5:34 PM,5:34 PM,0,Flight match,2026-07-24 21:46:50
29706,5:43 PM,5:45 PM,2,Flight match,2026-07-24 21:46:50
29556,5:45 PM,5:47 PM,2,Flight match,2026-07-24 21:46:50
19035,6:17 PM,6:25 PM,8,Flight match,2026-07-24 21:46:50
29065,7:11 PM,7:06 PM,-5,Flight match,2026-07-24 21:46:51
22677,7:34 PM,8:23 PM,49,Flight match,2026-07-24 21:46:51
29657,7:34 PM,7:41 PM,7,Flight match,2026-07-24 21:46:51
26543,8:05 PM,8:17 PM,12,Flight match,2026-07-24 21:46:51
29895,8:14 PM,8:22 PM,8,Flight match,2026-07-24 21:46:51
12109,9:17 PM,9:16 PM,-1,Flight match,2026-07-24 21:46:51
28768,9:43 PM,9:17 PM,-26,Flight match,2026-07-24 21:46:51
29690,10:21 PM,10:22 PM,1,Flight match,2026-07-24 21:46:51
21091,10:54 PM,10:40 PM,-14,Flight match,2026-07-24 21:46:51
29914,11:59 PM,12:14 AM,-1425,Flight match,2026-07-24 21:55:51
29779,5:34 PM,5:43 PM,9,Flight match,2026-07-24 22:31:55
29706,5:45 PM,5:46 PM,1,Flight match,2026-07-24 22:31:55
29556,5:47 PM,6:01 PM,14,Flight match,2026-07-24 22:31:55
24358,6:04 PM,6:06 PM,2,Flight match,2026-07-24 22:31:55
19035,6:25 PM,6:27 PM,2,Flight match,2026-07-24 22:31:55
29065,7:06 PM,7:00 PM,-6,Flight match,2026-07-24 22:31:55
28579,7:31 PM,7:27 PM,-4,Flight match,2026-07-24 22:31:55
26543,8:17 PM,7:56 PM,-21,Flight match,2026-07-24 22:31:55
29895,8:22 PM,8:04 PM,-18,Flight match,2026-07-24 22:31:55
22677,8:23 PM,9:03 PM,40,Flight match,2026-07-24 22:31:55
29964,8:59 PM,8:58 PM,-1,Flight match,2026-07-24 22:31:55
12109,9:16 PM,9:18 PM,2,Flight match,2026-07-24 22:31:55
28768,9:17 PM,9:18 PM,1,Flight match,2026-07-24 22:31:55
29690,10:22 PM,10:27 PM,5,Flight match,2026-07-24 22:31:55
21091,10:40 PM,11:07 PM,27,Flight match,2026-07-24 22:31:55
19035,6:27 PM,6:25 PM,-2,Flight match,2026-07-24 22:59:47
28579,7:27 PM,7:31 PM,4,Flight match,2026-07-24 22:59:47
29657,7:41 PM,7:38 PM,-3,Flight match,2026-07-24 22:59:47
29964,8:58 PM,8:47 PM,-11,Flight match,2026-07-24 22:59:47
22677,9:03 PM,11:52 PM,169,Flight match,2026-07-24 22:59:47
12109,9:18 PM,9:29 PM,11,Flight match,2026-07-24 22:59:47
29690,10:27 PM,10:28 PM,1,Flight match,2026-07-24 22:59:47
29914,12:14 AM,11:28 PM,1394,Flight match,2026-07-25 11:16:22
30494,5:30 AM,4:57 AM,-33,Flight match,2026-07-25 11:16:22
23523,7:59 AM,7:53 AM,-6,Flight match,2026-07-25 11:16:22
28701,8:30 AM,8:45 AM,15,Flight match,2026-07-25 11:16:22
28321,8:36 AM,8:39 AM,3,Flight match,2026-07-25 11:16:22
28117,8:38 AM,8:39 AM,1,Flight match,2026-07-25 11:16:22
28661,8:42 AM,8:41 AM,-1,Flight match,2026-07-25 11:16:22
20399,9:37 AM,9:28 AM,-9,Flight match,2026-07-25 11:16:22
24171,9:41 AM,9:15 AM,-26,Flight match,2026-07-25 11:16:22
16302,9:44 AM,9:22 AM,-22,Flight match,2026-07-25 11:16:22
21831,9:47 AM,9:52 AM,5,Flight match,2026-07-25 11:16:22
27600,10:09 AM,10:05 AM,-4,Flight match,2026-07-25 11:16:22
27550,10:14 AM,10:19 AM,5,Flight match,2026-07-25 11:16:22
28877,10:47 AM,10:29 AM,-18,Flight match,2026-07-25 11:16:22
30359,10:49 AM,10:46 AM,-3,Flight match,2026-07-25 11:16:22
16133,10:51 AM,10:47 AM,-4,Flight match,2026-07-25 11:16:22
29702,10:52 AM,10:42 AM,-10,Flight match,2026-07-25 11:16:22
28724,10:54 AM,10:41 AM,-13,Flight match,2026-07-25 11:16:22
30014,10:59 AM,10:50 AM,-9,Flight match,2026-07-25 11:16:22
10810,11:12 AM,11:48 AM,36,Flight match,2026-07-25 11:16:22
23352,11:15 AM,11:05 AM,-10,Flight match,2026-07-25 11:16:22
30333,11:15 AM,10:28 AM,-47,Flight match,2026-07-25 11:16:22
23460,11:22 AM,11:07 AM,-15,Flight match,2026-07-25 11:16:22
30045,11:28 AM,11:18 AM,-10,Flight match,2026-07-25 11:16:22
29448,11:40 AM,11:36 AM,-4,Flight match,2026-07-25 11:16:22
28731,11:57 AM,11:54 AM,-3,Flight match,2026-07-25 11:16:23
27566,12:28 PM,12:11 PM,-17,Flight match,2026-07-25 11:16:23
28473,12:30 PM,12:19 PM,-11,Flight match,2026-07-25 11:16:23
24911,12:54 PM,12:58 PM,4,Flight match,2026-07-25 11:16:23
29624,12:59 PM,1:03 PM,4,Flight match,2026-07-25 11:16:23
30047,1:22 PM,1:02 PM,-20,Flight match,2026-07-25 11:16:23
25531,1:31 PM,1:28 PM,-3,Flight match,2026-07-25 11:16:23
28735,1:56 PM,1:53 PM,-3,Flight match,2026-07-25 11:16:23
30208,1:58 PM,2:02 PM,4,Flight match,2026-07-25 11:16:23
30331,1:58 PM,2:02 PM,4,Flight match,2026-07-25 11:16:23
23446,2:55 PM,2:52 PM,-3,Flight match,2026-07-25 11:16:23
29677,3:03 PM,3:07 PM,4,Flight match,2026-07-25 11:16:23
15260,4:43 PM,4:47 PM,4,Flight match,2026-07-25 11:16:23
26228,4:53 PM,4:54 PM,1,Flight match,2026-07-25 11:16:23
25827,6:50 PM,6:12 PM,-38,Flight match,2026-07-25 11:16:23
23523,7:53 AM,8:13 AM,20,Flight match,2026-07-25 12:31:24
28117,8:39 AM,8:44 AM,5,Flight match,2026-07-25 12:31:24
28321,8:39 AM,8:47 AM,8,Flight match,2026-07-25 12:31:24
28701,8:45 AM,8:44 AM,-1,Flight match,2026-07-25 12:31:24
24171,9:15 AM,9:08 AM,-7,Flight match,2026-07-25 12:31:24
20399,9:28 AM,9:38 AM,10,Flight match,2026-07-25 12:31:24
21831,9:52 AM,9:53 AM,1,Flight match,2026-07-25 12:31:24
27600,10:05 AM,10:14 AM,9,Flight match,2026-07-25 12:31:24
27550,10:19 AM,10:15 AM,-4,Flight match,2026-07-25 12:31:24
30333,10:28 AM,10:13 AM,-15,Flight match,2026-07-25 12:31:25
28877,10:29 AM,10:34 AM,5,Flight match,2026-07-25 12:31:25
28724,10:41 AM,10:42 AM,1,Flight match,2026-07-25 12:31:25
29702,10:42 AM,10:34 AM,-8,Flight match,2026-07-25 12:31:25
30359,10:46 AM,10:51 AM,5,Flight match,2026-07-25 12:31:25
16133,10:47 AM,10:44 AM,-3,Flight match,2026-07-25 12:31:25
23352,11:05 AM,11:04 AM,-1,Flight match,2026-07-25 12:31:25
23460,11:07 AM,11:10 AM,3,Flight match,2026-07-25 12:31:25
30045,11:18 AM,11:24 AM,6,Flight match,2026-07-25 12:31:25
29448,11:36 AM,11:34 AM,-2,Flight match,2026-07-25 12:31:25
10810,11:48 AM,11:25 AM,-23,Flight match,2026-07-25 12:31:25
28731,11:54 AM,12:02 PM,8,Flight match,2026-07-25 12:31:25
24911,12:58 PM,12:48 PM,-10,Flight match,2026-07-25 12:31:25
30365,1:00 PM,12:46 PM,-14,Flight match,2026-07-25 12:31:25
29263,1:00 PM,12:46 PM,-14,Flight match,2026-07-25 12:31:25
24836,1:00 PM,12:46 PM,-14,Flight match,2026-07-25 12:31:25
29624,1:03 PM,12:55 PM,-8,Flight match,2026-07-25 12:31:25
23305,1:26 PM,1:42 PM,16,Flight match,2026-07-25 12:31:25
28735,1:53 PM,1:46 PM,-7,Flight match,2026-07-25 12:31:25
30208,2:02 PM,2:04 PM,2,Flight match,2026-07-25 12:31:25
30331,2:02 PM,2:04 PM,2,Flight match,2026-07-25 12:31:25
25316,2:21 PM,2:10 PM,-11,Flight match,2026-07-25 12:31:25
25925,2:21 PM,2:10 PM,-11,Flight match,2026-07-25 12:31:25
29677,3:07 PM,3:03 PM,-4,Flight match,2026-07-25 12:31:25
15260,4:47 PM,4:43 PM,-4,Flight match,2026-07-25 12:31:25
28661,8:41 AM,8:36 AM,-5,Flight match,2026-07-25 14:00:46
28117,8:44 AM,8:43 AM,-1,Flight match,2026-07-25 14:00:46
28701,8:44 AM,8:43 AM,-1,Flight match,2026-07-25 14:00:46
28321,8:47 AM,9:12 AM,25,Flight match,2026-07-25 14:00:46
16302,9:22 AM,9:18 AM,-4,Flight match,2026-07-25 14:00:46
20399,9:38 AM,9:37 AM,-1,Flight match,2026-07-25 14:00:46
30333,10:13 AM,10:18 AM,5,Flight match,2026-07-25 14:00:46
27600,10:14 AM,10:11 AM,-3,Flight match,2026-07-25 14:00:47
27550,10:15 AM,10:16 AM,1,Flight match,2026-07-25 14:00:47
28877,10:34 AM,10:29 AM,-5,Flight match,2026-07-25 14:00:47
29702,10:34 AM,10:33 AM,-1,Flight match,2026-07-25 14:00:47
16133,10:44 AM,10:39 AM,-5,Flight match,2026-07-25 14:00:47
30014,10:50 AM,10:42 AM,-8,Flight match,2026-07-25 14:00:47
30359,10:51 AM,10:42 AM,-9,Flight match,2026-07-25 14:00:47
23352,11:04 AM,10:52 AM,-12,Flight match,2026-07-25 14:00:47
23460,11:10 AM,11:04 AM,-6,Flight match,2026-07-25 14:00:47
30045,11:24 AM,11:28 AM,4,Flight match,2026-07-25 14:00:47
10810,11:25 AM,11:56 AM,31,Flight match,2026-07-25 14:00:47
29448,11:34 AM,11:36 AM,2,Flight match,2026-07-25 14:00:47
28731,12:02 PM,12:09 PM,7,Flight match,2026-07-25 14:00:47
27566,12:11 PM,12:04 PM,-7,Flight match,2026-07-25 14:00:47
28473,12:19 PM,12:24 PM,5,Flight match,2026-07-25 14:00:47
30365,12:46 PM,12:45 PM,-1,Flight match,2026-07-25 14:00:47
29263,12:46 PM,12:45 PM,-1,Flight match,2026-07-25 14:00:48
24836,12:46 PM,12:45 PM,-1,Flight match,2026-07-25 14:00:48
24911,12:48 PM,12:43 PM,-5,Flight match,2026-07-25 14:00:48
30047,1:02 PM,1:05 PM,3,Flight match,2026-07-25 14:00:48
25531,1:28 PM,1:32 PM,4,Flight match,2026-07-25 14:00:48
24503,1:29 PM,1:26 PM,-3,Flight match,2026-07-25 14:00:48
23305,1:42 PM,1:23 PM,-19,Flight match,2026-07-25 14:00:48
28735,1:46 PM,1:44 PM,-2,Flight match,2026-07-25 14:00:48
25316,2:10 PM,2:16 PM,6,Flight match,2026-07-25 14:00:48
25925,2:10 PM,2:16 PM,6,Flight match,2026-07-25 14:00:48
23680,2:35 PM,2:26 PM,-9,Flight match,2026-07-25 14:00:48
24917,2:38 PM,2:31 PM,-7,Flight match,2026-07-25 14:00:48
29677,3:03 PM,2:41 PM,-22,Flight match,2026-07-25 14:00:48
27846,4:00 PM,3:50 PM,-10,Flight match,2026-07-25 14:00:48
15260,4:43 PM,4:47 PM,4,Flight match,2026-07-25 14:00:48
29452,5:55 PM,5:38 PM,-17,Flight match,2026-07-25 14:00:48
27600,10:11 AM,10:07 AM,-4,Flight match,2026-07-25 15:06:40
27550,10:16 AM,10:15 AM,-1,Flight match,2026-07-25 15:06:40
30333,10:18 AM,10:15 AM,-3,Flight match,2026-07-25 15:06:40
28877,10:29 AM,10:19 AM,-10,Flight match,2026-07-25 15:06:40
29702,10:33 AM,10:34 AM,1,Flight match,2026-07-25 15:06:40
28724,10:42 AM,10:43 AM,1,Flight match,2026-07-25 15:06:40
30359,10:42 AM,10:44 AM,2,Flight match,2026-07-25 15:06:40
23352,10:52 AM,10:54 AM,2,Flight match,2026-07-25 15:06:40
23460,11:04 AM,10:57 AM,-7,Flight match,2026-07-25 15:06:41
29448,11:36 AM,11:29 AM,-7,Flight match,2026-07-25 15:06:41
10810,11:56 AM,11:49 AM,-7,Flight match,2026-07-25 15:06:41
28731,12:09 PM,12:28 PM,19,Flight match,2026-07-25 15:06:41
28473,12:24 PM,12:27 PM,3,Flight match,2026-07-25 15:06:41
24911,12:43 PM,12:49 PM,6,Flight match,2026-07-25 15:06:41
30365,12:45 PM,12:39 PM,-6,Flight match,2026-07-25 15:06:41
29263,12:45 PM,12:42 PM,-3,Flight match,2026-07-25 15:06:41
24836,12:45 PM,12:39 PM,-6,Flight match,2026-07-25 15:06:41
29624,12:55 PM,12:51 PM,-4,Flight match,2026-07-25 15:06:41
30047,1:05 PM,1:23 PM,18,Flight match,2026-07-25 15:06:41
23305,1:23 PM,1:58 PM,35,Flight match,2026-07-25 15:06:41
24503,1:26 PM,1:24 PM,-2,Flight match,2026-07-25 15:06:41
25531,1:32 PM,1:40 PM,8,Flight match,2026-07-25 15:06:41
28735,1:44 PM,1:41 PM,-3,Flight match,2026-07-25 15:06:41
30208,2:04 PM,1:54 PM,-10,Flight match,2026-07-25 15:06:41
30331,2:04 PM,1:54 PM,-10,Flight match,2026-07-25 15:06:41
25316,2:16 PM,2:13 PM,-3,Flight match,2026-07-25 15:06:41
25925,2:16 PM,2:13 PM,-3,Flight match,2026-07-25 15:06:41
24917,2:31 PM,2:41 PM,10,Flight match,2026-07-25 15:06:41
27846,3:50 PM,3:53 PM,3,Flight match,2026-07-25 15:06:41
15260,4:47 PM,4:26 PM,-21,Flight match,2026-07-25 15:06:41
29452,5:38 PM,5:55 PM,17,Flight match,2026-07-25 15:06:41
29702,10:34 AM,10:29 AM,-5,Flight match,2026-07-25 15:38:14
23352,10:54 AM,10:52 AM,-2,Flight match,2026-07-25 15:38:14
23460,10:57 AM,10:55 AM,-2,Flight match,2026-07-25 15:38:14
30045,11:28 AM,11:26 AM,-2,Flight match,2026-07-25 15:38:14
29448,11:29 AM,11:35 AM,6,Flight match,2026-07-25 15:38:14
10810,11:49 AM,11:54 AM,5,Flight match,2026-07-25 15:38:14
28473,12:27 PM,12:25 PM,-2,Flight match,2026-07-25 15:38:14
28731,12:28 PM,12:21 PM,-7,Flight match,2026-07-25 15:38:14
29263,12:42 PM,12:39 PM,-3,Flight match,2026-07-25 15:38:14
24911,12:49 PM,12:54 PM,5,Flight match,2026-07-25 15:38:15
24503,1:24 PM,1:17 PM,-7,Flight match,2026-07-25 15:38:15
25531,1:40 PM,1:38 PM,-2,Flight match,2026-07-25 15:38:15
28735,1:41 PM,2:00 PM,19,Flight match,2026-07-25 15:38:15
30208,1:54 PM,1:39 PM,-15,Flight match,2026-07-25 15:38:15
30331,1:54 PM,1:39 PM,-15,Flight match,2026-07-25 15:38:15
23305,1:58 PM,1:31 PM,-27,Flight match,2026-07-25 15:38:15
24917,2:41 PM,2:33 PM,-8,Flight match,2026-07-25 15:38:15
29452,5:55 PM,5:38 PM,-17,Flight match,2026-07-25 15:38:15
29448,11:35 AM,11:36 AM,1,Flight match,2026-07-25 16:26:44
10810,11:54 AM,11:49 AM,-5,Flight match,2026-07-25 16:26:44
28731,12:21 PM,12:22 PM,1,Flight match,2026-07-25 16:26:44
28473,12:25 PM,12:26 PM,1,Flight match,2026-07-25 16:26:44
30365,12:39 PM,12:41 PM,2,Flight match,2026-07-25 16:26:44
24836,12:39 PM,12:41 PM,2,Flight match,2026-07-25 16:26:45
29263,12:39 PM,12:41 PM,2,Flight match,2026-07-25 16:26:45
29624,12:51 PM,12:56 PM,5,Flight match,2026-07-25 16:26:45
23305,1:31 PM,1:43 PM,12,Flight match,2026-07-25 16:26:45
25531,1:38 PM,1:28 PM,-10,Flight match,2026-07-25 16:26:45
30208,1:39 PM,1:27 PM,-12,Flight match,2026-07-25 16:26:45
30331,1:39 PM,1:27 PM,-12,Flight match,2026-07-25 16:26:45
28735,2:00 PM,1:47 PM,-13,Flight match,2026-07-25 16:26:45
25925,2:13 PM,2:01 PM,-12,Flight match,2026-07-25 16:26:45
25316,2:13 PM,2:01 PM,-12,Flight match,2026-07-25 16:26:45
23680,2:26 PM,2:35 PM,9,Flight match,2026-07-25 16:26:45
24917,2:33 PM,2:37 PM,4,Flight match,2026-07-25 16:26:45
29677,2:41 PM,2:33 PM,-8,Flight match,2026-07-25 16:26:45
23446,2:52 PM,2:47 PM,-5,Flight match,2026-07-25 16:26:45
27846,3:53 PM,4:08 PM,15,Flight match,2026-07-25 16:26:45
29996,5:23 PM,5:16 PM,-7,Flight match,2026-07-25 16:26:45
28473,12:26 PM,12:24 PM,-2,Flight match,2026-07-25 16:43:21
30365,12:41 PM,12:42 PM,1,Flight match,2026-07-25 16:43:21
24836,12:41 PM,12:42 PM,1,Flight match,2026-07-25 16:43:21
29263,12:41 PM,12:42 PM,1,Flight match,2026-07-25 16:43:22
25531,1:28 PM,1:28 PM,0,Flight match,2026-07-25 16:43:22
23305,1:43 PM,1:34 PM,-9,Flight match,2026-07-25 16:43:22
28735,1:47 PM,1:51 PM,4,Flight match,2026-07-25 16:43:22
25925,2:01 PM,2:00 PM,-1,Flight match,2026-07-25 16:43:22
25316,2:01 PM,2:00 PM,-1,Flight match,2026-07-25 16:43:22
23680,2:35 PM,2:36 PM,1,Flight match,2026-07-25 16:43:22
23446,2:47 PM,2:37 PM,-10,Flight match,2026-07-25 16:43:22
27846,4:08 PM,3:51 PM,-17,Flight match,2026-07-25 16:43:22
25827,6:12 PM,6:50 PM,38,Flight match,2026-07-25 16:43:22
30365,12:42 PM,12:47 PM,5,Flight match,2026-07-25 17:41:17
24836,12:42 PM,12:47 PM,5,Flight match,2026-07-25 17:41:17
29263,12:42 PM,12:47 PM,5,Flight match,2026-07-25 17:41:17
24911,12:54 PM,12:51 PM,-3,Flight match,2026-07-25 17:41:17
29624,12:56 PM,12:58 PM,2,Flight match,2026-07-25 17:41:17
24503,1:17 PM,1:18 PM,1,Flight match,2026-07-25 17:41:17
30047,1:23 PM,1:25 PM,2,Flight match,2026-07-25 17:41:17
30331,1:27 PM,1:23 PM,-4,Flight match,2026-07-25 17:41:17
30208,1:27 PM,1:23 PM,-4,Flight match,2026-07-25 17:41:17
25531,1:28 PM,1:19 PM,-9,Flight match,2026-07-25 17:41:17
23305,1:34 PM,1:37 PM,3,Flight match,2026-07-25 17:41:17
25925,2:00 PM,1:57 PM,-3,Flight match,2026-07-25 17:41:17
25316,2:00 PM,1:57 PM,-3,Flight match,2026-07-25 17:41:17
23680,2:36 PM,2:34 PM,-2,Flight match,2026-07-25 17:41:17
23446,2:37 PM,3:03 PM,26,Flight match,2026-07-25 17:41:17
24917,2:37 PM,2:36 PM,-1,Flight match,2026-07-25 17:41:17
27846,3:51 PM,4:03 PM,12,Flight match,2026-07-25 17:41:17
26228,4:54 PM,4:31 PM,-23,Flight match,2026-07-25 17:41:17
29996,5:16 PM,5:18 PM,2,Flight match,2026-07-25 17:41:17
29452,5:38 PM,5:35 PM,-3,Flight match,2026-07-25 17:41:17
25827,6:50 PM,6:12 PM,-38,Flight match,2026-07-25 17:41:18
26121,7:45 PM,7:35 PM,-10,Flight match,2026-07-25 17:41:18
23305,1:37 PM,1:42 PM,5,Flight match,2026-07-25 18:55:00
28735,1:51 PM,2:04 PM,13,Flight match,2026-07-25 18:55:00
25925,1:57 PM,2:02 PM,5,Flight match,2026-07-25 18:55:00
25316,1:57 PM,2:02 PM,5,Flight match,2026-07-25 18:55:00
29677,2:33 PM,2:28 PM,-5,Flight match,2026-07-25 18:55:00
23680,2:34 PM,2:35 PM,1,Flight match,2026-07-25 18:55:00
24917,2:36 PM,2:49 PM,13,Flight match,2026-07-25 18:55:00
23446,3:03 PM,2:58 PM,-5,Flight match,2026-07-25 18:55:00
27846,4:03 PM,4:02 PM,-1,Flight match,2026-07-25 18:55:00
15260,4:26 PM,4:23 PM,-3,Flight match,2026-07-25 18:55:01
26228,4:31 PM,4:22 PM,-9,Flight match,2026-07-25 18:55:01
29996,5:18 PM,5:19 PM,1,Flight match,2026-07-25 18:55:01
29452,5:35 PM,5:35 PM,0,Flight match,2026-07-25 18:55:01
26121,7:35 PM,7:20 PM,-15,Flight match,2026-07-25 18:55:01
27024,7:38 PM,7:25 PM,-13,Flight match,2026-07-25 18:55:01
29677,2:28 PM,2:29 PM,1,Flight match,2026-07-25 20:15:56
24917,2:49 PM,2:59 PM,10,Flight match,2026-07-25 20:15:56
23446,2:58 PM,3:13 PM,15,Flight match,2026-07-25 20:15:56
27846,4:02 PM,4:05 PM,3,Flight match,2026-07-25 20:15:56
29996,5:19 PM,5:06 PM,-13,Flight match,2026-07-25 20:15:56
29452,5:35 PM,5:43 PM,8,Flight match,2026-07-25 20:15:56
25827,6:12 PM,6:38 PM,26,Flight match,2026-07-25 20:15:56
26121,7:20 PM,7:18 PM,-2,Flight match,2026-07-25 20:15:56
23185,8:05 PM,7:50 PM,-15,Flight match,2026-07-25 20:15:56
23303,6:00 AM,5:53 AM,-7,Flight match,2026-07-26 02:32:18
26333,9:20 AM,8:01 AM,-79,Flight match,2026-07-26 02:32:18
29425,9:27 AM,9:06 AM,-21,Flight match,2026-07-26 02:32:18
27831,9:40 AM,9:44 AM,4,Flight match,2026-07-26 02:32:18
21798,10:00 AM,9:51 AM,-9,Flight match,2026-07-26 02:32:18
21813,10:15 AM,9:51 AM,-24,Flight match,2026-07-26 02:32:18
30262,10:20 AM,9:49 AM,-31,Flight match,2026-07-26 02:32:18
29284,10:30 AM,10:38 AM,8,Flight match,2026-07-26 02:32:18
27376,10:34 AM,10:37 AM,3,Flight match,2026-07-26 02:32:18
16059,10:37 AM,10:54 AM,17,Flight match,2026-07-26 02:32:18
29400,10:40 AM,10:32 AM,-8,Flight match,2026-07-26 02:32:18
26186,11:19 AM,11:09 AM,-10,Flight match,2026-07-26 02:32:18
19464,11:21 AM,11:23 AM,2,Flight match,2026-07-26 02:32:18
28055,11:23 AM,11:23 AM,0,Flight match,2026-07-26 02:32:18
22296,11:30 AM,11:23 AM,-7,Flight match,2026-07-26 02:32:18
29510,11:35 AM,11:26 AM,-9,Flight match,2026-07-26 02:32:18
29843,11:44 AM,11:54 AM,10,Flight match,2026-07-26 02:32:18
30198,11:45 AM,11:41 AM,-4,Flight match,2026-07-26 02:32:18
26942,12:05 PM,11:53 AM,-12,Flight match,2026-07-26 02:32:18
29428,12:05 PM,11:53 AM,-12,Flight match,2026-07-26 02:32:18
30298,12:15 PM,11:53 AM,-22,Flight match,2026-07-26 02:32:18
22827,12:55 PM,12:39 PM,-16,Flight match,2026-07-26 02:32:18
30251,1:15 PM,1:11 PM,-4,Flight match,2026-07-26 02:32:18
26296,1:21 PM,1:14 PM,-7,Flight match,2026-07-26 02:32:18
27093,1:30 PM,1:17 PM,-13,Flight match,2026-07-26 02:32:18
28667,1:40 PM,1:25 PM,-15,Flight match,2026-07-26 02:32:19
30570,1:40 PM,1:30 PM,-10,Flight match,2026-07-26 02:32:19
28738,1:45 PM,1:28 PM,-17,Flight match,2026-07-26 02:32:19
24722,2:00 PM,1:44 PM,-16,Flight match,2026-07-26 02:32:19
25508,2:00 PM,1:44 PM,-16,Flight match,2026-07-26 02:32:19
28999,2:15 PM,2:04 PM,-11,Flight match,2026-07-26 02:32:19
30234,2:18 PM,1:55 PM,-23,Flight match,2026-07-26 02:32:19
30640,3:00 PM,2:56 PM,-4,Flight match,2026-07-26 02:32:19
30309,3:20 PM,3:10 PM,-10,Flight match,2026-07-26 02:32:19
30534,3:30 PM,3:39 PM,9,Flight match,2026-07-26 02:32:19
29883,4:00 PM,3:48 PM,-12,Flight match,2026-07-26 02:32:19
15879,4:05 PM,3:41 PM,-24,Flight match,2026-07-26 02:32:19
28277,4:05 PM,3:35 PM,-30,Flight match,2026-07-26 02:32:19
28686,4:15 PM,4:10 PM,-5,Flight match,2026-07-26 02:32:19
30106,4:46 PM,4:45 PM,-1,Flight match,2026-07-26 02:32:19
30206,4:47 PM,4:56 PM,9,Flight match,2026-07-26 02:32:19
29803,5:00 PM,5:03 PM,3,Flight match,2026-07-26 02:32:19
29382,5:45 PM,5:25 PM,-20,Flight match,2026-07-26 02:32:19
28571,6:15 PM,5:55 PM,-20,Flight match,2026-07-26 02:32:19
30272,6:45 PM,5:56 PM,-49,Flight match,2026-07-26 02:32:19
30617,10:20 PM,10:02 PM,-18,Flight match,2026-07-26 02:32:19
23303,5:53 AM,5:41 AM,-12,Flight match,2026-07-26 10:39:24
26333,8:01 AM,8:16 AM,15,Flight match,2026-07-26 10:39:24
24599,9:00 AM,8:54 AM,-6,Flight match,2026-07-26 10:39:24
29425,9:06 AM,9:06 AM,0,Flight match,2026-07-26 10:39:25
27831,9:44 AM,9:33 AM,-11,Flight match,2026-07-26 10:39:25
21813,9:51 AM,9:29 AM,-22,Flight match,2026-07-26 10:39:25
21798,9:51 AM,9:29 AM,-22,Flight match,2026-07-26 10:39:25
29400,10:32 AM,10:30 AM,-2,Flight match,2026-07-26 10:39:25
27376,10:37 AM,10:23 AM,-14,Flight match,2026-07-26 10:39:25
29284,10:38 AM,10:22 AM,-16,Flight match,2026-07-26 10:39:25
16059,10:54 AM,10:45 AM,-9,Flight match,2026-07-26 10:39:25
30668,11:07 AM,11:25 AM,18,Flight match,2026-07-26 10:39:25
26186,11:09 AM,11:20 AM,11,Flight match,2026-07-26 10:39:25
28055,11:23 AM,11:12 AM,-11,Flight match,2026-07-26 10:39:25
22296,11:23 AM,11:12 AM,-11,Flight match,2026-07-26 10:39:25
19464,11:23 AM,11:12 AM,-11,Flight match,2026-07-26 10:39:25
29510,11:26 AM,11:35 AM,9,Flight match,2026-07-26 10:39:25
30198,11:41 AM,11:36 AM,-5,Flight match,2026-07-26 10:39:25
24993,11:44 AM,11:34 AM,-10,Flight match,2026-07-26 10:39:25
30298,11:53 AM,12:07 PM,14,Flight match,2026-07-26 10:39:25
26942,11:53 AM,12:06 PM,13,Flight match,2026-07-26 10:39:25
29428,11:53 AM,12:06 PM,13,Flight match,2026-07-26 10:39:25
29337,11:54 AM,11:44 AM,-10,Flight match,2026-07-26 10:39:25
29843,11:54 AM,11:44 AM,-10,Flight match,2026-07-26 10:39:25
25412,12:02 PM,11:54 AM,-8,Flight match,2026-07-26 10:39:25
22827,12:39 PM,12:45 PM,6,Flight match,2026-07-26 10:39:25
26296,1:14 PM,1:21 PM,7,Flight match,2026-07-26 10:39:25
28667,1:25 PM,1:40 PM,15,Flight match,2026-07-26 10:39:25
24722,1:44 PM,2:00 PM,16,Flight match,2026-07-26 10:39:25
25508,1:44 PM,2:00 PM,16,Flight match,2026-07-26 10:39:25
30234,1:55 PM,2:19 PM,24,Flight match,2026-07-26 10:39:25
28999,2:04 PM,2:15 PM,11,Flight match,2026-07-26 10:39:25
30309,3:10 PM,3:20 PM,10,Flight match,2026-07-26 10:39:25
28277,3:35 PM,4:06 PM,31,Flight match,2026-07-26 10:39:25
30534,3:39 PM,3:55 PM,16,Flight match,2026-07-26 10:39:25
29883,3:48 PM,4:24 PM,36,Flight match,2026-07-26 10:39:25
28686,4:10 PM,4:15 PM,5,Flight match,2026-07-26 10:39:25
29803,5:03 PM,5:07 PM,4,Flight match,2026-07-26 10:39:25
29382,5:25 PM,5:40 PM,15,Flight match,2026-07-26 10:39:25
28571,5:55 PM,6:15 PM,20,Flight match,2026-07-26 10:39:25
30272,5:56 PM,6:15 PM,19,Flight match,2026-07-26 10:39:25
30104,7:45 PM,7:48 PM,3,Flight match,2026-07-26 10:39:25
30617,10:02 PM,10:13 PM,11,Flight match,2026-07-26 10:39:25
30262,9:49 AM,9:47 AM,-2,Flight match,2026-07-26 11:08:17
29284,10:22 AM,10:26 AM,4,Flight match,2026-07-26 11:08:17
30668,11:25 AM,11:22 AM,-3,Flight match,2026-07-26 11:08:17
29337,11:44 AM,11:52 AM,8,Flight match,2026-07-26 11:08:17
29843,11:44 AM,11:52 AM,8,Flight match,2026-07-26 11:08:17
26942,12:06 PM,12:05 PM,-1,Flight match,2026-07-26 11:08:17
29428,12:06 PM,12:05 PM,-1,Flight match,2026-07-26 11:08:17
30371,1:57 PM,2:01 PM,4,Flight match,2026-07-26 11:08:17
24970,1:57 PM,2:01 PM,4,Flight match,2026-07-26 11:08:17
25878,8:00 AM,7:45 AM,-15,Guest flight verification auto-adjust,2026-07-26 11:26:59
25878,7:45 AM,7:34 AM,-11,Flight match,2026-07-26 11:44:31
26333,8:16 AM,8:19 AM,3,Flight match,2026-07-26 11:44:31
24599,8:54 AM,8:46 AM,-8,Flight match,2026-07-26 11:44:31
29425,9:06 AM,9:13 AM,7,Flight match,2026-07-26 11:44:31
21813,9:29 AM,10:14 AM,45,Flight match,2026-07-26 11:44:31
21798,9:29 AM,10:14 AM,45,Flight match,2026-07-26 11:44:31
27831,9:33 AM,10:18 AM,45,Flight match,2026-07-26 11:44:31
27376,10:23 AM,10:27 AM,4,Flight match,2026-07-26 11:44:31
29284,10:26 AM,10:29 AM,3,Flight match,2026-07-26 11:44:31
29400,10:30 AM,10:29 AM,-1,Flight match,2026-07-26 11:44:31
28055,11:12 AM,11:51 AM,39,Flight match,2026-07-26 11:44:31
22296,11:12 AM,11:51 AM,39,Flight match,2026-07-26 11:44:31
19464,11:12 AM,11:51 AM,39,Flight match,2026-07-26 11:44:31
30668,11:22 AM,11:13 AM,-9,Flight match,2026-07-26 11:44:31
29510,11:35 AM,11:28 AM,-7,Flight match,2026-07-26 11:44:31
25412,11:54 AM,12:11 PM,17,Flight match,2026-07-26 11:44:31
30298,12:07 PM,11:53 AM,-14,Flight match,2026-07-26 11:44:31
30251,1:11 PM,1:10 PM,-1,Flight match,2026-07-26 11:44:31
26296,1:21 PM,2:20 PM,59,Flight match,2026-07-26 11:44:31
30570,1:30 PM,1:31 PM,1,Flight match,2026-07-26 11:44:31
24722,2:00 PM,1:50 PM,-10,Flight match,2026-07-26 11:44:31
25508,2:00 PM,1:50 PM,-10,Flight match,2026-07-26 11:44:31
29883,4:24 PM,4:27 PM,3,Flight match,2026-07-26 11:44:31
29803,5:07 PM,5:03 PM,-4,Flight match,2026-07-26 11:44:31
30104,7:48 PM,7:45 PM,-3,Flight match,2026-07-26 11:44:31
26333,8:19 AM,8:17 AM,-2,Flight match,2026-07-26 12:28:52
21813,10:14 AM,10:20 AM,6,Flight match,2026-07-26 12:28:52
21798,10:14 AM,10:20 AM,6,Flight match,2026-07-26 12:28:52
27831,10:18 AM,10:20 AM,2,Flight match,2026-07-26 12:28:52
27376,10:27 AM,10:42 AM,15,Flight match,2026-07-26 12:28:52
29284,10:29 AM,10:02 AM,-27,Flight match,2026-07-26 12:28:52
30668,11:13 AM,11:55 AM,42,Flight match,2026-07-26 12:28:52
26186,11:20 AM,10:59 AM,-21,Flight match,2026-07-26 12:28:52
24993,11:34 AM,11:27 AM,-7,Flight match,2026-07-26 12:28:52
28055,11:51 AM,11:01 AM,-50,Flight match,2026-07-26 12:28:52
22296,11:51 AM,11:01 AM,-50,Flight match,2026-07-26 12:28:52
19464,11:51 AM,11:01 AM,-50,Flight match,2026-07-26 12:28:52
29337,11:52 AM,11:42 AM,-10,Flight match,2026-07-26 12:28:53
29843,11:52 AM,11:42 AM,-10,Flight match,2026-07-26 12:28:53
22827,12:45 PM,12:42 PM,-3,Flight match,2026-07-26 12:28:53
27093,1:17 PM,12:59 PM,-18,Flight match,2026-07-26 12:28:53
25508,1:50 PM,2:00 PM,10,Flight match,2026-07-26 12:28:53
30371,2:01 PM,1:44 PM,-17,Flight match,2026-07-26 12:28:53
24970,2:01 PM,1:44 PM,-17,Flight match,2026-07-26 12:28:53
30234,2:19 PM,2:18 PM,-1,Flight match,2026-07-26 12:28:53
15879,3:41 PM,4:37 PM,56,Flight match,2026-07-26 12:28:53
30674,3:47 PM,3:38 PM,-9,Flight match,2026-07-26 12:28:53
28055,11:01 AM,11:51 AM,50,Flight match,2026-07-26 12:46:13
22296,11:01 AM,11:51 AM,50,Flight match,2026-07-26 12:47:01
30298,11:53 AM,1:09 PM,76,Flight match,2026-07-26 12:47:18
30668,11:55 AM,11:13 AM,-42,Flight match,2026-07-26 12:47:22
26333,8:17 AM,8:20 AM,3,Flight match,2026-07-26 12:55:09
24599,8:46 AM,8:47 AM,1,Flight match,2026-07-26 12:55:09
30262,9:47 AM,9:53 AM,6,Flight match,2026-07-26 12:55:09
27376,10:42 AM,10:49 AM,7,Flight match,2026-07-26 12:55:09
16059,10:45 AM,10:36 AM,-9,Flight match,2026-07-26 12:55:09
19464,11:01 AM,11:51 AM,50,Flight match,2026-07-26 12:55:09
30198,11:36 AM,11:34 AM,-2,Flight match,2026-07-26 12:55:09
26942,12:05 PM,11:58 AM,-7,Flight match,2026-07-26 12:55:09
29428,12:05 PM,11:58 AM,-7,Flight match,2026-07-26 12:55:09
30251,1:10 PM,1:05 PM,-5,Flight match,2026-07-26 12:55:09
24722,1:50 PM,2:00 PM,10,Flight match,2026-07-26 12:55:09
28277,4:06 PM,4:05 PM,-1,Flight match,2026-07-26 12:55:09
29883,4:27 PM,4:24 PM,-3,Flight match,2026-07-26 12:55:09
15879,4:37 PM,4:34 PM,-3,Flight match,2026-07-26 12:55:09
24599,8:47 AM,8:52 AM,5,Flight match,2026-07-26 13:41:49
29425,9:13 AM,9:17 AM,4,Flight match,2026-07-26 13:41:49
29284,10:02 AM,10:00 AM,-2,Flight match,2026-07-26 13:41:49
16059,10:36 AM,10:41 AM,5,Flight match,2026-07-26 13:41:49
26186,10:59 AM,11:03 AM,4,Flight match,2026-07-26 13:41:49
30668,11:13 AM,12:30 PM,77,Flight match,2026-07-26 13:41:49
30198,11:34 AM,11:38 AM,4,Flight match,2026-07-26 13:41:49
29337,11:42 AM,12:19 PM,37,Flight match,2026-07-26 13:41:49
29843,11:42 AM,12:19 PM,37,Flight match,2026-07-26 13:41:49
26942,11:58 AM,11:59 AM,1,Flight match,2026-07-26 13:41:49
29428,11:58 AM,11:59 AM,1,Flight match,2026-07-26 13:41:49
25412,12:11 PM,11:48 AM,-23,Flight match,2026-07-26 13:41:49
29604,12:40 PM,12:36 PM,-4,Flight match,2026-07-26 13:41:49
22827,12:42 PM,12:36 PM,-6,Flight match,2026-07-26 13:41:49
30298,1:09 PM,1:24 PM,15,Flight match,2026-07-26 13:41:49
28667,1:40 PM,1:25 PM,-15,Flight match,2026-07-26 13:41:49
25508,2:00 PM,1:50 PM,-10,Flight match,2026-07-26 13:41:49
28999,2:15 PM,2:05 PM,-10,Flight match,2026-07-26 13:41:49
30234,2:18 PM,2:19 PM,1,Flight match,2026-07-26 13:41:49
29390,4:04 PM,3:46 PM,-18,Flight match,2026-07-26 13:41:49
29803,5:03 PM,5:07 PM,4,Flight match,2026-07-26 13:41:49
29284,10:00 AM,10:06 AM,6,Flight match,2026-07-26 14:08:34
29400,10:29 AM,10:24 AM,-5,Flight match,2026-07-26 14:08:34
29510,11:28 AM,11:33 AM,5,Flight match,2026-07-26 14:08:34
30198,11:38 AM,11:52 AM,14,Flight match,2026-07-26 14:08:35
25412,11:48 AM,12:11 PM,23,Flight match,2026-07-26 14:08:35
28055,11:51 AM,12:01 PM,10,Flight match,2026-07-26 14:08:35
22296,11:51 AM,12:01 PM,10,Flight match,2026-07-26 14:08:35
19464,11:51 AM,12:01 PM,10,Flight match,2026-07-26 14:08:35
26942,11:59 AM,11:57 AM,-2,Flight match,2026-07-26 14:08:35
29428,11:59 AM,11:57 AM,-2,Flight match,2026-07-26 14:08:35
29843,12:19 PM,12:43 PM,24,Flight match,2026-07-26 14:08:35
29337,12:19 PM,12:43 PM,24,Flight match,2026-07-26 14:08:35
30668,12:30 PM,12:20 PM,-10,Flight match,2026-07-26 14:08:35
30298,1:24 PM,1:54 PM,30,Flight match,2026-07-26 14:08:35
28738,1:28 PM,1:38 PM,10,Flight match,2026-07-26 14:08:35
29390,3:46 PM,4:09 PM,23,Flight match,2026-07-26 14:08:35
30534,3:55 PM,4:03 PM,8,Flight match,2026-07-26 14:08:35
29400,10:24 AM,10:29 AM,5,Flight match,2026-07-26 14:27:15
21813,10:20 AM,10:17 AM,-3,Flight match,2026-07-26 14:56:50
21798,10:20 AM,10:17 AM,-3,Flight match,2026-07-26 14:56:50
29400,10:29 AM,10:29 AM,0,Flight match,2026-07-26 14:56:50
29510,11:33 AM,12:38 PM,65,Flight match,2026-07-26 14:56:50
30198,11:52 AM,12:01 PM,9,Flight match,2026-07-26 14:56:50
28055,12:01 PM,11:56 AM,-5,Flight match,2026-07-26 14:56:51
22296,12:01 PM,11:56 AM,-5,Flight match,2026-07-26 14:56:51
19464,12:01 PM,11:56 AM,-5,Flight match,2026-07-26 14:56:51
25412,12:11 PM,12:13 PM,2,Flight match,2026-07-26 14:56:51
22827,12:36 PM,12:39 PM,3,Flight match,2026-07-26 14:56:51
29604,12:36 PM,12:33 PM,-3,Flight match,2026-07-26 14:56:51
29843,12:43 PM,12:34 PM,-9,Flight match,2026-07-26 14:56:51
29337,12:43 PM,12:34 PM,-9,Flight match,2026-07-26 14:56:51
27093,12:59 PM,12:50 PM,-9,Flight match,2026-07-26 14:56:51
30251,1:05 PM,1:02 PM,-3,Flight match,2026-07-26 14:56:51
28667,1:25 PM,1:23 PM,-2,Flight match,2026-07-26 14:56:51
30570,1:31 PM,1:01 PM,-30,Flight match,2026-07-26 14:56:51
28738,1:38 PM,1:28 PM,-10,Flight match,2026-07-26 14:56:51
30371,1:44 PM,1:41 PM,-3,Flight match,2026-07-26 14:56:51
24970,1:44 PM,1:41 PM,-3,Flight match,2026-07-26 14:56:51
30234,2:19 PM,1:50 PM,-29,Flight match,2026-07-26 14:56:51
30534,4:03 PM,4:05 PM,2,Flight match,2026-07-26 14:56:51
28277,4:05 PM,4:06 PM,1,Flight match,2026-07-26 14:56:51
29883,4:24 PM,4:27 PM,3,Flight match,2026-07-26 14:56:51
9142,4:45 PM,4:44 PM,-1,Flight match,2026-07-26 14:56:51
30106,4:45 PM,4:44 PM,-1,Flight match,2026-07-26 14:56:51
29803,5:07 PM,5:03 PM,-4,Flight match,2026-07-26 14:56:51
29382,5:40 PM,5:42 PM,2,Flight match,2026-07-26 14:56:51
29284,10:06 AM,10:16 AM,10,Flight match,2026-07-26 15:15:34
16059,10:41 AM,10:43 AM,2,Flight match,2026-07-26 15:15:34
27376,10:49 AM,10:46 AM,-3,Flight match,2026-07-26 15:15:34
26186,11:03 AM,11:02 AM,-1,Flight match,2026-07-26 15:15:34
24993,11:27 AM,11:31 AM,4,Flight match,2026-07-26 15:15:34
28055,11:56 AM,11:52 AM,-4,Flight match,2026-07-26 15:15:34
22296,11:56 AM,11:52 AM,-4,Flight match,2026-07-26 15:15:34
19464,11:56 AM,11:52 AM,-4,Flight match,2026-07-26 15:15:34
26942,11:57 AM,12:01 PM,4,Flight match,2026-07-26 15:15:34
29428,11:57 AM,12:01 PM,4,Flight match,2026-07-26 15:15:34
30198,12:01 PM,12:00 PM,-1,Flight match,2026-07-26 15:15:34
25412,12:13 PM,12:01 PM,-12,Flight match,2026-07-26 15:15:34
30668,12:20 PM,12:11 PM,-9,Flight match,2026-07-26 15:15:34
29604,12:33 PM,12:28 PM,-5,Flight match,2026-07-26 15:15:34
29510,12:38 PM,12:52 PM,14,Flight match,2026-07-26 15:15:34
27093,12:50 PM,12:54 PM,4,Flight match,2026-07-26 15:15:34
30570,1:01 PM,12:57 PM,-4,Flight match,2026-07-26 15:15:34
30251,1:02 PM,1:00 PM,-2,Flight match,2026-07-26 15:15:34
28667,1:23 PM,1:25 PM,2,Flight match,2026-07-26 15:15:34
30234,1:50 PM,2:19 PM,29,Flight match,2026-07-26 15:15:34
25508,1:50 PM,1:49 PM,-1,Flight match,2026-07-26 15:15:34
30298,1:54 PM,2:05 PM,11,Flight match,2026-07-26 15:15:34
24722,2:00 PM,1:49 PM,-11,Flight match,2026-07-26 15:15:34
30640,2:56 PM,2:40 PM,-16,Flight match,2026-07-26 15:15:34
30309,3:20 PM,3:10 PM,-10,Flight match,2026-07-26 15:15:34
30674,3:38 PM,3:32 PM,-6,Flight match,2026-07-26 15:15:34
29883,4:27 PM,4:24 PM,-3,Flight match,2026-07-26 15:15:35
30206,4:56 PM,4:47 PM,-9,Flight match,2026-07-26 15:15:35
29803,5:03 PM,4:36 PM,-27,Flight match,2026-07-26 15:15:35
29382,5:42 PM,5:40 PM,-2,Flight match,2026-07-26 15:15:35
26186,11:02 AM,11:04 AM,2,Flight match,2026-07-26 16:05:59
24993,11:31 AM,11:34 AM,3,Flight match,2026-07-26 16:05:59
28055,11:52 AM,11:54 AM,2,Flight match,2026-07-26 16:05:59
22296,11:52 AM,11:54 AM,2,Flight match,2026-07-26 16:05:59
19464,11:52 AM,11:54 AM,2,Flight match,2026-07-26 16:05:59
30198,12:00 PM,12:13 PM,13,Flight match,2026-07-26 16:05:59
26942,12:01 PM,12:00 PM,-1,Flight match,2026-07-26 16:05:59
25412,12:01 PM,12:09 PM,8,Flight match,2026-07-26 16:05:59
29428,12:01 PM,12:00 PM,-1,Flight match,2026-07-26 16:05:59
30668,12:11 PM,12:08 PM,-3,Flight match,2026-07-26 16:05:59
29604,12:28 PM,12:30 PM,2,Flight match,2026-07-26 16:05:59
22827,12:39 PM,12:38 PM,-1,Flight match,2026-07-26 16:05:59
29510,12:52 PM,12:42 PM,-10,Flight match,2026-07-26 16:05:59
27093,12:54 PM,12:58 PM,4,Flight match,2026-07-26 16:05:59
30570,12:57 PM,1:02 PM,5,Flight match,2026-07-26 16:06:00
30251,1:00 PM,1:06 PM,6,Flight match,2026-07-26 16:06:00
28667,1:25 PM,1:21 PM,-4,Flight match,2026-07-26 16:06:00
28738,1:28 PM,1:17 PM,-11,Flight match,2026-07-26 16:06:00
25508,1:49 PM,1:47 PM,-2,Flight match,2026-07-26 16:06:00
30298,2:05 PM,1:22 PM,-43,Flight match,2026-07-26 16:06:00
28999,2:05 PM,1:59 PM,-6,Flight match,2026-07-26 16:06:00
30309,3:10 PM,3:13 PM,3,Flight match,2026-07-26 16:06:00
30534,4:05 PM,3:52 PM,-13,Flight match,2026-07-26 16:06:00
29390,4:09 PM,4:36 PM,27,Flight match,2026-07-26 16:06:00
28686,4:15 PM,4:08 PM,-7,Flight match,2026-07-26 16:06:00
29883,4:24 PM,4:27 PM,3,Flight match,2026-07-26 16:06:00
28571,6:15 PM,6:05 PM,-10,Flight match,2026-07-26 16:06:00
30272,6:15 PM,6:05 PM,-10,Flight match,2026-07-26 16:06:00
29510,12:42 PM,12:41 PM,-1,Flight match,2026-07-26 16:20:05
27133,8:15 AM,7:34 AM,-41,Flight match,2026-07-26 16:37:29
30298,1:22 PM,1:52 PM,30,Flight match,2026-07-26 16:37:35
26942,12:00 PM,11:59 AM,-1,Flight match,2026-07-26 16:57:53
29428,12:00 PM,11:59 AM,-1,Flight match,2026-07-26 16:57:53
30668,12:08 PM,12:13 PM,5,Flight match,2026-07-26 16:57:54
25412,12:09 PM,12:04 PM,-5,Flight match,2026-07-26 16:57:54
30198,12:13 PM,12:09 PM,-4,Flight match,2026-07-26 16:57:54
29604,12:30 PM,12:26 PM,-4,Flight match,2026-07-26 16:57:54
29337,12:34 PM,12:36 PM,2,Flight match,2026-07-26 16:57:54
29843,12:34 PM,12:36 PM,2,Flight match,2026-07-26 16:57:54
22827,12:38 PM,12:31 PM,-7,Flight match,2026-07-26 16:57:54
29510,12:41 PM,12:46 PM,5,Flight match,2026-07-26 16:57:54
27093,12:58 PM,12:56 PM,-2,Flight match,2026-07-26 16:57:54
28667,1:21 PM,1:34 PM,13,Flight match,2026-07-26 16:57:54
25508,1:47 PM,1:44 PM,-3,Flight match,2026-07-26 16:57:54
24722,1:49 PM,1:44 PM,-5,Flight match,2026-07-26 16:57:54
30298,1:52 PM,2:14 PM,22,Flight match,2026-07-26 16:57:54
28999,1:59 PM,2:00 PM,1,Flight match,2026-07-26 16:57:54
30234,2:19 PM,2:10 PM,-9,Flight match,2026-07-26 16:57:54
26296,2:20 PM,2:14 PM,-6,Flight match,2026-07-26 16:57:54
30640,2:40 PM,2:27 PM,-13,Flight match,2026-07-26 16:57:54
30309,3:13 PM,3:19 PM,6,Flight match,2026-07-26 16:57:54
30674,3:32 PM,3:31 PM,-1,Flight match,2026-07-26 16:57:54
28277,4:06 PM,3:31 PM,-35,Flight match,2026-07-26 16:57:54
29883,4:27 PM,4:04 PM,-23,Flight match,2026-07-26 16:57:54
15879,4:34 PM,4:45 PM,11,Flight match,2026-07-26 16:57:54
9142,4:44 PM,4:32 PM,-12,Flight match,2026-07-26 16:57:54
30106,4:44 PM,4:32 PM,-12,Flight match,2026-07-26 16:57:54
30206,4:47 PM,4:56 PM,9,Flight match,2026-07-26 16:57:54
29382,5:40 PM,5:45 PM,5,Flight match,2026-07-26 16:57:54
28571,6:05 PM,5:56 PM,-9,Flight match,2026-07-26 16:57:54
30272,6:05 PM,6:15 PM,10,Flight match,2026-07-26 16:57:54
27093,12:56 PM,12:57 PM,1,Flight match,2026-07-26 18:02:15
30570,1:02 PM,1:10 PM,8,Flight match,2026-07-26 18:02:15
30251,1:06 PM,1:03 PM,-3,Flight match,2026-07-26 18:02:15
28738,1:17 PM,1:26 PM,9,Flight match,2026-07-26 18:02:15
28667,1:34 PM,1:43 PM,9,Flight match,2026-07-26 18:02:15
30371,1:41 PM,1:43 PM,2,Flight match,2026-07-26 18:02:15
24970,1:41 PM,1:43 PM,2,Flight match,2026-07-26 18:02:15
24722,1:44 PM,1:49 PM,5,Flight match,2026-07-26 18:02:15
25508,1:44 PM,1:49 PM,5,Flight match,2026-07-26 18:02:15
28999,2:00 PM,2:06 PM,6,Flight match,2026-07-26 18:02:15
30234,2:10 PM,2:13 PM,3,Flight match,2026-07-26 18:02:15
26296,2:14 PM,2:21 PM,7,Flight match,2026-07-26 18:02:15
30309,3:19 PM,3:39 PM,20,Flight match,2026-07-26 18:02:15
30674,3:31 PM,4:42 PM,71,Flight match,2026-07-26 18:02:15
28277,3:31 PM,3:32 PM,1,Flight match,2026-07-26 18:02:15
30534,3:52 PM,3:57 PM,5,Flight match,2026-07-26 18:02:15
29883,4:04 PM,4:05 PM,1,Flight match,2026-07-26 18:02:15
28686,4:08 PM,4:04 PM,-4,Flight match,2026-07-26 18:02:15
9142,4:32 PM,4:20 PM,-12,Flight match,2026-07-26 18:02:15
30106,4:32 PM,4:20 PM,-12,Flight match,2026-07-26 18:02:15
29390,4:36 PM,4:33 PM,-3,Flight match,2026-07-26 18:02:16
15879,4:45 PM,4:58 PM,13,Flight match,2026-07-26 18:02:16
30206,4:56 PM,4:48 PM,-8,Flight match,2026-07-26 18:02:16
29382,5:45 PM,5:53 PM,8,Flight match,2026-07-26 18:02:16
30104,7:45 PM,7:48 PM,3,Flight match,2026-07-26 18:02:16
30309,3:39 PM,3:36 PM,-3,Flight match,2026-07-26 18:25:45
29382,5:53 PM,5:41 PM,-12,Flight match,2026-07-26 18:37:36
29218,8:45 AM,8:16 AM,-29,Flight match,2026-07-26 19:31:20
13572,7:20 AM,7:21 AM,1,Flight match,2026-07-26 19:32:04
28547,7:25 AM,7:34 AM,9,Flight match,2026-07-26 19:32:04
10447,9:38 AM,9:41 AM,3,Flight match,2026-07-26 19:32:04
29848,9:40 AM,9:34 AM,-6,Flight match,2026-07-26 19:32:04
30461,9:45 AM,9:41 AM,-4,Flight match,2026-07-26 19:32:04
26001,9:46 AM,9:34 AM,-12,Flight match,2026-07-26 19:32:04
19945,10:07 AM,10:05 AM,-2,Flight match,2026-07-26 19:32:04
30017,10:15 AM,10:09 AM,-6,Flight match,2026-07-26 19:32:05
30556,10:22 AM,10:19 AM,-3,Flight match,2026-07-26 19:32:05
29522,11:23 AM,11:16 AM,-7,Flight match,2026-07-26 19:32:05
28962,12:00 PM,11:35 AM,-25,Flight match,2026-07-26 19:32:05
30603,1:00 PM,12:24 PM,-36,Flight match,2026-07-26 19:32:05
29472,2:00 PM,1:29 PM,-31,Flight match,2026-07-26 19:32:05
24905,2:35 PM,2:11 PM,-24,Flight match,2026-07-26 19:32:05
30621,3:35 PM,3:24 PM,-11,Flight match,2026-07-26 19:32:05
30096,3:44 PM,3:33 PM,-11,Flight match,2026-07-26 19:32:05
6751,4:15 PM,3:49 PM,-26,Flight match,2026-07-26 19:32:05
29482,5:00 PM,4:38 PM,-22,Flight match,2026-07-26 19:32:05
30476,5:55 PM,5:38 PM,-17,Flight match,2026-07-26 19:32:05
24740,7:45 PM,7:35 PM,-10,Flight match,2026-07-26 19:32:05
27873,9:45 PM,9:42 PM,-3,Flight match,2026-07-26 19:32:05
29382,5:41 PM,5:43 PM,2,Flight match,2026-07-26 19:35:38
28999,2:06 PM,2:02 PM,-4,Flight match,2026-07-26 21:45:20
30234,2:13 PM,2:17 PM,4,Flight match,2026-07-26 21:45:20
30298,2:14 PM,2:07 PM,-7,Flight match,2026-07-26 21:45:20
26296,2:21 PM,2:11 PM,-10,Flight match,2026-07-26 21:45:20
30640,2:27 PM,2:32 PM,5,Flight match,2026-07-26 21:45:20
28277,3:32 PM,3:44 PM,12,Flight match,2026-07-26 21:45:20
30309,3:36 PM,3:47 PM,11,Flight match,2026-07-26 21:45:20
30534,3:57 PM,3:49 PM,-8,Flight match,2026-07-26 21:45:20
28686,4:04 PM,4:36 PM,32,Flight match,2026-07-26 21:45:20
29883,4:05 PM,4:31 PM,26,Flight match,2026-07-26 21:45:20
9142,4:20 PM,4:36 PM,16,Flight match,2026-07-26 21:45:20
30106,4:20 PM,4:36 PM,16,Flight match,2026-07-26 21:45:20
29390,4:33 PM,4:55 PM,22,Flight match,2026-07-26 21:45:20
29803,4:36 PM,5:05 PM,29,Flight match,2026-07-26 21:45:20
30674,4:42 PM,7:32 PM,170,Flight match,2026-07-26 21:45:20
30206,4:48 PM,5:08 PM,20,Flight match,2026-07-26 21:45:20
15879,4:58 PM,5:22 PM,24,Flight match,2026-07-26 21:45:20
29382,5:43 PM,7:05 PM,82,Flight match,2026-07-26 21:45:20
28571,5:56 PM,5:50 PM,-6,Flight match,2026-07-26 21:45:20
30272,6:15 PM,5:49 PM,-26,Flight match,2026-07-26 21:45:20
30104,7:48 PM,7:51 PM,3,Flight match,2026-07-26 21:45:20
30617,10:13 PM,11:31 PM,78,Flight match,2026-07-26 21:45:20
23778,9:40 AM,8:47 AM,-53,Flight match,2026-07-26 21:46:46
30755,10:47 AM,10:44 AM,-3,Flight match,2026-07-26 21:46:46
26612,3:03 PM,3:07 PM,4,Flight match,2026-07-26 21:46:46
30096,3:33 PM,3:32 PM,-1,Flight match,2026-07-26 21:46:46
26162,6:25 PM,6:07 PM,-18,Flight match,2026-07-26 21:46:46
24740,7:35 PM,7:07 PM,-28,Flight match,2026-07-26 21:46:46
26001,9:34 AM,9:46 AM,12,Flight match,2026-07-27 03:19:37
30684,9:45 AM,9:41 AM,-4,Flight match,2026-07-27 03:19:37
30556,10:19 AM,11:17 AM,58,Flight match,2026-07-27 03:19:37
30603,12:24 PM,12:56 PM,32,Flight match,2026-07-27 03:19:37
29482,4:38 PM,4:10 PM,-28,Flight match,2026-07-27 03:19:37
28883,8:10 PM,7:44 PM,-26,Flight match,2026-07-27 03:19:37
30272,5:49 PM,5:47 PM,-2,Flight match,2026-07-27 03:59:48
28571,5:50 PM,5:56 PM,6,Flight match,2026-07-27 03:59:48
29382,7:05 PM,6:59 PM,-6,Flight match,2026-07-27 03:59:48
30674,7:32 PM,7:34 PM,2,Flight match,2026-07-27 03:59:48
30104,7:51 PM,7:57 PM,6,Flight match,2026-07-27 03:59:48
28547,7:34 AM,7:15 AM,-19,Flight match,2026-07-27 05:33:59
27133,7:34 AM,7:15 AM,-19,Flight match,2026-07-27 05:33:59
29482,4:10 PM,4:38 PM,28,Flight match,2026-07-27 05:33:59
28547,7:15 AM,7:02 AM,-13,Flight match,2026-07-27 10:54:17
27133,7:15 AM,7:02 AM,-13,Flight match,2026-07-27 10:54:17
13572,7:21 AM,7:15 AM,-6,Flight match,2026-07-27 10:54:17
29218,8:16 AM,8:11 AM,-5,Flight match,2026-07-27 10:54:17
23778,8:47 AM,8:46 AM,-1,Flight match,2026-07-27 10:54:17
29848,9:34 AM,9:38 AM,4,Flight match,2026-07-27 10:54:17
30684,9:41 AM,9:20 AM,-21,Flight match,2026-07-27 10:54:17
10447,9:41 AM,9:20 AM,-21,Flight match,2026-07-27 10:54:17
30461,9:41 AM,9:20 AM,-21,Flight match,2026-07-27 10:54:17
26001,9:46 AM,9:47 AM,1,Flight match,2026-07-27 10:54:17
29259,9:46 AM,9:33 AM,-13,Flight match,2026-07-27 10:54:17
19945,10:05 AM,10:24 AM,19,Flight match,2026-07-27 10:54:17
30017,10:09 AM,10:05 AM,-4,Flight match,2026-07-27 10:54:17
30755,10:44 AM,10:25 AM,-19,Flight match,2026-07-27 10:54:17
30556,11:17 AM,11:14 AM,-3,Flight match,2026-07-27 10:54:17
28962,11:35 AM,11:40 AM,5,Flight match,2026-07-27 10:54:18
30603,12:56 PM,12:57 PM,1,Flight match,2026-07-27 10:54:18
29472,1:29 PM,1:40 PM,11,Flight match,2026-07-27 10:54:18
24905,2:11 PM,2:35 PM,24,Flight match,2026-07-27 10:54:18
30096,3:32 PM,3:33 PM,1,Flight match,2026-07-27 10:54:18
30476,5:38 PM,5:55 PM,17,Flight match,2026-07-27 10:54:18
24740,7:07 PM,7:35 PM,28,Flight match,2026-07-27 10:54:18
28883,7:44 PM,8:10 PM,26,Flight match,2026-07-27 10:54:18
13572,7:15 AM,7:16 AM,1,Flight match,2026-07-27 11:27:00
23778,8:46 AM,8:46 AM,0,Flight match,2026-07-27 11:27:00
30684,9:20 AM,9:26 AM,6,Flight match,2026-07-27 11:27:00
10447,9:20 AM,9:26 AM,6,Flight match,2026-07-27 11:27:00
30461,9:20 AM,9:26 AM,6,Flight match,2026-07-27 11:27:00
29259,9:33 AM,9:36 AM,3,Flight match,2026-07-27 11:27:00
29848,9:38 AM,9:35 AM,-3,Flight match,2026-07-27 11:27:00
30017,10:05 AM,10:04 AM,-1,Flight match,2026-07-27 11:27:01
19945,10:24 AM,10:21 AM,-3,Flight match,2026-07-27 11:27:01
30556,11:14 AM,11:16 AM,2,Flight match,2026-07-27 11:27:01
24905,2:35 PM,2:46 PM,11,Flight match,2026-07-27 11:27:01
29482,4:38 PM,4:03 PM,-35,Flight match,2026-07-27 11:27:01
13572,7:16 AM,7:22 AM,6,Flight match,2026-07-27 11:29:23
29218,8:11 AM,8:16 AM,5,Flight match,2026-07-27 11:50:51
27133,7:02 AM,7:00 AM,-2,Flight match,2026-07-27 11:53:31
28547,7:02 AM,7:00 AM,-2,Flight match,2026-07-27 11:53:31
13572,7:22 AM,7:31 AM,9,Flight match,2026-07-27 11:53:31
30684,9:26 AM,9:18 AM,-8,Flight match,2026-07-27 11:53:31
30461,9:26 AM,9:18 AM,-8,Flight match,2026-07-27 11:53:31
29259,9:36 AM,9:32 AM,-4,Flight match,2026-07-27 11:53:31
26001,9:47 AM,9:43 AM,-4,Flight match,2026-07-27 11:53:31
19945,10:21 AM,10:27 AM,6,Flight match,2026-07-27 11:53:31
30556,11:16 AM,10:56 AM,-20,Flight match,2026-07-27 11:53:31
29522,11:16 AM,11:19 AM,3,Flight match,2026-07-27 11:53:31
28962,11:40 AM,11:39 AM,-1,Flight match,2026-07-27 11:53:31
29472,1:40 PM,1:30 PM,-10,Flight match,2026-07-27 11:53:31
24905,2:46 PM,3:10 PM,24,Flight match,2026-07-27 11:53:31
30096,3:33 PM,3:24 PM,-9,Flight match,2026-07-27 11:53:31
23778,8:46 AM,8:45 AM,-1,Flight match,2026-07-27 12:27:47
10447,9:26 AM,9:18 AM,-8,Flight match,2026-07-27 12:27:47
29848,9:35 AM,9:38 AM,3,Flight match,2026-07-27 12:27:47
26001,9:43 AM,9:47 AM,4,Flight match,2026-07-27 12:27:47
30017,10:04 AM,10:10 AM,6,Flight match,2026-07-27 12:27:47
30755,10:25 AM,10:25 AM,0,Flight match,2026-07-27 12:27:47
19945,10:27 AM,10:20 AM,-7,Flight match,2026-07-27 12:27:47
29522,11:19 AM,11:08 AM,-11,Flight match,2026-07-27 12:27:47
26612,3:07 PM,3:03 PM,-4,Flight match,2026-07-27 12:27:47
24905,3:10 PM,3:06 PM,-4,Flight match,2026-07-27 12:27:47
29482,4:03 PM,3:57 PM,-6,Flight match,2026-07-27 12:27:47
30476,5:55 PM,6:01 PM,6,Flight match,2026-07-27 12:27:47
29218,8:16 AM,8:22 AM,6,Flight match,2026-07-27 13:09:21
23778,8:45 AM,8:46 AM,1,Flight match,2026-07-27 13:09:21
29259,9:32 AM,9:24 AM,-8,Flight match,2026-07-27 13:09:21
29848,9:38 AM,9:32 AM,-6,Flight match,2026-07-27 13:09:21
26001,9:47 AM,9:28 AM,-19,Flight match,2026-07-27 13:09:21
30017,10:10 AM,10:05 AM,-5,Flight match,2026-07-27 13:09:21
30755,10:25 AM,10:26 AM,1,Flight match,2026-07-27 13:09:21
30556,10:56 AM,11:13 AM,17,Flight match,2026-07-27 13:09:21
29522,11:08 AM,11:25 AM,17,Flight match,2026-07-27 13:09:21
28962,11:39 AM,11:36 AM,-3,Flight match,2026-07-27 13:09:21
29472,1:30 PM,1:20 PM,-10,Flight match,2026-07-27 13:09:21
26612,3:03 PM,3:07 PM,4,Flight match,2026-07-27 13:09:21
29482,3:57 PM,3:56 PM,-1,Flight match,2026-07-27 13:09:21
30684,9:18 AM,9:13 AM,-5,Flight match,2026-07-27 13:19:16
23778,8:46 AM,8:47 AM,1,Flight match,2026-07-27 13:35:35
10447,9:18 AM,9:13 AM,-5,Flight match,2026-07-27 13:35:35
30461,9:18 AM,9:13 AM,-5,Flight match,2026-07-27 13:35:35
29259,9:24 AM,9:21 AM,-3,Flight match,2026-07-27 13:35:35
26001,9:28 AM,9:26 AM,-2,Flight match,2026-07-27 13:35:35
29848,9:32 AM,9:31 AM,-1,Flight match,2026-07-27 13:35:36
30017,10:05 AM,10:06 AM,1,Flight match,2026-07-27 13:35:36
30556,11:13 AM,11:35 AM,22,Flight match,2026-07-27 13:35:36
29522,11:25 AM,11:20 AM,-5,Flight match,2026-07-27 13:35:36
28962,11:36 AM,11:38 AM,2,Flight match,2026-07-27 13:35:36
30603,12:57 PM,12:51 PM,-6,Flight match,2026-07-27 13:35:36
29472,1:20 PM,1:40 PM,20,Flight match,2026-07-27 13:35:36
24905,3:06 PM,3:05 PM,-1,Flight match,2026-07-27 13:35:36
26612,3:07 PM,2:47 PM,-20,Flight match,2026-07-27 13:35:36
30621,3:24 PM,3:37 PM,13,Flight match,2026-07-27 13:35:36
6751,3:49 PM,3:32 PM,-17,Flight match,2026-07-27 13:35:36
26001,9:26 AM,9:40 AM,14,Flight match,2026-07-27 13:51:51
29522,11:20 AM,11:17 AM,-3,Flight match,2026-07-27 13:51:51
28962,11:38 AM,11:39 AM,1,Flight match,2026-07-27 13:51:51
6751,3:32 PM,3:41 PM,9,Flight match,2026-07-27 13:51:51
29259,9:21 AM,9:22 AM,1,Flight match,2026-07-27 14:07:12
29848,9:31 AM,9:29 AM,-2,Flight match,2026-07-27 14:07:12
26001,9:40 AM,9:32 AM,-8,Flight match,2026-07-27 14:07:12
30017,10:06 AM,10:06 AM,0,Flight match,2026-07-27 14:07:12
19945,10:20 AM,10:24 AM,4,Flight match,2026-07-27 14:07:12
29522,11:17 AM,11:20 AM,3,Flight match,2026-07-27 14:07:12
30556,11:35 AM,11:31 AM,-4,Flight match,2026-07-27 14:07:12
28962,11:39 AM,11:36 AM,-3,Flight match,2026-07-27 14:07:12
30603,12:51 PM,12:20 PM,-31,Flight match,2026-07-27 14:07:12
29472,1:40 PM,1:32 PM,-8,Flight match,2026-07-27 14:07:12
24905,3:05 PM,3:00 PM,-5,Flight match,2026-07-27 14:07:12
30621,3:37 PM,3:33 PM,-4,Flight match,2026-07-27 14:07:12
29482,3:56 PM,3:57 PM,1,Flight match,2026-07-27 14:07:12
24740,7:35 PM,7:36 PM,1,Flight match,2026-07-27 14:07:12
30755,10:26 AM,10:25 AM,-1,Flight match,2026-07-27 14:43:14
29522,11:20 AM,11:15 AM,-5,Flight match,2026-07-27 14:43:14
30603,12:20 PM,12:16 PM,-4,Flight match,2026-07-27 14:43:14
29472,1:32 PM,1:30 PM,-2,Flight match,2026-07-27 14:43:14
24905,3:00 PM,2:44 PM,-16,Flight match,2026-07-27 14:43:14
30621,3:33 PM,3:34 PM,1,Flight match,2026-07-27 14:43:14
30476,6:01 PM,5:55 PM,-6,Flight match,2026-07-27 14:43:14
28883,8:10 PM,8:20 PM,10,Flight match,2026-07-27 14:43:14
30755,10:25 AM,10:47 AM,22,Flight match,2026-07-27 15:08:45
28962,11:36 AM,11:39 AM,3,Flight match,2026-07-27 15:08:45
29472,1:30 PM,1:32 PM,2,Flight match,2026-07-27 15:08:45
24905,2:44 PM,2:40 PM,-4,Flight match,2026-07-27 15:08:45
24740,7:36 PM,7:35 PM,-1,Flight match,2026-07-27 15:08:45
29686,7:20 AM,7:01 AM,-19,Flight match,2026-07-27 15:11:07
22810,9:35 AM,9:18 AM,-17,Flight match,2026-07-27 15:11:07
28431,9:35 AM,9:28 AM,-7,Flight match,2026-07-27 15:11:07
29368,9:55 AM,10:07 AM,12,Flight match,2026-07-27 15:11:08
27514,10:00 AM,9:42 AM,-18,Flight match,2026-07-27 15:11:08
24438,10:30 AM,10:14 AM,-16,Flight match,2026-07-27 15:11:08
27823,10:50 AM,10:33 AM,-17,Flight match,2026-07-27 15:11:08
22378,11:00 AM,10:51 AM,-9,Flight match,2026-07-27 15:11:08
29207,11:15 AM,11:18 AM,3,Flight match,2026-07-27 15:11:08
29323,12:15 PM,11:54 AM,-21,Flight match,2026-07-27 15:11:08
29041,1:00 PM,12:48 PM,-12,Flight match,2026-07-27 15:11:08
24012,3:38 PM,3:34 PM,-4,Flight match,2026-07-27 15:11:08
26616,3:38 PM,3:34 PM,-4,Flight match,2026-07-27 15:11:08
28691,8:02 PM,7:37 PM,-25,Flight match,2026-07-27 15:11:08
29522,11:15 AM,11:12 AM,-3,Flight match,2026-07-27 15:33:18
30556,11:31 AM,11:24 AM,-7,Flight match,2026-07-27 15:33:18
28962,11:39 AM,11:38 AM,-1,Flight match,2026-07-27 15:33:18
29472,1:32 PM,1:31 PM,-1,Flight match,2026-07-27 15:33:18
30621,3:34 PM,3:31 PM,-3,Flight match,2026-07-27 15:33:18
6751,3:41 PM,3:52 PM,11,Flight match,2026-07-27 15:33:18
28883,8:20 PM,8:11 PM,-9,Flight match,2026-07-27 15:33:18
28962,11:38 AM,11:33 AM,-5,Flight match,2026-07-27 15:42:21
30603,12:16 PM,12:14 PM,-2,Flight match,2026-07-27 16:34:11
29472,1:31 PM,1:31 PM,0,Flight match,2026-07-27 16:34:11
24905,2:40 PM,2:51 PM,11,Flight match,2026-07-27 16:34:11
26612,2:47 PM,2:53 PM,6,Flight match,2026-07-27 16:34:11
30912,2:53 PM,2:33 PM,-20,Flight match,2026-07-27 16:34:11
6751,3:52 PM,3:57 PM,5,Flight match,2026-07-27 16:34:11
29482,3:57 PM,3:51 PM,-6,Flight match,2026-07-27 16:34:11
30476,5:55 PM,5:46 PM,-9,Flight match,2026-07-27 16:34:11
26162,6:07 PM,6:25 PM,18,Flight match,2026-07-27 16:34:11
28883,8:11 PM,8:13 PM,2,Flight match,2026-07-27 16:34:11
29472,1:31 PM,1:31 PM,0,Flight match,2026-07-27 17:13:16
24905,2:51 PM,2:52 PM,1,Flight match,2026-07-27 17:13:16
26612,2:53 PM,3:36 PM,43,Flight match,2026-07-27 17:13:17
26162,6:25 PM,6:07 PM,-18,Flight match,2026-07-27 17:13:17
30603,12:14 PM,12:17 PM,3,Flight match,2026-07-27 17:30:20
29472,1:31 PM,1:31 PM,0,Flight match,2026-07-27 17:30:20
30912,2:33 PM,2:17 PM,-16,Flight match,2026-07-27 17:30:20
24905,2:52 PM,2:46 PM,-6,Flight match,2026-07-27 17:30:20
26612,3:36 PM,4:36 PM,60,Flight match,2026-07-27 17:30:20
6751,3:57 PM,4:25 PM,28,Flight match,2026-07-27 17:30:20
24740,7:35 PM,8:38 PM,63,Flight match,2026-07-27 17:30:20
28883,8:13 PM,8:10 PM,-3,Flight match,2026-07-27 17:30:20
29472,1:31 PM,1:31 PM,0,Flight match,2026-07-27 18:14:40
26612,4:36 PM,5:36 PM,60,Flight match,2026-07-27 18:14:40
26162,6:07 PM,6:12 PM,5,Flight match,2026-07-27 18:14:40
24740,8:38 PM,8:44 PM,6,Flight match,2026-07-27 18:14:40
30912,2:17 PM,2:25 PM,8,Flight match,2026-07-27 18:26:48
24905,2:46 PM,3:10 PM,24,Flight match,2026-07-27 18:26:48
6751,4:25 PM,3:57 PM,-28,Flight match,2026-07-27 18:26:49
26612,5:36 PM,4:32 PM,-64,Flight match,2026-07-27 18:26:49
24740,8:44 PM,9:47 PM,63,Flight match,2026-07-27 18:26:49
30912,2:25 PM,2:26 PM,1,Flight match,2026-07-27 19:21:02
24905,3:10 PM,3:17 PM,7,Flight match,2026-07-27 19:21:02
30621,3:31 PM,3:51 PM,20,Flight match,2026-07-27 19:21:02
6751,3:57 PM,3:57 PM,0,Flight match,2026-07-27 19:21:02
26612,4:32 PM,6:47 PM,135,Flight match,2026-07-27 19:21:02
30476,5:46 PM,5:50 PM,4,Flight match,2026-07-27 19:21:02
26162,6:12 PM,6:12 PM,0,Flight match,2026-07-27 19:21:02
24740,9:47 PM,10:47 PM,60,Flight match,2026-07-27 19:21:02
30621,3:51 PM,3:54 PM,3,Flight match,2026-07-27 19:24:50
24905,3:17 PM,3:15 PM,-2,Flight match,2026-07-27 21:57:11
29482,3:51 PM,4:14 PM,23,Flight match,2026-07-27 21:57:12
30621,3:54 PM,3:52 PM,-2,Flight match,2026-07-27 21:57:12
6751,3:57 PM,4:14 PM,17,Flight match,2026-07-27 21:57:12
30476,5:50 PM,5:44 PM,-6,Flight match,2026-07-27 21:57:12
26162,6:12 PM,6:26 PM,14,Flight match,2026-07-27 21:57:12
26612,6:47 PM,8:48 PM,121,Flight match,2026-07-27 21:57:12
28883,8:10 PM,7:51 PM,-19,Flight match,2026-07-27 21:57:12
30617,9:30 PM,9:33 PM,3,Flight match,2026-07-27 21:57:12
27873,9:42 PM,9:43 PM,1,Flight match,2026-07-27 21:57:12
26612,8:48 PM,9:03 PM,15,Flight match,2026-07-27 22:15:15
26162,6:26 PM,6:22 PM,-4,Flight match,2026-07-28 00:26:44
28883,7:51 PM,7:47 PM,-4,Flight match,2026-07-28 00:26:44
26612,9:03 PM,11:18 PM,135,Flight match,2026-07-28 00:26:44
30617,9:33 PM,9:54 PM,21,Flight match,2026-07-28 00:26:44
27873,9:43 PM,9:50 PM,7,Flight match,2026-07-28 00:26:44
30617,9:54 PM,9:51 PM,-3,Flight match,2026-07-28 01:38:43
27873,9:50 PM,9:51 PM,1,Flight match,2026-07-28 02:20:17
30617,9:51 PM,9:55 PM,4,Flight match,2026-07-28 02:20:17
22378,10:51 AM,10:49 AM,-2,Flight match,2026-07-28 03:01:47
17508,11:52 AM,11:50 AM,-2,Flight match,2026-07-28 03:01:47
30375,1:01 PM,12:58 PM,-3,Flight match,2026-07-28 03:01:47
19101,2:37 PM,2:28 PM,-9,Flight match,2026-07-28 03:01:47
26372,4:25 PM,4:01 PM,-24,Flight match,2026-07-28 03:01:47
30661,5:47 PM,5:41 PM,-6,Flight match,2026-07-28 03:01:47
31005,5:47 PM,5:32 PM,-15,Flight match,2026-07-28 03:01:47
30975,5:47 PM,5:15 PM,-32,Flight match,2026-07-28 03:01:47
30982,12:50 PM,12:29 PM,-21,Flight match,2026-07-28 11:31:17
30975,5:15 PM,5:40 PM,25,Flight match,2026-07-28 11:31:21
24740,3:57 AM,3:34 AM,-23,Flight match,2026-07-28 11:31:49
29686,7:01 AM,7:07 AM,6,Flight match,2026-07-28 11:31:49
22810,9:18 AM,9:20 AM,2,Flight match,2026-07-28 11:31:49
28431,9:28 AM,9:29 AM,1,Flight match,2026-07-28 11:31:49
27514,9:42 AM,9:26 AM,-16,Flight match,2026-07-28 11:31:49
29410,9:42 AM,9:26 AM,-16,Flight match,2026-07-28 11:31:49
29368,10:07 AM,9:42 AM,-25,Flight match,2026-07-28 11:31:49
30628,10:30 AM,10:26 AM,-4,Flight match,2026-07-28 11:31:49
27823,10:33 AM,10:34 AM,1,Flight match,2026-07-28 11:31:50
22378,10:49 AM,10:51 AM,2,Flight match,2026-07-28 11:31:50
30995,11:12 AM,10:48 AM,-24,Flight match,2026-07-28 11:31:50
29207,11:18 AM,11:02 AM,-16,Flight match,2026-07-28 11:31:50
29323,11:54 AM,11:47 AM,-7,Flight match,2026-07-28 11:31:50
19101,2:28 PM,2:37 PM,9,Flight match,2026-07-28 11:31:50
24012,3:34 PM,3:35 PM,1,Flight match,2026-07-28 11:31:50
26372,4:01 PM,4:25 PM,24,Flight match,2026-07-28 11:31:50
23819,4:05 PM,4:06 PM,1,Flight match,2026-07-28 11:31:50
31005,5:32 PM,5:33 PM,1,Flight match,2026-07-28 11:31:50
30661,5:41 PM,5:47 PM,6,Flight match,2026-07-28 11:31:50
29686,7:07 AM,7:06 AM,-1,Flight match,2026-07-28 11:48:54
27514,9:26 AM,9:23 AM,-3,Flight match,2026-07-28 11:48:54
29410,9:26 AM,9:23 AM,-3,Flight match,2026-07-28 11:48:54
29368,9:42 AM,9:35 AM,-7,Flight match,2026-07-28 11:48:54
27823,10:34 AM,10:33 AM,-1,Flight match,2026-07-28 11:48:54
22378,10:51 AM,10:49 AM,-2,Flight match,2026-07-28 11:48:54
17508,11:50 AM,11:51 AM,1,Flight match,2026-07-28 11:48:55
30982,12:29 PM,12:09 PM,-20,Flight match,2026-07-28 11:48:55
24861,4:23 PM,3:58 PM,-25,Flight match,2026-07-28 11:48:55
30975,5:40 PM,5:25 PM,-15,Flight match,2026-07-28 11:48:55
22810,9:20 AM,9:18 AM,-2,Flight match,2026-07-28 12:22:13
28431,9:29 AM,9:24 AM,-5,Flight match,2026-07-28 12:22:13
30628,10:26 AM,10:48 AM,22,Flight match,2026-07-28 12:22:13
27823,10:33 AM,10:24 AM,-9,Flight match,2026-07-28 12:22:13
30995,10:48 AM,11:17 AM,29,Flight match,2026-07-28 12:22:13
29207,11:02 AM,10:53 AM,-9,Flight match,2026-07-28 12:22:13
17508,11:51 AM,12:03 PM,12,Flight match,2026-07-28 12:22:13
30982,12:09 PM,12:12 PM,3,Flight match,2026-07-28 12:22:13
24012,3:35 PM,3:34 PM,-1,Flight match,2026-07-28 12:22:13
22810,9:18 AM,9:21 AM,3,Flight match,2026-07-28 13:08:51
27514,9:23 AM,9:28 AM,5,Flight match,2026-07-28 13:08:51
29410,9:23 AM,9:28 AM,5,Flight match,2026-07-28 13:08:51
28431,9:24 AM,9:23 AM,-1,Flight match,2026-07-28 13:08:51
29368,9:35 AM,9:34 AM,-1,Flight match,2026-07-28 13:08:51
30628,10:48 AM,10:37 AM,-11,Flight match,2026-07-28 13:08:51
22378,10:49 AM,10:43 AM,-6,Flight match,2026-07-28 13:08:51
29207,10:53 AM,10:55 AM,2,Flight match,2026-07-28 13:08:51
30995,11:17 AM,11:17 AM,0,Flight match,2026-07-28 13:08:51
29323,11:47 AM,11:49 AM,2,Flight match,2026-07-28 13:08:51
30982,12:12 PM,12:18 PM,6,Flight match,2026-07-28 13:08:51
29041,12:48 PM,12:44 PM,-4,Flight match,2026-07-28 13:08:51
19101,2:37 PM,2:28 PM,-9,Flight match,2026-07-28 13:08:52
28431,9:23 AM,9:24 AM,1,Flight match,2026-07-28 13:33:15
27514,9:28 AM,9:25 AM,-3,Flight match,2026-07-28 13:33:15
29410,9:28 AM,9:25 AM,-3,Flight match,2026-07-28 13:33:15
29368,9:34 AM,9:33 AM,-1,Flight match,2026-07-28 13:33:15
22378,10:43 AM,10:38 AM,-5,Flight match,2026-07-28 13:33:15
22810,9:21 AM,9:24 AM,3,Flight match,2026-07-28 14:14:17
28431,9:24 AM,9:28 AM,4,Flight match,2026-07-28 14:14:17
27514,9:25 AM,9:26 AM,1,Flight match,2026-07-28 14:14:17
29410,9:25 AM,9:26 AM,1,Flight match,2026-07-28 14:14:17
29368,9:33 AM,9:38 AM,5,Flight match,2026-07-28 14:14:17
27823,10:24 AM,10:26 AM,2,Flight match,2026-07-28 14:14:17
29323,11:49 AM,11:52 AM,3,Flight match,2026-07-28 14:14:17
17508,12:03 PM,11:44 AM,-19,Flight match,2026-07-28 14:14:17
30375,12:58 PM,12:52 PM,-6,Flight match,2026-07-28 14:14:17
24861,3:58 PM,4:29 PM,31,Flight match,2026-07-28 14:14:17
23819,4:06 PM,4:05 PM,-1,Flight match,2026-07-28 14:14:17
27081,8:31 AM,8:17 AM,-14,Flight match,2026-07-28 14:32:08
20627,8:35 AM,8:36 AM,1,Flight match,2026-07-28 14:32:08
26201,8:56 AM,8:45 AM,-11,Flight match,2026-07-28 14:32:08
24213,9:15 AM,8:36 AM,-39,Flight match,2026-07-28 14:32:08
27220,9:35 AM,9:28 AM,-7,Flight match,2026-07-28 14:32:08
28869,9:40 AM,9:26 AM,-14,Flight match,2026-07-28 14:32:08
21299,9:44 AM,9:41 AM,-3,Flight match,2026-07-28 14:32:08
20915,9:45 AM,9:44 AM,-1,Flight match,2026-07-28 14:32:08
30498,9:56 AM,9:49 AM,-7,Flight match,2026-07-28 14:32:08
31031,10:11 AM,10:08 AM,-3,Flight match,2026-07-28 14:32:08
25802,10:15 AM,9:57 AM,-18,Flight match,2026-07-28 14:32:08
26097,10:50 AM,10:46 AM,-4,Flight match,2026-07-28 14:32:08
27017,10:57 AM,10:51 AM,-6,Flight match,2026-07-28 14:32:08
22568,11:00 AM,9:57 AM,-63,Flight match,2026-07-28 14:32:08
30162,11:20 AM,11:07 AM,-13,Flight match,2026-07-28 14:32:08
31087,11:45 AM,11:25 AM,-20,Flight match,2026-07-28 14:32:08
29876,12:00 PM,11:52 AM,-8,Flight match,2026-07-28 14:32:08
30423,12:45 PM,12:34 PM,-11,Flight match,2026-07-28 14:32:08
27297,1:20 PM,12:34 PM,-46,Flight match,2026-07-28 14:32:08
27299,1:30 PM,12:34 PM,-56,Flight match,2026-07-28 14:32:08
29792,4:10 PM,4:07 PM,-3,Flight match,2026-07-28 14:32:08
28720,4:30 PM,4:22 PM,-8,Flight match,2026-07-28 14:32:08
28528,5:30 PM,4:50 PM,-40,Flight match,2026-07-28 14:32:08
29701,6:00 PM,5:54 PM,-6,Flight match,2026-07-28 14:32:08
26711,6:00 PM,6:12 PM,12,Flight match,2026-07-28 14:32:09
30628,10:37 AM,10:33 AM,-4,Flight match,2026-07-28 14:34:21
27823,10:26 AM,10:24 AM,-2,Flight match,2026-07-28 15:19:34
30628,10:33 AM,10:31 AM,-2,Flight match,2026-07-28 15:19:34
29207,10:55 AM,10:52 AM,-3,Flight match,2026-07-28 15:19:34
17508,11:44 AM,12:00 PM,16,Flight match,2026-07-28 15:19:34
29323,11:52 AM,11:49 AM,-3,Flight match,2026-07-28 15:19:34
30982,12:18 PM,12:29 PM,11,Flight match,2026-07-28 15:19:34
29041,12:44 PM,12:57 PM,13,Flight match,2026-07-28 15:19:34
30375,12:52 PM,12:43 PM,-9,Flight match,2026-07-28 15:19:34
19101,2:28 PM,2:39 PM,11,Flight match,2026-07-28 15:19:34
23819,4:05 PM,4:06 PM,1,Flight match,2026-07-28 15:19:34
26372,4:25 PM,4:00 PM,-25,Flight match,2026-07-28 15:19:34
24861,4:29 PM,4:04 PM,-25,Flight match,2026-07-28 15:19:34
30995,11:17 AM,11:13 AM,-4,Flight match,2026-07-28 15:31:02
30375,12:43 PM,12:55 PM,12,Flight match,2026-07-28 15:31:02
19101,2:39 PM,2:27 PM,-12,Flight match,2026-07-28 15:31:02
24012,3:34 PM,3:27 PM,-7,Flight match,2026-07-28 15:31:02
31005,5:33 PM,5:32 PM,-1,Flight match,2026-07-28 15:31:02
29323,11:49 AM,11:48 AM,-1,Flight match,2026-07-28 15:48:20
30375,12:55 PM,12:57 PM,2,Flight match,2026-07-28 15:48:20
29041,12:57 PM,12:53 PM,-4,Flight match,2026-07-28 15:48:20
30975,5:25 PM,5:15 PM,-10,Flight match,2026-07-28 15:48:20
29323,11:48 AM,11:48 AM,0,Flight match,2026-07-28 15:58:33
30982,12:29 PM,12:11 PM,-18,Flight match,2026-07-28 15:58:33
29041,12:53 PM,12:57 PM,4,Flight match,2026-07-28 15:58:33
30375,12:57 PM,1:08 PM,11,Flight match,2026-07-28 15:58:33
26372,4:00 PM,3:56 PM,-4,Flight match,2026-07-28 15:58:33
29323,11:48 AM,11:44 AM,-4,Flight match,2026-07-28 16:23:33
17508,12:00 PM,11:59 AM,-1,Flight match,2026-07-28 16:23:33
30375,1:08 PM,1:01 PM,-7,Flight match,2026-07-28 16:23:33
19101,2:27 PM,2:39 PM,12,Flight match,2026-07-28 16:23:33
26372,3:56 PM,4:00 PM,4,Flight match,2026-07-28 16:23:33
31005,5:32 PM,6:55 PM,83,Flight match,2026-07-28 16:23:34
30661,5:47 PM,5:41 PM,-6,Flight match,2026-07-28 16:23:34
30982,12:11 PM,12:29 PM,18,Flight match,2026-07-28 16:30:46
30982,12:29 PM,12:10 PM,-19,Flight match,2026-07-28 17:07:00
19101,2:39 PM,2:22 PM,-17,Flight match,2026-07-28 17:07:49
26372,4:00 PM,4:08 PM,8,Flight match,2026-07-28 17:07:49
24861,4:04 PM,4:03 PM,-1,Flight match,2026-07-28 17:07:49
23819,4:06 PM,3:40 PM,-26,Flight match,2026-07-28 17:07:49
30375,1:01 PM,1:00 PM,-1,Flight match,2026-07-28 17:45:58
19101,2:22 PM,2:24 PM,2,Flight match,2026-07-28 17:45:58
24012,3:27 PM,3:20 PM,-7,Flight match,2026-07-28 17:45:58
23819,3:40 PM,3:41 PM,1,Flight match,2026-07-28 17:45:58
24861,4:03 PM,4:16 PM,13,Flight match,2026-07-28 17:45:58
26372,4:08 PM,4:10 PM,2,Flight match,2026-07-28 17:45:58
19101,2:24 PM,2:28 PM,4,Flight match,2026-07-28 18:44:55
24012,3:20 PM,3:17 PM,-3,Flight match,2026-07-28 18:44:55
23819,3:41 PM,3:50 PM,9,Flight match,2026-07-28 18:44:55
26372,4:10 PM,4:09 PM,-1,Flight match,2026-07-28 18:44:55
30975,5:15 PM,5:10 PM,-5,Flight match,2026-07-28 18:44:55
30661,5:41 PM,5:37 PM,-4,Flight match,2026-07-28 18:44:55
31005,6:55 PM,8:27 PM,92,Flight match,2026-07-28 18:44:55
30975,5:10 PM,5:13 PM,3,Flight match,2026-07-28 19:17:52
30661,5:37 PM,5:43 PM,6,Flight match,2026-07-28 19:17:52
24012,7:35 PM,3:17 PM,-258,Flight match,2026-07-28 19:17:52
28691,7:37 PM,7:28 PM,-9,Flight match,2026-07-28 19:17:53
22449,8:05 PM,7:47 PM,-18,Flight match,2026-07-28 19:17:53
31005,8:27 PM,7:35 PM,-52,Flight match,2026-07-28 19:17:53
24012,7:35 PM,3:17 PM,-258,Flight match,2026-07-28 19:24:36
26372,4:09 PM,4:08 PM,-1,Flight match,2026-07-28 19:29:29
30975,5:13 PM,5:14 PM,1,Flight match,2026-07-28 19:29:29
24438,10:09 PM,9:59 PM,-10,Flight match,2026-07-28 19:29:29
27081,8:17 AM,8:31 AM,14,Flight match,2026-07-28 19:29:51
30498,9:49 AM,9:48 AM,-1,Flight match,2026-07-28 19:29:51
22568,9:57 AM,10:14 AM,17,Flight match,2026-07-28 19:29:51
25802,9:57 AM,10:14 AM,17,Flight match,2026-07-28 19:29:51
31031,10:08 AM,10:07 AM,-1,Flight match,2026-07-28 19:29:51
14658,10:27 AM,10:30 AM,3,Flight match,2026-07-28 19:29:51
27017,10:51 AM,10:49 AM,-2,Flight match,2026-07-28 19:29:51
29876,11:52 AM,11:50 AM,-2,Flight match,2026-07-28 19:29:51
31113,1:08 PM,12:52 PM,-16,Flight match,2026-07-28 19:29:51
31063,1:19 PM,12:57 PM,-22,Flight match,2026-07-28 19:29:51
27844,3:15 PM,2:57 PM,-18,Flight match,2026-07-28 19:29:51
25981,3:45 PM,3:28 PM,-17,Flight match,2026-07-28 19:29:51
28720,4:22 PM,3:58 PM,-24,Flight match,2026-07-28 19:29:51
28528,4:50 PM,4:51 PM,1,Flight match,2026-07-28 19:29:51
22300,4:55 PM,4:25 PM,-30,Flight match,2026-07-28 19:29:51
30010,5:10 PM,4:43 PM,-27,Flight match,2026-07-28 19:29:51
29701,5:54 PM,5:25 PM,-29,Flight match,2026-07-28 19:29:51
30833,6:01 PM,5:31 PM,-30,Flight match,2026-07-28 19:29:51
18200,6:00 AM,5:41 AM,-19,Flight match,2026-07-28 19:30:20
29594,6:00 AM,5:55 AM,-5,Flight match,2026-07-28 19:30:20
27494,9:45 AM,9:40 AM,-5,Flight match,2026-07-28 19:30:20
17206,10:24 AM,10:30 AM,6,Flight match,2026-07-28 19:30:20
26408,10:30 AM,9:44 AM,-46,Flight match,2026-07-28 19:30:20
31082,10:30 AM,10:11 AM,-19,Flight match,2026-07-28 19:30:20
30219,12:50 PM,12:10 PM,-40,Flight match,2026-07-28 19:30:20
30002,2:30 PM,1:55 PM,-35,Flight match,2026-07-28 19:30:20
30734,2:45 PM,2:20 PM,-25,Flight match,2026-07-28 19:30:20
30825,3:30 PM,2:59 PM,-31,Flight match,2026-07-28 19:30:20
31137,4:00 PM,3:54 PM,-6,Flight match,2026-07-28 19:30:20
27533,4:30 PM,4:04 PM,-26,Flight match,2026-07-28 19:30:20
26541,5:00 PM,4:57 PM,-3,Flight match,2026-07-28 19:30:21
26292,5:15 PM,5:08 PM,-7,Flight match,2026-07-28 19:30:21
18885,5:23 PM,5:35 PM,12,Flight match,2026-07-28 19:30:21
29161,6:30 PM,5:04 PM,-86,Flight match,2026-07-28 19:30:21
19753,7:06 PM,7:57 PM,51,Flight match,2026-07-28 19:30:21
29246,7:35 PM,7:30 AM,-725,Flight match,2026-07-28 19:30:21
23819,3:50 PM,3:40 PM,-10,Flight match,2026-07-28 20:00:38
26616,6:44 PM,6:38 PM,-6,Flight match,2026-07-28 20:00:38
23819,3:40 PM,3:44 PM,4,Flight match,2026-07-28 21:08:05
26372,4:08 PM,4:05 PM,-3,Flight match,2026-07-28 21:08:05
24861,4:16 PM,4:17 PM,1,Flight match,2026-07-28 21:08:05
30975,5:14 PM,5:17 PM,3,Flight match,2026-07-28 21:08:05
30661,5:43 PM,5:49 PM,6,Flight match,2026-07-28 21:08:05
28691,7:28 PM,7:31 PM,3,Flight match,2026-07-28 21:08:05
31005,7:35 PM,7:27 PM,-8,Flight match,2026-07-28 21:08:05
24012,7:35 PM,7:27 PM,-8,Flight match,2026-07-28 21:08:05
22449,7:47 PM,7:58 PM,11,Flight match,2026-07-28 21:08:05
24438,9:59 PM,10:09 PM,10,Flight match,2026-07-28 21:08:05
31197,8:15 PM,7:49 PM,-26,Flight match,2026-07-28 22:15:02
28957,9:00 AM,7:40 AM,-80,Flight match,2026-07-28 22:16:02
30866,9:30 AM,9:25 AM,-5,Flight match,2026-07-28 22:16:02
26991,10:50 AM,10:51 AM,1,Flight match,2026-07-28 22:16:03
26512,11:30 AM,11:05 AM,-25,Flight match,2026-07-28 22:16:03
18404,12:00 PM,11:25 AM,-35,Flight match,2026-07-28 22:16:03
26469,12:15 PM,12:16 PM,1,Flight match,2026-07-28 22:16:03
30385,1:15 PM,12:54 PM,-21,Flight match,2026-07-28 22:16:03
26732,1:30 PM,1:00 PM,-30,Flight match,2026-07-28 22:16:03
29122,1:40 PM,3:47 PM,127,Flight match,2026-07-28 22:16:03
28508,2:14 PM,1:51 PM,-23,Flight match,2026-07-28 22:16:03
29844,3:15 PM,2:59 PM,-16,Flight match,2026-07-28 22:16:03
27828,7:45 PM,6:50 PM,-55,Flight match,2026-07-28 22:16:03
29880,8:30 PM,8:00 PM,-30,Flight match,2026-07-28 22:16:03
30527,9:00 PM,8:50 PM,-10,Flight match,2026-07-28 22:16:03
28326,10:30 PM,10:15 PM,-15,Flight match,2026-07-28 22:16:03
29663,11:00 PM,10:43 PM,-17,Flight match,2026-07-28 22:16:03
30975,5:17 PM,5:18 PM,1,Flight match,2026-07-28 23:13:15
30661,5:49 PM,5:54 PM,5,Flight match,2026-07-28 23:13:15
26616,6:38 PM,6:26 PM,-12,Flight match,2026-07-28 23:13:15
31005,7:27 PM,7:32 PM,5,Flight match,2026-07-28 23:13:15
24012,7:27 PM,7:32 PM,5,Flight match,2026-07-28 23:13:15
28691,7:31 PM,7:21 PM,-10,Flight match,2026-07-28 23:13:15
22449,7:58 PM,8:28 PM,30,Flight match,2026-07-28 23:13:15
24438,10:09 PM,9:59 PM,-10,Flight match,2026-07-28 23:13:15
29792,4:07 PM,4:10 PM,3,Flight match,2026-07-29 02:50:44
28528,4:51 PM,4:50 PM,-1,Flight match,2026-07-29 02:50:44
29701,5:25 PM,5:54 PM,29,Flight match,2026-07-29 02:50:44
26711,6:12 PM,6:00 PM,-12,Flight match,2026-07-29 02:50:44
31022,10:07 PM,10:15 PM,8,Flight match,2026-07-29 02:50:44
27081,8:31 AM,8:34 AM,3,Flight match,2026-07-29 10:40:47
24213,8:36 AM,8:34 AM,-2,Flight match,2026-07-29 10:40:47
20627,8:36 AM,8:34 AM,-2,Flight match,2026-07-29 10:40:47
26201,8:45 AM,8:39 AM,-6,Flight match,2026-07-29 10:40:47
28869,9:26 AM,9:27 AM,1,Flight match,2026-07-29 10:40:47
27220,9:28 AM,9:28 AM,0,Flight match,2026-07-29 10:40:47
21299,9:41 AM,9:23 AM,-18,Flight match,2026-07-29 10:40:47
20915,9:44 AM,9:41 AM,-3,Flight match,2026-07-29 10:40:47
31031,10:07 AM,10:28 AM,21,Flight match,2026-07-29 10:40:47
22568,10:14 AM,10:07 AM,-7,Flight match,2026-07-29 10:40:47
25802,10:14 AM,10:07 AM,-7,Flight match,2026-07-29 10:40:47
14658,10:30 AM,10:14 AM,-16,Flight match,2026-07-29 10:40:48
30162,11:07 AM,11:17 AM,10,Flight match,2026-07-29 10:40:48
30423,12:34 PM,12:45 PM,11,Flight match,2026-07-29 10:40:48
27297,12:34 PM,12:45 PM,11,Flight match,2026-07-29 10:40:48
31063,12:57 PM,1:19 PM,22,Flight match,2026-07-29 10:40:48
27780,2:25 PM,2:02 PM,-23,Flight match,2026-07-29 10:40:48
27844,2:57 PM,3:15 PM,18,Flight match,2026-07-29 10:40:48
25981,3:28 PM,3:45 PM,17,Flight match,2026-07-29 10:40:48
28720,3:58 PM,4:22 PM,24,Flight match,2026-07-29 10:40:48
29792,4:10 PM,4:01 PM,-9,Flight match,2026-07-29 10:40:48
22300,4:25 PM,4:55 PM,30,Flight match,2026-07-29 10:40:48
30317,4:26 PM,4:17 PM,-9,Flight match,2026-07-29 10:40:48
30010,4:43 PM,5:10 PM,27,Flight match,2026-07-29 10:40:48
28528,4:50 PM,4:51 PM,1,Flight match,2026-07-29 10:40:48
26711,6:00 PM,6:12 PM,12,Flight match,2026-07-29 10:40:48
31197,7:49 PM,8:15 PM,26,Flight match,2026-07-29 10:40:48
26201,8:39 AM,8:47 AM,8,Flight match,2026-07-29 11:36:10
21299,9:23 AM,9:15 AM,-8,Flight match,2026-07-29 11:36:10
28869,9:27 AM,9:33 AM,6,Flight match,2026-07-29 11:36:10
20915,9:41 AM,9:31 AM,-10,Flight match,2026-07-29 11:36:10
30498,9:48 AM,9:47 AM,-1,Flight match,2026-07-29 11:36:10
22568,10:07 AM,10:22 AM,15,Flight match,2026-07-29 11:36:10
25802,10:07 AM,10:22 AM,15,Flight match,2026-07-29 11:36:10
31031,10:28 AM,10:31 AM,3,Flight match,2026-07-29 11:36:10
31087,11:25 AM,12:58 PM,93,Flight match,2026-07-29 11:36:10
31113,12:52 PM,12:59 PM,7,Flight match,2026-07-29 11:36:10
31063,1:19 PM,1:20 PM,1,Flight match,2026-07-29 11:36:10
29792,4:01 PM,4:16 PM,15,Flight match,2026-07-29 11:36:10
30317,4:17 PM,4:14 PM,-3,Flight match,2026-07-29 11:36:10
31022,10:15 PM,10:07 PM,-8,Flight match,2026-07-29 11:36:10
29246,7:30 AM,7:20 AM,-10,Flight match,2026-07-29 11:50:34
26127,8:09 AM,8:02 AM,-7,Flight match,2026-07-29 11:50:34
26131,8:09 AM,8:02 AM,-7,Flight match,2026-07-29 11:50:34
17620,8:30 AM,8:22 AM,-8,Flight match,2026-07-29 11:50:34
26217,9:16 AM,9:20 AM,4,Flight match,2026-07-29 11:50:34
30886,9:27 AM,9:11 AM,-16,Flight match,2026-07-29 11:50:34
27494,9:40 AM,9:44 AM,4,Flight match,2026-07-29 11:50:34
26408,9:44 AM,9:41 AM,-3,Flight match,2026-07-29 11:50:34
30889,9:45 AM,9:36 AM,-9,Flight match,2026-07-29 11:50:34
31082,10:11 AM,10:08 AM,-3,Flight match,2026-07-29 11:50:35
30265,10:14 AM,10:01 AM,-13,Flight match,2026-07-29 11:50:35
31159,10:16 AM,10:04 AM,-12,Flight match,2026-07-29 11:50:35
17206,10:30 AM,10:26 AM,-4,Flight match,2026-07-29 11:50:35
26278,1:40 PM,1:30 PM,-10,Flight match,2026-07-29 11:50:35
26289,3:38 PM,3:34 PM,-4,Flight match,2026-07-29 11:50:35
29161,5:04 PM,4:50 PM,-14,Flight match,2026-07-29 11:50:35
18885,5:35 PM,5:22 PM,-13,Flight match,2026-07-29 11:50:35
31300,6:50 PM,6:44 PM,-6,Flight match,2026-07-29 11:50:35
19753,7:57 PM,7:36 PM,-21,Flight match,2026-07-29 11:50:35
29955,10:27 AM,10:13 AM,-14,Flight match,2026-07-29 12:03:25
30919,10:34 AM,10:37 AM,3,Flight match,2026-07-29 12:03:25
26935,10:50 AM,10:28 AM,-22,Flight match,2026-07-29 12:03:25
20627,8:34 AM,8:33 AM,-1,Flight match,2026-07-29 12:47:02
27081,8:34 AM,8:35 AM,1,Flight match,2026-07-29 12:47:02
24213,8:34 AM,8:33 AM,-1,Flight match,2026-07-29 12:47:03
26201,8:47 AM,8:52 AM,5,Flight match,2026-07-29 12:47:03
21299,9:15 AM,9:15 AM,0,Flight match,2026-07-29 12:47:03
27220,9:28 AM,9:26 AM,-2,Flight match,2026-07-29 12:47:03
28869,9:33 AM,9:34 AM,1,Flight match,2026-07-29 12:47:03
30498,9:47 AM,9:53 AM,6,Flight match,2026-07-29 12:47:03
14658,10:14 AM,10:03 AM,-11,Flight match,2026-07-29 12:47:03
22568,10:22 AM,10:14 AM,-8,Flight match,2026-07-29 12:47:03
25802,10:22 AM,10:14 AM,-8,Flight match,2026-07-29 12:47:03
31031,10:31 AM,10:21 AM,-10,Flight match,2026-07-29 12:47:03
27017,10:49 AM,10:41 AM,-8,Flight match,2026-07-29 12:47:03
31184,10:49 AM,10:41 AM,-8,Flight match,2026-07-29 12:47:03
30162,11:17 AM,11:12 AM,-5,Flight match,2026-07-29 12:47:03
30423,12:45 PM,12:29 PM,-16,Flight match,2026-07-29 12:47:03
27297,12:45 PM,12:29 PM,-16,Flight match,2026-07-29 12:47:03
29792,4:16 PM,4:39 PM,23,Flight match,2026-07-29 12:47:03
28528,4:51 PM,4:50 PM,-1,Flight match,2026-07-29 12:47:03
26711,6:12 PM,5:48 PM,-24,Flight match,2026-07-29 12:47:03
26201,8:52 AM,8:48 AM,-4,Flight match,2026-07-29 13:04:50
21299,9:15 AM,9:14 AM,-1,Flight match,2026-07-29 13:04:50
30498,9:53 AM,9:52 AM,-1,Flight match,2026-07-29 13:04:50
27017,10:41 AM,10:46 AM,5,Flight match,2026-07-29 13:04:50
31184,10:41 AM,10:46 AM,5,Flight match,2026-07-29 13:04:50
30162,11:12 AM,11:15 AM,3,Flight match,2026-07-29 13:04:50
27780,2:02 PM,2:11 PM,9,Flight match,2026-07-29 13:04:50
29792,4:39 PM,4:25 PM,-14,Flight match,2026-07-29 13:04:50
29701,5:54 PM,5:25 PM,-29,Flight match,2026-07-29 13:04:50
21299,9:14 AM,9:14 AM,0,Flight match,2026-07-29 13:38:36
27220,9:26 AM,9:32 AM,6,Flight match,2026-07-29 13:38:36
28869,9:34 AM,9:35 AM,1,Flight match,2026-07-29 13:38:36
31031,10:21 AM,10:17 AM,-4,Flight match,2026-07-29 13:38:36
27017,10:46 AM,10:47 AM,1,Flight match,2026-07-29 13:38:36
31184,10:46 AM,10:47 AM,1,Flight match,2026-07-29 13:38:36
30162,11:15 AM,11:14 AM,-1,Flight match,2026-07-29 13:38:36
29876,11:50 AM,11:43 AM,-7,Flight match,2026-07-29 13:38:36
31087,12:58 PM,12:59 PM,1,Flight match,2026-07-29 13:38:36
29792,4:25 PM,4:25 PM,0,Flight match,2026-07-29 13:38:36
31344,8:00 PM,8:08 PM,8,Flight match,2026-07-29 13:38:36
21299,9:14 AM,9:10 AM,-4,Flight match,2026-07-29 14:06:19
20915,9:31 AM,9:27 AM,-4,Flight match,2026-07-29 14:06:19
27220,9:32 AM,9:37 AM,5,Flight match,2026-07-29 14:06:19
28869,9:35 AM,9:34 AM,-1,Flight match,2026-07-29 14:06:19
31031,10:17 AM,10:20 AM,3,Flight match,2026-07-29 14:06:19
27017,10:47 AM,10:47 AM,0,Flight match,2026-07-29 14:06:19
31184,10:47 AM,10:47 AM,0,Flight match,2026-07-29 14:06:20
29876,11:43 AM,11:50 AM,7,Flight match,2026-07-29 14:06:20
31087,12:59 PM,12:56 PM,-3,Flight match,2026-07-29 14:06:20
30317,4:14 PM,3:56 PM,-18,Flight match,2026-07-29 14:06:20
30317,3:56 PM,3:49 PM,-7,Flight match,2026-07-29 14:21:59
30498,9:52 AM,9:49 AM,-3,Flight match,2026-07-29 14:24:06
14658,10:03 AM,10:06 AM,3,Flight match,2026-07-29 14:24:07
22568,10:14 AM,10:11 AM,-3,Flight match,2026-07-29 14:24:07
25802,10:14 AM,10:11 AM,-3,Flight match,2026-07-29 14:24:07
31031,10:20 AM,10:19 AM,-1,Flight match,2026-07-29 14:24:07
30162,11:14 AM,11:14 AM,0,Flight match,2026-07-29 14:24:07
30423,12:29 PM,12:24 PM,-5,Flight match,2026-07-29 14:24:07
27297,12:29 PM,12:24 PM,-5,Flight match,2026-07-29 14:24:07
31113,12:59 PM,12:54 PM,-5,Flight match,2026-07-29 14:24:07
31063,1:20 PM,12:54 PM,-26,Flight match,2026-07-29 14:24:07
14658,10:06 AM,10:02 AM,-4,Flight match,2026-07-29 15:07:38
27017,10:47 AM,10:54 AM,7,Flight match,2026-07-29 15:07:38
31184,10:47 AM,10:54 AM,7,Flight match,2026-07-29 15:07:38
30162,11:14 AM,11:13 AM,-1,Flight match,2026-07-29 15:07:38
29876,11:50 AM,11:53 AM,3,Flight match,2026-07-29 15:07:38
30423,12:24 PM,12:28 PM,4,Flight match,2026-07-29 15:07:38
27297,12:24 PM,12:28 PM,4,Flight match,2026-07-29 15:07:38
31113,12:54 PM,1:02 PM,8,Flight match,2026-07-29 15:07:38
31063,12:54 PM,12:43 PM,-11,Flight match,2026-07-29 15:07:38
31087,12:56 PM,12:48 PM,-8,Flight match,2026-07-29 15:07:38
27780,2:11 PM,2:09 PM,-2,Flight match,2026-07-29 15:07:38
30317,3:49 PM,4:17 PM,28,Flight match,2026-07-29 15:07:38
26711,5:48 PM,5:50 PM,2,Flight match,2026-07-29 15:07:38
31361,8:00 PM,7:03 PM,-57,Flight match,2026-07-29 16:22:16
31006,10:30 AM,9:42 AM,-48,Flight match,2026-07-29 16:22:18
29949,2:02 PM,1:32 PM,-30,Flight match,2026-07-29 16:22:20
30265,10:01 AM,10:14 AM,13,Flight match,2026-07-29 16:22:22
31159,10:04 AM,10:16 AM,12,Flight match,2026-07-29 16:22:22
31082,10:08 AM,10:07 AM,-1,Flight match,2026-07-29 16:22:23
29955,10:13 AM,10:30 AM,17,Flight match,2026-07-29 16:22:23
26935,10:28 AM,10:55 AM,27,Flight match,2026-07-29 16:22:23
22455,11:10 AM,10:58 AM,-12,Flight match,2026-07-29 16:22:23
28907,11:30 AM,11:29 AM,-1,Flight match,2026-07-29 16:22:23
30219,12:10 PM,11:59 AM,-11,Flight match,2026-07-29 16:22:23
27924,1:01 PM,12:58 PM,-3,Flight match,2026-07-29 16:22:23
26368,1:13 PM,12:56 PM,-17,Flight match,2026-07-29 16:22:23
26278,1:30 PM,1:31 PM,1,Flight match,2026-07-29 16:22:23
19325,1:54 PM,1:52 PM,-2,Flight match,2026-07-29 16:22:23
28293,1:55 PM,1:52 PM,-3,Flight match,2026-07-29 16:22:23
30002,1:55 PM,1:52 PM,-3,Flight match,2026-07-29 16:22:23
29732,2:20 PM,2:17 PM,-3,Flight match,2026-07-29 16:22:23
30734,2:20 PM,2:17 PM,-3,Flight match,2026-07-29 16:22:23
29893,2:37 PM,2:34 PM,-3,Flight match,2026-07-29 16:22:23
30825,2:59 PM,2:31 PM,-28,Flight match,2026-07-29 16:22:23
27239,4:04 PM,4:08 PM,4,Flight match,2026-07-29 16:22:23
18885,5:22 PM,5:23 PM,1,Flight match,2026-07-29 16:22:24
30162,11:13 AM,11:15 AM,2,Flight match,2026-07-29 16:31:17
29876,11:53 AM,11:50 AM,-3,Flight match,2026-07-29 16:31:17
30423,12:28 PM,12:30 PM,2,Flight match,2026-07-29 16:31:17
27297,12:28 PM,12:30 PM,2,Flight match,2026-07-29 16:31:17
31087,12:48 PM,12:51 PM,3,Flight match,2026-07-29 16:31:17
31113,1:02 PM,12:57 PM,-5,Flight match,2026-07-29 16:31:17
27780,2:09 PM,2:01 PM,-8,Flight match,2026-07-29 16:31:17
27844,3:15 PM,3:02 PM,-13,Flight match,2026-07-29 16:31:17
25981,3:45 PM,3:35 PM,-10,Flight match,2026-07-29 16:31:17
30317,4:17 PM,4:18 PM,1,Flight match,2026-07-29 16:31:17
28720,4:22 PM,3:58 PM,-24,Flight match,2026-07-29 16:31:17
29792,4:25 PM,4:25 PM,0,Flight match,2026-07-29 16:31:17
28528,4:50 PM,4:46 PM,-4,Flight match,2026-07-29 16:31:18
22300,4:55 PM,4:32 PM,-23,Flight match,2026-07-29 16:31:18
30010,5:10 PM,5:07 PM,-3,Flight match,2026-07-29 16:31:18
29701,5:25 PM,5:37 PM,12,Flight match,2026-07-29 16:31:18
30833,5:31 PM,5:34 PM,3,Flight match,2026-07-29 16:31:18
27297,12:30 PM,12:28 PM,-2,Flight match,2026-07-29 16:48:12
30423,12:30 PM,12:28 PM,-2,Flight match,2026-07-29 16:48:12
31063,12:43 PM,12:45 PM,2,Flight match,2026-07-29 16:48:12
31113,12:57 PM,1:00 PM,3,Flight match,2026-07-29 16:48:12
29792,4:25 PM,4:25 PM,0,Flight match,2026-07-29 16:48:12
30010,5:07 PM,5:08 PM,1,Flight match,2026-07-29 16:48:12
30833,5:34 PM,5:26 PM,-8,Flight match,2026-07-29 16:48:12
31087,12:51 PM,12:49 PM,-2,Flight match,2026-07-29 17:23:48
31113,1:00 PM,1:01 PM,1,Flight match,2026-07-29 17:23:48
27844,3:02 PM,3:07 PM,5,Flight match,2026-07-29 17:23:48
30317,4:18 PM,4:01 PM,-17,Flight match,2026-07-29 17:23:48
29792,4:25 PM,4:28 PM,3,Flight match,2026-07-29 17:23:49
28528,4:46 PM,4:38 PM,-8,Flight match,2026-07-29 17:23:49
30833,5:26 PM,5:31 PM,5,Flight match,2026-07-29 17:23:49
26711,5:50 PM,5:50 PM,0,Flight match,2026-07-29 17:23:49
31344,8:08 PM,7:44 PM,-24,Flight match,2026-07-29 17:23:49
27780,2:01 PM,1:55 PM,-6,Flight match,2026-07-29 17:53:43
27844,3:07 PM,3:07 PM,0,Flight match,2026-07-29 17:53:43
29792,4:28 PM,4:25 PM,-3,Flight match,2026-07-29 17:53:44
22300,4:32 PM,4:30 PM,-2,Flight match,2026-07-29 17:53:44
28528,4:38 PM,4:48 PM,10,Flight match,2026-07-29 17:53:44
30010,5:08 PM,5:09 PM,1,Flight match,2026-07-29 17:53:44
30833,5:31 PM,5:41 PM,10,Flight match,2026-07-29 17:53:44
29701,5:37 PM,5:33 PM,-4,Flight match,2026-07-29 17:53:44
26711,5:50 PM,5:47 PM,-3,Flight match,2026-07-29 17:53:44
31275,9:44 AM,9:41 AM,-3,Flight match,2026-07-29 18:13:29
29955,10:30 AM,10:27 AM,-3,Flight match,2026-07-29 18:13:29
30919,10:37 AM,10:34 AM,-3,Flight match,2026-07-29 18:13:29
30825,2:31 PM,2:56 PM,25,Flight match,2026-07-29 18:13:30
26528,2:34 PM,2:39 PM,5,Flight match,2026-07-29 18:13:30
25815,2:34 PM,2:39 PM,5,Flight match,2026-07-29 18:13:30
30747,3:15 PM,3:02 PM,-13,Flight match,2026-07-29 18:13:30
21792,3:30 PM,3:11 PM,-19,Flight match,2026-07-29 18:13:30
24598,3:30 PM,3:16 PM,-14,Flight match,2026-07-29 18:13:30
26289,3:34 PM,3:35 PM,1,Flight match,2026-07-29 18:13:30
31137,3:54 PM,3:58 PM,4,Flight match,2026-07-29 18:13:30
27533,4:04 PM,4:08 PM,4,Flight match,2026-07-29 18:13:30
27239,4:08 PM,4:04 PM,-4,Flight match,2026-07-29 18:13:30
29161,4:50 PM,4:51 PM,1,Flight match,2026-07-29 18:13:30
26541,4:57 PM,4:30 PM,-27,Flight match,2026-07-29 18:13:30
27780,1:55 PM,1:52 PM,-3,Flight match,2026-07-29 19:24:03
27844,3:07 PM,3:09 PM,2,Flight match,2026-07-29 19:24:03
25981,3:35 PM,3:39 PM,4,Flight match,2026-07-29 19:24:03
28720,3:58 PM,3:49 PM,-9,Flight match,2026-07-29 19:24:03
30317,4:01 PM,4:07 PM,6,Flight match,2026-07-29 19:24:03
22300,4:30 PM,4:40 PM,10,Flight match,2026-07-29 19:24:03
28528,4:48 PM,4:50 PM,2,Flight match,2026-07-29 19:24:03
30010,5:09 PM,5:02 PM,-7,Flight match,2026-07-29 19:24:03
29701,5:33 PM,5:30 PM,-3,Flight match,2026-07-29 19:24:04
26711,5:47 PM,5:48 PM,1,Flight match,2026-07-29 19:24:04
31344,7:44 PM,7:19 PM,-25,Flight match,2026-07-29 19:24:04
31197,8:15 PM,8:00 PM,-15,Flight match,2026-07-29 19:24:04
27844,3:09 PM,3:06 PM,-3,Flight match,2026-07-29 19:43:01
25981,3:39 PM,3:42 PM,3,Flight match,2026-07-29 19:43:01
22300,4:40 PM,4:52 PM,12,Flight match,2026-07-29 19:43:01
30010,5:02 PM,5:01 PM,-1,Flight match,2026-07-29 19:43:01
26711,5:48 PM,5:48 PM,0,Flight match,2026-07-29 19:43:01
31344,7:19 PM,7:29 PM,10,Flight match,2026-07-29 19:43:01
25981,3:42 PM,3:39 PM,-3,Flight match,2026-07-29 20:42:42
28720,3:49 PM,3:54 PM,5,Flight match,2026-07-29 20:42:42
30317,4:07 PM,4:08 PM,1,Flight match,2026-07-29 20:42:42
28528,4:50 PM,5:04 PM,14,Flight match,2026-07-29 20:42:42
22300,4:52 PM,4:55 PM,3,Flight match,2026-07-29 20:42:42
30010,5:01 PM,5:05 PM,4,Flight match,2026-07-29 20:42:42
29701,5:30 PM,5:24 PM,-6,Flight match,2026-07-29 20:42:43
31344,7:29 PM,7:28 PM,-1,Flight match,2026-07-29 20:42:43
31022,10:07 PM,10:15 PM,8,Flight match,2026-07-29 20:42:43
22300,4:55 PM,4:58 PM,3,Flight match,2026-07-29 20:43:13
31344,7:28 PM,7:20 PM,-8,Flight match,2026-07-29 20:43:13
31022,10:15 PM,10:08 PM,-7,Flight match,2026-07-29 20:43:13
25581,2:00 AM,1:40 AM,-20,Flight match,2026-07-30 03:33:15
21907,9:45 AM,9:40 AM,-5,Flight match,2026-07-30 03:33:16
26869,10:00 AM,9:45 AM,-15,Flight match,2026-07-30 03:33:16
20956,11:00 AM,10:45 AM,-15,Flight match,2026-07-30 03:33:16
28307,11:15 AM,10:30 AM,-45,Flight match,2026-07-30 03:33:16
29351,11:15 AM,10:57 AM,-18,Flight match,2026-07-30 03:33:16
22433,11:30 AM,11:12 AM,-18,Flight match,2026-07-30 03:33:16
23959,11:45 AM,10:55 AM,-50,Flight match,2026-07-30 03:33:16
26572,12:00 PM,11:08 AM,-52,Flight match,2026-07-30 03:33:16
26665,12:00 PM,11:57 AM,-3,Flight match,2026-07-30 03:33:16
25081,12:00 PM,11:23 AM,-37,Flight match,2026-07-30 03:33:16
31203,12:24 PM,12:51 PM,27,Flight match,2026-07-30 03:33:16
28421,12:30 PM,12:16 PM,-14,Flight match,2026-07-30 03:33:16
27869,1:00 PM,12:59 PM,-1,Flight match,2026-07-30 03:33:16
29404,1:05 PM,12:30 PM,-35,Flight match,2026-07-30 03:33:16
30507,1:15 PM,1:31 PM,16,Flight match,2026-07-30 03:33:16
30812,1:27 PM,2:37 PM,70,Flight match,2026-07-30 03:33:16
29461,1:30 PM,12:16 PM,-74,Flight match,2026-07-30 03:33:16
25366,1:30 PM,1:10 PM,-20,Flight match,2026-07-30 03:33:16
24849,2:30 PM,2:10 PM,-20,Flight match,2026-07-30 03:33:17
30294,2:45 PM,2:20 PM,-25,Flight match,2026-07-30 03:33:17
28512,3:00 PM,2:58 PM,-2,Flight match,2026-07-30 03:33:17
18725,3:10 PM,3:03 PM,-7,Flight match,2026-07-30 03:33:17
30447,3:25 PM,3:03 PM,-22,Flight match,2026-07-30 03:33:17
20702,3:30 PM,3:40 PM,10,Flight match,2026-07-30 03:33:17
25210,4:05 PM,4:04 PM,-1,Flight match,2026-07-30 03:33:17
17662,5:50 PM,5:52 PM,2,Flight match,2026-07-30 03:33:17
19392,6:45 PM,5:59 PM,-46,Flight match,2026-07-30 03:33:17
25818,7:10 PM,7:03 PM,-7,Flight match,2026-07-30 03:33:17
22294,8:30 PM,7:00 PM,-90,Flight match,2026-07-30 03:33:17
24847,9:00 PM,8:49 PM,-11,Flight match,2026-07-30 03:33:17
28923,10:30 PM,9:17 PM,-73,Flight match,2026-07-30 03:33:17
29594,5:55 AM,6:04 AM,9,Flight match,2026-07-30 05:52:39
26131,8:02 AM,8:09 AM,7,Flight match,2026-07-30 05:52:39
26127,8:02 AM,8:09 AM,7,Flight match,2026-07-30 05:52:39
26217,9:20 AM,9:16 AM,-4,Flight match,2026-07-30 05:52:39
31006,9:42 AM,9:30 AM,-12,Flight match,2026-07-30 05:52:39
30265,10:14 AM,10:01 AM,-13,Flight match,2026-07-30 05:52:39
31159,10:16 AM,10:04 AM,-12,Flight match,2026-07-30 05:52:40
29955,10:27 AM,10:30 AM,3,Flight match,2026-07-30 05:52:40
31507,10:30 AM,10:11 AM,-19,Flight match,2026-07-30 05:52:40
26368,12:56 PM,1:13 PM,17,Flight match,2026-07-30 05:52:40
26278,1:31 PM,1:30 PM,-1,Flight match,2026-07-30 05:52:40
29949,1:32 PM,2:02 PM,30,Flight match,2026-07-30 05:52:40
26528,2:39 PM,2:34 PM,-5,Flight match,2026-07-30 05:52:40
25815,2:39 PM,2:34 PM,-5,Flight match,2026-07-30 05:52:40
21792,3:11 PM,3:30 PM,19,Flight match,2026-07-30 05:52:40
26289,3:35 PM,3:34 PM,-1,Flight match,2026-07-30 05:52:40
27239,4:04 PM,4:08 PM,4,Flight match,2026-07-30 05:52:40
27533,4:08 PM,4:04 PM,-4,Flight match,2026-07-30 05:52:40
26541,4:30 PM,4:56 PM,26,Flight match,2026-07-30 05:52:40
29161,4:51 PM,4:50 PM,-1,Flight match,2026-07-30 05:52:40
18885,5:23 PM,5:22 PM,-1,Flight match,2026-07-30 05:52:40
30577,6:16 PM,6:01 PM,-15,Flight match,2026-07-30 05:52:40
27628,6:20 PM,5:53 PM,-27,Flight match,2026-07-30 05:52:40
31361,7:03 PM,7:00 PM,-3,Flight match,2026-07-30 05:52:40
27108,7:05 PM,6:52 PM,-13,Flight match,2026-07-30 05:52:40
26569,7:45 PM,7:48 PM,3,Flight match,2026-07-30 05:52:40
28595,8:30 PM,8:23 PM,-7,Flight match,2026-07-30 05:52:40
30349,9:55 PM,9:58 PM,3,Flight match,2026-07-30 05:52:40
18884,10:36 PM,10:39 PM,3,Flight match,2026-07-30 05:52:40
31389,5:56 AM,5:53 AM,-3,Flight match,2026-07-30 05:55:07
28957,7:40 AM,7:29 AM,-11,Flight match,2026-07-30 05:55:07
26565,10:07 AM,10:00 AM,-7,Flight match,2026-07-30 05:55:07
28600,10:57 AM,10:49 AM,-8,Flight match,2026-07-30 05:55:08
29880,8:00 PM,7:59 PM,-1,Flight match,2026-07-30 05:55:08
31503,10:15 PM,10:00 PM,-15,Flight match,2026-07-30 05:55:08
29594,6:04 AM,6:14 AM,10,Flight match,2026-07-30 10:56:01
29246,7:20 AM,7:14 AM,-6,Flight match,2026-07-30 10:56:01
26131,8:09 AM,7:52 AM,-17,Flight match,2026-07-30 10:56:01
26127,8:09 AM,7:52 AM,-17,Flight match,2026-07-30 10:56:01
17620,8:22 AM,8:18 AM,-4,Flight match,2026-07-30 10:56:01
30886,9:11 AM,9:04 AM,-7,Flight match,2026-07-30 10:56:01
26217,9:16 AM,8:46 AM,-30,Flight match,2026-07-30 10:56:01
31006,9:30 AM,9:29 AM,-1,Flight match,2026-07-30 10:56:01
30889,9:36 AM,9:41 AM,5,Flight match,2026-07-30 10:56:01
26408,9:41 AM,9:29 AM,-12,Flight match,2026-07-30 10:56:01
31275,9:41 AM,9:29 AM,-12,Flight match,2026-07-30 10:56:01
27494,9:44 AM,9:25 AM,-19,Flight match,2026-07-30 10:56:01
30265,10:01 AM,10:02 AM,1,Flight match,2026-07-30 10:56:01
31159,10:04 AM,9:56 AM,-8,Flight match,2026-07-30 10:56:01
31082,10:07 AM,9:58 AM,-9,Flight match,2026-07-30 10:56:01
31507,10:11 AM,10:05 AM,-6,Flight match,2026-07-30 10:56:01
29955,10:30 AM,10:14 AM,-16,Flight match,2026-07-30 10:56:01
30919,10:34 AM,10:20 AM,-14,Flight match,2026-07-30 10:56:01
22455,10:58 AM,11:00 AM,2,Flight match,2026-07-30 10:56:02
28907,11:29 AM,11:30 AM,1,Flight match,2026-07-30 10:56:02
24547,11:36 AM,11:28 AM,-8,Flight match,2026-07-30 10:56:02
30219,11:59 AM,12:10 PM,11,Flight match,2026-07-30 10:56:02
31557,1:20 PM,12:50 PM,-30,Flight match,2026-07-30 10:56:02
30747,3:02 PM,3:15 PM,13,Flight match,2026-07-30 10:56:02
24598,3:16 PM,3:30 PM,14,Flight match,2026-07-30 10:56:02
27239,4:08 PM,4:04 PM,-4,Flight match,2026-07-30 10:56:02
29161,4:50 PM,4:51 PM,1,Flight match,2026-07-30 10:56:02
27628,5:53 PM,6:20 PM,27,Flight match,2026-07-30 10:56:02
27108,6:52 PM,7:05 PM,13,Flight match,2026-07-30 10:56:02
18884,10:39 PM,10:36 PM,-3,Flight match,2026-07-30 10:56:02
29246,7:14 AM,7:13 AM,-1,Flight match,2026-07-30 11:32:00
17620,8:18 AM,8:22 AM,4,Flight match,2026-07-30 11:32:00
27494,9:25 AM,9:19 AM,-6,Flight match,2026-07-30 11:32:00
26408,9:29 AM,9:26 AM,-3,Flight match,2026-07-30 11:32:00
31275,9:29 AM,9:26 AM,-3,Flight match,2026-07-30 11:32:00
30889,9:41 AM,9:39 AM,-2,Flight match,2026-07-30 11:32:00
31082,9:58 AM,10:03 AM,5,Flight match,2026-07-30 11:32:01
31507,10:05 AM,10:04 AM,-1,Flight match,2026-07-30 11:32:01
29955,10:14 AM,10:13 AM,-1,Flight match,2026-07-30 11:32:01
17206,10:26 AM,10:19 AM,-7,Flight match,2026-07-30 11:32:01
26935,10:55 AM,10:33 AM,-22,Flight match,2026-07-30 11:32:01
26368,1:13 PM,1:11 PM,-2,Flight match,2026-07-30 11:32:01
31137,3:58 PM,3:54 PM,-4,Flight match,2026-07-30 11:32:01
27239,4:04 PM,4:08 PM,4,Flight match,2026-07-30 11:32:01
18885,5:22 PM,5:23 PM,1,Flight match,2026-07-30 11:32:01
18884,10:36 PM,10:39 PM,3,Flight match,2026-07-30 11:32:01
29949,2:02 PM,1:32 PM,-30,Flight match,2026-07-30 11:34:34
29246,7:13 AM,7:18 AM,5,Flight match,2026-07-30 11:35:06
26131,7:52 AM,7:56 AM,4,Flight match,2026-07-30 11:35:06
26127,7:52 AM,7:56 AM,4,Flight match,2026-07-30 11:35:06
17620,8:22 AM,8:22 AM,0,Flight match,2026-07-30 11:35:06
26408,9:26 AM,9:33 AM,7,Flight match,2026-07-30 11:35:06
31275,9:26 AM,9:33 AM,7,Flight match,2026-07-30 11:35:06
30889,9:39 AM,9:36 AM,-3,Flight match,2026-07-30 11:35:06
31159,9:56 AM,9:55 AM,-1,Flight match,2026-07-30 11:35:06
30265,10:02 AM,9:55 AM,-7,Flight match,2026-07-30 11:35:06
31082,10:03 AM,10:12 AM,9,Flight match,2026-07-30 11:35:06
29955,10:13 AM,10:14 AM,1,Flight match,2026-07-30 11:35:06
26569,7:48 PM,7:45 PM,-3,Flight match,2026-07-30 11:35:06
26408,9:33 AM,9:25 AM,-8,Flight match,2026-07-30 11:59:46
31275,9:33 AM,9:25 AM,-8,Flight match,2026-07-30 11:59:46
30889,9:36 AM,9:37 AM,1,Flight match,2026-07-30 11:59:46
30265,9:55 AM,9:52 AM,-3,Flight match,2026-07-30 11:59:46
31159,9:55 AM,10:04 AM,9,Flight match,2026-07-30 11:59:46
17206,10:19 AM,10:15 AM,-4,Flight match,2026-07-30 11:59:46
30919,10:20 AM,10:28 AM,8,Flight match,2026-07-30 11:59:46
28907,11:30 AM,11:15 AM,-15,Flight match,2026-07-30 11:59:46
24598,3:30 PM,4:35 PM,65,Flight match,2026-07-30 12:22:59
28907,11:15 AM,11:49 AM,34,Flight match,2026-07-30 12:23:06
30747,3:15 PM,4:01 PM,46,Flight match,2026-07-30 12:23:12
27628,6:20 PM,7:11 PM,51,Flight match,2026-07-30 12:23:18
26131,7:56 AM,8:10 AM,14,Flight match,2026-07-30 12:25:15
26127,7:56 AM,8:10 AM,14,Flight match,2026-07-30 12:25:15
17620,8:22 AM,8:25 AM,3,Flight match,2026-07-30 12:25:15
26217,8:46 AM,8:50 AM,4,Flight match,2026-07-30 12:25:15
30889,9:37 AM,9:40 AM,3,Flight match,2026-07-30 12:25:15
30265,9:52 AM,9:55 AM,3,Flight match,2026-07-30 12:25:15
31507,10:04 AM,10:06 AM,2,Flight match,2026-07-30 12:25:15
31082,10:12 AM,10:07 AM,-5,Flight match,2026-07-30 12:25:15
29955,10:14 AM,10:10 AM,-4,Flight match,2026-07-30 12:25:15
17206,10:15 AM,10:14 AM,-1,Flight match,2026-07-30 12:25:15
30919,10:28 AM,10:21 AM,-7,Flight match,2026-07-30 12:25:15
26935,10:33 AM,10:25 AM,-8,Flight match,2026-07-30 12:25:15
24547,11:30 AM,11:28 AM,-2,Flight match,2026-07-30 12:25:15
30219,12:10 PM,12:20 PM,10,Flight match,2026-07-30 12:25:15
31557,12:50 PM,1:04 PM,14,Flight match,2026-07-30 12:25:15
31137,3:54 PM,3:58 PM,4,Flight match,2026-07-30 12:25:16
18885,5:23 PM,5:22 PM,-1,Flight match,2026-07-30 12:25:16
27108,7:05 PM,7:31 PM,26,Flight match,2026-07-30 12:25:16
17620,8:25 AM,8:23 AM,-2,Flight match,2026-07-30 12:35:19
28907,11:49 AM,11:14 AM,-35,Flight match,2026-07-30 12:52:06
30886,9:04 AM,9:06 AM,2,Flight match,2026-07-30 13:10:06
27494,9:19 AM,9:15 AM,-4,Flight match,2026-07-30 13:10:07
30889,9:40 AM,9:39 AM,-1,Flight match,2026-07-30 13:10:07
31159,10:04 AM,9:59 AM,-5,Flight match,2026-07-30 13:10:07
29955,10:10 AM,10:15 AM,5,Flight match,2026-07-30 13:10:07
17206,10:14 AM,10:16 AM,2,Flight match,2026-07-30 13:10:07
22455,11:00 AM,11:03 AM,3,Flight match,2026-07-30 13:10:07
24547,11:28 AM,11:29 AM,1,Flight match,2026-07-30 13:10:07
30219,12:20 PM,12:14 PM,-6,Flight match,2026-07-30 13:10:07
26278,1:30 PM,1:26 PM,-4,Flight match,2026-07-30 13:10:07
29893,2:34 PM,2:38 PM,4,Flight match,2026-07-30 13:10:07
30825,2:56 PM,3:18 PM,22,Flight match,2026-07-30 13:10:07
31137,3:58 PM,3:54 PM,-4,Flight match,2026-07-30 13:10:07
30747,4:01 PM,3:18 PM,-43,Flight match,2026-07-30 13:10:07
27239,4:08 PM,4:04 PM,-4,Flight match,2026-07-30 13:10:07
24598,4:35 PM,4:22 PM,-13,Flight match,2026-07-30 13:10:07
26541,4:56 PM,4:57 PM,1,Flight match,2026-07-30 13:10:07
30577,6:01 PM,6:16 PM,15,Flight match,2026-07-30 13:10:07
28957,7:29 AM,7:31 AM,2,Flight match,2026-07-30 13:11:45
29670,8:52 AM,8:32 AM,-20,Flight match,2026-07-30 13:11:45
30866,9:25 AM,9:16 AM,-9,Flight match,2026-07-30 13:11:45
26565,10:00 AM,10:01 AM,1,Flight match,2026-07-30 13:11:45
28819,10:14 AM,10:00 AM,-14,Flight match,2026-07-30 13:11:45
31280,10:22 AM,10:19 AM,-3,Flight match,2026-07-30 13:11:45
26991,10:51 AM,10:54 AM,3,Flight match,2026-07-30 13:11:46
26512,11:05 AM,10:47 AM,-18,Flight match,2026-07-30 13:11:46
31400,11:12 AM,10:59 AM,-13,Flight match,2026-07-30 13:11:46
29971,11:20 AM,11:02 AM,-18,Flight match,2026-07-30 13:11:46
31566,1:00 PM,12:20 PM,-40,Flight match,2026-07-30 13:11:46
30886,9:06 AM,9:02 AM,-4,Flight match,2026-07-30 13:28:00
26408,9:25 AM,9:26 AM,1,Flight match,2026-07-30 13:28:00
31275,9:25 AM,9:26 AM,1,Flight match,2026-07-30 13:28:00
31006,9:29 AM,9:27 AM,-2,Flight match,2026-07-30 13:28:00
30889,9:39 AM,9:42 AM,3,Flight match,2026-07-30 13:28:00
31507,10:06 AM,10:06 AM,0,Flight match,2026-07-30 13:28:01
28907,11:14 AM,11:49 AM,35,Flight match,2026-07-30 13:28:01
24547,11:29 AM,11:49 AM,20,Flight match,2026-07-30 13:28:01
30219,12:14 PM,12:12 PM,-2,Flight match,2026-07-30 13:28:01
21792,3:30 PM,3:31 PM,1,Flight match,2026-07-30 13:28:01
31137,3:54 PM,3:42 PM,-12,Flight match,2026-07-30 13:28:01
27239,4:04 PM,3:44 PM,-20,Flight match,2026-07-30 13:28:01
24598,4:22 PM,4:11 PM,-11,Flight match,2026-07-30 13:28:01
31300,6:44 PM,6:43 PM,-1,Flight match,2026-07-30 13:28:01
27628,7:11 PM,6:55 PM,-16,Flight match,2026-07-30 13:28:01
27108,7:31 PM,7:14 PM,-17,Flight match,2026-07-30 13:28:01
31507,10:06 AM,10:46 AM,40,Flight match,2026-07-30 13:32:58
30889,9:42 AM,9:43 AM,1,Flight match,2026-07-30 13:43:11
17206,10:16 AM,10:20 AM,4,Flight match,2026-07-30 13:43:12
30919,10:21 AM,10:26 AM,5,Flight match,2026-07-30 13:43:12
31507,10:46 AM,10:26 AM,-20,Flight match,2026-07-30 13:43:12
24547,11:49 AM,11:52 AM,3,Flight match,2026-07-30 13:43:12
30219,12:12 PM,1:05 PM,53,Flight match,2026-07-30 13:43:12
31557,1:04 PM,1:42 PM,38,Flight match,2026-07-30 13:43:12
26528,2:34 PM,2:39 PM,5,Flight match,2026-07-30 13:43:12
25815,2:34 PM,2:39 PM,5,Flight match,2026-07-30 13:43:13
30747,3:18 PM,3:18 PM,0,Flight match,2026-07-30 13:43:13
24598,4:11 PM,3:52 PM,-19,Flight match,2026-07-30 13:43:13
30577,6:16 PM,6:01 PM,-15,Flight match,2026-07-30 13:43:13
31300,6:43 PM,6:44 PM,1,Flight match,2026-07-30 13:43:13
27108,7:14 PM,7:24 PM,10,Flight match,2026-07-30 13:43:13
26935,10:25 AM,10:50 AM,25,Flight match,2026-07-30 14:03:46
27494,9:15 AM,9:14 AM,-1,Flight match,2026-07-30 14:19:18
26408,9:26 AM,9:27 AM,1,Flight match,2026-07-30 14:19:18
31275,9:26 AM,9:27 AM,1,Flight match,2026-07-30 14:19:18
31006,9:27 AM,9:28 AM,1,Flight match,2026-07-30 14:19:18
30889,9:43 AM,9:49 AM,6,Flight match,2026-07-30 14:19:18
30265,9:55 AM,9:54 AM,-1,Flight match,2026-07-30 14:19:18
31159,9:59 AM,9:56 AM,-3,Flight match,2026-07-30 14:19:18
31082,10:07 AM,10:04 AM,-3,Flight match,2026-07-30 14:19:18
29955,10:15 AM,10:40 AM,25,Flight match,2026-07-30 14:19:18
17206,10:20 AM,10:36 AM,16,Flight match,2026-07-30 14:19:18
30919,10:26 AM,10:49 AM,23,Flight match,2026-07-30 14:19:18
31507,10:26 AM,10:27 AM,1,Flight match,2026-07-30 14:19:18
26935,10:50 AM,10:55 AM,5,Flight match,2026-07-30 14:19:18
28907,11:49 AM,11:51 AM,2,Flight match,2026-07-30 14:19:18
24547,11:52 AM,11:56 AM,4,Flight match,2026-07-30 14:19:18
27924,12:58 PM,12:48 PM,-10,Flight match,2026-07-30 14:19:18
30219,1:05 PM,12:55 PM,-10,Flight match,2026-07-30 14:19:18
26368,1:11 PM,1:02 PM,-9,Flight match,2026-07-30 14:19:18
26278,1:26 PM,1:23 PM,-3,Flight match,2026-07-30 14:19:18
29949,1:32 PM,1:25 PM,-7,Flight match,2026-07-30 14:19:18
19325,1:52 PM,1:36 PM,-16,Flight match,2026-07-30 14:19:18
28293,1:52 PM,1:36 PM,-16,Flight match,2026-07-30 14:19:18
30002,1:52 PM,1:36 PM,-16,Flight match,2026-07-30 14:19:18
30825,3:18 PM,2:56 PM,-22,Flight match,2026-07-30 14:19:19
24598,3:52 PM,3:44 PM,-8,Flight match,2026-07-30 14:19:19
27533,4:04 PM,3:51 PM,-13,Flight match,2026-07-30 14:19:19
27108,7:24 PM,7:14 PM,-10,Flight match,2026-07-30 14:19:19
30349,9:58 PM,9:55 PM,-3,Flight match,2026-07-30 14:19:19
30265,9:54 AM,9:50 AM,-4,Flight match,2026-07-30 14:37:14
31159,9:56 AM,9:53 AM,-3,Flight match,2026-07-30 14:37:14
31082,10:04 AM,10:01 AM,-3,Flight match,2026-07-30 14:37:14
31507,10:27 AM,10:33 AM,6,Flight match,2026-07-30 14:37:15
30919,10:49 AM,10:53 AM,4,Flight match,2026-07-30 14:37:15
22455,11:03 AM,11:13 AM,10,Flight match,2026-07-30 14:37:15
28907,11:51 AM,11:50 AM,-1,Flight match,2026-07-30 14:37:15
26368,1:02 PM,1:11 PM,9,Flight match,2026-07-30 14:37:15
26278,1:23 PM,1:21 PM,-2,Flight match,2026-07-30 14:37:15
31557,1:40 PM,1:42 PM,2,Flight match,2026-07-30 14:37:15
29732,2:17 PM,2:01 PM,-16,Flight match,2026-07-30 14:37:15
30734,2:17 PM,2:01 PM,-16,Flight match,2026-07-30 14:37:15
30747,3:18 PM,3:15 PM,-3,Flight match,2026-07-30 14:37:15
27533,3:51 PM,4:16 PM,25,Flight match,2026-07-30 14:37:15
27108,7:14 PM,7:04 PM,-10,Flight match,2026-07-30 14:37:15
18884,10:39 PM,10:36 PM,-3,Flight match,2026-07-30 14:37:15
26935,10:55 AM,10:59 AM,4,Flight match,2026-07-30 14:43:50
26368,1:11 PM,1:01 PM,-10,Flight match,2026-07-30 14:43:50
31557,1:42 PM,1:32 PM,-10,Flight match,2026-07-30 14:43:51
29732,2:01 PM,2:04 PM,3,Flight match,2026-07-30 14:43:51
31557,1:32 PM,2:23 PM,51,Flight match,2026-07-30 14:50:01
28293,1:36 PM,1:48 PM,12,Flight match,2026-07-30 14:50:01
30734,2:01 PM,1:53 PM,-8,Flight match,2026-07-30 14:50:01
30219,12:55 PM,1:55 PM,60,Flight match,2026-07-30 15:05:06
21792,3:31 PM,4:09 PM,38,Flight match,2026-07-30 15:05:13
28819,10:00 AM,10:14 AM,14,Flight match,2026-07-30 15:12:07
26991,10:54 AM,10:51 AM,-3,Flight match,2026-07-30 15:12:07
18404,11:25 AM,11:07 AM,-18,Flight match,2026-07-30 15:12:07
31500,11:25 AM,11:07 AM,-18,Flight match,2026-07-30 15:12:07
23863,11:28 AM,11:25 AM,-3,Flight match,2026-07-30 15:12:07
25754,11:30 AM,11:30 AM,0,Flight match,2026-07-30 15:12:07
31585,12:00 PM,11:41 AM,-19,Flight match,2026-07-30 15:12:08
31598,12:05 PM,11:41 AM,-24,Flight match,2026-07-30 15:12:08
26469,12:16 PM,12:13 PM,-3,Flight match,2026-07-30 15:12:08
25743,12:20 PM,12:09 PM,-11,Flight match,2026-07-30 15:12:08
31566,12:20 PM,12:09 PM,-11,Flight match,2026-07-30 15:12:08
25541,12:20 PM,12:09 PM,-11,Flight match,2026-07-30 15:12:08
30385,12:54 PM,12:58 PM,4,Flight match,2026-07-30 15:12:08
28462,1:08 PM,12:55 PM,-13,Flight match,2026-07-30 15:12:08
24134,1:15 PM,12:58 PM,-17,Flight match,2026-07-30 15:12:08
23103,1:15 PM,12:58 PM,-17,Flight match,2026-07-30 15:12:08
31589,2:03 PM,1:30 PM,-33,Flight match,2026-07-30 15:12:08
28262,3:39 PM,3:43 PM,4,Flight match,2026-07-30 15:12:08
31507,10:33 AM,10:32 AM,-1,Flight match,2026-07-30 15:12:57
29955,10:40 AM,10:39 AM,-1,Flight match,2026-07-30 15:12:57
26935,10:59 AM,11:00 AM,1,Flight match,2026-07-30 15:12:57
22455,11:13 AM,11:20 AM,7,Flight match,2026-07-30 15:12:57
28907,11:50 AM,12:02 PM,12,Flight match,2026-07-30 15:12:57
27924,12:48 PM,2:02 PM,74,Flight match,2026-07-30 15:12:57
26368,1:01 PM,12:53 PM,-8,Flight match,2026-07-30 15:12:57
26278,1:21 PM,1:34 PM,13,Flight match,2026-07-30 15:12:57
29949,1:25 PM,2:54 PM,89,Flight match,2026-07-30 15:12:57
19325,1:36 PM,2:17 PM,41,Flight match,2026-07-30 15:12:57
30002,1:36 PM,2:17 PM,41,Flight match,2026-07-30 15:12:57
28293,1:48 PM,2:17 PM,29,Flight match,2026-07-30 15:12:57
30734,1:53 PM,2:01 PM,8,Flight match,2026-07-30 15:12:57
30219,1:55 PM,2:01 PM,6,Flight match,2026-07-30 15:12:57
29732,2:04 PM,2:01 PM,-3,Flight match,2026-07-30 15:12:57
31557,2:23 PM,2:33 PM,10,Flight match,2026-07-30 15:12:57
29893,2:38 PM,2:42 PM,4,Flight match,2026-07-30 15:12:57
26528,2:39 PM,2:33 PM,-6,Flight match,2026-07-30 15:12:57
25815,2:39 PM,2:33 PM,-6,Flight match,2026-07-30 15:12:57
24598,3:44 PM,3:34 PM,-10,Flight match,2026-07-30 15:12:58
26292,5:08 PM,4:53 PM,-15,Flight match,2026-07-30 15:12:58
18885,5:22 PM,5:18 PM,-4,Flight match,2026-07-30 15:12:58
27628,6:55 PM,6:27 PM,-28,Flight match,2026-07-30 15:12:58
30349,9:55 PM,9:58 PM,3,Flight match,2026-07-30 15:12:58
18884,10:36 PM,10:39 PM,3,Flight match,2026-07-30 15:12:58
28907,12:02 PM,12:09 PM,7,Flight match,2026-07-30 15:26:09
26368,12:53 PM,1:02 PM,9,Flight match,2026-07-30 15:26:09
26278,1:34 PM,1:27 PM,-7,Flight match,2026-07-30 15:26:10
30219,2:01 PM,3:01 PM,60,Flight match,2026-07-30 15:26:10
31557,2:33 PM,3:33 PM,60,Flight match,2026-07-30 15:26:10
29893,2:42 PM,3:27 PM,45,Flight match,2026-07-30 15:26:10
29949,2:54 PM,3:18 PM,24,Flight match,2026-07-30 15:26:10
30825,2:56 PM,2:58 PM,2,Flight match,2026-07-30 15:26:10
30747,3:15 PM,3:22 PM,7,Flight match,2026-07-30 15:26:10
26289,3:34 PM,3:25 PM,-9,Flight match,2026-07-30 15:26:10
18885,5:18 PM,5:06 PM,-12,Flight match,2026-07-30 15:26:10
22455,11:20 AM,11:26 AM,6,Flight match,2026-07-30 15:29:00
22455,11:26 AM,11:32 AM,6,Flight match,2026-07-30 15:37:35
28907,12:09 PM,12:15 PM,6,Flight match,2026-07-30 15:37:35
27924,2:02 PM,3:02 PM,60,Flight match,2026-07-30 15:37:35
19325,2:17 PM,3:11 PM,54,Flight match,2026-07-30 15:37:35
28293,2:17 PM,3:11 PM,54,Flight match,2026-07-30 15:37:35
30002,2:17 PM,3:11 PM,54,Flight match,2026-07-30 15:37:35
30825,2:58 PM,3:18 PM,20,Flight match,2026-07-30 15:37:35
29949,3:18 PM,3:54 PM,36,Flight match,2026-07-30 15:37:35
21792,4:09 PM,3:44 PM,-25,Flight match,2026-07-30 15:37:35
31300,6:44 PM,6:43 PM,-1,Flight match,2026-07-30 15:37:35
30349,9:58 PM,9:55 PM,-3,Flight match,2026-07-30 15:37:35
22455,11:32 AM,11:38 AM,6,Flight match,2026-07-30 15:44:18
28907,12:15 PM,12:20 PM,5,Flight match,2026-07-30 15:45:11
26368,1:02 PM,12:53 PM,-9,Flight match,2026-07-30 15:45:11
26278,1:27 PM,1:33 PM,6,Flight match,2026-07-30 15:45:11
18885,5:06 PM,5:18 PM,12,Flight match,2026-07-30 15:50:01
31300,6:43 PM,6:44 PM,1,Flight match,2026-07-30 15:50:01
30734,2:01 PM,2:34 PM,33,Flight match,2026-07-30 15:55:25
22455,11:38 AM,11:49 AM,11,Flight match,2026-07-30 15:56:17
24547,11:56 AM,11:58 AM,2,Flight match,2026-07-30 15:56:17
28907,12:20 PM,12:33 PM,13,Flight match,2026-07-30 15:56:17
29732,2:01 PM,2:36 PM,35,Flight match,2026-07-30 15:56:17
30734,2:34 PM,2:36 PM,2,Flight match,2026-07-30 15:56:17
19325,3:11 PM,3:17 PM,6,Flight match,2026-07-30 15:56:17
28293,3:11 PM,3:17 PM,6,Flight match,2026-07-30 15:56:17
30002,3:11 PM,3:17 PM,6,Flight match,2026-07-30 15:56:17
30747,3:22 PM,3:01 PM,-21,Flight match,2026-07-30 15:56:17
21792,3:44 PM,3:25 PM,-19,Flight match,2026-07-30 15:56:17
29949,3:54 PM,2:56 PM,-58,Flight match,2026-07-30 15:56:17
29161,4:51 PM,4:50 PM,-1,Flight match,2026-07-30 15:56:17
18885,5:18 PM,5:20 PM,2,Flight match,2026-07-30 15:56:17
30349,9:55 PM,9:58 PM,3,Flight match,2026-07-30 15:56:17
18884,10:39 PM,10:36 PM,-3,Flight match,2026-07-30 15:56:17
30747,3:01 PM,3:22 PM,21,Flight match,2026-07-30 16:02:03
29949,2:56 PM,4:04 PM,68,Flight match,2026-07-30 16:12:28
24598,3:34 PM,3:19 PM,-15,Flight match,2026-07-30 16:12:29
26368,12:53 PM,1:03 PM,10,Flight match,2026-07-30 16:12:30
28907,12:33 PM,12:44 PM,11,Flight match,2026-07-30 16:12:31
26278,1:33 PM,1:38 PM,5,Flight match,2026-07-30 16:12:32
24547,11:58 AM,12:02 PM,4,Flight match,2026-07-30 16:12:34
26528,2:33 PM,2:33 PM,0,Flight match,2026-07-30 16:12:34
25815,2:33 PM,2:33 PM,0,Flight match,2026-07-30 16:12:34
29732,2:36 PM,2:32 PM,-4,Flight match,2026-07-30 16:12:34
30734,2:36 PM,2:32 PM,-4,Flight match,2026-07-30 16:12:34
18884,10:36 PM,10:39 PM,3,Flight match,2026-07-30 16:12:35
27239,3:44 PM,3:56 PM,12,Flight match,2026-07-30 16:14:43
18885,5:20 PM,5:21 PM,1,Flight match,2026-07-30 16:14:43
28907,12:44 PM,12:44 PM,0,Flight match,2026-07-30 16:29:35
26368,1:03 PM,12:55 PM,-8,Flight match,2026-07-30 16:29:35
26278,1:38 PM,1:37 PM,-1,Flight match,2026-07-30 16:29:35
29732,2:32 PM,2:38 PM,6,Flight match,2026-07-30 16:29:35
30734,2:32 PM,2:38 PM,6,Flight match,2026-07-30 16:29:35
26528,2:33 PM,2:30 PM,-3,Flight match,2026-07-30 16:29:35
25815,2:33 PM,2:30 PM,-3,Flight match,2026-07-30 16:29:35
26289,3:25 PM,4:16 PM,51,Flight match,2026-07-30 16:29:35
29893,3:27 PM,3:12 PM,-15,Flight match,2026-07-30 16:29:35
29161,4:50 PM,4:48 PM,-2,Flight match,2026-07-30 16:29:35
18885,5:21 PM,5:30 PM,9,Flight match,2026-07-30 16:29:35
19325,3:17 PM,3:38 PM,21,Flight match,2026-07-30 16:41:28
28293,3:17 PM,3:38 PM,21,Flight match,2026-07-30 16:41:30
30002,3:17 PM,3:38 PM,21,Flight match,2026-07-30 16:41:32
29893,3:12 PM,3:27 PM,15,Flight match,2026-07-30 16:41:34
26278,1:37 PM,1:31 PM,-6,Flight match,2026-07-30 16:41:36
27924,3:02 PM,2:59 PM,-3,Flight match,2026-07-30 16:41:38
18884,10:39 PM,10:36 PM,-3,Flight match,2026-07-30 16:41:38
28907,12:44 PM,12:41 PM,-3,Flight match,2026-07-30 16:48:17
26278,1:31 PM,1:26 PM,-5,Flight match,2026-07-30 16:48:17
30219,3:01 PM,2:54 PM,-7,Flight match,2026-07-30 16:48:17
30825,3:18 PM,3:15 PM,-3,Flight match,2026-07-30 16:48:17
31557,3:33 PM,3:35 PM,2,Flight match,2026-07-30 16:48:17
27239,3:56 PM,3:59 PM,3,Flight match,2026-07-30 16:48:17
26292,4:53 PM,5:08 PM,15,Flight match,2026-07-30 16:48:17
30349,9:58 PM,9:55 PM,-3,Flight match,2026-07-30 16:48:17
29732,2:38 PM,2:35 PM,-3,Flight match,2026-07-30 16:57:43
26368,12:55 PM,1:02 PM,7,Flight match,2026-07-30 17:02:33
30734,2:38 PM,2:35 PM,-3,Flight match,2026-07-30 17:02:33
30219,2:54 PM,3:15 PM,21,Flight match,2026-07-30 17:02:33
30825,3:15 PM,3:14 PM,-1,Flight match,2026-07-30 17:02:33
24598,3:19 PM,3:21 PM,2,Flight match,2026-07-30 17:02:33
30747,3:22 PM,3:43 PM,21,Flight match,2026-07-30 17:02:33
31557,3:35 PM,3:40 PM,5,Flight match,2026-07-30 17:02:33
31137,3:42 PM,4:01 PM,19,Flight match,2026-07-30 17:02:33
26289,4:16 PM,4:29 PM,13,Flight match,2026-07-30 17:02:34
27533,4:16 PM,3:57 PM,-19,Flight match,2026-07-30 17:02:34
29161,4:48 PM,4:43 PM,-5,Flight match,2026-07-30 17:02:34
26541,4:57 PM,5:37 PM,40,Flight match,2026-07-30 17:02:34
26292,5:08 PM,4:53 PM,-15,Flight match,2026-07-30 17:02:34
30349,9:55 PM,9:58 PM,3,Flight match,2026-07-30 17:02:34
18884,10:36 PM,10:39 PM,3,Flight match,2026-07-30 17:02:34
26368,1:02 PM,1:13 PM,11,Flight match,2026-07-30 17:07:51
29893,3:27 PM,3:33 PM,6,Flight match,2026-07-30 17:07:51
31557,3:40 PM,3:45 PM,5,Flight match,2026-07-30 17:07:51
27239,3:59 PM,4:05 PM,6,Flight match,2026-07-30 17:07:51
31137,4:01 PM,4:24 PM,23,Flight match,2026-07-30 17:07:51
29161,4:43 PM,4:48 PM,5,Flight match,2026-07-30 17:07:51
26541,5:37 PM,5:34 PM,-3,Flight match,2026-07-30 17:07:51
25815,2:30 PM,2:33 PM,3,Flight match,2026-07-30 17:17:58
26368,1:13 PM,1:07 PM,-6,Flight match,2026-07-30 17:20:15
26528,2:30 PM,2:33 PM,3,Flight match,2026-07-30 17:20:15
30825,3:14 PM,3:03 PM,-11,Flight match,2026-07-30 17:20:16
24598,3:21 PM,3:26 PM,5,Flight match,2026-07-30 17:20:16
21792,3:25 PM,3:44 PM,19,Flight match,2026-07-30 17:20:16
19325,3:38 PM,3:51 PM,13,Flight match,2026-07-30 17:20:16
28293,3:38 PM,3:51 PM,13,Flight match,2026-07-30 17:20:16
30002,3:38 PM,3:51 PM,13,Flight match,2026-07-30 17:20:16
31557,3:45 PM,3:57 PM,12,Flight match,2026-07-30 17:20:16
29949,4:04 PM,4:14 PM,10,Flight match,2026-07-30 17:20:16
31137,4:24 PM,4:01 PM,-23,Flight match,2026-07-30 17:20:16
26289,4:29 PM,3:25 PM,-64,Flight match,2026-07-30 17:20:16
27628,6:27 PM,6:02 PM,-25,Flight match,2026-07-30 17:20:16
26528,2:33 PM,2:44 PM,11,Flight match,2026-07-30 17:22:36
25815,2:33 PM,2:44 PM,11,Flight match,2026-07-30 17:22:36
27924,2:59 PM,3:05 PM,6,Flight match,2026-07-30 17:22:36
19325,3:51 PM,3:59 PM,8,Flight match,2026-07-30 17:22:36
28293,3:51 PM,3:59 PM,8,Flight match,2026-07-30 17:22:36
30002,3:51 PM,3:59 PM,8,Flight match,2026-07-30 17:22:36
18884,10:39 PM,10:36 PM,-3,Flight match,2026-07-30 17:22:36
30825,3:03 PM,3:03 PM,0,Flight match,2026-07-30 17:24:28
26289,3:25 PM,4:52 PM,87,Flight match,2026-07-30 17:24:28
19325,3:59 PM,4:03 PM,4,Flight match,2026-07-30 17:24:28
28293,3:59 PM,4:04 PM,5,Flight match,2026-07-30 17:24:28
30002,3:59 PM,4:04 PM,5,Flight match,2026-07-30 17:24:29
30825,3:03 PM,3:02 PM,-1,Flight match,2026-07-30 17:31:33
26528,2:44 PM,2:54 PM,10,Flight match,2026-07-30 17:34:44
25815,2:44 PM,2:54 PM,10,Flight match,2026-07-30 17:34:44
30825,3:02 PM,2:59 PM,-3,Flight match,2026-07-30 17:34:44
30219,3:15 PM,3:18 PM,3,Flight match,2026-07-30 17:34:44
24598,3:26 PM,6:26 PM,180,Flight match,2026-07-30 17:34:44
30747,3:43 PM,3:40 PM,-3,Flight match,2026-07-30 17:34:44
31557,3:57 PM,4:03 PM,6,Flight match,2026-07-30 17:34:44
19325,4:03 PM,4:04 PM,1,Flight match,2026-07-30 17:34:44
29949,4:14 PM,4:30 PM,16,Flight match,2026-07-30 17:34:44
26289,4:52 PM,4:53 PM,1,Flight match,2026-07-30 17:34:45
26541,5:34 PM,5:28 PM,-6,Flight match,2026-07-30 17:34:45
30349,9:58 PM,9:55 PM,-3,Flight match,2026-07-30 17:34:45
18884,10:36 PM,10:39 PM,3,Flight match,2026-07-30 17:34:45
26528,2:54 PM,2:59 PM,5,Flight match,2026-07-30 17:36:42
25815,2:54 PM,2:59 PM,5,Flight match,2026-07-30 17:36:42
27924,3:05 PM,2:52 PM,-13,Flight match,2026-07-30 17:36:42
31557,4:03 PM,3:55 PM,-8,Flight match,2026-07-30 17:36:42
29949,4:30 PM,3:28 PM,-62,Flight match,2026-07-30 17:36:42
25815,2:59 PM,3:04 PM,5,Flight match,2026-07-30 17:48:31
26278,1:26 PM,1:22 PM,-4,Flight match,2026-07-30 17:51:38
27924,2:52 PM,2:54 PM,2,Flight match,2026-07-30 17:51:38
26528,2:59 PM,3:09 PM,10,Flight match,2026-07-30 17:51:38
30825,2:59 PM,3:03 PM,4,Flight match,2026-07-30 17:51:38
25815,3:04 PM,3:09 PM,5,Flight match,2026-07-30 17:51:38
30219,3:18 PM,3:16 PM,-2,Flight match,2026-07-30 17:51:38
29949,3:28 PM,3:48 PM,20,Flight match,2026-07-30 17:51:38
29893,3:33 PM,3:25 PM,-8,Flight match,2026-07-30 17:51:38
30747,3:40 PM,3:44 PM,4,Flight match,2026-07-30 17:51:38
21792,3:44 PM,4:06 PM,22,Flight match,2026-07-30 17:51:38
31557,3:55 PM,3:58 PM,3,Flight match,2026-07-30 17:51:38
27533,3:57 PM,4:10 PM,13,Flight match,2026-07-30 17:51:39
31137,4:01 PM,3:56 PM,-5,Flight match,2026-07-30 17:51:39
19325,4:04 PM,3:58 PM,-6,Flight match,2026-07-30 17:51:39
28293,4:04 PM,3:58 PM,-6,Flight match,2026-07-30 17:51:39
30002,4:04 PM,3:58 PM,-6,Flight match,2026-07-30 17:51:39
30577,6:01 PM,6:16 PM,15,Flight match,2026-07-30 17:51:39
24598,6:26 PM,6:33 PM,7,Flight match,2026-07-30 17:51:39
31300,6:44 PM,7:14 PM,30,Flight match,2026-07-30 17:51:39
18884,10:39 PM,10:36 PM,-3,Flight match,2026-07-30 17:51:39
27924,2:54 PM,2:52 PM,-2,Flight match,2026-07-30 17:58:05
26528,3:09 PM,3:14 PM,5,Flight match,2026-07-30 17:58:05
25815,3:09 PM,3:14 PM,5,Flight match,2026-07-30 17:58:05
30219,3:16 PM,3:15 PM,-1,Flight match,2026-07-30 17:58:05
29893,3:25 PM,3:31 PM,6,Flight match,2026-07-30 17:58:05
30747,3:44 PM,3:46 PM,2,Flight match,2026-07-30 17:58:05
21792,4:06 PM,4:00 PM,-6,Flight match,2026-07-30 17:58:05
30577,6:16 PM,6:01 PM,-15,Flight match,2026-07-30 17:58:05
26569,7:45 PM,7:49 PM,4,Flight match,2026-07-30 17:58:05
25815,3:14 PM,3:24 PM,10,Flight match,2026-07-30 18:09:05
30825,3:03 PM,3:00 PM,-3,Flight match,2026-07-30 18:21:01
30219,3:15 PM,3:15 PM,0,Flight match,2026-07-30 18:21:01
31557,3:58 PM,4:03 PM,5,Flight match,2026-07-30 18:21:01
26541,5:28 PM,5:35 PM,7,Flight match,2026-07-30 18:21:01
27108,7:04 PM,7:06 PM,2,Flight match,2026-07-30 18:21:01
26528,3:14 PM,3:47 PM,33,Flight match,2026-07-30 18:25:53
30219,3:15 PM,3:15 PM,0,Flight match,2026-07-30 18:25:53
25815,3:24 PM,3:47 PM,23,Flight match,2026-07-30 18:25:53
30747,3:46 PM,3:39 PM,-7,Flight match,2026-07-30 18:25:53
29949,3:48 PM,4:23 PM,35,Flight match,2026-07-30 18:25:53
19325,3:58 PM,3:49 PM,-9,Flight match,2026-07-30 18:25:53
28293,3:58 PM,3:49 PM,-9,Flight match,2026-07-30 18:25:53
30002,3:58 PM,3:49 PM,-9,Flight match,2026-07-30 18:25:53
21792,4:00 PM,3:55 PM,-5,Flight match,2026-07-30 18:25:53
31557,4:03 PM,3:59 PM,-4,Flight match,2026-07-30 18:25:54
27239,4:05 PM,4:02 PM,-3,Flight match,2026-07-30 18:25:54
27533,4:10 PM,4:01 PM,-9,Flight match,2026-07-30 18:25:54
29161,4:48 PM,5:10 PM,22,Flight match,2026-07-30 18:25:54
26289,4:53 PM,4:52 PM,-1,Flight match,2026-07-30 18:25:54
27628,6:02 PM,5:59 PM,-3,Flight match,2026-07-30 18:25:54
24598,6:33 PM,4:20 PM,-133,Flight match,2026-07-30 18:25:54
26569,7:49 PM,7:45 PM,-4,Flight match,2026-07-30 18:25:54
18884,10:36 PM,10:26 PM,-10,Flight match,2026-07-30 18:25:54
30734,2:35 PM,2:27 PM,-8,Flight match,2026-07-30 18:31:42
30825,3:00 PM,3:03 PM,3,Flight match,2026-07-30 18:40:27
27533,4:01 PM,4:06 PM,5,Flight match,2026-07-30 18:51:52
29732,2:35 PM,2:27 PM,-8,Flight match,2026-07-30 18:59:32
27924,2:52 PM,2:50 PM,-2,Flight match,2026-07-30 18:59:32
30825,3:03 PM,3:02 PM,-1,Flight match,2026-07-30 18:59:32
30219,3:15 PM,3:12 PM,-3,Flight match,2026-07-30 18:59:32
29893,3:31 PM,3:19 PM,-12,Flight match,2026-07-30 18:59:32
30747,3:39 PM,3:43 PM,4,Flight match,2026-07-30 18:59:32
24598,4:20 PM,4:43 PM,23,Flight match,2026-07-30 18:59:32
29949,4:23 PM,4:31 PM,8,Flight match,2026-07-30 18:59:32
27628,5:59 PM,6:01 PM,2,Flight match,2026-07-30 18:59:32
31361,7:00 PM,6:39 PM,-21,Flight match,2026-07-30 18:59:32
27108,7:06 PM,6:49 PM,-17,Flight match,2026-07-30 18:59:32
31300,7:14 PM,7:38 PM,24,Flight match,2026-07-30 18:59:32
26569,7:45 PM,7:49 PM,4,Flight match,2026-07-30 18:59:32
30349,9:55 PM,9:58 PM,3,Flight match,2026-07-30 18:59:33
30825,3:02 PM,3:01 PM,-1,Flight match,2026-07-30 19:06:43
27533,4:06 PM,4:11 PM,5,Flight match,2026-07-30 19:21:21
30219,3:12 PM,3:11 PM,-1,Flight match,2026-07-30 19:27:49
29893,3:19 PM,3:13 PM,-6,Flight match,2026-07-30 19:27:49
30747,3:43 PM,3:44 PM,1,Flight match,2026-07-30 19:27:49
31137,3:56 PM,3:51 PM,-5,Flight match,2026-07-30 19:27:49
31557,3:59 PM,3:55 PM,-4,Flight match,2026-07-30 19:27:49
27533,4:11 PM,4:06 PM,-5,Flight match,2026-07-30 19:27:49
29949,4:31 PM,4:20 PM,-11,Flight match,2026-07-30 19:27:49
24598,4:43 PM,4:44 PM,1,Flight match,2026-07-30 19:27:49
29161,5:10 PM,5:05 PM,-5,Flight match,2026-07-30 19:27:49
18885,5:30 PM,5:25 PM,-5,Flight match,2026-07-30 19:27:49
31361,6:39 PM,7:31 PM,52,Flight match,2026-07-30 19:27:49
27108,6:49 PM,6:53 PM,4,Flight match,2026-07-30 19:27:49
19753,7:36 PM,7:29 PM,-7,Flight match,2026-07-30 19:27:49
30349,9:58 PM,9:55 PM,-3,Flight match,2026-07-30 19:27:49
25815,3:47 PM,1:08 PM,-159,Flight match,2026-07-30 19:46:28
27533,4:06 PM,4:01 PM,-5,Flight match,2026-07-30 19:46:28
27533,4:01 PM,4:05 PM,4,Flight match,2026-07-30 19:56:16
25815,1:08 PM,3:41 PM,153,Flight match,2026-07-30 22:38:37
30747,3:44 PM,3:44 PM,0,Flight match,2026-07-30 22:38:37
26528,3:47 PM,3:41 PM,-6,Flight match,2026-07-30 22:38:38
19325,3:49 PM,3:57 PM,8,Flight match,2026-07-30 22:38:38
28293,3:49 PM,3:57 PM,8,Flight match,2026-07-30 22:38:38
30002,3:49 PM,3:57 PM,8,Flight match,2026-07-30 22:38:38
31137,3:51 PM,3:50 PM,-1,Flight match,2026-07-30 22:38:38
21792,3:55 PM,4:14 PM,19,Flight match,2026-07-30 22:38:38
31557,3:55 PM,4:14 PM,19,Flight match,2026-07-30 22:38:38
27239,4:02 PM,4:20 PM,18,Flight match,2026-07-30 22:38:38
27533,4:05 PM,4:11 PM,6,Flight match,2026-07-30 22:38:38
29949,4:20 PM,4:18 PM,-2,Flight match,2026-07-30 22:38:38
24598,4:44 PM,4:48 PM,4,Flight match,2026-07-30 22:38:38
26289,4:52 PM,5:10 PM,18,Flight match,2026-07-30 22:38:38
26292,4:53 PM,5:02 PM,9,Flight match,2026-07-30 22:38:38
29161,5:05 PM,5:04 PM,-1,Flight match,2026-07-30 22:38:38
18885,5:25 PM,5:28 PM,3,Flight match,2026-07-30 22:38:38
26541,5:35 PM,5:50 PM,15,Flight match,2026-07-30 22:38:38
27628,6:01 PM,6:17 PM,16,Flight match,2026-07-30 22:38:38
30577,6:01 PM,6:11 PM,10,Flight match,2026-07-30 22:38:38
27108,6:53 PM,7:21 PM,28,Flight match,2026-07-30 22:38:38
19753,7:29 PM,7:47 PM,18,Flight match,2026-07-30 22:38:38
31361,7:31 PM,8:55 PM,84,Flight match,2026-07-30 22:38:39
31300,7:38 PM,8:11 PM,33,Flight match,2026-07-30 22:38:39
26569,7:49 PM,7:54 PM,5,Flight match,2026-07-30 22:38:39
28595,8:23 PM,8:03 PM,-20,Flight match,2026-07-30 22:38:39
30349,9:55 PM,9:37 PM,-18,Flight match,2026-07-30 22:38:39
18884,10:26 PM,10:14 PM,-12,Flight match,2026-07-30 22:38:39
31696,11:51 PM,11:52 PM,1,Flight match,2026-07-30 22:38:39
27108,7:21 PM,7:21 PM,0,Flight match,2026-07-31 00:19:26
19753,7:47 PM,8:01 PM,14,Flight match,2026-07-31 00:19:26
28595,8:03 PM,8:07 PM,4,Flight match,2026-07-31 00:19:26
31300,8:11 PM,8:09 PM,-2,Flight match,2026-07-31 00:19:26
31361,8:55 PM,9:05 PM,10,Flight match,2026-07-31 00:19:26
30349,9:37 PM,10:14 PM,37,Flight match,2026-07-31 00:19:26
18884,10:14 PM,10:07 PM,-7,Flight match,2026-07-31 00:19:26
31696,11:52 PM,11:37 PM,-15,Flight match,2026-07-31 00:19:26
28957,7:31 AM,7:29 AM,-2,Flight match,2026-07-31 00:19:58
29670,8:32 AM,9:12 AM,40,Flight match,2026-07-31 00:19:58
26565,10:01 AM,10:00 AM,-1,Flight match,2026-07-31 00:19:58
31400,10:59 AM,11:12 AM,13,Flight match,2026-07-31 00:19:58
29971,11:02 AM,11:20 AM,18,Flight match,2026-07-31 00:19:58
31598,11:41 AM,11:39 AM,-2,Flight match,2026-07-31 00:19:58
28435,1:26 PM,1:17 PM,-9,Flight match,2026-07-31 00:19:58
31589,1:30 PM,2:06 PM,36,Flight match,2026-07-31 00:19:58
28508,1:51 PM,1:48 PM,-3,Flight match,2026-07-31 00:19:58
19486,1:55 PM,1:38 PM,-17,Flight match,2026-07-31 00:19:58
29844,2:59 PM,2:56 PM,-3,Flight match,2026-07-31 00:19:58
27179,3:40 PM,3:43 PM,3,Flight match,2026-07-31 00:19:58
30776,3:44 PM,3:41 PM,-3,Flight match,2026-07-31 00:19:58
23308,4:05 PM,3:46 PM,-19,Flight match,2026-07-31 00:19:59
25953,5:31 PM,5:28 PM,-3,Flight match,2026-07-31 00:19:59
31176,5:52 PM,5:38 PM,-14,Flight match,2026-07-31 00:19:59
27828,6:50 PM,6:45 PM,-5,Flight match,2026-07-31 00:19:59
30327,6:50 PM,6:45 PM,-5,Flight match,2026-07-31 00:19:59
29880,7:59 PM,7:39 PM,-20,Flight match,2026-07-31 00:19:59
25907,8:10 PM,7:28 PM,-42,Flight match,2026-07-31 00:19:59
30527,8:50 PM,8:28 PM,-22,Flight match,2026-07-31 00:19:59
29948,8:55 PM,8:26 PM,-29,Flight match,2026-07-31 00:19:59
28546,9:00 PM,8:37 PM,-23,Flight match,2026-07-31 00:19:59
31503,10:00 PM,9:33 PM,-27,Flight match,2026-07-31 00:19:59
28326,10:15 PM,9:49 PM,-26,Flight match,2026-07-31 00:19:59
25917,6:00 AM,5:41 AM,-19,Flight match,2026-07-31 00:20:41
31671,7:00 AM,6:20 AM,-40,Flight match,2026-07-31 00:20:41
31252,9:43 AM,9:38 AM,-5,Flight match,2026-07-31 00:20:42
29734,9:59 AM,9:58 AM,-1,Flight match,2026-07-31 00:20:42
31604,10:00 AM,9:58 AM,-2,Flight match,2026-07-31 00:20:42
26491,10:11 AM,10:07 AM,-4,Flight match,2026-07-31 00:20:42
31620,10:35 AM,9:58 AM,-37,Flight match,2026-07-31 00:20:42
26761,6:20 AM,4:17 PM,597,Flight match,2026-07-31 03:33:31
30967,8:00 AM,7:30 AM,-30,Flight match,2026-07-31 03:33:31
26246,8:15 AM,7:43 AM,-32,Flight match,2026-07-31 03:33:31
15443,9:10 AM,9:13 AM,3,Flight match,2026-07-31 03:33:32
23239,10:00 AM,9:44 AM,-16,Flight match,2026-07-31 03:33:32
27663,10:00 AM,9:44 AM,-16,Flight match,2026-07-31 03:33:32
22952,11:00 AM,10:48 AM,-12,Flight match,2026-07-31 03:33:32
23832,11:10 AM,10:48 AM,-22,Flight match,2026-07-31 03:33:32
31428,11:30 AM,10:55 AM,-35,Flight match,2026-07-31 03:33:32
29073,11:45 AM,11:44 AM,-1,Flight match,2026-07-31 03:33:32
30351,12:58 PM,12:38 PM,-20,Flight match,2026-07-31 03:33:32
18022,1:00 PM,12:54 PM,-6,Flight match,2026-07-31 03:33:32
22414,2:20 PM,1:47 PM,-33,Flight match,2026-07-31 03:33:32
29799,3:10 PM,2:58 PM,-12,Flight match,2026-07-31 03:33:32
31569,4:00 PM,3:51 PM,-9,Flight match,2026-07-31 03:33:32
27120,4:30 PM,4:10 PM,-20,Flight match,2026-07-31 03:33:32
28794,4:40 PM,4:30 PM,-10,Flight match,2026-07-31 03:33:32
29520,5:30 PM,5:00 PM,-30,Flight match,2026-07-31 03:33:32
31389,5:53 AM,5:46 AM,-7,Flight match,2026-07-31 04:36:15
30738,8:35 AM,9:55 AM,80,Flight match,2026-07-31 04:36:15
24134,12:58 PM,12:58 PM,0,Flight match,2026-07-31 04:36:15
28435,1:17 PM,1:26 PM,9,Flight match,2026-07-31 04:36:15
23308,3:46 PM,4:05 PM,19,Flight match,2026-07-31 04:36:15
31176,5:38 PM,5:52 PM,14,Flight match,2026-07-31 04:36:15
31503,9:33 PM,9:57 PM,24,Flight match,2026-07-31 04:36:15
31129,12:00 PM,11:50 AM,-10,Flight match,2026-07-31 04:59:59
30740,1:08 PM,12:58 PM,-10,Flight match,2026-07-31 04:59:59
31379,2:34 PM,2:24 PM,-10,Flight match,2026-07-31 04:59:59
31389,5:46 AM,5:59 AM,13,Flight match,2026-07-31 11:30:02
28957,7:29 AM,8:04 AM,35,Flight match,2026-07-31 11:30:02
29670,9:12 AM,8:47 AM,-25,Flight match,2026-07-31 11:30:02
30866,9:16 AM,9:19 AM,3,Flight match,2026-07-31 11:30:02
30738,9:55 AM,8:59 AM,-56,Flight match,2026-07-31 11:30:02
31696,10:00 AM,9:49 AM,-11,Flight match,2026-07-31 11:30:02
26565,10:00 AM,9:54 AM,-6,Flight match,2026-07-31 11:30:02
28819,10:14 AM,9:54 AM,-20,Flight match,2026-07-31 11:30:02
31280,10:19 AM,9:56 AM,-23,Flight match,2026-07-31 11:30:03
26512,10:47 AM,10:58 AM,11,Flight match,2026-07-31 11:30:03
28600,10:49 AM,10:45 AM,-4,Flight match,2026-07-31 11:30:04
26991,10:51 AM,10:49 AM,-2,Flight match,2026-07-31 11:30:04
18404,11:07 AM,11:25 AM,18,Flight match,2026-07-31 11:30:05
31500,11:07 AM,11:25 AM,18,Flight match,2026-07-31 11:30:05
31400,11:12 AM,10:44 AM,-28,Flight match,2026-07-31 11:30:05
29971,11:20 AM,10:55 AM,-25,Flight match,2026-07-31 11:30:05
25754,11:30 AM,11:30 AM,0,Flight match,2026-07-31 11:30:05
25743,12:09 PM,12:20 PM,11,Flight match,2026-07-31 11:30:05
31566,12:09 PM,12:20 PM,11,Flight match,2026-07-31 11:30:05
25541,12:09 PM,12:20 PM,11,Flight match,2026-07-31 11:30:05
28462,12:55 PM,2:19 PM,84,Flight match,2026-07-31 11:30:05
24134,12:58 PM,1:15 PM,17,Flight match,2026-07-31 11:30:05
23103,12:58 PM,1:15 PM,17,Flight match,2026-07-31 11:30:05
31214,1:00 PM,1:04 PM,4,Flight match,2026-07-31 11:30:05
26732,1:00 PM,1:04 PM,4,Flight match,2026-07-31 11:30:05
24459,3:22 PM,3:10 PM,-12,Flight match,2026-07-31 11:30:05
27828,6:45 PM,6:50 PM,5,Flight match,2026-07-31 11:30:05
30327,6:45 PM,6:50 PM,5,Flight match,2026-07-31 11:30:06
25907,7:28 PM,8:10 PM,42,Flight match,2026-07-31 11:30:06
29880,7:39 PM,8:00 PM,21,Flight match,2026-07-31 11:30:06
29948,8:26 PM,8:55 PM,29,Flight match,2026-07-31 11:30:06
30527,8:28 PM,8:50 PM,22,Flight match,2026-07-31 11:30:06
28546,8:37 PM,9:00 PM,23,Flight match,2026-07-31 11:30:06
28326,9:49 PM,10:15 PM,26,Flight match,2026-07-31 11:30:06
28957,8:04 AM,8:01 AM,-3,Flight match,2026-07-31 11:49:49
26565,9:54 AM,10:02 AM,8,Flight match,2026-07-31 11:49:49
31280,9:56 AM,10:13 AM,17,Flight match,2026-07-31 11:49:49
31696,10:00 AM,10:02 AM,2,Flight match,2026-07-31 11:49:49
29971,10:55 AM,10:59 AM,4,Flight match,2026-07-31 11:49:49
18404,11:25 AM,11:13 AM,-12,Flight match,2026-07-31 11:49:49
31500,11:25 AM,11:13 AM,-12,Flight match,2026-07-31 11:49:49
30385,12:58 PM,12:28 PM,-30,Flight match,2026-07-31 11:49:49
31214,1:04 PM,12:59 PM,-5,Flight match,2026-07-31 11:49:49
26732,1:04 PM,12:59 PM,-5,Flight match,2026-07-31 11:49:49
31589,2:06 PM,2:03 PM,-3,Flight match,2026-07-31 11:49:49
28262,3:43 PM,3:16 PM,-27,Flight match,2026-07-31 11:49:49
27179,3:43 PM,3:16 PM,-27,Flight match,2026-07-31 11:49:49
29948,8:55 PM,9:25 PM,30,Flight match,2026-07-31 11:49:49
30738,8:59 AM,9:35 AM,36,Flight match,2026-07-31 11:58:16
28957,8:01 AM,8:00 AM,-1,Flight match,2026-07-31 12:11:18
30866,9:19 AM,9:15 AM,-4,Flight match,2026-07-31 12:11:18
30738,9:35 AM,9:32 AM,-3,Flight match,2026-07-31 12:11:18
28819,9:54 AM,10:00 AM,6,Flight match,2026-07-31 12:11:18
31696,10:02 AM,9:57 AM,-5,Flight match,2026-07-31 12:11:18
26565,10:02 AM,9:57 AM,-5,Flight match,2026-07-31 12:11:18
31280,10:13 AM,10:01 AM,-12,Flight match,2026-07-31 12:11:18
31400,10:44 AM,10:49 AM,5,Flight match,2026-07-31 12:11:18
26512,10:58 AM,10:56 AM,-2,Flight match,2026-07-31 12:11:18
23863,11:25 AM,11:19 AM,-6,Flight match,2026-07-31 12:11:18
25754,11:30 AM,11:17 AM,-13,Flight match,2026-07-31 12:11:18
31598,11:39 AM,11:36 AM,-3,Flight match,2026-07-31 12:11:19
26469,12:13 PM,11:47 AM,-26,Flight match,2026-07-31 12:11:19
28435,1:26 PM,1:17 PM,-9,Flight match,2026-07-31 12:11:19
31589,2:03 PM,2:06 PM,3,Flight match,2026-07-31 12:11:19
31739,3:47 PM,3:38 PM,-9,Flight match,2026-07-31 12:11:19
29122,3:47 PM,3:38 PM,-9,Flight match,2026-07-31 12:11:19
30866,9:15 AM,9:16 AM,1,Flight match,2026-07-31 12:27:39
31280,10:01 AM,9:57 AM,-4,Flight match,2026-07-31 12:27:39
26991,10:49 AM,11:14 AM,25,Flight match,2026-07-31 12:27:39
31400,10:49 AM,11:00 AM,11,Flight match,2026-07-31 12:27:39
26512,10:56 AM,10:58 AM,2,Flight match,2026-07-31 12:27:39
18404,11:13 AM,11:12 AM,-1,Flight match,2026-07-31 12:27:39
31500,11:13 AM,11:12 AM,-1,Flight match,2026-07-31 12:27:39
23863,11:19 AM,11:09 AM,-10,Flight match,2026-07-31 12:27:39
31598,11:36 AM,11:31 AM,-5,Flight match,2026-07-31 12:27:39
25743,12:20 PM,12:01 PM,-19,Flight match,2026-07-31 12:27:39
31566,12:20 PM,12:01 PM,-19,Flight match,2026-07-31 12:27:39
25541,12:20 PM,12:01 PM,-19,Flight match,2026-07-31 12:27:39
30866,9:16 AM,9:13 AM,-3,Flight match,2026-07-31 12:59:40
30738,9:32 AM,9:38 AM,6,Flight match,2026-07-31 12:59:40
28600,10:45 AM,10:41 AM,-4,Flight match,2026-07-31 12:59:40
26512,10:58 AM,10:49 AM,-9,Flight match,2026-07-31 12:59:40
29971,10:59 AM,10:53 AM,-6,Flight match,2026-07-31 12:59:40
23863,11:09 AM,11:10 AM,1,Flight match,2026-07-31 12:59:41
18404,11:12 AM,11:13 AM,1,Flight match,2026-07-31 12:59:41
31500,11:12 AM,11:13 AM,1,Flight match,2026-07-31 12:59:41
26991,11:14 AM,10:41 AM,-33,Flight match,2026-07-31 12:59:41
31598,11:31 AM,11:33 AM,2,Flight match,2026-07-31 12:59:41
24134,1:15 PM,1:03 PM,-12,Flight match,2026-07-31 12:59:41
23103,1:15 PM,1:03 PM,-12,Flight match,2026-07-31 12:59:41
28435,1:17 PM,1:23 PM,6,Flight match,2026-07-31 12:59:41
31589,2:06 PM,1:37 PM,-29,Flight match,2026-07-31 12:59:41
24459,3:10 PM,3:22 PM,12,Flight match,2026-07-31 12:59:41
25581,1:40 AM,1:24 AM,-16,Flight match,2026-07-31 13:28:02
29670,8:47 AM,9:00 AM,13,Flight match,2026-07-31 13:29:11
30866,9:13 AM,9:11 AM,-2,Flight match,2026-07-31 13:29:11
30738,9:38 AM,9:32 AM,-6,Flight match,2026-07-31 13:29:11
31280,9:57 AM,9:52 AM,-5,Flight match,2026-07-31 13:29:11
31696,9:57 AM,9:53 AM,-4,Flight match,2026-07-31 13:29:11
26565,9:57 AM,9:53 AM,-4,Flight match,2026-07-31 13:29:11
28600,10:41 AM,10:57 AM,16,Flight match,2026-07-31 13:29:11
23863,11:10 AM,11:23 AM,13,Flight match,2026-07-31 13:29:11
31500,11:13 AM,11:09 AM,-4,Flight match,2026-07-31 13:29:11
18404,11:13 AM,11:09 AM,-4,Flight match,2026-07-31 13:29:11
25754,11:17 AM,11:24 AM,7,Flight match,2026-07-31 13:29:11
31598,11:33 AM,11:35 AM,2,Flight match,2026-07-31 13:29:12
26469,11:47 AM,12:01 PM,14,Flight match,2026-07-31 13:29:12
25743,12:01 PM,12:00 PM,-1,Flight match,2026-07-31 13:29:12
31566,12:01 PM,12:00 PM,-1,Flight match,2026-07-31 13:29:12
25541,12:01 PM,12:00 PM,-1,Flight match,2026-07-31 13:29:12
19486,1:38 PM,1:55 PM,17,Flight match,2026-07-31 13:29:12
24459,3:22 PM,3:10 PM,-12,Flight match,2026-07-31 13:29:12
25581,1:24 AM,1:42 AM,18,Flight match,2026-07-31 13:36:59
25917,5:41 AM,5:45 AM,4,Flight match,2026-07-31 13:36:59
30709,6:55 AM,6:56 AM,1,Flight match,2026-07-31 13:36:59
22419,7:25 AM,7:18 AM,-7,Flight match,2026-07-31 13:36:59
29984,7:50 AM,7:43 AM,-7,Flight match,2026-07-31 13:36:59
27652,9:13 AM,9:10 AM,-3,Flight match,2026-07-31 13:36:59
31252,9:38 AM,9:39 AM,1,Flight match,2026-07-31 13:36:59
21907,9:40 AM,9:44 AM,4,Flight match,2026-07-31 13:36:59
26869,9:45 AM,9:34 AM,-11,Flight match,2026-07-31 13:36:59
28921,10:05 AM,9:49 AM,-16,Flight match,2026-07-31 13:36:59
28307,10:30 AM,10:16 AM,-14,Flight match,2026-07-31 13:36:59
30611,10:30 AM,10:24 AM,-6,Flight match,2026-07-31 13:36:59
31468,10:34 AM,10:37 AM,3,Flight match,2026-07-31 13:36:59
20956,10:45 AM,10:35 AM,-10,Flight match,2026-07-31 13:36:59
23959,10:55 AM,10:40 AM,-15,Flight match,2026-07-31 13:36:59
29351,10:57 AM,10:51 AM,-6,Flight match,2026-07-31 13:36:59
26572,11:08 AM,11:11 AM,3,Flight match,2026-07-31 13:36:59
22433,11:12 AM,11:09 AM,-3,Flight match,2026-07-31 13:36:59
30352,11:15 AM,11:18 AM,3,Flight match,2026-07-31 13:36:59
25553,11:15 AM,10:58 AM,-17,Flight match,2026-07-31 13:36:59
31476,11:20 AM,10:56 AM,-24,Flight match,2026-07-31 13:36:59
31482,11:22 AM,10:55 AM,-27,Flight match,2026-07-31 13:36:59
25081,11:23 AM,11:17 AM,-6,Flight match,2026-07-31 13:36:59
21839,11:28 AM,11:25 AM,-3,Flight match,2026-07-31 13:36:59
26951,11:42 AM,11:18 AM,-24,Flight match,2026-07-31 13:36:59
27938,11:44 AM,11:47 AM,3,Flight match,2026-07-31 13:37:00
26416,11:50 AM,11:31 AM,-19,Flight match,2026-07-31 13:37:00
28421,12:16 PM,12:13 PM,-3,Flight match,2026-07-31 13:37:00
29461,12:16 PM,12:13 PM,-3,Flight match,2026-07-31 13:37:00
31203,12:51 PM,12:44 PM,-7,Flight match,2026-07-31 13:37:00
21064,4:10 PM,4:00 PM,-10,Flight match,2026-07-31 13:37:00
30844,4:40 PM,4:34 PM,-6,Flight match,2026-07-31 13:37:00
31066,6:23 PM,6:18 PM,-5,Flight match,2026-07-31 13:37:00
25581,1:42 AM,1:44 AM,2,Flight match,2026-07-31 13:50:40
21907,9:44 AM,9:40 AM,-4,Flight match,2026-07-31 13:50:40
31468,10:37 AM,10:34 AM,-3,Flight match,2026-07-31 13:50:40
30738,9:32 AM,9:44 AM,12,Flight match,2026-07-31 13:59:45
31280,9:52 AM,9:55 AM,3,Flight match,2026-07-31 13:59:45
28819,10:00 AM,9:56 AM,-4,Flight match,2026-07-31 13:59:46
26991,10:41 AM,10:45 AM,4,Flight match,2026-07-31 13:59:46
28600,10:57 AM,10:56 AM,-1,Flight match,2026-07-31 13:59:46
23863,11:23 AM,11:18 AM,-5,Flight match,2026-07-31 13:59:46
25754,11:24 AM,11:25 AM,1,Flight match,2026-07-31 13:59:46
25743,12:00 PM,11:59 AM,-1,Flight match,2026-07-31 13:59:46
25541,12:00 PM,11:59 AM,-1,Flight match,2026-07-31 13:59:46
31566,12:00 PM,11:59 AM,-1,Flight match,2026-07-31 13:59:46
30385,12:28 PM,12:41 PM,13,Flight match,2026-07-31 13:59:46
19486,1:55 PM,1:34 PM,-21,Flight match,2026-07-31 13:59:46
24459,3:10 PM,2:54 PM,-16,Flight match,2026-07-31 13:59:46
30385,12:41 PM,12:35 PM,-6,Flight match,2026-07-31 14:03:26
26512,10:49 AM,10:56 AM,7,Flight match,2026-07-31 14:07:02
28462,2:19 PM,2:03 PM,-16,Flight match,2026-07-31 14:07:02
28262,3:16 PM,3:14 PM,-2,Flight match,2026-07-31 14:07:02
27179,3:16 PM,3:14 PM,-2,Flight match,2026-07-31 14:07:03
29948,9:25 PM,9:10 PM,-15,Flight match,2026-07-31 14:07:03
25581,1:44 AM,1:55 AM,11,Flight match,2026-07-31 14:27:51
21907,9:40 AM,9:44 AM,4,Flight match,2026-07-31 14:27:51
26665,11:57 AM,11:54 AM,-3,Flight match,2026-07-31 14:27:51
27004,12:25 PM,12:12 PM,-13,Flight match,2026-07-31 14:27:51
31545,12:25 PM,12:12 PM,-13,Flight match,2026-07-31 14:27:51
31781,12:28 PM,12:03 PM,-25,Flight match,2026-07-31 14:27:51
10683,12:30 PM,12:06 PM,-24,Flight match,2026-07-31 14:27:51
31203,12:44 PM,12:45 PM,1,Flight match,2026-07-31 14:27:52
31696,9:53 AM,9:49 AM,-4,Flight match,2026-07-31 14:32:51
26565,9:53 AM,9:49 AM,-4,Flight match,2026-07-31 14:32:51
31280,9:55 AM,9:56 AM,1,Flight match,2026-07-31 14:32:51
28819,9:56 AM,9:58 AM,2,Flight match,2026-07-31 14:32:51
26991,10:45 AM,10:47 AM,2,Flight match,2026-07-31 14:32:51
26512,10:56 AM,10:55 AM,-1,Flight match,2026-07-31 14:32:51
18404,11:09 AM,11:10 AM,1,Flight match,2026-07-31 14:32:51
31500,11:09 AM,11:10 AM,1,Flight match,2026-07-31 14:32:51
25754,11:25 AM,11:23 AM,-2,Flight match,2026-07-31 14:32:51
25743,11:59 AM,11:58 AM,-1,Flight match,2026-07-31 14:32:51
25541,11:59 AM,11:58 AM,-1,Flight match,2026-07-31 14:32:51
31566,11:59 AM,11:58 AM,-1,Flight match,2026-07-31 14:32:51
26469,12:01 PM,11:58 AM,-3,Flight match,2026-07-31 14:32:51
30385,12:35 PM,12:33 PM,-2,Flight match,2026-07-31 14:32:51
26732,12:59 PM,12:57 PM,-2,Flight match,2026-07-31 14:32:51
31214,12:59 PM,12:57 PM,-2,Flight match,2026-07-31 14:32:51
24134,1:03 PM,1:02 PM,-1,Flight match,2026-07-31 14:32:51
23103,1:03 PM,1:02 PM,-1,Flight match,2026-07-31 14:32:51
28435,1:23 PM,1:16 PM,-7,Flight match,2026-07-31 14:32:51
19486,1:34 PM,1:40 PM,6,Flight match,2026-07-31 14:32:51
31589,1:37 PM,1:28 PM,-9,Flight match,2026-07-31 14:32:52
28508,1:48 PM,1:44 PM,-4,Flight match,2026-07-31 14:32:52
28262,3:14 PM,3:15 PM,1,Flight match,2026-07-31 14:32:52
27179,3:14 PM,3:15 PM,1,Flight match,2026-07-31 14:32:52
26512,10:55 AM,10:57 AM,2,Flight match,2026-07-31 14:46:49
31400,11:00 AM,10:51 AM,-9,Flight match,2026-07-31 14:46:49
31598,11:35 AM,11:39 AM,4,Flight match,2026-07-31 14:46:49
26469,11:58 AM,11:54 AM,-4,Flight match,2026-07-31 14:46:49
30385,12:33 PM,12:26 PM,-7,Flight match,2026-07-31 14:46:49
28435,1:16 PM,1:19 PM,3,Flight match,2026-07-31 14:46:49
31589,1:28 PM,1:37 PM,9,Flight match,2026-07-31 14:46:49
28508,1:44 PM,1:34 PM,-10,Flight match,2026-07-31 14:46:49
23308,4:05 PM,3:46 PM,-19,Flight match,2026-07-31 14:46:49
28600,10:56 AM,10:53 AM,-3,Flight match,2026-07-31 15:04:30
25474,10:59 AM,10:48 AM,-11,Flight match,2026-07-31 15:04:50
29404,12:30 PM,12:21 PM,-9,Flight match,2026-07-31 15:04:50
27869,12:59 PM,1:03 PM,4,Flight match,2026-07-31 15:04:50
21757,1:08 PM,12:47 PM,-21,Flight match,2026-07-31 15:04:50
25366,1:10 PM,12:55 PM,-15,Flight match,2026-07-31 15:04:50
17522,1:10 PM,12:55 PM,-15,Flight match,2026-07-31 15:04:50
25029,1:19 PM,12:57 PM,-22,Flight match,2026-07-31 15:04:50
30507,1:31 PM,1:28 PM,-3,Flight match,2026-07-31 15:04:50
28084,2:14 PM,1:54 PM,-20,Flight match,2026-07-31 15:04:50
26991,10:47 AM,10:48 AM,1,Flight match,2026-07-31 15:12:33
31400,10:51 AM,10:54 AM,3,Flight match,2026-07-31 15:12:33
26512,10:57 AM,10:56 AM,-1,Flight match,2026-07-31 15:12:33
31500,11:10 AM,11:10 AM,0,Flight match,2026-07-31 15:12:34
18404,11:10 AM,11:10 AM,0,Flight match,2026-07-31 15:12:34
23863,11:18 AM,11:15 AM,-3,Flight match,2026-07-31 15:12:34
25754,11:23 AM,11:24 AM,1,Flight match,2026-07-31 15:12:34
31598,11:39 AM,11:36 AM,-3,Flight match,2026-07-31 15:12:34
26469,11:54 AM,11:54 AM,0,Flight match,2026-07-31 15:12:34
25743,11:58 AM,11:59 AM,1,Flight match,2026-07-31 15:12:34
25541,11:58 AM,11:59 AM,1,Flight match,2026-07-31 15:12:34
31566,11:58 AM,11:59 AM,1,Flight match,2026-07-31 15:12:34
26732,12:57 PM,1:19 PM,22,Flight match,2026-07-31 15:12:34
31214,12:57 PM,1:19 PM,22,Flight match,2026-07-31 15:12:34
24134,1:02 PM,1:20 PM,18,Flight match,2026-07-31 15:12:34
23103,1:02 PM,1:20 PM,18,Flight match,2026-07-31 15:12:34
28435,1:19 PM,1:38 PM,19,Flight match,2026-07-31 15:12:34
31589,1:37 PM,1:27 PM,-10,Flight match,2026-07-31 15:12:34
28462,2:03 PM,2:07 PM,4,Flight match,2026-07-31 15:12:34
29844,2:56 PM,2:43 PM,-13,Flight match,2026-07-31 15:12:34
30776,3:41 PM,4:11 PM,30,Flight match,2026-07-31 16:17:50
18404,11:10 AM,11:07 AM,-3,Flight match,2026-07-31 17:00:59
31500,11:10 AM,11:07 AM,-3,Flight match,2026-07-31 17:00:59
25754,11:24 AM,11:21 AM,-3,Flight match,2026-07-31 17:01:00
31598,11:36 AM,11:33 AM,-3,Flight match,2026-07-31 17:01:00
26469,11:54 AM,11:51 AM,-3,Flight match,2026-07-31 17:01:00
25743,11:59 AM,11:53 AM,-6,Flight match,2026-07-31 17:01:00
25541,11:59 AM,11:53 AM,-6,Flight match,2026-07-31 17:01:00
31566,11:59 AM,11:53 AM,-6,Flight match,2026-07-31 17:01:00
30385,12:26 PM,12:53 PM,27,Flight match,2026-07-31 17:01:00
24134,1:20 PM,1:43 PM,23,Flight match,2026-07-31 17:01:00
23103,1:20 PM,1:43 PM,23,Flight match,2026-07-31 17:01:00
31589,1:27 PM,1:31 PM,4,Flight match,2026-07-31 17:01:00
28508,1:34 PM,1:35 PM,1,Flight match,2026-07-31 17:01:00
28435,1:38 PM,1:51 PM,13,Flight match,2026-07-31 17:01:00
28462,2:07 PM,2:19 PM,12,Flight match,2026-07-31 17:01:00
29844,2:43 PM,2:27 PM,-16,Flight match,2026-07-31 17:01:01
24459,2:54 PM,2:59 PM,5,Flight match,2026-07-31 17:01:01
29122,3:38 PM,3:41 PM,3,Flight match,2026-07-31 17:01:01
31739,3:38 PM,3:41 PM,3,Flight match,2026-07-31 17:01:01
23308,3:46 PM,4:05 PM,19,Flight match,2026-07-31 17:01:01
30776,4:11 PM,4:12 PM,1,Flight match,2026-07-31 17:01:01
31176,5:52 PM,5:38 PM,-14,Flight match,2026-07-31 17:01:01
31756,7:44 PM,7:23 PM,-21,Flight match,2026-07-31 17:01:01
29948,9:10 PM,8:57 PM,-13,Flight match,2026-07-31 17:01:01
26732,1:19 PM,2:56 PM,97,Flight match,2026-07-31 17:07:44
31214,1:19 PM,2:56 PM,97,Flight match,2026-07-31 17:07:44
28508,1:35 PM,1:37 PM,2,Flight match,2026-07-31 17:07:44
19486,1:40 PM,1:57 PM,17,Flight match,2026-07-31 17:07:44
24134,1:43 PM,1:49 PM,6,Flight match,2026-07-31 17:07:44
23103,1:43 PM,1:49 PM,6,Flight match,2026-07-31 17:07:44
29844,2:27 PM,2:23 PM,-4,Flight match,2026-07-31 17:07:44
29122,3:41 PM,3:42 PM,1,Flight match,2026-07-31 17:07:44
31739,3:41 PM,3:42 PM,1,Flight match,2026-07-31 17:07:44
23308,4:05 PM,3:46 PM,-19,Flight match,2026-07-31 17:07:44
30776,4:12 PM,4:35 PM,23,Flight match,2026-07-31 17:07:44
27828,6:50 PM,6:45 PM,-5,Flight match,2026-07-31 17:07:44
30327,6:50 PM,6:45 PM,-5,Flight match,2026-07-31 17:07:44
29948,8:57 PM,8:55 PM,-2,Flight match,2026-07-31 17:07:44
28546,9:00 PM,9:02 PM,2,Flight match,2026-07-31 17:07:44
31589,1:31 PM,1:35 PM,4,Flight match,2026-07-31 17:16:28
28508,1:37 PM,1:35 PM,-2,Flight match,2026-07-31 17:16:28
24134,1:49 PM,1:53 PM,4,Flight match,2026-07-31 17:16:28
23103,1:49 PM,1:53 PM,4,Flight match,2026-07-31 17:16:29
31589,1:35 PM,1:50 PM,15,Flight match,2026-07-31 17:26:34
28508,1:35 PM,1:37 PM,2,Flight match,2026-07-31 17:29:27
31589,1:50 PM,2:09 PM,19,Flight match,2026-07-31 17:29:27
28435,1:51 PM,1:48 PM,-3,Flight match,2026-07-31 17:29:27
24134,1:53 PM,1:57 PM,4,Flight match,2026-07-31 17:29:27
23103,1:53 PM,1:57 PM,4,Flight match,2026-07-31 17:29:27
28462,2:19 PM,2:24 PM,5,Flight match,2026-07-31 17:29:27
26732,2:56 PM,3:03 PM,7,Flight match,2026-07-31 17:29:27
31214,2:56 PM,3:03 PM,7,Flight match,2026-07-31 17:29:27
29122,3:42 PM,4:16 PM,34,Flight match,2026-07-31 17:29:27
31739,3:42 PM,4:16 PM,34,Flight match,2026-07-31 17:29:27
23308,3:46 PM,3:43 PM,-3,Flight match,2026-07-31 17:29:27
29880,8:00 PM,8:02 PM,2,Flight match,2026-07-31 17:29:27
28435,1:48 PM,1:39 PM,-9,Flight match,2026-07-31 17:37:25
24134,1:57 PM,1:50 PM,-7,Flight match,2026-07-31 17:37:25
23103,1:57 PM,1:50 PM,-7,Flight match,2026-07-31 17:37:25
19486,1:57 PM,2:02 PM,5,Flight match,2026-07-31 17:37:25
29844,2:23 PM,2:27 PM,4,Flight match,2026-07-31 17:37:25
28462,2:24 PM,2:23 PM,-1,Flight match,2026-07-31 17:37:25
28435,1:39 PM,1:56 PM,17,Flight match,2026-07-31 17:53:35
31589,2:09 PM,2:17 PM,8,Flight match,2026-07-31 17:53:36
28462,2:23 PM,2:29 PM,6,Flight match,2026-07-31 17:53:36
29844,2:27 PM,2:23 PM,-4,Flight match,2026-07-31 17:53:36
23308,3:43 PM,3:45 PM,2,Flight match,2026-07-31 17:53:36
25953,5:28 PM,5:55 PM,27,Flight match,2026-07-31 17:53:36
24134,1:50 PM,1:51 PM,1,Flight match,2026-07-31 17:54:01
23103,1:50 PM,1:51 PM,1,Flight match,2026-07-31 17:54:01
19486,2:02 PM,2:06 PM,4,Flight match,2026-07-31 17:54:01
31589,2:17 PM,2:08 PM,-9,Flight match,2026-07-31 17:54:01
29844,2:23 PM,2:23 PM,0,Flight match,2026-07-31 17:54:01
28462,2:29 PM,2:26 PM,-3,Flight match,2026-07-31 17:54:02
24134,1:51 PM,1:52 PM,1,Flight match,2026-07-31 18:09:43
23103,1:51 PM,1:52 PM,1,Flight match,2026-07-31 18:09:43
28435,1:56 PM,2:05 PM,9,Flight match,2026-07-31 18:09:43
31589,2:08 PM,2:07 PM,-1,Flight match,2026-07-31 18:09:43
29844,2:23 PM,2:23 PM,0,Flight match,2026-07-31 18:09:43
28462,2:26 PM,2:23 PM,-3,Flight match,2026-07-31 18:09:43
26732,3:03 PM,2:56 PM,-7,Flight match,2026-07-31 18:09:43
31214,3:03 PM,2:56 PM,-7,Flight match,2026-07-31 18:09:43
23308,3:45 PM,3:40 PM,-5,Flight match,2026-07-31 18:09:43
29122,4:16 PM,4:07 PM,-9,Flight match,2026-07-31 18:09:43
31739,4:16 PM,4:07 PM,-9,Flight match,2026-07-31 18:09:43
30776,4:35 PM,4:41 PM,6,Flight match,2026-07-31 18:09:43
31756,7:23 PM,7:48 PM,25,Flight match,2026-07-31 18:09:43
19486,2:06 PM,2:11 PM,5,Flight match,2026-07-31 18:31:43
31589,2:07 PM,2:05 PM,-2,Flight match,2026-07-31 18:31:43
26732,2:56 PM,3:02 PM,6,Flight match,2026-07-31 18:31:44
23308,3:40 PM,3:30 PM,-10,Flight match,2026-07-31 18:31:44
29122,4:07 PM,4:04 PM,-3,Flight match,2026-07-31 18:31:44
31739,4:07 PM,4:04 PM,-3,Flight match,2026-07-31 18:31:44
30776,4:41 PM,4:37 PM,-4,Flight match,2026-07-31 18:31:44
27828,6:45 PM,7:17 PM,32,Flight match,2026-07-31 18:31:44
30327,6:45 PM,7:17 PM,32,Flight match,2026-07-31 18:31:44
31756,7:48 PM,7:18 PM,-30,Flight match,2026-07-31 18:31:44
28462,2:23 PM,2:33 PM,10,Flight match,2026-07-31 18:43:12
29844,2:23 PM,2:24 PM,1,Flight match,2026-07-31 18:43:12
31214,2:30 PM,3:02 PM,32,Flight match,2026-07-31 18:43:12
29122,4:04 PM,4:09 PM,5,Flight match,2026-07-31 18:43:12
31739,4:04 PM,4:09 PM,5,Flight match,2026-07-31 18:43:12
29880,8:02 PM,8:08 PM,6,Flight match,2026-07-31 18:43:12
24459,2:59 PM,2:56 PM,-3,Flight match,2026-07-31 18:59:46
30776,4:37 PM,4:34 PM,-3,Flight match,2026-07-31 18:59:46
25953,5:55 PM,5:51 PM,-4,Flight match,2026-07-31 18:59:46
29880,8:08 PM,8:02 PM,-6,Flight match,2026-07-31 18:59:46
28546,9:02 PM,9:08 PM,6,Flight match,2026-07-31 18:59:46
27179,3:15 PM,3:12 PM,-3,Flight match,2026-07-31 19:11:02
28262,3:15 PM,3:12 PM,-3,Flight match,2026-07-31 19:11:02
29880,8:02 PM,8:00 PM,-2,Flight match,2026-07-31 19:11:03
28546,9:08 PM,9:07 PM,-1,Flight match,2026-07-31 19:11:03
23308,3:30 PM,3:33 PM,3,Flight match,2026-07-31 19:26:43
23103,3:38 PM,1:52 PM,-106,Flight match,2026-07-31 19:26:43
28508,3:55 PM,1:37 PM,-138,Flight match,2026-07-31 19:26:44
31214,3:02 PM,1:44 PM,-78,Flight match,2026-07-31 19:32:46
26732,3:02 PM,1:44 PM,-78,Flight match,2026-07-31 19:32:56
24459,2:56 PM,2:55 PM,-1,Flight match,2026-07-31 19:35:13
23308,3:33 PM,3:30 PM,-3,Flight match,2026-07-31 19:35:13
29122,4:09 PM,4:13 PM,4,Flight match,2026-07-31 19:35:13
31739,4:09 PM,4:13 PM,4,Flight match,2026-07-31 19:35:13
30776,4:34 PM,4:30 PM,-4,Flight match,2026-07-31 19:35:13
31176,5:38 PM,5:34 PM,-4,Flight match,2026-07-31 19:35:13
25953,5:51 PM,5:59 PM,8,Flight match,2026-07-31 19:35:13
25907,8:10 PM,7:40 PM,-30,Flight match,2026-07-31 19:35:13
28546,9:07 PM,8:34 PM,-33,Flight match,2026-07-31 19:35:13
25581,1:55 AM,1:40 AM,-15,Flight match,2026-07-31 19:52:03
25917,5:45 AM,5:41 AM,-4,Flight match,2026-07-31 19:52:32
31252,9:39 AM,9:38 AM,-1,Flight match,2026-07-31 19:52:32
29351,10:51 AM,10:49 AM,-2,Flight match,2026-07-31 19:52:32
30655,10:51 AM,10:54 AM,3,Flight match,2026-07-31 19:52:33
27938,11:47 AM,11:44 AM,-3,Flight match,2026-07-31 19:52:33
27869,1:03 PM,12:59 PM,-4,Flight match,2026-07-31 19:52:33
24849,2:10 PM,1:45 PM,-25,Flight match,2026-07-31 19:52:33
30294,2:20 PM,2:14 PM,-6,Flight match,2026-07-31 19:52:33
30812,2:37 PM,2:34 PM,-3,Flight match,2026-07-31 19:52:33
28512,2:58 PM,3:01 PM,3,Flight match,2026-07-31 19:52:33
26137,2:59 PM,2:56 PM,-3,Flight match,2026-07-31 19:52:33
31168,2:59 PM,2:56 PM,-3,Flight match,2026-07-31 19:52:33
30447,3:03 PM,3:07 PM,4,Flight match,2026-07-31 19:52:33
18725,3:03 PM,3:07 PM,4,Flight match,2026-07-31 19:52:33
28870,3:40 PM,3:22 PM,-18,Flight match,2026-07-31 19:52:33
25210,4:04 PM,4:08 PM,4,Flight match,2026-07-31 19:52:33
31382,4:20 PM,4:17 PM,-3,Flight match,2026-07-31 19:52:33
30844,4:34 PM,4:33 PM,-1,Flight match,2026-07-31 19:52:33
31555,4:40 PM,4:15 PM,-25,Flight match,2026-07-31 19:52:33
26816,4:45 PM,4:24 PM,-21,Flight match,2026-07-31 19:52:33
31182,4:46 PM,4:45 PM,-1,Flight match,2026-07-31 19:52:33
17662,5:52 PM,5:19 PM,-33,Flight match,2026-07-31 19:52:33
27167,5:52 PM,5:19 PM,-33,Flight match,2026-07-31 19:52:33
30496,5:57 PM,6:01 PM,4,Flight match,2026-07-31 19:52:33
19392,5:59 PM,6:03 PM,4,Flight match,2026-07-31 19:52:33
27707,6:01 PM,5:29 PM,-32,Flight match,2026-07-31 19:52:33
29575,6:41 PM,6:19 PM,-22,Flight match,2026-07-31 19:52:33
29658,6:42 PM,6:12 PM,-30,Flight match,2026-07-31 19:52:33
27541,7:10 PM,7:15 PM,5,Flight match,2026-07-31 19:52:33
28508,1:37 PM,3:54 PM,137,Flight match,2026-07-31 20:31:43
27179,3:12 PM,3:15 PM,3,Flight match,2026-07-31 20:31:44
28262,3:12 PM,3:15 PM,3,Flight match,2026-07-31 20:31:44
23308,3:30 PM,3:32 PM,2,Flight match,2026-07-31 20:31:44
29122,4:13 PM,4:03 PM,-10,Flight match,2026-07-31 20:31:44
31739,4:13 PM,4:03 PM,-10,Flight match,2026-07-31 20:31:44
30776,4:30 PM,4:34 PM,4,Flight match,2026-07-31 20:31:44
31176,5:34 PM,5:31 PM,-3,Flight match,2026-07-31 20:31:44
25953,5:59 PM,6:11 PM,12,Flight match,2026-07-31 20:31:44
27828,7:17 PM,7:14 PM,-3,Flight match,2026-07-31 20:31:44
30327,7:17 PM,7:14 PM,-3,Flight match,2026-07-31 20:31:44
31756,7:18 PM,7:22 PM,4,Flight match,2026-07-31 20:31:44
29880,8:00 PM,7:41 PM,-19,Flight match,2026-07-31 20:31:44
28546,8:34 PM,8:33 PM,-1,Flight match,2026-07-31 20:31:44
30527,8:50 PM,8:35 PM,-15,Flight match,2026-07-31 20:31:44
29948,8:55 PM,8:37 PM,-18,Flight match,2026-07-31 20:31:44
25917,6:00 AM,5:41 AM,-19,Flight match,2026-07-31 21:40:05
29575,8:25 PM,6:19 PM,-126,Flight match,2026-07-31 21:40:12
30776,4:34 PM,4:50 PM,16,Flight match,2026-07-31 21:59:08
31176,5:31 PM,5:32 PM,1,Flight match,2026-07-31 21:59:08
25953,6:11 PM,6:06 PM,-5,Flight match,2026-07-31 21:59:08
27828,7:14 PM,7:26 PM,12,Flight match,2026-07-31 21:59:08
30327,7:14 PM,7:26 PM,12,Flight match,2026-07-31 21:59:09
31756,7:22 PM,7:47 PM,25,Flight match,2026-07-31 21:59:09
25907,7:40 PM,7:38 PM,-2,Flight match,2026-07-31 21:59:09
29880,7:41 PM,7:54 PM,13,Flight match,2026-07-31 21:59:09
28546,8:33 PM,8:35 PM,2,Flight match,2026-07-31 21:59:09
28326,10:15 PM,9:46 PM,-29,Flight match,2026-07-31 21:59:09
25953,6:06 PM,6:10 PM,4,Flight match,2026-07-31 22:28:25
28546,8:35 PM,8:39 PM,4,Flight match,2026-07-31 22:28:25
30527,8:35 PM,8:41 PM,6,Flight match,2026-07-31 22:28:25
29948,8:37 PM,8:27 PM,-10,Flight match,2026-07-31 22:28:25
29663,10:43 PM,9:59 PM,-44,Flight match,2026-07-31 22:28:25
27828,7:26 PM,7:25 PM,-1,Flight match,2026-07-31 22:44:44
30327,7:26 PM,7:25 PM,-1,Flight match,2026-07-31 22:44:44
25907,7:38 PM,7:36 PM,-2,Flight match,2026-07-31 22:44:44
29880,7:54 PM,8:00 PM,6,Flight match,2026-07-31 22:44:44
28546,8:39 PM,8:39 PM,0,Flight match,2026-07-31 22:44:44
30527,8:41 PM,8:42 PM,1,Flight match,2026-07-31 22:44:45
28326,8:25 AM,9:46 PM,801,Flight match,2026-07-31 22:44:55
25581,1:40 AM,2:13 AM,33,Flight match,2026-07-31 23:21:50
27828,7:25 PM,7:27 PM,2,Flight match,2026-07-31 23:31:55
30327,7:25 PM,7:27 PM,2,Flight match,2026-07-31 23:31:55
25907,7:36 PM,7:40 PM,4,Flight match,2026-07-31 23:31:55
29880,8:00 PM,7:59 PM,-1,Flight match,2026-07-31 23:31:55
29948,8:27 PM,8:28 PM,1,Flight match,2026-07-31 23:31:55
28546,8:39 PM,8:35 PM,-4,Flight match,2026-07-31 23:31:55
30527,8:42 PM,8:48 PM,6,Flight match,2026-07-31 23:31:55
31503,9:57 PM,10:04 PM,7,Flight match,2026-07-31 23:31:56
29575,8:25 PM,6:19 PM,-126,Flight match,2026-07-31 23:48:34
31756,7:47 PM,7:42 PM,-5,Flight match,2026-07-31 23:56:46
29880,7:59 PM,8:01 PM,2,Flight match,2026-07-31 23:56:46
29948,8:28 PM,8:29 PM,1,Flight match,2026-07-31 23:56:46
28546,8:35 PM,8:37 PM,2,Flight match,2026-07-31 23:56:46
30527,8:48 PM,8:44 PM,-4,Flight match,2026-07-31 23:56:46
29663,9:59 PM,9:51 PM,-8,Flight match,2026-07-31 23:56:46
31503,10:04 PM,9:45 PM,-19,Flight match,2026-07-31 23:56:46
25581,2:13 AM,1:50 AM,-23,Flight match,2026-08-01 01:43:10
29734,9:58 AM,10:27 AM,29,Flight match,2026-08-01 01:43:10
31620,9:58 AM,10:27 AM,29,Flight match,2026-08-01 01:43:10
31604,9:58 AM,10:27 AM,29,Flight match,2026-08-01 01:43:10
25474,10:48 AM,10:59 AM,11,Flight match,2026-08-01 01:43:10
31482,10:55 AM,11:22 AM,27,Flight match,2026-08-01 01:43:10
31781,12:03 PM,12:28 PM,25,Flight match,2026-08-01 01:43:10
30294,2:14 PM,2:30 PM,16,Flight match,2026-08-01 01:43:10
21064,4:00 PM,4:10 PM,10,Flight match,2026-08-01 01:43:10
30844,4:33 PM,4:34 PM,1,Flight match,2026-08-01 01:43:10
17662,5:19 PM,5:52 PM,33,Flight match,2026-08-01 01:43:10
27167,5:19 PM,5:52 PM,33,Flight match,2026-08-01 01:43:10
19392,6:03 PM,5:59 PM,-4,Flight match,2026-08-01 01:43:10
29658,6:12 PM,6:42 PM,30,Flight match,2026-08-01 01:43:10
29575,6:19 PM,8:22 PM,123,Flight match,2026-08-01 01:43:10
31891,6:30 PM,5:54 PM,-36,Flight match,2026-08-01 01:43:10
30750,7:00 PM,6:57 PM,-3,Flight match,2026-08-01 01:43:10
25818,7:03 PM,7:00 PM,-3,Flight match,2026-08-01 01:43:10
27541,7:15 PM,7:10 PM,-5,Flight match,2026-08-01 01:43:10
30765,8:48 PM,8:51 PM,3,Flight match,2026-08-01 01:43:10
24847,8:49 PM,8:38 PM,-11,Flight match,2026-08-01 01:43:11
28326,9:46 PM,8:12 AM,-814,Flight match,2026-08-01 01:43:11
29574,10:36 PM,10:39 PM,3,Flight match,2026-08-01 01:43:11
25581,1:50 AM,2:08 AM,18,Flight match,2026-08-01 08:06:39
31313,6:15 AM,6:25 AM,10,Flight match,2026-08-01 08:06:39
22419,7:18 AM,7:18 AM,0,Flight match,2026-08-01 08:06:39
29984,7:43 AM,7:42 AM,-1,Flight match,2026-08-01 08:06:39
28326,8:12 AM,8:14 AM,2,Flight match,2026-08-01 08:06:39
31252,9:38 AM,9:39 AM,1,Flight match,2026-08-01 08:06:39
29734,10:27 AM,10:28 AM,1,Flight match,2026-08-01 08:06:39
31620,10:27 AM,10:28 AM,1,Flight match,2026-08-01 08:06:39
31604,10:27 AM,10:28 AM,1,Flight match,2026-08-01 08:06:39
30655,10:54 AM,10:51 AM,-3,Flight match,2026-08-01 08:06:39
26572,11:11 AM,11:08 AM,-3,Flight match,2026-08-01 08:06:39
26951,11:18 AM,11:43 AM,25,Flight match,2026-08-01 08:06:39
21757,12:47 PM,1:08 PM,21,Flight match,2026-08-01 08:06:39
25029,12:57 PM,1:20 PM,23,Flight match,2026-08-01 08:06:39
28084,1:54 PM,2:14 PM,20,Flight match,2026-08-01 08:06:39
31907,3:10 PM,2:57 PM,-13,Flight match,2026-08-01 08:06:39
21064,4:10 PM,3:56 PM,-14,Flight match,2026-08-01 08:06:39
31313,6:25 AM,6:22 AM,-3,Flight match,2026-08-01 10:51:47
30709,6:56 AM,6:52 AM,-4,Flight match,2026-08-01 10:51:47
29984,7:42 AM,7:38 AM,-4,Flight match,2026-08-01 10:51:47
28326,8:14 AM,8:08 AM,-6,Flight match,2026-08-01 10:51:47
27652,9:10 AM,9:08 AM,-2,Flight match,2026-08-01 10:51:47
26869,9:34 AM,9:43 AM,9,Flight match,2026-08-01 10:51:47
31252,9:39 AM,9:17 AM,-22,Flight match,2026-08-01 10:51:47
21907,9:44 AM,9:43 AM,-1,Flight match,2026-08-01 10:51:47
28921,9:49 AM,9:46 AM,-3,Flight match,2026-08-01 10:51:47
26491,10:07 AM,9:53 AM,-14,Flight match,2026-08-01 10:51:47
28307,10:16 AM,10:18 AM,2,Flight match,2026-08-01 10:51:47
30611,10:24 AM,10:24 AM,0,Flight match,2026-08-01 10:51:47
31620,10:28 AM,10:09 AM,-19,Flight match,2026-08-01 10:51:48
31604,10:28 AM,10:09 AM,-19,Flight match,2026-08-01 10:51:48
29734,10:28 AM,10:09 AM,-19,Flight match,2026-08-01 10:51:48
31468,10:34 AM,10:16 AM,-18,Flight match,2026-08-01 10:51:48
20956,10:35 AM,10:37 AM,2,Flight match,2026-08-01 10:51:48
23959,10:40 AM,10:43 AM,3,Flight match,2026-08-01 10:51:48
30655,10:51 AM,10:44 AM,-7,Flight match,2026-08-01 10:51:48
31476,10:56 AM,11:23 AM,27,Flight match,2026-08-01 10:51:48
25553,10:58 AM,11:15 AM,17,Flight match,2026-08-01 10:51:48
25474,10:59 AM,10:48 AM,-11,Flight match,2026-08-01 10:51:48
26572,11:08 AM,10:52 AM,-16,Flight match,2026-08-01 10:51:48
22433,11:09 AM,12:42 PM,93,Flight match,2026-08-01 10:51:48
25081,11:17 AM,11:28 AM,11,Flight match,2026-08-01 10:51:48
30352,11:18 AM,11:17 AM,-1,Flight match,2026-08-01 10:51:48
31482,11:22 AM,10:55 AM,-27,Flight match,2026-08-01 10:51:48
26416,11:31 AM,11:50 AM,19,Flight match,2026-08-01 10:51:48
27938,11:44 AM,11:27 AM,-17,Flight match,2026-08-01 10:51:48
10683,12:06 PM,12:30 PM,24,Flight match,2026-08-01 10:51:48
27004,12:12 PM,12:25 PM,13,Flight match,2026-08-01 10:51:48
31545,12:12 PM,12:25 PM,13,Flight match,2026-08-01 10:51:48
29404,12:21 PM,12:30 PM,9,Flight match,2026-08-01 10:51:48
31781,12:28 PM,12:03 PM,-25,Flight match,2026-08-01 10:51:48
25366,12:55 PM,1:10 PM,15,Flight match,2026-08-01 10:51:48
17522,12:55 PM,1:10 PM,15,Flight match,2026-08-01 10:51:49
21757,1:08 PM,12:47 PM,-21,Flight match,2026-08-01 10:51:49
25029,1:20 PM,1:19 PM,-1,Flight match,2026-08-01 10:51:49
30507,1:28 PM,1:47 PM,19,Flight match,2026-08-01 10:51:49
24849,1:45 PM,2:10 PM,25,Flight match,2026-08-01 10:51:49
30294,2:30 PM,2:20 PM,-10,Flight match,2026-08-01 10:51:49
31907,2:57 PM,3:10 PM,13,Flight match,2026-08-01 10:51:49
28512,3:01 PM,2:58 PM,-3,Flight match,2026-08-01 10:51:49
28870,3:22 PM,3:40 PM,18,Flight match,2026-08-01 10:51:49
31555,4:15 PM,4:40 PM,25,Flight match,2026-08-01 10:51:49
26816,4:24 PM,4:45 PM,21,Flight match,2026-08-01 10:51:49
30844,4:34 PM,4:33 PM,-1,Flight match,2026-08-01 10:51:49
31898,5:00 PM,4:55 PM,-5,Flight match,2026-08-01 10:51:49
31891,5:54 PM,6:15 PM,21,Flight match,2026-08-01 10:51:49
24847,8:38 PM,8:49 PM,11,Flight match,2026-08-01 10:51:49
30709,6:52 AM,6:50 AM,-2,Flight match,2026-08-01 11:21:37
29984,7:38 AM,7:32 AM,-6,Flight match,2026-08-01 11:21:37
28326,8:08 AM,8:11 AM,3,Flight match,2026-08-01 11:21:37
31252,9:17 AM,9:26 AM,9,Flight match,2026-08-01 11:21:37
26869,9:43 AM,9:36 AM,-7,Flight match,2026-08-01 11:21:37
21907,9:43 AM,10:12 AM,29,Flight match,2026-08-01 11:21:37
28921,9:46 AM,9:39 AM,-7,Flight match,2026-08-01 11:21:37
28307,10:18 AM,10:16 AM,-2,Flight match,2026-08-01 11:21:37
29351,10:49 AM,10:51 AM,2,Flight match,2026-08-01 11:21:37
31476,11:23 AM,11:43 AM,20,Flight match,2026-08-01 11:21:37
26416,11:50 AM,11:35 AM,-15,Flight match,2026-08-01 11:21:37
30507,1:47 PM,1:44 PM,-3,Flight match,2026-08-01 11:21:37
24849,2:10 PM,3:55 PM,105,Flight match,2026-08-01 11:21:37
28512,2:58 PM,3:01 PM,3,Flight match,2026-08-01 11:21:37
30844,4:33 PM,4:34 PM,1,Flight match,2026-08-01 11:21:37
30765,8:51 PM,8:48 PM,-3,Flight match,2026-08-01 11:21:37
31671,12:07 AM,11:53 PM,1426,Flight match,2026-08-01 11:22:25
25917,5:41 AM,5:44 AM,3,Flight match,2026-08-01 11:22:25
24943,7:20 AM,7:17 AM,-3,Flight match,2026-08-01 11:22:25
26246,7:43 AM,7:28 AM,-15,Flight match,2026-08-01 11:22:25
28427,8:45 AM,8:43 AM,-2,Flight match,2026-08-01 11:22:25
23190,8:55 AM,8:52 AM,-3,Flight match,2026-08-01 11:22:25
31792,8:56 AM,8:26 AM,-30,Flight match,2026-08-01 11:22:25
27663,9:44 AM,9:41 AM,-3,Flight match,2026-08-01 11:22:25
23239,9:44 AM,9:41 AM,-3,Flight match,2026-08-01 11:22:25
29616,9:44 AM,9:41 AM,-3,Flight match,2026-08-01 11:22:25
31764,10:30 AM,10:26 AM,-4,Flight match,2026-08-01 11:22:25
31002,12:27 PM,11:10 AM,-77,Flight match,2026-08-01 11:22:25
30740,12:58 PM,1:08 PM,10,Flight match,2026-08-01 11:22:25
31760,1:07 PM,1:47 PM,40,Flight match,2026-08-01 11:22:25
27120,4:10 PM,4:03 PM,-7,Flight match,2026-08-01 11:22:25
31915,4:25 PM,3:55 PM,-30,Flight match,2026-08-01 11:22:25
22419,7:18 AM,7:16 AM,-2,Flight match,2026-08-01 11:30:07
29984,7:32 AM,7:37 AM,5,Flight match,2026-08-01 11:30:07
28921,9:39 AM,9:40 AM,1,Flight match,2026-08-01 11:30:07
26491,9:53 AM,9:58 AM,5,Flight match,2026-08-01 11:30:07
30611,10:24 AM,10:22 AM,-2,Flight match,2026-08-01 11:30:07
29351,10:51 AM,10:48 AM,-3,Flight match,2026-08-01 11:30:07
25553,11:15 AM,11:14 AM,-1,Flight match,2026-08-01 11:30:07
31476,11:43 AM,11:50 AM,7,Flight match,2026-08-01 11:30:07
27869,12:59 PM,1:03 PM,4,Flight match,2026-08-01 11:30:07
25029,1:19 PM,1:20 PM,1,Flight match,2026-08-01 11:30:07
28084,2:14 PM,1:54 PM,-20,Flight match,2026-08-01 11:30:07
25210,4:08 PM,4:04 PM,-4,Flight match,2026-08-01 11:30:08
27652,9:08 AM,8:59 AM,-9,Flight match,2026-08-01 11:57:28
31252,9:26 AM,9:21 AM,-5,Flight match,2026-08-01 11:57:28
26869,9:36 AM,9:33 AM,-3,Flight match,2026-08-01 11:57:28
26491,9:58 AM,10:06 AM,8,Flight match,2026-08-01 11:57:28
31604,10:09 AM,10:06 AM,-3,Flight match,2026-08-01 11:57:28
31620,10:09 AM,10:06 AM,-3,Flight match,2026-08-01 11:57:28
29734,10:09 AM,10:06 AM,-3,Flight match,2026-08-01 11:57:28
21907,10:12 AM,10:06 AM,-6,Flight match,2026-08-01 11:57:28
28307,10:16 AM,10:07 AM,-9,Flight match,2026-08-01 11:57:28
31468,10:16 AM,10:08 AM,-8,Flight match,2026-08-01 11:57:28
30611,10:22 AM,10:24 AM,2,Flight match,2026-08-01 11:57:28
30655,10:44 AM,10:38 AM,-6,Flight match,2026-08-01 11:57:28
21839,11:25 AM,11:10 AM,-15,Flight match,2026-08-01 11:57:28
26951,11:43 AM,11:37 AM,-6,Flight match,2026-08-01 11:57:28
31476,11:50 AM,11:54 AM,4,Flight match,2026-08-01 11:57:28
28421,12:13 PM,12:07 PM,-6,Flight match,2026-08-01 11:57:28
29461,12:13 PM,12:07 PM,-6,Flight match,2026-08-01 11:57:28
10683,12:30 PM,12:20 PM,-10,Flight match,2026-08-01 11:57:28
31203,12:45 PM,1:00 PM,15,Flight match,2026-08-01 11:57:28
30507,1:44 PM,1:47 PM,3,Flight match,2026-08-01 11:57:28
28084,1:54 PM,2:14 PM,20,Flight match,2026-08-01 11:57:28
29984,7:37 AM,7:34 AM,-3,Flight match,2026-08-01 12:02:01
28326,8:11 AM,8:10 AM,-1,Flight match,2026-08-01 12:02:01
27652,8:59 AM,8:59 AM,0,Flight match,2026-08-01 12:02:01
26869,9:33 AM,9:38 AM,5,Flight match,2026-08-01 12:02:01
28307,10:07 AM,10:05 AM,-2,Flight match,2026-08-01 12:02:01
31468,10:08 AM,10:23 AM,15,Flight match,2026-08-01 12:02:01
23959,10:43 AM,10:42 AM,-1,Flight match,2026-08-01 12:02:01
27938,11:27 AM,11:21 AM,-6,Flight match,2026-08-01 12:02:02
25081,11:28 AM,11:19 AM,-9,Flight match,2026-08-01 12:02:02
31476,11:54 AM,11:57 AM,3,Flight match,2026-08-01 12:02:02
10683,12:20 PM,12:29 PM,9,Flight match,2026-08-01 12:02:02
30507,1:47 PM,1:44 PM,-3,Flight match,2026-08-01 12:02:02
28084,2:14 PM,1:54 PM,-20,Flight match,2026-08-01 12:02:02
28326,8:10 AM,8:10 AM,0,Flight match,2026-08-01 12:13:11
27652,8:59 AM,9:01 AM,2,Flight match,2026-08-01 12:13:11
28921,9:40 AM,9:39 AM,-1,Flight match,2026-08-01 12:13:11
26491,10:06 AM,10:01 AM,-5,Flight match,2026-08-01 12:13:11
29734,10:06 AM,10:09 AM,3,Flight match,2026-08-01 12:13:11
31604,10:06 AM,10:09 AM,3,Flight match,2026-08-01 12:13:11
31620,10:06 AM,10:09 AM,3,Flight match,2026-08-01 12:13:11
31468,10:23 AM,10:21 AM,-2,Flight match,2026-08-01 12:13:11
30611,10:24 AM,10:23 AM,-1,Flight match,2026-08-01 12:13:11
23959,10:42 AM,10:43 AM,1,Flight match,2026-08-01 12:13:11
29351,10:48 AM,10:46 AM,-2,Flight match,2026-08-01 12:13:11
25081,11:19 AM,11:28 AM,9,Flight match,2026-08-01 12:13:32
27938,11:21 AM,11:36 AM,15,Flight match,2026-08-01 12:13:32
26665,11:54 AM,12:28 PM,34,Flight match,2026-08-01 12:13:33
31476,11:57 AM,12:04 PM,7,Flight match,2026-08-01 12:13:33
27004,12:25 PM,12:16 PM,-9,Flight match,2026-08-01 12:13:33
31545,12:25 PM,12:16 PM,-9,Flight match,2026-08-01 12:13:33
10683,12:29 PM,12:32 PM,3,Flight match,2026-08-01 12:13:33
29404,12:30 PM,12:23 PM,-7,Flight match,2026-08-01 12:13:33
31203,1:00 PM,12:59 PM,-1,Flight match,2026-08-01 12:13:33
28084,1:54 PM,2:25 PM,31,Flight match,2026-08-01 12:13:33
18725,3:07 PM,3:03 PM,-4,Flight match,2026-08-01 12:13:33
30447,3:07 PM,3:03 PM,-4,Flight match,2026-08-01 12:13:33
21064,3:56 PM,3:43 PM,-13,Flight match,2026-08-01 12:13:33
25210,4:04 PM,4:08 PM,4,Flight match,2026-08-01 12:13:33
30765,8:48 PM,8:51 PM,3,Flight match,2026-08-01 12:13:33
28326,8:10 AM,8:16 AM,6,Flight match,2026-08-01 12:18:51
31620,10:09 AM,10:12 AM,3,Flight match,2026-08-01 12:18:51
31604,10:09 AM,10:12 AM,3,Flight match,2026-08-01 12:18:51
29734,10:09 AM,10:12 AM,3,Flight match,2026-08-01 12:18:51
30611,10:23 AM,10:19 AM,-4,Flight match,2026-08-01 12:18:51
30655,10:38 AM,10:32 AM,-6,Flight match,2026-08-01 12:18:51
30352,11:17 AM,11:05 AM,-12,Flight match,2026-08-01 12:18:51
25081,11:28 AM,11:23 AM,-5,Flight match,2026-08-01 12:18:51
27938,11:36 AM,11:24 AM,-12,Flight match,2026-08-01 12:18:51
31781,12:03 PM,12:17 PM,14,Flight match,2026-08-01 12:18:51
31476,12:04 PM,12:07 PM,3,Flight match,2026-08-01 12:18:51
26665,12:28 PM,12:25 PM,-3,Flight match,2026-08-01 12:18:51
10683,12:32 PM,12:20 PM,-12,Flight match,2026-08-01 12:18:52
21757,12:47 PM,1:07 PM,20,Flight match,2026-08-01 12:18:52
18725,3:03 PM,3:07 PM,4,Flight match,2026-08-01 12:18:52
30447,3:03 PM,3:07 PM,4,Flight match,2026-08-01 12:18:52
25210,4:08 PM,4:04 PM,-4,Flight match,2026-08-01 12:18:52
31898,4:55 PM,5:08 PM,13,Flight match,2026-08-01 12:18:52
28326,8:16 AM,8:26 AM,10,Flight match,2026-08-01 12:33:12
28921,9:39 AM,9:36 AM,-3,Flight match,2026-08-01 12:33:12
21907,10:06 AM,10:00 AM,-6,Flight match,2026-08-01 12:33:12
30611,10:19 AM,10:16 AM,-3,Flight match,2026-08-01 12:33:13
30655,10:32 AM,10:28 AM,-4,Flight match,2026-08-01 12:33:13
20956,10:37 AM,10:34 AM,-3,Flight match,2026-08-01 12:33:13
31482,10:55 AM,10:54 AM,-1,Flight match,2026-08-01 12:33:13
21839,11:10 AM,11:21 AM,11,Flight match,2026-08-01 12:33:13
25081,11:23 AM,11:20 AM,-3,Flight match,2026-08-01 12:33:13
26416,11:35 AM,11:36 AM,1,Flight match,2026-08-01 12:33:13
26951,11:37 AM,11:38 AM,1,Flight match,2026-08-01 12:33:13
31476,12:07 PM,12:00 PM,-7,Flight match,2026-08-01 12:33:13
10683,12:20 PM,12:33 PM,13,Flight match,2026-08-01 12:33:13
26665,12:25 PM,1:25 PM,60,Flight match,2026-08-01 12:33:13
31203,12:59 PM,1:00 PM,1,Flight match,2026-08-01 12:33:13
27869,1:03 PM,12:59 PM,-4,Flight match,2026-08-01 12:33:13
31252,9:21 AM,9:18 AM,-3,Flight match,2026-08-01 12:55:10
27652,9:01 AM,8:59 AM,-2,Flight match,2026-08-01 12:58:26
28921,9:36 AM,9:37 AM,1,Flight match,2026-08-01 12:58:26
26869,9:38 AM,9:39 AM,1,Flight match,2026-08-01 12:58:26
20956,10:34 AM,10:39 AM,5,Flight match,2026-08-01 12:58:26
23959,10:43 AM,10:45 AM,2,Flight match,2026-08-01 12:58:26
29351,10:46 AM,10:43 AM,-3,Flight match,2026-08-01 12:58:26
25474,10:48 AM,10:53 AM,5,Flight match,2026-08-01 12:58:26
26572,10:52 AM,10:42 AM,-10,Flight match,2026-08-01 12:58:26
31482,10:54 AM,10:51 AM,-3,Flight match,2026-08-01 12:58:27
30352,11:05 AM,11:20 AM,15,Flight match,2026-08-01 12:58:27
25081,11:20 AM,11:26 AM,6,Flight match,2026-08-01 12:58:27
26416,11:36 AM,11:40 AM,4,Flight match,2026-08-01 12:58:27
26951,11:38 AM,11:33 AM,-5,Flight match,2026-08-01 12:58:27
31476,12:00 PM,12:45 PM,45,Flight match,2026-08-01 12:58:27
29461,12:07 PM,12:00 PM,-7,Flight match,2026-08-01 12:58:27
28421,12:07 PM,12:00 PM,-7,Flight match,2026-08-01 12:58:27
10683,12:33 PM,12:45 PM,12,Flight match,2026-08-01 12:58:27
22433,12:42 PM,12:35 PM,-7,Flight match,2026-08-01 12:58:27
27869,12:59 PM,1:03 PM,4,Flight match,2026-08-01 12:58:27
31203,1:00 PM,12:59 PM,-1,Flight match,2026-08-01 12:58:27
21064,3:43 PM,3:34 PM,-9,Flight match,2026-08-01 12:58:27
24849,3:55 PM,3:00 PM,-55,Flight match,2026-08-01 12:58:27
31898,5:08 PM,5:48 PM,40,Flight match,2026-08-01 12:58:27
17662,5:52 PM,5:19 PM,-33,Flight match,2026-08-01 12:58:27
27167,5:52 PM,5:19 PM,-33,Flight match,2026-08-01 12:58:27
29574,10:39 PM,10:36 PM,-3,Flight match,2026-08-01 12:58:27
23959,10:45 AM,10:45 AM,0,Flight match,2026-08-01 13:09:21
30352,11:20 AM,11:07 AM,-13,Flight match,2026-08-01 13:09:21
21839,11:21 AM,11:22 AM,1,Flight match,2026-08-01 13:09:21
31781,12:17 PM,12:17 PM,0,Flight match,2026-08-01 13:09:21
22433,12:35 PM,12:20 PM,-15,Flight match,2026-08-01 13:09:21
10683,12:45 PM,12:55 PM,10,Flight match,2026-08-01 13:09:21
31476,12:45 PM,12:48 PM,3,Flight match,2026-08-01 13:09:21
31203,12:59 PM,12:49 PM,-10,Flight match,2026-08-01 13:09:21
27869,1:03 PM,12:53 PM,-10,Flight match,2026-08-01 13:09:22
25366,1:10 PM,1:04 PM,-6,Flight match,2026-08-01 13:09:22
17522,1:10 PM,1:04 PM,-6,Flight match,2026-08-01 13:09:22
25029,1:20 PM,1:04 PM,-16,Flight match,2026-08-01 13:09:22
26665,1:25 PM,2:24 PM,59,Flight match,2026-08-01 13:09:22
24849,3:00 PM,2:56 PM,-4,Flight match,2026-08-01 13:09:22
29441,5:12 PM,5:16 PM,4,Flight match,2026-08-01 13:09:22
30496,6:01 PM,5:57 PM,-4,Flight match,2026-08-01 13:09:22
29574,10:36 PM,10:39 PM,3,Flight match,2026-08-01 13:09:22
28921,9:37 AM,9:34 AM,-3,Flight match,2026-08-01 13:24:26
26869,9:39 AM,9:42 AM,3,Flight match,2026-08-01 13:24:26
26491,10:01 AM,9:57 AM,-4,Flight match,2026-08-01 13:24:26
28307,10:05 AM,10:05 AM,0,Flight match,2026-08-01 13:24:26
29734,10:12 AM,10:08 AM,-4,Flight match,2026-08-01 13:24:26
31620,10:12 AM,10:08 AM,-4,Flight match,2026-08-01 13:24:26
31604,10:12 AM,10:08 AM,-4,Flight match,2026-08-01 13:24:26
20956,10:39 AM,10:53 AM,14,Flight match,2026-08-01 13:24:26
29351,10:43 AM,10:48 AM,5,Flight match,2026-08-01 13:24:26
23959,10:45 AM,10:46 AM,1,Flight match,2026-08-01 13:24:26
31482,10:51 AM,10:45 AM,-6,Flight match,2026-08-01 13:24:26
25553,11:14 AM,11:16 AM,2,Flight match,2026-08-01 13:24:26
21839,11:22 AM,11:14 AM,-8,Flight match,2026-08-01 13:24:26
25081,11:26 AM,11:31 AM,5,Flight match,2026-08-01 13:24:26
26951,11:33 AM,11:27 AM,-6,Flight match,2026-08-01 13:24:27
28421,12:00 PM,11:56 AM,-4,Flight match,2026-08-01 13:24:27
29461,12:00 PM,11:56 AM,-4,Flight match,2026-08-01 13:24:27
22433,12:20 PM,12:32 PM,12,Flight match,2026-08-01 13:24:27
31476,12:48 PM,2:44 PM,116,Flight match,2026-08-01 13:24:27
10683,12:55 PM,1:08 PM,13,Flight match,2026-08-01 13:24:27
25366,1:04 PM,1:08 PM,4,Flight match,2026-08-01 13:24:27
17522,1:04 PM,1:08 PM,4,Flight match,2026-08-01 13:24:27
25029,1:04 PM,1:20 PM,16,Flight match,2026-08-01 13:24:28
21757,1:07 PM,1:04 PM,-3,Flight match,2026-08-01 13:24:28
24849,2:56 PM,2:57 PM,1,Flight match,2026-08-01 13:24:28
28512,3:01 PM,2:58 PM,-3,Flight match,2026-08-01 13:24:28
29441,5:16 PM,5:12 PM,-4,Flight match,2026-08-01 13:24:28
30765,8:51 PM,8:48 PM,-3,Flight match,2026-08-01 13:24:28
31468,10:21 AM,10:16 AM,-5,Flight match,2026-08-01 13:31:36
24849,2:57 PM,3:02 PM,5,Flight match,2026-08-01 13:31:36
28921,9:34 AM,9:37 AM,3,Flight match,2026-08-01 13:41:59
26869,9:42 AM,9:43 AM,1,Flight match,2026-08-01 13:42:00
29734,10:08 AM,10:06 AM,-2,Flight match,2026-08-01 13:42:00
31604,10:08 AM,10:11 AM,3,Flight match,2026-08-01 13:42:00
31620,10:08 AM,10:06 AM,-2,Flight match,2026-08-01 13:42:00
30611,10:16 AM,10:17 AM,1,Flight match,2026-08-01 13:42:00
20956,10:53 AM,10:54 AM,1,Flight match,2026-08-01 13:42:00
25474,10:53 AM,11:02 AM,9,Flight match,2026-08-01 13:42:00
21839,11:14 AM,11:00 AM,-14,Flight match,2026-08-01 13:42:00
25553,11:16 AM,11:13 AM,-3,Flight match,2026-08-01 13:42:00
26951,11:27 AM,11:24 AM,-3,Flight match,2026-08-01 13:42:00
31545,12:16 PM,12:15 PM,-1,Flight match,2026-08-01 13:42:00
27004,12:16 PM,12:15 PM,-1,Flight match,2026-08-01 13:42:00
31203,12:49 PM,12:50 PM,1,Flight match,2026-08-01 13:42:00
10683,1:08 PM,3:05 PM,117,Flight match,2026-08-01 13:42:00
17522,1:08 PM,1:45 PM,37,Flight match,2026-08-01 13:42:00
25366,1:08 PM,1:45 PM,37,Flight match,2026-08-01 13:42:00
30507,1:44 PM,1:47 PM,3,Flight match,2026-08-01 13:42:00
26665,2:24 PM,3:17 PM,53,Flight match,2026-08-01 13:42:00
29351,2:34 PM,10:48 AM,-226,Flight match,2026-08-01 13:42:00
28512,2:58 PM,3:01 PM,3,Flight match,2026-08-01 13:42:00
20702,3:40 PM,3:41 PM,1,Flight match,2026-08-01 13:42:00
28870,3:40 PM,3:21 PM,-19,Flight match,2026-08-01 13:42:00
29441,5:12 PM,5:16 PM,4,Flight match,2026-08-01 13:42:00
30496,5:57 PM,6:01 PM,4,Flight match,2026-08-01 13:42:01
31252,9:18 AM,9:14 AM,-4,Flight match,2026-08-01 13:44:01
29734,10:06 AM,10:11 AM,5,Flight match,2026-08-01 13:44:01
31620,10:06 AM,10:11 AM,5,Flight match,2026-08-01 13:44:01
30655,10:28 AM,10:25 AM,-3,Flight match,2026-08-01 13:44:01
20956,10:54 AM,10:49 AM,-5,Flight match,2026-08-01 13:44:01
27938,11:24 AM,11:18 AM,-6,Flight match,2026-08-01 13:44:01
26416,11:40 AM,11:45 AM,5,Flight match,2026-08-01 13:44:01
31545,12:15 PM,12:16 PM,1,Flight match,2026-08-01 13:44:01
27004,12:15 PM,12:16 PM,1,Flight match,2026-08-01 13:44:01
31781,12:17 PM,12:19 PM,2,Flight match,2026-08-01 13:44:01
31203,12:50 PM,12:59 PM,9,Flight match,2026-08-01 13:44:01
25366,1:45 PM,1:27 PM,-18,Flight match,2026-08-01 13:44:01
17522,1:45 PM,1:27 PM,-18,Flight match,2026-08-01 13:44:01
24849,3:02 PM,3:13 PM,11,Flight match,2026-08-01 13:44:01
24055,3:54 PM,3:58 PM,4,Flight match,2026-08-01 13:44:02
31898,5:48 PM,5:53 PM,5,Flight match,2026-08-01 13:44:02
29574,10:39 PM,10:36 PM,-3,Flight match,2026-08-01 13:44:02
26246,7:28 AM,7:43 AM,15,Flight match,2026-08-01 13:44:54
15443,9:13 AM,9:10 AM,-3,Flight match,2026-08-01 13:44:54
29313,9:13 AM,9:10 AM,-3,Flight match,2026-08-01 13:44:54
31302,10:14 AM,10:11 AM,-3,Flight match,2026-08-01 13:44:54
31764,10:26 AM,10:27 AM,1,Flight match,2026-08-01 13:44:54
23832,10:48 AM,10:45 AM,-3,Flight match,2026-08-01 13:44:54
22952,10:48 AM,10:45 AM,-3,Flight match,2026-08-01 13:44:54
24050,10:49 AM,10:29 AM,-20,Flight match,2026-08-01 13:44:54
26996,10:51 AM,10:54 AM,3,Flight match,2026-08-01 13:44:54
31428,10:55 AM,10:48 AM,-7,Flight match,2026-08-01 13:44:54
31002,11:10 AM,12:15 PM,65,Flight match,2026-08-01 13:44:54
28071,11:12 AM,11:09 AM,-3,Flight match,2026-08-01 13:44:54
27658,11:35 AM,11:28 AM,-7,Flight match,2026-08-01 13:44:54
29073,11:44 AM,11:47 AM,3,Flight match,2026-08-01 13:44:54
30732,12:02 PM,11:56 AM,-6,Flight match,2026-08-01 13:44:55
15524,12:22 PM,12:15 PM,-7,Flight match,2026-08-01 13:44:55
26869,9:43 AM,9:46 AM,3,Flight match,2026-08-01 13:54:03
28307,10:05 AM,10:06 AM,1,Flight match,2026-08-01 13:54:03
31468,10:16 AM,10:20 AM,4,Flight match,2026-08-01 13:54:03
23959,10:46 AM,10:48 AM,2,Flight match,2026-08-01 13:54:03
21839,11:00 AM,11:01 AM,1,Flight match,2026-08-01 13:54:04
25474,11:02 AM,10:58 AM,-4,Flight match,2026-08-01 13:54:04
26416,11:45 AM,11:51 AM,6,Flight match,2026-08-01 13:54:04
21757,1:04 PM,12:59 PM,-5,Flight match,2026-08-01 13:54:04
31476,2:44 PM,2:46 PM,2,Flight match,2026-08-01 13:54:04
26665,3:17 PM,3:43 PM,26,Flight match,2026-08-01 13:54:04
17662,5:19 PM,5:52 PM,33,Flight match,2026-08-01 13:54:04
27167,5:19 PM,5:52 PM,33,Flight match,2026-08-01 13:54:04
21839,11:01 AM,11:00 AM,-1,Flight match,2026-08-01 13:56:33
31781,12:19 PM,12:12 PM,-7,Flight match,2026-08-01 13:56:33
22433,12:32 PM,12:24 PM,-8,Flight match,2026-08-01 13:56:33
25366,1:27 PM,1:23 PM,-4,Flight match,2026-08-01 13:56:33
17522,1:27 PM,1:23 PM,-4,Flight match,2026-08-01 13:56:33
30507,1:47 PM,1:46 PM,-1,Flight match,2026-08-01 13:56:33
31476,2:46 PM,2:47 PM,1,Flight match,2026-08-01 13:56:33
10683,3:05 PM,3:10 PM,5,Flight match,2026-08-01 13:56:33
29574,10:36 PM,10:39 PM,3,Flight match,2026-08-01 13:56:33
25081,11:31 AM,11:26 AM,-5,Flight match,2026-08-01 14:07:04
27004,12:16 PM,12:13 PM,-3,Flight match,2026-08-01 14:07:04
31545,12:16 PM,12:13 PM,-3,Flight match,2026-08-01 14:07:04
29404,12:23 PM,12:20 PM,-3,Flight match,2026-08-01 14:07:04
28084,2:25 PM,2:05 PM,-20,Flight match,2026-08-01 14:07:04
10683,3:10 PM,3:21 PM,11,Flight match,2026-08-01 14:07:04
25210,4:04 PM,4:08 PM,4,Flight match,2026-08-01 14:07:04
29441,5:16 PM,5:01 PM,-15,Flight match,2026-08-01 14:07:04
31468,10:20 AM,10:25 AM,5,Flight match,2026-08-01 14:17:03
20084,10:34 AM,10:37 AM,3,Flight match,2026-08-01 14:18:16
24130,12:05 PM,11:51 AM,-14,Flight match,2026-08-01 14:18:16
28203,12:34 PM,12:20 PM,-14,Flight match,2026-08-01 14:18:16
30351,12:38 PM,12:30 PM,-8,Flight match,2026-08-01 14:18:16
28921,9:37 AM,9:38 AM,1,Flight match,2026-08-01 14:27:26
26491,9:57 AM,9:53 AM,-4,Flight match,2026-08-01 14:27:26
21907,10:00 AM,9:59 AM,-1,Flight match,2026-08-01 14:27:26
28307,10:06 AM,10:18 AM,12,Flight match,2026-08-01 14:27:26
31620,10:11 AM,10:06 AM,-5,Flight match,2026-08-01 14:27:26
29734,10:11 AM,10:06 AM,-5,Flight match,2026-08-01 14:27:26
31604,10:11 AM,10:06 AM,-5,Flight match,2026-08-01 14:27:26
30611,10:17 AM,10:23 AM,6,Flight match,2026-08-01 14:27:26
30655,10:25 AM,10:27 AM,2,Flight match,2026-08-01 14:27:26
31468,10:25 AM,10:23 AM,-2,Flight match,2026-08-01 14:27:26
26572,10:42 AM,10:39 AM,-3,Flight match,2026-08-01 14:27:26
23959,10:48 AM,10:48 AM,0,Flight match,2026-08-01 14:27:26
25553,11:13 AM,11:06 AM,-7,Flight match,2026-08-01 14:27:26
26416,11:51 AM,11:52 AM,1,Flight match,2026-08-01 14:27:26
29461,11:56 AM,11:48 AM,-8,Flight match,2026-08-01 14:27:26
28421,11:56 AM,11:48 AM,-8,Flight match,2026-08-01 14:27:26
31545,12:13 PM,12:09 PM,-4,Flight match,2026-08-01 14:27:26
27004,12:13 PM,12:09 PM,-4,Flight match,2026-08-01 14:27:27
22433,12:24 PM,12:22 PM,-2,Flight match,2026-08-01 14:27:27
17522,1:23 PM,1:03 PM,-20,Flight match,2026-08-01 14:27:27
25366,1:23 PM,1:03 PM,-20,Flight match,2026-08-01 14:27:27
10683,3:21 PM,3:26 PM,5,Flight match,2026-08-01 14:27:27
28870,3:21 PM,3:44 PM,23,Flight match,2026-08-01 14:27:27
31555,4:40 PM,4:22 PM,-18,Flight match,2026-08-01 14:27:27
31898,5:53 PM,6:02 PM,9,Flight match,2026-08-01 14:27:27
30765,8:48 PM,8:51 PM,3,Flight match,2026-08-01 14:27:27
28307,10:18 AM,10:14 AM,-4,Flight match,2026-08-01 14:41:57
31468,10:23 AM,10:21 AM,-2,Flight match,2026-08-01 14:41:57
30611,10:23 AM,10:21 AM,-2,Flight match,2026-08-01 14:41:57
26572,10:39 AM,10:37 AM,-2,Flight match,2026-08-01 14:41:57
21839,11:00 AM,11:00 AM,0,Flight match,2026-08-01 14:41:57
25081,11:26 AM,11:22 AM,-4,Flight match,2026-08-01 14:41:57
29461,11:48 AM,11:47 AM,-1,Flight match,2026-08-01 14:41:57
28421,11:48 AM,11:47 AM,-1,Flight match,2026-08-01 14:41:57
29404,12:20 PM,12:28 PM,8,Flight match,2026-08-01 14:41:57
22433,12:22 PM,12:15 PM,-7,Flight match,2026-08-01 14:41:57
27869,12:53 PM,12:50 PM,-3,Flight match,2026-08-01 14:41:57
31203,12:59 PM,1:16 PM,17,Flight match,2026-08-01 14:41:57
21757,12:59 PM,1:11 PM,12,Flight match,2026-08-01 14:41:57
17522,1:03 PM,1:22 PM,19,Flight match,2026-08-01 14:41:57
25366,1:03 PM,1:22 PM,19,Flight match,2026-08-01 14:41:57
28084,2:05 PM,2:43 PM,38,Flight match,2026-08-01 14:41:57
30294,2:20 PM,2:10 PM,-10,Flight match,2026-08-01 14:41:57
29351,2:24 PM,2:38 PM,14,Flight match,2026-08-01 14:41:57
30812,2:34 PM,2:38 PM,4,Flight match,2026-08-01 14:41:57
31476,2:47 PM,2:52 PM,5,Flight match,2026-08-01 14:41:58
28512,3:01 PM,2:41 PM,-20,Flight match,2026-08-01 14:41:58
24849,3:13 PM,3:23 PM,10,Flight match,2026-08-01 14:41:58
26665,3:43 PM,3:40 PM,-3,Flight match,2026-08-01 14:41:58
28870,3:44 PM,3:28 PM,-16,Flight match,2026-08-01 14:41:58
25210,4:08 PM,3:49 PM,-19,Flight match,2026-08-01 14:41:58
31382,4:17 PM,4:11 PM,-6,Flight match,2026-08-01 14:41:58
31898,6:02 PM,5:50 PM,-12,Flight match,2026-08-01 14:41:58
23959,10:48 AM,10:49 AM,1,Flight match,2026-08-01 14:58:20
20956,10:49 AM,10:51 AM,2,Flight match,2026-08-01 14:58:20
21839,11:00 AM,11:01 AM,1,Flight match,2026-08-01 14:58:20
25553,11:06 AM,11:08 AM,2,Flight match,2026-08-01 14:58:20
30352,11:07 AM,11:10 AM,3,Flight match,2026-08-01 14:58:20
28421,11:47 AM,11:48 AM,1,Flight match,2026-08-01 14:58:20
29461,11:47 AM,11:48 AM,1,Flight match,2026-08-01 14:58:20
29404,12:28 PM,12:41 PM,13,Flight match,2026-08-01 14:58:20
27869,12:50 PM,12:43 PM,-7,Flight match,2026-08-01 14:58:20
21757,1:11 PM,1:15 PM,4,Flight match,2026-08-01 14:58:20
31203,1:16 PM,1:05 PM,-11,Flight match,2026-08-01 14:58:20
25029,1:20 PM,12:58 PM,-22,Flight match,2026-08-01 14:58:20
17522,1:22 PM,1:36 PM,14,Flight match,2026-08-01 14:58:20
25366,1:22 PM,1:36 PM,14,Flight match,2026-08-01 14:58:20
30507,1:46 PM,1:54 PM,8,Flight match,2026-08-01 14:58:20
30294,2:10 PM,2:28 PM,18,Flight match,2026-08-01 14:58:20
30812,2:38 PM,2:41 PM,3,Flight match,2026-08-01 14:58:20
31476,2:52 PM,2:58 PM,6,Flight match,2026-08-01 14:58:20
18725,3:07 PM,2:51 PM,-16,Flight match,2026-08-01 14:58:20
30447,3:07 PM,2:51 PM,-16,Flight match,2026-08-01 14:58:20
24849,3:23 PM,3:19 PM,-4,Flight match,2026-08-01 14:58:20
10683,3:26 PM,3:20 PM,-6,Flight match,2026-08-01 14:58:20
26665,3:40 PM,3:43 PM,3,Flight match,2026-08-01 14:58:20
31898,5:50 PM,5:47 PM,-3,Flight match,2026-08-01 14:58:21
30765,8:51 PM,8:48 PM,-3,Flight match,2026-08-01 14:58:21
31482,10:45 AM,10:46 AM,1,Flight match,2026-08-01 15:15:44
31476,2:58 PM,2:56 PM,-2,Flight match,2026-08-01 15:15:44
24849,3:19 PM,3:06 PM,-13,Flight match,2026-08-01 15:15:44
26572,10:37 AM,10:36 AM,-1,Flight match,2026-08-01 15:33:06
31482,10:46 AM,10:45 AM,-1,Flight match,2026-08-01 15:33:06
23959,10:49 AM,10:47 AM,-2,Flight match,2026-08-01 15:33:06
20956,10:51 AM,10:52 AM,1,Flight match,2026-08-01 15:33:06
25474,10:58 AM,10:56 AM,-2,Flight match,2026-08-01 15:33:06
30352,11:10 AM,11:08 AM,-2,Flight match,2026-08-01 15:33:06
27938,11:18 AM,11:24 AM,6,Flight match,2026-08-01 15:33:06
31545,12:09 PM,12:12 PM,3,Flight match,2026-08-01 15:33:06
27004,12:09 PM,12:12 PM,3,Flight match,2026-08-01 15:33:06
29404,12:41 PM,12:40 PM,-1,Flight match,2026-08-01 15:33:06
25029,12:58 PM,1:01 PM,3,Flight match,2026-08-01 15:33:06
31203,1:05 PM,1:06 PM,1,Flight match,2026-08-01 15:33:06
21757,1:15 PM,1:19 PM,4,Flight match,2026-08-01 15:33:06
30507,1:54 PM,1:51 PM,-3,Flight match,2026-08-01 15:33:06
30294,2:28 PM,2:48 PM,20,Flight match,2026-08-01 15:33:06
31168,2:56 PM,2:38 PM,-18,Flight match,2026-08-01 15:33:06
31476,2:56 PM,2:01 PM,-55,Flight match,2026-08-01 15:33:06
26137,2:56 PM,2:38 PM,-18,Flight match,2026-08-01 15:33:06
24849,3:06 PM,2:55 PM,-11,Flight match,2026-08-01 15:33:06
31907,3:10 PM,3:02 PM,-8,Flight match,2026-08-01 15:33:07
10683,3:20 PM,3:22 PM,2,Flight match,2026-08-01 15:33:07
31382,4:11 PM,4:17 PM,6,Flight match,2026-08-01 15:33:07
31555,4:22 PM,4:16 PM,-6,Flight match,2026-08-01 15:33:07
31898,5:47 PM,5:49 PM,2,Flight match,2026-08-01 15:33:07
27167,5:52 PM,5:58 PM,6,Flight match,2026-08-01 15:33:07
17662,5:52 PM,5:58 PM,6,Flight match,2026-08-01 15:33:07
26665,6:57 PM,4:15 PM,-162,Flight match,2026-08-01 15:33:07
30765,8:48 PM,8:51 PM,3,Flight match,2026-08-01 15:33:07
31476,2:01 PM,2:57 PM,56,Flight match,2026-08-01 15:39:48
31482,10:45 AM,10:46 AM,1,Flight match,2026-08-01 15:56:44
25081,11:22 AM,11:20 AM,-2,Flight match,2026-08-01 15:56:44
29705,11:23 AM,11:20 AM,-3,Flight match,2026-08-01 15:56:44
27938,11:24 AM,11:21 AM,-3,Flight match,2026-08-01 15:56:44
26416,11:52 AM,11:50 AM,-2,Flight match,2026-08-01 15:56:45
27004,12:12 PM,12:15 PM,3,Flight match,2026-08-01 15:56:45
31545,12:12 PM,12:15 PM,3,Flight match,2026-08-01 15:56:45
22433,12:15 PM,12:14 PM,-1,Flight match,2026-08-01 15:56:45
29404,12:40 PM,12:43 PM,3,Flight match,2026-08-01 15:56:45
25366,1:36 PM,1:32 PM,-4,Flight match,2026-08-01 15:56:45
17522,1:36 PM,1:32 PM,-4,Flight match,2026-08-01 15:56:45
30507,1:51 PM,1:50 PM,-1,Flight match,2026-08-01 15:56:45
26137,2:38 PM,2:50 PM,12,Flight match,2026-08-01 15:56:45
31168,2:38 PM,2:50 PM,12,Flight match,2026-08-01 15:56:45
29351,2:38 PM,2:49 PM,11,Flight match,2026-08-01 15:56:45
30812,2:41 PM,2:30 PM,-11,Flight match,2026-08-01 15:56:45
28084,2:43 PM,2:27 PM,-16,Flight match,2026-08-01 15:56:45
30294,2:48 PM,2:54 PM,6,Flight match,2026-08-01 15:56:45
24849,2:55 PM,3:06 PM,11,Flight match,2026-08-01 15:56:45
31476,2:57 PM,2:59 PM,2,Flight match,2026-08-01 15:56:45
31907,3:02 PM,3:11 PM,9,Flight match,2026-08-01 15:56:45
10683,3:22 PM,2:22 PM,-60,Flight match,2026-08-01 15:56:45
28870,3:28 PM,3:27 PM,-1,Flight match,2026-08-01 15:56:45
21064,3:34 PM,3:35 PM,1,Flight match,2026-08-01 15:56:45
24055,3:58 PM,3:36 PM,-22,Flight match,2026-08-01 15:56:45
31555,4:16 PM,4:18 PM,2,Flight match,2026-08-01 15:56:45
31382,4:17 PM,4:12 PM,-5,Flight match,2026-08-01 15:56:45
26816,4:45 PM,4:38 PM,-7,Flight match,2026-08-01 15:56:45
26416,11:50 AM,11:51 AM,1,Flight match,2026-08-01 16:05:59
22433,12:14 PM,12:15 PM,1,Flight match,2026-08-01 16:05:59
27004,12:15 PM,12:16 PM,1,Flight match,2026-08-01 16:05:59
31545,12:15 PM,12:16 PM,1,Flight match,2026-08-01 16:05:59
29404,12:43 PM,12:43 PM,0,Flight match,2026-08-01 16:05:59
31203,1:06 PM,1:01 PM,-5,Flight match,2026-08-01 16:05:59
30507,1:50 PM,1:44 PM,-6,Flight match,2026-08-01 16:05:59
10683,2:22 PM,3:18 PM,56,Flight match,2026-08-01 16:06:00
28084,2:27 PM,2:29 PM,2,Flight match,2026-08-01 16:06:00
30812,2:30 PM,2:32 PM,2,Flight match,2026-08-01 16:06:00
30447,2:51 PM,3:00 PM,9,Flight match,2026-08-01 16:06:00
18725,2:51 PM,3:00 PM,9,Flight match,2026-08-01 16:06:00
30294,2:54 PM,2:53 PM,-1,Flight match,2026-08-01 16:06:00
31907,3:11 PM,3:13 PM,2,Flight match,2026-08-01 16:06:00
28870,3:27 PM,3:34 PM,7,Flight match,2026-08-01 16:06:00
20702,3:41 PM,10:19 PM,398,Flight match,2026-08-01 16:06:00
31382,4:12 PM,4:15 PM,3,Flight match,2026-08-01 16:06:00
31555,4:18 PM,4:13 PM,-5,Flight match,2026-08-01 16:06:00
29441,5:01 PM,4:56 PM,-5,Flight match,2026-08-01 16:06:01
27707,5:29 PM,6:29 PM,60,Flight match,2026-08-01 16:06:01
31898,5:49 PM,5:50 PM,1,Flight match,2026-08-01 16:06:01
29461,11:48 AM,11:49 AM,1,Flight match,2026-08-01 16:29:25
28421,11:48 AM,11:49 AM,1,Flight match,2026-08-01 16:29:25
22433,12:15 PM,12:16 PM,1,Flight match,2026-08-01 16:29:25
27869,12:43 PM,12:47 PM,4,Flight match,2026-08-01 16:29:25
28084,2:29 PM,2:31 PM,2,Flight match,2026-08-01 16:29:25
29351,2:49 PM,2:46 PM,-3,Flight match,2026-08-01 16:29:26
26137,2:50 PM,2:46 PM,-4,Flight match,2026-08-01 16:29:26
31168,2:50 PM,2:46 PM,-4,Flight match,2026-08-01 16:29:26
24849,3:06 PM,3:04 PM,-2,Flight match,2026-08-01 16:29:26
31907,3:13 PM,3:14 PM,1,Flight match,2026-08-01 16:29:26
10683,3:18 PM,3:17 PM,-1,Flight match,2026-08-01 16:29:26
28870,3:34 PM,3:33 PM,-1,Flight match,2026-08-01 16:29:26
21064,3:35 PM,3:38 PM,3,Flight match,2026-08-01 16:29:26
31382,4:15 PM,4:08 PM,-7,Flight match,2026-08-01 16:29:26
29441,4:56 PM,4:57 PM,1,Flight match,2026-08-01 16:29:26
19392,5:59 PM,6:03 PM,4,Flight match,2026-08-01 16:29:26
30496,6:01 PM,5:57 PM,-4,Flight match,2026-08-01 16:29:26
31891,6:15 PM,6:28 PM,13,Flight match,2026-08-01 16:29:26
27707,6:29 PM,6:28 PM,-1,Flight match,2026-08-01 16:29:26
29658,6:42 PM,6:12 PM,-30,Flight match,2026-08-01 16:29:26
30765,8:51 PM,8:48 PM,-3,Flight match,2026-08-01 16:29:26
31781,12:12 PM,12:15 PM,3,Flight match,2026-08-01 16:59:21
31545,12:16 PM,12:17 PM,1,Flight match,2026-08-01 16:59:21
27004,12:16 PM,12:17 PM,1,Flight match,2026-08-01 16:59:21
29404,12:43 PM,12:42 PM,-1,Flight match,2026-08-01 16:59:21
27869,12:47 PM,12:48 PM,1,Flight match,2026-08-01 16:59:21
21757,1:19 PM,1:23 PM,4,Flight match,2026-08-01 16:59:21
17522,1:32 PM,1:37 PM,5,Flight match,2026-08-01 16:59:21
25366,1:32 PM,1:37 PM,5,Flight match,2026-08-01 16:59:21
28084,2:31 PM,2:32 PM,1,Flight match,2026-08-01 16:59:21
30812,2:32 PM,2:23 PM,-9,Flight match,2026-08-01 16:59:21
28512,2:41 PM,2:38 PM,-3,Flight match,2026-08-01 16:59:21
31168,2:46 PM,2:26 PM,-20,Flight match,2026-08-01 16:59:21
29351,2:46 PM,2:43 PM,-3,Flight match,2026-08-01 16:59:21
26137,2:46 PM,2:26 PM,-20,Flight match,2026-08-01 16:59:21
30294,2:53 PM,2:52 PM,-1,Flight match,2026-08-01 16:59:22
31476,2:59 PM,3:16 PM,17,Flight match,2026-08-01 16:59:22
18725,3:00 PM,3:15 PM,15,Flight match,2026-08-01 16:59:22
30447,3:00 PM,3:15 PM,15,Flight match,2026-08-01 16:59:22
10683,3:17 PM,3:24 PM,7,Flight match,2026-08-01 16:59:22
28870,3:33 PM,3:29 PM,-4,Flight match,2026-08-01 16:59:22
24055,3:36 PM,4:13 PM,37,Flight match,2026-08-01 16:59:22
31382,4:08 PM,4:09 PM,1,Flight match,2026-08-01 16:59:22
26816,4:38 PM,4:35 PM,-3,Flight match,2026-08-01 16:59:22
31182,4:45 PM,4:34 PM,-11,Flight match,2026-08-01 16:59:22
29441,4:57 PM,5:02 PM,5,Flight match,2026-08-01 16:59:22
31898,5:50 PM,6:01 PM,11,Flight match,2026-08-01 16:59:22
30496,5:57 PM,6:01 PM,4,Flight match,2026-08-01 16:59:22
19392,6:03 PM,5:44 PM,-19,Flight match,2026-08-01 16:59:22
31891,6:28 PM,6:39 PM,11,Flight match,2026-08-01 16:59:22
27707,6:28 PM,6:23 PM,-5,Flight match,2026-08-01 16:59:22
30765,8:48 PM,8:51 PM,3,Flight match,2026-08-01 16:59:22
29574,10:39 PM,10:36 PM,-3,Flight match,2026-08-01 16:59:22
30294,2:52 PM,2:49 PM,-3,Flight match,2026-08-01 17:09:37
27869,12:48 PM,12:47 PM,-1,Flight match,2026-08-01 17:11:38
31203,1:01 PM,1:00 PM,-1,Flight match,2026-08-01 17:11:38
25029,1:01 PM,1:08 PM,7,Flight match,2026-08-01 17:11:38
17522,1:37 PM,1:41 PM,4,Flight match,2026-08-01 17:11:38
25366,1:37 PM,1:41 PM,4,Flight match,2026-08-01 17:11:38
30507,1:44 PM,1:42 PM,-2,Flight match,2026-08-01 17:11:38
30812,2:23 PM,2:28 PM,5,Flight match,2026-08-01 17:11:38
24849,3:04 PM,3:15 PM,11,Flight match,2026-08-01 17:11:39
18725,3:15 PM,3:25 PM,10,Flight match,2026-08-01 17:11:39
30447,3:15 PM,3:25 PM,10,Flight match,2026-08-01 17:11:39
31476,3:16 PM,3:18 PM,2,Flight match,2026-08-01 17:11:39
10683,3:24 PM,3:45 PM,21,Flight match,2026-08-01 17:11:39
21064,3:38 PM,3:43 PM,5,Flight match,2026-08-01 17:11:39
31182,4:34 PM,4:22 PM,-12,Flight match,2026-08-01 17:11:39
29441,5:02 PM,4:48 PM,-14,Flight match,2026-08-01 17:11:39
31898,6:01 PM,6:22 PM,21,Flight match,2026-08-01 17:11:39
27707,6:23 PM,6:05 PM,-18,Flight match,2026-08-01 17:11:39
31891,6:39 PM,6:44 PM,5,Flight match,2026-08-01 17:11:39
28923,9:17 PM,8:59 PM,-18,Flight match,2026-08-01 17:11:39
29574,10:36 PM,10:39 PM,3,Flight match,2026-08-01 17:11:39
30507,1:42 PM,1:44 PM,2,Flight match,2026-08-01 17:20:31
29351,2:43 PM,3:56 PM,73,Flight match,2026-08-01 17:20:31
31907,3:14 PM,4:39 PM,85,Flight match,2026-08-01 17:20:32
24849,3:15 PM,4:38 PM,83,Flight match,2026-08-01 17:20:32
28870,3:29 PM,3:37 PM,8,Flight match,2026-08-01 17:20:32
31555,4:13 PM,4:11 PM,-2,Flight match,2026-08-01 17:20:32
27707,6:05 PM,6:11 PM,6,Flight match,2026-08-01 17:20:32
29574,10:39 PM,10:36 PM,-3,Flight match,2026-08-01 17:20:32
17522,1:41 PM,1:41 PM,0,Flight match,2026-08-01 17:22:31
25366,1:41 PM,1:41 PM,0,Flight match,2026-08-01 17:22:31
25210,3:49 PM,3:46 PM,-3,Flight match,2026-08-01 17:22:31
29351,3:56 PM,4:12 PM,16,Flight match,2026-08-01 17:22:31
26816,4:35 PM,4:34 PM,-1,Flight match,2026-08-01 17:22:31
31764,10:27 AM,10:26 AM,-1,Flight match,2026-08-01 17:23:03
26996,10:54 AM,10:51 AM,-3,Flight match,2026-08-01 17:23:03
31002,12:15 PM,11:10 AM,-65,Flight match,2026-08-01 17:23:03
31752,12:30 PM,12:15 PM,-15,Flight match,2026-08-01 17:23:03
26326,12:30 PM,12:10 PM,-20,Flight match,2026-08-01 17:23:03
30351,12:30 PM,12:38 PM,8,Flight match,2026-08-01 17:23:03
18022,12:54 PM,12:58 PM,4,Flight match,2026-08-01 17:23:03
31469,1:05 PM,12:53 PM,-12,Flight match,2026-08-01 17:23:04
30740,1:08 PM,12:56 PM,-12,Flight match,2026-08-01 17:23:04
22414,1:47 PM,1:44 PM,-3,Flight match,2026-08-01 17:23:04
31760,1:47 PM,1:44 PM,-3,Flight match,2026-08-01 17:23:04
26600,2:19 PM,2:06 PM,-13,Flight match,2026-08-01 17:23:04
31379,2:24 PM,2:25 PM,1,Flight match,2026-08-01 17:23:04
28405,2:30 PM,2:45 PM,15,Flight match,2026-08-01 17:23:04
28368,2:35 PM,2:14 PM,-21,Flight match,2026-08-01 17:23:04
29799,2:58 PM,3:01 PM,3,Flight match,2026-08-01 17:23:04
29636,3:22 PM,3:01 PM,-21,Flight match,2026-08-01 17:23:04
31569,3:51 PM,3:48 PM,-3,Flight match,2026-08-01 17:23:04
31915,3:55 PM,3:38 PM,-17,Flight match,2026-08-01 17:23:04
25536,4:30 PM,4:12 PM,-18,Flight match,2026-08-01 17:23:04
28684,6:30 PM,6:12 PM,-18,Flight match,2026-08-01 17:23:04
25029,1:08 PM,1:20 PM,12,Flight match,2026-08-01 18:17:21
25366,1:41 PM,1:46 PM,5,Flight match,2026-08-01 18:17:21
17522,1:41 PM,1:46 PM,5,Flight match,2026-08-01 18:17:21
30507,1:44 PM,1:54 PM,10,Flight match,2026-08-01 18:17:21
30812,2:28 PM,2:24 PM,-4,Flight match,2026-08-01 18:17:21
28512,2:38 PM,2:54 PM,16,Flight match,2026-08-01 18:17:21
30294,2:49 PM,3:02 PM,13,Flight match,2026-08-01 18:17:21
18725,3:25 PM,3:19 PM,-6,Flight match,2026-08-01 18:17:21
30447,3:25 PM,3:19 PM,-6,Flight match,2026-08-01 18:17:21
10683,3:45 PM,3:47 PM,2,Flight match,2026-08-01 18:17:21
25210,3:46 PM,5:31 PM,105,Flight match,2026-08-01 18:17:21
31382,4:09 PM,4:25 PM,16,Flight match,2026-08-01 18:17:21
24055,4:13 PM,4:42 PM,29,Flight match,2026-08-01 18:17:21
31182,4:22 PM,4:40 PM,18,Flight match,2026-08-01 18:17:21
30844,4:34 PM,4:36 PM,2,Flight match,2026-08-01 18:17:21
31907,4:39 PM,4:28 PM,-11,Flight match,2026-08-01 18:17:21
29441,4:48 PM,5:08 PM,20,Flight match,2026-08-01 18:17:21
17662,5:58 PM,5:30 PM,-28,Flight match,2026-08-01 18:17:21
27167,5:58 PM,5:30 PM,-28,Flight match,2026-08-01 18:17:21
30496,6:01 PM,5:56 PM,-5,Flight match,2026-08-01 18:17:21
31898,6:22 PM,6:04 PM,-18,Flight match,2026-08-01 18:17:21
31891,6:44 PM,6:36 PM,-8,Flight match,2026-08-01 18:17:21
30765,8:51 PM,8:48 PM,-3,Flight match,2026-08-01 18:17:21
29574,10:36 PM,10:18 PM,-18,Flight match,2026-08-01 18:17:21
28084,2:32 PM,2:35 PM,3,Flight match,2026-08-01 18:31:51
28512,2:54 PM,3:10 PM,16,Flight match,2026-08-01 18:31:51
31476,3:18 PM,3:34 PM,16,Flight match,2026-08-01 18:31:51
30844,4:36 PM,4:25 PM,-11,Flight match,2026-08-01 18:31:51
30812,2:24 PM,2:35 PM,11,Flight match,2026-08-01 18:44:02
26137,2:26 PM,2:39 PM,13,Flight match,2026-08-01 18:44:02
31168,2:26 PM,2:39 PM,13,Flight match,2026-08-01 18:44:02
28084,2:35 PM,2:43 PM,8,Flight match,2026-08-01 18:44:02
30294,3:02 PM,3:47 PM,45,Flight match,2026-08-01 18:44:02
28512,3:10 PM,3:06 PM,-4,Flight match,2026-08-01 18:44:02
18725,3:19 PM,3:28 PM,9,Flight match,2026-08-01 18:44:03
30447,3:19 PM,3:28 PM,9,Flight match,2026-08-01 18:44:03
31476,3:34 PM,3:33 PM,-1,Flight match,2026-08-01 18:44:03
28870,3:37 PM,3:29 PM,-8,Flight match,2026-08-01 18:44:03
10683,3:47 PM,4:02 PM,15,Flight match,2026-08-01 18:44:03
31555,4:11 PM,4:10 PM,-1,Flight match,2026-08-01 18:44:03
29351,4:12 PM,4:45 PM,33,Flight match,2026-08-01 18:44:03
31382,4:25 PM,4:11 PM,-14,Flight match,2026-08-01 18:44:03
30844,4:25 PM,5:09 PM,44,Flight match,2026-08-01 18:44:03
31907,4:28 PM,5:31 PM,63,Flight match,2026-08-01 18:44:03
26816,4:34 PM,6:05 PM,91,Flight match,2026-08-01 18:44:03
24849,4:38 PM,4:11 PM,-27,Flight match,2026-08-01 18:44:03
31182,4:40 PM,4:49 PM,9,Flight match,2026-08-01 18:44:03
24055,4:42 PM,5:27 PM,45,Flight match,2026-08-01 18:44:03
17662,5:30 PM,6:15 PM,45,Flight match,2026-08-01 18:44:03
27167,5:30 PM,6:15 PM,45,Flight match,2026-08-01 18:44:03
31898,6:04 PM,6:03 PM,-1,Flight match,2026-08-01 18:44:03
27707,6:11 PM,6:02 PM,-9,Flight match,2026-08-01 18:44:03
31066,6:18 PM,6:05 PM,-13,Flight match,2026-08-01 18:44:03
27541,7:10 PM,6:55 PM,-15,Flight match,2026-08-01 18:44:03
31731,7:45 PM,7:48 PM,3,Flight match,2026-08-01 18:44:03
30765,8:48 PM,8:51 PM,3,Flight match,2026-08-01 18:44:03
24847,8:49 PM,8:38 PM,-11,Flight match,2026-08-01 18:44:03
20702,10:19 PM,10:18 PM,-1,Flight match,2026-08-01 18:44:03
31168,2:39 PM,2:40 PM,1,Flight match,2026-08-01 18:55:36
31555,4:10 PM,4:28 PM,18,Flight match,2026-08-01 18:55:36
26137,2:39 PM,2:40 PM,1,Flight match,2026-08-01 19:00:38
30844,5:09 PM,4:39 PM,-30,Flight match,2026-08-01 19:10:21
28512,3:06 PM,3:09 PM,3,Flight match,2026-08-01 19:18:42
18725,3:28 PM,3:32 PM,4,Flight match,2026-08-01 19:18:42
30447,3:28 PM,3:32 PM,4,Flight match,2026-08-01 19:18:42
28870,3:29 PM,3:32 PM,3,Flight match,2026-08-01 19:18:42
31476,3:33 PM,3:54 PM,21,Flight match,2026-08-01 19:18:42
30294,3:47 PM,3:59 PM,12,Flight match,2026-08-01 19:18:42
10683,4:02 PM,4:03 PM,1,Flight match,2026-08-01 19:18:42
24849,4:11 PM,6:08 PM,117,Flight match,2026-08-01 19:18:42
31555,4:28 PM,4:24 PM,-4,Flight match,2026-08-01 19:18:42
29351,4:45 PM,5:20 PM,35,Flight match,2026-08-01 19:18:42
31182,4:49 PM,5:44 PM,55,Flight match,2026-08-01 19:18:42
29441,5:08 PM,4:53 PM,-15,Flight match,2026-08-01 19:18:42
24055,5:27 PM,5:37 PM,10,Flight match,2026-08-01 19:18:42
25210,5:31 PM,5:43 PM,12,Flight match,2026-08-01 19:18:42
31907,5:31 PM,6:01 PM,30,Flight match,2026-08-01 19:18:42
19392,5:44 PM,6:07 PM,23,Flight match,2026-08-01 19:18:42
30496,5:56 PM,5:50 PM,-6,Flight match,2026-08-01 19:18:42
31898,6:03 PM,6:05 PM,2,Flight match,2026-08-01 19:18:42
31066,6:05 PM,6:00 PM,-5,Flight match,2026-08-01 19:18:42
26816,6:05 PM,6:24 PM,19,Flight match,2026-08-01 19:18:42
29658,6:12 PM,6:14 PM,2,Flight match,2026-08-01 19:18:42
17662,6:15 PM,6:18 PM,3,Flight match,2026-08-01 19:18:42
27167,6:15 PM,6:18 PM,3,Flight match,2026-08-01 19:18:42
31891,6:36 PM,6:38 PM,2,Flight match,2026-08-01 19:18:42
25818,7:00 PM,6:49 PM,-11,Flight match,2026-08-01 19:18:42
29575,8:22 PM,9:12 PM,50,Flight match,2026-08-01 19:18:42
30765,8:51 PM,8:48 PM,-3,Flight match,2026-08-01 19:18:42
28084,2:43 PM,3:23 PM,40,Flight match,2026-08-01 19:35:05
18725,3:32 PM,3:34 PM,2,Flight match,2026-08-01 19:35:05
30447,3:32 PM,3:34 PM,2,Flight match,2026-08-01 19:35:05
28870,3:32 PM,3:36 PM,4,Flight match,2026-08-01 19:35:05
21064,3:43 PM,3:58 PM,15,Flight match,2026-08-01 19:35:05
31476,3:54 PM,4:02 PM,8,Flight match,2026-08-01 19:35:05
30294,3:59 PM,3:50 PM,-9,Flight match,2026-08-01 19:35:05
10683,4:03 PM,3:51 PM,-12,Flight match,2026-08-01 19:35:06
31555,4:24 PM,4:19 PM,-5,Flight match,2026-08-01 19:35:06
24055,5:37 PM,5:42 PM,5,Flight match,2026-08-01 19:35:06
25210,5:43 PM,5:23 PM,-20,Flight match,2026-08-01 19:35:06
31182,5:44 PM,5:32 PM,-12,Flight match,2026-08-01 19:35:06
30496,5:50 PM,5:48 PM,-2,Flight match,2026-08-01 19:35:06
31066,6:00 PM,6:05 PM,5,Flight match,2026-08-01 19:35:06
31898,6:05 PM,6:14 PM,9,Flight match,2026-08-01 19:35:06
29658,6:14 PM,6:43 PM,29,Flight match,2026-08-01 19:35:06
17662,6:18 PM,6:28 PM,10,Flight match,2026-08-01 19:35:06
27167,6:18 PM,6:28 PM,10,Flight match,2026-08-01 19:35:06
31891,6:38 PM,6:34 PM,-4,Flight match,2026-08-01 19:35:06
25818,6:49 PM,6:42 PM,-7,Flight match,2026-08-01 19:35:06
30765,8:48 PM,8:51 PM,3,Flight match,2026-08-01 19:35:06
28870,3:36 PM,3:42 PM,6,Flight match,2026-08-01 19:47:04
30294,3:50 PM,3:52 PM,2,Flight match,2026-08-01 19:47:04
10683,3:51 PM,3:53 PM,2,Flight match,2026-08-01 19:47:04
31476,4:02 PM,4:01 PM,-1,Flight match,2026-08-01 19:47:04
31555,4:19 PM,4:19 PM,0,Flight match,2026-08-01 19:47:05
29351,5:20 PM,5:22 PM,2,Flight match,2026-08-01 19:47:05
31182,5:32 PM,5:41 PM,9,Flight match,2026-08-01 19:47:05
24055,5:42 PM,5:36 PM,-6,Flight match,2026-08-01 19:47:05
31907,6:01 PM,6:10 PM,9,Flight match,2026-08-01 19:47:05
31066,6:05 PM,6:40 PM,35,Flight match,2026-08-01 19:47:05
24849,6:08 PM,6:00 PM,-8,Flight match,2026-08-01 19:47:05
31898,6:14 PM,6:16 PM,2,Flight match,2026-08-01 19:47:05
26816,6:24 PM,6:34 PM,10,Flight match,2026-08-01 19:47:05
31891,6:34 PM,7:17 PM,43,Flight match,2026-08-01 19:47:05
27541,6:55 PM,7:43 PM,48,Flight match,2026-08-01 19:47:05
24847,8:38 PM,9:20 PM,42,Flight match,2026-08-01 19:47:05
30765,8:51 PM,8:37 PM,-14,Flight match,2026-08-01 19:47:05
28870,3:42 PM,3:48 PM,6,Flight match,2026-08-01 19:51:38
21064,3:58 PM,4:05 PM,7,Flight match,2026-08-01 19:51:38
24849,6:00 PM,6:17 PM,17,Flight match,2026-08-01 19:51:38
27167,6:28 PM,6:37 PM,9,Flight match,2026-08-01 19:51:38
17662,6:28 PM,6:37 PM,9,Flight match,2026-08-01 19:51:38
24847,9:20 PM,9:27 PM,7,Flight match,2026-08-01 19:51:38
29574,10:18 PM,10:52 PM,34,Flight match,2026-08-01 19:51:38
28870,3:48 PM,4:17 PM,29,Flight match,2026-08-01 20:21:51
30294,3:52 PM,3:54 PM,2,Flight match,2026-08-01 20:21:51
10683,3:53 PM,4:16 PM,23,Flight match,2026-08-01 20:21:51
31476,4:01 PM,4:03 PM,2,Flight match,2026-08-01 20:21:51
21064,4:05 PM,4:05 PM,0,Flight match,2026-08-01 20:21:51
31382,4:11 PM,4:09 PM,-2,Flight match,2026-08-01 20:21:51
31555,4:19 PM,4:26 PM,7,Flight match,2026-08-01 20:21:51
29351,5:22 PM,5:23 PM,1,Flight match,2026-08-01 20:21:51
31182,5:41 PM,5:22 PM,-19,Flight match,2026-08-01 20:21:51
19392,6:07 PM,6:42 PM,35,Flight match,2026-08-01 20:21:51
31907,6:10 PM,6:16 PM,6,Flight match,2026-08-01 20:21:51
31898,6:16 PM,6:18 PM,2,Flight match,2026-08-01 20:21:51
24849,6:17 PM,6:25 PM,8,Flight match,2026-08-01 20:21:51
26816,6:34 PM,6:45 PM,11,Flight match,2026-08-01 20:21:51
17662,6:37 PM,8:48 PM,131,Flight match,2026-08-01 20:21:51
27167,6:37 PM,8:48 PM,131,Flight match,2026-08-01 20:21:51
25818,6:42 PM,7:24 PM,42,Flight match,2026-08-01 20:21:51
30750,6:57 PM,7:38 PM,41,Flight match,2026-08-01 20:21:51
26665,6:57 PM,7:38 PM,41,Flight match,2026-08-01 20:21:51
31731,7:48 PM,8:13 PM,25,Flight match,2026-08-01 20:21:51
30765,8:37 PM,8:47 PM,10,Flight match,2026-08-01 20:21:51
28923,8:59 PM,9:38 PM,39,Flight match,2026-08-01 20:21:52
24847,9:27 PM,9:24 PM,-3,Flight match,2026-08-01 20:21:52
29574,10:52 PM,11:09 PM,17,Flight match,2026-08-01 20:21:52
10683,4:16 PM,4:22 PM,6,Flight match,2026-08-01 20:24:32
29351,5:23 PM,5:19 PM,-4,Flight match,2026-08-01 20:24:32
25210,5:23 PM,5:19 PM,-4,Flight match,2026-08-01 20:24:32
31907,6:16 PM,6:11 PM,-5,Flight match,2026-08-01 20:24:32
24849,6:25 PM,6:31 PM,6,Flight match,2026-08-01 20:24:33
19392,6:42 PM,6:30 PM,-12,Flight match,2026-08-01 20:24:33
26816,6:45 PM,6:34 PM,-11,Flight match,2026-08-01 20:24:33
17662,8:48 PM,8:38 PM,-10,Flight match,2026-08-01 20:24:33
27167,8:48 PM,8:38 PM,-10,Flight match,2026-08-01 20:24:33
10683,4:22 PM,4:24 PM,2,Flight match,2026-08-01 20:35:42
25210,5:19 PM,5:18 PM,-1,Flight match,2026-08-01 20:35:42
31182,5:22 PM,5:24 PM,2,Flight match,2026-08-01 20:35:42
31907,6:11 PM,6:41 PM,30,Flight match,2026-08-01 20:35:42
31898,6:18 PM,6:56 PM,38,Flight match,2026-08-01 20:35:42
19392,6:30 PM,6:39 PM,9,Flight match,2026-08-01 20:35:42
24849,6:31 PM,6:38 PM,7,Flight match,2026-08-01 20:35:42
26816,6:34 PM,6:41 PM,7,Flight match,2026-08-01 20:35:42
29658,6:43 PM,7:05 PM,22,Flight match,2026-08-01 20:35:42
27167,8:38 PM,8:48 PM,10,Flight match,2026-08-01 20:35:42
17662,8:38 PM,8:48 PM,10,Flight match,2026-08-01 20:35:42
30765,8:47 PM,8:58 PM,11,Flight match,2026-08-01 20:35:42
28923,9:38 PM,9:22 PM,-16,Flight match,2026-08-01 20:35:42
29571,9:58 PM,10:01 PM,3,Flight match,2026-08-01 20:35:42
31555,4:26 PM,4:24 PM,-2,Flight match,2026-08-01 20:42:32
24055,5:36 PM,5:31 PM,-5,Flight match,2026-08-01 20:42:32
24849,6:38 PM,6:34 PM,-4,Flight match,2026-08-01 20:42:32
31907,6:41 PM,6:32 PM,-9,Flight match,2026-08-01 20:42:32
30750,7:38 PM,8:28 PM,50,Flight match,2026-08-01 20:42:32
26665,7:38 PM,8:28 PM,50,Flight match,2026-08-01 20:42:32
27167,8:48 PM,9:33 PM,45,Flight match,2026-08-01 20:42:32
17662,8:48 PM,9:33 PM,45,Flight match,2026-08-01 20:42:32
29441,4:53 PM,4:54 PM,1,Flight match,2026-08-01 20:59:18
25210,5:18 PM,5:22 PM,4,Flight match,2026-08-01 20:59:18
27707,6:02 PM,6:07 PM,5,Flight match,2026-08-01 20:59:18
24849,6:34 PM,6:32 PM,-2,Flight match,2026-08-01 20:59:18
19392,6:39 PM,6:36 PM,-3,Flight match,2026-08-01 20:59:18
31066,6:40 PM,6:47 PM,7,Flight match,2026-08-01 20:59:18
31898,6:56 PM,6:31 PM,-25,Flight match,2026-08-01 20:59:18
29658,7:05 PM,7:02 PM,-3,Flight match,2026-08-01 20:59:18
32029,7:11 PM,4:39 PM,-152,Flight match,2026-08-01 20:59:18
30844,7:12 PM,4:39 PM,-153,Flight match,2026-08-01 20:59:18
25818,7:24 PM,7:41 PM,17,Flight match,2026-08-01 20:59:18
31731,8:13 PM,8:30 PM,17,Flight match,2026-08-01 20:59:18
30750,8:28 PM,8:53 PM,25,Flight match,2026-08-01 20:59:18
26665,8:28 PM,8:53 PM,25,Flight match,2026-08-01 20:59:18
30844,7:39 PM,6:52 PM,-47,Flight match,2026-08-01 21:36:13
32029,7:39 PM,6:52 PM,-47,Flight match,2026-08-01 21:36:14
30496,5:48 PM,6:31 PM,43,Flight match,2026-08-01 21:36:16
24055,5:31 PM,6:10 PM,39,Flight match,2026-08-01 21:36:20
29351,5:19 PM,5:49 PM,30,Flight match,2026-08-01 21:36:21
29575,9:12 PM,8:50 PM,-22,Flight match,2026-08-01 21:36:24
31731,8:30 PM,8:11 PM,-19,Flight match,2026-08-01 21:36:25
29571,10:01 PM,10:12 PM,11,Flight match,2026-08-01 21:36:26
31066,6:47 PM,6:58 PM,11,Flight match,2026-08-01 21:36:28
31182,5:24 PM,5:36 PM,12,Flight match,2026-08-01 21:36:29
29441,4:54 PM,4:50 PM,-4,Flight match,2026-08-01 21:36:33
25210,5:22 PM,5:19 PM,-3,Flight match,2026-08-01 21:36:33
27707,6:07 PM,6:15 PM,8,Flight match,2026-08-01 21:36:33
31898,6:31 PM,6:26 PM,-5,Flight match,2026-08-01 21:36:33
24849,6:32 PM,6:40 PM,8,Flight match,2026-08-01 21:36:33
19392,6:36 PM,6:46 PM,10,Flight match,2026-08-01 21:36:33
31891,7:17 PM,7:14 PM,-3,Flight match,2026-08-01 21:36:33
25818,7:41 PM,7:39 PM,-2,Flight match,2026-08-01 21:36:33
27541,7:43 PM,7:38 PM,-5,Flight match,2026-08-01 21:36:33
31182,5:36 PM,5:41 PM,5,Flight match,2026-08-01 22:34:58
29351,5:49 PM,6:02 PM,13,Flight match,2026-08-01 22:34:58
24055,6:10 PM,6:14 PM,4,Flight match,2026-08-01 22:34:58
27707,6:15 PM,6:17 PM,2,Flight match,2026-08-01 22:34:59
31898,6:26 PM,6:27 PM,1,Flight match,2026-08-01 22:34:59
30496,6:31 PM,6:29 PM,-2,Flight match,2026-08-01 22:34:59
31907,6:32 PM,6:40 PM,8,Flight match,2026-08-01 22:34:59
24849,6:40 PM,6:49 PM,9,Flight match,2026-08-01 22:34:59
26816,6:41 PM,6:59 PM,18,Flight match,2026-08-01 22:34:59
19392,6:46 PM,6:54 PM,8,Flight match,2026-08-01 22:34:59
32029,6:52 PM,7:02 PM,10,Flight match,2026-08-01 22:34:59
30844,6:52 PM,7:02 PM,10,Flight match,2026-08-01 22:34:59
31066,6:58 PM,6:59 PM,1,Flight match,2026-08-01 22:34:59
29658,7:02 PM,7:23 PM,21,Flight match,2026-08-01 22:34:59
31891,7:14 PM,7:44 PM,30,Flight match,2026-08-01 22:34:59
27541,7:38 PM,7:38 PM,0,Flight match,2026-08-01 22:34:59
25818,7:39 PM,7:36 PM,-3,Flight match,2026-08-01 22:34:59
31731,8:11 PM,8:42 PM,31,Flight match,2026-08-01 22:34:59
29575,8:50 PM,9:20 PM,30,Flight match,2026-08-01 22:34:59
30765,8:58 PM,9:01 PM,3,Flight match,2026-08-01 22:34:59
28923,9:22 PM,9:20 PM,-2,Flight match,2026-08-01 22:34:59
24847,9:24 PM,9:36 PM,12,Flight match,2026-08-01 22:34:59
29574,11:09 PM,11:21 PM,12,Flight match,2026-08-01 22:34:59
29575,9:20 PM,9:53 PM,33,Flight match,2026-08-02 03:29:57
28553,9:35 AM,8:55 AM,-40,Flight match,2026-08-02 04:17:46
23049,9:40 AM,9:36 AM,-4,Flight match,2026-08-02 04:17:46
31443,9:55 AM,9:40 AM,-15,Flight match,2026-08-02 04:17:46
31942,9:55 AM,9:42 AM,-13,Flight match,2026-08-02 04:17:46
32052,10:11 AM,10:07 AM,-4,Flight match,2026-08-02 04:17:46
31825,10:33 AM,10:29 AM,-4,Flight match,2026-08-02 04:17:46
27877,11:00 AM,10:14 AM,-46,Flight match,2026-08-02 04:17:46
30410,11:00 AM,10:20 AM,-40,Flight match,2026-08-02 04:17:46
31296,11:00 AM,10:54 AM,-6,Flight match,2026-08-02 04:17:46
31466,11:00 AM,10:34 AM,-26,Flight match,2026-08-02 04:17:46
27281,11:30 AM,11:20 AM,-10,Flight match,2026-08-02 04:17:46
28295,11:30 AM,11:09 AM,-21,Flight match,2026-08-02 04:17:46
30936,11:30 AM,11:08 AM,-22,Flight match,2026-08-02 04:17:46
31041,12:00 PM,11:08 AM,-52,Flight match,2026-08-02 04:17:46
28896,1:41 PM,1:34 PM,-7,Flight match,2026-08-02 04:17:46
31294,2:28 PM,2:33 PM,5,Flight match,2026-08-02 04:17:46
30647,4:00 PM,3:15 PM,-45,Flight match,2026-08-02 04:17:46
31847,5:15 PM,4:35 PM,-40,Flight match,2026-08-02 04:17:46
20648,5:23 PM,5:21 PM,-2,Flight match,2026-08-02 04:17:46
31754,6:05 PM,5:52 PM,-13,Flight match,2026-08-02 04:17:46
31002,11:10 AM,12:17 PM,67,Flight match,2026-08-02 12:05:54
32081,11:30 AM,10:57 AM,-33,Flight match,2026-08-02 12:05:57
31671,12:07 AM,11:54 PM,1427,Flight match,2026-08-02 12:12:37
25917,5:44 AM,5:53 AM,9,Flight match,2026-08-02 12:12:37
24943,7:17 AM,7:07 AM,-10,Flight match,2026-08-02 12:12:37
30967,7:30 AM,7:20 AM,-10,Flight match,2026-08-02 12:12:38
26246,7:43 AM,7:34 AM,-9,Flight match,2026-08-02 12:12:38
31792,8:26 AM,8:33 AM,7,Flight match,2026-08-02 12:12:38
28427,8:43 AM,8:35 AM,-8,Flight match,2026-08-02 12:12:38
23190,8:52 AM,8:32 AM,-20,Flight match,2026-08-02 12:12:38
15443,9:10 AM,9:30 AM,20,Flight match,2026-08-02 12:12:38
29313,9:10 AM,9:30 AM,20,Flight match,2026-08-02 12:12:38
23239,9:41 AM,9:15 AM,-26,Flight match,2026-08-02 12:12:38
29616,9:41 AM,9:15 AM,-26,Flight match,2026-08-02 12:12:38
27663,9:41 AM,9:15 AM,-26,Flight match,2026-08-02 12:12:38
31302,10:11 AM,9:53 AM,-18,Flight match,2026-08-02 12:12:38
28359,10:16 AM,10:07 AM,-9,Flight match,2026-08-02 12:12:38
31764,10:26 AM,10:25 AM,-1,Flight match,2026-08-02 12:12:38
24050,10:29 AM,10:39 AM,10,Flight match,2026-08-02 12:12:38
20084,10:37 AM,10:26 AM,-11,Flight match,2026-08-02 12:12:38
23832,10:45 AM,11:10 AM,25,Flight match,2026-08-02 12:12:38
22952,10:45 AM,11:10 AM,25,Flight match,2026-08-02 12:12:38
31428,10:48 AM,10:40 AM,-8,Flight match,2026-08-02 12:12:38
26996,10:51 AM,10:39 AM,-12,Flight match,2026-08-02 12:12:38
32081,10:57 AM,11:02 AM,5,Flight match,2026-08-02 12:12:38
28071,11:09 AM,10:52 AM,-17,Flight match,2026-08-02 12:12:38
27658,11:28 AM,11:29 AM,1,Flight match,2026-08-02 12:12:38
29073,11:47 AM,11:49 AM,2,Flight match,2026-08-02 12:12:38
31129,11:50 AM,11:58 AM,8,Flight match,2026-08-02 12:12:38
24130,11:51 AM,12:01 PM,10,Flight match,2026-08-02 12:12:38
30732,11:56 AM,12:01 PM,5,Flight match,2026-08-02 12:12:38
32072,12:00 PM,11:25 AM,-35,Flight match,2026-08-02 12:12:38
26326,12:10 PM,12:23 PM,13,Flight match,2026-08-02 12:12:38
31752,12:15 PM,12:08 PM,-7,Flight match,2026-08-02 12:12:38
15524,12:15 PM,12:08 PM,-7,Flight match,2026-08-02 12:12:38
30351,12:38 PM,12:44 PM,6,Flight match,2026-08-02 12:12:38
31469,12:53 PM,1:03 PM,10,Flight match,2026-08-02 12:12:38
30740,12:56 PM,1:08 PM,12,Flight match,2026-08-02 12:12:39
18022,12:58 PM,12:38 PM,-20,Flight match,2026-08-02 12:12:39
25896,1:00 PM,1:04 PM,4,Flight match,2026-08-02 12:12:39
31337,1:00 PM,1:04 PM,4,Flight match,2026-08-02 12:12:39
26600,2:06 PM,5:54 PM,228,Flight match,2026-08-02 12:12:39
28368,2:14 PM,2:35 PM,21,Flight match,2026-08-02 12:12:39
31379,2:25 PM,2:24 PM,-1,Flight match,2026-08-02 12:12:39
28405,2:45 PM,2:40 PM,-5,Flight match,2026-08-02 12:12:39
31915,3:38 PM,3:55 PM,17,Flight match,2026-08-02 12:12:39
27120,4:03 PM,4:46 PM,43,Flight match,2026-08-02 12:12:39
25536,4:12 PM,4:31 PM,19,Flight match,2026-08-02 12:12:39
29520,5:00 PM,5:04 PM,4,Flight match,2026-08-02 12:12:39
28684,6:12 PM,7:26 PM,74,Flight match,2026-08-02 12:12:39
31357,8:08 PM,8:05 PM,-3,Flight match,2026-08-02 12:12:39
30367,9:10 PM,9:25 PM,15,Flight match,2026-08-02 12:12:39
15443,9:30 AM,9:22 AM,-8,Flight match,2026-08-02 12:19:28
29313,9:30 AM,9:22 AM,-8,Flight match,2026-08-02 12:19:28
31302,9:53 AM,9:50 AM,-3,Flight match,2026-08-02 12:19:28
31764,10:25 AM,10:18 AM,-7,Flight match,2026-08-02 12:19:28
24050,10:39 AM,10:33 AM,-6,Flight match,2026-08-02 12:19:28
29073,11:49 AM,12:04 PM,15,Flight match,2026-08-02 12:19:28
31129,11:58 AM,11:56 AM,-2,Flight match,2026-08-02 12:19:28
30732,12:01 PM,12:13 PM,12,Flight match,2026-08-02 12:19:28
25896,1:04 PM,1:00 PM,-4,Flight match,2026-08-02 12:19:28
31337,1:04 PM,1:00 PM,-4,Flight match,2026-08-02 12:19:28
23190,8:32 AM,8:43 AM,11,Flight match,2026-08-02 14:39:52
31792,8:33 AM,8:33 AM,0,Flight match,2026-08-02 14:39:52
28427,8:35 AM,8:37 AM,2,Flight match,2026-08-02 14:39:52
29616,9:15 AM,9:20 AM,5,Flight match,2026-08-02 14:39:52
23239,9:15 AM,9:20 AM,5,Flight match,2026-08-02 14:39:52
27663,9:15 AM,9:20 AM,5,Flight match,2026-08-02 14:39:52
15443,9:22 AM,9:22 AM,0,Flight match,2026-08-02 14:39:52
29313,9:22 AM,9:22 AM,0,Flight match,2026-08-02 14:39:52
31302,9:50 AM,9:55 AM,5,Flight match,2026-08-02 14:39:52
28359,10:07 AM,10:10 AM,3,Flight match,2026-08-02 14:39:52
31764,10:18 AM,10:17 AM,-1,Flight match,2026-08-02 14:39:52
20084,10:26 AM,10:22 AM,-4,Flight match,2026-08-02 14:39:52
24050,10:33 AM,10:36 AM,3,Flight match,2026-08-02 14:39:52
26996,10:39 AM,10:36 AM,-3,Flight match,2026-08-02 14:39:52
31428,10:40 AM,10:48 AM,8,Flight match,2026-08-02 14:39:52
28071,10:52 AM,11:06 AM,14,Flight match,2026-08-02 14:39:52
32081,11:02 AM,11:03 AM,1,Flight match,2026-08-02 14:39:52
32072,11:25 AM,11:01 AM,-24,Flight match,2026-08-02 14:39:52
27658,11:29 AM,11:42 AM,13,Flight match,2026-08-02 14:39:52
31129,11:56 AM,12:03 PM,7,Flight match,2026-08-02 14:39:52
24130,12:01 PM,12:03 PM,2,Flight match,2026-08-02 14:39:52
29073,12:04 PM,12:00 PM,-4,Flight match,2026-08-02 14:39:52
31752,12:08 PM,12:00 PM,-8,Flight match,2026-08-02 14:39:52
15524,12:08 PM,12:00 PM,-8,Flight match,2026-08-02 14:39:52
30732,12:13 PM,1:07 PM,54,Flight match,2026-08-02 14:39:52
31002,12:17 PM,12:36 PM,19,Flight match,2026-08-02 14:39:53
28203,12:20 PM,12:30 PM,10,Flight match,2026-08-02 14:39:53
26326,12:23 PM,12:39 PM,16,Flight match,2026-08-02 14:39:53
18022,12:38 PM,12:43 PM,5,Flight match,2026-08-02 14:39:53
30351,12:44 PM,12:52 PM,8,Flight match,2026-08-02 14:39:53
25896,1:00 PM,1:45 PM,45,Flight match,2026-08-02 14:39:53
31337,1:00 PM,1:45 PM,45,Flight match,2026-08-02 14:39:53
31469,1:03 PM,12:50 PM,-13,Flight match,2026-08-02 14:39:53
30740,1:08 PM,1:02 PM,-6,Flight match,2026-08-02 14:39:53
22414,1:44 PM,1:41 PM,-3,Flight match,2026-08-02 14:39:53
31760,1:44 PM,1:41 PM,-3,Flight match,2026-08-02 14:39:53
28368,2:35 PM,2:44 PM,9,Flight match,2026-08-02 14:39:53
28405,2:40 PM,2:18 PM,-22,Flight match,2026-08-02 14:39:53
29799,3:01 PM,2:45 PM,-16,Flight match,2026-08-02 14:39:53
29636,3:01 PM,3:06 PM,5,Flight match,2026-08-02 14:39:53
29200,4:04 PM,3:47 PM,-17,Flight match,2026-08-02 14:39:53
26761,4:17 PM,6:26 PM,129,Flight match,2026-08-02 14:39:53
25536,4:31 PM,4:30 PM,-1,Flight match,2026-08-02 14:39:53
27120,4:46 PM,5:06 PM,20,Flight match,2026-08-02 14:39:53
18022,12:43 PM,12:38 PM,-5,Flight match,2026-08-02 14:40:05
31469,12:50 PM,2:11 PM,81,Flight match,2026-08-02 14:40:05
30740,1:02 PM,1:05 PM,3,Flight match,2026-08-02 14:40:05
28405,2:18 PM,4:23 PM,125,Flight match,2026-08-02 14:40:05
28368,2:44 PM,4:26 PM,102,Flight match,2026-08-02 14:40:05
29636,3:06 PM,3:07 PM,1,Flight match,2026-08-02 14:40:05
31915,3:55 PM,5:35 PM,100,Flight match,2026-08-02 14:40:05
24400,4:15 PM,5:52 PM,97,Flight match,2026-08-02 14:40:05
25536,4:30 PM,4:31 PM,1,Flight match,2026-08-02 14:40:05
28794,4:30 PM,6:07 PM,97,Flight match,2026-08-02 14:40:05
26761,6:26 PM,6:47 PM,21,Flight match,2026-08-02 14:40:05
14953,6:55 PM,7:50 PM,55,Flight match,2026-08-02 14:40:05
26996,10:36 AM,10:34 AM,-2,Flight match,2026-08-02 15:00:48
24050,10:36 AM,10:32 AM,-4,Flight match,2026-08-02 15:00:48
31428,10:48 AM,10:52 AM,4,Flight match,2026-08-02 15:00:48
32072,11:01 AM,10:55 AM,-6,Flight match,2026-08-02 15:00:48
32081,11:03 AM,11:05 AM,2,Flight match,2026-08-02 15:00:48
28071,11:06 AM,11:04 AM,-2,Flight match,2026-08-02 15:00:48
24130,12:03 PM,12:02 PM,-1,Flight match,2026-08-02 15:00:48
31129,12:03 PM,12:25 PM,22,Flight match,2026-08-02 15:00:48
18022,12:38 PM,12:43 PM,5,Flight match,2026-08-02 15:00:48
26326,12:39 PM,12:42 PM,3,Flight match,2026-08-02 15:00:48
30740,1:05 PM,2:35 PM,90,Flight match,2026-08-02 15:00:48
30732,1:07 PM,1:12 PM,5,Flight match,2026-08-02 15:00:48
22414,1:41 PM,1:56 PM,15,Flight match,2026-08-02 15:00:48
31760,1:41 PM,1:56 PM,15,Flight match,2026-08-02 15:00:49
25896,1:45 PM,2:18 PM,33,Flight match,2026-08-02 15:00:49
31337,1:45 PM,2:18 PM,33,Flight match,2026-08-02 15:00:49
29636,3:07 PM,4:45 PM,98,Flight match,2026-08-02 15:00:49
28368,4:26 PM,3:55 PM,-31,Flight match,2026-08-02 15:00:49
25536,4:31 PM,5:39 PM,68,Flight match,2026-08-02 15:00:49
30367,9:25 PM,9:22 PM,-3,Flight match,2026-08-02 15:00:49
32072,10:55 AM,10:57 AM,2,Flight match,2026-08-02 15:47:26
28071,11:04 AM,11:08 AM,4,Flight match,2026-08-02 15:47:26
23832,11:10 AM,11:08 AM,-2,Flight match,2026-08-02 15:47:26
22952,11:10 AM,11:08 AM,-2,Flight match,2026-08-02 15:47:26
27658,11:42 AM,11:41 AM,-1,Flight match,2026-08-02 15:47:26
31752,12:00 PM,12:24 PM,24,Flight match,2026-08-02 15:47:26
15524,12:00 PM,12:24 PM,24,Flight match,2026-08-02 15:47:26
29073,12:00 PM,12:46 PM,46,Flight match,2026-08-02 15:47:26
24130,12:02 PM,12:41 PM,39,Flight match,2026-08-02 15:47:26
31129,12:25 PM,12:45 PM,20,Flight match,2026-08-02 15:47:26
28203,12:30 PM,12:40 PM,10,Flight match,2026-08-02 15:47:26
26326,12:42 PM,1:11 PM,29,Flight match,2026-08-02 15:47:26
30351,12:52 PM,1:24 PM,32,Flight match,2026-08-02 15:47:26
30732,1:12 PM,1:01 PM,-11,Flight match,2026-08-02 15:47:26
22414,1:56 PM,1:54 PM,-2,Flight match,2026-08-02 15:47:26
31760,1:56 PM,1:54 PM,-2,Flight match,2026-08-02 15:47:26
31379,2:24 PM,4:31 PM,127,Flight match,2026-08-02 15:47:26
30740,2:35 PM,1:48 PM,-47,Flight match,2026-08-02 15:47:26
29200,3:47 PM,4:12 PM,25,Flight match,2026-08-02 15:47:26
28368,3:55 PM,3:55 PM,0,Flight match,2026-08-02 15:47:26
29636,4:45 PM,4:21 PM,-24,Flight match,2026-08-02 15:47:27
31129,12:45 PM,1:29 PM,44,Flight match,2026-08-02 16:20:10
27658,11:41 AM,11:40 AM,-1,Flight match,2026-08-02 16:53:30
31752,12:24 PM,12:39 PM,15,Flight match,2026-08-02 16:53:30
15524,12:24 PM,12:39 PM,15,Flight match,2026-08-02 16:53:30
31002,12:36 PM,12:33 PM,-3,Flight match,2026-08-02 16:53:30
28203,12:40 PM,12:35 PM,-5,Flight match,2026-08-02 16:53:30
24130,12:41 PM,12:42 PM,1,Flight match,2026-08-02 16:53:30
18022,12:43 PM,12:44 PM,1,Flight match,2026-08-02 16:53:31
29073,12:46 PM,12:48 PM,2,Flight match,2026-08-02 16:53:31
30732,1:01 PM,1:00 PM,-1,Flight match,2026-08-02 16:53:31
26326,1:11 PM,1:06 PM,-5,Flight match,2026-08-02 16:53:31
30351,1:24 PM,1:19 PM,-5,Flight match,2026-08-02 16:53:31
31129,1:29 PM,1:42 PM,13,Flight match,2026-08-02 16:53:31
22414,1:54 PM,1:46 PM,-8,Flight match,2026-08-02 16:53:31
31760,1:54 PM,1:46 PM,-8,Flight match,2026-08-02 16:53:31
31469,2:11 PM,2:06 PM,-5,Flight match,2026-08-02 16:53:31
25896,2:18 PM,2:16 PM,-2,Flight match,2026-08-02 16:53:31
31337,2:18 PM,2:16 PM,-2,Flight match,2026-08-02 16:53:31
29799,2:45 PM,2:56 PM,11,Flight match,2026-08-02 16:53:31
31569,3:48 PM,4:46 PM,58,Flight match,2026-08-02 16:53:31
29636,4:21 PM,4:29 PM,8,Flight match,2026-08-02 16:53:31
28405,4:23 PM,4:03 PM,-20,Flight match,2026-08-02 16:53:31
31379,4:31 PM,4:00 PM,-31,Flight match,2026-08-02 16:53:31
29520,5:04 PM,4:41 PM,-23,Flight match,2026-08-02 16:53:31
31915,5:35 PM,5:16 PM,-19,Flight match,2026-08-02 16:53:31
25536,5:39 PM,5:37 PM,-2,Flight match,2026-08-02 16:53:31
24400,5:52 PM,5:40 PM,-12,Flight match,2026-08-02 16:53:31
26600,5:54 PM,6:15 PM,21,Flight match,2026-08-02 16:53:32
30367,9:22 PM,9:59 PM,37,Flight match,2026-08-02 16:53:32
18022,12:44 PM,12:46 PM,2,Flight match,2026-08-02 17:16:44
31469,2:06 PM,2:08 PM,2,Flight match,2026-08-02 17:16:44
28368,3:55 PM,3:55 PM,0,Flight match,2026-08-02 17:16:44
28794,6:07 PM,6:03 PM,-4,Flight match,2026-08-02 17:16:44
30732,1:00 PM,1:07 PM,7,Flight match,2026-08-02 17:17:27
26326,1:06 PM,1:04 PM,-2,Flight match,2026-08-02 17:17:28
31129,1:42 PM,1:39 PM,-3,Flight match,2026-08-02 17:17:28
31469,2:08 PM,2:20 PM,12,Flight match,2026-08-02 17:17:28
29799,2:56 PM,3:02 PM,6,Flight match,2026-08-02 17:17:28
31379,4:00 PM,3:47 PM,-13,Flight match,2026-08-02 17:17:28
28405,4:03 PM,4:03 PM,0,Flight match,2026-08-02 17:17:28
29200,4:12 PM,4:25 PM,13,Flight match,2026-08-02 17:17:28
29636,4:29 PM,4:33 PM,4,Flight match,2026-08-02 17:17:28
25536,5:37 PM,5:17 PM,-20,Flight match,2026-08-02 17:17:28
26600,6:15 PM,6:26 PM,11,Flight match,2026-08-02 17:17:28
30367,9:59 PM,10:02 PM,3,Flight match,2026-08-02 17:17:28
30351,1:19 PM,1:22 PM,3,Flight match,2026-08-02 18:26:03
31129,1:39 PM,1:37 PM,-2,Flight match,2026-08-02 18:26:03
22414,1:46 PM,1:44 PM,-2,Flight match,2026-08-02 18:26:03
31760,1:46 PM,1:44 PM,-2,Flight match,2026-08-02 18:26:03
30740,1:48 PM,1:47 PM,-1,Flight match,2026-08-02 18:26:03
31337,2:16 PM,2:24 PM,8,Flight match,2026-08-02 18:26:03
25896,2:16 PM,2:24 PM,8,Flight match,2026-08-02 18:26:03
31469,2:20 PM,2:26 PM,6,Flight match,2026-08-02 18:26:03
31379,3:47 PM,3:43 PM,-4,Flight match,2026-08-02 18:26:03
28368,3:55 PM,5:07 PM,72,Flight match,2026-08-02 18:26:04
28405,4:03 PM,4:28 PM,25,Flight match,2026-08-02 18:26:04
29200,4:25 PM,4:21 PM,-4,Flight match,2026-08-02 18:26:04
29636,4:33 PM,6:20 PM,107,Flight match,2026-08-02 18:26:04
29520,4:41 PM,5:36 PM,55,Flight match,2026-08-02 18:26:04
31569,4:46 PM,4:45 PM,-1,Flight match,2026-08-02 18:26:04
31915,5:16 PM,5:33 PM,17,Flight match,2026-08-02 18:26:04
25536,5:17 PM,5:23 PM,6,Flight match,2026-08-02 18:26:04
24400,5:40 PM,6:48 PM,68,Flight match,2026-08-02 18:26:04
28794,6:03 PM,6:37 PM,34,Flight match,2026-08-02 18:26:04
28684,7:26 PM,7:29 PM,3,Flight match,2026-08-02 18:26:04
30566,8:30 PM,9:01 PM,31,Flight match,2026-08-02 18:26:04
30367,10:02 PM,10:19 PM,17,Flight match,2026-08-02 18:26:04
31379,3:43 PM,3:54 PM,11,Flight match,2026-08-02 18:27:39
29520,5:36 PM,6:04 PM,28,Flight match,2026-08-02 18:27:39
29799,3:02 PM,3:01 PM,-1,Flight match,2026-08-02 20:22:58
31379,3:54 PM,4:02 PM,8,Flight match,2026-08-02 20:22:58
29200,4:21 PM,4:28 PM,7,Flight match,2026-08-02 20:22:59
28405,4:28 PM,5:02 PM,34,Flight match,2026-08-02 20:22:59
31569,4:45 PM,4:38 PM,-7,Flight match,2026-08-02 20:22:59
27120,5:06 PM,5:09 PM,3,Flight match,2026-08-02 20:22:59
28368,5:07 PM,6:21 PM,74,Flight match,2026-08-02 20:22:59
25536,5:23 PM,5:27 PM,4,Flight match,2026-08-02 20:22:59
31915,5:33 PM,5:31 PM,-2,Flight match,2026-08-02 20:22:59
29520,6:04 PM,5:49 PM,-15,Flight match,2026-08-02 20:22:59
29636,6:20 PM,7:18 PM,58,Flight match,2026-08-02 20:22:59
26600,6:26 PM,7:01 PM,35,Flight match,2026-08-02 20:22:59
28794,6:37 PM,6:32 PM,-5,Flight match,2026-08-02 20:22:59
26761,6:47 PM,7:22 PM,35,Flight match,2026-08-02 20:22:59
24400,6:48 PM,6:34 PM,-14,Flight match,2026-08-02 20:22:59
28684,7:29 PM,7:38 PM,9,Flight match,2026-08-02 20:22:59
31357,8:05 PM,8:42 PM,37,Flight match,2026-08-02 20:22:59
30566,9:01 PM,9:50 PM,49,Flight match,2026-08-02 20:22:59
30367,10:19 PM,10:04 PM,-15,Flight match,2026-08-02 20:22:59
31569,4:38 PM,4:40 PM,2,Flight match,2026-08-02 20:54:27
31915,5:31 PM,5:32 PM,1,Flight match,2026-08-02 20:54:27
28368,6:21 PM,6:19 PM,-2,Flight match,2026-08-02 20:54:27
28794,6:32 PM,6:31 PM,-1,Flight match,2026-08-02 20:54:27
24400,6:34 PM,6:38 PM,4,Flight match,2026-08-02 20:54:28
26600,7:01 PM,7:03 PM,2,Flight match,2026-08-02 20:54:28
29636,7:18 PM,7:16 PM,-2,Flight match,2026-08-02 20:54:28
26761,7:22 PM,7:06 PM,-16,Flight match,2026-08-02 20:54:28
30566,9:50 PM,9:20 PM,-30,Flight match,2026-08-02 20:54:28
30367,10:04 PM,10:09 PM,5,Flight match,2026-08-02 20:54:28
31569,4:40 PM,4:37 PM,-3,Flight match,2026-08-02 20:55:12
28405,5:02 PM,5:01 PM,-1,Flight match,2026-08-02 20:55:12
27120,5:09 PM,5:06 PM,-3,Flight match,2026-08-02 20:55:12
31915,5:32 PM,5:31 PM,-1,Flight match,2026-08-02 20:55:12
28368,6:19 PM,6:17 PM,-2,Flight match,2026-08-02 20:55:12
28794,6:31 PM,6:30 PM,-1,Flight match,2026-08-02 20:55:12
24400,6:38 PM,6:43 PM,5,Flight match,2026-08-02 20:55:12
26600,7:03 PM,7:08 PM,5,Flight match,2026-08-02 20:55:12
30367,10:09 PM,9:59 PM,-10,Flight match,2026-08-02 20:55:12
24849,6:49 PM,6:47 PM,-2,Flight match,2026-08-02 22:54:13
31066,6:59 PM,7:04 PM,5,Flight match,2026-08-02 22:54:13
26816,6:59 PM,7:30 PM,31,Flight match,2026-08-02 22:54:13
32029,7:02 PM,7:27 PM,25,Flight match,2026-08-02 22:54:14
30844,7:02 PM,7:27 PM,25,Flight match,2026-08-02 22:54:14
29658,7:23 PM,7:39 PM,16,Flight match,2026-08-02 22:54:14
25818,7:36 PM,8:20 PM,44,Flight match,2026-08-02 22:54:14
27541,7:38 PM,7:48 PM,10,Flight match,2026-08-02 22:54:14
31891,7:44 PM,8:30 PM,46,Flight match,2026-08-02 22:54:14
31731,8:42 PM,8:40 PM,-2,Flight match,2026-08-02 22:54:14
30750,8:53 PM,8:59 PM,6,Flight match,2026-08-02 22:54:14
26665,8:53 PM,8:59 PM,6,Flight match,2026-08-02 22:54:14
30765,9:01 PM,8:49 PM,-12,Flight match,2026-08-02 22:54:14
28923,9:20 PM,9:42 PM,22,Flight match,2026-08-02 22:54:14
27167,9:33 PM,10:34 PM,61,Flight match,2026-08-02 22:54:14
17662,9:33 PM,10:34 PM,61,Flight match,2026-08-02 22:54:14
24847,9:36 PM,11:02 PM,86,Flight match,2026-08-02 22:54:14
29571,10:12 PM,10:10 PM,-2,Flight match,2026-08-02 22:54:14
20702,10:18 PM,11:03 PM,45,Flight match,2026-08-02 22:54:14
32005,10:43 PM,10:57 PM,14,Flight match,2026-08-02 22:54:14
29574,11:21 PM,11:13 PM,-8,Flight match,2026-08-02 22:54:14
28405,5:01 PM,4:57 PM,-4,Flight match,2026-08-02 23:58:19
27120,5:06 PM,5:15 PM,9,Flight match,2026-08-02 23:58:19
25536,5:27 PM,5:33 PM,6,Flight match,2026-08-02 23:58:19
31294,5:30 PM,4:48 PM,-42,Flight match,2026-08-02 23:58:19
31915,5:31 PM,5:35 PM,4,Flight match,2026-08-02 23:58:19
29520,5:49 PM,5:46 PM,-3,Flight match,2026-08-02 23:58:19
28368,6:17 PM,6:16 PM,-1,Flight match,2026-08-02 23:58:19
28794,6:30 PM,6:38 PM,8,Flight match,2026-08-02 23:58:20
24400,6:43 PM,6:46 PM,3,Flight match,2026-08-02 23:58:20
26761,7:06 PM,7:12 PM,6,Flight match,2026-08-02 23:58:20
26600,7:08 PM,7:28 PM,20,Flight match,2026-08-02 23:58:20
29636,7:16 PM,7:12 PM,-4,Flight match,2026-08-02 23:58:20
28684,7:38 PM,7:52 PM,14,Flight match,2026-08-02 23:58:20
31357,8:42 PM,8:44 PM,2,Flight match,2026-08-02 23:58:20
30566,9:20 PM,8:57 PM,-23,Flight match,2026-08-02 23:58:20
30367,9:59 PM,10:16 PM,17,Flight match,2026-08-02 23:58:20
14953,11:45 PM,11:30 PM,-15,Flight match,2026-08-02 23:58:20
28492,8:55 AM,8:34 AM,-21,Flight match,2026-08-02 23:58:44
28553,8:55 AM,8:48 AM,-7,Flight match,2026-08-02 23:58:44
29474,9:13 AM,9:10 AM,-3,Flight match,2026-08-02 23:58:44
31443,9:40 AM,9:44 AM,4,Flight match,2026-08-02 23:58:44
32221,9:44 AM,9:41 AM,-3,Flight match,2026-08-02 23:58:45
27858,9:45 AM,9:36 AM,-9,Flight match,2026-08-02 23:58:45
27877,10:14 AM,10:11 AM,-3,Flight match,2026-08-02 23:58:45
30410,10:20 AM,10:14 AM,-6,Flight match,2026-08-02 23:58:45
32026,10:40 AM,10:18 AM,-22,Flight match,2026-08-02 23:58:45
29861,10:47 AM,10:44 AM,-3,Flight match,2026-08-02 23:58:45
32227,12:50 PM,12:38 PM,-12,Flight match,2026-08-02 23:58:45
22792,2:32 PM,2:19 PM,-13,Flight match,2026-08-02 23:58:45
31258,2:37 PM,2:34 PM,-3,Flight match,2026-08-02 23:58:45
30969,3:03 PM,3:07 PM,4,Flight match,2026-08-02 23:58:45
30647,3:15 PM,2:55 PM,-20,Flight match,2026-08-02 23:58:45
31847,4:35 PM,4:17 PM,-18,Flight match,2026-08-02 23:58:45
31754,5:52 PM,5:37 PM,-15,Flight match,2026-08-02 23:58:45
30413,7:05 PM,6:56 PM,-9,Flight match,2026-08-02 23:58:45
31016,7:15 PM,6:40 PM,-35,Flight match,2026-08-02 23:58:45
29469,9:45 AM,9:16 AM,-29,Flight match,2026-08-03 02:07:23
23156,9:55 AM,9:45 AM,-10,Flight match,2026-08-03 02:07:23
29558,10:00 AM,10:49 AM,49,Flight match,2026-08-03 02:07:23
27084,10:11 AM,10:08 AM,-3,Flight match,2026-08-03 02:07:23
27481,10:30 AM,9:42 AM,-48,Flight match,2026-08-03 02:07:23
31288,10:30 AM,10:28 AM,-2,Flight match,2026-08-03 02:07:23
30553,10:47 AM,10:49 AM,2,Flight match,2026-08-03 02:07:23
31430,11:09 AM,11:02 AM,-7,Flight match,2026-08-03 02:07:23
20568,12:33 PM,12:28 PM,-5,Flight match,2026-08-03 02:07:23
31525,1:00 PM,1:01 PM,1,Flight match,2026-08-03 02:07:23
22276,1:30 PM,1:25 PM,-5,Flight match,2026-08-03 02:07:23
7674,2:15 PM,5:09 PM,174,Flight match,2026-08-03 02:07:23
32016,2:30 PM,2:20 PM,-10,Flight match,2026-08-03 02:07:23
31877,3:30 PM,3:22 PM,-8,Flight match,2026-08-03 02:07:23
31135,3:47 PM,3:42 PM,-5,Flight match,2026-08-03 02:07:23
16259,4:30 PM,4:04 PM,-26,Flight match,2026-08-03 02:07:24
19171,7:30 PM,6:53 PM,-37,Flight match,2026-08-03 02:07:24
31047,11:05 PM,11:03 PM,-2,Flight match,2026-08-03 02:07:24
32288,1:30 PM,1:00 PM,-30,Flight match,2026-08-03 04:06:03
24632,3:22 PM,4:32 PM,70,Flight match,2026-08-03 04:06:03
31847,4:17 PM,4:35 PM,18,Flight match,2026-08-03 04:06:03
31754,5:37 PM,5:52 PM,15,Flight match,2026-08-03 04:06:03
30092,10:54 PM,10:41 PM,-13,Flight match,2026-08-03 04:06:03
29902,3:25 PM,3:07 PM,-18,Flight match,2026-08-03 04:06:44
24632,4:32 PM,4:17 PM,-15,Flight match,2026-08-03 04:06:44
30969,3:07 PM,3:03 PM,-4,Flight match,2026-08-03 04:51:23
29902,3:07 PM,3:25 PM,18,Flight match,2026-08-03 04:51:23
24632,4:17 PM,4:32 PM,15,Flight match,2026-08-03 04:51:23
32297,6:30 PM,6:28 PM,-2,Flight match,2026-08-03 04:51:23
12163,8:27 AM,8:15 AM,-12,Flight match,2026-08-03 12:43:29
28492,8:34 AM,8:54 AM,20,Flight match,2026-08-03 12:43:29
32132,8:35 AM,9:04 AM,29,Flight match,2026-08-03 12:43:29
28553,8:48 AM,8:56 AM,8,Flight match,2026-08-03 12:43:29
29474,9:10 AM,9:07 AM,-3,Flight match,2026-08-03 12:43:29
31899,9:16 AM,10:37 AM,81,Flight match,2026-08-03 12:43:29
23049,9:36 AM,9:33 AM,-3,Flight match,2026-08-03 12:43:29
27858,9:36 AM,10:05 AM,29,Flight match,2026-08-03 12:43:29
32221,9:41 AM,9:23 AM,-18,Flight match,2026-08-03 12:43:29
31942,9:42 AM,9:47 AM,5,Flight match,2026-08-03 12:43:29
31443,9:44 AM,9:32 AM,-12,Flight match,2026-08-03 12:43:29
32052,10:07 AM,10:03 AM,-4,Flight match,2026-08-03 12:43:29
27877,10:11 AM,9:57 AM,-14,Flight match,2026-08-03 12:43:29
30410,10:14 AM,10:19 AM,5,Flight match,2026-08-03 12:43:29
32026,10:18 AM,10:31 AM,13,Flight match,2026-08-03 12:43:29
31825,10:29 AM,10:25 AM,-4,Flight match,2026-08-03 12:43:29
31466,10:34 AM,10:16 AM,-18,Flight match,2026-08-03 12:43:29
29861,10:44 AM,10:58 AM,14,Flight match,2026-08-03 12:43:29
31296,10:54 AM,10:42 AM,-12,Flight match,2026-08-03 12:43:30
30936,11:08 AM,10:59 AM,-9,Flight match,2026-08-03 12:43:30
31041,11:08 AM,11:13 AM,5,Flight match,2026-08-03 12:43:30
28295,11:09 AM,11:08 AM,-1,Flight match,2026-08-03 12:43:30
30217,11:20 AM,11:33 AM,13,Flight match,2026-08-03 12:43:30
27281,11:20 AM,11:33 AM,13,Flight match,2026-08-03 12:43:30
25400,11:30 AM,11:26 AM,-4,Flight match,2026-08-03 12:43:30
30956,11:50 AM,11:42 AM,-8,Flight match,2026-08-03 12:43:30
32227,12:38 PM,12:40 PM,2,Flight match,2026-08-03 12:43:30
24997,1:00 PM,12:50 PM,-10,Flight match,2026-08-03 12:43:30
32288,1:00 PM,1:06 PM,6,Flight match,2026-08-03 12:43:30
25174,1:22 PM,1:14 PM,-8,Flight match,2026-08-03 12:43:30
22792,2:19 PM,2:20 PM,1,Flight match,2026-08-03 12:43:30
31823,2:25 PM,2:05 PM,-20,Flight match,2026-08-03 12:43:30
30647,2:55 PM,3:15 PM,20,Flight match,2026-08-03 12:43:30
30969,3:03 PM,3:07 PM,4,Flight match,2026-08-03 12:43:30
29902,3:25 PM,3:07 PM,-18,Flight match,2026-08-03 12:43:30
27991,4:10 PM,3:49 PM,-21,Flight match,2026-08-03 12:43:30
31796,5:18 PM,5:22 PM,4,Flight match,2026-08-03 12:43:30
20648,5:21 PM,5:22 PM,1,Flight match,2026-08-03 12:43:30
31016,6:40 PM,7:37 PM,57,Flight match,2026-08-03 12:43:30
30413,6:56 PM,7:05 PM,9,Flight match,2026-08-03 12:43:30
28492,8:54 AM,9:12 AM,18,Flight match,2026-08-03 13:16:17
28553,8:56 AM,9:04 AM,8,Flight match,2026-08-03 13:16:17
32132,9:04 AM,9:05 AM,1,Flight match,2026-08-03 13:16:17
29474,9:07 AM,9:15 AM,8,Flight match,2026-08-03 13:16:17
32221,9:23 AM,9:28 AM,5,Flight match,2026-08-03 13:16:17
23049,9:33 AM,9:30 AM,-3,Flight match,2026-08-03 13:16:17
27858,10:05 AM,10:08 AM,3,Flight match,2026-08-03 13:16:17
30410,10:19 AM,10:26 AM,7,Flight match,2026-08-03 13:16:17
31825,10:25 AM,10:28 AM,3,Flight match,2026-08-03 13:16:17
31296,10:42 AM,10:47 AM,5,Flight match,2026-08-03 13:16:17
29861,10:58 AM,10:47 AM,-11,Flight match,2026-08-03 13:16:17
30936,10:59 AM,11:05 AM,6,Flight match,2026-08-03 13:16:18
30217,11:33 AM,11:28 AM,-5,Flight match,2026-08-03 13:16:18
27281,11:33 AM,11:28 AM,-5,Flight match,2026-08-03 13:16:18
28896,1:34 PM,1:32 PM,-2,Flight match,2026-08-03 13:16:18
31823,2:05 PM,3:00 PM,55,Flight match,2026-08-03 13:16:18
30647,3:15 PM,3:07 PM,-8,Flight match,2026-08-03 13:16:18
24632,4:32 PM,4:16 PM,-16,Flight match,2026-08-03 13:16:18
31754,5:52 PM,6:43 PM,51,Flight match,2026-08-03 13:16:18
32132,9:05 AM,9:13 AM,8,Flight match,2026-08-03 13:42:23
28492,9:12 AM,9:21 AM,9,Flight match,2026-08-03 13:42:23
29474,9:15 AM,9:14 AM,-1,Flight match,2026-08-03 13:42:23
31443,9:32 AM,9:35 AM,3,Flight match,2026-08-03 13:42:23
31942,9:47 AM,9:45 AM,-2,Flight match,2026-08-03 13:42:23
31466,10:16 AM,10:21 AM,5,Flight match,2026-08-03 13:42:24
31296,10:47 AM,10:44 AM,-3,Flight match,2026-08-03 13:42:24
30936,11:05 AM,11:04 AM,-1,Flight match,2026-08-03 13:42:24
28295,11:08 AM,11:03 AM,-5,Flight match,2026-08-03 13:42:24
25400,11:26 AM,11:45 AM,19,Flight match,2026-08-03 13:42:24
30956,11:42 AM,11:41 AM,-1,Flight match,2026-08-03 13:42:24
32227,12:40 PM,1:03 PM,23,Flight match,2026-08-03 13:42:24
32288,1:06 PM,1:03 PM,-3,Flight match,2026-08-03 13:42:24
25174,1:14 PM,1:11 PM,-3,Flight match,2026-08-03 13:42:24
28896,1:32 PM,1:42 PM,10,Flight match,2026-08-03 13:42:24
31823,3:00 PM,2:35 PM,-25,Flight match,2026-08-03 13:42:24
30969,3:07 PM,2:56 PM,-11,Flight match,2026-08-03 13:42:24
29902,3:07 PM,3:07 PM,0,Flight match,2026-08-03 13:42:24
24632,4:16 PM,4:39 PM,23,Flight match,2026-08-03 13:42:24
32221,9:28 AM,9:26 AM,-2,Flight match,2026-08-03 14:39:31
31942,9:45 AM,9:55 AM,10,Flight match,2026-08-03 14:39:31
27877,9:57 AM,10:24 AM,27,Flight match,2026-08-03 14:39:31
27858,10:08 AM,10:13 AM,5,Flight match,2026-08-03 14:39:31
31466,10:21 AM,10:27 AM,6,Flight match,2026-08-03 14:39:31
30410,10:26 AM,10:31 AM,5,Flight match,2026-08-03 14:39:31
31825,10:28 AM,10:29 AM,1,Flight match,2026-08-03 14:39:31
32026,10:31 AM,10:34 AM,3,Flight match,2026-08-03 14:39:31
31296,10:44 AM,10:59 AM,15,Flight match,2026-08-03 14:39:31
29861,10:47 AM,10:49 AM,2,Flight match,2026-08-03 14:39:31
28295,11:03 AM,11:06 AM,3,Flight match,2026-08-03 14:39:31
30956,11:41 AM,11:34 AM,-7,Flight match,2026-08-03 14:39:31
25400,11:45 AM,12:10 PM,25,Flight match,2026-08-03 14:39:31
24997,12:50 PM,12:46 PM,-4,Flight match,2026-08-03 14:39:32
32227,1:03 PM,12:58 PM,-5,Flight match,2026-08-03 14:39:32
32288,1:03 PM,1:06 PM,3,Flight match,2026-08-03 14:39:32
25174,1:11 PM,2:06 PM,55,Flight match,2026-08-03 14:39:32
28896,1:42 PM,1:47 PM,5,Flight match,2026-08-03 14:39:32
25845,1:47 PM,1:50 PM,3,Flight match,2026-08-03 14:39:32
22792,2:20 PM,2:47 PM,27,Flight match,2026-08-03 14:39:32
24632,4:39 PM,4:43 PM,4,Flight match,2026-08-03 14:39:32
20648,5:22 PM,5:21 PM,-1,Flight match,2026-08-03 14:39:32
31291,6:44 PM,6:26 PM,-18,Flight match,2026-08-03 14:39:32
32026,10:34 AM,10:37 AM,3,Flight match,2026-08-03 14:53:48
31899,10:37 AM,10:38 AM,1,Flight match,2026-08-03 14:53:48
29861,10:49 AM,10:48 AM,-1,Flight match,2026-08-03 14:53:49
31296,10:59 AM,11:15 AM,16,Flight match,2026-08-03 14:53:49
25400,12:10 PM,12:14 PM,4,Flight match,2026-08-03 14:53:49
24997,12:46 PM,12:39 PM,-7,Flight match,2026-08-03 14:53:49
32288,1:06 PM,1:03 PM,-3,Flight match,2026-08-03 14:53:49
28896,1:47 PM,1:50 PM,3,Flight match,2026-08-03 14:53:49
31258,2:34 PM,2:41 PM,7,Flight match,2026-08-03 14:53:49
22792,2:47 PM,2:45 PM,-2,Flight match,2026-08-03 14:53:49
30647,3:07 PM,3:03 PM,-4,Flight match,2026-08-03 14:53:49
31796,5:22 PM,5:18 PM,-4,Flight match,2026-08-03 14:53:49
30413,7:05 PM,7:06 PM,1,Flight match,2026-08-03 14:53:49
30936,11:04 AM,11:07 AM,3,Flight match,2026-08-03 15:15:59
28295,11:06 AM,11:09 AM,3,Flight match,2026-08-03 15:15:59
31296,11:15 AM,11:22 AM,7,Flight match,2026-08-03 15:15:59
30956,11:34 AM,11:35 AM,1,Flight match,2026-08-03 15:15:59
25400,12:14 PM,12:01 PM,-13,Flight match,2026-08-03 15:15:59
32227,12:58 PM,12:56 PM,-2,Flight match,2026-08-03 15:15:59
32288,1:03 PM,1:04 PM,1,Flight match,2026-08-03 15:15:59
28896,1:50 PM,1:43 PM,-7,Flight match,2026-08-03 15:15:59
25174,2:06 PM,2:25 PM,19,Flight match,2026-08-03 15:15:59
31823,2:35 PM,2:35 PM,0,Flight match,2026-08-03 15:15:59
30969,2:56 PM,2:41 PM,-15,Flight match,2026-08-03 15:15:59
30647,3:03 PM,3:14 PM,11,Flight match,2026-08-03 15:15:59
31847,4:35 PM,4:17 PM,-18,Flight match,2026-08-03 15:15:59
31796,5:18 PM,5:20 PM,2,Flight match,2026-08-03 15:15:59
30413,7:06 PM,7:09 PM,3,Flight match,2026-08-03 15:15:59
31296,11:22 AM,11:16 AM,-6,Flight match,2026-08-03 15:52:11
30217,11:28 AM,11:33 AM,5,Flight match,2026-08-03 15:52:11
27281,11:28 AM,11:33 AM,5,Flight match,2026-08-03 15:52:11
30956,11:35 AM,11:48 AM,13,Flight match,2026-08-03 15:52:11
25400,12:01 PM,12:06 PM,5,Flight match,2026-08-03 15:52:11
32288,1:04 PM,1:24 PM,20,Flight match,2026-08-03 15:52:11
25845,1:50 PM,1:54 PM,4,Flight match,2026-08-03 15:52:11
25174,2:25 PM,2:29 PM,4,Flight match,2026-08-03 15:52:12
31823,2:35 PM,2:57 PM,22,Flight match,2026-08-03 15:52:12
30969,2:41 PM,2:56 PM,15,Flight match,2026-08-03 15:52:12
31258,2:41 PM,2:49 PM,8,Flight match,2026-08-03 15:52:12
22792,2:45 PM,3:04 PM,19,Flight match,2026-08-03 15:52:12
29902,3:07 PM,4:37 PM,90,Flight match,2026-08-03 15:52:12
24632,4:43 PM,5:10 PM,27,Flight match,2026-08-03 15:52:12
20648,5:21 PM,5:24 PM,3,Flight match,2026-08-03 15:52:12
31041,5:24 PM,5:06 PM,-18,Flight match,2026-08-03 15:52:12
30413,7:09 PM,7:05 PM,-4,Flight match,2026-08-03 15:52:12
30956,11:48 AM,11:54 AM,6,Flight match,2026-08-03 16:16:38
25400,12:06 PM,12:10 PM,4,Flight match,2026-08-03 16:16:38
24997,12:39 PM,12:43 PM,4,Flight match,2026-08-03 16:16:39
32227,12:56 PM,12:49 PM,-7,Flight match,2026-08-03 16:16:39
32288,1:24 PM,1:54 PM,30,Flight match,2026-08-03 16:16:39
25845,1:54 PM,1:43 PM,-11,Flight match,2026-08-03 16:16:39
25174,2:29 PM,2:24 PM,-5,Flight match,2026-08-03 16:16:39
31258,2:49 PM,2:44 PM,-5,Flight match,2026-08-03 16:16:39
30969,2:56 PM,2:42 PM,-14,Flight match,2026-08-03 16:16:39
31823,2:57 PM,3:30 PM,33,Flight match,2026-08-03 16:16:39
30647,3:14 PM,3:14 PM,0,Flight match,2026-08-03 16:16:39
31847,4:17 PM,5:05 PM,48,Flight match,2026-08-03 16:16:39
24632,5:10 PM,5:20 PM,10,Flight match,2026-08-03 16:16:39
20648,5:24 PM,5:18 PM,-6,Flight match,2026-08-03 16:16:39
25400,12:10 PM,12:15 PM,5,Flight match,2026-08-03 16:39:27
32227,12:49 PM,12:50 PM,1,Flight match,2026-08-03 16:39:27
32288,1:54 PM,2:12 PM,18,Flight match,2026-08-03 16:39:27
25174,2:24 PM,2:30 PM,6,Flight match,2026-08-03 16:39:27
30969,2:42 PM,2:34 PM,-8,Flight match,2026-08-03 16:39:27
31258,2:44 PM,2:52 PM,8,Flight match,2026-08-03 16:39:27
30647,3:14 PM,3:15 PM,1,Flight match,2026-08-03 16:39:28
31823,3:30 PM,3:39 PM,9,Flight match,2026-08-03 16:39:28
29902,4:37 PM,4:42 PM,5,Flight match,2026-08-03 16:39:28
31041,5:06 PM,5:13 PM,7,Flight match,2026-08-03 16:39:28
20648,5:18 PM,5:09 PM,-9,Flight match,2026-08-03 16:39:28
31796,5:20 PM,5:07 PM,-13,Flight match,2026-08-03 16:39:28
24632,5:20 PM,5:13 PM,-7,Flight match,2026-08-03 16:39:28
31291,6:26 PM,6:24 PM,-2,Flight match,2026-08-03 16:39:28
30413,7:05 PM,7:10 PM,5,Flight match,2026-08-03 16:39:28
24997,12:43 PM,12:42 PM,-1,Flight match,2026-08-03 16:59:05
32227,12:50 PM,12:52 PM,2,Flight match,2026-08-03 16:59:06
28896,1:43 PM,1:48 PM,5,Flight match,2026-08-03 16:59:06
32288,2:12 PM,2:39 PM,27,Flight match,2026-08-03 16:59:06
30969,2:34 PM,2:39 PM,5,Flight match,2026-08-03 16:59:06
31258,2:52 PM,2:44 PM,-8,Flight match,2026-08-03 16:59:06
31823,3:39 PM,4:00 PM,21,Flight match,2026-08-03 16:59:06
24632,5:13 PM,4:52 PM,-21,Flight match,2026-08-03 16:59:06
31041,5:13 PM,5:20 PM,7,Flight match,2026-08-03 16:59:06
31291,6:24 PM,6:27 PM,3,Flight match,2026-08-03 16:59:06
31016,7:37 PM,7:33 PM,-4,Flight match,2026-08-03 16:59:06
32227,12:52 PM,12:55 PM,3,Flight match,2026-08-03 17:12:36
28896,1:48 PM,1:45 PM,-3,Flight match,2026-08-03 17:12:36
32288,2:39 PM,2:35 PM,-4,Flight match,2026-08-03 17:12:36
31258,2:44 PM,2:37 PM,-7,Flight match,2026-08-03 17:12:36
31823,4:00 PM,3:37 PM,-23,Flight match,2026-08-03 17:12:36
29902,4:42 PM,4:35 PM,-7,Flight match,2026-08-03 17:12:36
24632,4:52 PM,4:53 PM,1,Flight match,2026-08-03 17:12:36
31041,5:20 PM,5:30 PM,10,Flight match,2026-08-03 17:12:36
30413,7:10 PM,7:09 PM,-1,Flight match,2026-08-03 17:12:36
31016,7:33 PM,7:15 PM,-18,Flight match,2026-08-03 17:12:36
28896,1:45 PM,1:48 PM,3,Flight match,2026-08-03 18:03:47
32288,2:35 PM,2:18 PM,-17,Flight match,2026-08-03 18:03:47
22792,3:04 PM,3:24 PM,20,Flight match,2026-08-03 18:03:47
30647,3:15 PM,3:04 PM,-11,Flight match,2026-08-03 18:03:48
31823,3:37 PM,3:52 PM,15,Flight match,2026-08-03 18:03:48
29902,4:35 PM,5:27 PM,52,Flight match,2026-08-03 18:03:48
24632,4:53 PM,5:29 PM,36,Flight match,2026-08-03 18:03:48
31847,5:05 PM,6:13 PM,68,Flight match,2026-08-03 18:03:48
31796,5:07 PM,5:39 PM,32,Flight match,2026-08-03 18:03:49
31041,5:30 PM,5:26 PM,-4,Flight match,2026-08-03 18:03:49
30413,7:09 PM,7:20 PM,11,Flight match,2026-08-03 18:03:49
31016,7:15 PM,7:33 PM,18,Flight match,2026-08-03 18:03:49
24640,8:00 PM,7:40 PM,-20,Flight match,2026-08-03 18:03:50
32288,2:18 PM,2:20 PM,2,Flight match,2026-08-03 19:10:39
25174,2:30 PM,2:33 PM,3,Flight match,2026-08-03 19:10:39
31258,2:37 PM,2:27 PM,-10,Flight match,2026-08-03 19:10:39
30969,2:39 PM,2:43 PM,4,Flight match,2026-08-03 19:10:39
30647,3:04 PM,3:04 PM,0,Flight match,2026-08-03 19:10:39
30777,3:07 PM,3:00 PM,-7,Flight match,2026-08-03 19:10:39
22792,3:24 PM,3:20 PM,-4,Flight match,2026-08-03 19:10:39
27991,3:49 PM,3:48 PM,-1,Flight match,2026-08-03 19:10:39
31041,5:26 PM,5:36 PM,10,Flight match,2026-08-03 19:10:39
29902,5:27 PM,5:47 PM,20,Flight match,2026-08-03 19:10:39
24632,5:29 PM,5:55 PM,26,Flight match,2026-08-03 19:10:39
31796,5:39 PM,5:46 PM,7,Flight match,2026-08-03 19:10:39
31291,6:27 PM,6:35 PM,8,Flight match,2026-08-03 19:10:40
30413,7:20 PM,7:06 PM,-14,Flight match,2026-08-03 19:10:40
31016,7:33 PM,7:39 PM,6,Flight match,2026-08-03 19:10:40
30647,3:04 PM,3:14 PM,10,Flight match,2026-08-03 19:26:31
29902,5:47 PM,6:22 PM,35,Flight match,2026-08-03 19:26:32
30413,7:06 PM,7:01 PM,-5,Flight match,2026-08-03 19:26:32
22792,3:20 PM,3:26 PM,6,Flight match,2026-08-03 20:32:28
27991,3:48 PM,4:02 PM,14,Flight match,2026-08-03 20:32:28
31823,3:52 PM,4:07 PM,15,Flight match,2026-08-03 20:32:28
20648,5:09 PM,5:06 PM,-3,Flight match,2026-08-03 20:32:28
31041,5:36 PM,5:49 PM,13,Flight match,2026-08-03 20:32:28
31796,5:46 PM,5:53 PM,7,Flight match,2026-08-03 20:32:28
24632,5:55 PM,6:02 PM,7,Flight match,2026-08-03 20:32:28
31847,6:13 PM,5:46 PM,-27,Flight match,2026-08-03 20:32:28
29902,6:22 PM,6:30 PM,8,Flight match,2026-08-03 20:32:28
31291,6:35 PM,6:56 PM,21,Flight match,2026-08-03 20:32:28
30413,7:01 PM,7:03 PM,2,Flight match,2026-08-03 20:32:28
24640,7:40 PM,7:34 PM,-6,Flight match,2026-08-03 20:32:28
29124,11:23 PM,11:29 PM,6,Flight match,2026-08-03 20:45:41
31754,6:43 PM,6:26 PM,-17,Flight match,2026-08-03 21:14:35
30413,7:03 PM,7:21 PM,18,Flight match,2026-08-03 21:14:35
24640,7:34 PM,7:41 PM,7,Flight match,2026-08-03 21:14:35
30092,10:41 PM,11:42 PM,61,Flight match,2026-08-03 21:14:35
20648,5:06 PM,5:05 PM,-1,Flight match,2026-08-03 21:34:36
31041,5:49 PM,5:43 PM,-6,Flight match,2026-08-03 21:34:36
31796,5:53 PM,5:48 PM,-5,Flight match,2026-08-03 21:34:36
31291,6:56 PM,6:50 PM,-6,Flight match,2026-08-03 21:34:36
30413,7:21 PM,7:19 PM,-2,Flight match,2026-08-03 21:34:36
24640,7:41 PM,7:34 PM,-7,Flight match,2026-08-03 21:34:36
31573,11:45 AM,11:09 AM,-36,Flight match,2026-08-03 21:37:34
30951,11:45 AM,10:55 AM,-50,Flight match,2026-08-03 21:37:40
32200,12:40 PM,11:45 AM,-55,Flight match,2026-08-03 21:37:46
31325,5:00 PM,4:28 PM,-32,Flight match,2026-08-03 21:37:52
32244,12:00 PM,11:15 AM,-45,Flight match,2026-08-03 21:38:00
30916,6:30 PM,5:47 PM,-43,Flight match,2026-08-03 21:38:06
31357,8:44 PM,8:37 PM,-7,Flight match,2026-08-03 22:11:05
30566,8:57 PM,9:00 PM,3,Flight match,2026-08-03 22:11:05
30367,10:16 PM,10:18 PM,2,Flight match,2026-08-03 22:11:05
14953,11:30 PM,11:33 PM,3,Flight match,2026-08-03 22:11:05
31041,5:43 PM,5:41 PM,-2,Flight match,2026-08-03 22:11:32
31847,5:46 PM,5:37 PM,-9,Flight match,2026-08-03 22:11:32
31796,5:48 PM,5:55 PM,7,Flight match,2026-08-03 22:11:32
24632,6:02 PM,5:58 PM,-4,Flight match,2026-08-03 22:11:32
29902,6:30 PM,6:25 PM,-5,Flight match,2026-08-03 22:11:32
30413,7:19 PM,7:23 PM,4,Flight match,2026-08-03 22:11:32
31016,7:39 PM,7:33 PM,-6,Flight match,2026-08-03 22:11:32
32422,8:30 AM,7:56 AM,-34,Flight match,2026-08-03 22:36:29
27111,8:40 AM,8:37 AM,-3,Flight match,2026-08-03 22:36:29
31905,9:44 AM,9:41 AM,-3,Flight match,2026-08-03 22:36:29
25455,9:44 AM,9:41 AM,-3,Flight match,2026-08-03 22:36:29
23156,9:45 AM,9:36 AM,-9,Flight match,2026-08-03 22:36:30
32392,9:45 AM,9:32 AM,-13,Flight match,2026-08-03 22:36:30
30090,9:50 AM,9:47 AM,-3,Flight match,2026-08-03 22:36:30
29101,10:30 AM,10:22 AM,-8,Flight match,2026-08-03 22:36:30
29889,10:34 AM,10:37 AM,3,Flight match,2026-08-03 22:36:30
30553,10:49 AM,10:46 AM,-3,Flight match,2026-08-03 22:36:30
29558,10:49 AM,10:46 AM,-3,Flight match,2026-08-03 22:36:30
32021,11:15 AM,11:18 AM,3,Flight match,2026-08-03 22:36:30
31663,11:15 AM,11:18 AM,3,Flight match,2026-08-03 22:36:30
31246,11:44 AM,11:47 AM,3,Flight match,2026-08-03 22:36:30
31881,12:15 PM,11:51 AM,-24,Flight match,2026-08-03 22:36:30
31525,1:01 PM,12:58 PM,-3,Flight match,2026-08-03 22:36:30
30823,1:01 PM,12:58 PM,-3,Flight match,2026-08-03 22:36:30
29931,1:03 PM,1:06 PM,3,Flight match,2026-08-03 22:36:30
31928,1:25 PM,1:08 PM,-17,Flight match,2026-08-03 22:36:30
22276,1:25 PM,1:08 PM,-17,Flight match,2026-08-03 22:36:30
32371,2:15 PM,2:02 PM,-13,Flight match,2026-08-03 22:36:30
32016,2:20 PM,2:17 PM,-3,Flight match,2026-08-03 22:36:30
32431,2:45 PM,2:17 PM,-28,Flight match,2026-08-03 22:36:30
27739,2:55 PM,2:52 PM,-3,Flight match,2026-08-03 22:36:31
31188,2:59 PM,2:47 PM,-12,Flight match,2026-08-03 22:36:31
16259,4:04 PM,4:08 PM,4,Flight match,2026-08-03 22:36:31
32413,5:25 PM,5:43 PM,18,Flight match,2026-08-03 22:36:31
27007,6:00 PM,5:47 PM,-13,Flight match,2026-08-03 22:36:31
27005,6:00 PM,5:47 PM,-13,Flight match,2026-08-03 22:36:31
22796,6:00 PM,5:26 PM,-34,Flight match,2026-08-03 22:36:31
21400,6:10 PM,5:54 PM,-16,Flight match,2026-08-03 22:36:31
32319,6:10 PM,5:54 PM,-16,Flight match,2026-08-03 22:36:31
29384,6:17 PM,5:38 PM,-39,Flight match,2026-08-03 22:36:31
19171,6:53 PM,6:41 PM,-12,Flight match,2026-08-03 22:36:31
31047,11:03 PM,10:51 PM,-12,Flight match,2026-08-03 22:36:31
29902,6:25 PM,6:27 PM,2,Flight match,2026-08-03 23:27:16
31754,6:26 PM,6:23 PM,-3,Flight match,2026-08-03 23:27:16
31291,6:50 PM,7:02 PM,12,Flight match,2026-08-03 23:27:16
30413,7:23 PM,7:20 PM,-3,Flight match,2026-08-03 23:27:16
31016,7:33 PM,7:36 PM,3,Flight match,2026-08-03 23:27:16
29124,11:29 PM,11:50 PM,21,Flight match,2026-08-03 23:27:16
31663,11:18 AM,11:15 AM,-3,Flight match,2026-08-03 23:30:51
32021,11:18 AM,11:15 AM,-3,Flight match,2026-08-03 23:30:51
19171,6:41 PM,6:53 PM,12,Flight match,2026-08-03 23:30:51
26861,10:05 PM,9:56 PM,-9,Flight match,2026-08-03 23:30:51
31737,10:00 AM,9:35 AM,-25,Flight match,2026-08-03 23:31:33
30605,10:15 AM,10:06 AM,-9,Flight match,2026-08-03 23:31:33
17273,10:19 AM,10:20 AM,1,Flight match,2026-08-03 23:31:33
31233,10:30 AM,10:20 AM,-10,Flight match,2026-08-03 23:31:33
26777,11:30 AM,11:22 AM,-8,Flight match,2026-08-03 23:31:33
28259,12:45 PM,12:54 PM,9,Flight match,2026-08-03 23:31:33
32451,2:00 PM,1:00 PM,-60,Flight match,2026-08-03 23:31:33
29007,3:00 PM,2:59 PM,-1,Flight match,2026-08-03 23:31:33
31365,4:30 PM,4:32 PM,2,Flight match,2026-08-03 23:31:33
20649,5:23 PM,5:34 PM,11,Flight match,2026-08-03 23:31:33
28782,6:30 PM,6:20 PM,-10,Flight match,2026-08-03 23:31:33
20578,6:53 PM,6:54 PM,1,Flight match,2026-08-03 23:31:33
30913,7:00 PM,6:35 PM,-25,Flight match,2026-08-03 23:31:33
28903,10:27 PM,10:32 PM,5,Flight match,2026-08-03 23:31:33
24640,7:34 PM,7:33 PM,-1,Flight match,2026-08-04 02:09:00
31016,7:36 PM,7:33 PM,-3,Flight match,2026-08-04 02:09:00
30092,11:42 PM,11:27 PM,-15,Flight match,2026-08-04 02:09:00
31663,11:15 AM,11:18 AM,3,Flight match,2026-08-04 02:09:36
32021,11:15 AM,11:18 AM,3,Flight match,2026-08-04 02:09:37
22796,5:26 PM,6:00 PM,34,Flight match,2026-08-04 02:09:37
31047,10:51 PM,10:52 PM,1,Flight match,2026-08-04 02:09:37
26861,9:56 PM,10:05 PM,9,Flight match,2026-08-04 04:08:50
27481,9:42 AM,9:34 AM,-8,Flight match,2026-08-04 05:58:12
32206,9:49 AM,9:41 AM,-8,Flight match,2026-08-04 05:58:12
19576,10:16 AM,10:06 AM,-10,Flight match,2026-08-04 05:58:12
29889,10:37 AM,10:34 AM,-3,Flight match,2026-08-04 05:58:12
29931,1:06 PM,1:03 PM,-3,Flight match,2026-08-04 05:58:12
31246,11:47 AM,11:33 AM,-14,Flight match,2026-08-04 11:28:45
32371,2:02 PM,2:15 PM,13,Flight match,2026-08-04 11:28:46
32422,7:56 AM,7:48 AM,-8,Flight match,2026-08-04 11:33:59
27111,8:37 AM,8:28 AM,-9,Flight match,2026-08-04 11:33:59
29469,9:16 AM,9:06 AM,-10,Flight match,2026-08-04 11:33:59
32392,9:32 AM,9:35 AM,3,Flight match,2026-08-04 11:33:59
27481,9:34 AM,9:45 AM,11,Flight match,2026-08-04 11:33:59
23156,9:36 AM,9:33 AM,-3,Flight match,2026-08-04 11:33:59
31905,9:41 AM,9:37 AM,-4,Flight match,2026-08-04 11:33:59
25455,9:41 AM,9:37 AM,-4,Flight match,2026-08-04 11:33:59
32206,9:41 AM,9:44 AM,3,Flight match,2026-08-04 11:33:59
30090,9:47 AM,9:52 AM,5,Flight match,2026-08-04 11:33:59
19576,10:06 AM,10:06 AM,0,Flight match,2026-08-04 11:33:59
27084,10:08 AM,10:09 AM,1,Flight match,2026-08-04 11:33:59
29101,10:22 AM,10:27 AM,5,Flight match,2026-08-04 11:33:59
31288,10:28 AM,10:30 AM,2,Flight match,2026-08-04 11:33:59
29889,10:34 AM,10:25 AM,-9,Flight match,2026-08-04 11:34:00
30553,10:46 AM,10:48 AM,2,Flight match,2026-08-04 11:34:00
29558,10:46 AM,10:48 AM,2,Flight match,2026-08-04 11:34:00
31430,11:02 AM,11:01 AM,-1,Flight match,2026-08-04 11:34:00
31663,11:18 AM,10:50 AM,-28,Flight match,2026-08-04 11:34:00
32021,11:18 AM,10:50 AM,-28,Flight match,2026-08-04 11:34:00
31246,11:33 AM,11:38 AM,5,Flight match,2026-08-04 11:34:00
31881,11:51 AM,12:00 PM,9,Flight match,2026-08-04 11:34:00
20568,12:28 PM,12:29 PM,1,Flight match,2026-08-04 11:34:00
27606,12:28 PM,12:29 PM,1,Flight match,2026-08-04 11:34:00
30267,12:54 PM,12:40 PM,-14,Flight match,2026-08-04 11:34:00
31928,1:08 PM,1:25 PM,17,Flight match,2026-08-04 11:34:00
22276,1:08 PM,1:25 PM,17,Flight match,2026-08-04 11:34:00
31877,3:22 PM,3:10 PM,-12,Flight match,2026-08-04 11:34:00
16259,4:08 PM,4:04 PM,-4,Flight match,2026-08-04 11:34:00
32413,5:43 PM,5:25 PM,-18,Flight match,2026-08-04 11:34:00
27007,5:47 PM,6:00 PM,13,Flight match,2026-08-04 11:34:00
27005,5:47 PM,6:00 PM,13,Flight match,2026-08-04 11:34:00
21400,5:54 PM,6:10 PM,16,Flight match,2026-08-04 11:34:00
32319,5:54 PM,6:10 PM,16,Flight match,2026-08-04 11:34:01
22796,6:00 PM,5:21 PM,-39,Flight match,2026-08-04 11:34:01
26861,10:05 PM,11:25 PM,80,Flight match,2026-08-04 11:34:01
27111,8:28 AM,8:27 AM,-1,Flight match,2026-08-04 11:43:37
27084,10:09 AM,10:10 AM,1,Flight match,2026-08-04 11:43:37
30553,10:48 AM,10:41 AM,-7,Flight match,2026-08-04 11:43:37
29558,10:48 AM,10:41 AM,-7,Flight match,2026-08-04 11:43:37
31663,10:50 AM,11:10 AM,20,Flight match,2026-08-04 11:43:37
32021,10:50 AM,11:10 AM,20,Flight match,2026-08-04 11:43:37
32422,7:48 AM,7:44 AM,-4,Flight match,2026-08-04 11:59:54
23156,9:33 AM,9:35 AM,2,Flight match,2026-08-04 12:16:00
32392,9:35 AM,9:36 AM,1,Flight match,2026-08-04 12:16:00
31905,9:37 AM,9:30 AM,-7,Flight match,2026-08-04 12:16:00
25455,9:37 AM,9:30 AM,-7,Flight match,2026-08-04 12:16:01
29889,10:25 AM,10:14 AM,-11,Flight match,2026-08-04 12:16:01
31288,10:30 AM,10:25 AM,-5,Flight match,2026-08-04 12:16:01
30553,10:41 AM,10:58 AM,17,Flight match,2026-08-04 12:16:01
29558,10:41 AM,10:58 AM,17,Flight match,2026-08-04 12:16:01
31430,11:01 AM,10:56 AM,-5,Flight match,2026-08-04 12:16:01
29931,1:03 PM,1:06 PM,3,Flight match,2026-08-04 12:16:01
27125,3:42 PM,3:38 PM,-4,Flight match,2026-08-04 12:16:01
31135,3:42 PM,3:38 PM,-4,Flight match,2026-08-04 12:16:01
16259,4:04 PM,4:08 PM,4,Flight match,2026-08-04 12:16:01
30514,4:20 PM,4:20 PM,0,Flight match,2026-08-04 12:16:01
27111,8:27 AM,8:29 AM,2,Flight match,2026-08-04 12:46:52
23156,9:35 AM,9:32 AM,-3,Flight match,2026-08-04 12:46:52
32392,9:36 AM,9:39 AM,3,Flight match,2026-08-04 12:46:52
27481,9:45 AM,9:37 AM,-8,Flight match,2026-08-04 12:46:52
30090,9:52 AM,9:46 AM,-6,Flight match,2026-08-04 12:46:52
31288,10:25 AM,10:22 AM,-3,Flight match,2026-08-04 12:46:52
29101,10:27 AM,10:24 AM,-3,Flight match,2026-08-04 12:46:52
31430,10:56 AM,11:06 AM,10,Flight match,2026-08-04 12:46:52
30553,10:58 AM,10:55 AM,-3,Flight match,2026-08-04 12:46:52
29558,10:58 AM,10:55 AM,-3,Flight match,2026-08-04 12:46:52
31663,11:10 AM,11:00 AM,-10,Flight match,2026-08-04 12:46:52
32021,11:10 AM,11:00 AM,-10,Flight match,2026-08-04 12:46:52
20568,12:29 PM,12:24 PM,-5,Flight match,2026-08-04 12:46:52
27606,12:29 PM,12:24 PM,-5,Flight match,2026-08-04 12:46:52
30267,12:40 PM,1:00 PM,20,Flight match,2026-08-04 12:46:52
31928,1:25 PM,1:06 PM,-19,Flight match,2026-08-04 12:46:53
22276,1:25 PM,1:06 PM,-19,Flight match,2026-08-04 12:46:53
27111,8:29 AM,8:27 AM,-2,Flight match,2026-08-04 13:12:19
32392,9:39 AM,9:36 AM,-3,Flight match,2026-08-04 13:12:19
29101,10:24 AM,10:36 AM,12,Flight match,2026-08-04 13:12:19
31663,11:00 AM,11:17 AM,17,Flight match,2026-08-04 13:12:19
32021,11:00 AM,11:17 AM,17,Flight match,2026-08-04 13:12:19
20568,12:24 PM,12:02 PM,-22,Flight match,2026-08-04 13:12:19
27606,12:24 PM,12:02 PM,-22,Flight match,2026-08-04 13:12:19
29931,1:06 PM,1:14 PM,8,Flight match,2026-08-04 13:12:20
16259,4:08 PM,4:04 PM,-4,Flight match,2026-08-04 13:12:20
29469,9:06 AM,9:03 AM,-3,Flight match,2026-08-04 13:29:32
23156,9:32 AM,9:34 AM,2,Flight match,2026-08-04 13:29:32
32392,9:36 AM,9:38 AM,2,Flight match,2026-08-04 13:29:32
29889,10:14 AM,10:09 AM,-5,Flight match,2026-08-04 13:29:32
30553,10:55 AM,10:48 AM,-7,Flight match,2026-08-04 13:29:33
29558,10:55 AM,10:48 AM,-7,Flight match,2026-08-04 13:29:33
31881,12:00 PM,11:55 AM,-5,Flight match,2026-08-04 13:29:33
20568,12:02 PM,12:06 PM,4,Flight match,2026-08-04 13:29:33
27606,12:02 PM,12:06 PM,4,Flight match,2026-08-04 13:29:33
16259,4:04 PM,4:08 PM,4,Flight match,2026-08-04 13:29:33
31905,9:30 AM,9:29 AM,-1,Flight match,2026-08-04 13:44:57
23156,9:34 AM,9:33 AM,-1,Flight match,2026-08-04 13:44:57
19576,10:06 AM,10:02 AM,-4,Flight match,2026-08-04 13:57:38
25455,9:30 AM,9:29 AM,-1,Flight match,2026-08-04 14:04:40
32392,9:38 AM,9:40 AM,2,Flight match,2026-08-04 14:04:40
32206,9:44 AM,9:39 AM,-5,Flight match,2026-08-04 14:04:40
30090,9:46 AM,9:43 AM,-3,Flight match,2026-08-04 14:04:40
29558,10:48 AM,10:53 AM,5,Flight match,2026-08-04 14:04:40
30553,10:48 AM,10:53 AM,5,Flight match,2026-08-04 14:04:40
31430,11:06 AM,11:04 AM,-2,Flight match,2026-08-04 14:04:40
31881,11:55 AM,11:56 AM,1,Flight match,2026-08-04 14:04:40
27606,12:06 PM,12:17 PM,11,Flight match,2026-08-04 14:04:40
20568,12:06 PM,12:17 PM,11,Flight match,2026-08-04 14:04:40
31928,1:06 PM,1:38 PM,32,Flight match,2026-08-04 14:04:40
22276,1:06 PM,1:38 PM,32,Flight match,2026-08-04 14:04:40
31188,2:47 PM,2:52 PM,5,Flight match,2026-08-04 14:04:40
22796,5:21 PM,5:30 PM,9,Flight match,2026-08-04 14:04:41
19576,10:02 AM,10:01 AM,-1,Flight match,2026-08-04 14:15:30
31663,11:17 AM,11:11 AM,-6,Flight match,2026-08-04 14:15:30
30871,9:00 AM,8:56 AM,-4,Flight match,2026-08-04 14:21:52
19239,9:00 AM,8:56 AM,-4,Flight match,2026-08-04 14:21:52
31737,9:35 AM,9:36 AM,1,Flight match,2026-08-04 14:21:52
30323,9:57 AM,9:54 AM,-3,Flight match,2026-08-04 14:21:52
30605,10:06 AM,10:03 AM,-3,Flight match,2026-08-04 14:21:52
31233,10:20 AM,10:13 AM,-7,Flight match,2026-08-04 14:21:52
17273,10:20 AM,10:13 AM,-7,Flight match,2026-08-04 14:21:52
29005,10:25 AM,10:23 AM,-2,Flight match,2026-08-04 14:21:52
30951,10:55 AM,10:36 AM,-19,Flight match,2026-08-04 14:21:52
31745,10:55 AM,10:36 AM,-19,Flight match,2026-08-04 14:21:52
27904,10:55 AM,10:36 AM,-19,Flight match,2026-08-04 14:21:52
31573,11:09 AM,11:04 AM,-5,Flight match,2026-08-04 14:21:52
32244,11:15 AM,11:18 AM,3,Flight match,2026-08-04 14:21:52
30168,11:19 AM,11:17 AM,-2,Flight match,2026-08-04 14:21:52
26777,11:22 AM,11:18 AM,-4,Flight match,2026-08-04 14:21:53
28564,11:22 AM,11:18 AM,-4,Flight match,2026-08-04 14:21:53
29976,11:22 AM,11:03 AM,-19,Flight match,2026-08-04 14:21:53
32200,11:45 AM,11:26 AM,-19,Flight match,2026-08-04 14:21:53
28259,12:54 PM,12:58 PM,4,Flight match,2026-08-04 14:21:53
22553,2:53 PM,2:41 PM,-12,Flight match,2026-08-04 14:21:53
29007,2:59 PM,2:48 PM,-11,Flight match,2026-08-04 14:21:53
29886,3:15 PM,2:22 PM,-53,Flight match,2026-08-04 14:21:53
31749,4:18 PM,4:17 PM,-1,Flight match,2026-08-04 14:21:53
20649,5:34 PM,5:23 PM,-11,Flight match,2026-08-04 14:21:53
30916,5:47 PM,5:33 PM,-14,Flight match,2026-08-04 14:21:53
21382,6:00 PM,5:29 PM,-31,Flight match,2026-08-04 14:21:53
28782,6:20 PM,6:06 PM,-14,Flight match,2026-08-04 14:21:53
27084,10:10 AM,10:09 AM,-1,Flight match,2026-08-04 14:39:38
31288,10:22 AM,10:20 AM,-2,Flight match,2026-08-04 14:39:39
29101,10:36 AM,10:34 AM,-2,Flight match,2026-08-04 14:39:39
32021,11:17 AM,11:11 AM,-6,Flight match,2026-08-04 14:39:39
31525,12:58 PM,1:02 PM,4,Flight match,2026-08-04 14:39:39
30823,12:58 PM,1:02 PM,4,Flight match,2026-08-04 14:39:39
30267,1:00 PM,12:39 PM,-21,Flight match,2026-08-04 14:39:39
29931,1:14 PM,1:08 PM,-6,Flight match,2026-08-04 14:39:39
32371,2:15 PM,2:09 PM,-6,Flight match,2026-08-04 14:39:39
32431,2:17 PM,2:13 PM,-4,Flight match,2026-08-04 14:39:39
32016,2:17 PM,2:13 PM,-4,Flight match,2026-08-04 14:39:39
16259,4:08 PM,4:04 PM,-4,Flight match,2026-08-04 14:39:39
19171,6:53 PM,6:41 PM,-12,Flight match,2026-08-04 14:39:39
29101,10:34 AM,10:35 AM,1,Flight match,2026-08-04 14:58:08
29558,10:53 AM,10:44 AM,-9,Flight match,2026-08-04 14:58:08
30553,10:53 AM,10:44 AM,-9,Flight match,2026-08-04 14:58:09
31928,1:38 PM,1:59 PM,21,Flight match,2026-08-04 14:58:09
22276,1:38 PM,1:59 PM,21,Flight match,2026-08-04 14:58:09
32431,2:13 PM,2:05 PM,-8,Flight match,2026-08-04 14:58:09
32016,2:13 PM,2:05 PM,-8,Flight match,2026-08-04 14:58:09
7674,5:09 PM,5:02 PM,-7,Flight match,2026-08-04 14:58:09
31430,11:04 AM,11:05 AM,1,Flight match,2026-08-04 15:25:19
31881,11:56 AM,11:57 AM,1,Flight match,2026-08-04 15:25:19
29931,1:08 PM,12:48 PM,-20,Flight match,2026-08-04 15:25:19
16259,4:04 PM,4:08 PM,4,Flight match,2026-08-04 15:25:19
31663,11:11 AM,11:10 AM,-1,Flight match,2026-08-04 15:48:44
32021,11:11 AM,11:10 AM,-1,Flight match,2026-08-04 15:48:44
31881,11:57 AM,11:57 AM,0,Flight match,2026-08-04 15:48:44
30267,12:39 PM,12:54 PM,15,Flight match,2026-08-04 15:48:44
29931,12:48 PM,1:14 PM,26,Flight match,2026-08-04 15:48:45
31525,1:02 PM,12:50 PM,-12,Flight match,2026-08-04 15:48:45
30823,1:02 PM,12:50 PM,-12,Flight match,2026-08-04 15:48:45
31928,1:59 PM,2:02 PM,3,Flight match,2026-08-04 15:48:45
22276,1:59 PM,2:02 PM,3,Flight match,2026-08-04 15:48:45
32431,2:05 PM,2:06 PM,1,Flight match,2026-08-04 15:48:45
32016,2:05 PM,2:06 PM,1,Flight match,2026-08-04 15:48:45
28812,2:47 PM,2:33 PM,-14,Flight match,2026-08-04 15:48:45
31188,2:52 PM,2:48 PM,-4,Flight match,2026-08-04 15:48:45
31877,3:10 PM,3:43 PM,33,Flight match,2026-08-04 15:48:45
27125,3:38 PM,3:36 PM,-2,Flight match,2026-08-04 15:48:45
31135,3:38 PM,3:36 PM,-2,Flight match,2026-08-04 15:48:45
16259,4:08 PM,3:48 PM,-20,Flight match,2026-08-04 15:48:45
30514,4:20 PM,4:12 PM,-8,Flight match,2026-08-04 15:48:45
32594,3:00 PM,2:57 PM,-3,Flight match,2026-08-04 16:08:55
31881,11:57 AM,11:57 AM,0,Flight match,2026-08-04 16:10:40
31525,12:50 PM,12:52 PM,2,Flight match,2026-08-04 16:10:40
30823,12:50 PM,12:52 PM,2,Flight match,2026-08-04 16:10:40
29931,1:14 PM,12:34 PM,-40,Flight match,2026-08-04 16:10:40
31928,2:02 PM,1:57 PM,-5,Flight match,2026-08-04 16:10:40
22276,2:02 PM,1:57 PM,-5,Flight match,2026-08-04 16:10:41
32371,2:09 PM,2:06 PM,-3,Flight match,2026-08-04 16:10:41
27739,2:52 PM,2:57 PM,5,Flight match,2026-08-04 16:10:41
16259,3:48 PM,3:43 PM,-5,Flight match,2026-08-04 16:10:41
7674,5:02 PM,5:40 PM,38,Flight match,2026-08-04 16:10:41
22796,5:30 PM,6:27 PM,57,Flight match,2026-08-04 16:10:41
29384,5:38 PM,5:41 PM,3,Flight match,2026-08-04 16:10:41
31881,11:57 AM,11:53 AM,-4,Flight match,2026-08-04 16:35:54
27606,12:17 PM,12:15 PM,-2,Flight match,2026-08-04 16:35:54
20568,12:17 PM,12:15 PM,-2,Flight match,2026-08-04 16:35:54
29931,12:34 PM,12:46 PM,12,Flight match,2026-08-04 16:35:54
30267,12:54 PM,12:49 PM,-5,Flight match,2026-08-04 16:35:54
31928,1:57 PM,1:46 PM,-11,Flight match,2026-08-04 16:35:54
22276,1:57 PM,1:46 PM,-11,Flight match,2026-08-04 16:35:54
32431,2:06 PM,1:54 PM,-12,Flight match,2026-08-04 16:35:54
32016,2:06 PM,1:54 PM,-12,Flight match,2026-08-04 16:35:54
32371,2:06 PM,2:08 PM,2,Flight match,2026-08-04 16:35:54
28812,2:33 PM,2:27 PM,-6,Flight match,2026-08-04 16:35:54
31188,2:48 PM,2:48 PM,0,Flight match,2026-08-04 16:35:54
32594,2:57 PM,2:42 PM,-15,Flight match,2026-08-04 16:35:54
27739,2:57 PM,2:42 PM,-15,Flight match,2026-08-04 16:35:54
31877,3:43 PM,4:13 PM,30,Flight match,2026-08-04 16:35:54
16259,3:43 PM,3:47 PM,4,Flight match,2026-08-04 16:35:54
30514,4:12 PM,4:13 PM,1,Flight match,2026-08-04 16:35:54
32413,5:25 PM,5:15 PM,-10,Flight match,2026-08-04 16:35:54
7674,5:40 PM,6:28 PM,48,Flight match,2026-08-04 16:35:54
29384,5:41 PM,5:50 PM,9,Flight match,2026-08-04 16:35:54
31188,2:48 PM,2:47 PM,-1,Flight match,2026-08-04 16:46:30
29931,12:46 PM,12:37 PM,-9,Flight match,2026-08-04 16:46:47
32016,1:54 PM,1:55 PM,1,Flight match,2026-08-04 16:46:47
32431,1:54 PM,1:55 PM,1,Flight match,2026-08-04 16:46:47
32371,2:08 PM,2:11 PM,3,Flight match,2026-08-04 16:46:47
28812,2:27 PM,2:19 PM,-8,Flight match,2026-08-04 16:46:47
31877,4:13 PM,4:03 PM,-10,Flight match,2026-08-04 16:46:47
7674,6:28 PM,6:35 PM,7,Flight match,2026-08-04 16:46:47
31928,1:46 PM,1:45 PM,-1,Flight match,2026-08-04 17:02:45
29931,12:37 PM,12:41 PM,4,Flight match,2026-08-04 17:06:47
31525,12:52 PM,12:48 PM,-4,Flight match,2026-08-04 17:06:47
30823,12:52 PM,12:48 PM,-4,Flight match,2026-08-04 17:06:47
22276,1:46 PM,1:45 PM,-1,Flight match,2026-08-04 17:06:47
32016,1:55 PM,1:54 PM,-1,Flight match,2026-08-04 17:06:47
32431,1:55 PM,1:54 PM,-1,Flight match,2026-08-04 17:06:47
32594,2:42 PM,2:53 PM,11,Flight match,2026-08-04 17:06:47
27739,2:42 PM,2:53 PM,11,Flight match,2026-08-04 17:06:47
27125,3:36 PM,3:35 PM,-1,Flight match,2026-08-04 17:06:48
31135,3:36 PM,3:35 PM,-1,Flight match,2026-08-04 17:06:48
16259,3:47 PM,3:40 PM,-7,Flight match,2026-08-04 17:06:48
31877,4:03 PM,4:06 PM,3,Flight match,2026-08-04 17:06:48
27007,6:00 PM,5:54 PM,-6,Flight match,2026-08-04 17:06:48
27005,6:00 PM,5:54 PM,-6,Flight match,2026-08-04 17:06:48
7674,6:35 PM,6:07 PM,-28,Flight match,2026-08-04 17:06:48
32371,2:11 PM,2:09 PM,-2,Flight match,2026-08-04 17:26:22
32594,2:53 PM,2:58 PM,5,Flight match,2026-08-04 17:26:22
27739,2:53 PM,2:58 PM,5,Flight match,2026-08-04 17:26:22
31877,4:06 PM,3:50 PM,-16,Flight match,2026-08-04 17:26:22
30514,4:13 PM,4:03 PM,-10,Flight match,2026-08-04 17:26:22
29384,5:50 PM,5:46 PM,-4,Flight match,2026-08-04 17:26:22
27007,5:54 PM,5:56 PM,2,Flight match,2026-08-04 17:26:23
27005,5:54 PM,5:56 PM,2,Flight match,2026-08-04 17:26:23
31928,1:45 PM,1:48 PM,3,Flight match,2026-08-04 17:50:40
22276,1:45 PM,1:46 PM,1,Flight match,2026-08-04 17:50:40
32594,2:58 PM,3:08 PM,10,Flight match,2026-08-04 17:50:40
27125,3:35 PM,3:31 PM,-4,Flight match,2026-08-04 17:50:40
31135,3:35 PM,3:31 PM,-4,Flight match,2026-08-04 17:50:40
29384,5:46 PM,6:04 PM,18,Flight match,2026-08-04 17:50:40
27007,5:56 PM,5:57 PM,1,Flight match,2026-08-04 17:50:40
27005,5:56 PM,5:57 PM,1,Flight match,2026-08-04 17:50:40
22276,1:46 PM,1:48 PM,2,Flight match,2026-08-04 17:55:54
28812,2:19 PM,2:29 PM,10,Flight match,2026-08-04 17:55:54
27739,2:58 PM,3:00 PM,2,Flight match,2026-08-04 17:55:55
32594,3:08 PM,3:00 PM,-8,Flight match,2026-08-04 17:55:55
27125,3:31 PM,3:33 PM,2,Flight match,2026-08-04 17:55:55
31135,3:31 PM,3:33 PM,2,Flight match,2026-08-04 17:55:55
31877,3:50 PM,3:43 PM,-7,Flight match,2026-08-04 17:55:55
30514,4:03 PM,4:06 PM,3,Flight match,2026-08-04 17:55:55
27007,5:57 PM,5:58 PM,1,Flight match,2026-08-04 17:55:55
27005,5:57 PM,5:58 PM,1,Flight match,2026-08-04 17:55:55
7674,6:07 PM,6:00 PM,-7,Flight match,2026-08-04 17:55:55
22796,6:27 PM,5:28 PM,-59,Flight match,2026-08-04 17:55:55
32016,1:54 PM,1:59 PM,5,Flight match,2026-08-04 18:06:23
32431,1:54 PM,1:58 PM,4,Flight match,2026-08-04 18:06:23
31877,3:43 PM,3:49 PM,6,Flight match,2026-08-04 18:06:23
21400,6:10 PM,5:57 PM,-13,Flight match,2026-08-04 18:23:27
32431,1:58 PM,1:59 PM,1,Flight match,2026-08-04 18:37:43
28812,2:29 PM,2:23 PM,-6,Flight match,2026-08-04 18:37:43
31188,2:47 PM,2:44 PM,-3,Flight match,2026-08-04 18:37:43
31877,3:49 PM,4:02 PM,13,Flight match,2026-08-04 18:37:43
32413,5:15 PM,5:14 PM,-1,Flight match,2026-08-04 18:37:43
27007,5:58 PM,6:22 PM,24,Flight match,2026-08-04 18:37:43
27005,5:58 PM,6:22 PM,24,Flight match,2026-08-04 18:37:43
32319,6:10 PM,5:57 PM,-13,Flight match,2026-08-04 18:37:44
28812,2:23 PM,2:25 PM,2,Flight match,2026-08-04 18:48:22
32594,3:00 PM,3:07 PM,7,Flight match,2026-08-04 18:48:22
27739,3:00 PM,3:07 PM,7,Flight match,2026-08-04 18:48:22
32413,5:14 PM,5:15 PM,1,Flight match,2026-08-04 18:48:22
22796,5:28 PM,5:30 PM,2,Flight match,2026-08-04 18:48:22
27007,6:22 PM,5:52 PM,-30,Flight match,2026-08-04 18:48:22
27005,6:22 PM,5:52 PM,-30,Flight match,2026-08-04 18:48:22
32594,3:07 PM,3:00 PM,-7,Flight match,2026-08-04 18:53:34
27739,3:07 PM,3:00 PM,-7,Flight match,2026-08-04 18:53:34
7674,6:00 PM,6:39 PM,39,Flight match,2026-08-04 18:53:35
26861,11:25 PM,12:04 AM,-1401,Flight match,2026-08-04 18:58:31
31188,2:44 PM,2:47 PM,3,Flight match,2026-08-04 19:36:03
32594,3:00 PM,3:05 PM,5,Flight match,2026-08-04 19:36:03
27739,3:00 PM,3:05 PM,5,Flight match,2026-08-04 19:36:03
27125,3:33 PM,3:30 PM,-3,Flight match,2026-08-04 19:36:04
30514,4:06 PM,4:00 PM,-6,Flight match,2026-08-04 19:36:04
32413,5:15 PM,5:04 PM,-11,Flight match,2026-08-04 19:36:04
27007,5:52 PM,6:22 PM,30,Flight match,2026-08-04 19:36:04
27005,5:52 PM,6:22 PM,30,Flight match,2026-08-04 19:36:04
19171,6:41 PM,6:43 PM,2,Flight match,2026-08-04 19:36:04
27125,3:30 PM,3:31 PM,1,Flight match,2026-08-04 19:44:18
31135,3:33 PM,3:31 PM,-2,Flight match,2026-08-04 19:44:18
16259,3:40 PM,3:41 PM,1,Flight match,2026-08-04 19:44:18
28540,5:53 PM,5:34 PM,-19,Flight match,2026-08-04 19:44:18
7674,6:39 PM,6:45 PM,6,Flight match,2026-08-04 19:44:18
27007,6:22 PM,6:24 PM,2,Flight match,2026-08-04 19:58:48
27005,6:22 PM,6:24 PM,2,Flight match,2026-08-04 19:58:48
30514,4:00 PM,3:56 PM,-4,Flight match,2026-08-04 20:01:55
31877,4:02 PM,3:58 PM,-4,Flight match,2026-08-04 20:01:55
21400,5:57 PM,6:03 PM,6,Flight match,2026-08-04 20:01:55
32319,5:57 PM,6:03 PM,6,Flight match,2026-08-04 20:01:55
19171,6:43 PM,6:32 PM,-11,Flight match,2026-08-04 20:01:55
7674,6:45 PM,6:49 PM,4,Flight match,2026-08-04 20:01:55
16259,3:41 PM,3:40 PM,-1,Flight match,2026-08-04 21:09:00
30514,3:56 PM,3:53 PM,-3,Flight match,2026-08-04 21:09:00
31877,3:58 PM,4:01 PM,3,Flight match,2026-08-04 21:09:00
32413,5:04 PM,5:16 PM,12,Flight match,2026-08-04 21:09:00
28540,5:34 PM,5:47 PM,13,Flight match,2026-08-04 21:09:01
21400,6:03 PM,6:02 PM,-1,Flight match,2026-08-04 21:09:01
32319,6:03 PM,6:02 PM,-1,Flight match,2026-08-04 21:09:01
29384,6:04 PM,5:57 PM,-7,Flight match,2026-08-04 21:09:01
27007,6:24 PM,6:21 PM,-3,Flight match,2026-08-04 21:09:01
27005,6:24 PM,6:21 PM,-3,Flight match,2026-08-04 21:09:01
19171,6:32 PM,6:38 PM,6,Flight match,2026-08-04 21:09:01
7674,6:49 PM,6:59 PM,10,Flight match,2026-08-04 21:09:01
31047,10:52 PM,12:34 AM,-1338,Flight match,2026-08-04 21:12:15
26861,11:59 PM,12:01 AM,-1438,Flight match,2026-08-04 21:12:24
32413,5:16 PM,5:44 PM,28,Flight match,2026-08-04 21:49:52
22796,5:30 PM,5:45 PM,15,Flight match,2026-08-04 21:49:52
28540,5:47 PM,6:02 PM,15,Flight match,2026-08-04 21:49:52
21400,6:02 PM,6:08 PM,6,Flight match,2026-08-04 21:49:52
32319,6:02 PM,6:08 PM,6,Flight match,2026-08-04 21:49:52
27007,6:21 PM,6:26 PM,5,Flight match,2026-08-04 21:49:52
27005,6:21 PM,6:26 PM,5,Flight match,2026-08-04 21:49:52
19171,6:38 PM,6:43 PM,5,Flight match,2026-08-04 21:49:52
22796,5:45 PM,5:47 PM,2,Flight match,2026-08-04 22:07:04
28540,6:02 PM,6:11 PM,9,Flight match,2026-08-04 22:07:04
21400,6:08 PM,6:11 PM,3,Flight match,2026-08-04 22:07:04
32319,6:08 PM,6:11 PM,3,Flight match,2026-08-04 22:07:04
27007,6:26 PM,6:33 PM,7,Flight match,2026-08-04 22:07:04
27005,6:26 PM,6:33 PM,7,Flight match,2026-08-04 22:07:04
28540,6:11 PM,5:47 PM,-24,Flight match,2026-08-04 22:08:32
19171,6:43 PM,6:51 PM,8,Flight match,2026-08-04 22:08:32
28540,5:47 PM,6:11 PM,24,Flight match,2026-08-04 22:31:53
22796,5:47 PM,5:45 PM,-2,Flight match,2026-08-04 22:31:53
21400,6:11 PM,6:12 PM,1,Flight match,2026-08-04 22:31:53
32319,6:11 PM,6:12 PM,1,Flight match,2026-08-04 22:31:53
27007,6:33 PM,6:34 PM,1,Flight match,2026-08-04 22:31:53
27005,6:33 PM,6:34 PM,1,Flight match,2026-08-04 22:31:53
7674,6:59 PM,7:03 PM,4,Flight match,2026-08-04 22:31:53
32607,8:05 AM,7:54 AM,-11,Flight match,2026-08-04 22:38:27
31737,9:36 AM,9:35 AM,-1,Flight match,2026-08-04 22:38:27
31233,10:13 AM,10:20 AM,7,Flight match,2026-08-04 22:38:27
17273,10:13 AM,10:20 AM,7,Flight match,2026-08-04 22:38:27
31573,11:04 AM,11:02 AM,-2,Flight match,2026-08-04 22:38:27
30168,11:17 AM,11:19 AM,2,Flight match,2026-08-04 22:38:27
26777,11:18 AM,11:22 AM,4,Flight match,2026-08-04 22:38:27
28564,11:18 AM,11:22 AM,4,Flight match,2026-08-04 22:38:28
29133,11:55 AM,11:53 AM,-2,Flight match,2026-08-04 22:38:28
31373,11:55 AM,11:53 AM,-2,Flight match,2026-08-04 22:38:28
32626,12:40 PM,12:22 PM,-18,Flight match,2026-08-04 22:38:28
28259,12:58 PM,12:54 PM,-4,Flight match,2026-08-04 22:38:28
29739,1:18 PM,1:15 PM,-3,Flight match,2026-08-04 22:38:28
30500,1:46 PM,1:43 PM,-3,Flight match,2026-08-04 22:38:28
30458,2:00 PM,1:52 PM,-8,Flight match,2026-08-04 22:38:28
29335,2:05 PM,1:56 PM,-9,Flight match,2026-08-04 22:38:28
28412,2:05 PM,1:56 PM,-9,Flight match,2026-08-04 22:38:28
22553,2:41 PM,2:43 PM,2,Flight match,2026-08-04 22:38:28
32160,3:03 PM,3:00 PM,-3,Flight match,2026-08-04 22:38:28
31749,4:17 PM,4:18 PM,1,Flight match,2026-08-04 22:38:28
30660,4:26 PM,3:51 PM,-35,Flight match,2026-08-04 22:38:28
31325,4:28 PM,4:24 PM,-4,Flight match,2026-08-04 22:38:28
30224,4:30 PM,4:10 PM,-20,Flight match,2026-08-04 22:38:28
32301,4:30 PM,4:10 PM,-20,Flight match,2026-08-04 22:38:28
31365,4:32 PM,4:07 PM,-25,Flight match,2026-08-04 22:38:28
30449,4:40 PM,4:12 PM,-28,Flight match,2026-08-04 22:38:28
20649,5:23 PM,5:24 PM,1,Flight match,2026-08-04 22:38:28
30913,6:35 PM,6:27 PM,-8,Flight match,2026-08-04 22:38:28
20578,6:54 PM,6:38 PM,-16,Flight match,2026-08-04 22:38:28
32646,9:30 PM,9:06 PM,-24,Flight match,2026-08-04 22:38:28
19171,6:51 PM,6:49 PM,-2,Flight match,2026-08-04 23:04:26
7674,7:03 PM,7:04 PM,1,Flight match,2026-08-04 23:04:26
26861,12:01 AM,1:20 AM,79,Flight match,2026-08-04 23:04:59
7674,7:04 PM,7:03 PM,-1,Flight match,2026-08-04 23:28:17
31047,12:34 AM,1:47 AM,73,Flight match,2026-08-04 23:31:04
30475,1:31 AM,1:01 AM,-30,Flight match,2026-08-05 00:16:44
24489,8:20 AM,3:43 PM,443,Flight match,2026-08-05 00:16:44
24236,8:30 AM,8:20 AM,-10,Flight match,2026-08-05 00:16:44
27555,9:30 AM,9:35 AM,5,Flight match,2026-08-05 00:16:45
26948,9:35 AM,9:30 AM,-5,Flight match,2026-08-05 00:16:45
30139,9:40 AM,9:35 AM,-5,Flight match,2026-08-05 00:16:45
31271,9:40 AM,10:37 AM,57,Flight match,2026-08-05 00:16:45
32032,9:45 AM,9:27 AM,-18,Flight match,2026-08-05 00:16:45
27593,9:45 AM,9:43 AM,-2,Flight match,2026-08-05 00:16:45
25854,10:00 AM,9:32 AM,-28,Flight match,2026-08-05 00:16:45
31508,10:00 AM,9:49 AM,-11,Flight match,2026-08-05 00:16:45
29097,10:40 AM,10:37 AM,-3,Flight match,2026-08-05 00:16:45
31864,10:51 AM,10:50 AM,-1,Flight match,2026-08-05 00:16:45
31623,11:00 AM,10:50 AM,-10,Flight match,2026-08-05 00:16:45
30023,11:07 AM,3:43 PM,276,Flight match,2026-08-05 00:16:45
30842,11:15 AM,11:08 AM,-7,Flight match,2026-08-05 00:16:45
22715,11:35 AM,11:36 AM,1,Flight match,2026-08-05 00:16:46
32380,11:35 AM,10:50 AM,-45,Flight match,2026-08-05 00:16:46
29430,12:00 PM,11:19 AM,-41,Flight match,2026-08-05 00:16:46
32429,12:45 PM,11:40 AM,-65,Flight match,2026-08-05 00:16:46
32095,1:45 PM,1:41 PM,-4,Flight match,2026-08-05 00:16:46
31901,4:00 PM,4:04 PM,4,Flight match,2026-08-05 00:16:46
26527,4:50 PM,4:51 PM,1,Flight match,2026-08-05 00:16:46
32465,6:30 PM,6:17 PM,-13,Flight match,2026-08-05 00:16:46
22730,6:53 PM,6:54 PM,1,Flight match,2026-08-05 00:16:47
31333,8:10 PM,7:45 PM,-25,Flight match,2026-08-05 00:16:47
32255,9:50 PM,9:42 PM,-8,Flight match,2026-08-05 00:16:47
29005,10:23 AM,10:25 AM,2,Flight match,2026-08-05 04:30:03
32720,10:30 AM,10:28 AM,-2,Flight match,2026-08-05 04:30:03
29976,11:03 AM,11:22 AM,19,Flight match,2026-08-05 04:30:03
32723,12:40 PM,12:27 PM,-13,Flight match,2026-08-05 04:30:03
29886,2:22 PM,2:51 PM,29,Flight match,2026-08-05 04:30:03
22553,2:43 PM,2:41 PM,-2,Flight match,2026-08-05 04:30:03
30660,3:51 PM,4:09 PM,18,Flight match,2026-08-05 04:30:03
31749,4:18 PM,4:17 PM,-1,Flight match,2026-08-05 04:30:03
20649,5:24 PM,5:23 PM,-1,Flight match,2026-08-05 04:30:03
21382,5:29 PM,6:00 PM,31,Flight match,2026-08-05 04:30:03
20578,6:38 PM,6:54 PM,16,Flight match,2026-08-05 04:30:03
32646,9:06 PM,9:16 PM,10,Flight match,2026-08-05 04:30:03
32234,10:30 PM,10:17 PM,-13,Flight match,2026-08-05 04:30:03
32336,10:30 PM,10:17 PM,-13,Flight match,2026-08-05 04:30:03
28903,10:32 PM,10:30 PM,-2,Flight match,2026-08-05 04:30:03
31846,9:03 AM,9:04 AM,1,Flight match,2026-08-05 07:32:51
30573,9:03 AM,9:04 AM,1,Flight match,2026-08-05 07:32:51
31233,10:20 AM,10:13 AM,-7,Flight match,2026-08-05 07:32:52
17273,10:20 AM,10:13 AM,-7,Flight match,2026-08-05 07:32:52
32244,11:18 AM,11:15 AM,-3,Flight match,2026-08-05 07:32:52
30168,11:19 AM,11:20 AM,1,Flight match,2026-08-05 07:32:52
26777,11:22 AM,11:18 AM,-4,Flight match,2026-08-05 07:32:53
28564,11:22 AM,11:18 AM,-4,Flight match,2026-08-05 07:32:53
29886,2:51 PM,1:51 PM,-60,Flight match,2026-08-05 07:32:53
31325,4:24 PM,4:28 PM,4,Flight match,2026-08-05 07:32:53
32607,7:54 AM,7:54 AM,0,Flight match,2026-08-05 11:08:48
27280,8:40 AM,8:34 AM,-6,Flight match,2026-08-05 11:08:48
30871,8:56 AM,8:47 AM,-9,Flight match,2026-08-05 11:08:48
19239,8:56 AM,8:47 AM,-9,Flight match,2026-08-05 11:08:48
31846,9:04 AM,9:01 AM,-3,Flight match,2026-08-05 11:08:48
30573,9:04 AM,9:01 AM,-3,Flight match,2026-08-05 11:08:48
31737,9:35 AM,9:39 AM,4,Flight match,2026-08-05 11:08:49
24628,9:45 AM,9:42 AM,-3,Flight match,2026-08-05 11:08:49
30323,9:54 AM,9:56 AM,2,Flight match,2026-08-05 11:08:49
30605,10:03 AM,10:08 AM,5,Flight match,2026-08-05 11:08:49
31233,10:13 AM,10:10 AM,-3,Flight match,2026-08-05 11:08:49
17273,10:13 AM,10:10 AM,-3,Flight match,2026-08-05 11:08:49
29005,10:25 AM,10:19 AM,-6,Flight match,2026-08-05 11:08:49
32720,10:28 AM,10:31 AM,3,Flight match,2026-08-05 11:08:49
30951,10:36 AM,10:37 AM,1,Flight match,2026-08-05 11:08:49
31745,10:36 AM,10:37 AM,1,Flight match,2026-08-05 11:08:49
27904,10:36 AM,10:37 AM,1,Flight match,2026-08-05 11:08:49
31573,11:02 AM,11:03 AM,1,Flight match,2026-08-05 11:08:49
32244,11:15 AM,11:11 AM,-4,Flight match,2026-08-05 11:08:49
26777,11:18 AM,11:19 AM,1,Flight match,2026-08-05 11:08:49
28564,11:18 AM,11:19 AM,1,Flight match,2026-08-05 11:08:49
29976,11:22 AM,10:58 AM,-24,Flight match,2026-08-05 11:08:49
32200,11:26 AM,11:32 AM,6,Flight match,2026-08-05 11:08:49
29133,11:53 AM,11:50 AM,-3,Flight match,2026-08-05 11:08:49
31373,11:53 AM,11:50 AM,-3,Flight match,2026-08-05 11:08:49
32626,12:22 PM,12:40 PM,18,Flight match,2026-08-05 11:08:49
32723,12:27 PM,12:40 PM,13,Flight match,2026-08-05 11:08:49
28259,12:54 PM,12:58 PM,4,Flight match,2026-08-05 11:08:49
32451,1:00 PM,1:04 PM,4,Flight match,2026-08-05 11:08:49
29886,1:51 PM,2:50 PM,59,Flight match,2026-08-05 11:08:50
30458,1:52 PM,2:00 PM,8,Flight match,2026-08-05 11:08:50
29335,1:56 PM,2:05 PM,9,Flight match,2026-08-05 11:08:50
28412,1:56 PM,2:05 PM,9,Flight match,2026-08-05 11:08:50
22553,2:41 PM,2:43 PM,2,Flight match,2026-08-05 11:08:50
29007,2:48 PM,2:50 PM,2,Flight match,2026-08-05 11:08:50
31365,4:07 PM,4:32 PM,25,Flight match,2026-08-05 11:08:50
30660,4:09 PM,4:07 PM,-2,Flight match,2026-08-05 11:08:50
30224,4:10 PM,4:30 PM,20,Flight match,2026-08-05 11:08:50
32301,4:10 PM,4:30 PM,20,Flight match,2026-08-05 11:08:50
30916,5:33 PM,5:34 PM,1,Flight match,2026-08-05 11:08:50
21382,6:00 PM,5:24 PM,-36,Flight match,2026-08-05 11:08:50
30913,6:27 PM,6:35 PM,8,Flight match,2026-08-05 11:08:50
32234,10:17 PM,10:30 PM,13,Flight match,2026-08-05 11:08:50
32336,10:17 PM,10:30 PM,13,Flight match,2026-08-05 11:08:50
30323,9:56 AM,9:59 AM,3,Flight match,2026-08-05 11:30:13
31233,10:10 AM,9:59 AM,-11,Flight match,2026-08-05 11:30:13
17273,10:10 AM,9:59 AM,-11,Flight match,2026-08-05 11:30:13
31573,11:03 AM,10:57 AM,-6,Flight match,2026-08-05 11:30:13
30168,11:20 AM,11:18 AM,-2,Flight match,2026-08-05 11:30:13
32200,11:32 AM,11:31 AM,-1,Flight match,2026-08-05 11:30:13
27280,8:34 AM,8:33 AM,-1,Flight match,2026-08-05 11:47:11
31737,9:39 AM,9:41 AM,2,Flight match,2026-08-05 11:47:11
24628,9:42 AM,9:39 AM,-3,Flight match,2026-08-05 11:47:11
30323,9:59 AM,9:53 AM,-6,Flight match,2026-08-05 11:47:11
31233,9:59 AM,10:07 AM,8,Flight match,2026-08-05 11:47:11
17273,9:59 AM,10:07 AM,8,Flight match,2026-08-05 11:47:11
30605,10:08 AM,9:52 AM,-16,Flight match,2026-08-05 11:47:11
30951,10:37 AM,10:34 AM,-3,Flight match,2026-08-05 11:47:11
31745,10:37 AM,10:34 AM,-3,Flight match,2026-08-05 11:47:11
27904,10:37 AM,10:34 AM,-3,Flight match,2026-08-05 11:47:11
31573,10:57 AM,10:58 AM,1,Flight match,2026-08-05 11:47:11
28259,12:58 PM,12:38 PM,-20,Flight match,2026-08-05 11:47:11
22553,2:43 PM,2:41 PM,-2,Flight match,2026-08-05 11:47:11
19239,8:47 AM,8:46 AM,-1,Flight match,2026-08-05 11:57:20
29005,10:19 AM,10:19 AM,0,Flight match,2026-08-05 11:57:20
31573,10:58 AM,10:56 AM,-2,Flight match,2026-08-05 11:57:20
32723,12:40 PM,12:32 PM,-8,Flight match,2026-08-05 11:57:20
22553,2:41 PM,2:43 PM,2,Flight match,2026-08-05 11:57:20
29992,4:37 PM,4:32 PM,-5,Flight match,2026-08-05 11:57:20
30475,1:01 AM,1:05 AM,4,Flight match,2026-08-05 11:59:50
23576,7:25 AM,7:17 AM,-8,Flight match,2026-08-05 11:59:50
24236,8:20 AM,8:15 AM,-5,Flight match,2026-08-05 11:59:50
28678,8:22 AM,8:15 AM,-7,Flight match,2026-08-05 11:59:50
30086,8:40 AM,8:44 AM,4,Flight match,2026-08-05 11:59:50
29817,8:40 AM,8:44 AM,4,Flight match,2026-08-05 11:59:50
31606,9:16 AM,9:20 AM,4,Flight match,2026-08-05 11:59:50
31078,9:25 AM,9:13 AM,-12,Flight match,2026-08-05 11:59:50
32032,9:27 AM,9:14 AM,-13,Flight match,2026-08-05 11:59:50
29549,9:27 AM,9:14 AM,-13,Flight match,2026-08-05 11:59:50
26948,9:30 AM,9:24 AM,-6,Flight match,2026-08-05 11:59:50
30139,9:35 AM,9:36 AM,1,Flight match,2026-08-05 11:59:50
27555,9:35 AM,9:25 AM,-10,Flight match,2026-08-05 11:59:50
27593,9:43 AM,9:24 AM,-19,Flight match,2026-08-05 11:59:50
31508,9:49 AM,9:50 AM,1,Flight match,2026-08-05 11:59:50
24091,10:37 AM,10:21 AM,-16,Flight match,2026-08-05 11:59:50
29097,10:37 AM,10:21 AM,-16,Flight match,2026-08-05 11:59:50
31271,10:37 AM,10:21 AM,-16,Flight match,2026-08-05 11:59:51
32095,1:41 PM,1:30 PM,-11,Flight match,2026-08-05 11:59:51
24384,2:42 PM,2:35 PM,-7,Flight match,2026-08-05 11:59:51
21970,2:59 PM,2:48 PM,-11,Flight match,2026-08-05 11:59:51
28526,5:10 PM,4:31 PM,-39,Flight match,2026-08-05 11:59:51
31103,5:14 PM,5:00 PM,-14,Flight match,2026-08-05 11:59:51
23277,6:20 PM,6:06 PM,-14,Flight match,2026-08-05 11:59:51
32509,8:35 PM,8:32 PM,-3,Flight match,2026-08-05 11:59:51
32607,7:54 AM,7:50 AM,-4,Flight match,2026-08-05 12:14:38
19239,8:46 AM,8:48 AM,2,Flight match,2026-08-05 12:14:38
30871,8:47 AM,8:48 AM,1,Flight match,2026-08-05 12:14:38
30605,9:52 AM,10:08 AM,16,Flight match,2026-08-05 12:14:38
29005,10:19 AM,10:01 AM,-18,Flight match,2026-08-05 12:14:38
32752,10:30 AM,10:21 AM,-9,Flight match,2026-08-05 12:14:38
32720,10:31 AM,10:26 AM,-5,Flight match,2026-08-05 12:14:38
30168,11:18 AM,11:19 AM,1,Flight match,2026-08-05 12:14:38
29886,2:50 PM,2:51 PM,1,Flight match,2026-08-05 12:14:38
27280,8:33 AM,8:34 AM,1,Flight match,2026-08-05 12:24:34
30323,9:53 AM,10:00 AM,7,Flight match,2026-08-05 12:24:34
29005,10:01 AM,10:02 AM,1,Flight match,2026-08-05 12:24:34
30605,10:08 AM,10:01 AM,-7,Flight match,2026-08-05 12:24:34
32752,10:21 AM,10:18 AM,-3,Flight match,2026-08-05 12:24:34
30951,10:34 AM,10:37 AM,3,Flight match,2026-08-05 12:24:34
31745,10:34 AM,10:37 AM,3,Flight match,2026-08-05 12:24:34
27904,10:34 AM,10:37 AM,3,Flight match,2026-08-05 12:24:34
31573,10:56 AM,10:55 AM,-1,Flight match,2026-08-05 12:24:34
32244,11:11 AM,10:58 AM,-13,Flight match,2026-08-05 12:24:34
26777,11:19 AM,11:35 AM,16,Flight match,2026-08-05 12:24:34
28564,11:19 AM,11:35 AM,16,Flight match,2026-08-05 12:24:34
30458,2:00 PM,1:51 PM,-9,Flight match,2026-08-05 12:24:34
29886,2:51 PM,2:49 PM,-2,Flight match,2026-08-05 12:24:35
27280,8:34 AM,8:36 AM,2,Flight match,2026-08-05 12:29:40
19239,8:48 AM,8:47 AM,-1,Flight match,2026-08-05 12:29:40
32752,10:18 AM,10:20 AM,2,Flight match,2026-08-05 12:37:11
26777,11:35 AM,11:06 AM,-29,Flight match,2026-08-05 12:37:11
28564,11:35 AM,11:30 AM,-5,Flight match,2026-08-05 12:37:11
31373,11:50 AM,11:46 AM,-4,Flight match,2026-08-05 12:37:11
29133,11:50 AM,11:46 AM,-4,Flight match,2026-08-05 12:37:11
32451,1:04 PM,12:54 PM,-10,Flight match,2026-08-05 12:37:11
29886,2:49 PM,2:50 PM,1,Flight match,2026-08-05 12:37:11
27280,8:36 AM,8:38 AM,2,Flight match,2026-08-05 12:53:07
30871,8:48 AM,8:47 AM,-1,Flight match,2026-08-05 12:57:46
31846,9:01 AM,8:57 AM,-4,Flight match,2026-08-05 12:57:46
30573,9:01 AM,8:57 AM,-4,Flight match,2026-08-05 12:57:46
24628,9:39 AM,9:38 AM,-1,Flight match,2026-08-05 12:57:46
30605,10:01 AM,9:59 AM,-2,Flight match,2026-08-05 12:57:46
29005,10:02 AM,10:12 AM,10,Flight match,2026-08-05 12:57:47
32720,10:26 AM,10:32 AM,6,Flight match,2026-08-05 12:57:47
30951,10:37 AM,10:54 AM,17,Flight match,2026-08-05 12:57:47
31745,10:37 AM,10:54 AM,17,Flight match,2026-08-05 12:57:47
27904,10:37 AM,10:54 AM,17,Flight match,2026-08-05 12:57:47
32244,10:58 AM,11:07 AM,9,Flight match,2026-08-05 12:57:47
26777,11:06 AM,11:12 AM,6,Flight match,2026-08-05 12:57:47
30168,11:19 AM,11:14 AM,-5,Flight match,2026-08-05 12:57:47
28564,11:30 AM,11:12 AM,-18,Flight match,2026-08-05 12:57:47
32200,11:31 AM,11:29 AM,-2,Flight match,2026-08-05 12:57:47
31373,11:46 AM,11:45 AM,-1,Flight match,2026-08-05 12:57:47
29133,11:46 AM,11:45 AM,-1,Flight match,2026-08-05 12:57:47
32626,12:40 PM,12:26 PM,-14,Flight match,2026-08-05 12:57:47
29886,2:50 PM,2:49 PM,-1,Flight match,2026-08-05 12:57:47
21382,5:24 PM,5:34 PM,10,Flight match,2026-08-05 12:57:47
26851,10:06 AM,10:03 AM,-3,Flight match,2026-08-05 13:03:28
17892,10:20 AM,10:17 AM,-3,Flight match,2026-08-05 13:03:28
31623,10:50 AM,10:26 AM,-24,Flight match,2026-08-05 13:03:28
31864,10:50 AM,10:29 AM,-21,Flight match,2026-08-05 13:03:28
32380,10:50 AM,10:29 AM,-21,Flight match,2026-08-05 13:03:28
30558,10:52 AM,10:28 AM,-24,Flight match,2026-08-05 13:03:28
30842,11:08 AM,11:11 AM,3,Flight match,2026-08-05 13:03:28
29430,11:19 AM,11:19 AM,0,Flight match,2026-08-05 13:03:28
29850,11:36 AM,11:27 AM,-9,Flight match,2026-08-05 13:03:28
22715,11:36 AM,11:27 AM,-9,Flight match,2026-08-05 13:03:29
32429,11:40 AM,11:43 AM,3,Flight match,2026-08-05 13:03:29
24489,3:43 PM,11:00 AM,-283,Flight match,2026-08-05 13:03:29
30023,3:43 PM,11:00 AM,-283,Flight match,2026-08-05 13:03:29
19239,8:47 AM,8:47 AM,0,Flight match,2026-08-05 13:07:37
30951,10:54 AM,10:59 AM,5,Flight match,2026-08-05 13:07:37
31745,10:54 AM,10:59 AM,5,Flight match,2026-08-05 13:07:37
27904,10:54 AM,10:59 AM,5,Flight match,2026-08-05 13:07:37
26777,11:12 AM,11:07 AM,-5,Flight match,2026-08-05 13:07:37
28564,11:12 AM,11:07 AM,-5,Flight match,2026-08-05 13:07:37
31846,8:57 AM,9:04 AM,7,Flight match,2026-08-05 13:11:37
30573,8:57 AM,9:04 AM,7,Flight match,2026-08-05 13:11:37
24628,9:38 AM,9:41 AM,3,Flight match,2026-08-05 13:11:37
29976,10:58 AM,11:02 AM,4,Flight match,2026-08-05 13:11:37
30951,10:59 AM,11:05 AM,6,Flight match,2026-08-05 13:11:37
31745,10:59 AM,11:05 AM,6,Flight match,2026-08-05 13:11:37
27904,10:59 AM,11:05 AM,6,Flight match,2026-08-05 13:11:37
30168,11:14 AM,11:19 AM,5,Flight match,2026-08-05 13:11:37
32200,11:29 AM,11:28 AM,-1,Flight match,2026-08-05 13:11:37
31373,11:45 AM,11:42 AM,-3,Flight match,2026-08-05 13:11:37
29133,11:45 AM,11:42 AM,-3,Flight match,2026-08-05 13:11:38
26238,1:55 PM,1:47 PM,-8,Flight match,2026-08-05 13:11:38
29886,2:49 PM,2:48 PM,-1,Flight match,2026-08-05 13:11:38
32200,11:28 AM,11:26 AM,-2,Flight match,2026-08-05 13:21:18
24628,9:41 AM,9:40 AM,-1,Flight match,2026-08-05 13:46:49
32752,10:20 AM,10:19 AM,-1,Flight match,2026-08-05 13:46:49
29976,11:02 AM,10:57 AM,-5,Flight match,2026-08-05 13:46:49
30951,11:05 AM,11:30 AM,25,Flight match,2026-08-05 13:46:49
31745,11:05 AM,11:30 AM,25,Flight match,2026-08-05 13:46:49
27904,11:05 AM,11:30 AM,25,Flight match,2026-08-05 13:46:49
26777,11:07 AM,11:06 AM,-1,Flight match,2026-08-05 13:46:50
28564,11:07 AM,11:06 AM,-1,Flight match,2026-08-05 13:46:50
31373,11:42 AM,11:47 AM,5,Flight match,2026-08-05 13:46:50
29133,11:42 AM,11:47 AM,5,Flight match,2026-08-05 13:46:50
32723,12:32 PM,12:30 PM,-2,Flight match,2026-08-05 13:46:50
29335,2:05 PM,1:59 PM,-6,Flight match,2026-08-05 13:46:50
28412,2:05 PM,1:59 PM,-6,Flight match,2026-08-05 13:46:50
29886,2:48 PM,2:44 PM,-4,Flight match,2026-08-05 13:46:50
30660,4:07 PM,3:49 PM,-18,Flight match,2026-08-05 13:46:50
31737,9:41 AM,9:46 AM,5,Flight match,2026-08-05 14:05:08
30871,8:47 AM,8:47 AM,0,Flight match,2026-08-05 14:15:24
24628,9:40 AM,9:37 AM,-3,Flight match,2026-08-05 14:15:24
30605,9:59 AM,9:54 AM,-5,Flight match,2026-08-05 14:15:25
30323,10:00 AM,9:58 AM,-2,Flight match,2026-08-05 14:15:25
29005,10:12 AM,10:17 AM,5,Flight match,2026-08-05 14:15:25
28564,11:06 AM,11:07 AM,1,Flight match,2026-08-05 14:15:25
26777,11:06 AM,11:07 AM,1,Flight match,2026-08-05 14:15:25
32244,11:07 AM,11:01 AM,-6,Flight match,2026-08-05 14:15:25
30951,11:30 AM,11:33 AM,3,Flight match,2026-08-05 14:15:25
31745,11:30 AM,11:33 AM,3,Flight match,2026-08-05 14:15:25
27904,11:30 AM,11:33 AM,3,Flight match,2026-08-05 14:15:25
32723,12:30 PM,12:43 PM,13,Flight match,2026-08-05 14:15:25
28259,12:38 PM,12:29 PM,-9,Flight match,2026-08-05 14:15:25
30500,1:43 PM,1:34 PM,-9,Flight match,2026-08-05 14:15:25
22553,2:43 PM,2:41 PM,-2,Flight match,2026-08-05 14:15:25
29886,2:44 PM,2:47 PM,3,Flight match,2026-08-05 14:15:25
29007,2:50 PM,2:48 PM,-2,Flight match,2026-08-05 14:15:25
30660,3:49 PM,3:47 PM,-2,Flight match,2026-08-05 14:15:25
31325,4:28 PM,4:32 PM,4,Flight match,2026-08-05 14:15:25
21382,5:34 PM,5:32 PM,-2,Flight match,2026-08-05 14:15:25
20578,6:54 PM,6:38 PM,-16,Flight match,2026-08-05 14:15:25
31233,10:07 AM,10:06 AM,-1,Flight match,2026-08-05 14:38:28
17273,10:07 AM,10:06 AM,-1,Flight match,2026-08-05 14:38:28
29005,10:17 AM,10:07 AM,-10,Flight match,2026-08-05 14:38:28
32752,10:19 AM,10:15 AM,-4,Flight match,2026-08-05 14:38:28
32723,12:43 PM,12:44 PM,1,Flight match,2026-08-05 14:38:28
30500,1:34 PM,1:36 PM,2,Flight match,2026-08-05 14:38:28
29886,2:47 PM,2:48 PM,1,Flight match,2026-08-05 14:38:28
29007,2:48 PM,2:55 PM,7,Flight match,2026-08-05 14:38:28
31749,4:17 PM,4:16 PM,-1,Flight match,2026-08-05 14:38:28
29005,10:07 AM,10:12 AM,5,Flight match,2026-08-05 14:57:14
32720,10:32 AM,10:30 AM,-2,Flight match,2026-08-05 14:57:14
32200,11:26 AM,11:32 AM,6,Flight match,2026-08-05 14:57:15
30951,11:33 AM,11:30 AM,-3,Flight match,2026-08-05 14:57:15
31745,11:33 AM,11:30 AM,-3,Flight match,2026-08-05 14:57:15
27904,11:33 AM,11:30 AM,-3,Flight match,2026-08-05 14:57:15
32626,12:26 PM,12:20 PM,-6,Flight match,2026-08-05 14:57:15
32723,12:44 PM,12:43 PM,-1,Flight match,2026-08-05 14:57:15
32451,12:54 PM,1:08 PM,14,Flight match,2026-08-05 14:57:15
29739,1:15 PM,1:22 PM,7,Flight match,2026-08-05 14:57:15
30500,1:36 PM,1:58 PM,22,Flight match,2026-08-05 14:57:15
26238,1:47 PM,1:46 PM,-1,Flight match,2026-08-05 14:57:15
30458,1:51 PM,1:50 PM,-1,Flight match,2026-08-05 14:57:15
29886,2:48 PM,2:51 PM,3,Flight match,2026-08-05 14:57:15
30660,3:47 PM,4:09 PM,22,Flight match,2026-08-05 14:57:15
31749,4:16 PM,4:06 PM,-10,Flight match,2026-08-05 14:57:15
31573,10:55 AM,10:53 AM,-2,Flight match,2026-08-05 15:21:23
32244,11:01 AM,11:00 AM,-1,Flight match,2026-08-05 15:21:23
28564,11:07 AM,11:05 AM,-2,Flight match,2026-08-05 15:21:23
26777,11:07 AM,11:05 AM,-2,Flight match,2026-08-05 15:21:23
30168,11:19 AM,11:13 AM,-6,Flight match,2026-08-05 15:21:23
30951,11:30 AM,11:29 AM,-1,Flight match,2026-08-05 15:21:23
31745,11:30 AM,11:29 AM,-1,Flight match,2026-08-05 15:21:23
27904,11:30 AM,11:29 AM,-1,Flight match,2026-08-05 15:21:23
32200,11:32 AM,11:33 AM,1,Flight match,2026-08-05 15:21:23
32626,12:20 PM,12:18 PM,-2,Flight match,2026-08-05 15:21:23
32451,1:08 PM,12:56 PM,-12,Flight match,2026-08-05 15:21:23
29739,1:22 PM,1:29 PM,7,Flight match,2026-08-05 15:21:23
26238,1:46 PM,1:47 PM,1,Flight match,2026-08-05 15:21:24
30458,1:50 PM,1:51 PM,1,Flight match,2026-08-05 15:21:24
30500,1:58 PM,1:35 PM,-23,Flight match,2026-08-05 15:21:24
29335,1:59 PM,1:58 PM,-1,Flight match,2026-08-05 15:21:24
28412,1:59 PM,1:58 PM,-1,Flight match,2026-08-05 15:21:24
29886,2:51 PM,2:52 PM,1,Flight match,2026-08-05 15:21:24
32160,3:00 PM,2:59 PM,-1,Flight match,2026-08-05 15:21:24
31749,4:06 PM,3:54 PM,-12,Flight match,2026-08-05 15:21:24
30660,4:09 PM,4:02 PM,-7,Flight match,2026-08-05 15:21:24
31365,4:32 PM,4:07 PM,-25,Flight match,2026-08-05 15:21:24
29992,4:32 PM,4:30 PM,-2,Flight match,2026-08-05 15:21:24
20649,5:23 PM,5:05 PM,-18,Flight match,2026-08-05 15:21:24
29976,10:57 AM,11:08 AM,11,Flight match,2026-08-05 15:32:01
28564,11:05 AM,11:08 AM,3,Flight match,2026-08-05 15:32:01
26777,11:05 AM,11:08 AM,3,Flight match,2026-08-05 15:32:01
27904,11:29 AM,11:28 AM,-1,Flight match,2026-08-05 15:32:01
31373,11:47 AM,11:50 AM,3,Flight match,2026-08-05 15:32:01
29133,11:47 AM,11:50 AM,3,Flight match,2026-08-05 15:32:01
32451,12:56 PM,1:01 PM,5,Flight match,2026-08-05 15:32:01
30500,1:35 PM,1:44 PM,9,Flight match,2026-08-05 15:32:01
29007,2:55 PM,2:47 PM,-8,Flight match,2026-08-05 15:32:02
29007,2:47 PM,2:53 PM,6,Flight match,2026-08-05 15:52:35
30951,11:29 AM,11:28 AM,-1,Flight match,2026-08-05 16:13:19
31745,11:29 AM,11:28 AM,-1,Flight match,2026-08-05 16:13:19
32200,11:33 AM,11:38 AM,5,Flight match,2026-08-05 16:13:19
31373,11:50 AM,11:46 AM,-4,Flight match,2026-08-05 16:13:19
29133,11:50 AM,11:46 AM,-4,Flight match,2026-08-05 16:13:19
32626,12:18 PM,12:27 PM,9,Flight match,2026-08-05 16:13:19
28259,12:29 PM,12:28 PM,-1,Flight match,2026-08-05 16:13:19
32723,12:43 PM,12:42 PM,-1,Flight match,2026-08-05 16:13:20
29739,1:29 PM,1:26 PM,-3,Flight match,2026-08-05 16:13:20
30500,1:44 PM,1:36 PM,-8,Flight match,2026-08-05 16:13:20
26238,1:47 PM,1:39 PM,-8,Flight match,2026-08-05 16:13:20
29335,1:58 PM,2:00 PM,2,Flight match,2026-08-05 16:13:20
28412,1:58 PM,2:00 PM,2,Flight match,2026-08-05 16:13:20
22553,2:41 PM,2:37 PM,-4,Flight match,2026-08-05 16:13:20
31749,3:54 PM,4:06 PM,12,Flight match,2026-08-05 16:13:20
30660,4:02 PM,4:19 PM,17,Flight match,2026-08-05 16:13:20
30224,4:30 PM,4:28 PM,-2,Flight match,2026-08-05 16:13:20
32301,4:30 PM,4:28 PM,-2,Flight match,2026-08-05 16:13:20
20649,5:05 PM,5:22 PM,17,Flight match,2026-08-05 16:13:20
22235,5:35 PM,5:43 PM,8,Flight match,2026-08-05 16:13:20
32626,12:27 PM,12:27 PM,0,Flight match,2026-08-05 16:34:25
32723,12:42 PM,12:42 PM,0,Flight match,2026-08-05 16:34:25
32451,1:01 PM,1:05 PM,4,Flight match,2026-08-05 16:34:25
29739,1:26 PM,1:22 PM,-4,Flight match,2026-08-05 16:34:25
22553,2:37 PM,2:41 PM,4,Flight match,2026-08-05 16:34:25
29886,2:52 PM,2:51 PM,-1,Flight match,2026-08-05 16:34:25
29007,2:53 PM,2:50 PM,-3,Flight match,2026-08-05 16:34:25
32160,2:59 PM,2:35 PM,-24,Flight match,2026-08-05 16:34:25
32301,4:28 PM,4:12 PM,-16,Flight match,2026-08-05 16:34:25
30224,4:28 PM,4:12 PM,-16,Flight match,2026-08-05 16:34:25
20649,5:22 PM,5:20 PM,-2,Flight match,2026-08-05 16:34:25
30913,6:35 PM,6:27 PM,-8,Flight match,2026-08-05 16:34:25
32723,12:42 PM,12:43 PM,1,Flight match,2026-08-05 16:39:45
29007,2:50 PM,2:54 PM,4,Flight match,2026-08-05 16:39:45
31365,4:07 PM,4:19 PM,12,Flight match,2026-08-05 16:39:45
32626,12:27 PM,12:25 PM,-2,Flight match,2026-08-05 16:56:57
28259,12:28 PM,12:26 PM,-2,Flight match,2026-08-05 16:56:58
32723,12:43 PM,12:44 PM,1,Flight match,2026-08-05 16:56:58
29739,1:22 PM,1:26 PM,4,Flight match,2026-08-05 16:56:58
26238,1:39 PM,1:40 PM,1,Flight match,2026-08-05 16:56:58
30458,1:51 PM,1:48 PM,-3,Flight match,2026-08-05 16:56:58
32160,2:35 PM,2:45 PM,10,Flight match,2026-08-05 16:56:58
22553,2:41 PM,2:39 PM,-2,Flight match,2026-08-05 16:56:58
29886,2:51 PM,2:51 PM,0,Flight match,2026-08-05 16:56:58
29007,2:54 PM,2:49 PM,-5,Flight match,2026-08-05 16:56:58
30224,4:12 PM,4:10 PM,-2,Flight match,2026-08-05 16:56:58
32301,4:12 PM,4:10 PM,-2,Flight match,2026-08-05 16:56:58
29992,4:30 PM,4:31 PM,1,Flight match,2026-08-05 16:56:58
22235,5:43 PM,5:44 PM,1,Flight match,2026-08-05 16:56:58
32646,9:16 PM,9:06 PM,-10,Flight match,2026-08-05 16:56:58
22235,5:44 PM,6:35 PM,51,Flight match,2026-08-05 17:36:28
32451,1:05 PM,1:07 PM,2,Flight match,2026-08-05 17:36:32
29739,1:26 PM,1:19 PM,-7,Flight match,2026-08-05 17:36:32
26238,1:40 PM,1:41 PM,1,Flight match,2026-08-05 17:36:32
30458,1:48 PM,1:49 PM,1,Flight match,2026-08-05 17:36:32
29335,2:00 PM,2:06 PM,6,Flight match,2026-08-05 17:36:32
28412,2:00 PM,2:06 PM,6,Flight match,2026-08-05 17:36:32
22553,2:39 PM,2:38 PM,-1,Flight match,2026-08-05 17:36:32
32160,2:45 PM,2:37 PM,-8,Flight match,2026-08-05 17:36:32
29886,2:51 PM,2:49 PM,-2,Flight match,2026-08-05 17:36:32
30224,4:10 PM,4:47 PM,37,Flight match,2026-08-05 17:36:32
32301,4:10 PM,4:47 PM,37,Flight match,2026-08-05 17:36:32
30660,4:19 PM,4:02 PM,-17,Flight match,2026-08-05 17:36:32
30913,6:27 PM,6:39 PM,12,Flight match,2026-08-05 17:36:32
30458,1:49 PM,1:50 PM,1,Flight match,2026-08-05 17:46:51
29335,2:06 PM,2:05 PM,-1,Flight match,2026-08-05 17:46:51
28412,2:06 PM,2:05 PM,-1,Flight match,2026-08-05 17:46:51
30449,4:12 PM,4:31 PM,19,Flight match,2026-08-05 17:46:52
31365,4:19 PM,4:16 PM,-3,Flight match,2026-08-05 17:46:52
29992,4:31 PM,4:27 PM,-4,Flight match,2026-08-05 17:46:52
26238,1:41 PM,1:38 PM,-3,Flight match,2026-08-05 18:15:02
30458,1:50 PM,1:47 PM,-3,Flight match,2026-08-05 18:15:02
29335,2:05 PM,2:02 PM,-3,Flight match,2026-08-05 18:15:02
28412,2:05 PM,2:02 PM,-3,Flight match,2026-08-05 18:15:02
29992,4:27 PM,4:26 PM,-1,Flight match,2026-08-05 18:15:02
31325,4:32 PM,4:09 PM,-23,Flight match,2026-08-05 18:15:02
30916,5:34 PM,5:33 PM,-1,Flight match,2026-08-05 18:15:02
20578,6:38 PM,6:38 PM,0,Flight match,2026-08-05 18:15:02
31325,4:09 PM,3:59 PM,-10,Flight match,2026-08-05 18:34:00
20649,5:20 PM,5:19 PM,-1,Flight match,2026-08-05 18:34:00
22235,6:35 PM,6:20 PM,-15,Flight match,2026-08-05 18:34:00
31365,4:16 PM,4:13 PM,-3,Flight match,2026-08-05 18:58:33
30224,4:47 PM,4:58 PM,11,Flight match,2026-08-05 18:58:33
32301,4:47 PM,4:58 PM,11,Flight match,2026-08-05 18:58:33
20649,5:19 PM,5:20 PM,1,Flight match,2026-08-05 18:58:33
32864,9:25 PM,9:26 PM,1,Flight match,2026-08-05 18:58:33
32160,2:37 PM,2:53 PM,16,Flight match,2026-08-05 19:01:33
22553,2:38 PM,2:42 PM,4,Flight match,2026-08-05 19:01:33
31325,3:59 PM,3:58 PM,-1,Flight match,2026-08-05 19:01:33
30224,4:58 PM,5:05 PM,7,Flight match,2026-08-05 19:01:33
32301,4:58 PM,5:05 PM,7,Flight match,2026-08-05 19:01:33
21382,5:32 PM,5:25 PM,-7,Flight match,2026-08-05 19:01:33
30916,5:33 PM,5:32 PM,-1,Flight match,2026-08-05 19:01:34
22235,6:20 PM,6:25 PM,5,Flight match,2026-08-05 19:01:34
20578,6:38 PM,6:31 PM,-7,Flight match,2026-08-05 19:01:34
30913,6:39 PM,6:36 PM,-3,Flight match,2026-08-05 19:01:34
28903,10:30 PM,10:32 PM,2,Flight match,2026-08-05 19:01:34
29886,2:49 PM,2:58 PM,9,Flight match,2026-08-05 19:50:04
32160,2:53 PM,2:49 PM,-4,Flight match,2026-08-05 19:50:04
31325,3:58 PM,3:56 PM,-2,Flight match,2026-08-05 19:50:04
30660,4:02 PM,4:14 PM,12,Flight match,2026-08-05 19:50:04
31749,4:06 PM,4:13 PM,7,Flight match,2026-08-05 19:50:04
30449,4:31 PM,5:01 PM,30,Flight match,2026-08-05 19:50:04
30224,5:05 PM,5:03 PM,-2,Flight match,2026-08-05 19:50:04
32301,5:05 PM,5:03 PM,-2,Flight match,2026-08-05 19:50:04
21382,5:25 PM,5:32 PM,7,Flight match,2026-08-05 19:50:04
30916,5:32 PM,5:28 PM,-4,Flight match,2026-08-05 19:50:04
28782,6:06 PM,6:01 PM,-5,Flight match,2026-08-05 19:50:04
20578,6:31 PM,6:38 PM,7,Flight match,2026-08-05 19:50:04
30913,6:36 PM,6:39 PM,3,Flight match,2026-08-05 19:50:04
32646,9:06 PM,9:07 PM,1,Flight match,2026-08-05 19:50:04
28903,10:32 PM,10:30 PM,-2,Flight match,2026-08-05 19:50:04
31325,3:56 PM,4:00 PM,4,Flight match,2026-08-05 20:19:41
31749,4:13 PM,4:16 PM,3,Flight match,2026-08-05 20:19:41
31365,4:13 PM,4:12 PM,-1,Flight match,2026-08-05 20:19:41
30660,4:14 PM,4:20 PM,6,Flight match,2026-08-05 20:19:41
29992,4:26 PM,4:20 PM,-6,Flight match,2026-08-05 20:19:41
30449,5:01 PM,5:14 PM,13,Flight match,2026-08-05 20:19:41
30224,5:03 PM,5:07 PM,4,Flight match,2026-08-05 20:19:41
32301,5:03 PM,5:07 PM,4,Flight match,2026-08-05 20:19:41
30916,5:28 PM,5:54 PM,26,Flight match,2026-08-05 20:19:41
28782,6:01 PM,6:00 PM,-1,Flight match,2026-08-05 20:19:41
22235,6:25 PM,6:02 PM,-23,Flight match,2026-08-05 20:19:41
20578,6:38 PM,6:55 PM,17,Flight match,2026-08-05 20:19:41
30913,6:39 PM,6:28 PM,-11,Flight match,2026-08-05 20:19:41
32646,9:07 PM,8:58 PM,-9,Flight match,2026-08-05 20:19:41
31325,4:00 PM,4:16 PM,16,Flight match,2026-08-05 21:47:55
31365,4:12 PM,4:18 PM,6,Flight match,2026-08-05 21:47:55
30660,4:20 PM,4:18 PM,-2,Flight match,2026-08-05 21:47:55
29992,4:20 PM,4:19 PM,-1,Flight match,2026-08-05 21:47:55
30224,5:07 PM,5:07 PM,0,Flight match,2026-08-05 21:47:55
32301,5:07 PM,5:07 PM,0,Flight match,2026-08-05 21:47:55
30449,5:14 PM,5:31 PM,17,Flight match,2026-08-05 21:47:55
20649,5:20 PM,5:26 PM,6,Flight match,2026-08-05 21:47:55
30916,5:54 PM,6:35 PM,41,Flight match,2026-08-05 21:47:55
28782,6:00 PM,5:58 PM,-2,Flight match,2026-08-05 21:47:55
22235,6:02 PM,6:05 PM,3,Flight match,2026-08-05 21:47:55
30913,6:28 PM,6:20 PM,-8,Flight match,2026-08-05 21:47:55
20578,6:55 PM,7:11 PM,16,Flight match,2026-08-05 21:47:55
32864,9:26 PM,8:49 PM,-37,Flight match,2026-08-05 21:47:55
22235,6:05 PM,6:04 PM,-1,Flight match,2026-08-05 21:57:58
30913,6:20 PM,6:29 PM,9,Flight match,2026-08-05 21:57:58
30916,6:35 PM,6:39 PM,4,Flight match,2026-08-05 21:57:58
32234,10:30 PM,10:22 PM,-8,Flight match,2026-08-05 21:57:58
32336,10:30 PM,10:22 PM,-8,Flight match,2026-08-05 21:57:58
30475,1:05 AM,1:01 AM,-4,Flight match,2026-08-05 22:33:52
28678,8:15 AM,8:22 AM,7,Flight match,2026-08-05 22:33:52
29549,9:14 AM,9:27 AM,13,Flight match,2026-08-05 22:33:52
32032,9:14 AM,9:27 AM,13,Flight match,2026-08-05 22:33:52
31508,9:50 AM,9:49 AM,-1,Flight match,2026-08-05 22:33:52
32818,10:15 AM,9:44 AM,-31,Flight match,2026-08-05 22:33:52
31271,10:21 AM,10:34 AM,13,Flight match,2026-08-05 22:33:52
24091,10:21 AM,10:34 AM,13,Flight match,2026-08-05 22:33:52
29097,10:21 AM,10:34 AM,13,Flight match,2026-08-05 22:33:52
31864,10:29 AM,10:47 AM,18,Flight match,2026-08-05 22:33:52
32380,10:29 AM,10:47 AM,18,Flight match,2026-08-05 22:33:52
30842,11:11 AM,11:08 AM,-3,Flight match,2026-08-05 22:33:52
29850,11:27 AM,11:36 AM,9,Flight match,2026-08-05 22:33:52
22715,11:27 AM,11:36 AM,9,Flight match,2026-08-05 22:33:52
28066,11:55 AM,11:51 AM,-4,Flight match,2026-08-05 22:33:52
31321,12:10 PM,12:05 PM,-5,Flight match,2026-08-05 22:33:52
31092,12:20 PM,11:54 AM,-26,Flight match,2026-08-05 22:33:52
32834,12:30 PM,12:05 PM,-25,Flight match,2026-08-05 22:33:52
29934,2:00 PM,1:57 PM,-3,Flight match,2026-08-05 22:33:52
23591,2:00 PM,1:57 PM,-3,Flight match,2026-08-05 22:33:52
23593,2:00 PM,1:57 PM,-3,Flight match,2026-08-05 22:33:52
32739,4:10 PM,4:00 PM,-10,Flight match,2026-08-05 22:33:53
32522,4:10 PM,4:00 PM,-10,Flight match,2026-08-05 22:33:53
26527,4:51 PM,4:50 PM,-1,Flight match,2026-08-05 22:33:53
31103,5:00 PM,5:01 PM,1,Flight match,2026-08-05 22:33:53
32465,6:17 PM,5:41 PM,-36,Flight match,2026-08-05 22:33:53
22730,6:54 PM,6:35 PM,-19,Flight match,2026-08-05 22:33:53
30276,6:54 PM,6:35 PM,-19,Flight match,2026-08-05 22:33:53
29682,6:55 PM,6:45 PM,-10,Flight match,2026-08-05 22:33:53
31333,7:45 PM,7:22 PM,-23,Flight match,2026-08-05 22:33:53
32931,8:45 PM,8:19 PM,-26,Flight match,2026-08-05 22:33:53
30475,1:01 AM,12:39 AM,-22,Flight match,2026-08-06 00:57:34
30558,10:28 AM,10:52 AM,24,Flight match,2026-08-06 00:57:34
32947,10:50 AM,10:55 AM,5,Flight match,2026-08-06 00:57:35
32429,11:43 AM,11:40 AM,-3,Flight match,2026-08-06 00:57:35
28526,4:31 PM,5:10 PM,39,Flight match,2026-08-06 00:57:35
31103,5:01 PM,5:00 PM,-1,Flight match,2026-08-06 00:57:35
32961,6:03 PM,5:59 PM,-4,Flight match,2026-08-06 00:57:35
30276,6:35 PM,6:54 PM,19,Flight match,2026-08-06 00:57:35
22730,6:35 PM,6:54 PM,19,Flight match,2026-08-06 00:57:35
31333,7:22 PM,7:45 PM,23,Flight match,2026-08-06 00:57:35
32509,8:32 PM,8:33 PM,1,Flight match,2026-08-06 00:57:35
28063,9:18 PM,9:04 PM,-14,Flight match,2026-08-06 00:57:35
32255,9:42 PM,9:48 PM,6,Flight match,2026-08-06 00:57:35
28817,9:50 PM,9:39 PM,-11,Flight match,2026-08-06 00:57:35
27860,10:00 AM,10:09 AM,9,Flight match,2026-08-06 04:36:35
23985,11:00 AM,10:52 AM,-8,Flight match,2026-08-06 04:36:35
23807,12:00 PM,11:36 AM,-24,Flight match,2026-08-06 04:36:35
29343,12:05 PM,11:36 AM,-29,Flight match,2026-08-06 04:36:35
29746,1:30 PM,1:03 PM,-27,Flight match,2026-08-06 04:36:35
27068,1:30 PM,1:00 PM,-30,Flight match,2026-08-06 04:36:35
17183,2:45 PM,2:03 PM,-42,Flight match,2026-08-06 04:36:35
32129,2:45 PM,2:43 PM,-2,Flight match,2026-08-06 04:36:35
31032,4:00 PM,3:54 PM,-6,Flight match,2026-08-06 04:36:35
19007,5:05 PM,5:14 PM,9,Flight match,2026-08-06 04:36:35
21382,5:32 PM,5:35 PM,3,Flight match,2026-08-06 04:58:37
22235,6:04 PM,6:13 PM,9,Flight match,2026-08-06 04:58:37
30913,6:29 PM,6:28 PM,-1,Flight match,2026-08-06 04:58:37
30916,6:39 PM,6:34 PM,-5,Flight match,2026-08-06 04:58:37
20578,7:11 PM,7:12 PM,1,Flight match,2026-08-06 04:58:37
32864,8:49 PM,9:20 PM,31,Flight match,2026-08-06 04:58:37
32646,8:58 PM,9:08 PM,10,Flight match,2026-08-06 04:58:37
32234,10:22 PM,10:20 PM,-2,Flight match,2026-08-06 04:58:37
32336,10:22 PM,10:20 PM,-2,Flight match,2026-08-06 04:58:37
28903,10:30 PM,10:17 PM,-13,Flight match,2026-08-06 04:58:37
30475,12:39 AM,1:00 AM,21,Flight match,2026-08-06 10:37:28
23576,7:17 AM,7:24 AM,7,Flight match,2026-08-06 10:37:28
24236,8:15 AM,8:10 AM,-5,Flight match,2026-08-06 10:37:28
28678,8:22 AM,8:04 AM,-18,Flight match,2026-08-06 10:37:28
29817,8:44 AM,8:38 AM,-6,Flight match,2026-08-06 10:37:28
30086,8:44 AM,8:38 AM,-6,Flight match,2026-08-06 10:37:28
31078,9:13 AM,9:17 AM,4,Flight match,2026-08-06 10:37:28
31606,9:20 AM,9:06 AM,-14,Flight match,2026-08-06 10:37:28
27593,9:24 AM,9:27 AM,3,Flight match,2026-08-06 10:37:28
26948,9:24 AM,9:25 AM,1,Flight match,2026-08-06 10:37:28
27555,9:25 AM,9:22 AM,-3,Flight match,2026-08-06 10:37:28
29549,9:27 AM,9:13 AM,-14,Flight match,2026-08-06 10:37:29
32032,9:27 AM,9:13 AM,-14,Flight match,2026-08-06 10:37:29
25854,9:32 AM,9:16 AM,-16,Flight match,2026-08-06 10:37:29
30139,9:36 AM,9:32 AM,-4,Flight match,2026-08-06 10:37:29
32818,9:44 AM,9:30 AM,-14,Flight match,2026-08-06 10:37:29
31508,9:49 AM,9:25 AM,-24,Flight match,2026-08-06 10:37:29
31623,10:26 AM,10:30 AM,4,Flight match,2026-08-06 10:37:29
24714,10:38 AM,10:20 AM,-18,Flight match,2026-08-06 10:37:29
30558,10:52 AM,12:09 PM,77,Flight match,2026-08-06 10:37:29
24489,11:00 AM,10:58 AM,-2,Flight match,2026-08-06 10:37:29
30023,11:00 AM,10:58 AM,-2,Flight match,2026-08-06 10:37:29
30842,11:08 AM,10:54 AM,-14,Flight match,2026-08-06 10:37:29
29430,11:19 AM,11:20 AM,1,Flight match,2026-08-06 10:37:29
29850,11:36 AM,12:01 PM,25,Flight match,2026-08-06 10:37:29
22715,11:36 AM,12:01 PM,25,Flight match,2026-08-06 10:37:29
32429,11:40 AM,11:46 AM,6,Flight match,2026-08-06 10:37:29
28066,11:51 AM,11:55 AM,4,Flight match,2026-08-06 10:37:29
31092,11:54 AM,12:20 PM,26,Flight match,2026-08-06 10:37:29
31321,12:05 PM,12:10 PM,5,Flight match,2026-08-06 10:37:29
32095,1:30 PM,1:31 PM,1,Flight match,2026-08-06 10:37:29
32377,1:39 PM,1:18 PM,-21,Flight match,2026-08-06 10:37:29
24384,2:35 PM,2:37 PM,2,Flight match,2026-08-06 10:37:29
29515,2:56 PM,2:35 PM,-21,Flight match,2026-08-06 10:37:29
32739,4:00 PM,4:10 PM,10,Flight match,2026-08-06 10:37:29
32522,4:00 PM,4:10 PM,10,Flight match,2026-08-06 10:37:29
31103,5:00 PM,5:01 PM,1,Flight match,2026-08-06 10:37:29
28526,5:10 PM,4:46 PM,-24,Flight match,2026-08-06 10:37:29
24815,5:24 PM,7:07 PM,103,Flight match,2026-08-06 10:37:29
32465,5:41 PM,6:13 PM,32,Flight match,2026-08-06 10:37:29
29682,6:45 PM,6:55 PM,10,Flight match,2026-08-06 10:37:30
28063,9:04 PM,9:18 PM,14,Flight match,2026-08-06 10:37:30
28817,9:39 PM,9:50 PM,11,Flight match,2026-08-06 10:37:30
32255,9:48 PM,9:43 PM,-5,Flight match,2026-08-06 10:37:30
31538,11:31 PM,11:28 PM,-3,Flight match,2026-08-06 10:37:30
23576,7:24 AM,7:30 AM,6,Flight match,2026-08-06 11:26:25
28678,8:04 AM,8:05 AM,1,Flight match,2026-08-06 11:26:25
29817,8:38 AM,8:34 AM,-4,Flight match,2026-08-06 11:26:25
30086,8:38 AM,8:34 AM,-4,Flight match,2026-08-06 11:26:25
31606,9:06 AM,9:02 AM,-4,Flight match,2026-08-06 11:26:25
29549,9:13 AM,9:13 AM,0,Flight match,2026-08-06 11:26:25
25854,9:16 AM,9:20 AM,4,Flight match,2026-08-06 11:26:25
31078,9:17 AM,9:22 AM,5,Flight match,2026-08-06 11:26:25
27555,9:22 AM,9:23 AM,1,Flight match,2026-08-06 11:26:25
31508,9:25 AM,9:31 AM,6,Flight match,2026-08-06 11:26:25
27593,9:27 AM,9:23 AM,-4,Flight match,2026-08-06 11:26:25
32818,9:30 AM,9:34 AM,4,Flight match,2026-08-06 11:26:25
30139,9:32 AM,9:31 AM,-1,Flight match,2026-08-06 11:26:25
17892,10:17 AM,10:07 AM,-10,Flight match,2026-08-06 11:26:25
24091,10:34 AM,10:26 AM,-8,Flight match,2026-08-06 11:26:25
31271,10:34 AM,10:26 AM,-8,Flight match,2026-08-06 11:26:25
29097,10:34 AM,10:26 AM,-8,Flight match,2026-08-06 11:26:25
31864,10:47 AM,10:44 AM,-3,Flight match,2026-08-06 11:26:25
32380,10:47 AM,10:44 AM,-3,Flight match,2026-08-06 11:26:25
29430,11:20 AM,11:10 AM,-10,Flight match,2026-08-06 11:26:26
24236,8:10 AM,8:06 AM,-4,Flight match,2026-08-06 11:26:55
32032,9:13 AM,9:13 AM,0,Flight match,2026-08-06 11:26:55
25854,9:20 AM,9:15 AM,-5,Flight match,2026-08-06 11:26:55
31078,9:22 AM,9:18 AM,-4,Flight match,2026-08-06 11:26:55
27555,9:23 AM,9:24 AM,1,Flight match,2026-08-06 11:26:55
27593,9:23 AM,9:27 AM,4,Flight match,2026-08-06 11:26:55
30139,9:31 AM,9:39 AM,8,Flight match,2026-08-06 11:26:55
31508,9:31 AM,9:55 AM,24,Flight match,2026-08-06 11:26:55
26851,10:03 AM,10:09 AM,6,Flight match,2026-08-06 11:26:55
17892,10:07 AM,10:18 AM,11,Flight match,2026-08-06 11:26:55
24714,10:20 AM,10:19 AM,-1,Flight match,2026-08-06 11:26:55
24091,10:26 AM,10:34 AM,8,Flight match,2026-08-06 11:26:55
31271,10:26 AM,10:34 AM,8,Flight match,2026-08-06 11:26:55
29097,10:26 AM,10:34 AM,8,Flight match,2026-08-06 11:26:55
32947,10:55 AM,10:42 AM,-13,Flight match,2026-08-06 11:26:55
24489,10:58 AM,10:43 AM,-15,Flight match,2026-08-06 11:26:55
30023,10:58 AM,10:43 AM,-15,Flight match,2026-08-06 11:26:55
28066,11:55 AM,11:43 AM,-12,Flight match,2026-08-06 11:26:55
31092,12:20 PM,12:05 PM,-15,Flight match,2026-08-06 11:26:55
23576,7:30 AM,7:25 AM,-5,Flight match,2026-08-06 11:36:41
29549,9:13 AM,9:14 AM,1,Flight match,2026-08-06 11:36:41
32032,9:13 AM,9:14 AM,1,Flight match,2026-08-06 11:36:41
25876,3:26 PM,3:17 PM,-9,Flight match,2026-08-06 11:36:41
28025,8:45 AM,8:43 AM,-2,Flight match,2026-08-06 11:51:34
29442,9:15 AM,9:10 AM,-5,Flight match,2026-08-06 11:51:34
31869,9:30 AM,8:56 AM,-34,Flight match,2026-08-06 11:51:35
16384,9:35 AM,9:40 AM,5,Flight match,2026-08-06 11:51:35
32270,9:35 AM,9:25 AM,-10,Flight match,2026-08-06 11:51:35
28461,9:40 AM,9:38 AM,-2,Flight match,2026-08-06 11:51:35
31661,9:45 AM,9:35 AM,-10,Flight match,2026-08-06 11:51:35
31770,10:30 AM,9:59 AM,-31,Flight match,2026-08-06 11:51:35
23967,10:30 AM,9:59 AM,-31,Flight match,2026-08-06 11:51:35
26101,10:33 AM,10:23 AM,-10,Flight match,2026-08-06 11:51:35
31618,10:33 AM,10:23 AM,-10,Flight match,2026-08-06 11:51:35
29398,10:45 AM,10:00 AM,-45,Flight match,2026-08-06 11:51:35
25096,10:50 AM,10:51 AM,1,Flight match,2026-08-06 11:51:35
14702,11:15 AM,10:27 AM,-48,Flight match,2026-08-06 11:51:35
32763,11:15 AM,11:09 AM,-6,Flight match,2026-08-06 11:51:35
24767,11:20 AM,11:10 AM,-10,Flight match,2026-08-06 11:51:35
30509,12:00 PM,11:15 AM,-45,Flight match,2026-08-06 11:51:35
26424,12:15 PM,11:55 AM,-20,Flight match,2026-08-06 11:51:35
27393,12:30 PM,11:50 AM,-40,Flight match,2026-08-06 11:51:35
31875,12:30 PM,11:47 AM,-43,Flight match,2026-08-06 11:51:35
20407,12:52 PM,12:51 PM,-1,Flight match,2026-08-06 11:51:35
14096,1:20 PM,1:19 PM,-1,Flight match,2026-08-06 11:51:35
22156,1:20 PM,12:50 PM,-30,Flight match,2026-08-06 11:51:35
23577,2:15 PM,2:12 PM,-3,Flight match,2026-08-06 11:51:35
27537,2:30 PM,2:12 PM,-18,Flight match,2026-08-06 11:51:35
31485,3:10 PM,3:03 PM,-7,Flight match,2026-08-06 11:51:35
24623,3:12 PM,5:14 PM,122,Flight match,2026-08-06 11:51:35
32579,3:25 PM,3:10 PM,-15,Flight match,2026-08-06 11:51:35
32466,3:30 PM,2:40 PM,-50,Flight match,2026-08-06 11:51:35
32715,3:30 PM,2:40 PM,-50,Flight match,2026-08-06 11:51:35
29340,4:23 PM,4:22 PM,-1,Flight match,2026-08-06 11:51:35
27091,4:30 PM,4:22 PM,-8,Flight match,2026-08-06 11:51:35
30751,5:30 PM,4:51 PM,-39,Flight match,2026-08-06 11:51:35
28443,9:17 PM,9:18 PM,1,Flight match,2026-08-06 11:51:35
31303,10:30 PM,9:55 AM,-755,Flight match,2026-08-06 11:51:35
28678,8:05 AM,8:03 AM,-2,Flight match,2026-08-06 11:57:54
24236,8:06 AM,8:07 AM,1,Flight match,2026-08-06 11:57:54
29817,8:34 AM,8:31 AM,-3,Flight match,2026-08-06 11:57:54
30086,8:34 AM,8:31 AM,-3,Flight match,2026-08-06 11:57:54
29549,9:14 AM,9:15 AM,1,Flight match,2026-08-06 11:57:54
32032,9:14 AM,9:15 AM,1,Flight match,2026-08-06 11:57:54
25854,9:15 AM,9:17 AM,2,Flight match,2026-08-06 11:57:54
27555,9:24 AM,9:30 AM,6,Flight match,2026-08-06 11:57:54
26948,9:25 AM,9:22 AM,-3,Flight match,2026-08-06 11:57:54
17892,10:18 AM,10:11 AM,-7,Flight match,2026-08-06 11:57:54
24714,10:19 AM,10:20 AM,1,Flight match,2026-08-06 11:57:54
31623,10:30 AM,10:34 AM,4,Flight match,2026-08-06 11:57:54
30842,10:54 AM,10:49 AM,-5,Flight match,2026-08-06 11:57:54
32429,11:46 AM,11:36 AM,-10,Flight match,2026-08-06 11:57:54
32834,12:05 PM,11:54 AM,-11,Flight match,2026-08-06 11:57:54
30558,12:09 PM,11:50 AM,-19,Flight match,2026-08-06 11:57:54
31321,12:10 PM,12:04 PM,-6,Flight match,2026-08-06 11:57:54
25292,1:00 PM,1:04 PM,4,Flight match,2026-08-06 11:57:54
30165,1:30 PM,1:31 PM,1,Flight match,2026-08-06 11:57:54
32281,4:19 PM,4:12 PM,-7,Flight match,2026-08-06 11:57:54
29533,4:19 PM,4:12 PM,-7,Flight match,2026-08-06 11:57:54
24236,8:07 AM,8:09 AM,2,Flight match,2026-08-06 12:06:09
30558,11:50 AM,12:04 PM,14,Flight match,2026-08-06 12:06:09
28678,8:03 AM,8:18 AM,15,Flight match,2026-08-06 12:12:41
24236,8:09 AM,8:10 AM,1,Flight match,2026-08-06 12:12:41
29817,8:31 AM,8:29 AM,-2,Flight match,2026-08-06 12:12:41
30086,8:31 AM,8:29 AM,-2,Flight match,2026-08-06 12:12:41
29549,9:15 AM,9:14 AM,-1,Flight match,2026-08-06 12:12:41
32032,9:15 AM,9:14 AM,-1,Flight match,2026-08-06 12:12:41
31078,9:18 AM,9:22 AM,4,Flight match,2026-08-06 12:12:41
26948,9:22 AM,9:22 AM,0,Flight match,2026-08-06 12:12:41
24714,10:20 AM,10:12 AM,-8,Flight match,2026-08-06 12:12:41
24091,10:34 AM,10:54 AM,20,Flight match,2026-08-06 12:12:41
31271,10:34 AM,10:54 AM,20,Flight match,2026-08-06 12:12:41
29097,10:34 AM,10:54 AM,20,Flight match,2026-08-06 12:12:41
24489,10:43 AM,10:59 AM,16,Flight match,2026-08-06 12:12:41
30023,10:43 AM,10:59 AM,16,Flight match,2026-08-06 12:12:41
32380,10:44 AM,10:45 AM,1,Flight match,2026-08-06 12:12:41
30842,10:49 AM,10:54 AM,5,Flight match,2026-08-06 12:12:41
29850,12:01 PM,1:01 PM,60,Flight match,2026-08-06 12:12:41
22715,12:01 PM,1:01 PM,60,Flight match,2026-08-06 12:12:41
28620,8:10 PM,8:30 PM,20,Flight match,2026-08-06 12:12:41
29549,9:14 AM,9:22 AM,8,Flight match,2026-08-06 12:22:41
24236,8:10 AM,8:07 AM,-3,Flight match,2026-08-06 12:37:23
28678,8:18 AM,8:16 AM,-2,Flight match,2026-08-06 12:37:23
29817,8:29 AM,8:32 AM,3,Flight match,2026-08-06 12:37:23
30086,8:29 AM,8:32 AM,3,Flight match,2026-08-06 12:37:24
31606,9:02 AM,8:58 AM,-4,Flight match,2026-08-06 12:37:24
32032,9:14 AM,9:22 AM,8,Flight match,2026-08-06 12:37:24
31078,9:22 AM,9:18 AM,-4,Flight match,2026-08-06 12:37:24
26948,9:22 AM,9:26 AM,4,Flight match,2026-08-06 12:37:24
27555,9:30 AM,9:24 AM,-6,Flight match,2026-08-06 12:37:24
26851,10:09 AM,10:25 AM,16,Flight match,2026-08-06 12:37:24
17892,10:11 AM,10:08 AM,-3,Flight match,2026-08-06 12:37:24
24714,10:12 AM,10:04 AM,-8,Flight match,2026-08-06 12:37:24
31271,10:54 AM,11:02 AM,8,Flight match,2026-08-06 12:37:24
29097,10:54 AM,11:02 AM,8,Flight match,2026-08-06 12:37:24
24489,10:59 AM,11:03 AM,4,Flight match,2026-08-06 12:37:24
30023,10:59 AM,11:03 AM,4,Flight match,2026-08-06 12:37:24
30558,12:04 PM,11:45 AM,-19,Flight match,2026-08-06 12:37:24
29850,1:01 PM,12:57 PM,-4,Flight match,2026-08-06 12:37:24
22715,1:01 PM,12:57 PM,-4,Flight match,2026-08-06 12:37:24
29817,8:32 AM,8:26 AM,-6,Flight match,2026-08-06 12:41:35
30086,8:32 AM,8:26 AM,-6,Flight match,2026-08-06 12:41:35
32818,9:34 AM,9:37 AM,3,Flight match,2026-08-06 12:41:35
24714,10:04 AM,10:03 AM,-1,Flight match,2026-08-06 12:41:36
17892,10:08 AM,10:12 AM,4,Flight match,2026-08-06 12:41:36
26851,10:25 AM,10:05 AM,-20,Flight match,2026-08-06 12:41:36
31623,10:34 AM,10:46 AM,12,Flight match,2026-08-06 12:41:36
32380,10:45 AM,10:51 AM,6,Flight match,2026-08-06 12:41:36
24091,10:54 AM,11:02 AM,8,Flight match,2026-08-06 12:41:36
31623,10:46 AM,10:53 AM,7,Flight match,2026-08-06 12:53:00
31606,8:58 AM,8:57 AM,-1,Flight match,2026-08-06 13:01:52
31078,9:18 AM,9:18 AM,0,Flight match,2026-08-06 13:01:52
24714,10:03 AM,10:04 AM,1,Flight match,2026-08-06 13:01:52
26851,10:05 AM,10:02 AM,-3,Flight match,2026-08-06 13:01:52
32380,10:51 AM,10:39 AM,-12,Flight match,2026-08-06 13:01:53
31623,10:53 AM,10:56 AM,3,Flight match,2026-08-06 13:01:53
30842,10:54 AM,10:53 AM,-1,Flight match,2026-08-06 13:01:53
24091,11:02 AM,11:28 AM,26,Flight match,2026-08-06 13:01:53
31271,11:02 AM,11:28 AM,26,Flight match,2026-08-06 13:01:53
29097,11:02 AM,11:28 AM,26,Flight match,2026-08-06 13:01:53
24489,11:03 AM,11:07 AM,4,Flight match,2026-08-06 13:01:53
30023,11:03 AM,11:07 AM,4,Flight match,2026-08-06 13:01:53
29430,11:10 AM,11:07 AM,-3,Flight match,2026-08-06 13:01:53
28066,11:43 AM,11:42 AM,-1,Flight match,2026-08-06 13:01:53
32834,11:54 AM,11:52 AM,-2,Flight match,2026-08-06 13:01:53
31321,12:04 PM,12:05 PM,1,Flight match,2026-08-06 13:01:53
32095,1:31 PM,2:56 PM,85,Flight match,2026-08-06 13:01:53
32281,4:12 PM,4:19 PM,7,Flight match,2026-08-06 13:01:53
29533,4:12 PM,4:19 PM,7,Flight match,2026-08-06 13:01:53
28526,4:46 PM,4:52 PM,6,Flight match,2026-08-06 13:01:53
26948,9:26 AM,9:21 AM,-5,Flight match,2026-08-06 13:06:16
30842,10:53 AM,10:54 AM,1,Flight match,2026-08-06 13:06:16
31623,10:56 AM,10:59 AM,3,Flight match,2026-08-06 13:06:16
32429,11:36 AM,11:29 AM,-7,Flight match,2026-08-06 13:06:16
29850,12:57 PM,12:52 PM,-5,Flight match,2026-08-06 13:06:16
22715,12:57 PM,12:52 PM,-5,Flight match,2026-08-06 13:06:16
32465,6:13 PM,6:10 PM,-3,Flight match,2026-08-06 13:06:16
31078,9:18 AM,9:19 AM,1,Flight match,2026-08-06 13:18:39
29549,9:22 AM,9:20 AM,-2,Flight match,2026-08-06 13:18:39
32032,9:22 AM,9:20 AM,-2,Flight match,2026-08-06 13:18:39
27555,9:24 AM,9:24 AM,0,Flight match,2026-08-06 13:18:39
29430,11:07 AM,11:12 AM,5,Flight match,2026-08-06 13:18:39
24091,11:28 AM,11:33 AM,5,Flight match,2026-08-06 13:18:39
31271,11:28 AM,11:33 AM,5,Flight match,2026-08-06 13:18:39
29097,11:28 AM,11:33 AM,5,Flight match,2026-08-06 13:18:40
31092,12:05 PM,12:02 PM,-3,Flight match,2026-08-06 13:18:40
32834,11:52 AM,11:54 AM,2,Flight match,2026-08-06 13:27:44
31606,8:57 AM,8:58 AM,1,Flight match,2026-08-06 13:33:20
25854,9:17 AM,9:24 AM,7,Flight match,2026-08-06 13:33:20
31078,9:19 AM,9:29 AM,10,Flight match,2026-08-06 13:33:20
26948,9:21 AM,9:29 AM,8,Flight match,2026-08-06 13:33:20
27555,9:24 AM,9:32 AM,8,Flight match,2026-08-06 13:33:20
32818,9:37 AM,9:32 AM,-5,Flight match,2026-08-06 13:33:20
31508,9:55 AM,9:53 AM,-2,Flight match,2026-08-06 13:33:20
24714,10:04 AM,10:05 AM,1,Flight match,2026-08-06 13:33:20
17892,10:12 AM,10:06 AM,-6,Flight match,2026-08-06 13:33:20
32380,10:39 AM,10:38 AM,-1,Flight match,2026-08-06 13:33:20
24091,11:33 AM,11:25 AM,-8,Flight match,2026-08-06 13:33:20
31271,11:33 AM,11:25 AM,-8,Flight match,2026-08-06 13:33:20
29097,11:33 AM,11:25 AM,-8,Flight match,2026-08-06 13:33:20
28066,11:42 AM,11:49 AM,7,Flight match,2026-08-06 13:33:20
30558,11:45 AM,11:50 AM,5,Flight match,2026-08-06 13:33:20
32834,11:54 AM,12:00 PM,6,Flight match,2026-08-06 13:33:20
31321,12:05 PM,12:04 PM,-1,Flight match,2026-08-06 13:33:20
29850,12:52 PM,1:07 PM,15,Flight match,2026-08-06 13:33:20
22715,12:52 PM,1:07 PM,15,Flight match,2026-08-06 13:33:20
32465,8:20 PM,8:19 PM,-1,Flight match,2026-08-06 13:33:20
29549,9:20 AM,9:28 AM,8,Flight match,2026-08-06 13:56:33
32032,9:20 AM,9:28 AM,8,Flight match,2026-08-06 13:56:33
25854,9:24 AM,9:33 AM,9,Flight match,2026-08-06 13:56:33
27593,9:27 AM,9:30 AM,3,Flight match,2026-08-06 13:56:33
27555,9:32 AM,9:33 AM,1,Flight match,2026-08-06 13:56:33
30139,9:39 AM,9:37 AM,-2,Flight match,2026-08-06 13:56:33
32380,10:38 AM,10:38 AM,0,Flight match,2026-08-06 13:56:33
28066,11:49 AM,11:39 AM,-10,Flight match,2026-08-06 13:56:33
31321,12:04 PM,12:05 PM,1,Flight match,2026-08-06 13:56:33
30165,1:31 PM,1:11 PM,-20,Flight match,2026-08-06 13:56:33
31538,11:28 PM,11:31 PM,3,Flight match,2026-08-06 13:56:34
20864,6:30 PM,6:00 PM,-30,Flight match,2026-08-06 14:04:58
29190,10:30 AM,9:35 AM,-55,Flight match,2026-08-06 14:05:03
31339,12:30 PM,11:52 AM,-38,Flight match,2026-08-06 14:15:55
26721,12:30 PM,11:50 AM,-40,Flight match,2026-08-06 14:15:57
33006,4:04 PM,3:13 PM,-51,Flight match,2026-08-06 14:15:59
24377,8:00 AM,7:41 AM,-19,Flight match,2026-08-06 14:27:51
28467,8:20 AM,8:06 AM,-14,Flight match,2026-08-06 14:27:51
30388,8:20 AM,8:06 AM,-14,Flight match,2026-08-06 14:27:52
29374,8:53 AM,8:50 AM,-3,Flight match,2026-08-06 14:27:52
32815,9:00 AM,8:54 AM,-6,Flight match,2026-08-06 14:27:52
27585,9:30 AM,9:24 AM,-6,Flight match,2026-08-06 14:27:52
29190,9:35 AM,9:36 AM,1,Flight match,2026-08-06 14:27:52
15553,9:38 AM,9:35 AM,-3,Flight match,2026-08-06 14:27:52
24995,9:38 AM,9:35 AM,-3,Flight match,2026-08-06 14:27:52
28557,10:06 AM,10:03 AM,-3,Flight match,2026-08-06 14:27:52
31974,10:15 AM,10:10 AM,-5,Flight match,2026-08-06 14:27:52
31242,10:52 AM,10:27 AM,-25,Flight match,2026-08-06 14:27:52
19727,11:00 AM,10:35 AM,-25,Flight match,2026-08-06 14:27:52
14161,11:09 AM,10:59 AM,-10,Flight match,2026-08-06 14:27:52
32597,11:09 AM,11:18 AM,9,Flight match,2026-08-06 14:27:52
26523,11:20 AM,10:59 AM,-21,Flight match,2026-08-06 14:27:52
32988,11:46 AM,11:38 AM,-8,Flight match,2026-08-06 14:27:52
19831,11:55 AM,11:42 AM,-13,Flight match,2026-08-06 14:27:52
31837,12:00 PM,11:50 AM,-10,Flight match,2026-08-06 14:27:52
31911,12:15 PM,11:50 AM,-25,Flight match,2026-08-06 14:27:52
32295,12:30 PM,12:27 PM,-3,Flight match,2026-08-06 14:27:52
26483,3:30 PM,3:31 PM,1,Flight match,2026-08-06 14:27:52
31679,3:30 PM,3:03 PM,-27,Flight match,2026-08-06 14:27:52
32314,4:42 PM,4:21 PM,-21,Flight match,2026-08-06 14:27:52
30212,4:49 PM,4:47 PM,-2,Flight match,2026-08-06 14:27:52
20864,6:00 PM,5:35 PM,-25,Flight match,2026-08-06 14:27:52
29753,8:45 PM,8:22 PM,-23,Flight match,2026-08-06 14:27:52
30136,8:45 PM,8:32 PM,-13,Flight match,2026-08-06 14:27:52
26362,10:09 PM,10:04 PM,-5,Flight match,2026-08-06 14:27:52
25931,11:30 PM,11:15 PM,-15,Flight match,2026-08-06 14:27:53
32818,9:32 AM,9:43 AM,11,Flight match,2026-08-06 14:31:40
31508,9:53 AM,9:50 AM,-3,Flight match,2026-08-06 14:31:40
26851,10:02 AM,9:57 AM,-5,Flight match,2026-08-06 14:31:40
24714,10:05 AM,10:18 AM,13,Flight match,2026-08-06 14:31:40
17892,10:06 AM,10:17 AM,11,Flight match,2026-08-06 14:31:40
31623,10:59 AM,10:57 AM,-2,Flight match,2026-08-06 14:31:40
24091,11:25 AM,11:23 AM,-2,Flight match,2026-08-06 14:31:40
31271,11:25 AM,11:23 AM,-2,Flight match,2026-08-06 14:31:41
29097,11:25 AM,11:23 AM,-2,Flight match,2026-08-06 14:31:41
28066,11:39 AM,11:41 AM,2,Flight match,2026-08-06 14:31:41
30558,11:50 AM,12:21 PM,31,Flight match,2026-08-06 14:31:41
32834,12:00 PM,12:05 PM,5,Flight match,2026-08-06 14:31:41
31092,12:02 PM,11:57 AM,-5,Flight match,2026-08-06 14:31:41
31321,12:05 PM,12:18 PM,13,Flight match,2026-08-06 14:31:41
25292,1:04 PM,1:06 PM,2,Flight match,2026-08-06 14:31:41
22715,1:07 PM,1:00 PM,-7,Flight match,2026-08-06 14:31:41
29850,1:07 PM,1:00 PM,-7,Flight match,2026-08-06 14:31:41
30165,1:11 PM,1:12 PM,1,Flight match,2026-08-06 14:31:41
32377,1:18 PM,1:11 PM,-7,Flight match,2026-08-06 14:31:41
29934,1:57 PM,1:53 PM,-4,Flight match,2026-08-06 14:31:41
23591,1:57 PM,1:53 PM,-4,Flight match,2026-08-06 14:31:41
23593,1:57 PM,1:53 PM,-4,Flight match,2026-08-06 14:31:42
29515,2:35 PM,2:35 PM,0,Flight match,2026-08-06 14:31:42
24384,2:37 PM,2:27 PM,-10,Flight match,2026-08-06 14:31:42
31901,4:04 PM,3:50 PM,-14,Flight match,2026-08-06 14:31:42
32281,4:19 PM,4:08 PM,-11,Flight match,2026-08-06 14:31:42
29533,4:19 PM,4:08 PM,-11,Flight match,2026-08-06 14:31:42
28526,4:52 PM,4:51 PM,-1,Flight match,2026-08-06 14:31:42
30276,6:54 PM,6:35 PM,-19,Flight match,2026-08-06 14:31:42
22730,6:54 PM,6:35 PM,-19,Flight match,2026-08-06 14:31:42
28620,8:30 PM,8:14 PM,-16,Flight match,2026-08-06 14:31:42
24714,10:18 AM,10:19 AM,1,Flight match,2026-08-06 14:52:22
32380,10:38 AM,10:36 AM,-2,Flight match,2026-08-06 14:52:22
31623,10:57 AM,10:59 AM,2,Flight match,2026-08-06 14:52:22
24091,11:23 AM,11:23 AM,0,Flight match,2026-08-06 14:52:22
31271,11:23 AM,11:23 AM,0,Flight match,2026-08-06 14:52:22
29097,11:23 AM,11:23 AM,0,Flight match,2026-08-06 14:52:22
28066,11:41 AM,11:43 AM,2,Flight match,2026-08-06 14:52:22
31321,12:18 PM,12:16 PM,-2,Flight match,2026-08-06 14:52:22
25292,1:06 PM,1:05 PM,-1,Flight match,2026-08-06 14:52:22
32377,1:11 PM,1:24 PM,13,Flight match,2026-08-06 14:52:22
30165,1:12 PM,1:11 PM,-1,Flight match,2026-08-06 14:52:22
29934,1:53 PM,2:19 PM,26,Flight match,2026-08-06 14:52:22
23591,1:53 PM,2:19 PM,26,Flight match,2026-08-06 14:52:22
23593,1:53 PM,2:19 PM,26,Flight match,2026-08-06 14:52:23
32095,2:56 PM,1:41 PM,-75,Flight match,2026-08-06 14:52:23
25876,3:17 PM,3:18 PM,1,Flight match,2026-08-06 14:52:23
30842,10:54 AM,10:59 AM,5,Flight match,2026-08-06 15:09:35
31623,10:59 AM,10:55 AM,-4,Flight match,2026-08-06 15:09:35
24489,11:07 AM,11:02 AM,-5,Flight match,2026-08-06 15:09:35
30023,11:07 AM,11:02 AM,-5,Flight match,2026-08-06 15:09:35
29430,11:12 AM,11:10 AM,-2,Flight match,2026-08-06 15:09:35
24091,11:23 AM,11:27 AM,4,Flight match,2026-08-06 15:09:35
31271,11:23 AM,11:27 AM,4,Flight match,2026-08-06 15:09:35
29097,11:23 AM,11:27 AM,4,Flight match,2026-08-06 15:09:35
31092,11:57 AM,11:58 AM,1,Flight match,2026-08-06 15:09:35
25292,1:05 PM,1:11 PM,6,Flight match,2026-08-06 15:09:35
30165,1:11 PM,1:16 PM,5,Flight match,2026-08-06 15:09:35
32377,1:24 PM,1:19 PM,-5,Flight match,2026-08-06 15:09:35
32095,1:41 PM,2:58 PM,77,Flight match,2026-08-06 15:09:36
29515,2:35 PM,2:28 PM,-7,Flight match,2026-08-06 15:09:36
31103,5:01 PM,5:00 PM,-1,Flight match,2026-08-06 15:09:36
31172,8:10 PM,8:17 PM,7,Flight match,2026-08-06 15:09:36
31321,12:16 PM,12:20 PM,4,Flight match,2026-08-06 15:34:47
29430,11:10 AM,11:08 AM,-2,Flight match,2026-08-06 15:46:24
24091,11:27 AM,11:25 AM,-2,Flight match,2026-08-06 15:46:24
31271,11:27 AM,11:25 AM,-2,Flight match,2026-08-06 15:46:24
29097,11:27 AM,11:25 AM,-2,Flight match,2026-08-06 15:46:24
32429,11:29 AM,11:32 AM,3,Flight match,2026-08-06 15:46:24
28066,11:43 AM,11:44 AM,1,Flight match,2026-08-06 15:46:24
31092,11:58 AM,11:55 AM,-3,Flight match,2026-08-06 15:46:24
32834,12:05 PM,12:08 PM,3,Flight match,2026-08-06 15:46:24
22715,1:00 PM,12:54 PM,-6,Flight match,2026-08-06 15:46:24
29850,1:00 PM,12:54 PM,-6,Flight match,2026-08-06 15:46:24
25292,1:11 PM,1:02 PM,-9,Flight match,2026-08-06 15:46:24
21970,2:48 PM,2:44 PM,-4,Flight match,2026-08-06 15:46:24
32739,4:10 PM,3:55 PM,-15,Flight match,2026-08-06 15:46:24
32522,4:10 PM,3:55 PM,-15,Flight match,2026-08-06 15:46:25
26527,4:50 PM,5:35 PM,45,Flight match,2026-08-06 15:46:25
31103,5:00 PM,7:11 PM,131,Flight match,2026-08-06 15:46:25
24815,7:07 PM,6:42 PM,-25,Flight match,2026-08-06 15:46:25
28620,8:14 PM,8:25 PM,11,Flight match,2026-08-06 15:46:25
32429,11:32 AM,11:34 AM,2,Flight match,2026-08-06 15:53:32
31092,11:55 AM,12:01 PM,6,Flight match,2026-08-06 15:53:32
32834,12:08 PM,12:06 PM,-2,Flight match,2026-08-06 15:53:32
22715,12:54 PM,1:00 PM,6,Flight match,2026-08-06 15:53:32
29850,12:54 PM,1:00 PM,6,Flight match,2026-08-06 15:53:32
29934,2:19 PM,2:31 PM,12,Flight match,2026-08-06 15:53:32
23591,2:19 PM,2:31 PM,12,Flight match,2026-08-06 15:53:32
23593,2:19 PM,2:31 PM,12,Flight match,2026-08-06 15:53:32
24384,2:27 PM,2:28 PM,1,Flight match,2026-08-06 15:53:32
29515,2:28 PM,2:49 PM,21,Flight match,2026-08-06 15:53:32
31321,12:20 PM,12:21 PM,1,Flight match,2026-08-06 16:02:18
28066,11:44 AM,11:43 AM,-1,Flight match,2026-08-06 16:15:55
31092,12:01 PM,12:12 PM,11,Flight match,2026-08-06 16:15:55
32834,12:06 PM,12:08 PM,2,Flight match,2026-08-06 16:15:55
30558,12:21 PM,12:21 PM,0,Flight match,2026-08-06 16:15:55
25292,1:02 PM,1:07 PM,5,Flight match,2026-08-06 16:15:56
29934,2:31 PM,2:19 PM,-12,Flight match,2026-08-06 16:15:56
23591,2:31 PM,2:19 PM,-12,Flight match,2026-08-06 16:15:56
23593,2:31 PM,2:19 PM,-12,Flight match,2026-08-06 16:15:56
32095,2:58 PM,2:54 PM,-4,Flight match,2026-08-06 16:15:56
32281,4:08 PM,4:04 PM,-4,Flight match,2026-08-06 16:15:56
29533,4:08 PM,4:04 PM,-4,Flight match,2026-08-06 16:15:56
32961,5:59 PM,5:57 PM,-2,Flight match,2026-08-06 16:15:56
28620,8:25 PM,8:27 PM,2,Flight match,2026-08-06 16:15:56
31092,12:12 PM,12:13 PM,1,Flight match,2026-08-06 16:31:53
31321,12:21 PM,12:22 PM,1,Flight match,2026-08-06 16:31:53
30558,12:21 PM,12:19 PM,-2,Flight match,2026-08-06 16:31:53
24384,2:28 PM,2:38 PM,10,Flight match,2026-08-06 16:31:53
21970,2:44 PM,2:47 PM,3,Flight match,2026-08-06 16:31:53
29515,2:49 PM,3:19 PM,30,Flight match,2026-08-06 16:31:53
31901,3:50 PM,3:47 PM,-3,Flight match,2026-08-06 16:31:53
32281,4:04 PM,4:09 PM,5,Flight match,2026-08-06 16:31:53
29533,4:04 PM,4:09 PM,5,Flight match,2026-08-06 16:31:53
28526,4:51 PM,4:47 PM,-4,Flight match,2026-08-06 16:31:53
21970,2:47 PM,2:45 PM,-2,Flight match,2026-08-06 16:36:43
25876,3:18 PM,3:16 PM,-2,Flight match,2026-08-06 16:36:43
28526,4:47 PM,4:45 PM,-2,Flight match,2026-08-06 16:36:43
31172,8:17 PM,8:23 PM,6,Flight match,2026-08-06 16:36:43
22715,1:00 PM,12:59 PM,-1,Flight match,2026-08-06 17:00:44
29850,1:00 PM,12:59 PM,-1,Flight match,2026-08-06 17:00:44
25292,1:07 PM,1:10 PM,3,Flight match,2026-08-06 17:00:44
29934,2:19 PM,2:18 PM,-1,Flight match,2026-08-06 17:00:45
23591,2:19 PM,2:18 PM,-1,Flight match,2026-08-06 17:00:45
23593,2:19 PM,2:18 PM,-1,Flight match,2026-08-06 17:00:45
21970,2:45 PM,2:47 PM,2,Flight match,2026-08-06 17:00:45
29515,3:19 PM,2:54 PM,-25,Flight match,2026-08-06 17:00:45
28526,4:45 PM,4:46 PM,1,Flight match,2026-08-06 17:00:45
24815,6:42 PM,6:38 PM,-4,Flight match,2026-08-06 17:00:45
31172,8:23 PM,8:29 PM,6,Flight match,2026-08-06 17:00:45
28620,8:27 PM,8:24 PM,-3,Flight match,2026-08-06 17:00:45
29934,2:18 PM,2:17 PM,-1,Flight match,2026-08-06 17:09:58
22715,12:59 PM,1:09 PM,10,Flight match,2026-08-06 17:28:36
29850,12:59 PM,1:09 PM,10,Flight match,2026-08-06 17:28:36
25292,1:10 PM,1:13 PM,3,Flight match,2026-08-06 17:28:37
30165,1:16 PM,1:20 PM,4,Flight match,2026-08-06 17:28:37
32377,1:19 PM,1:27 PM,8,Flight match,2026-08-06 17:28:37
23591,2:18 PM,2:17 PM,-1,Flight match,2026-08-06 17:28:37
23593,2:18 PM,2:17 PM,-1,Flight match,2026-08-06 17:28:37
32095,2:54 PM,2:49 PM,-5,Flight match,2026-08-06 17:28:37
29682,6:55 PM,6:57 PM,2,Flight match,2026-08-06 17:28:37
28620,8:24 PM,8:10 PM,-14,Flight match,2026-08-06 17:28:37
31172,8:29 PM,8:27 PM,-2,Flight match,2026-08-06 17:28:37
28063,9:18 PM,9:03 PM,-15,Flight match,2026-08-06 17:28:37
29934,2:17 PM,2:31 PM,14,Flight match,2026-08-06 17:41:25
31901,3:47 PM,3:35 PM,-12,Flight match,2026-08-06 17:41:25
22715,1:09 PM,1:15 PM,6,Flight match,2026-08-06 17:48:08
29850,1:09 PM,1:15 PM,6,Flight match,2026-08-06 17:48:08
30165,1:20 PM,1:18 PM,-2,Flight match,2026-08-06 17:48:08
32377,1:27 PM,1:28 PM,1,Flight match,2026-08-06 17:48:08
23591,2:17 PM,2:31 PM,14,Flight match,2026-08-06 17:48:08
23593,2:17 PM,2:31 PM,14,Flight match,2026-08-06 17:48:08
21970,2:47 PM,2:49 PM,2,Flight match,2026-08-06 17:48:08
31901,3:35 PM,5:21 PM,106,Flight match,2026-08-06 17:48:08
28526,4:46 PM,4:44 PM,-2,Flight match,2026-08-06 17:48:08
26527,5:35 PM,5:29 PM,-6,Flight match,2026-08-06 17:48:08
29682,6:57 PM,6:59 PM,2,Flight match,2026-08-06 17:48:08
28620,8:10 PM,8:39 PM,29,Flight match,2026-08-06 17:48:08
32255,9:43 PM,9:42 PM,-1,Flight match,2026-08-06 17:48:08
31901,5:21 PM,4:41 PM,-40,Flight match,2026-08-06 17:55:27
24384,2:38 PM,2:44 PM,6,Flight match,2026-08-06 18:04:36
32095,2:49 PM,3:12 PM,23,Flight match,2026-08-06 18:04:36
21970,2:49 PM,2:52 PM,3,Flight match,2026-08-06 18:04:36
29515,2:54 PM,3:25 PM,31,Flight match,2026-08-06 18:04:36
32739,3:55 PM,4:55 PM,60,Flight match,2026-08-06 18:04:36
32522,3:55 PM,4:55 PM,60,Flight match,2026-08-06 18:04:37
26527,5:29 PM,5:09 PM,-20,Flight match,2026-08-06 18:04:37
31333,7:45 PM,7:48 PM,3,Flight match,2026-08-06 18:04:37
31172,8:27 PM,8:26 PM,-1,Flight match,2026-08-06 18:04:37
28620,8:39 PM,8:46 PM,7,Flight match,2026-08-06 18:04:37
29934,2:31 PM,2:50 PM,19,Flight match,2026-08-06 18:18:22
23591,2:31 PM,2:50 PM,19,Flight match,2026-08-06 18:21:54
23593,2:31 PM,2:50 PM,19,Flight match,2026-08-06 18:21:54
24384,2:44 PM,3:07 PM,23,Flight match,2026-08-06 18:21:54
21970,2:52 PM,3:28 PM,36,Flight match,2026-08-06 18:21:54
32095,3:12 PM,3:20 PM,8,Flight match,2026-08-06 18:21:54
29515,3:25 PM,3:40 PM,15,Flight match,2026-08-06 18:21:54
31901,4:41 PM,5:06 PM,25,Flight match,2026-08-06 18:21:55
28526,4:44 PM,4:52 PM,8,Flight match,2026-08-06 18:21:55
26527,5:09 PM,5:26 PM,17,Flight match,2026-08-06 18:21:56
30276,6:35 PM,6:39 PM,4,Flight match,2026-08-06 18:21:56
22730,6:35 PM,6:39 PM,4,Flight match,2026-08-06 18:21:56
29682,6:59 PM,6:58 PM,-1,Flight match,2026-08-06 18:21:56
28620,8:46 PM,10:07 PM,81,Flight match,2026-08-06 18:21:56
24384,3:07 PM,3:21 PM,14,Flight match,2026-08-06 18:35:11
32095,3:20 PM,4:30 PM,70,Flight match,2026-08-06 18:35:11
29515,3:40 PM,3:48 PM,8,Flight match,2026-08-06 18:35:11
31901,5:06 PM,5:37 PM,31,Flight match,2026-08-06 18:35:11
26527,5:26 PM,5:36 PM,10,Flight match,2026-08-06 18:36:14
31172,8:26 PM,8:27 PM,1,Flight match,2026-08-06 18:36:14
28620,10:07 PM,10:09 PM,2,Flight match,2026-08-06 18:36:14
24384,3:21 PM,3:22 PM,1,Flight match,2026-08-06 18:57:32
21970,3:28 PM,3:59 PM,31,Flight match,2026-08-06 18:57:32
29515,3:48 PM,4:01 PM,13,Flight match,2026-08-06 18:57:32
29533,4:09 PM,4:29 PM,20,Flight match,2026-08-06 18:57:32
32281,4:09 PM,4:29 PM,20,Flight match,2026-08-06 18:57:32
32095,4:30 PM,4:32 PM,2,Flight match,2026-08-06 18:57:32
32739,4:55 PM,5:55 PM,60,Flight match,2026-08-06 18:57:32
32522,4:55 PM,5:55 PM,60,Flight match,2026-08-06 18:57:32
26527,5:36 PM,5:49 PM,13,Flight match,2026-08-06 18:57:32
31901,5:37 PM,5:52 PM,15,Flight match,2026-08-06 18:57:32
23277,6:06 PM,6:03 PM,-3,Flight match,2026-08-06 18:57:32
24815,6:38 PM,6:39 PM,1,Flight match,2026-08-06 18:57:32
29682,6:58 PM,6:48 PM,-10,Flight match,2026-08-06 18:57:32
31103,7:11 PM,8:08 PM,57,Flight match,2026-08-06 18:57:32
28620,10:09 PM,10:52 PM,43,Flight match,2026-08-06 18:57:32
32377,1:28 PM,2:51 PM,83,Flight match,2026-08-06 19:11:22
24384,3:22 PM,3:16 PM,-6,Flight match,2026-08-06 19:11:22
21970,3:59 PM,5:05 PM,66,Flight match,2026-08-06 19:11:22
29533,4:29 PM,4:35 PM,6,Flight match,2026-08-06 19:11:22
32281,4:29 PM,4:35 PM,6,Flight match,2026-08-06 19:11:22
30276,6:39 PM,6:32 PM,-7,Flight match,2026-08-06 19:11:22
22730,6:39 PM,6:32 PM,-7,Flight match,2026-08-06 19:11:22
28620,10:52 PM,10:58 PM,6,Flight match,2026-08-06 19:11:22
24384,3:16 PM,3:30 PM,14,Flight match,2026-08-06 19:37:24
32095,4:32 PM,4:26 PM,-6,Flight match,2026-08-06 19:37:24
29533,4:35 PM,4:55 PM,20,Flight match,2026-08-06 19:37:24
32281,4:35 PM,4:55 PM,20,Flight match,2026-08-06 19:37:24
26527,5:49 PM,5:50 PM,1,Flight match,2026-08-06 19:37:24
31901,5:52 PM,6:52 PM,60,Flight match,2026-08-06 19:37:24
23277,6:03 PM,5:58 PM,-5,Flight match,2026-08-06 19:37:24
24815,6:39 PM,6:19 PM,-20,Flight match,2026-08-06 19:37:24
29682,6:48 PM,6:50 PM,2,Flight match,2026-08-06 19:37:24
31103,8:08 PM,8:16 PM,8,Flight match,2026-08-06 19:37:24
31172,8:27 PM,8:29 PM,2,Flight match,2026-08-06 19:37:25
31103,8:16 PM,9:03 PM,47,Flight match,2026-08-06 19:37:48
31333,7:48 PM,7:45 PM,-3,Flight match,2026-08-06 19:37:57
26527,5:50 PM,6:39 PM,49,Flight match,2026-08-06 19:47:51
32961,5:57 PM,6:04 PM,7,Flight match,2026-08-06 19:47:51
31333,7:45 PM,7:48 PM,3,Flight match,2026-08-06 19:47:51
31103,9:03 PM,9:04 PM,1,Flight match,2026-08-06 19:47:51
32522,5:55 PM,7:27 PM,92,Flight match,2026-08-06 21:51:34
31901,6:52 PM,7:51 PM,59,Flight match,2026-08-06 21:51:38
28526,4:52 PM,5:52 PM,60,Flight match,2026-08-06 21:54:13
32739,5:55 PM,7:36 PM,101,Flight match,2026-08-06 21:54:13
23277,5:58 PM,6:59 PM,61,Flight match,2026-08-06 21:54:13
32961,6:04 PM,7:02 PM,58,Flight match,2026-08-06 21:54:13
24815,6:19 PM,6:53 PM,34,Flight match,2026-08-06 21:54:13
22730,6:32 PM,7:12 PM,40,Flight match,2026-08-06 21:54:13
30276,6:32 PM,7:12 PM,40,Flight match,2026-08-06 21:54:13
26527,6:39 PM,7:25 PM,46,Flight match,2026-08-06 21:54:13
29682,6:50 PM,7:19 PM,29,Flight match,2026-08-06 21:54:13
32522,7:27 PM,7:36 PM,9,Flight match,2026-08-06 21:54:13
31333,7:48 PM,9:08 PM,80,Flight match,2026-08-06 21:54:13
31901,7:51 PM,8:05 PM,14,Flight match,2026-08-06 21:54:13
32465,8:19 PM,8:55 PM,36,Flight match,2026-08-06 21:54:13
32931,8:19 PM,8:21 PM,2,Flight match,2026-08-06 21:54:14
31172,8:29 PM,9:45 PM,76,Flight match,2026-08-06 21:54:14
32509,8:33 PM,8:36 PM,3,Flight match,2026-08-06 21:54:14
28063,9:03 PM,10:18 PM,75,Flight match,2026-08-06 21:54:14
33012,10:53 PM,10:55 PM,2,Flight match,2026-08-06 21:54:14
28526,5:52 PM,5:54 PM,2,Flight match,2026-08-06 22:44:04
23277,6:59 PM,7:13 PM,14,Flight match,2026-08-06 22:44:04
32961,7:02 PM,7:31 PM,29,Flight match,2026-08-06 22:44:04
29682,7:19 PM,7:54 PM,35,Flight match,2026-08-06 22:44:04
26527,7:25 PM,7:36 PM,11,Flight match,2026-08-06 22:44:04
32522,7:36 PM,8:02 PM,26,Flight match,2026-08-06 22:44:04
32739,7:36 PM,8:02 PM,26,Flight match,2026-08-06 22:44:04
31901,8:05 PM,10:16 PM,131,Flight match,2026-08-06 22:44:04
32931,8:21 PM,8:27 PM,6,Flight match,2026-08-06 22:44:04
32509,8:36 PM,8:23 PM,-13,Flight match,2026-08-06 22:44:04
32465,8:55 PM,9:00 PM,5,Flight match,2026-08-06 22:44:04
31333,9:08 PM,9:00 PM,-8,Flight match,2026-08-06 22:44:04
28817,9:50 PM,9:43 PM,-7,Flight match,2026-08-06 22:44:04
31172,10:50 PM,10:45 PM,-5,Flight match,2026-08-06 22:44:04
33012,10:55 PM,11:20 PM,25,Flight match,2026-08-06 22:44:04
31538,11:31 PM,11:28 PM,-3,Flight match,2026-08-06 22:44:04
23277,7:13 PM,7:49 PM,36,Flight match,2026-08-06 23:09:17
32961,7:31 PM,9:28 PM,117,Flight match,2026-08-06 23:09:17
29682,7:54 PM,8:13 PM,19,Flight match,2026-08-06 23:09:17
32522,8:02 PM,8:10 PM,8,Flight match,2026-08-06 23:09:17
32739,8:02 PM,8:10 PM,8,Flight match,2026-08-06 23:09:17
32509,8:23 PM,9:34 PM,71,Flight match,2026-08-06 23:09:17
32931,8:27 PM,8:29 PM,2,Flight match,2026-08-06 23:09:17
31333,9:00 PM,9:37 PM,37,Flight match,2026-08-06 23:09:17
32465,9:00 PM,9:44 PM,44,Flight match,2026-08-06 23:09:17
28817,9:43 PM,10:02 PM,19,Flight match,2026-08-06 23:09:17
28063,10:18 PM,9:43 PM,-35,Flight match,2026-08-06 23:09:17
32255,11:15 PM,11:05 PM,-10,Flight match,2026-08-06 23:09:17
23277,7:49 PM,9:15 PM,86,Flight match,2026-08-06 23:33:13
32522,8:10 PM,8:32 PM,22,Flight match,2026-08-06 23:33:13
32739,8:10 PM,8:32 PM,22,Flight match,2026-08-06 23:33:13
32931,8:29 PM,8:41 PM,12,Flight match,2026-08-06 23:33:13
28063,9:43 PM,9:44 PM,1,Flight match,2026-08-06 23:33:13
32465,9:44 PM,9:59 PM,15,Flight match,2026-08-06 23:33:13
31538,11:28 PM,11:28 PM,0,Flight match,2026-08-06 23:33:13
24815,6:53 PM,6:48 PM,-5,Flight match,2026-08-07 00:17:54
32522,8:32 PM,8:57 PM,25,Flight match,2026-08-07 00:17:54
32739,8:32 PM,8:57 PM,25,Flight match,2026-08-07 00:17:54
32931,8:41 PM,8:47 PM,6,Flight match,2026-08-07 00:17:54
23277,9:15 PM,10:15 PM,60,Flight match,2026-08-07 00:17:54
32509,9:34 PM,10:46 PM,72,Flight match,2026-08-07 00:17:54
28063,9:44 PM,11:25 PM,101,Flight match,2026-08-07 00:17:54
32465,9:59 PM,10:35 PM,36,Flight match,2026-08-07 00:17:54
28817,10:02 PM,11:29 PM,87,Flight match,2026-08-07 00:17:54
31172,10:45 PM,11:11 PM,26,Flight match,2026-08-07 00:17:54
32255,11:05 PM,11:04 PM,-1,Flight match,2026-08-07 00:17:54
32874,11:13 PM,11:08 PM,-5,Flight match,2026-08-07 00:17:54
33012,11:20 PM,11:14 PM,-6,Flight match,2026-08-07 00:17:54
32931,8:47 PM,8:49 PM,2,Flight match,2026-08-07 00:26:09
32465,10:35 PM,11:26 PM,51,Flight match,2026-08-07 00:26:09
32874,11:08 PM,11:10 PM,2,Flight match,2026-08-07 00:26:09
31172,11:11 PM,10:42 PM,-29,Flight match,2026-08-07 00:26:09
33012,11:14 PM,11:17 PM,3,Flight match,2026-08-07 00:26:09
24815,6:48 PM,8:45 PM,117,Flight match,2026-08-07 00:38:21
32931,8:49 PM,8:50 PM,1,Flight match,2026-08-07 00:38:21
32522,8:57 PM,8:53 PM,-4,Flight match,2026-08-07 00:38:21
32739,8:57 PM,8:53 PM,-4,Flight match,2026-08-07 00:38:21
32509,10:46 PM,11:43 PM,57,Flight match,2026-08-07 00:38:21
32931,8:50 PM,8:49 PM,-1,Flight match,2026-08-07 00:49:00
32522,8:53 PM,8:59 PM,6,Flight match,2026-08-07 00:49:01
32739,8:53 PM,8:59 PM,6,Flight match,2026-08-07 00:49:01
31172,10:42 PM,11:07 PM,25,Flight match,2026-08-07 00:49:01
32255,11:04 PM,11:56 PM,52,Flight match,2026-08-07 00:49:01
33012,11:17 PM,11:37 PM,20,Flight match,2026-08-07 00:49:01
31538,11:28 PM,11:32 PM,4,Flight match,2026-08-07 00:49:01
28817,11:29 PM,11:44 PM,15,Flight match,2026-08-07 00:49:01
32509,11:43 PM,11:52 PM,9,Flight match,2026-08-07 00:49:01
29682,8:13 PM,8:20 PM,7,Flight match,2026-08-07 01:08:48
24815,8:45 PM,8:55 PM,10,Flight match,2026-08-07 01:08:48
32931,8:49 PM,8:51 PM,2,Flight match,2026-08-07 01:08:48
32522,8:59 PM,8:58 PM,-1,Flight match,2026-08-07 01:08:48
32739,8:59 PM,8:58 PM,-1,Flight match,2026-08-07 01:08:48
23277,10:15 PM,10:05 PM,-10,Flight match,2026-08-07 01:08:48
32874,11:10 PM,11:08 PM,-2,Flight match,2026-08-07 01:08:49
28063,11:25 PM,11:29 PM,4,Flight match,2026-08-07 01:08:49
31538,11:32 PM,11:29 PM,-3,Flight match,2026-08-07 01:08:49
31883,8:30 AM,8:22 AM,-8,Flight match,2026-08-07 02:13:45
29190,9:36 AM,9:35 AM,-1,Flight match,2026-08-07 02:13:45
31242,10:27 AM,10:52 AM,25,Flight match,2026-08-07 02:13:45
19727,10:35 AM,10:54 AM,19,Flight match,2026-08-07 02:13:45
14161,10:59 AM,11:09 AM,10,Flight match,2026-08-07 02:13:45
32988,11:38 AM,11:46 AM,8,Flight match,2026-08-07 02:13:45
31339,11:52 AM,12:25 PM,33,Flight match,2026-08-07 02:13:46
32295,12:27 PM,12:30 PM,3,Flight match,2026-08-07 02:13:46
31679,1:13 PM,1:17 PM,4,Flight match,2026-08-07 02:13:46
33061,1:15 PM,12:03 PM,-72,Flight match,2026-08-07 02:13:46
33039,1:38 PM,1:30 PM,-8,Flight match,2026-08-07 02:13:46
32617,2:12 PM,2:09 PM,-3,Flight match,2026-08-07 02:13:46
32162,2:53 PM,2:32 PM,-21,Flight match,2026-08-07 02:13:46
26483,3:31 PM,3:28 PM,-3,Flight match,2026-08-07 02:13:46
33028,3:50 PM,3:03 PM,-47,Flight match,2026-08-07 02:13:46
26953,4:04 PM,4:08 PM,4,Flight match,2026-08-07 02:13:46
20864,5:35 PM,6:00 PM,25,Flight match,2026-08-07 02:13:46
32576,5:50 PM,5:26 PM,-24,Flight match,2026-08-07 02:13:46
23589,6:45 PM,6:54 PM,9,Flight match,2026-08-07 02:13:46
28189,7:25 PM,7:22 PM,-3,Flight match,2026-08-07 02:13:46
32491,8:05 PM,7:54 PM,-11,Flight match,2026-08-07 02:13:46
29753,8:22 PM,8:19 PM,-3,Flight match,2026-08-07 02:13:46
30798,10:53 PM,10:44 PM,-9,Flight match,2026-08-07 02:13:46
25931,11:15 PM,11:01 PM,-14,Flight match,2026-08-07 02:13:46
26362,11:32 PM,11:35 PM,3,Flight match,2026-08-07 02:13:46
31172,11:07 PM,11:30 PM,23,Flight match,2026-08-07 02:54:53
32874,11:08 PM,10:59 PM,-9,Flight match,2026-08-07 02:54:53
31538,11:29 PM,11:15 PM,-14,Flight match,2026-08-07 02:54:53
28063,11:29 PM,11:33 PM,4,Flight match,2026-08-07 02:54:53
33012,11:37 PM,11:16 PM,-21,Flight match,2026-08-07 02:54:53
28817,11:44 PM,11:53 PM,9,Flight match,2026-08-07 02:54:53
32255,11:56 PM,11:47 PM,-9,Flight match,2026-08-07 02:54:53
32874,10:59 PM,11:06 PM,7,Flight match,2026-08-07 03:55:28
31538,11:15 PM,11:38 PM,23,Flight match,2026-08-07 03:55:28
33012,11:16 PM,11:21 PM,5,Flight match,2026-08-07 03:55:28
31172,11:30 PM,11:26 PM,-4,Flight match,2026-08-07 03:55:28
28063,11:33 PM,11:35 PM,2,Flight match,2026-08-07 03:55:28
32255,11:47 PM,11:53 PM,6,Flight match,2026-08-07 03:55:28
28817,11:53 PM,11:55 PM,2,Flight match,2026-08-07 03:55:29
32509,1:20 AM,8:32 PM,1152,Flight match,2026-08-07 03:56:03
29934,2:30 AM,1:57 PM,687,Flight match,2026-08-07 03:56:03
31883,12:35 PM,12:28 PM,-7,Flight match,2026-08-07 03:56:03
33039,1:30 PM,1:38 PM,8,Flight match,2026-08-07 03:56:03
29374,10:45 PM,10:36 PM,-9,Flight match,2026-08-07 03:56:03
25931,11:01 PM,11:15 PM,14,Flight match,2026-08-07 03:56:03
29934,1:57 AM,1:57 PM,720,Flight match,2026-08-07 05:23:16
32815,8:54 AM,8:40 AM,-14,Flight match,2026-08-07 05:23:16
32162,2:32 PM,2:53 PM,21,Flight match,2026-08-07 05:23:16
30798,10:44 PM,10:53 PM,9,Flight match,2026-08-07 05:23:17
28467,8:06 AM,8:12 AM,6,Flight match,2026-08-07 10:53:56
30388,8:06 AM,8:12 AM,6,Flight match,2026-08-07 10:53:56
32815,8:40 AM,8:50 AM,10,Flight match,2026-08-07 10:53:56
27585,9:24 AM,9:28 AM,4,Flight match,2026-08-07 10:53:56
24995,9:35 AM,9:36 AM,1,Flight match,2026-08-07 10:53:56
29190,9:35 AM,9:41 AM,6,Flight match,2026-08-07 10:53:56
15553,9:35 AM,9:36 AM,1,Flight match,2026-08-07 10:53:56
31242,10:52 AM,10:53 AM,1,Flight match,2026-08-07 10:53:56
19727,10:54 AM,10:35 AM,-19,Flight match,2026-08-07 10:53:56
26523,10:59 AM,11:02 AM,3,Flight match,2026-08-07 10:53:56
14161,11:09 AM,10:51 AM,-18,Flight match,2026-08-07 10:53:56
32597,11:18 AM,11:03 AM,-15,Flight match,2026-08-07 10:53:56
19831,11:42 AM,11:55 AM,13,Flight match,2026-08-07 10:53:56
32988,11:46 AM,11:38 AM,-8,Flight match,2026-08-07 10:53:56
31911,11:50 AM,12:05 PM,15,Flight match,2026-08-07 10:53:56
26721,11:50 AM,12:05 PM,15,Flight match,2026-08-07 10:53:56
33164,11:53 AM,11:47 AM,-6,Flight match,2026-08-07 10:53:56
33061,12:03 PM,12:10 PM,7,Flight match,2026-08-07 10:53:57
31339,12:25 PM,12:20 PM,-5,Flight match,2026-08-07 10:53:57
32295,12:30 PM,12:27 PM,-3,Flight match,2026-08-07 10:53:57
18386,1:32 PM,1:11 PM,-21,Flight match,2026-08-07 10:53:57
33028,3:03 PM,3:10 PM,7,Flight match,2026-08-07 10:53:57
31387,3:48 PM,3:49 PM,1,Flight match,2026-08-07 10:53:57
27290,3:48 PM,3:49 PM,1,Flight match,2026-08-07 10:53:57
30212,4:47 PM,4:48 PM,1,Flight match,2026-08-07 10:53:57
32576,5:26 PM,5:50 PM,24,Flight match,2026-08-07 10:53:57
20864,6:00 PM,5:27 PM,-33,Flight match,2026-08-07 10:53:57
32491,7:54 PM,8:05 PM,11,Flight match,2026-08-07 10:53:57
29374,10:36 PM,10:45 PM,9,Flight match,2026-08-07 10:53:57
26362,11:35 PM,11:32 PM,-3,Flight match,2026-08-07 10:53:57
24995,9:36 AM,9:57 AM,21,Flight match,2026-08-07 11:29:34
15553,9:36 AM,9:57 AM,21,Flight match,2026-08-07 11:29:34
29190,9:41 AM,9:53 AM,12,Flight match,2026-08-07 11:29:34
28557,10:03 AM,9:54 AM,-9,Flight match,2026-08-07 11:29:34
18386,1:11 PM,1:32 PM,21,Flight match,2026-08-07 11:29:34
28467,8:12 AM,8:09 AM,-3,Flight match,2026-08-07 11:31:52
30388,8:12 AM,8:09 AM,-3,Flight match,2026-08-07 11:31:52
24995,9:57 AM,9:45 AM,-12,Flight match,2026-08-07 11:31:52
15553,9:57 AM,9:45 AM,-12,Flight match,2026-08-07 11:31:52
14161,10:51 AM,10:44 AM,-7,Flight match,2026-08-07 11:31:52
31242,10:53 AM,10:47 AM,-6,Flight match,2026-08-07 11:31:52
26523,11:02 AM,11:08 AM,6,Flight match,2026-08-07 11:31:52
32597,11:03 AM,10:58 AM,-5,Flight match,2026-08-07 11:31:52
33164,11:47 AM,12:03 PM,16,Flight match,2026-08-07 11:31:52
33061,12:10 PM,12:07 PM,-3,Flight match,2026-08-07 11:31:52
18386,1:32 PM,1:20 PM,-12,Flight match,2026-08-07 11:31:52
28467,8:09 AM,8:12 AM,3,Flight match,2026-08-07 12:34:35
30388,8:09 AM,8:12 AM,3,Flight match,2026-08-07 12:34:35
27585,9:28 AM,9:22 AM,-6,Flight match,2026-08-07 12:34:35
24995,9:45 AM,9:30 AM,-15,Flight match,2026-08-07 12:34:35
15553,9:45 AM,9:30 AM,-15,Flight match,2026-08-07 12:34:35
29190,9:53 AM,10:01 AM,8,Flight match,2026-08-07 12:34:35
14161,10:44 AM,11:05 AM,21,Flight match,2026-08-07 12:34:35
31242,10:47 AM,11:02 AM,15,Flight match,2026-08-07 12:34:35
32597,10:58 AM,10:59 AM,1,Flight match,2026-08-07 12:34:36
32988,11:38 AM,11:40 AM,2,Flight match,2026-08-07 12:34:36
19831,11:55 AM,11:47 AM,-8,Flight match,2026-08-07 12:34:36
31911,12:05 PM,11:55 AM,-10,Flight match,2026-08-07 12:34:36
26721,12:05 PM,11:55 AM,-10,Flight match,2026-08-07 12:34:36
31339,12:20 PM,12:08 PM,-12,Flight match,2026-08-07 12:34:36
32295,12:27 PM,12:28 PM,1,Flight match,2026-08-07 12:34:36
31679,1:17 PM,1:09 PM,-8,Flight match,2026-08-07 12:34:36
28467,8:12 AM,8:10 AM,-2,Flight match,2026-08-07 12:47:05
30388,8:12 AM,8:10 AM,-2,Flight match,2026-08-07 12:47:05
32815,8:50 AM,8:44 AM,-6,Flight match,2026-08-07 12:47:05
27585,9:22 AM,9:24 AM,2,Flight match,2026-08-07 12:47:05
24995,9:30 AM,9:35 AM,5,Flight match,2026-08-07 12:47:05
15553,9:30 AM,9:35 AM,5,Flight match,2026-08-07 12:47:05
28557,9:54 AM,9:40 AM,-14,Flight match,2026-08-07 12:47:05
19727,10:35 AM,10:48 AM,13,Flight match,2026-08-07 12:47:05
32597,10:59 AM,11:06 AM,7,Flight match,2026-08-07 12:47:05
31242,11:02 AM,11:53 AM,51,Flight match,2026-08-07 12:47:05
14161,11:05 AM,11:54 AM,49,Flight match,2026-08-07 12:47:06
26523,11:08 AM,11:07 AM,-1,Flight match,2026-08-07 12:47:06
31837,11:50 AM,11:55 AM,5,Flight match,2026-08-07 12:47:06
33164,12:03 PM,11:53 AM,-10,Flight match,2026-08-07 12:47:06
18386,1:20 PM,1:56 PM,36,Flight match,2026-08-07 12:47:06
33039,1:38 PM,1:41 PM,3,Flight match,2026-08-07 12:47:06
31901,8:29 PM,8:32 PM,3,Flight match,2026-08-07 12:47:06
26362,11:32 PM,11:35 PM,3,Flight match,2026-08-07 12:47:06
32815,8:44 AM,8:48 AM,4,Flight match,2026-08-07 13:01:45
28557,9:40 AM,9:43 AM,3,Flight match,2026-08-07 13:01:45
19727,10:48 AM,10:44 AM,-4,Flight match,2026-08-07 13:01:45
26523,11:07 AM,11:09 AM,2,Flight match,2026-08-07 13:01:45
32988,11:40 AM,11:39 AM,-1,Flight match,2026-08-07 13:01:45
19831,11:47 AM,11:46 AM,-1,Flight match,2026-08-07 13:01:45
14161,11:54 AM,12:14 PM,20,Flight match,2026-08-07 13:01:45
31837,11:55 AM,11:53 AM,-2,Flight match,2026-08-07 13:01:45
31837,11:55 AM,11:53 AM,-2,Flight match,2026-08-07 13:01:45
31911,11:55 AM,11:53 AM,-2,Flight match,2026-08-07 13:01:45
31911,11:55 AM,11:53 AM,-2,Flight match,2026-08-07 13:01:45
26721,11:55 AM,11:53 AM,-2,Flight match,2026-08-07 13:01:45
26721,11:55 AM,11:53 AM,-2,Flight match,2026-08-07 13:01:45
33006,3:13 PM,3:14 PM,1,Flight match,2026-08-07 13:01:45
33006,3:13 PM,3:14 PM,1,Flight match,2026-08-07 13:01:45
28031,4:35 PM,4:41 PM,6,Flight match,2026-08-07 13:01:45
28031,4:35 PM,4:41 PM,6,Flight match,2026-08-07 13:01:45
27585,9:24 AM,9:30 AM,6,Flight match,2026-08-07 13:19:07
19727,10:44 AM,10:39 AM,-5,Flight match,2026-08-07 13:19:08
26523,11:09 AM,11:05 AM,-4,Flight match,2026-08-07 13:19:08
19831,11:46 AM,11:47 AM,1,Flight match,2026-08-07 13:19:08
31911,11:53 AM,11:55 AM,2,Flight match,2026-08-07 13:19:08
31242,11:53 AM,11:32 AM,-21,Flight match,2026-08-07 13:19:09
26721,11:53 AM,11:55 AM,2,Flight match,2026-08-07 13:19:09
31339,12:08 PM,12:05 PM,-3,Flight match,2026-08-07 13:19:09
32295,12:28 PM,12:31 PM,3,Flight match,2026-08-07 13:19:09
26953,4:08 PM,4:12 PM,4,Flight match,2026-08-07 13:19:09
28031,4:41 PM,4:35 PM,-6,Flight match,2026-08-07 13:19:09
27585,9:30 AM,9:28 AM,-2,Flight match,2026-08-07 13:29:50
24995,9:35 AM,9:33 AM,-2,Flight match,2026-08-07 13:29:50
15553,9:35 AM,9:33 AM,-2,Flight match,2026-08-07 13:29:50
28557,9:43 AM,9:45 AM,2,Flight match,2026-08-07 13:29:51
33164,11:53 AM,12:03 PM,10,Flight match,2026-08-07 13:29:51
14161,12:14 PM,12:34 PM,20,Flight match,2026-08-07 13:29:51
18386,1:56 PM,1:17 PM,-39,Flight match,2026-08-07 13:29:51
26362,11:35 PM,11:32 PM,-3,Flight match,2026-08-07 13:29:51
27585,9:28 AM,9:26 AM,-2,Flight match,2026-08-07 13:40:53
28557,9:45 AM,9:43 AM,-2,Flight match,2026-08-07 13:40:53
26523,11:05 AM,11:08 AM,3,Flight match,2026-08-07 13:40:53
31911,11:55 AM,12:01 PM,6,Flight match,2026-08-07 13:40:53
26721,11:55 AM,12:01 PM,6,Flight match,2026-08-07 13:40:53
32295,12:31 PM,12:32 PM,1,Flight match,2026-08-07 13:40:54
14161,12:34 PM,12:39 PM,5,Flight match,2026-08-07 13:40:54
17473,9:25 AM,12:00 PM,155,Flight match,2026-08-07 13:41:14
32314,8:50 AM,4:21 PM,451,Flight match,2026-08-07 13:50:01
33168,12:15 AM,12:14 AM,-1,Flight match,2026-08-07 13:53:33
28362,8:05 AM,7:56 AM,-9,Flight match,2026-08-07 13:53:34
28025,8:43 AM,8:23 AM,-20,Flight match,2026-08-07 13:53:34
24222,8:50 AM,8:32 AM,-18,Flight match,2026-08-07 13:53:34
31777,8:55 AM,8:35 AM,-20,Flight match,2026-08-07 13:53:34
31869,8:56 AM,8:42 AM,-14,Flight match,2026-08-07 13:53:34
29442,9:10 AM,8:45 AM,-25,Flight match,2026-08-07 13:53:34
32270,9:25 AM,9:16 AM,-9,Flight match,2026-08-07 13:53:34
31661,9:35 AM,9:27 AM,-8,Flight match,2026-08-07 13:53:34
28461,9:38 AM,9:35 AM,-3,Flight match,2026-08-07 13:53:34
16384,9:40 AM,9:36 AM,-4,Flight match,2026-08-07 13:53:34
30244,9:40 AM,9:30 AM,-10,Flight match,2026-08-07 13:53:34
31303,9:55 AM,9:38 AM,-17,Flight match,2026-08-07 13:53:34
29742,9:55 AM,9:38 AM,-17,Flight match,2026-08-07 13:53:34
23967,9:59 AM,9:49 AM,-10,Flight match,2026-08-07 13:53:34
31770,9:59 AM,9:49 AM,-10,Flight match,2026-08-07 13:53:34
29398,10:00 AM,9:51 AM,-9,Flight match,2026-08-07 13:53:34
32885,10:00 AM,9:59 AM,-1,Flight match,2026-08-07 13:53:34
20787,10:00 AM,9:51 AM,-9,Flight match,2026-08-07 13:53:34
31857,10:10 AM,9:58 AM,-12,Flight match,2026-08-07 13:53:34
29899,10:15 AM,10:00 AM,-15,Flight match,2026-08-07 13:53:34
22731,10:15 AM,10:00 AM,-15,Flight match,2026-08-07 13:53:34
26483,10:20 AM,10:17 AM,-3,Flight match,2026-08-07 13:53:34
30806,10:20 AM,10:07 AM,-13,Flight match,2026-08-07 13:53:35
31618,10:23 AM,10:29 AM,6,Flight match,2026-08-07 13:53:35
26101,10:23 AM,10:29 AM,6,Flight match,2026-08-07 13:53:35
14702,10:27 AM,10:30 AM,3,Flight match,2026-08-07 13:53:35
24117,10:40 AM,10:28 AM,-12,Flight match,2026-08-07 13:53:35
27516,10:59 AM,10:49 AM,-10,Flight match,2026-08-07 13:53:35
32763,11:09 AM,11:17 AM,8,Flight match,2026-08-07 13:53:35
24767,11:10 AM,11:17 AM,7,Flight match,2026-08-07 13:53:35
31583,11:15 AM,11:18 AM,3,Flight match,2026-08-07 13:53:35
33036,11:15 AM,11:18 AM,3,Flight match,2026-08-07 13:53:35
30509,11:15 AM,11:18 AM,3,Flight match,2026-08-07 13:53:35
30155,11:19 AM,11:14 AM,-5,Flight match,2026-08-07 13:53:35
30055,11:21 AM,11:11 AM,-10,Flight match,2026-08-07 13:53:35
28469,11:35 AM,11:30 AM,-5,Flight match,2026-08-07 13:53:35
31875,11:47 AM,11:40 AM,-7,Flight match,2026-08-07 13:53:35
27393,11:50 AM,12:00 PM,10,Flight match,2026-08-07 13:53:35
26424,11:55 AM,11:44 AM,-11,Flight match,2026-08-07 13:53:35
22156,12:50 PM,11:50 AM,-60,Flight match,2026-08-07 13:53:35
31010,12:59 PM,12:47 PM,-12,Flight match,2026-08-07 13:53:35
32868,1:41 PM,1:30 PM,-11,Flight match,2026-08-07 13:53:35
32314,4:21 PM,8:32 AM,-469,Flight match,2026-08-07 13:53:35
32860,7:00 PM,6:08 PM,-52,Flight match,2026-08-07 13:53:35
18479,8:25 PM,1:45 PM,-400,Flight match,2026-08-07 13:53:35
28557,9:43 AM,9:50 AM,7,Flight match,2026-08-07 14:02:01
26523,11:08 AM,11:07 AM,-1,Flight match,2026-08-07 14:02:01
24995,9:33 AM,9:36 AM,3,Flight match,2026-08-07 14:15:19
15553,9:33 AM,9:36 AM,3,Flight match,2026-08-07 14:15:19
29190,10:01 AM,9:53 AM,-8,Flight match,2026-08-07 14:15:19
32597,11:06 AM,11:02 AM,-4,Flight match,2026-08-07 14:15:19
31242,11:32 AM,12:23 PM,51,Flight match,2026-08-07 14:15:19
32988,11:39 AM,11:43 AM,4,Flight match,2026-08-07 14:15:19
19831,11:47 AM,11:45 AM,-2,Flight match,2026-08-07 14:15:19
31837,11:53 AM,11:44 AM,-9,Flight match,2026-08-07 14:15:19
26721,12:01 PM,12:01 PM,0,Flight match,2026-08-07 14:15:19
31911,12:01 PM,12:01 PM,0,Flight match,2026-08-07 14:15:19
33164,12:03 PM,11:43 AM,-20,Flight match,2026-08-07 14:15:19
31339,12:05 PM,11:52 AM,-13,Flight match,2026-08-07 14:15:19
33061,12:07 PM,12:04 PM,-3,Flight match,2026-08-07 14:15:19
32295,12:32 PM,12:24 PM,-8,Flight match,2026-08-07 14:15:19
14161,12:39 PM,12:57 PM,18,Flight match,2026-08-07 14:15:19
32162,2:53 PM,2:32 PM,-21,Flight match,2026-08-07 14:15:19
33028,3:10 PM,3:11 PM,1,Flight match,2026-08-07 14:15:19
28031,4:35 PM,4:41 PM,6,Flight match,2026-08-07 14:15:19
20864,5:27 PM,5:28 PM,1,Flight match,2026-08-07 14:15:19
19727,10:39 AM,10:39 AM,0,Flight match,2026-08-07 14:33:37
31837,11:44 AM,11:52 AM,8,Flight match,2026-08-07 14:33:37
26721,12:01 PM,12:04 PM,3,Flight match,2026-08-07 14:33:37
31911,12:01 PM,12:04 PM,3,Flight match,2026-08-07 14:33:37
33061,12:04 PM,12:10 PM,6,Flight match,2026-08-07 14:33:37
31242,12:23 PM,12:33 PM,10,Flight match,2026-08-07 14:33:37
32295,12:24 PM,12:10 PM,-14,Flight match,2026-08-07 14:33:37
14161,12:57 PM,12:47 PM,-10,Flight match,2026-08-07 14:33:37
31679,1:09 PM,12:53 PM,-16,Flight match,2026-08-07 14:33:37
18386,1:17 PM,2:11 PM,54,Flight match,2026-08-07 14:33:37
33028,3:11 PM,3:28 PM,17,Flight match,2026-08-07 14:33:37
28031,4:41 PM,4:47 PM,6,Flight match,2026-08-07 14:33:37
23589,6:54 PM,6:34 PM,-20,Flight match,2026-08-07 14:33:37
26523,11:07 AM,11:06 AM,-1,Flight match,2026-08-07 14:47:40
31837,11:52 AM,12:00 PM,8,Flight match,2026-08-07 14:47:40
33061,12:10 PM,12:15 PM,5,Flight match,2026-08-07 14:47:40
31242,12:33 PM,12:36 PM,3,Flight match,2026-08-07 14:47:40
31679,12:53 PM,1:08 PM,15,Flight match,2026-08-07 14:47:40
33028,3:28 PM,3:14 PM,-14,Flight match,2026-08-07 14:47:40
26523,11:06 AM,11:05 AM,-1,Flight match,2026-08-07 14:56:29
31837,12:00 PM,11:48 AM,-12,Flight match,2026-08-07 14:56:29
33061,12:15 PM,12:20 PM,5,Flight match,2026-08-07 14:56:29
31679,1:08 PM,1:08 PM,0,Flight match,2026-08-07 14:56:29
33028,3:14 PM,3:07 PM,-7,Flight match,2026-08-07 14:56:29
28031,4:47 PM,4:44 PM,-3,Flight match,2026-08-07 14:56:29
19727,10:39 AM,10:40 AM,1,Flight match,2026-08-07 15:03:01
26523,11:05 AM,11:03 AM,-2,Flight match,2026-08-07 15:03:01
19831,11:45 AM,11:47 AM,2,Flight match,2026-08-07 15:03:01
31339,11:52 AM,11:55 AM,3,Flight match,2026-08-07 15:03:01
33061,12:20 PM,12:17 PM,-3,Flight match,2026-08-07 15:03:02
14161,12:47 PM,12:50 PM,3,Flight match,2026-08-07 15:03:02
31679,1:08 PM,1:09 PM,1,Flight match,2026-08-07 15:03:02
33039,1:41 PM,1:37 PM,-4,Flight match,2026-08-07 15:03:02
29934,1:57 PM,2:01 PM,4,Flight match,2026-08-07 15:03:02
23589,6:34 PM,6:54 PM,20,Flight match,2026-08-07 15:03:02
32597,11:02 AM,11:07 AM,5,Flight match,2026-08-07 15:16:40
33164,11:43 AM,11:52 AM,9,Flight match,2026-08-07 15:16:41
26721,12:04 PM,12:01 PM,-3,Flight match,2026-08-07 15:16:42
31911,12:04 PM,12:01 PM,-3,Flight match,2026-08-07 15:16:42
32617,2:09 PM,2:11 PM,2,Flight match,2026-08-07 15:16:43
18386,2:11 PM,1:57 PM,-14,Flight match,2026-08-07 15:16:43
32162,2:32 PM,2:53 PM,21,Flight match,2026-08-07 15:16:43
26523,11:03 AM,11:05 AM,2,Flight match,2026-08-07 15:22:01
33164,11:52 AM,11:50 AM,-2,Flight match,2026-08-07 15:22:02
29934,2:01 PM,2:13 PM,12,Flight match,2026-08-07 15:22:02
33028,3:07 PM,3:14 PM,7,Flight match,2026-08-07 15:22:02
26953,4:12 PM,4:05 PM,-7,Flight match,2026-08-07 15:22:02
30212,4:48 PM,4:36 PM,-12,Flight match,2026-08-07 15:22:02
19831,11:47 AM,11:53 AM,6,Flight match,2026-08-07 15:33:06
31837,11:48 AM,11:51 AM,3,Flight match,2026-08-07 15:33:07
33164,11:50 AM,11:42 AM,-8,Flight match,2026-08-07 15:33:07
33061,12:17 PM,12:18 PM,1,Flight match,2026-08-07 15:33:07
33039,1:37 PM,1:41 PM,4,Flight match,2026-08-07 15:33:07
18386,1:57 PM,2:14 PM,17,Flight match,2026-08-07 15:33:07
29934,2:13 PM,2:11 PM,-2,Flight match,2026-08-07 15:33:07
32162,2:53 PM,2:32 PM,-21,Flight match,2026-08-07 15:33:07
33028,3:14 PM,3:11 PM,-3,Flight match,2026-08-07 15:33:07
33006,3:14 PM,3:13 PM,-1,Flight match,2026-08-07 15:33:07
26953,4:05 PM,4:12 PM,7,Flight match,2026-08-07 15:33:07
28031,4:44 PM,4:48 PM,4,Flight match,2026-08-07 15:33:07
33164,11:42 AM,11:43 AM,1,Flight match,2026-08-07 15:39:47
31339,11:55 AM,11:56 AM,1,Flight match,2026-08-07 15:39:47
29934,2:11 PM,1:58 PM,-13,Flight match,2026-08-07 15:39:47
33028,3:11 PM,3:06 PM,-5,Flight match,2026-08-07 15:39:47
28031,4:48 PM,4:38 PM,-10,Flight match,2026-08-07 15:39:47
33164,11:43 AM,11:50 AM,7,Flight match,2026-08-07 15:54:41
32988,11:43 AM,11:44 AM,1,Flight match,2026-08-07 15:54:41
26721,12:01 PM,12:04 PM,3,Flight match,2026-08-07 15:54:41
31911,12:01 PM,12:04 PM,3,Flight match,2026-08-07 15:54:42
32295,12:10 PM,12:09 PM,-1,Flight match,2026-08-07 15:54:42
33039,1:41 PM,1:21 PM,-20,Flight match,2026-08-07 15:54:42
29934,1:58 PM,2:10 PM,12,Flight match,2026-08-07 15:54:42
32617,2:11 PM,2:02 PM,-9,Flight match,2026-08-07 15:54:42
33006,3:13 PM,3:00 PM,-13,Flight match,2026-08-07 15:54:42
31387,3:49 PM,3:19 PM,-30,Flight match,2026-08-07 15:54:42
27290,3:49 PM,3:19 PM,-30,Flight match,2026-08-07 15:54:42
31901,8:32 PM,8:29 PM,-3,Flight match,2026-08-07 15:54:42
19831,11:53 AM,11:48 AM,-5,Flight match,2026-08-07 16:09:49
26721,12:04 PM,12:19 PM,15,Flight match,2026-08-07 16:09:49
31911,12:04 PM,12:19 PM,15,Flight match,2026-08-07 16:09:49
32295,12:09 PM,12:13 PM,4,Flight match,2026-08-07 16:09:49
33061,12:18 PM,12:21 PM,3,Flight match,2026-08-07 16:09:49
33039,1:21 PM,1:12 PM,-9,Flight match,2026-08-07 16:09:49
18386,2:14 PM,2:05 PM,-9,Flight match,2026-08-07 16:09:49
32576,5:50 PM,5:34 PM,-16,Flight match,2026-08-07 16:09:49
32491,8:05 PM,8:24 PM,19,Flight match,2026-08-07 16:09:49
31339,11:56 AM,11:52 AM,-4,Flight match,2026-08-07 16:30:22
32295,12:13 PM,12:16 PM,3,Flight match,2026-08-07 16:30:22
26721,12:19 PM,12:17 PM,-2,Flight match,2026-08-07 16:30:23
31911,12:19 PM,12:17 PM,-2,Flight match,2026-08-07 16:30:23
33061,12:21 PM,12:18 PM,-3,Flight match,2026-08-07 16:30:23
31242,12:36 PM,12:45 PM,9,Flight match,2026-08-07 16:30:23
32617,2:02 PM,2:06 PM,4,Flight match,2026-08-07 16:30:23
29934,2:10 PM,1:58 PM,-12,Flight match,2026-08-07 16:30:23
32162,2:32 PM,2:33 PM,1,Flight match,2026-08-07 16:30:23
26953,4:12 PM,4:24 PM,12,Flight match,2026-08-07 16:30:23
31883,5:50 PM,5:48 PM,-2,Flight match,2026-08-07 16:30:23
31242,12:45 PM,12:44 PM,-1,Flight match,2026-08-07 16:47:42
14161,12:50 PM,12:51 PM,1,Flight match,2026-08-07 16:47:42
33039,1:12 PM,1:21 PM,9,Flight match,2026-08-07 16:47:42
33006,3:00 PM,3:15 PM,15,Flight match,2026-08-07 16:47:42
33028,3:06 PM,3:12 PM,6,Flight match,2026-08-07 16:47:42
26953,4:24 PM,4:19 PM,-5,Flight match,2026-08-07 16:47:42
30212,4:36 PM,4:37 PM,1,Flight match,2026-08-07 16:47:42
28031,4:38 PM,4:40 PM,2,Flight match,2026-08-07 16:47:43
23589,6:54 PM,6:34 PM,-20,Flight match,2026-08-07 16:47:43
31242,12:44 PM,12:50 PM,6,Flight match,2026-08-07 16:55:01
33039,1:21 PM,1:11 PM,-10,Flight match,2026-08-07 16:55:01
32617,2:06 PM,2:19 PM,13,Flight match,2026-08-07 16:55:01
33006,3:15 PM,3:31 PM,16,Flight match,2026-08-07 16:55:01
26953,4:19 PM,4:07 PM,-12,Flight match,2026-08-07 16:55:01
32617,2:19 PM,2:16 PM,-3,Flight match,2026-08-07 17:06:12
29374,11:59 PM,10:45 PM,-74,Flight match,2026-08-07 17:06:12
33006,3:31 PM,3:19 PM,-12,Flight match,2026-08-07 17:14:02
31679,1:09 PM,1:29 PM,20,Flight match,2026-08-07 17:27:06
33039,1:11 PM,1:18 PM,7,Flight match,2026-08-07 17:27:06
29934,1:58 PM,2:09 PM,11,Flight match,2026-08-07 17:27:06
32617,2:16 PM,2:10 PM,-6,Flight match,2026-08-07 17:27:06
32162,2:33 PM,2:40 PM,7,Flight match,2026-08-07 17:27:06
31387,3:19 PM,3:30 PM,11,Flight match,2026-08-07 17:27:06
27290,3:19 PM,3:30 PM,11,Flight match,2026-08-07 17:27:06
30212,4:37 PM,4:31 PM,-6,Flight match,2026-08-07 17:27:06
32491,8:24 PM,8:33 PM,9,Flight match,2026-08-07 17:27:06
14161,12:51 PM,12:56 PM,5,Flight match,2026-08-07 17:32:12
29934,2:09 PM,2:11 PM,2,Flight match,2026-08-07 17:32:12
32617,2:10 PM,2:16 PM,6,Flight match,2026-08-07 17:32:12
32162,2:40 PM,2:49 PM,9,Flight match,2026-08-07 17:32:12
33028,3:12 PM,3:24 PM,12,Flight match,2026-08-07 17:32:12
29934,2:11 PM,2:03 PM,-8,Flight match,2026-08-07 17:34:17
32617,2:16 PM,2:14 PM,-2,Flight match,2026-08-07 17:34:17
32162,2:49 PM,2:43 PM,-6,Flight match,2026-08-07 17:34:17
28031,4:40 PM,4:36 PM,-4,Flight match,2026-08-07 17:34:17
32491,8:33 PM,8:39 PM,6,Flight match,2026-08-07 17:34:17
24623,3:43 PM,5:14 PM,91,Flight match,2026-08-07 17:36:49
32617,2:14 PM,2:16 PM,2,Flight match,2026-08-07 17:44:10
33028,3:24 PM,3:29 PM,5,Flight match,2026-08-07 17:48:16
29753,5:25 PM,5:24 PM,-1,Flight match,2026-08-07 17:48:16
31679,1:29 PM,1:33 PM,4,Flight match,2026-08-07 17:51:45
18386,2:05 PM,2:15 PM,10,Flight match,2026-08-07 17:51:45
32162,2:43 PM,2:42 PM,-1,Flight match,2026-08-07 17:51:45
33028,3:29 PM,3:27 PM,-2,Flight match,2026-08-07 17:51:45
29753,5:24 PM,5:35 PM,11,Flight match,2026-08-07 17:51:45
23589,6:34 PM,6:30 PM,-4,Flight match,2026-08-07 17:51:45
33039,1:18 PM,1:35 PM,17,Flight match,2026-08-07 17:57:22
33028,3:27 PM,3:22 PM,-5,Flight match,2026-08-07 17:57:22
23589,6:30 PM,6:38 PM,8,Flight match,2026-08-07 17:57:22
18386,2:15 PM,2:09 PM,-6,Flight match,2026-08-07 18:04:43
32617,2:16 PM,2:15 PM,-1,Flight match,2026-08-07 18:04:43
33028,3:22 PM,3:23 PM,1,Flight match,2026-08-07 18:04:43
26953,4:07 PM,4:13 PM,6,Flight match,2026-08-07 18:04:43
30212,4:31 PM,4:35 PM,4,Flight match,2026-08-07 18:04:43
29753,5:35 PM,5:32 PM,-3,Flight match,2026-08-07 18:04:43
32617,2:15 PM,2:15 PM,0,Flight match,2026-08-07 18:22:29
18386,2:09 PM,2:17 PM,8,Flight match,2026-08-07 18:35:45
32617,2:15 PM,2:29 PM,14,Flight match,2026-08-07 18:35:45
33028,3:23 PM,3:28 PM,5,Flight match,2026-08-07 18:35:45
31387,3:30 PM,4:35 PM,65,Flight match,2026-08-07 18:35:45
27290,3:30 PM,4:35 PM,65,Flight match,2026-08-07 18:35:45
30212,4:35 PM,4:37 PM,2,Flight match,2026-08-07 18:35:45
28031,4:36 PM,5:04 PM,28,Flight match,2026-08-07 18:35:45
29753,5:32 PM,5:24 PM,-8,Flight match,2026-08-07 18:35:45
32576,5:34 PM,5:31 PM,-3,Flight match,2026-08-07 18:35:45
31901,8:29 PM,8:14 PM,-15,Flight match,2026-08-07 18:35:45
25931,11:15 PM,11:01 PM,-14,Flight match,2026-08-07 18:35:45
28031,5:04 PM,5:10 PM,6,Flight match,2026-08-07 18:37:45
28031,5:10 PM,5:16 PM,6,Flight match,2026-08-07 18:43:04
29753,5:24 PM,5:30 PM,6,Flight match,2026-08-07 18:43:04
32576,5:31 PM,5:34 PM,3,Flight match,2026-08-07 18:43:04
26953,4:13 PM,4:19 PM,6,Flight match,2026-08-07 18:57:29
28031,5:16 PM,5:34 PM,18,Flight match,2026-08-07 18:57:29
29753,5:30 PM,5:21 PM,-9,Flight match,2026-08-07 18:57:29
31883,5:48 PM,5:47 PM,-1,Flight match,2026-08-07 18:57:29
28031,5:34 PM,5:37 PM,3,Flight match,2026-08-07 19:00:58
23589,6:38 PM,6:31 PM,-7,Flight match,2026-08-07 19:00:58
32162,2:42 PM,2:56 PM,14,Flight match,2026-08-07 19:19:37
33028,3:28 PM,3:23 PM,-5,Flight match,2026-08-07 19:19:37
33006,3:19 PM,3:20 PM,1,Flight match,2026-08-07 19:32:17
33028,3:23 PM,3:27 PM,4,Flight match,2026-08-07 19:32:18
26953,4:19 PM,4:20 PM,1,Flight match,2026-08-07 19:32:18
31387,4:35 PM,4:25 PM,-10,Flight match,2026-08-07 19:32:18
27290,4:35 PM,4:25 PM,-10,Flight match,2026-08-07 19:32:18
29753,5:21 PM,5:15 PM,-6,Flight match,2026-08-07 19:32:19
32576,5:34 PM,5:42 PM,8,Flight match,2026-08-07 19:32:19
28031,5:37 PM,5:29 PM,-8,Flight match,2026-08-07 19:32:19
31883,5:47 PM,5:41 PM,-6,Flight match,2026-08-07 19:32:19
26953,4:20 PM,4:28 PM,8,Flight match,2026-08-07 20:19:51
20864,5:28 PM,5:26 PM,-2,Flight match,2026-08-07 20:19:51
28031,5:29 PM,5:21 PM,-8,Flight match,2026-08-07 20:19:51
31883,5:41 PM,5:40 PM,-1,Flight match,2026-08-07 20:19:51
32576,5:42 PM,6:02 PM,20,Flight match,2026-08-07 20:19:51
23589,6:31 PM,6:43 PM,12,Flight match,2026-08-07 20:19:51
32491,8:39 PM,8:48 PM,9,Flight match,2026-08-07 20:19:51
32191,9:48 PM,9:49 PM,1,Flight match,2026-08-07 20:19:51
25931,11:01 PM,11:30 PM,29,Flight match,2026-08-07 20:19:51
31387,4:25 PM,4:29 PM,4,Flight match,2026-08-07 20:32:48
27290,4:25 PM,4:29 PM,4,Flight match,2026-08-07 20:32:48
26953,4:28 PM,4:27 PM,-1,Flight match,2026-08-07 20:32:48
28031,5:21 PM,5:22 PM,1,Flight match,2026-08-07 20:32:48
31883,5:40 PM,5:44 PM,4,Flight match,2026-08-07 20:32:48
32576,6:02 PM,6:05 PM,3,Flight match,2026-08-07 20:32:48
28189,7:22 PM,7:31 PM,9,Flight match,2026-08-07 20:32:48
28031,5:22 PM,5:27 PM,5,Flight match,2026-08-07 21:00:46
31387,4:29 PM,4:44 PM,15,Flight match,2026-08-07 21:30:40
27290,4:29 PM,4:44 PM,15,Flight match,2026-08-07 21:30:40
29753,5:15 PM,5:28 PM,13,Flight match,2026-08-07 21:30:40
20864,5:26 PM,5:34 PM,8,Flight match,2026-08-07 21:30:40
28031,5:27 PM,5:26 PM,-1,Flight match,2026-08-07 21:30:41
31883,5:44 PM,5:44 PM,0,Flight match,2026-08-07 21:30:41
23589,6:43 PM,7:49 PM,66,Flight match,2026-08-07 21:30:41
28189,7:31 PM,7:40 PM,9,Flight match,2026-08-07 21:30:41
32491,8:48 PM,9:33 PM,45,Flight match,2026-08-07 21:30:41
32191,9:49 PM,10:53 PM,64,Flight match,2026-08-07 21:30:41
30798,10:53 PM,10:44 PM,-9,Flight match,2026-08-07 21:30:41
31883,5:44 PM,5:46 PM,2,Flight match,2026-08-07 21:49:20
32576,6:05 PM,5:59 PM,-6,Flight match,2026-08-07 21:49:20
23589,7:49 PM,8:06 PM,17,Flight match,2026-08-07 21:49:20
32491,9:33 PM,9:45 PM,12,Flight match,2026-08-07 21:49:20
30798,10:44 PM,10:59 PM,15,Flight match,2026-08-07 21:49:20
25931,11:30 PM,11:20 PM,-10,Flight match,2026-08-07 21:49:20
26362,11:32 PM,11:35 PM,3,Flight match,2026-08-07 21:49:20
20864,5:34 PM,5:44 PM,10,Flight match,2026-08-07 22:23:32
31883,5:46 PM,5:44 PM,-2,Flight match,2026-08-07 22:23:32
32576,5:59 PM,6:02 PM,3,Flight match,2026-08-07 22:23:32
28189,7:40 PM,7:29 PM,-11,Flight match,2026-08-07 22:23:32
23589,8:06 PM,8:20 PM,14,Flight match,2026-08-07 22:23:32
31901,8:14 PM,8:02 PM,-12,Flight match,2026-08-07 22:23:32
32491,9:45 PM,10:22 PM,37,Flight match,2026-08-07 22:23:32
26362,11:35 PM,11:16 PM,-19,Flight match,2026-08-07 22:23:33
29374,10:45 PM,12:06 AM,-1359,Flight match,2026-08-07 22:34:13
22731,6:42 PM,10:00 AM,-522,Flight match,2026-08-07 22:36:27
28189,7:29 PM,7:34 PM,5,Flight match,2026-08-07 22:48:26
23589,8:20 PM,10:54 PM,154,Flight match,2026-08-07 22:48:26
32491,10:22 PM,10:36 PM,14,Flight match,2026-08-07 22:48:26
25931,11:20 PM,11:31 PM,11,Flight match,2026-08-07 22:48:26
32191,10:53 PM,12:36 AM,-1337,Flight match,2026-08-07 22:49:37
32509,8:32 PM,8:29 PM,-3,Flight match,2026-08-07 22:58:33
30136,8:32 PM,8:29 PM,-3,Flight match,2026-08-07 22:58:33
32491,10:36 PM,10:48 PM,12,Flight match,2026-08-07 22:58:33
23589,10:54 PM,9:22 PM,-92,Flight match,2026-08-07 22:58:33
32509,8:29 PM,8:16 PM,-13,Flight match,2026-08-07 23:12:15
30136,8:29 PM,8:16 PM,-13,Flight match,2026-08-07 23:12:15
32491,10:48 PM,11:44 PM,56,Flight match,2026-08-07 23:12:15
31901,8:02 PM,8:06 PM,4,Flight match,2026-08-07 23:33:13
32509,8:16 PM,8:16 PM,0,Flight match,2026-08-07 23:33:13
30136,8:16 PM,8:16 PM,0,Flight match,2026-08-07 23:33:13
32491,11:44 PM,11:40 PM,-4,Flight match,2026-08-07 23:33:13
23589,9:00 AM,6:54 PM,594,Flight match,2026-08-08 01:48:24
32270,9:16 AM,9:25 AM,9,Flight match,2026-08-08 01:51:03
16384,9:36 AM,9:35 AM,-1,Flight match,2026-08-08 01:51:03
31770,9:49 AM,10:19 AM,30,Flight match,2026-08-08 01:51:03
22731,10:00 AM,6:21 PM,501,Flight match,2026-08-08 01:51:03
30806,10:07 AM,10:20 AM,13,Flight match,2026-08-08 01:51:03
26101,10:29 AM,10:28 AM,-1,Flight match,2026-08-08 01:51:03
31618,10:29 AM,10:28 AM,-1,Flight match,2026-08-08 01:51:03
30055,11:11 AM,11:21 AM,10,Flight match,2026-08-08 01:51:03
30155,11:14 AM,11:19 AM,5,Flight match,2026-08-08 01:51:03
31875,11:40 AM,11:47 AM,7,Flight match,2026-08-08 01:51:03
22156,11:50 AM,12:50 PM,60,Flight match,2026-08-08 01:51:03
28093,12:05 PM,11:58 AM,-7,Flight match,2026-08-08 01:51:03
32910,12:25 PM,11:59 AM,-26,Flight match,2026-08-08 01:51:03
31121,12:31 PM,12:28 PM,-3,Flight match,2026-08-08 01:51:03
30846,12:55 PM,12:44 PM,-11,Flight match,2026-08-08 01:51:03
30260,12:55 PM,12:44 PM,-11,Flight match,2026-08-08 01:51:03
14096,1:19 PM,1:14 PM,-5,Flight match,2026-08-08 01:51:03
23577,2:12 PM,2:09 PM,-3,Flight match,2026-08-08 01:51:03
27537,2:12 PM,2:09 PM,-3,Flight match,2026-08-08 01:51:03
32285,2:35 PM,2:22 PM,-13,Flight match,2026-08-08 01:51:03
27769,2:40 PM,2:44 PM,4,Flight match,2026-08-08 01:51:03
32715,2:40 PM,2:29 PM,-11,Flight match,2026-08-08 01:51:03
23645,2:40 PM,2:29 PM,-11,Flight match,2026-08-08 01:51:03
31157,2:48 PM,2:45 PM,-3,Flight match,2026-08-08 01:51:03
31485,3:03 PM,3:00 PM,-3,Flight match,2026-08-08 01:51:03
28130,3:10 PM,2:47 PM,-23,Flight match,2026-08-08 01:51:03
30751,4:51 PM,4:50 PM,-1,Flight match,2026-08-08 01:51:03
24623,5:14 PM,3:43 PM,-91,Flight match,2026-08-08 01:51:03
33312,5:28 PM,5:25 PM,-3,Flight match,2026-08-08 01:51:03
32468,6:15 PM,5:55 PM,-20,Flight match,2026-08-08 01:51:03
30653,7:00 PM,6:38 PM,-22,Flight match,2026-08-08 01:51:04
28443,9:18 PM,9:10 PM,-8,Flight match,2026-08-08 01:51:04
30228,10:26 PM,10:23 PM,-3,Flight match,2026-08-08 01:51:04
31925,11:41 PM,11:44 PM,3,Flight match,2026-08-08 01:51:04
27393,12:35 PM,12:29 PM,-6,Flight match,2026-08-08 02:26:08
28524,4:49 PM,4:53 PM,4,Flight match,2026-08-08 02:26:08
31974,9:00 PM,8:57 PM,-3,Flight match,2026-08-08 02:26:08
28443,9:10 PM,9:18 PM,8,Flight match,2026-08-08 02:26:08
31829,12:35 PM,12:29 PM,-6,Flight match,2026-08-08 02:32:59
33168,12:14 AM,12:42 AM,28,Flight match,2026-08-08 05:04:23
29442,8:45 AM,9:10 AM,25,Flight match,2026-08-08 05:04:23
26101,10:28 AM,11:29 AM,61,Flight match,2026-08-08 05:04:23
31618,10:28 AM,11:29 AM,61,Flight match,2026-08-08 05:04:23
27516,10:49 AM,10:59 AM,10,Flight match,2026-08-08 05:04:23
22156,12:50 PM,12:24 PM,-26,Flight match,2026-08-08 05:04:23
14096,1:14 PM,1:19 PM,5,Flight match,2026-08-08 05:04:23
27769,2:44 PM,2:40 PM,-4,Flight match,2026-08-08 05:04:23
32860,6:08 PM,6:36 PM,28,Flight match,2026-08-08 05:04:23
22731,6:21 PM,6:42 PM,21,Flight match,2026-08-08 05:04:23
31925,11:44 PM,11:41 PM,-3,Flight match,2026-08-08 05:04:23
28362,7:56 AM,8:03 AM,7,Flight match,2026-08-08 08:31:36
28025,8:23 AM,8:44 AM,21,Flight match,2026-08-08 08:31:36
32314,8:32 AM,8:41 AM,9,Flight match,2026-08-08 08:31:36
24222,8:32 AM,8:41 AM,9,Flight match,2026-08-08 08:31:36
31777,8:35 AM,8:44 AM,9,Flight match,2026-08-08 08:31:36
29442,9:10 AM,8:45 AM,-25,Flight match,2026-08-08 08:31:36
32270,9:25 AM,9:16 AM,-9,Flight match,2026-08-08 08:31:36
16384,9:35 AM,9:36 AM,1,Flight match,2026-08-08 08:31:36
29398,9:51 AM,10:00 AM,9,Flight match,2026-08-08 08:31:36
20787,9:51 AM,10:00 AM,9,Flight match,2026-08-08 08:31:36
31857,9:58 AM,10:10 AM,12,Flight match,2026-08-08 08:31:36
30806,10:20 AM,10:07 AM,-13,Flight match,2026-08-08 08:31:36
14702,10:30 AM,10:22 AM,-8,Flight match,2026-08-08 08:31:36
25096,10:51 AM,10:45 AM,-6,Flight match,2026-08-08 08:31:36
24767,11:17 AM,11:10 AM,-7,Flight match,2026-08-08 08:31:36
30509,11:18 AM,11:10 AM,-8,Flight match,2026-08-08 08:31:36
31583,11:18 AM,11:10 AM,-8,Flight match,2026-08-08 08:31:36
33036,11:18 AM,11:10 AM,-8,Flight match,2026-08-08 08:31:36
30055,11:21 AM,11:11 AM,-10,Flight match,2026-08-08 08:31:37
31618,11:29 AM,11:31 AM,2,Flight match,2026-08-08 08:31:37
26101,11:29 AM,11:31 AM,2,Flight match,2026-08-08 08:31:37
22156,12:24 PM,12:26 PM,2,Flight match,2026-08-08 08:31:37
30260,12:44 PM,12:55 PM,11,Flight match,2026-08-08 08:31:37
30846,12:44 PM,12:55 PM,11,Flight match,2026-08-08 08:31:37
31010,12:47 PM,12:48 PM,1,Flight match,2026-08-08 08:31:37
31018,12:51 PM,12:38 PM,-13,Flight match,2026-08-08 08:31:37
20407,12:51 PM,12:38 PM,-13,Flight match,2026-08-08 08:31:37
28130,2:47 PM,3:10 PM,23,Flight match,2026-08-08 08:31:37
31661,9:27 AM,9:35 AM,8,Flight match,2026-08-08 08:37:20
30244,9:30 AM,9:40 AM,10,Flight match,2026-08-08 08:37:20
32885,9:59 AM,10:00 AM,1,Flight match,2026-08-08 08:37:20
24117,10:28 AM,10:40 AM,12,Flight match,2026-08-08 08:37:20
32763,11:17 AM,11:09 AM,-8,Flight match,2026-08-08 08:37:20
28469,11:30 AM,11:35 AM,5,Flight match,2026-08-08 08:37:20
26424,11:44 AM,11:55 AM,11,Flight match,2026-08-08 08:37:20
31875,11:47 AM,11:48 AM,1,Flight match,2026-08-08 08:37:20
28093,11:58 AM,12:05 PM,7,Flight match,2026-08-08 08:37:20
32910,11:59 AM,12:25 PM,26,Flight match,2026-08-08 08:37:20
31829,12:29 PM,12:35 PM,6,Flight match,2026-08-08 08:37:20
27393,12:29 PM,12:35 PM,6,Flight match,2026-08-08 08:37:20
32285,2:22 PM,2:35 PM,13,Flight match,2026-08-08 08:37:20
23645,2:29 PM,2:40 PM,11,Flight match,2026-08-08 08:37:20
32715,2:29 PM,2:40 PM,11,Flight match,2026-08-08 08:37:20
32468,5:55 PM,6:15 PM,20,Flight match,2026-08-08 08:37:20
30653,6:38 PM,7:00 PM,22,Flight match,2026-08-08 08:37:20
28362,8:03 AM,7:53 AM,-10,Flight match,2026-08-08 10:37:40
32314,8:41 AM,8:29 AM,-12,Flight match,2026-08-08 10:37:40
24222,8:41 AM,8:29 AM,-12,Flight match,2026-08-08 10:37:40
31869,8:42 AM,8:37 AM,-5,Flight match,2026-08-08 10:37:40
31777,8:44 AM,8:46 AM,2,Flight match,2026-08-08 10:37:40
28025,8:44 AM,8:46 AM,2,Flight match,2026-08-08 10:37:40
29442,8:45 AM,8:58 AM,13,Flight match,2026-08-08 10:37:40
32270,9:16 AM,9:19 AM,3,Flight match,2026-08-08 10:37:40
28461,9:35 AM,9:33 AM,-2,Flight match,2026-08-08 10:37:40
31661,9:35 AM,9:26 AM,-9,Flight match,2026-08-08 10:37:40
16384,9:36 AM,9:30 AM,-6,Flight match,2026-08-08 10:37:40
30244,9:40 AM,9:31 AM,-9,Flight match,2026-08-08 10:37:40
29398,10:00 AM,9:53 AM,-7,Flight match,2026-08-08 10:37:41
32885,10:00 AM,9:58 AM,-2,Flight match,2026-08-08 10:37:41
20787,10:00 AM,9:53 AM,-7,Flight match,2026-08-08 10:37:41
30806,10:07 AM,10:11 AM,4,Flight match,2026-08-08 10:37:41
31857,10:10 AM,10:04 AM,-6,Flight match,2026-08-08 10:37:41
24117,10:40 AM,10:30 AM,-10,Flight match,2026-08-08 10:37:41
27516,10:59 AM,10:49 AM,-10,Flight match,2026-08-08 10:37:41
32763,11:09 AM,11:00 AM,-9,Flight match,2026-08-08 10:37:41
24767,11:10 AM,10:57 AM,-13,Flight match,2026-08-08 10:37:41
30055,11:11 AM,11:14 AM,3,Flight match,2026-08-08 10:37:41
30155,11:19 AM,11:20 AM,1,Flight match,2026-08-08 10:37:41
26101,11:31 AM,11:29 AM,-2,Flight match,2026-08-08 10:37:41
31618,11:31 AM,11:29 AM,-2,Flight match,2026-08-08 10:37:41
23589,11:33 AM,6:54 PM,441,Flight match,2026-08-08 10:37:41
22156,12:26 PM,12:01 PM,-25,Flight match,2026-08-08 10:37:41
31010,12:48 PM,12:47 PM,-1,Flight match,2026-08-08 10:37:41
31640,6:30 PM,6:23 PM,-7,Flight match,2026-08-08 10:37:41
28443,9:18 PM,9:29 PM,11,Flight match,2026-08-08 10:37:41
32314,8:29 AM,8:31 AM,2,Flight match,2026-08-08 10:50:39
24222,8:29 AM,8:31 AM,2,Flight match,2026-08-08 10:50:39
31777,8:46 AM,8:41 AM,-5,Flight match,2026-08-08 10:50:39
28025,8:46 AM,8:50 AM,4,Flight match,2026-08-08 10:50:39
31661,9:26 AM,9:28 AM,2,Flight match,2026-08-08 10:50:39
31857,10:04 AM,10:02 AM,-2,Flight match,2026-08-08 10:50:39
26483,10:17 AM,10:21 AM,4,Flight match,2026-08-08 10:50:39
30260,12:55 PM,12:56 PM,1,Flight match,2026-08-08 10:50:39
30846,12:55 PM,12:56 PM,1,Flight match,2026-08-08 10:50:39
22731,6:42 PM,8:14 PM,92,Flight match,2026-08-08 10:50:39
28443,9:29 PM,9:37 PM,8,Flight match,2026-08-08 10:50:39
28362,7:53 AM,7:56 AM,3,Flight match,2026-08-08 11:19:03
24222,8:31 AM,8:32 AM,1,Flight match,2026-08-08 11:19:03
32314,8:31 AM,8:32 AM,1,Flight match,2026-08-08 11:19:03
31869,8:37 AM,8:41 AM,4,Flight match,2026-08-08 11:19:03
32270,9:19 AM,10:05 AM,46,Flight match,2026-08-08 11:19:03
31661,9:28 AM,9:35 AM,7,Flight match,2026-08-08 11:19:03
16384,9:30 AM,9:49 AM,19,Flight match,2026-08-08 11:19:03
28461,9:33 AM,9:22 AM,-11,Flight match,2026-08-08 11:19:03
26483,10:21 AM,10:08 AM,-13,Flight match,2026-08-08 11:19:03
30155,11:20 AM,11:12 AM,-8,Flight match,2026-08-08 11:19:04
26101,11:29 AM,10:36 AM,-53,Flight match,2026-08-08 11:19:04
31618,11:29 AM,10:36 AM,-53,Flight match,2026-08-08 11:19:04
28469,11:35 AM,11:29 AM,-6,Flight match,2026-08-08 11:19:04
31875,11:48 AM,11:45 AM,-3,Flight match,2026-08-08 11:19:04
31010,12:47 PM,12:48 PM,1,Flight match,2026-08-08 11:19:04
30846,12:56 PM,12:55 PM,-1,Flight match,2026-08-08 11:19:04
30260,12:56 PM,12:55 PM,-1,Flight match,2026-08-08 11:19:04
27537,11:37 PM,11:34 PM,-3,Flight match,2026-08-08 11:19:04
33168,12:42 AM,12:43 AM,1,Flight match,2026-08-08 11:31:10
31869,8:41 AM,8:50 AM,9,Flight match,2026-08-08 11:31:10
28461,9:22 AM,9:32 AM,10,Flight match,2026-08-08 11:31:10
30244,9:31 AM,9:37 AM,6,Flight match,2026-08-08 11:31:10
31661,9:35 AM,9:36 AM,1,Flight match,2026-08-08 11:31:10
16384,9:49 AM,9:50 AM,1,Flight match,2026-08-08 11:31:10
26483,10:08 AM,10:18 AM,10,Flight match,2026-08-08 11:31:10
30806,10:11 AM,10:12 AM,1,Flight match,2026-08-08 11:31:10
32763,11:00 AM,10:55 AM,-5,Flight match,2026-08-08 11:31:11
31875,11:45 AM,11:31 AM,-14,Flight match,2026-08-08 11:31:11
31010,12:48 PM,12:47 PM,-1,Flight match,2026-08-08 11:31:11
30846,12:55 PM,12:46 PM,-9,Flight match,2026-08-08 11:31:11
30260,12:55 PM,12:46 PM,-9,Flight match,2026-08-08 11:31:11
33168,12:43 AM,12:42 AM,-1,Flight match,2026-08-08 11:34:36
28362,7:56 AM,7:54 AM,-2,Flight match,2026-08-08 11:34:36
31869,8:50 AM,8:53 AM,3,Flight match,2026-08-08 11:34:36
16384,9:50 AM,9:47 AM,-3,Flight match,2026-08-08 11:34:36
25096,10:45 AM,10:39 AM,-6,Flight match,2026-08-08 11:34:36
33212,12:28 AM,12:25 AM,-3,Flight match,2026-08-08 11:35:04
33158,12:30 AM,12:25 AM,-5,Flight match,2026-08-08 11:35:04
25703,8:10 AM,7:58 AM,-12,Flight match,2026-08-08 11:35:04
30138,8:22 AM,8:14 AM,-8,Flight match,2026-08-08 11:35:04
31068,8:40 AM,8:27 AM,-13,Flight match,2026-08-08 11:35:05
27998,8:45 AM,7:55 AM,-50,Flight match,2026-08-08 11:35:05
11743,8:51 AM,7:43 AM,-68,Flight match,2026-08-08 11:35:05
32929,8:59 AM,8:48 AM,-11,Flight match,2026-08-08 11:35:05
32272,9:15 AM,9:20 AM,5,Flight match,2026-08-08 11:35:05
27203,9:22 AM,9:06 AM,-16,Flight match,2026-08-08 11:35:05
32204,9:38 AM,9:35 AM,-3,Flight match,2026-08-08 11:35:05
30879,9:38 AM,9:35 AM,-3,Flight match,2026-08-08 11:35:05
32106,9:44 AM,9:32 AM,-12,Flight match,2026-08-08 11:35:05
29505,9:50 AM,9:38 AM,-12,Flight match,2026-08-08 11:35:05
32900,9:58 AM,9:49 AM,-9,Flight match,2026-08-08 11:35:05
32760,10:00 AM,9:30 AM,-30,Flight match,2026-08-08 11:35:05
25183,10:00 AM,9:36 AM,-24,Flight match,2026-08-08 11:35:05
27129,10:00 AM,9:36 AM,-24,Flight match,2026-08-08 11:35:05
27143,10:19 AM,10:09 AM,-10,Flight match,2026-08-08 11:35:05
7393,10:30 AM,9:32 AM,-58,Flight match,2026-08-08 11:35:05
33209,10:30 AM,10:09 AM,-21,Flight match,2026-08-08 11:35:05
29501,11:01 AM,11:00 AM,-1,Flight match,2026-08-08 11:35:05
26136,11:25 AM,11:21 AM,-4,Flight match,2026-08-08 11:35:06
27445,11:30 AM,11:22 PM,712,Flight match,2026-08-08 11:35:06
31743,12:15 PM,12:16 PM,1,Flight match,2026-08-08 11:35:06
21809,12:15 PM,12:16 PM,1,Flight match,2026-08-08 11:35:06
32508,1:00 PM,12:47 PM,-13,Flight match,2026-08-08 11:35:06
22318,1:30 PM,1:18 PM,-12,Flight match,2026-08-08 11:35:06
31710,1:41 PM,1:30 PM,-11,Flight match,2026-08-08 11:35:06
31489,2:25 PM,2:16 PM,-9,Flight match,2026-08-08 11:35:06
31491,2:25 PM,2:16 PM,-9,Flight match,2026-08-08 11:35:06
33214,3:00 PM,3:03 PM,3,Flight match,2026-08-08 11:35:06
29587,4:18 PM,4:17 PM,-1,Flight match,2026-08-08 11:35:06
26892,4:25 PM,4:10 PM,-15,Flight match,2026-08-08 11:35:06
30381,11:20 PM,11:13 PM,-7,Flight match,2026-08-08 11:35:06
33168,12:42 AM,12:43 AM,1,Flight match,2026-08-08 11:56:01
28362,7:54 AM,7:55 AM,1,Flight match,2026-08-08 11:56:01
32314,8:32 AM,8:32 AM,0,Flight match,2026-08-08 11:56:01
24222,8:32 AM,8:32 AM,0,Flight match,2026-08-08 11:56:01
31777,8:41 AM,8:40 AM,-1,Flight match,2026-08-08 11:56:02
31869,8:53 AM,8:57 AM,4,Flight match,2026-08-08 11:56:02
28461,9:32 AM,9:23 AM,-9,Flight match,2026-08-08 11:56:02
30244,9:37 AM,9:36 AM,-1,Flight match,2026-08-08 11:56:02
16384,9:47 AM,9:53 AM,6,Flight match,2026-08-08 11:56:02
20787,9:53 AM,9:55 AM,2,Flight match,2026-08-08 11:56:02
29398,9:53 AM,9:55 AM,2,Flight match,2026-08-08 11:56:02
32885,9:58 AM,9:55 AM,-3,Flight match,2026-08-08 11:56:02
31857,10:02 AM,10:15 AM,13,Flight match,2026-08-08 11:56:02
26101,10:36 AM,11:32 AM,56,Flight match,2026-08-08 11:56:02
31618,10:36 AM,11:32 AM,56,Flight match,2026-08-08 11:56:02
25096,10:39 AM,10:45 AM,6,Flight match,2026-08-08 11:56:02
32910,12:25 PM,12:15 PM,-10,Flight match,2026-08-08 11:56:02
14096,1:19 PM,1:14 PM,-5,Flight match,2026-08-08 11:56:02
24623,3:43 PM,3:34 PM,-9,Flight match,2026-08-08 11:56:02
30228,10:23 PM,10:26 PM,3,Flight match,2026-08-08 11:56:02
33168,12:43 AM,12:42 AM,-1,Flight match,2026-08-08 11:58:37
28461,9:23 AM,9:24 AM,1,Flight match,2026-08-08 11:58:37
31661,9:36 AM,9:39 AM,3,Flight match,2026-08-08 11:58:37
20787,9:55 AM,9:55 AM,0,Flight match,2026-08-08 11:58:37
29398,9:55 AM,9:55 AM,0,Flight match,2026-08-08 11:58:37
31857,10:15 AM,10:16 AM,1,Flight match,2026-08-08 11:58:37
14702,10:22 AM,10:14 AM,-8,Flight match,2026-08-08 11:58:37
32763,10:55 AM,10:53 AM,-2,Flight match,2026-08-08 11:58:37
30055,11:14 AM,11:15 AM,1,Flight match,2026-08-08 11:58:37
31875,11:31 AM,11:23 AM,-8,Flight match,2026-08-08 11:58:37
26424,11:55 AM,11:48 AM,-7,Flight match,2026-08-08 11:58:37
32673,4:37 PM,4:25 PM,-12,Flight match,2026-08-08 11:58:37
31612,10:27 AM,10:12 AM,-15,Flight match,2026-08-08 12:03:37
26232,10:37 AM,10:34 AM,-3,Flight match,2026-08-08 12:03:37
28126,10:38 AM,10:22 AM,-16,Flight match,2026-08-08 12:03:37
28362,7:55 AM,7:54 AM,-1,Flight match,2026-08-08 12:25:44
24222,8:32 AM,8:32 AM,0,Flight match,2026-08-08 12:25:44
32314,8:32 AM,8:32 AM,0,Flight match,2026-08-08 12:25:44
31777,8:40 AM,8:39 AM,-1,Flight match,2026-08-08 12:25:45
31661,9:39 AM,9:36 AM,-3,Flight match,2026-08-08 12:25:45
32885,9:55 AM,9:56 AM,1,Flight match,2026-08-08 12:25:45
29398,9:55 AM,10:02 AM,7,Flight match,2026-08-08 12:25:45
20787,9:55 AM,10:02 AM,7,Flight match,2026-08-08 12:25:45
32270,10:05 AM,10:06 AM,1,Flight match,2026-08-08 12:25:45
31857,10:16 AM,10:15 AM,-1,Flight match,2026-08-08 12:25:45
24117,10:30 AM,10:31 AM,1,Flight match,2026-08-08 12:25:45
25096,10:45 AM,10:39 AM,-6,Flight match,2026-08-08 12:25:45
32763,10:53 AM,10:57 AM,4,Flight match,2026-08-08 12:25:45
24767,10:57 AM,11:02 AM,5,Flight match,2026-08-08 12:25:45
31583,11:10 AM,10:56 AM,-14,Flight match,2026-08-08 12:25:45
30509,11:10 AM,10:56 AM,-14,Flight match,2026-08-08 12:25:45
33036,11:10 AM,10:56 AM,-14,Flight match,2026-08-08 12:25:45
30155,11:12 AM,11:13 AM,1,Flight match,2026-08-08 12:25:45
31875,11:23 AM,11:27 AM,4,Flight match,2026-08-08 12:25:45
26101,11:32 AM,11:31 AM,-1,Flight match,2026-08-08 12:25:45
31618,11:32 AM,11:31 AM,-1,Flight match,2026-08-08 12:25:45
31018,12:38 PM,12:44 PM,6,Flight match,2026-08-08 12:25:45
20407,12:38 PM,12:44 PM,6,Flight match,2026-08-08 12:25:45
31485,3:00 PM,3:10 PM,10,Flight match,2026-08-08 12:25:45
18479,8:25 PM,7:30 PM,-55,Flight match,2026-08-08 12:25:45
33168,12:42 AM,12:43 AM,1,Flight match,2026-08-08 12:59:37
32314,8:32 AM,8:38 AM,6,Flight match,2026-08-08 12:59:37
24222,8:32 AM,8:38 AM,6,Flight match,2026-08-08 12:59:37
31777,8:39 AM,8:44 AM,5,Flight match,2026-08-08 12:59:37
28025,8:50 AM,8:49 AM,-1,Flight match,2026-08-08 12:59:37
28461,9:24 AM,9:23 AM,-1,Flight match,2026-08-08 12:59:37
30244,9:36 AM,9:41 AM,5,Flight match,2026-08-08 12:59:38
31661,9:36 AM,9:36 AM,0,Flight match,2026-08-08 12:59:38
16384,9:53 AM,9:48 AM,-5,Flight match,2026-08-08 12:59:38
32885,9:56 AM,9:53 AM,-3,Flight match,2026-08-08 12:59:38
32270,10:06 AM,10:15 AM,9,Flight match,2026-08-08 12:59:38
26483,10:18 AM,10:12 AM,-6,Flight match,2026-08-08 12:59:38
25096,10:39 AM,10:37 AM,-2,Flight match,2026-08-08 12:59:38
27516,10:49 AM,10:49 AM,0,Flight match,2026-08-08 12:59:38
30509,10:56 AM,11:09 AM,13,Flight match,2026-08-08 12:59:38
31583,10:56 AM,11:09 AM,13,Flight match,2026-08-08 12:59:38
33036,10:56 AM,11:09 AM,13,Flight match,2026-08-08 12:59:38
24767,11:02 AM,11:05 AM,3,Flight match,2026-08-08 12:59:38
30155,11:13 AM,11:12 AM,-1,Flight match,2026-08-08 12:59:38
30055,11:15 AM,11:26 AM,11,Flight match,2026-08-08 12:59:38
26424,11:48 AM,11:46 AM,-2,Flight match,2026-08-08 12:59:38
28093,12:05 PM,11:59 AM,-6,Flight match,2026-08-08 12:59:38
30260,12:46 PM,12:47 PM,1,Flight match,2026-08-08 12:59:38
30846,12:46 PM,12:47 PM,1,Flight match,2026-08-08 12:59:38
14096,1:14 PM,1:26 PM,12,Flight match,2026-08-08 12:59:38
31628,5:56 PM,8:43 PM,167,Flight match,2026-08-08 12:59:38
31640,6:23 PM,6:20 PM,-3,Flight match,2026-08-08 12:59:38
33168,12:43 AM,12:42 AM,-1,Flight match,2026-08-08 13:06:37
31777,8:44 AM,8:43 AM,-1,Flight match,2026-08-08 13:06:37
28025,8:49 AM,8:59 AM,10,Flight match,2026-08-08 13:06:37
31869,8:57 AM,8:51 AM,-6,Flight match,2026-08-08 13:06:37
28461,9:23 AM,9:24 AM,1,Flight match,2026-08-08 13:06:37
32885,9:53 AM,9:52 AM,-1,Flight match,2026-08-08 13:06:37
29398,10:02 AM,9:56 AM,-6,Flight match,2026-08-08 13:06:37
20787,10:02 AM,9:56 AM,-6,Flight match,2026-08-08 13:06:37
32270,10:15 AM,10:06 AM,-9,Flight match,2026-08-08 13:06:37
24117,10:31 AM,10:35 AM,4,Flight match,2026-08-08 13:06:37
30155,11:12 AM,11:23 AM,11,Flight match,2026-08-08 13:06:37
28469,11:29 AM,11:35 AM,6,Flight match,2026-08-08 13:06:37
26424,11:46 AM,11:33 AM,-13,Flight match,2026-08-08 13:06:37
30846,12:47 PM,12:49 PM,2,Flight match,2026-08-08 13:06:37
30260,12:47 PM,12:49 PM,2,Flight match,2026-08-08 13:06:37
32868,1:30 PM,1:31 PM,1,Flight match,2026-08-08 13:06:37
27769,2:40 PM,2:44 PM,4,Flight match,2026-08-08 13:06:37
24623,3:34 PM,3:43 PM,9,Flight match,2026-08-08 13:06:38
32673,4:25 PM,4:37 PM,12,Flight match,2026-08-08 13:06:38
33168,12:42 AM,12:43 AM,1,Flight match,2026-08-08 13:38:38
28461,9:24 AM,9:25 AM,1,Flight match,2026-08-08 13:38:38
30244,9:41 AM,9:44 AM,3,Flight match,2026-08-08 13:38:38
16384,9:48 AM,9:51 AM,3,Flight match,2026-08-08 13:38:38
32270,10:06 AM,10:05 AM,-1,Flight match,2026-08-08 13:38:38
26483,10:12 AM,10:09 AM,-3,Flight match,2026-08-08 13:38:38
31857,10:15 AM,10:15 AM,0,Flight match,2026-08-08 13:38:38
24117,10:35 AM,10:38 AM,3,Flight match,2026-08-08 13:38:38
27516,10:49 AM,10:45 AM,-4,Flight match,2026-08-08 13:38:38
24767,11:05 AM,11:03 AM,-2,Flight match,2026-08-08 13:38:38
30155,11:23 AM,11:24 AM,1,Flight match,2026-08-08 13:38:38
26101,11:31 AM,11:29 AM,-2,Flight match,2026-08-08 13:38:38
31618,11:31 AM,11:29 AM,-2,Flight match,2026-08-08 13:38:38
26424,11:33 AM,11:37 AM,4,Flight match,2026-08-08 13:38:38
28469,11:35 AM,11:37 AM,2,Flight match,2026-08-08 13:38:38
32910,12:15 PM,12:12 PM,-3,Flight match,2026-08-08 13:38:38
31829,12:35 PM,12:30 PM,-5,Flight match,2026-08-08 13:38:38
27393,12:35 PM,12:30 PM,-5,Flight match,2026-08-08 13:38:38
30260,12:49 PM,12:48 PM,-1,Flight match,2026-08-08 13:38:38
30846,12:49 PM,12:48 PM,-1,Flight match,2026-08-08 13:38:38
32868,1:31 PM,1:32 PM,1,Flight match,2026-08-08 13:38:38
23645,2:40 PM,2:31 PM,-9,Flight match,2026-08-08 13:38:38
32715,2:40 PM,2:31 PM,-9,Flight match,2026-08-08 13:38:38
31485,3:10 PM,3:13 PM,3,Flight match,2026-08-08 13:38:38
32860,6:36 PM,6:46 PM,10,Flight match,2026-08-08 13:38:38
28461,9:25 AM,9:23 AM,-2,Flight match,2026-08-08 13:57:34
31661,9:36 AM,9:46 AM,10,Flight match,2026-08-08 13:57:34
30244,9:44 AM,9:43 AM,-1,Flight match,2026-08-08 13:57:34
16384,9:51 AM,9:52 AM,1,Flight match,2026-08-08 13:57:34
32885,9:52 AM,9:54 AM,2,Flight match,2026-08-08 13:57:34
20787,9:56 AM,10:02 AM,6,Flight match,2026-08-08 13:57:34
29398,9:56 AM,10:02 AM,6,Flight match,2026-08-08 13:57:34
32270,10:05 AM,10:07 AM,2,Flight match,2026-08-08 13:57:34
26483,10:09 AM,10:12 AM,3,Flight match,2026-08-08 13:57:34
31857,10:15 AM,10:18 AM,3,Flight match,2026-08-08 13:57:34
27516,10:45 AM,10:37 AM,-8,Flight match,2026-08-08 13:57:34
26101,11:29 AM,11:28 AM,-1,Flight match,2026-08-08 13:57:34
31618,11:29 AM,11:28 AM,-1,Flight match,2026-08-08 13:57:34
28469,11:37 AM,11:42 AM,5,Flight match,2026-08-08 13:57:34
28093,11:59 AM,11:56 AM,-3,Flight match,2026-08-08 13:57:34
22156,12:01 PM,12:26 PM,25,Flight match,2026-08-08 13:57:34
32910,12:12 PM,12:15 PM,3,Flight match,2026-08-08 13:57:34
31121,12:28 PM,12:32 PM,4,Flight match,2026-08-08 13:57:34
30846,12:48 PM,12:54 PM,6,Flight match,2026-08-08 13:57:34
30260,12:48 PM,12:54 PM,6,Flight match,2026-08-08 13:57:35
32868,1:32 PM,1:31 PM,-1,Flight match,2026-08-08 13:57:35
32285,2:35 PM,2:44 PM,9,Flight match,2026-08-08 13:57:35
27769,2:44 PM,2:37 PM,-7,Flight match,2026-08-08 13:57:35
31485,3:13 PM,3:10 PM,-3,Flight match,2026-08-08 13:57:35
28524,4:53 PM,4:49 PM,-4,Flight match,2026-08-08 13:57:35
31640,6:20 PM,6:23 PM,3,Flight match,2026-08-08 13:57:35
32860,6:46 PM,9:03 PM,137,Flight match,2026-08-08 13:57:35
29398,10:02 AM,9:58 AM,-4,Flight match,2026-08-08 14:18:18
26101,11:28 AM,11:23 AM,-5,Flight match,2026-08-08 14:18:18
32885,9:54 AM,10:21 AM,27,Flight match,2026-08-08 14:32:27
20787,10:02 AM,9:58 AM,-4,Flight match,2026-08-08 14:32:27
32270,10:07 AM,10:17 AM,10,Flight match,2026-08-08 14:32:27
26483,10:12 AM,10:07 AM,-5,Flight match,2026-08-08 14:32:27
30806,10:12 AM,10:10 AM,-2,Flight match,2026-08-08 14:32:27
14702,10:14 AM,10:12 AM,-2,Flight match,2026-08-08 14:32:27
24117,10:38 AM,10:39 AM,1,Flight match,2026-08-08 14:32:27
32763,10:57 AM,10:53 AM,-4,Flight match,2026-08-08 14:32:27
24767,11:03 AM,11:05 AM,2,Flight match,2026-08-08 14:32:27
31618,11:28 AM,11:23 AM,-5,Flight match,2026-08-08 14:32:27
28093,11:56 AM,12:09 PM,13,Flight match,2026-08-08 14:32:27
32910,12:15 PM,12:16 PM,1,Flight match,2026-08-08 14:32:27
31121,12:32 PM,12:19 PM,-13,Flight match,2026-08-08 14:32:27
20407,12:44 PM,12:55 PM,11,Flight match,2026-08-08 14:32:27
31018,12:44 PM,12:55 PM,11,Flight match,2026-08-08 14:32:27
30260,12:54 PM,1:01 PM,7,Flight match,2026-08-08 14:32:27
30846,12:54 PM,1:01 PM,7,Flight match,2026-08-08 14:32:27
14096,1:26 PM,1:11 PM,-15,Flight match,2026-08-08 14:32:27
32868,1:31 PM,1:28 PM,-3,Flight match,2026-08-08 14:32:27
31157,2:45 PM,2:34 PM,-11,Flight match,2026-08-08 14:32:27
28130,3:10 PM,3:00 PM,-10,Flight match,2026-08-08 14:32:27
24623,3:43 PM,3:34 PM,-9,Flight match,2026-08-08 14:32:27
32673,4:37 PM,4:25 PM,-12,Flight match,2026-08-08 14:32:27
33312,5:25 PM,5:43 PM,18,Flight match,2026-08-08 14:32:27
25096,10:37 AM,10:33 AM,-4,Flight match,2026-08-08 14:59:35
24117,10:39 AM,10:42 AM,3,Flight match,2026-08-08 14:59:35
24767,11:05 AM,11:05 AM,0,Flight match,2026-08-08 14:59:35
30509,11:09 AM,11:12 AM,3,Flight match,2026-08-08 14:59:35
31583,11:09 AM,11:12 AM,3,Flight match,2026-08-08 14:59:35
33036,11:09 AM,11:12 AM,3,Flight match,2026-08-08 14:59:35
26101,11:23 AM,11:26 AM,3,Flight match,2026-08-08 14:59:35
31618,11:23 AM,11:26 AM,3,Flight match,2026-08-08 14:59:35
30055,11:26 AM,11:34 AM,8,Flight match,2026-08-08 14:59:35
26424,11:37 AM,11:38 AM,1,Flight match,2026-08-08 14:59:35
28469,11:42 AM,11:40 AM,-2,Flight match,2026-08-08 14:59:35
28093,12:09 PM,12:07 PM,-2,Flight match,2026-08-08 14:59:35
31121,12:19 PM,12:22 PM,3,Flight match,2026-08-08 14:59:35
31829,12:30 PM,12:27 PM,-3,Flight match,2026-08-08 14:59:35
27393,12:30 PM,12:27 PM,-3,Flight match,2026-08-08 14:59:35
20407,12:55 PM,12:52 PM,-3,Flight match,2026-08-08 14:59:35
31018,12:55 PM,12:52 PM,-3,Flight match,2026-08-08 14:59:35
30846,1:01 PM,12:56 PM,-5,Flight match,2026-08-08 14:59:35
30260,1:01 PM,12:56 PM,-5,Flight match,2026-08-08 14:59:35
14096,1:11 PM,1:26 PM,15,Flight match,2026-08-08 14:59:35
31157,2:34 PM,2:45 PM,11,Flight match,2026-08-08 14:59:35
32285,2:44 PM,2:37 PM,-7,Flight match,2026-08-08 14:59:35
24623,3:34 PM,3:38 PM,4,Flight match,2026-08-08 14:59:35
28524,4:49 PM,4:53 PM,4,Flight match,2026-08-08 14:59:35
33312,5:43 PM,5:46 PM,3,Flight match,2026-08-08 14:59:35
32860,9:03 PM,7:38 PM,-85,Flight match,2026-08-08 14:59:35
33168,12:43 AM,12:42 AM,-1,Flight match,2026-08-08 15:15:38
27516,10:37 AM,10:36 AM,-1,Flight match,2026-08-08 15:15:38
24767,11:05 AM,11:04 AM,-1,Flight match,2026-08-08 15:15:38
31618,11:26 AM,11:30 AM,4,Flight match,2026-08-08 15:15:38
26101,11:26 AM,11:30 AM,4,Flight match,2026-08-08 15:15:38
31875,11:27 AM,11:30 AM,3,Flight match,2026-08-08 15:15:38
28093,12:07 PM,12:06 PM,-1,Flight match,2026-08-08 15:15:38
32910,12:16 PM,12:25 PM,9,Flight match,2026-08-08 15:15:38
31121,12:22 PM,12:11 PM,-11,Flight match,2026-08-08 15:15:38
27393,12:27 PM,12:32 PM,5,Flight match,2026-08-08 15:15:38
31829,12:27 PM,12:32 PM,5,Flight match,2026-08-08 15:15:38
30260,12:56 PM,12:58 PM,2,Flight match,2026-08-08 15:15:38
30846,12:56 PM,12:58 PM,2,Flight match,2026-08-08 15:15:38
14096,1:26 PM,12:53 PM,-33,Flight match,2026-08-08 15:15:38
23577,2:09 PM,2:19 PM,10,Flight match,2026-08-08 15:15:38
29340,4:22 PM,4:01 PM,-21,Flight match,2026-08-08 15:15:38
27091,4:22 PM,4:01 PM,-21,Flight match,2026-08-08 15:15:39
32673,4:25 PM,4:32 PM,7,Flight match,2026-08-08 15:15:39
28524,4:53 PM,4:49 PM,-4,Flight match,2026-08-08 15:15:39
23589,6:54 PM,6:37 PM,-17,Flight match,2026-08-08 15:15:39
32860,7:38 PM,7:34 PM,-4,Flight match,2026-08-08 15:15:39
33168,12:42 AM,12:43 AM,1,Flight match,2026-08-08 15:29:38
30509,11:12 AM,11:15 AM,3,Flight match,2026-08-08 15:29:38
33036,11:12 AM,11:15 AM,3,Flight match,2026-08-08 15:29:38
31583,11:12 AM,11:15 AM,3,Flight match,2026-08-08 15:29:38
26101,11:30 AM,11:25 AM,-5,Flight match,2026-08-08 15:29:38
31618,11:30 AM,11:25 AM,-5,Flight match,2026-08-08 15:29:38
31875,11:30 AM,11:29 AM,-1,Flight match,2026-08-08 15:29:38
30055,11:34 AM,11:33 AM,-1,Flight match,2026-08-08 15:29:38
26424,11:38 AM,11:39 AM,1,Flight match,2026-08-08 15:29:38
28469,11:40 AM,11:40 AM,0,Flight match,2026-08-08 15:29:38
31121,12:11 PM,12:19 PM,8,Flight match,2026-08-08 15:29:38
32910,12:25 PM,12:29 PM,4,Flight match,2026-08-08 15:29:38
14096,12:53 PM,12:52 PM,-1,Flight match,2026-08-08 15:29:38
23645,2:31 PM,2:29 PM,-2,Flight match,2026-08-08 15:29:38
32715,2:31 PM,2:29 PM,-2,Flight match,2026-08-08 15:29:38
31485,3:10 PM,3:05 PM,-5,Flight match,2026-08-08 15:29:38
33168,12:43 AM,12:42 AM,-1,Flight match,2026-08-08 15:39:40
30055,11:33 AM,11:30 AM,-3,Flight match,2026-08-08 15:39:40
28469,11:40 AM,11:41 AM,1,Flight match,2026-08-08 15:39:41
31121,12:19 PM,12:19 PM,0,Flight match,2026-08-08 15:39:41
32910,12:29 PM,12:27 PM,-2,Flight match,2026-08-08 15:39:41
31829,12:32 PM,12:39 PM,7,Flight match,2026-08-08 15:39:41
27393,12:32 PM,12:39 PM,7,Flight match,2026-08-08 15:39:41
31010,12:47 PM,12:54 PM,7,Flight match,2026-08-08 15:39:41
30260,12:58 PM,1:17 PM,19,Flight match,2026-08-08 15:39:41
30846,12:58 PM,1:17 PM,19,Flight match,2026-08-08 15:39:41
32285,2:37 PM,2:30 PM,-7,Flight match,2026-08-08 15:39:41
31157,2:45 PM,2:44 PM,-1,Flight match,2026-08-08 15:39:42
31485,3:05 PM,2:53 PM,-12,Flight match,2026-08-08 15:39:42
28524,4:49 PM,4:53 PM,4,Flight match,2026-08-08 15:39:42
18479,7:30 PM,8:35 PM,65,Flight match,2026-08-08 15:39:42
32860,7:34 PM,7:25 PM,-9,Flight match,2026-08-08 15:39:42
31875,11:29 AM,11:28 AM,-1,Flight match,2026-08-08 15:56:56
26424,11:39 AM,11:41 AM,2,Flight match,2026-08-08 15:56:56
28469,11:41 AM,11:42 AM,1,Flight match,2026-08-08 15:56:56
28093,12:06 PM,12:07 PM,1,Flight match,2026-08-08 15:56:56
31121,12:19 PM,12:11 PM,-8,Flight match,2026-08-08 15:56:56
27393,12:39 PM,12:39 PM,0,Flight match,2026-08-08 15:56:56
31829,12:39 PM,12:39 PM,0,Flight match,2026-08-08 15:56:56
31010,12:54 PM,1:00 PM,6,Flight match,2026-08-08 15:56:56
30846,1:17 PM,1:06 PM,-11,Flight match,2026-08-08 15:56:56
30260,1:17 PM,1:06 PM,-11,Flight match,2026-08-08 15:56:56
23577,2:19 PM,2:06 PM,-13,Flight match,2026-08-08 15:56:56
32285,2:30 PM,2:38 PM,8,Flight match,2026-08-08 15:56:56
31640,6:23 PM,6:02 PM,-21,Flight match,2026-08-08 15:56:56
32860,7:25 PM,7:24 PM,-1,Flight match,2026-08-08 15:56:56
33168,12:42 AM,12:43 AM,1,Flight match,2026-08-08 16:03:30
28093,12:07 PM,12:07 PM,0,Flight match,2026-08-08 16:03:30
27769,2:37 PM,2:27 PM,-10,Flight match,2026-08-08 16:03:30
28130,3:00 PM,2:57 PM,-3,Flight match,2026-08-08 16:03:30
11743,7:43 AM,7:41 AM,-2,Flight match,2026-08-08 16:20:24
32929,8:48 AM,9:00 AM,12,Flight match,2026-08-08 16:20:24
27203,9:06 AM,9:22 AM,16,Flight match,2026-08-08 16:20:24
7393,9:32 AM,9:44 AM,12,Flight match,2026-08-08 16:20:24
32106,9:32 AM,9:44 AM,12,Flight match,2026-08-08 16:20:24
25183,9:36 AM,9:35 AM,-1,Flight match,2026-08-08 16:20:24
27129,9:36 AM,9:35 AM,-1,Flight match,2026-08-08 16:20:24
33127,10:00 AM,9:56 AM,-4,Flight match,2026-08-08 16:20:24
33209,10:09 AM,10:20 AM,11,Flight match,2026-08-08 16:20:24
27143,10:09 AM,10:20 AM,11,Flight match,2026-08-08 16:20:24
31612,10:12 AM,10:30 AM,18,Flight match,2026-08-08 16:20:24
27445,10:51 AM,10:54 AM,3,Flight match,2026-08-08 16:20:24
28851,10:52 AM,10:32 AM,-20,Flight match,2026-08-08 16:20:24
29501,11:00 AM,10:39 AM,-21,Flight match,2026-08-08 16:20:24
21478,11:10 AM,11:08 AM,-2,Flight match,2026-08-08 16:20:24
32807,11:36 AM,11:33 AM,-3,Flight match,2026-08-08 16:20:25
32478,12:00 PM,11:55 AM,-5,Flight match,2026-08-08 16:20:25
32939,12:01 PM,11:58 AM,-3,Flight match,2026-08-08 16:20:25
33349,12:01 PM,11:58 AM,-3,Flight match,2026-08-08 16:20:25
31743,12:15 PM,12:13 PM,-2,Flight match,2026-08-08 16:20:25
21809,12:16 PM,12:13 PM,-3,Flight match,2026-08-08 16:20:25
30944,12:22 PM,12:13 PM,-9,Flight match,2026-08-08 16:20:25
23760,12:40 PM,12:35 PM,-5,Flight match,2026-08-08 16:20:25
32508,12:47 PM,12:49 PM,2,Flight match,2026-08-08 16:20:25
22318,1:18 PM,1:15 PM,-3,Flight match,2026-08-08 16:20:25
33410,1:18 PM,1:15 PM,-3,Flight match,2026-08-08 16:20:25
31710,1:30 PM,1:31 PM,1,Flight match,2026-08-08 16:20:25
17359,2:04 PM,2:00 PM,-4,Flight match,2026-08-08 16:20:25
31489,2:16 PM,2:01 PM,-15,Flight match,2026-08-08 16:20:25
31491,2:16 PM,2:01 PM,-15,Flight match,2026-08-08 16:20:25
32793,2:17 PM,1:53 PM,-24,Flight match,2026-08-08 16:20:25
29587,4:17 PM,4:18 PM,1,Flight match,2026-08-08 16:20:25
23589,11:39 AM,6:37 PM,418,Flight match,2026-08-08 16:24:06
23589,11:39 AM,7:03 PM,444,Flight match,2026-08-08 16:32:43
28093,12:07 PM,12:05 PM,-2,Flight match,2026-08-08 16:32:43
31121,12:11 PM,12:19 PM,8,Flight match,2026-08-08 16:32:43
32910,12:27 PM,12:30 PM,3,Flight match,2026-08-08 16:32:43
27393,12:39 PM,12:40 PM,1,Flight match,2026-08-08 16:32:43
31829,12:39 PM,12:40 PM,1,Flight match,2026-08-08 16:32:43
20407,12:52 PM,12:57 PM,5,Flight match,2026-08-08 16:32:43
14096,12:52 PM,12:49 PM,-3,Flight match,2026-08-08 16:32:43
31018,12:52 PM,12:57 PM,5,Flight match,2026-08-08 16:32:43
31010,1:00 PM,1:30 PM,30,Flight match,2026-08-08 16:32:43
30260,1:06 PM,1:06 PM,0,Flight match,2026-08-08 16:32:44
30846,1:06 PM,1:06 PM,0,Flight match,2026-08-08 16:32:44
23577,2:06 PM,2:15 PM,9,Flight match,2026-08-08 16:32:44
27769,2:27 PM,2:16 PM,-11,Flight match,2026-08-08 16:32:44
32715,2:29 PM,2:35 PM,6,Flight match,2026-08-08 16:32:44
23645,2:29 PM,2:35 PM,6,Flight match,2026-08-08 16:32:44
31157,2:44 PM,2:31 PM,-13,Flight match,2026-08-08 16:32:44
28130,2:57 PM,3:00 PM,3,Flight match,2026-08-08 16:32:44
33312,5:46 PM,5:43 PM,-3,Flight match,2026-08-08 16:32:44
31640,6:02 PM,6:03 PM,1,Flight match,2026-08-08 16:32:44
32468,6:15 PM,5:57 PM,-18,Flight match,2026-08-08 16:32:44
32860,7:24 PM,7:23 PM,-1,Flight match,2026-08-08 16:32:44
31018,12:57 PM,1:03 PM,6,Flight match,2026-08-08 17:02:35
30260,1:06 PM,1:09 PM,3,Flight match,2026-08-08 17:02:35
33312,5:43 PM,5:46 PM,3,Flight match,2026-08-08 17:02:35
33168,12:43 AM,12:42 AM,-1,Flight match,2026-08-08 17:15:08
22156,12:26 PM,12:19 PM,-7,Flight match,2026-08-08 17:15:09
32910,12:30 PM,12:35 PM,5,Flight match,2026-08-08 17:15:09
31829,12:40 PM,12:39 PM,-1,Flight match,2026-08-08 17:15:09
27393,12:40 PM,12:39 PM,-1,Flight match,2026-08-08 17:15:09
14096,12:49 PM,1:00 PM,11,Flight match,2026-08-08 17:15:09
20407,12:57 PM,12:59 PM,2,Flight match,2026-08-08 17:15:09
31018,1:03 PM,12:59 PM,-4,Flight match,2026-08-08 17:15:09
30846,1:06 PM,1:10 PM,4,Flight match,2026-08-08 17:15:09
30260,1:09 PM,1:10 PM,1,Flight match,2026-08-08 17:15:09
32868,1:28 PM,1:32 PM,4,Flight match,2026-08-08 17:15:09
23577,2:15 PM,2:17 PM,2,Flight match,2026-08-08 17:15:09
27769,2:16 PM,2:15 PM,-1,Flight match,2026-08-08 17:15:09
31157,2:31 PM,2:31 PM,0,Flight match,2026-08-08 17:15:09
32285,2:38 PM,2:46 PM,8,Flight match,2026-08-08 17:15:09
31485,2:53 PM,3:10 PM,17,Flight match,2026-08-08 17:15:09
28130,3:00 PM,3:11 PM,11,Flight match,2026-08-08 17:15:09
24623,3:38 PM,3:37 PM,-1,Flight match,2026-08-08 17:15:09
32673,4:32 PM,4:33 PM,1,Flight match,2026-08-08 17:15:09
30751,4:50 PM,4:33 PM,-17,Flight match,2026-08-08 17:15:09
28524,4:53 PM,4:49 PM,-4,Flight match,2026-08-08 17:15:09
31640,6:03 PM,6:13 PM,10,Flight match,2026-08-08 17:15:09
23589,7:03 PM,7:20 PM,17,Flight match,2026-08-08 17:15:09
32860,7:23 PM,7:32 PM,9,Flight match,2026-08-08 17:15:09
22731,8:14 PM,8:20 PM,6,Flight match,2026-08-08 17:15:09
18479,8:35 PM,8:39 PM,4,Flight match,2026-08-08 17:15:09
30260,1:10 PM,1:12 PM,2,Flight match,2026-08-08 17:32:29
30846,1:10 PM,1:12 PM,2,Flight match,2026-08-08 17:32:29
31157,2:31 PM,2:33 PM,2,Flight match,2026-08-08 17:32:29
32285,2:46 PM,2:50 PM,4,Flight match,2026-08-08 17:32:29
31485,3:10 PM,3:04 PM,-6,Flight match,2026-08-08 17:32:29
28130,3:11 PM,3:18 PM,7,Flight match,2026-08-08 17:32:29
32860,7:32 PM,7:34 PM,2,Flight match,2026-08-08 17:32:29
33168,12:42 AM,12:43 AM,1,Flight match,2026-08-08 17:36:52
31628,8:43 PM,9:00 PM,17,Flight match,2026-08-08 17:36:52
31612,10:30 AM,10:27 AM,-3,Flight match,2026-08-08 17:45:38
28851,10:32 AM,10:52 AM,20,Flight match,2026-08-08 17:45:38
27445,10:54 AM,10:51 AM,-3,Flight match,2026-08-08 17:45:38
33417,1:32 PM,1:17 PM,-15,Flight match,2026-08-08 17:45:38
32890,3:03 PM,3:00 PM,-3,Flight match,2026-08-08 17:45:38
33214,3:03 PM,3:00 PM,-3,Flight match,2026-08-08 17:45:38
28013,4:25 PM,4:14 PM,-11,Flight match,2026-08-08 17:45:38
14096,1:00 PM,12:58 PM,-2,Flight match,2026-08-08 17:52:57
31010,1:30 PM,1:32 PM,2,Flight match,2026-08-08 17:52:57
27769,2:15 PM,2:13 PM,-2,Flight match,2026-08-08 17:52:57
23577,2:17 PM,2:15 PM,-2,Flight match,2026-08-08 17:52:57
31157,2:33 PM,2:31 PM,-2,Flight match,2026-08-08 17:52:57
32715,2:35 PM,2:42 PM,7,Flight match,2026-08-08 17:52:57
23645,2:35 PM,2:42 PM,7,Flight match,2026-08-08 17:52:57
31485,3:04 PM,3:07 PM,3,Flight match,2026-08-08 17:52:57
24623,3:37 PM,3:38 PM,1,Flight match,2026-08-08 17:52:57
29340,4:01 PM,4:22 PM,21,Flight match,2026-08-08 17:52:57
27091,4:01 PM,4:22 PM,21,Flight match,2026-08-08 17:52:57
32673,4:33 PM,4:34 PM,1,Flight match,2026-08-08 17:52:57
33312,5:46 PM,5:40 PM,-6,Flight match,2026-08-08 17:52:57
18479,8:39 PM,8:14 PM,-25,Flight match,2026-08-08 17:52:57
27769,2:13 PM,2:16 PM,3,Flight match,2026-08-08 18:18:37
23577,2:15 PM,2:13 PM,-2,Flight match,2026-08-08 18:18:37
23645,2:42 PM,2:45 PM,3,Flight match,2026-08-08 18:18:37
32715,2:42 PM,2:45 PM,3,Flight match,2026-08-08 18:18:37
32285,2:50 PM,2:53 PM,3,Flight match,2026-08-08 18:18:37
28130,3:18 PM,3:22 PM,4,Flight match,2026-08-08 18:18:37
24623,3:38 PM,3:41 PM,3,Flight match,2026-08-08 18:18:37
27091,4:22 PM,4:28 PM,6,Flight match,2026-08-08 18:18:37
29340,4:22 PM,4:28 PM,6,Flight match,2026-08-08 18:18:37
30751,4:33 PM,4:44 PM,11,Flight match,2026-08-08 18:18:37
32673,4:34 PM,4:24 PM,-10,Flight match,2026-08-08 18:18:37
28524,4:49 PM,4:55 PM,6,Flight match,2026-08-08 18:18:37
33312,5:40 PM,5:36 PM,-4,Flight match,2026-08-08 18:18:37
27769,2:16 PM,2:37 PM,21,Flight match,2026-08-08 18:50:32
31157,2:31 PM,2:29 PM,-2,Flight match,2026-08-08 18:50:32
23645,2:45 PM,2:39 PM,-6,Flight match,2026-08-08 18:50:32
32715,2:45 PM,2:39 PM,-6,Flight match,2026-08-08 18:50:32
32285,2:53 PM,2:57 PM,4,Flight match,2026-08-08 18:50:32
28130,3:22 PM,3:30 PM,8,Flight match,2026-08-08 18:50:32
29340,4:28 PM,4:14 PM,-14,Flight match,2026-08-08 18:50:32
27091,4:28 PM,4:14 PM,-14,Flight match,2026-08-08 18:50:32
30751,4:44 PM,4:59 PM,15,Flight match,2026-08-08 18:50:32
28524,4:55 PM,4:43 PM,-12,Flight match,2026-08-08 18:50:32
32468,5:57 PM,6:22 PM,25,Flight match,2026-08-08 18:50:32
32860,7:34 PM,7:35 PM,1,Flight match,2026-08-08 18:50:32
22731,8:20 PM,8:45 PM,25,Flight match,2026-08-08 18:50:32
31628,9:00 PM,8:39 PM,-21,Flight match,2026-08-08 18:50:32
31770,10:19 AM,9:49 AM,-30,Flight match,2026-08-08 18:59:22
32478,11:55 AM,12:00 PM,5,Flight match,2026-08-08 18:59:22
32508,12:49 PM,12:47 PM,-2,Flight match,2026-08-08 18:59:22
33417,1:17 PM,1:32 PM,15,Flight match,2026-08-08 18:59:22
31489,2:01 PM,2:16 PM,15,Flight match,2026-08-08 18:59:22
31491,2:01 PM,2:16 PM,15,Flight match,2026-08-08 18:59:22
26892,4:10 PM,3:53 PM,-17,Flight match,2026-08-08 18:59:22
30157,4:20 PM,4:09 PM,-11,Flight match,2026-08-08 18:59:22
30901,4:20 PM,4:09 PM,-11,Flight match,2026-08-08 18:59:22
31098,4:41 PM,4:11 PM,-30,Flight match,2026-08-08 18:59:22
24623,3:41 PM,3:42 PM,1,Flight match,2026-08-08 19:12:53
29340,4:14 PM,4:25 PM,11,Flight match,2026-08-08 19:12:53
27091,4:14 PM,4:25 PM,11,Flight match,2026-08-08 19:12:53
30751,4:59 PM,5:08 PM,9,Flight match,2026-08-08 19:12:53
30653,7:00 PM,6:46 PM,-14,Flight match,2026-08-08 19:12:53
32860,7:35 PM,7:34 PM,-1,Flight match,2026-08-08 19:12:53
31628,8:39 PM,9:07 PM,28,Flight match,2026-08-08 19:12:53
33212,12:25 AM,1:27 AM,62,Flight match,2026-08-09 03:03:18
33165,6:00 AM,6:10 AM,10,Flight match,2026-08-09 03:03:18
30138,8:14 AM,8:22 AM,8,Flight match,2026-08-09 03:03:19
7393,9:44 AM,9:32 AM,-12,Flight match,2026-08-09 03:03:19
32106,9:44 AM,9:32 AM,-12,Flight match,2026-08-09 03:03:19
28126,10:22 AM,10:38 AM,16,Flight match,2026-08-09 03:03:19
31612,10:27 AM,10:30 AM,3,Flight match,2026-08-09 03:03:19
30944,12:13 PM,12:22 PM,9,Flight match,2026-08-09 03:03:19
31710,1:31 PM,1:30 PM,-1,Flight match,2026-08-09 03:03:19
31098,4:11 PM,4:38 PM,27,Flight match,2026-08-09 03:03:19
32327,5:03 PM,5:07 PM,4,Flight match,2026-08-09 03:03:19
31412,5:55 PM,5:45 PM,-10,Flight match,2026-08-09 03:03:19
32697,6:16 PM,6:01 PM,-15,Flight match,2026-08-09 03:03:19
33191,6:20 PM,6:06 PM,-14,Flight match,2026-08-09 03:03:19
32218,6:45 PM,6:36 PM,-9,Flight match,2026-08-09 03:03:19
27694,9:00 PM,9:20 PM,20,Flight match,2026-08-09 03:03:19
31470,9:00 PM,8:45 PM,-15,Flight match,2026-08-09 03:03:19
30381,11:13 PM,11:09 PM,-4,Flight match,2026-08-09 03:03:19
31770,11:36 PM,11:16 PM,-20,Flight match,2026-08-09 03:03:19
33165,6:10 AM,6:01 AM,-9,Flight match,2026-08-09 10:41:51
11743,7:41 AM,7:27 AM,-14,Flight match,2026-08-09 10:41:51
27998,7:55 AM,7:46 AM,-9,Flight match,2026-08-09 10:41:51
25703,7:58 AM,8:01 AM,3,Flight match,2026-08-09 10:41:51
30138,8:22 AM,8:03 AM,-19,Flight match,2026-08-09 10:41:51
31068,8:27 AM,8:43 AM,16,Flight match,2026-08-09 10:41:51
32272,9:20 AM,9:16 AM,-4,Flight match,2026-08-09 10:41:52
27203,9:22 AM,9:16 AM,-6,Flight match,2026-08-09 10:41:52
32760,9:30 AM,9:28 AM,-2,Flight match,2026-08-09 10:41:52
7393,9:32 AM,10:31 AM,59,Flight match,2026-08-09 10:41:52
32106,9:32 AM,10:31 AM,59,Flight match,2026-08-09 10:41:52
32204,9:35 AM,9:24 AM,-11,Flight match,2026-08-09 10:41:52
30879,9:35 AM,9:24 AM,-11,Flight match,2026-08-09 10:41:52
27129,9:35 AM,9:33 AM,-2,Flight match,2026-08-09 10:41:52
25183,9:35 AM,9:33 AM,-2,Flight match,2026-08-09 10:41:52
29505,9:38 AM,9:39 AM,1,Flight match,2026-08-09 10:41:52
32900,9:49 AM,9:50 AM,1,Flight match,2026-08-09 10:41:52
33127,9:56 AM,10:00 AM,4,Flight match,2026-08-09 10:41:52
33209,10:20 AM,10:07 AM,-13,Flight match,2026-08-09 10:41:52
27143,10:20 AM,10:07 AM,-13,Flight match,2026-08-09 10:41:52
31612,10:30 AM,10:21 AM,-9,Flight match,2026-08-09 10:41:52
26232,10:34 AM,10:38 AM,4,Flight match,2026-08-09 10:41:53
28126,10:38 AM,10:22 AM,-16,Flight match,2026-08-09 10:41:53
29501,10:39 AM,11:00 AM,21,Flight match,2026-08-09 10:41:53
27445,10:51 AM,10:47 AM,-4,Flight match,2026-08-09 10:41:53
28851,10:52 AM,10:53 AM,1,Flight match,2026-08-09 10:41:53
21478,11:08 AM,11:10 AM,2,Flight match,2026-08-09 10:41:53
26136,11:21 AM,11:14 AM,-7,Flight match,2026-08-09 10:41:53
32939,11:58 AM,12:13 PM,15,Flight match,2026-08-09 10:41:53
33349,11:58 AM,12:13 PM,15,Flight match,2026-08-09 10:41:53
32478,12:00 PM,11:55 AM,-5,Flight match,2026-08-09 10:41:53
30944,12:22 PM,12:13 PM,-9,Flight match,2026-08-09 10:41:53
23760,12:35 PM,12:40 PM,5,Flight match,2026-08-09 10:41:53
32508,12:47 PM,12:40 PM,-7,Flight match,2026-08-09 10:41:53
32793,1:53 PM,2:17 PM,24,Flight match,2026-08-09 10:41:53
17359,2:00 PM,2:29 PM,29,Flight match,2026-08-09 10:41:53
31489,2:16 PM,2:01 PM,-15,Flight match,2026-08-09 10:41:53
31491,2:16 PM,2:01 PM,-15,Flight match,2026-08-09 10:41:53
26892,3:53 PM,4:10 PM,17,Flight match,2026-08-09 10:41:53
30157,4:09 PM,4:20 PM,11,Flight match,2026-08-09 10:41:53
30901,4:09 PM,4:20 PM,11,Flight match,2026-08-09 10:41:53
28013,4:14 PM,4:25 PM,11,Flight match,2026-08-09 10:41:53
31412,5:45 PM,5:55 PM,10,Flight match,2026-08-09 10:41:53
32697,6:01 PM,6:16 PM,15,Flight match,2026-08-09 10:41:53
33191,6:06 PM,6:20 PM,14,Flight match,2026-08-09 10:41:54
32218,6:36 PM,6:45 PM,9,Flight match,2026-08-09 10:41:54
31470,8:45 PM,9:00 PM,15,Flight match,2026-08-09 10:41:54
31770,11:16 PM,11:36 PM,20,Flight match,2026-08-09 10:41:54
30138,8:03 AM,8:04 AM,1,Flight match,2026-08-09 10:54:02
31068,8:43 AM,8:42 AM,-1,Flight match,2026-08-09 10:54:02
27203,9:16 AM,9:16 AM,0,Flight match,2026-08-09 10:54:02
32272,9:16 AM,9:24 AM,8,Flight match,2026-08-09 10:54:02
27129,9:33 AM,9:32 AM,-1,Flight match,2026-08-09 10:54:02
25183,9:33 AM,9:32 AM,-1,Flight match,2026-08-09 10:54:02
32900,9:50 AM,9:49 AM,-1,Flight match,2026-08-09 10:54:02
33127,10:00 AM,9:56 AM,-4,Flight match,2026-08-09 10:54:02
29501,11:00 AM,10:41 AM,-19,Flight match,2026-08-09 10:54:02
32793,2:17 PM,1:53 PM,-24,Flight match,2026-08-09 10:54:02
25703,8:01 AM,8:02 AM,1,Flight match,2026-08-09 11:17:52
27203,9:16 AM,9:17 AM,1,Flight match,2026-08-09 11:17:52
32204,9:24 AM,9:17 AM,-7,Flight match,2026-08-09 11:17:52
32272,9:24 AM,9:18 AM,-6,Flight match,2026-08-09 11:17:52
30879,9:24 AM,9:17 AM,-7,Flight match,2026-08-09 11:17:52
32760,9:28 AM,9:23 AM,-5,Flight match,2026-08-09 11:17:52
27129,9:32 AM,9:35 AM,3,Flight match,2026-08-09 11:17:52
25183,9:32 AM,9:35 AM,3,Flight match,2026-08-09 11:17:52
28126,10:22 AM,10:21 AM,-1,Flight match,2026-08-09 11:17:52
26232,10:38 AM,10:35 AM,-3,Flight match,2026-08-09 11:17:52
29501,10:41 AM,10:38 AM,-3,Flight match,2026-08-09 11:17:52
28851,10:53 AM,10:47 AM,-6,Flight match,2026-08-09 11:17:52
32478,11:55 AM,11:52 AM,-3,Flight match,2026-08-09 11:17:52
32793,1:53 PM,2:13 PM,20,Flight match,2026-08-09 11:17:52
31098,4:38 PM,4:41 PM,3,Flight match,2026-08-09 11:17:53
11743,7:27 AM,7:29 AM,2,Flight match,2026-08-09 11:48:41
27998,7:46 AM,7:44 AM,-2,Flight match,2026-08-09 11:48:41
25703,8:02 AM,8:02 AM,0,Flight match,2026-08-09 11:48:41
30138,8:04 AM,8:02 AM,-2,Flight match,2026-08-09 11:48:41
32204,9:17 AM,9:17 AM,0,Flight match,2026-08-09 11:48:41
30879,9:17 AM,9:17 AM,0,Flight match,2026-08-09 11:48:41
32272,9:18 AM,9:16 AM,-2,Flight match,2026-08-09 11:48:41
27129,9:35 AM,9:43 AM,8,Flight match,2026-08-09 11:48:41
25183,9:35 AM,9:43 AM,8,Flight match,2026-08-09 11:48:41
29505,9:39 AM,9:42 AM,3,Flight match,2026-08-09 11:48:41
32900,9:49 AM,9:44 AM,-5,Flight match,2026-08-09 11:48:41
33127,9:56 AM,9:53 AM,-3,Flight match,2026-08-09 11:48:41
33209,10:07 AM,10:29 AM,22,Flight match,2026-08-09 11:48:41
27143,10:07 AM,10:29 AM,22,Flight match,2026-08-09 11:48:41
28126,10:21 AM,10:22 AM,1,Flight match,2026-08-09 11:48:41
7393,10:31 AM,10:33 AM,2,Flight match,2026-08-09 11:48:41
32106,10:31 AM,10:33 AM,2,Flight match,2026-08-09 11:48:41
29501,10:38 AM,10:40 AM,2,Flight match,2026-08-09 11:48:41
21478,11:10 AM,11:07 AM,-3,Flight match,2026-08-09 11:48:41
32807,11:33 AM,11:14 AM,-19,Flight match,2026-08-09 11:48:41
31743,12:13 PM,11:59 AM,-14,Flight match,2026-08-09 11:48:41
21809,12:13 PM,11:59 AM,-14,Flight match,2026-08-09 11:48:41
30944,12:13 PM,12:27 PM,14,Flight match,2026-08-09 11:48:41
32508,12:40 PM,12:42 PM,2,Flight match,2026-08-09 11:48:41
32793,2:13 PM,2:15 PM,2,Flight match,2026-08-09 11:48:41
27998,7:44 AM,7:46 AM,2,Flight match,2026-08-09 12:52:45
30138,8:02 AM,8:18 AM,16,Flight match,2026-08-09 12:52:45
25703,8:02 AM,8:08 AM,6,Flight match,2026-08-09 12:52:45
32929,9:00 AM,8:07 AM,-53,Flight match,2026-08-09 12:52:45
32204,9:17 AM,9:21 AM,4,Flight match,2026-08-09 12:52:45
30879,9:17 AM,9:21 AM,4,Flight match,2026-08-09 12:52:45
32760,9:23 AM,9:22 AM,-1,Flight match,2026-08-09 12:52:45
29505,9:42 AM,9:43 AM,1,Flight match,2026-08-09 12:52:45
25183,9:43 AM,9:39 AM,-4,Flight match,2026-08-09 12:52:45
27129,9:43 AM,9:39 AM,-4,Flight match,2026-08-09 12:52:45
32900,9:44 AM,9:40 AM,-4,Flight match,2026-08-09 12:52:45
31612,10:21 AM,10:10 AM,-11,Flight match,2026-08-09 12:52:45
28126,10:22 AM,11:23 AM,61,Flight match,2026-08-09 12:52:45
33209,10:29 AM,10:21 AM,-8,Flight match,2026-08-09 12:52:45
27143,10:29 AM,10:21 AM,-8,Flight match,2026-08-09 12:52:45
7393,10:33 AM,10:21 AM,-12,Flight match,2026-08-09 12:52:45
32106,10:33 AM,10:21 AM,-12,Flight match,2026-08-09 12:52:45
26232,10:35 AM,10:51 AM,16,Flight match,2026-08-09 12:52:45
29501,10:40 AM,11:01 AM,21,Flight match,2026-08-09 12:52:45
27445,10:47 AM,10:33 AM,-14,Flight match,2026-08-09 12:52:45
28851,10:47 AM,10:56 AM,9,Flight match,2026-08-09 12:52:45
21478,11:07 AM,11:04 AM,-3,Flight match,2026-08-09 12:52:45
32807,11:14 AM,11:23 AM,9,Flight match,2026-08-09 12:52:45
26136,11:14 AM,11:14 AM,0,Flight match,2026-08-09 12:52:45
31743,11:59 AM,12:12 PM,13,Flight match,2026-08-09 12:52:45
21809,11:59 AM,12:12 PM,13,Flight match,2026-08-09 12:52:46
32939,12:13 PM,12:22 PM,9,Flight match,2026-08-09 12:52:46
33349,12:13 PM,12:22 PM,9,Flight match,2026-08-09 12:52:46
31489,2:01 PM,2:05 PM,4,Flight match,2026-08-09 12:52:46
31491,2:01 PM,2:05 PM,4,Flight match,2026-08-09 12:52:46
33191,6:20 PM,6:22 PM,2,Flight match,2026-08-09 12:52:46
27694,9:20 PM,9:08 PM,-12,Flight match,2026-08-09 12:52:46
32272,9:16 AM,9:17 AM,1,Flight match,2026-08-09 14:33:45
27203,9:17 AM,9:20 AM,3,Flight match,2026-08-09 14:33:45
32204,9:21 AM,9:26 AM,5,Flight match,2026-08-09 14:33:45
30879,9:21 AM,9:26 AM,5,Flight match,2026-08-09 14:33:45
32760,9:22 AM,9:27 AM,5,Flight match,2026-08-09 14:33:45
25183,9:39 AM,9:34 AM,-5,Flight match,2026-08-09 14:33:45
27129,9:39 AM,9:34 AM,-5,Flight match,2026-08-09 14:33:45
32900,9:40 AM,9:38 AM,-2,Flight match,2026-08-09 14:33:45
29505,9:43 AM,9:44 AM,1,Flight match,2026-08-09 14:33:45
33127,9:53 AM,9:52 AM,-1,Flight match,2026-08-09 14:33:45
31612,10:10 AM,10:11 AM,1,Flight match,2026-08-09 14:33:45
33209,10:21 AM,10:25 AM,4,Flight match,2026-08-09 14:33:45
27143,10:21 AM,10:25 AM,4,Flight match,2026-08-09 14:33:45
7393,10:21 AM,10:22 AM,1,Flight match,2026-08-09 14:33:45
32106,10:21 AM,10:22 AM,1,Flight match,2026-08-09 14:33:45
27445,10:33 AM,10:40 AM,7,Flight match,2026-08-09 14:33:45
26232,10:51 AM,10:41 AM,-10,Flight match,2026-08-09 14:33:45
28851,10:56 AM,10:55 AM,-1,Flight match,2026-08-09 14:33:45
29501,11:01 AM,11:22 AM,21,Flight match,2026-08-09 14:33:45
21478,11:04 AM,11:06 AM,2,Flight match,2026-08-09 14:33:45
26136,11:14 AM,11:18 AM,4,Flight match,2026-08-09 14:33:45
28126,11:23 AM,12:09 PM,46,Flight match,2026-08-09 14:33:45
32807,11:23 AM,11:03 AM,-20,Flight match,2026-08-09 14:33:45
32478,11:52 AM,12:25 PM,33,Flight match,2026-08-09 14:33:45
31743,12:12 PM,12:08 PM,-4,Flight match,2026-08-09 14:33:45
21809,12:12 PM,12:08 PM,-4,Flight match,2026-08-09 14:33:45
32939,12:22 PM,12:16 PM,-6,Flight match,2026-08-09 14:33:45
33349,12:22 PM,12:16 PM,-6,Flight match,2026-08-09 14:33:45
30944,12:27 PM,11:51 AM,-36,Flight match,2026-08-09 14:33:45
23760,12:40 PM,12:34 PM,-6,Flight match,2026-08-09 14:33:45
32508,12:42 PM,12:39 PM,-3,Flight match,2026-08-09 14:33:45
22318,1:15 PM,1:16 PM,1,Flight match,2026-08-09 14:33:45
33410,1:15 PM,1:16 PM,1,Flight match,2026-08-09 14:33:45
33491,1:30 PM,1:55 PM,25,Flight match,2026-08-09 14:33:45
31710,1:30 PM,1:57 PM,27,Flight match,2026-08-09 14:33:45
31491,2:05 PM,2:03 PM,-2,Flight match,2026-08-09 14:33:46
32793,2:15 PM,2:13 PM,-2,Flight match,2026-08-09 14:33:46
33533,3:59 PM,3:10 PM,-49,Flight match,2026-08-09 14:33:46
31098,4:41 PM,4:42 PM,1,Flight match,2026-08-09 14:33:46
32327,5:07 PM,5:03 PM,-4,Flight match,2026-08-09 14:33:46
33191,6:22 PM,6:20 PM,-2,Flight match,2026-08-09 14:33:46
30381,11:09 PM,11:13 PM,4,Flight match,2026-08-09 14:33:46
27445,10:40 AM,10:38 AM,-2,Flight match,2026-08-09 15:12:55
26232,10:41 AM,10:34 AM,-7,Flight match,2026-08-09 15:12:55
28851,10:55 AM,11:00 AM,5,Flight match,2026-08-09 15:12:55
32807,11:03 AM,11:00 AM,-3,Flight match,2026-08-09 15:12:55
33542,11:15 AM,9:57 AM,-78,Flight match,2026-08-09 15:12:55
26136,11:18 AM,11:15 AM,-3,Flight match,2026-08-09 15:12:55
29501,11:22 AM,11:22 AM,0,Flight match,2026-08-09 15:12:55
31743,12:08 PM,12:11 PM,3,Flight match,2026-08-09 15:12:55
21809,12:08 PM,12:11 PM,3,Flight match,2026-08-09 15:12:55
28126,12:09 PM,12:18 PM,9,Flight match,2026-08-09 15:12:56
32939,12:16 PM,12:08 PM,-8,Flight match,2026-08-09 15:12:56
33349,12:16 PM,12:08 PM,-8,Flight match,2026-08-09 15:12:56
32478,12:25 PM,12:39 PM,14,Flight match,2026-08-09 15:12:56
23760,12:34 PM,12:31 PM,-3,Flight match,2026-08-09 15:12:56
32508,12:39 PM,12:37 PM,-2,Flight match,2026-08-09 15:12:56
22318,1:16 PM,1:17 PM,1,Flight match,2026-08-09 15:12:56
33410,1:16 PM,1:17 PM,1,Flight match,2026-08-09 15:12:56
33491,1:55 PM,1:45 PM,-10,Flight match,2026-08-09 15:12:56
31710,1:57 PM,1:45 PM,-12,Flight match,2026-08-09 15:12:56
31489,2:05 PM,2:03 PM,-2,Flight match,2026-08-09 15:12:56
32793,2:13 PM,2:03 PM,-10,Flight match,2026-08-09 15:12:56
17359,2:29 PM,2:27 PM,-2,Flight match,2026-08-09 15:12:56
32890,3:00 PM,2:45 PM,-15,Flight match,2026-08-09 15:12:56
33214,3:00 PM,2:45 PM,-15,Flight match,2026-08-09 15:12:56
33533,3:10 PM,3:24 PM,14,Flight match,2026-08-09 15:12:56
26892,4:10 PM,3:53 PM,-17,Flight match,2026-08-09 15:12:56
29587,4:18 PM,3:52 PM,-26,Flight match,2026-08-09 15:12:56
33556,5:00 PM,4:35 PM,-25,Flight match,2026-08-09 15:12:56
32327,5:03 PM,4:43 PM,-20,Flight match,2026-08-09 15:12:56
27694,9:08 PM,9:09 PM,1,Flight match,2026-08-09 15:12:56
32807,11:00 AM,11:06 AM,6,Flight match,2026-08-09 15:48:07
26136,11:15 AM,11:13 AM,-2,Flight match,2026-08-09 15:48:07
29501,11:22 AM,11:20 AM,-2,Flight match,2026-08-09 15:48:07
30944,11:51 AM,11:48 AM,-3,Flight match,2026-08-09 15:48:07
28126,12:18 PM,12:17 PM,-1,Flight match,2026-08-09 15:48:07
23760,12:31 PM,12:47 PM,16,Flight match,2026-08-09 15:48:07
32508,12:37 PM,12:46 PM,9,Flight match,2026-08-09 15:48:07
22318,1:17 PM,1:11 PM,-6,Flight match,2026-08-09 15:48:07
33410,1:17 PM,1:11 PM,-6,Flight match,2026-08-09 15:48:07
33491,1:45 PM,1:40 PM,-5,Flight match,2026-08-09 15:48:07
31710,1:45 PM,1:40 PM,-5,Flight match,2026-08-09 15:48:08
31491,2:03 PM,2:02 PM,-1,Flight match,2026-08-09 15:48:08
32793,2:03 PM,2:02 PM,-1,Flight match,2026-08-09 15:48:08
31489,2:03 PM,2:02 PM,-1,Flight match,2026-08-09 15:48:08
17359,2:27 PM,2:19 PM,-8,Flight match,2026-08-09 15:48:08
32890,2:45 PM,3:05 PM,20,Flight match,2026-08-09 15:48:08
33214,2:45 PM,3:05 PM,20,Flight match,2026-08-09 15:48:08
33533,3:24 PM,3:18 PM,-6,Flight match,2026-08-09 15:48:08
29587,3:52 PM,4:09 PM,17,Flight match,2026-08-09 15:48:08
26892,3:53 PM,4:17 PM,24,Flight match,2026-08-09 15:48:08
28013,4:25 PM,4:22 PM,-3,Flight match,2026-08-09 15:48:08
33556,4:35 PM,4:20 PM,-15,Flight match,2026-08-09 15:48:08
30944,11:48 AM,11:59 AM,11,Flight match,2026-08-09 16:17:36
32939,12:08 PM,12:11 PM,3,Flight match,2026-08-09 16:17:36
33349,12:08 PM,12:11 PM,3,Flight match,2026-08-09 16:17:36
31743,12:11 PM,12:12 PM,1,Flight match,2026-08-09 16:17:36
21809,12:11 PM,12:12 PM,1,Flight match,2026-08-09 16:17:36
28126,12:17 PM,12:10 PM,-7,Flight match,2026-08-09 16:17:36
32508,12:46 PM,12:51 PM,5,Flight match,2026-08-09 16:17:36
23760,12:47 PM,12:48 PM,1,Flight match,2026-08-09 16:17:36
32793,2:02 PM,2:00 PM,-2,Flight match,2026-08-09 16:17:36
17359,2:19 PM,2:07 PM,-12,Flight match,2026-08-09 16:17:36
32890,3:05 PM,3:02 PM,-3,Flight match,2026-08-09 16:17:36
33214,3:05 PM,3:02 PM,-3,Flight match,2026-08-09 16:17:36
29587,4:09 PM,3:58 PM,-11,Flight match,2026-08-09 16:17:36
30157,4:20 PM,4:10 PM,-10,Flight match,2026-08-09 16:17:36
30901,4:20 PM,4:10 PM,-10,Flight match,2026-08-09 16:17:36
28013,4:22 PM,4:19 PM,-3,Flight match,2026-08-09 16:17:36
32218,6:45 PM,6:36 PM,-9,Flight match,2026-08-09 16:17:36
27694,9:09 PM,9:04 PM,-5,Flight match,2026-08-09 16:17:36
30944,11:59 AM,11:53 AM,-6,Flight match,2026-08-09 17:06:55
28126,12:10 PM,12:17 PM,7,Flight match,2026-08-09 17:06:55
32478,12:39 PM,12:36 PM,-3,Flight match,2026-08-09 17:06:55
23760,12:48 PM,12:46 PM,-2,Flight match,2026-08-09 17:06:55
32508,12:51 PM,12:49 PM,-2,Flight match,2026-08-09 17:06:55
33410,1:11 PM,1:14 PM,3,Flight match,2026-08-09 17:06:55
22318,1:11 PM,1:14 PM,3,Flight match,2026-08-09 17:06:55
31491,2:02 PM,1:59 PM,-3,Flight match,2026-08-09 17:06:55
31489,2:02 PM,1:59 PM,-3,Flight match,2026-08-09 17:06:55
17359,2:07 PM,2:05 PM,-2,Flight match,2026-08-09 17:06:55
26892,4:17 PM,4:12 PM,-5,Flight match,2026-08-09 17:06:55
28013,4:19 PM,4:20 PM,1,Flight match,2026-08-09 17:06:55
33556,4:20 PM,4:24 PM,4,Flight match,2026-08-09 17:06:55
32697,6:16 PM,6:01 PM,-15,Flight match,2026-08-09 17:06:55
27694,9:04 PM,9:09 PM,5,Flight match,2026-08-09 17:06:55
33410,1:14 PM,1:12 PM,-2,Flight match,2026-08-09 17:31:54
22318,1:14 PM,1:12 PM,-2,Flight match,2026-08-09 17:31:54
31491,1:59 PM,2:02 PM,3,Flight match,2026-08-09 17:31:54
31489,1:59 PM,2:02 PM,3,Flight match,2026-08-09 17:31:54
32793,2:00 PM,2:04 PM,4,Flight match,2026-08-09 17:31:54
17359,2:05 PM,2:03 PM,-2,Flight match,2026-08-09 17:31:55
32890,3:02 PM,2:54 PM,-8,Flight match,2026-08-09 17:31:55
33214,3:02 PM,2:54 PM,-8,Flight match,2026-08-09 17:31:55
31098,4:08 PM,4:18 PM,10,Flight match,2026-08-09 17:31:55
30157,4:10 PM,4:09 PM,-1,Flight match,2026-08-09 17:31:55
30901,4:10 PM,4:09 PM,-1,Flight match,2026-08-09 17:31:55
33556,4:24 PM,5:51 PM,87,Flight match,2026-08-09 17:31:55
31412,5:55 PM,5:43 PM,-12,Flight match,2026-08-09 17:31:55
27694,9:09 PM,9:12 PM,3,Flight match,2026-08-09 17:31:55
33555,6:01 AM,6:00 AM,-1,Flight match,2026-08-09 18:43:56
30623,8:30 AM,8:21 AM,-9,Flight match,2026-08-09 18:43:56
31940,8:40 AM,8:28 AM,-12,Flight match,2026-08-09 18:43:56
32661,9:25 AM,9:16 AM,-9,Flight match,2026-08-09 18:43:56
17473,9:25 AM,9:16 AM,-9,Flight match,2026-08-09 18:43:56
29187,9:40 AM,9:36 AM,-4,Flight match,2026-08-09 18:43:56
27860,10:09 AM,9:58 AM,-11,Flight match,2026-08-09 18:43:56
33604,10:50 AM,10:47 AM,-3,Flight match,2026-08-09 18:43:56
23985,10:52 AM,10:32 AM,-20,Flight match,2026-08-09 18:43:56
31873,10:55 AM,10:49 AM,-6,Flight match,2026-08-09 18:43:56
22975,11:09 AM,11:12 AM,3,Flight match,2026-08-09 18:43:56
32335,11:20 AM,11:03 AM,-17,Flight match,2026-08-09 18:43:57
32331,11:23 AM,11:23 AM,0,Flight match,2026-08-09 18:43:57
29343,11:36 AM,11:33 AM,-3,Flight match,2026-08-09 18:43:57
26113,11:55 AM,11:43 AM,-12,Flight match,2026-08-09 18:43:57
28337,12:00 PM,11:50 AM,-10,Flight match,2026-08-09 18:43:57
28518,12:08 PM,12:04 PM,-4,Flight match,2026-08-09 18:43:57
33409,12:16 PM,12:13 PM,-3,Flight match,2026-08-09 18:43:57
31235,12:35 PM,12:26 PM,-9,Flight match,2026-08-09 18:43:57
29746,1:03 PM,1:00 PM,-3,Flight match,2026-08-09 18:43:57
33517,1:17 PM,12:59 PM,-18,Flight match,2026-08-09 18:43:57
30196,1:22 PM,1:15 PM,-7,Flight match,2026-08-09 18:43:57
33302,1:57 PM,2:01 PM,4,Flight match,2026-08-09 18:43:57
33251,2:00 PM,1:13 PM,-47,Flight match,2026-08-09 18:43:57
28845,2:18 PM,2:15 PM,-3,Flight match,2026-08-09 18:43:57
31014,2:59 PM,2:50 PM,-9,Flight match,2026-08-09 18:43:57
31032,3:54 PM,3:58 PM,4,Flight match,2026-08-09 18:43:57
32925,4:10 PM,3:39 PM,-31,Flight match,2026-08-09 18:43:57
19007,5:14 PM,5:01 PM,-13,Flight match,2026-08-09 18:43:57
33351,5:22 PM,5:07 PM,-15,Flight match,2026-08-09 18:43:57
33491,1:40 PM,1:42 PM,2,Flight match,2026-08-09 18:45:57
31710,1:40 PM,1:42 PM,2,Flight match,2026-08-09 18:45:57
31491,2:02 PM,2:03 PM,1,Flight match,2026-08-09 18:45:57
31489,2:02 PM,2:03 PM,1,Flight match,2026-08-09 18:45:57
17359,2:03 PM,2:08 PM,5,Flight match,2026-08-09 18:45:57
32793,2:04 PM,2:08 PM,4,Flight match,2026-08-09 18:45:57
30157,4:09 PM,4:15 PM,6,Flight match,2026-08-09 18:45:57
30901,4:09 PM,4:15 PM,6,Flight match,2026-08-09 18:45:58
26892,4:12 PM,3:43 PM,-29,Flight match,2026-08-09 18:45:58
31098,4:18 PM,4:17 PM,-1,Flight match,2026-08-09 18:45:58
28013,4:20 PM,4:26 PM,6,Flight match,2026-08-09 18:45:58
33556,4:24 PM,8:15 PM,231,Flight match,2026-08-09 18:45:58
32327,4:43 PM,4:51 PM,8,Flight match,2026-08-09 18:45:58
31412,5:43 PM,5:42 PM,-1,Flight match,2026-08-09 18:45:58
33191,6:20 PM,6:08 PM,-12,Flight match,2026-08-09 18:45:58
32218,6:36 PM,6:33 PM,-3,Flight match,2026-08-09 18:45:58
27694,9:12 PM,9:21 PM,9,Flight match,2026-08-09 18:45:58
32890,2:54 PM,2:58 PM,4,Flight match,2026-08-09 19:20:59
33214,2:54 PM,2:58 PM,4,Flight match,2026-08-09 19:20:59
26892,3:43 PM,3:42 PM,-1,Flight match,2026-08-09 19:20:59
29587,3:58 PM,4:02 PM,4,Flight match,2026-08-09 19:20:59
30157,4:15 PM,4:18 PM,3,Flight match,2026-08-09 19:20:59
30901,4:15 PM,4:18 PM,3,Flight match,2026-08-09 19:20:59
31098,4:17 PM,4:27 PM,10,Flight match,2026-08-09 19:21:00
28013,4:26 PM,4:29 PM,3,Flight match,2026-08-09 19:21:00
31412,5:42 PM,5:53 PM,11,Flight match,2026-08-09 19:21:00
32218,6:33 PM,6:38 PM,5,Flight match,2026-08-09 19:21:00
31470,9:00 PM,9:09 PM,9,Flight match,2026-08-09 19:21:00
33533,3:18 PM,3:37 PM,19,Flight match,2026-08-09 20:01:49
26892,3:42 PM,3:54 PM,12,Flight match,2026-08-09 20:01:49
29587,4:02 PM,4:06 PM,4,Flight match,2026-08-09 20:01:50
30157,4:18 PM,4:21 PM,3,Flight match,2026-08-09 20:01:50
30901,4:18 PM,4:21 PM,3,Flight match,2026-08-09 20:01:50
31098,4:27 PM,5:08 PM,41,Flight match,2026-08-09 20:01:50
28013,4:29 PM,4:28 PM,-1,Flight match,2026-08-09 20:01:50
31412,5:53 PM,6:54 PM,61,Flight match,2026-08-09 20:01:50
32697,6:01 PM,6:07 PM,6,Flight match,2026-08-09 20:01:50
33191,6:08 PM,6:05 PM,-3,Flight match,2026-08-09 20:01:50
32218,6:38 PM,6:27 PM,-11,Flight match,2026-08-09 20:01:50
31470,9:09 PM,9:02 PM,-7,Flight match,2026-08-09 20:01:50
27694,9:21 PM,9:19 PM,-2,Flight match,2026-08-09 20:01:50
29587,4:06 PM,4:43 PM,37,Flight match,2026-08-09 21:19:30
30157,4:21 PM,4:25 PM,4,Flight match,2026-08-09 21:19:30
30901,4:21 PM,4:25 PM,4,Flight match,2026-08-09 21:19:30
28013,4:28 PM,4:33 PM,5,Flight match,2026-08-09 21:19:30
32327,4:51 PM,4:52 PM,1,Flight match,2026-08-09 21:19:30
31098,5:08 PM,5:09 PM,1,Flight match,2026-08-09 21:19:30
33191,6:05 PM,6:29 PM,24,Flight match,2026-08-09 21:19:30
32697,6:07 PM,6:01 PM,-6,Flight match,2026-08-09 21:19:30
32218,6:27 PM,6:17 PM,-10,Flight match,2026-08-09 21:19:30
31412,6:54 PM,6:47 PM,-7,Flight match,2026-08-09 21:19:30
33556,8:15 PM,8:16 PM,1,Flight match,2026-08-09 21:19:30
31470,9:02 PM,8:51 PM,-11,Flight match,2026-08-09 21:19:30
27694,9:19 PM,9:02 PM,-17,Flight match,2026-08-09 21:19:30
26892,3:54 PM,5:18 PM,84,Flight match,2026-08-09 23:01:53
32697,6:01 PM,5:53 PM,-8,Flight match,2026-08-09 23:01:53
32218,6:17 PM,6:32 PM,15,Flight match,2026-08-09 23:01:53
33191,6:29 PM,6:30 PM,1,Flight match,2026-08-09 23:01:53
31412,6:47 PM,6:45 PM,-2,Flight match,2026-08-09 23:01:53
33556,8:16 PM,8:19 PM,3,Flight match,2026-08-09 23:01:53
31470,8:51 PM,11:34 PM,163,Flight match,2026-08-09 23:01:53
27694,9:02 PM,9:18 PM,16,Flight match,2026-08-09 23:01:54
30381,11:13 PM,11:16 PM,3,Flight match,2026-08-09 23:01:54
33556,8:19 PM,8:21 PM,2,Flight match,2026-08-09 23:39:25
27694,9:18 PM,9:17 PM,-1,Flight match,2026-08-09 23:39:25
33556,8:21 PM,8:22 PM,1,Flight match,2026-08-10 00:23:57
27694,9:17 PM,9:17 PM,0,Flight match,2026-08-10 00:23:58
30381,11:16 PM,11:13 PM,-3,Flight match,2026-08-10 00:23:58
31470,11:34 PM,10:41 PM,-53,Flight match,2026-08-10 00:23:58
33623,9:30 AM,9:20 AM,-10,Flight match,2026-08-10 01:23:18
32335,11:03 AM,11:20 AM,17,Flight match,2026-08-10 01:23:18
33251,1:13 PM,1:40 PM,27,Flight match,2026-08-10 01:23:18
33033,2:03 PM,2:06 PM,3,Flight match,2026-08-10 01:23:18
17183,2:03 PM,2:06 PM,3,Flight match,2026-08-10 01:23:18
32129,2:43 PM,2:46 PM,3,Flight match,2026-08-10 01:23:19
31014,2:50 PM,2:48 PM,-2,Flight match,2026-08-10 01:23:19
32925,3:39 PM,4:10 PM,31,Flight match,2026-08-10 01:23:19
19007,5:01 PM,5:00 PM,-1,Flight match,2026-08-10 01:23:19
33351,5:07 PM,5:22 PM,15,Flight match,2026-08-10 01:23:19
33451,5:53 PM,5:25 PM,-28,Flight match,2026-08-10 01:23:19
30940,11:04 PM,10:50 PM,-14,Flight match,2026-08-10 01:23:19
33293,12:15 AM,11:25 PM,1390,Flight match,2026-08-10 01:30:53
24658,8:59 AM,9:00 AM,1,Flight match,2026-08-10 01:30:53
25609,9:00 AM,8:54 AM,-6,Flight match,2026-08-10 01:30:53
23242,9:20 AM,9:17 AM,-3,Flight match,2026-08-10 01:30:53
30883,9:30 AM,8:43 AM,-47,Flight match,2026-08-10 01:30:53
28892,9:30 AM,9:00 AM,-30,Flight match,2026-08-10 01:30:53
31677,10:00 AM,9:30 AM,-30,Flight match,2026-08-10 01:30:53
30564,10:00 AM,8:54 AM,-66,Flight match,2026-08-10 01:30:53
28544,10:33 AM,10:15 AM,-18,Flight match,2026-08-10 01:30:53
33413,10:40 AM,10:30 AM,-10,Flight match,2026-08-10 01:30:53
28197,10:50 AM,10:30 AM,-20,Flight match,2026-08-10 01:30:53
23706,12:00 PM,11:05 AM,-55,Flight match,2026-08-10 01:30:53
33458,12:14 PM,11:09 AM,-65,Flight match,2026-08-10 01:30:53
28015,12:35 PM,12:34 PM,-1,Flight match,2026-08-10 01:30:53
13585,1:00 PM,12:34 PM,-26,Flight match,2026-08-10 01:30:53
33122,2:33 PM,2:16 PM,-17,Flight match,2026-08-10 01:30:54
33556,8:22 PM,8:21 PM,-1,Flight match,2026-08-10 01:44:44
27694,9:17 PM,9:40 PM,23,Flight match,2026-08-10 01:44:44
31470,10:41 PM,11:29 PM,48,Flight match,2026-08-10 01:44:44
30381,11:13 PM,11:28 PM,15,Flight match,2026-08-10 01:44:44
33212,1:27 AM,1:23 AM,-4,Flight match,2026-08-10 02:35:54
27694,9:40 PM,9:55 PM,15,Flight match,2026-08-10 02:35:55
30381,11:28 PM,11:32 PM,4,Flight match,2026-08-10 02:35:55
31470,11:29 PM,11:28 PM,-1,Flight match,2026-08-10 02:35:55
33555,6:00 AM,6:41 AM,41,Flight match,2026-08-10 10:48:00
33696,7:58 AM,8:00 AM,2,Flight match,2026-08-10 10:48:00
30623,8:21 AM,8:16 AM,-5,Flight match,2026-08-10 10:48:00
31940,8:28 AM,8:29 AM,1,Flight match,2026-08-10 10:48:00
17473,9:16 AM,9:15 AM,-1,Flight match,2026-08-10 10:48:00
32661,9:16 AM,9:06 AM,-10,Flight match,2026-08-10 10:48:00
33623,9:20 AM,8:56 AM,-24,Flight match,2026-08-10 10:48:00
29187,9:36 AM,9:29 AM,-7,Flight match,2026-08-10 10:48:00
31408,10:15 AM,10:02 AM,-13,Flight match,2026-08-10 10:48:00
26836,10:20 AM,10:10 AM,-10,Flight match,2026-08-10 10:48:00
23985,10:32 AM,10:53 AM,21,Flight match,2026-08-10 10:48:00
31873,10:49 AM,10:52 AM,3,Flight match,2026-08-10 10:48:00
24547,11:02 AM,10:54 AM,-8,Flight match,2026-08-10 10:48:01
32977,11:09 AM,10:46 AM,-23,Flight match,2026-08-10 10:48:01
22975,11:12 AM,11:00 AM,-12,Flight match,2026-08-10 10:48:01
32335,11:20 AM,11:03 AM,-17,Flight match,2026-08-10 10:48:01
32331,11:23 AM,11:24 AM,1,Flight match,2026-08-10 10:48:01
23807,11:36 AM,11:22 AM,-14,Flight match,2026-08-10 10:48:01
26113,11:43 AM,11:55 AM,12,Flight match,2026-08-10 10:48:01
27730,11:47 AM,11:48 AM,1,Flight match,2026-08-10 10:48:01
28337,11:50 AM,11:52 AM,2,Flight match,2026-08-10 10:48:01
33409,12:13 PM,1:25 PM,72,Flight match,2026-08-10 10:48:01
31235,12:26 PM,12:35 PM,9,Flight match,2026-08-10 10:48:01
30196,1:15 PM,1:22 PM,7,Flight match,2026-08-10 10:48:01
31014,2:48 PM,2:50 PM,2,Flight match,2026-08-10 10:48:01
32925,4:10 PM,4:07 PM,-3,Flight match,2026-08-10 10:48:01
33451,5:25 PM,5:54 PM,29,Flight match,2026-08-10 10:48:01
30623,8:16 AM,8:20 AM,4,Flight match,2026-08-10 12:24:33
31940,8:29 AM,8:28 AM,-1,Flight match,2026-08-10 12:24:33
33623,8:56 AM,8:49 AM,-7,Flight match,2026-08-10 12:24:33
32661,9:06 AM,9:03 AM,-3,Flight match,2026-08-10 12:24:33
17473,9:15 AM,9:19 AM,4,Flight match,2026-08-10 12:24:33
29187,9:29 AM,10:58 AM,89,Flight match,2026-08-10 12:24:33
31408,10:02 AM,10:01 AM,-1,Flight match,2026-08-10 12:24:33
33604,10:47 AM,10:41 AM,-6,Flight match,2026-08-10 12:24:33
31873,10:52 AM,10:48 AM,-4,Flight match,2026-08-10 12:24:33
23985,10:53 AM,10:47 AM,-6,Flight match,2026-08-10 12:24:34
24547,10:54 AM,10:49 AM,-5,Flight match,2026-08-10 12:24:34
22975,11:00 AM,10:51 AM,-9,Flight match,2026-08-10 12:24:34
32335,11:03 AM,11:09 AM,6,Flight match,2026-08-10 12:24:34
23807,11:22 AM,11:18 AM,-4,Flight match,2026-08-10 12:24:34
32331,11:24 AM,11:16 AM,-8,Flight match,2026-08-10 12:24:34
29343,11:33 AM,11:10 AM,-23,Flight match,2026-08-10 12:24:34
27730,11:48 AM,11:29 AM,-19,Flight match,2026-08-10 12:24:34
28337,11:52 AM,11:50 AM,-2,Flight match,2026-08-10 12:24:34
26113,11:55 AM,11:44 AM,-11,Flight match,2026-08-10 12:24:34
28518,12:04 PM,12:09 PM,5,Flight match,2026-08-10 12:24:34
31235,12:35 PM,12:26 PM,-9,Flight match,2026-08-10 12:24:34
24272,1:00 PM,12:56 PM,-4,Flight match,2026-08-10 12:24:34
27068,1:00 PM,12:56 PM,-4,Flight match,2026-08-10 12:24:34
33409,1:25 PM,1:22 PM,-3,Flight match,2026-08-10 12:24:34
31641,1:32 PM,1:21 PM,-11,Flight match,2026-08-10 12:24:34
33251,1:40 PM,1:41 PM,1,Flight match,2026-08-10 12:24:34
33302,2:01 PM,1:44 PM,-17,Flight match,2026-08-10 12:24:34
33033,2:06 PM,2:03 PM,-3,Flight match,2026-08-10 12:24:34
17183,2:06 PM,2:03 PM,-3,Flight match,2026-08-10 12:24:34
32129,2:46 PM,2:43 PM,-3,Flight match,2026-08-10 12:24:34
31014,2:50 PM,2:48 PM,-2,Flight match,2026-08-10 12:24:34
32925,4:07 PM,4:21 PM,14,Flight match,2026-08-10 12:24:34
30623,8:20 AM,8:25 AM,5,Flight match,2026-08-10 13:10:46
31940,8:28 AM,8:24 AM,-4,Flight match,2026-08-10 13:10:46
32661,9:03 AM,9:08 AM,5,Flight match,2026-08-10 13:10:46
17473,9:19 AM,9:18 AM,-1,Flight match,2026-08-10 13:10:46
26836,10:10 AM,10:02 AM,-8,Flight match,2026-08-10 13:10:46
33604,10:41 AM,10:33 AM,-8,Flight match,2026-08-10 13:10:46
23985,10:47 AM,10:36 AM,-11,Flight match,2026-08-10 13:10:46
31873,10:48 AM,10:39 AM,-9,Flight match,2026-08-10 13:10:46
24547,10:49 AM,10:45 AM,-4,Flight match,2026-08-10 13:10:46
29187,10:58 AM,10:54 AM,-4,Flight match,2026-08-10 13:10:46
32335,11:09 AM,10:59 AM,-10,Flight match,2026-08-10 13:10:46
29343,11:10 AM,11:24 AM,14,Flight match,2026-08-10 13:10:47
32331,11:16 AM,11:24 AM,8,Flight match,2026-08-10 13:10:47
23807,11:18 AM,11:52 AM,34,Flight match,2026-08-10 13:10:47
26113,11:44 AM,11:43 AM,-1,Flight match,2026-08-10 13:10:47
28337,11:50 AM,11:52 AM,2,Flight match,2026-08-10 13:10:47
28518,12:09 PM,12:01 PM,-8,Flight match,2026-08-10 13:10:47
33517,12:59 PM,12:55 PM,-4,Flight match,2026-08-10 13:10:47
30196,1:22 PM,1:15 PM,-7,Flight match,2026-08-10 13:10:47
33409,1:22 PM,1:00 PM,-22,Flight match,2026-08-10 13:10:47
33033,2:03 PM,1:47 PM,-16,Flight match,2026-08-10 13:10:47
17183,2:03 PM,1:47 PM,-16,Flight match,2026-08-10 13:10:47
32129,2:43 PM,2:46 PM,3,Flight match,2026-08-10 13:10:47
31032,3:58 PM,3:54 PM,-4,Flight match,2026-08-10 13:10:47
32925,4:21 PM,4:16 PM,-5,Flight match,2026-08-10 13:10:47
33351,5:22 PM,5:07 PM,-15,Flight match,2026-08-10 13:10:47
33623,8:49 AM,8:48 AM,-1,Flight match,2026-08-10 13:45:27
32661,9:08 AM,9:31 AM,23,Flight match,2026-08-10 13:45:27
17473,9:18 AM,9:15 AM,-3,Flight match,2026-08-10 13:45:27
24547,10:45 AM,11:32 AM,47,Flight match,2026-08-10 13:45:27
32331,11:24 AM,11:21 AM,-3,Flight match,2026-08-10 13:45:27
29343,11:24 AM,11:35 AM,11,Flight match,2026-08-10 13:45:27
26113,11:43 AM,11:45 AM,2,Flight match,2026-08-10 13:45:27
23807,11:52 AM,12:30 PM,38,Flight match,2026-08-10 13:45:27
28337,11:52 AM,11:44 AM,-8,Flight match,2026-08-10 13:45:27
28518,12:01 PM,1:55 PM,114,Flight match,2026-08-10 13:45:27
29746,1:00 PM,12:58 PM,-2,Flight match,2026-08-10 13:45:27
31641,1:21 PM,1:16 PM,-5,Flight match,2026-08-10 13:45:28
31032,3:54 PM,3:58 PM,4,Flight match,2026-08-10 13:45:28
33351,5:07 PM,5:47 PM,40,Flight match,2026-08-10 13:45:28
31408,10:01 AM,9:59 AM,-2,Flight match,2026-08-10 13:53:55
31873,10:39 AM,10:40 AM,1,Flight match,2026-08-10 13:53:55
29187,10:54 AM,10:50 AM,-4,Flight match,2026-08-10 13:53:55
24547,11:32 AM,11:41 AM,9,Flight match,2026-08-10 13:53:55
29343,11:35 AM,11:29 AM,-6,Flight match,2026-08-10 13:53:55
28337,11:44 AM,11:43 AM,-1,Flight match,2026-08-10 13:53:55
26113,11:45 AM,11:47 AM,2,Flight match,2026-08-10 13:53:55
23807,12:30 PM,12:29 PM,-1,Flight match,2026-08-10 13:53:55
29746,12:58 PM,12:47 PM,-11,Flight match,2026-08-10 13:53:55
33409,1:00 PM,1:12 PM,12,Flight match,2026-08-10 13:53:56
30196,1:15 PM,1:22 PM,7,Flight match,2026-08-10 13:53:56
31032,3:58 PM,3:54 PM,-4,Flight match,2026-08-10 13:53:56
31408,9:59 AM,10:00 AM,1,Flight match,2026-08-10 14:41:49
26836,10:02 AM,10:04 AM,2,Flight match,2026-08-10 14:41:49
33604,10:33 AM,10:38 AM,5,Flight match,2026-08-10 14:41:49
23985,10:36 AM,10:35 AM,-1,Flight match,2026-08-10 14:41:49
31873,10:40 AM,10:40 AM,0,Flight match,2026-08-10 14:41:49
22975,10:51 AM,10:48 AM,-3,Flight match,2026-08-10 14:41:49
32331,11:21 AM,11:18 AM,-3,Flight match,2026-08-10 14:41:49
24547,11:41 AM,11:32 AM,-9,Flight match,2026-08-10 14:41:49
28337,11:43 AM,11:45 AM,2,Flight match,2026-08-10 14:41:49
26113,11:47 AM,11:49 AM,2,Flight match,2026-08-10 14:41:49
31235,12:26 PM,12:24 PM,-2,Flight match,2026-08-10 14:41:50
29746,12:47 PM,12:49 PM,2,Flight match,2026-08-10 14:41:50
33517,12:55 PM,1:37 PM,42,Flight match,2026-08-10 14:41:50
24272,12:56 PM,12:55 PM,-1,Flight match,2026-08-10 14:41:50
27068,12:56 PM,12:55 PM,-1,Flight match,2026-08-10 14:41:50
33409,1:12 PM,1:14 PM,2,Flight match,2026-08-10 14:41:50
31641,1:16 PM,1:43 PM,27,Flight match,2026-08-10 14:41:50
30196,1:22 PM,1:15 PM,-7,Flight match,2026-08-10 14:41:50
33251,1:41 PM,1:38 PM,-3,Flight match,2026-08-10 14:41:50
33302,1:44 PM,1:43 PM,-1,Flight match,2026-08-10 14:41:50
28518,1:55 PM,2:12 PM,17,Flight match,2026-08-10 14:41:50
28845,2:15 PM,2:19 PM,4,Flight match,2026-08-10 14:41:50
33754,2:35 PM,2:13 PM,-22,Flight match,2026-08-10 14:41:50
32129,2:46 PM,2:48 PM,2,Flight match,2026-08-10 14:41:50
31014,2:48 PM,3:03 PM,15,Flight match,2026-08-10 14:41:50
33746,3:00 PM,2:34 PM,-26,Flight match,2026-08-10 14:41:50
31032,3:54 PM,3:40 PM,-14,Flight match,2026-08-10 14:41:50
33451,5:54 PM,5:53 PM,-1,Flight match,2026-08-10 14:41:51
32977,7:06 PM,6:48 PM,-18,Flight match,2026-08-10 14:41:51
23985,10:35 AM,10:42 AM,7,Flight match,2026-08-10 14:55:50
33604,10:38 AM,10:37 AM,-1,Flight match,2026-08-10 14:55:50
31873,10:40 AM,10:50 AM,10,Flight match,2026-08-10 14:55:50
29187,10:50 AM,10:48 AM,-2,Flight match,2026-08-10 14:55:50
29343,11:29 AM,11:29 AM,0,Flight match,2026-08-10 14:55:50
24547,11:32 AM,11:32 AM,0,Flight match,2026-08-10 14:55:50
28337,11:45 AM,11:47 AM,2,Flight match,2026-08-10 14:55:51
26113,11:49 AM,11:48 AM,-1,Flight match,2026-08-10 14:55:51
24272,12:55 PM,1:00 PM,5,Flight match,2026-08-10 14:55:51
27068,12:55 PM,1:00 PM,5,Flight match,2026-08-10 14:55:51
33517,1:37 PM,2:00 PM,23,Flight match,2026-08-10 14:55:51
33251,1:38 PM,1:37 PM,-1,Flight match,2026-08-10 14:55:51
33302,1:43 PM,1:33 PM,-10,Flight match,2026-08-10 14:55:51
31641,1:43 PM,1:46 PM,3,Flight match,2026-08-10 14:55:51
33033,1:47 PM,1:57 PM,10,Flight match,2026-08-10 14:55:51
17183,1:47 PM,1:57 PM,10,Flight match,2026-08-10 14:55:51
33754,2:13 PM,2:16 PM,3,Flight match,2026-08-10 14:55:51
33351,5:47 PM,5:38 PM,-9,Flight match,2026-08-10 14:55:51
22975,10:48 AM,10:53 AM,5,Flight match,2026-08-10 15:34:50
32335,10:59 AM,11:11 AM,12,Flight match,2026-08-10 15:34:50
32331,11:18 AM,11:17 AM,-1,Flight match,2026-08-10 15:34:50
27730,11:29 AM,11:30 AM,1,Flight match,2026-08-10 15:34:50
29343,11:29 AM,11:30 AM,1,Flight match,2026-08-10 15:34:50
24547,11:32 AM,11:26 AM,-6,Flight match,2026-08-10 15:34:50
26113,11:48 AM,11:47 AM,-1,Flight match,2026-08-10 15:34:50
31235,12:24 PM,12:23 PM,-1,Flight match,2026-08-10 15:34:50
29746,12:49 PM,12:37 PM,-12,Flight match,2026-08-10 15:34:51
24272,1:00 PM,12:54 PM,-6,Flight match,2026-08-10 15:34:51
27068,1:00 PM,12:54 PM,-6,Flight match,2026-08-10 15:34:51
33409,1:14 PM,1:04 PM,-10,Flight match,2026-08-10 15:34:51
30196,1:15 PM,1:17 PM,2,Flight match,2026-08-10 15:34:51
33302,1:33 PM,1:38 PM,5,Flight match,2026-08-10 15:34:51
31641,1:46 PM,2:15 PM,29,Flight match,2026-08-10 15:34:51
33033,1:57 PM,2:17 PM,20,Flight match,2026-08-10 15:34:51
17183,1:57 PM,2:17 PM,20,Flight match,2026-08-10 15:34:51
33517,2:00 PM,1:56 PM,-4,Flight match,2026-08-10 15:34:51
33754,2:16 PM,2:09 PM,-7,Flight match,2026-08-10 15:34:51
28845,2:19 PM,2:46 PM,27,Flight match,2026-08-10 15:34:51
33746,2:34 PM,3:15 PM,41,Flight match,2026-08-10 15:34:51
31014,3:03 PM,2:53 PM,-10,Flight match,2026-08-10 15:34:51
32925,4:16 PM,3:52 PM,-24,Flight match,2026-08-10 15:34:51
33351,5:38 PM,6:11 PM,33,Flight match,2026-08-10 15:34:51
29343,11:30 AM,11:25 AM,-5,Flight match,2026-08-10 16:12:37
26113,11:47 AM,11:43 AM,-4,Flight match,2026-08-10 16:12:37
24547,12:15 PM,11:26 AM,-49,Flight match,2026-08-10 16:12:38
31235,12:23 PM,12:23 PM,0,Flight match,2026-08-10 16:12:38
33409,1:04 PM,1:11 PM,7,Flight match,2026-08-10 16:12:38
30196,1:17 PM,1:19 PM,2,Flight match,2026-08-10 16:12:38
33251,1:37 PM,1:49 PM,12,Flight match,2026-08-10 16:12:38
33754,2:09 PM,2:14 PM,5,Flight match,2026-08-10 16:12:38
33033,2:17 PM,2:42 PM,25,Flight match,2026-08-10 16:12:38
17183,2:17 PM,2:42 PM,25,Flight match,2026-08-10 16:12:38
33451,5:53 PM,5:54 PM,1,Flight match,2026-08-10 16:12:38
33351,6:11 PM,6:09 PM,-2,Flight match,2026-08-10 16:12:38
10835,3:15 PM,2:45 PM,-30,Flight match,2026-08-10 16:27:12
25640,9:45 AM,9:00 AM,-45,Flight match,2026-08-10 16:27:18
33477,1:00 PM,12:30 PM,-30,Flight match,2026-08-10 16:27:26
31235,12:23 PM,12:22 PM,-1,Flight match,2026-08-10 16:39:02
23807,12:29 PM,12:32 PM,3,Flight match,2026-08-10 16:39:02
29746,12:37 PM,12:33 PM,-4,Flight match,2026-08-10 16:39:02
24272,12:54 PM,12:57 PM,3,Flight match,2026-08-10 16:39:02
27068,12:54 PM,12:57 PM,3,Flight match,2026-08-10 16:39:02
30196,1:19 PM,1:17 PM,-2,Flight match,2026-08-10 16:39:02
28518,2:12 PM,2:14 PM,2,Flight match,2026-08-10 16:39:02
33033,2:42 PM,2:34 PM,-8,Flight match,2026-08-10 16:39:02
17183,2:42 PM,2:34 PM,-8,Flight match,2026-08-10 16:39:02
28845,2:46 PM,2:49 PM,3,Flight match,2026-08-10 16:39:02
32129,2:48 PM,2:33 PM,-15,Flight match,2026-08-10 16:39:02
33746,3:15 PM,2:31 PM,-44,Flight match,2026-08-10 16:39:02
32925,3:52 PM,4:12 PM,20,Flight match,2026-08-10 16:39:02
19007,5:00 PM,5:06 PM,6,Flight match,2026-08-10 16:39:02
32977,6:48 PM,7:06 PM,18,Flight match,2026-08-10 16:39:02
33795,12:00 PM,11:20 PM,680,Flight match,2026-08-10 17:37:50
29746,12:33 PM,12:32 PM,-1,Flight match,2026-08-10 17:37:50
24272,12:57 PM,12:58 PM,1,Flight match,2026-08-10 17:37:50
27068,12:57 PM,12:58 PM,1,Flight match,2026-08-10 17:37:50
33409,1:11 PM,12:59 PM,-12,Flight match,2026-08-10 17:37:50
30196,1:17 PM,1:14 PM,-3,Flight match,2026-08-10 17:37:50
33302,1:38 PM,1:49 PM,11,Flight match,2026-08-10 17:37:50
28518,2:14 PM,2:26 PM,12,Flight match,2026-08-10 17:37:50
33746,2:31 PM,2:45 PM,14,Flight match,2026-08-10 17:37:50
32129,2:33 PM,2:38 PM,5,Flight match,2026-08-10 17:37:50
28845,2:49 PM,2:44 PM,-5,Flight match,2026-08-10 17:37:50
31014,2:53 PM,2:47 PM,-6,Flight match,2026-08-10 17:37:51
31032,3:40 PM,3:22 PM,-18,Flight match,2026-08-10 17:37:51
32925,4:12 PM,4:21 PM,9,Flight match,2026-08-10 17:37:51
19007,5:06 PM,4:57 PM,-9,Flight match,2026-08-10 17:37:51
33351,6:09 PM,5:53 PM,-16,Flight match,2026-08-10 17:37:51
32977,7:06 PM,6:44 PM,-22,Flight match,2026-08-10 17:37:51
33807,11:00 PM,10:59 PM,-1,Flight match,2026-08-10 17:37:51
33302,1:49 PM,1:53 PM,4,Flight match,2026-08-10 17:47:57
33517,1:56 PM,1:56 PM,0,Flight match,2026-08-10 17:47:57
28518,2:26 PM,2:34 PM,8,Flight match,2026-08-10 17:47:57
33746,2:45 PM,2:51 PM,6,Flight match,2026-08-10 17:47:57
33451,5:54 PM,5:33 PM,-21,Flight match,2026-08-10 17:47:57
32977,6:44 PM,6:53 PM,9,Flight match,2026-08-10 17:47:57
33251,1:49 PM,1:51 PM,2,Flight match,2026-08-10 18:24:07
33517,1:56 PM,1:56 PM,0,Flight match,2026-08-10 18:24:07
31641,2:15 PM,2:14 PM,-1,Flight match,2026-08-10 18:24:07
17183,2:34 PM,2:38 PM,4,Flight match,2026-08-10 18:24:07
28518,2:34 PM,2:24 PM,-10,Flight match,2026-08-10 18:24:07
33033,2:34 PM,2:38 PM,4,Flight match,2026-08-10 18:24:07
33746,2:51 PM,2:48 PM,-3,Flight match,2026-08-10 18:24:07
19007,4:57 PM,5:12 PM,15,Flight match,2026-08-10 18:24:07
33451,5:33 PM,5:31 PM,-2,Flight match,2026-08-10 18:24:07
33351,5:53 PM,5:50 PM,-3,Flight match,2026-08-10 18:24:07
32977,6:53 PM,6:45 PM,-8,Flight match,2026-08-10 18:24:07
33754,2:14 PM,2:20 PM,6,Flight match,2026-08-10 18:39:36
28518,2:24 PM,2:36 PM,12,Flight match,2026-08-10 18:39:36
32129,2:38 PM,2:36 PM,-2,Flight match,2026-08-10 18:39:36
17183,2:38 PM,2:39 PM,1,Flight match,2026-08-10 18:39:36
33033,2:38 PM,2:39 PM,1,Flight match,2026-08-10 18:39:36
28845,2:44 PM,2:42 PM,-2,Flight match,2026-08-10 18:39:37
31014,2:47 PM,2:48 PM,1,Flight match,2026-08-10 18:39:37
33746,2:48 PM,3:03 PM,15,Flight match,2026-08-10 18:39:37
33351,5:50 PM,5:56 PM,6,Flight match,2026-08-10 18:39:37
28231,8:31 AM,8:31 AM,0,Flight match,2026-08-10 18:42:15
25390,8:52 AM,8:33 AM,-19,Flight match,2026-08-10 18:42:15
32528,9:00 AM,8:46 AM,-14,Flight match,2026-08-10 18:42:15
31580,9:30 AM,9:18 AM,-12,Flight match,2026-08-10 18:42:15
31677,9:30 AM,9:18 AM,-12,Flight match,2026-08-10 18:42:15
27073,10:06 AM,10:03 AM,-3,Flight match,2026-08-10 18:42:15
33412,10:06 AM,10:03 AM,-3,Flight match,2026-08-10 18:42:15
28197,10:30 AM,10:18 AM,-12,Flight match,2026-08-10 18:42:15
33413,10:30 AM,10:18 AM,-12,Flight match,2026-08-10 18:42:15
27096,10:40 AM,10:36 AM,-4,Flight match,2026-08-10 18:42:15
33354,10:55 AM,10:33 AM,-22,Flight match,2026-08-10 18:42:15
33021,11:09 AM,11:14 AM,5,Flight match,2026-08-10 18:42:15
33458,11:09 AM,11:14 AM,5,Flight match,2026-08-10 18:42:15
31587,12:00 PM,11:50 AM,-10,Flight match,2026-08-10 18:42:15
33395,12:00 PM,11:50 AM,-10,Flight match,2026-08-10 18:42:15
33401,12:51 PM,12:45 PM,-6,Flight match,2026-08-10 18:42:15
24677,12:59 PM,1:03 PM,4,Flight match,2026-08-10 18:42:15
32767,1:00 PM,12:47 PM,-13,Flight match,2026-08-10 18:42:15
29638,1:25 PM,1:03 PM,-22,Flight match,2026-08-10 18:42:15
32605,1:25 PM,1:03 PM,-22,Flight match,2026-08-10 18:42:15
20391,1:51 PM,1:48 PM,-3,Flight match,2026-08-10 18:42:15
30948,2:45 PM,2:28 PM,-17,Flight match,2026-08-10 18:42:15
28624,2:53 PM,2:43 PM,-10,Flight match,2026-08-10 18:42:15
33445,6:17 PM,5:48 PM,-29,Flight match,2026-08-10 18:42:15
26604,7:00 PM,6:17 PM,-43,Flight match,2026-08-10 18:42:15
32129,2:36 PM,2:35 PM,-1,Flight match,2026-08-10 19:01:50
28518,2:36 PM,2:34 PM,-2,Flight match,2026-08-10 19:01:50
17183,2:39 PM,2:42 PM,3,Flight match,2026-08-10 19:01:50
33033,2:39 PM,2:42 PM,3,Flight match,2026-08-10 19:01:50
28845,2:42 PM,2:38 PM,-4,Flight match,2026-08-10 19:01:50
31014,2:48 PM,2:48 PM,0,Flight match,2026-08-10 19:01:50
33746,3:03 PM,3:09 PM,6,Flight match,2026-08-10 19:01:50
19007,5:12 PM,5:05 PM,-7,Flight match,2026-08-10 19:01:50
33451,5:31 PM,5:33 PM,2,Flight match,2026-08-10 19:01:50
33351,5:56 PM,6:13 PM,17,Flight match,2026-08-10 19:01:50
33746,3:09 PM,3:08 PM,-1,Flight match,2026-08-10 19:34:29
33451,5:33 PM,5:49 PM,16,Flight match,2026-08-10 19:34:29
33351,6:13 PM,6:17 PM,4,Flight match,2026-08-10 19:34:29
32977,6:45 PM,6:53 PM,8,Flight match,2026-08-10 19:34:29
31032,3:22 PM,3:21 PM,-1,Flight match,2026-08-10 20:43:52
32925,4:21 PM,4:18 PM,-3,Flight match,2026-08-10 20:43:52
19007,5:05 PM,5:09 PM,4,Flight match,2026-08-10 20:43:52
33351,6:17 PM,6:12 PM,-5,Flight match,2026-08-10 20:43:52
32977,6:53 PM,7:01 PM,8,Flight match,2026-08-10 20:43:52
32450,10:25 PM,10:38 PM,13,Flight match,2026-08-10 20:43:52
30940,10:50 PM,11:04 PM,14,Flight match,2026-08-10 20:43:52
33807,10:59 PM,11:33 PM,34,Flight match,2026-08-10 20:43:52
30940,11:04 PM,10:50 PM,-14,Flight match,2026-08-10 21:04:56
28231,8:31 AM,8:31 AM,0,Flight match,2026-08-10 21:55:56
33122,2:16 PM,2:19 PM,3,Flight match,2026-08-10 21:55:56
33342,5:48 PM,5:36 PM,-12,Flight match,2026-08-10 21:55:56
28073,5:53 PM,5:34 PM,-19,Flight match,2026-08-10 21:55:56
26849,5:55 PM,5:40 PM,-15,Flight match,2026-08-10 21:55:56
30214,6:30 PM,6:13 PM,-17,Flight match,2026-08-10 21:55:57
33355,7:15 PM,7:03 PM,-12,Flight match,2026-08-10 21:55:57
32515,7:46 PM,7:53 PM,7,Flight match,2026-08-10 21:55:57
19007,5:09 PM,5:08 PM,-1,Flight match,2026-08-10 22:00:25
33451,5:49 PM,5:47 PM,-2,Flight match,2026-08-10 22:00:25
33351,6:12 PM,6:07 PM,-5,Flight match,2026-08-10 22:00:25
33807,11:33 PM,11:48 PM,15,Flight match,2026-08-10 22:00:25
33382,6:25 PM,6:15 PM,-10,Flight match,2026-08-10 22:01:42
23706,10:55 AM,11:05 AM,10,Flight match,2026-08-10 22:06:15
33795,11:20 PM,12:10 AM,-1390,Flight match,2026-08-10 22:06:28
33342,5:36 PM,5:48 PM,12,Flight match,2026-08-10 22:22:59
33795,12:10 AM,11:18 PM,1388,Flight match,2026-08-10 22:55:22
33351,6:07 PM,6:08 PM,1,Flight match,2026-08-10 22:55:22
32450,10:38 PM,11:09 PM,31,Flight match,2026-08-10 23:53:55
32977,7:01 PM,6:59 PM,-2,Flight match,2026-08-11 00:07:55
30940,10:50 PM,10:50 PM,0,Flight match,2026-08-11 00:07:55
33795,11:18 PM,11:12 PM,-6,Flight match,2026-08-11 00:07:55
33807,11:48 PM,11:31 PM,-17,Flight match,2026-08-11 00:07:56
32528,8:46 AM,9:00 AM,14,Flight match,2026-08-11 03:52:30
16630,9:21 AM,9:25 AM,4,Flight match,2026-08-11 03:52:30
25833,12:30 PM,12:34 PM,4,Flight match,2026-08-11 03:52:30
33047,4:30 PM,4:00 PM,-30,Flight match,2026-08-11 03:52:30
28073,5:34 PM,5:53 PM,19,Flight match,2026-08-11 03:52:30
25108,9:30 AM,9:10 AM,-20,Flight match,2026-08-11 03:52:54
23707,10:00 AM,9:34 AM,-26,Flight match,2026-08-11 03:52:54
24121,10:19 AM,10:20 AM,1,Flight match,2026-08-11 03:52:54
23706,11:05 AM,10:55 AM,-10,Flight match,2026-08-11 03:52:54
18010,11:17 AM,11:12 AM,-5,Flight match,2026-08-11 03:52:54
29922,11:45 AM,11:36 AM,-9,Flight match,2026-08-11 03:52:54
33535,1:00 PM,12:47 PM,-13,Flight match,2026-08-11 03:52:54
30989,1:20 PM,1:18 PM,-2,Flight match,2026-08-11 03:52:54
32394,1:20 PM,1:03 PM,-17,Flight match,2026-08-11 03:52:54
33402,1:41 PM,1:30 PM,-11,Flight match,2026-08-11 03:52:54
23494,2:15 PM,2:28 PM,13,Flight match,2026-08-11 03:52:54
32119,2:30 PM,2:28 PM,-2,Flight match,2026-08-11 03:52:54
31265,6:35 PM,6:25 PM,-10,Flight match,2026-08-11 03:52:54
28231,8:31 AM,9:12 AM,41,Flight match,2026-08-11 11:28:22
25390,8:33 AM,9:25 AM,52,Flight match,2026-08-11 11:28:22
30883,8:43 AM,8:41 AM,-2,Flight match,2026-08-11 11:28:22
25609,8:54 AM,10:19 AM,85,Flight match,2026-08-11 11:28:22
32528,9:00 AM,8:48 AM,-12,Flight match,2026-08-11 11:28:22
28892,9:00 AM,8:50 AM,-10,Flight match,2026-08-11 11:28:23
23242,9:17 AM,9:11 AM,-6,Flight match,2026-08-11 11:28:23
31580,9:18 AM,9:26 AM,8,Flight match,2026-08-11 11:28:23
31677,9:18 AM,9:24 AM,6,Flight match,2026-08-11 11:28:23
27073,10:03 AM,10:05 AM,2,Flight match,2026-08-11 11:28:23
33412,10:03 AM,10:05 AM,2,Flight match,2026-08-11 11:28:23
28544,10:15 AM,9:58 AM,-17,Flight match,2026-08-11 11:28:23
27883,10:15 AM,9:58 AM,-17,Flight match,2026-08-11 11:28:23
28197,10:18 AM,10:17 AM,-1,Flight match,2026-08-11 11:28:23
33413,10:18 AM,10:17 AM,-1,Flight match,2026-08-11 11:28:23
33354,10:33 AM,10:32 AM,-1,Flight match,2026-08-11 11:28:23
27096,10:36 AM,10:36 AM,0,Flight match,2026-08-11 11:28:23
30564,10:49 AM,10:19 AM,-30,Flight match,2026-08-11 11:28:23
33021,11:14 AM,10:58 AM,-16,Flight match,2026-08-11 11:28:23
33458,11:14 AM,10:58 AM,-16,Flight match,2026-08-11 11:28:23
31024,11:22 AM,11:42 AM,20,Flight match,2026-08-11 11:28:23
33395,11:50 AM,11:52 AM,2,Flight match,2026-08-11 11:28:23
31587,11:50 AM,11:52 AM,2,Flight match,2026-08-11 11:28:23
28015,12:34 PM,12:26 PM,-8,Flight match,2026-08-11 11:28:23
13585,12:34 PM,12:26 PM,-8,Flight match,2026-08-11 11:28:23
25833,12:34 PM,12:41 PM,7,Flight match,2026-08-11 11:28:24
32767,12:47 PM,12:49 PM,2,Flight match,2026-08-11 11:28:24
30307,12:59 PM,1:03 PM,4,Flight match,2026-08-11 11:28:24
29638,1:03 PM,1:25 PM,22,Flight match,2026-08-11 11:28:24
32605,1:03 PM,1:25 PM,22,Flight match,2026-08-11 11:28:24
20391,1:48 PM,2:00 PM,12,Flight match,2026-08-11 11:28:24
30948,2:28 PM,2:45 PM,17,Flight match,2026-08-11 11:28:24
29034,4:26 PM,3:53 PM,-33,Flight match,2026-08-11 11:28:24
26849,5:40 PM,5:55 PM,15,Flight match,2026-08-11 11:28:24
33445,5:48 PM,6:13 PM,25,Flight match,2026-08-11 11:28:24
30214,6:13 PM,6:30 PM,17,Flight match,2026-08-11 11:28:24
26604,6:17 PM,6:45 PM,28,Flight match,2026-08-11 11:28:24
33355,7:03 PM,7:15 PM,12,Flight match,2026-08-11 11:28:24
32515,7:53 PM,7:47 PM,-6,Flight match,2026-08-11 11:28:24
28892,8:50 AM,8:49 AM,-1,Flight match,2026-08-11 11:43:13
23242,9:11 AM,9:01 AM,-10,Flight match,2026-08-11 11:43:13
28231,9:12 AM,9:19 AM,7,Flight match,2026-08-11 11:43:13
31677,9:24 AM,9:28 AM,4,Flight match,2026-08-11 11:43:13
25390,9:25 AM,9:04 AM,-21,Flight match,2026-08-11 11:43:13
31580,9:26 AM,9:28 AM,2,Flight match,2026-08-11 11:43:13
28544,9:58 AM,9:56 AM,-2,Flight match,2026-08-11 11:43:13
27883,9:58 AM,9:56 AM,-2,Flight match,2026-08-11 11:43:13
25609,10:19 AM,11:07 AM,48,Flight match,2026-08-11 11:43:13
30564,10:19 AM,11:07 AM,48,Flight match,2026-08-11 11:43:13
33021,10:58 AM,10:56 AM,-2,Flight match,2026-08-11 11:43:13
33458,10:58 AM,10:56 AM,-2,Flight match,2026-08-11 11:43:13
31024,11:42 AM,11:17 AM,-25,Flight match,2026-08-11 11:43:13
28015,12:26 PM,12:20 PM,-6,Flight match,2026-08-11 11:43:13
13585,12:26 PM,12:20 PM,-6,Flight match,2026-08-11 11:43:13
33401,12:45 PM,12:37 PM,-8,Flight match,2026-08-11 11:43:13
32767,12:49 PM,12:47 PM,-2,Flight match,2026-08-11 11:43:13
30307,1:03 PM,12:58 PM,-5,Flight match,2026-08-11 11:43:13
24677,1:03 PM,12:58 PM,-5,Flight match,2026-08-11 11:43:13
26604,6:45 PM,6:50 PM,5,Flight match,2026-08-11 11:43:13
32515,7:47 PM,7:46 PM,-1,Flight match,2026-08-11 11:43:13
31580,9:28 AM,9:27 AM,-1,Flight match,2026-08-11 12:11:54
31677,9:28 AM,9:27 AM,-1,Flight match,2026-08-11 12:11:54
27073,10:05 AM,9:51 AM,-14,Flight match,2026-08-11 12:11:55
33412,10:05 AM,9:51 AM,-14,Flight match,2026-08-11 12:11:55
33021,10:56 AM,10:55 AM,-1,Flight match,2026-08-11 12:11:55
33458,10:56 AM,10:55 AM,-1,Flight match,2026-08-11 12:11:55
33401,12:37 PM,1:05 PM,28,Flight match,2026-08-11 12:11:55
27073,9:51 AM,10:18 AM,27,Flight match,2026-08-11 12:26:13
31580,9:27 AM,9:24 AM,-3,Flight match,2026-08-11 12:33:19
31677,9:27 AM,9:24 AM,-3,Flight match,2026-08-11 12:33:19
33412,9:51 AM,10:13 AM,22,Flight match,2026-08-11 12:33:19
28197,10:17 AM,10:12 AM,-5,Flight match,2026-08-11 12:33:19
33413,10:17 AM,10:12 AM,-5,Flight match,2026-08-11 12:33:19
27073,10:18 AM,10:13 AM,-5,Flight match,2026-08-11 12:33:19
33354,10:32 AM,10:35 AM,3,Flight match,2026-08-11 12:33:19
27096,10:36 AM,10:33 AM,-3,Flight match,2026-08-11 12:33:19
33021,10:55 AM,10:52 AM,-3,Flight match,2026-08-11 12:33:19
33458,10:55 AM,10:52 AM,-3,Flight match,2026-08-11 12:33:19
25609,11:07 AM,10:40 AM,-27,Flight match,2026-08-11 12:33:19
30564,11:07 AM,10:40 AM,-27,Flight match,2026-08-11 12:33:19
31024,11:17 AM,11:37 AM,20,Flight match,2026-08-11 12:33:19
28015,12:20 PM,12:19 PM,-1,Flight match,2026-08-11 12:33:19
13585,12:20 PM,12:19 PM,-1,Flight match,2026-08-11 12:33:19
31509,12:40 PM,12:27 PM,-13,Flight match,2026-08-11 12:33:19
25833,12:41 PM,12:37 PM,-4,Flight match,2026-08-11 12:33:20
32767,12:47 PM,12:49 PM,2,Flight match,2026-08-11 12:33:20
33401,1:05 PM,1:12 PM,7,Flight match,2026-08-11 12:33:20
29638,1:25 PM,1:05 PM,-20,Flight match,2026-08-11 12:33:20
32605,1:25 PM,1:05 PM,-20,Flight match,2026-08-11 12:33:20
28892,8:49 AM,8:47 AM,-2,Flight match,2026-08-11 12:48:51
30883,8:41 AM,8:46 AM,5,Flight match,2026-08-11 13:03:13
28892,8:47 AM,8:43 AM,-4,Flight match,2026-08-11 13:03:13
32528,8:48 AM,8:45 AM,-3,Flight match,2026-08-11 13:03:13
31580,9:24 AM,9:27 AM,3,Flight match,2026-08-11 13:03:13
31677,9:24 AM,9:27 AM,3,Flight match,2026-08-11 13:03:13
28197,10:12 AM,10:11 AM,-1,Flight match,2026-08-11 13:03:13
33413,10:12 AM,10:11 AM,-1,Flight match,2026-08-11 13:03:13
27073,10:13 AM,10:06 AM,-7,Flight match,2026-08-11 13:03:13
33412,10:13 AM,10:06 AM,-7,Flight match,2026-08-11 13:03:14
27096,10:33 AM,10:43 AM,10,Flight match,2026-08-11 13:03:14
33354,10:35 AM,10:54 AM,19,Flight match,2026-08-11 13:03:14
25609,10:40 AM,11:04 AM,24,Flight match,2026-08-11 13:03:14
30564,10:40 AM,11:04 AM,24,Flight match,2026-08-11 13:03:14
31024,11:37 AM,11:37 AM,0,Flight match,2026-08-11 13:03:14
33395,11:52 AM,11:51 AM,-1,Flight match,2026-08-11 13:03:14
31587,11:52 AM,11:51 AM,-1,Flight match,2026-08-11 13:03:14
25833,12:37 PM,12:37 PM,0,Flight match,2026-08-11 13:03:14
32767,12:49 PM,12:47 PM,-2,Flight match,2026-08-11 13:03:14
33401,1:12 PM,1:02 PM,-10,Flight match,2026-08-11 13:15:32
23242,9:01 AM,8:57 AM,-4,Flight match,2026-08-11 13:37:09
25390,9:04 AM,9:07 AM,3,Flight match,2026-08-11 13:37:09
28231,9:19 AM,9:24 AM,5,Flight match,2026-08-11 13:37:09
31580,9:27 AM,9:26 AM,-1,Flight match,2026-08-11 13:37:09
31677,9:27 AM,9:26 AM,-1,Flight match,2026-08-11 13:37:10
27073,10:06 AM,10:06 AM,0,Flight match,2026-08-11 13:37:10
33412,10:06 AM,10:06 AM,0,Flight match,2026-08-11 13:37:10
28197,10:11 AM,10:13 AM,2,Flight match,2026-08-11 13:37:10
33413,10:11 AM,10:13 AM,2,Flight match,2026-08-11 13:37:10
27096,10:43 AM,10:42 AM,-1,Flight match,2026-08-11 13:37:10
33354,10:54 AM,10:51 AM,-3,Flight match,2026-08-11 13:37:10
31509,12:27 PM,12:25 PM,-2,Flight match,2026-08-11 13:37:10
33401,1:02 PM,12:54 PM,-8,Flight match,2026-08-11 13:37:10
33122,2:19 PM,1:57 PM,-22,Flight match,2026-08-11 13:37:10
26849,5:55 PM,8:50 PM,175,Flight match,2026-08-11 13:37:10
25833,6:02 PM,6:05 PM,3,Flight match,2026-08-11 13:37:10
33445,6:13 PM,6:10 PM,-3,Flight match,2026-08-11 13:37:10
30214,6:30 PM,6:55 PM,25,Flight match,2026-08-11 13:37:10
33355,7:15 PM,9:15 PM,120,Flight match,2026-08-11 13:37:10
28544,9:56 AM,9:54 AM,-2,Flight match,2026-08-11 13:56:36
27883,9:56 AM,9:54 AM,-2,Flight match,2026-08-11 13:56:36
27073,10:06 AM,10:04 AM,-2,Flight match,2026-08-11 13:56:36
33412,10:06 AM,10:04 AM,-2,Flight match,2026-08-11 13:56:36
27096,10:42 AM,10:43 AM,1,Flight match,2026-08-11 13:56:36
31024,11:37 AM,11:39 AM,2,Flight match,2026-08-11 13:56:36
33395,11:51 AM,11:42 AM,-9,Flight match,2026-08-11 13:56:36
31587,11:51 AM,11:42 AM,-9,Flight match,2026-08-11 13:56:36
28015,12:19 PM,12:23 PM,4,Flight match,2026-08-11 13:56:36
13585,12:19 PM,12:23 PM,4,Flight match,2026-08-11 13:56:36
31509,12:25 PM,12:27 PM,2,Flight match,2026-08-11 13:56:36
33401,12:54 PM,1:24 PM,30,Flight match,2026-08-11 13:56:36
33122,1:57 PM,1:57 PM,0,Flight match,2026-08-11 13:56:36
29034,3:53 PM,3:47 PM,-6,Flight match,2026-08-11 13:56:36
33047,4:00 PM,4:04 PM,4,Flight match,2026-08-11 13:56:36
33342,5:48 PM,5:36 PM,-12,Flight match,2026-08-11 13:56:36
26604,6:50 PM,6:54 PM,4,Flight match,2026-08-11 13:56:36
31024,11:39 AM,11:38 AM,-1,Flight match,2026-08-11 13:58:20
27073,10:04 AM,10:06 AM,2,Flight match,2026-08-11 14:10:22
16630,9:25 AM,8:46 AM,-39,Flight match,2026-08-11 14:17:11
28544,9:54 AM,9:52 AM,-2,Flight match,2026-08-11 14:17:11
27883,9:54 AM,9:52 AM,-2,Flight match,2026-08-11 14:17:11
33412,10:04 AM,10:05 AM,1,Flight match,2026-08-11 14:17:11
27073,10:06 AM,10:05 AM,-1,Flight match,2026-08-11 14:17:11
28197,10:13 AM,10:12 AM,-1,Flight match,2026-08-11 14:17:11
33413,10:13 AM,10:12 AM,-1,Flight match,2026-08-11 14:17:12
33354,10:51 AM,10:53 AM,2,Flight match,2026-08-11 14:17:12
33458,10:52 AM,10:49 AM,-3,Flight match,2026-08-11 14:17:12
33021,10:52 AM,10:49 AM,-3,Flight match,2026-08-11 14:17:12
33395,11:42 AM,11:51 AM,9,Flight match,2026-08-11 14:17:12
31587,11:42 AM,11:51 AM,9,Flight match,2026-08-11 14:17:12
28015,12:23 PM,12:22 PM,-1,Flight match,2026-08-11 14:17:12
13585,12:23 PM,12:22 PM,-1,Flight match,2026-08-11 14:17:12
32767,12:47 PM,12:44 PM,-3,Flight match,2026-08-11 14:17:12
24677,12:58 PM,12:43 PM,-15,Flight match,2026-08-11 14:17:12
20391,2:00 PM,2:42 PM,42,Flight match,2026-08-11 14:17:12
28624,2:43 PM,2:41 PM,-2,Flight match,2026-08-11 14:17:12
29034,3:47 PM,3:48 PM,1,Flight match,2026-08-11 14:17:12
26604,6:54 PM,6:53 PM,-1,Flight match,2026-08-11 14:17:12
28197,10:12 AM,10:18 AM,6,Flight match,2026-08-11 14:26:47
33413,10:12 AM,10:18 AM,6,Flight match,2026-08-11 14:26:47
30948,2:45 PM,2:31 PM,-14,Flight match,2026-08-11 14:26:47
24658,2:45 PM,2:31 PM,-14,Flight match,2026-08-11 14:26:47
32722,8:40 AM,8:31 AM,-9,Flight match,2026-08-11 14:33:10
25640,9:00 AM,8:43 AM,-17,Flight match,2026-08-11 14:33:10
33546,9:03 AM,8:43 AM,-20,Flight match,2026-08-11 14:33:10
25108,9:10 AM,8:56 AM,-14,Flight match,2026-08-11 14:33:10
23707,9:34 AM,9:35 AM,1,Flight match,2026-08-11 14:33:10
32262,9:45 AM,9:31 AM,-14,Flight match,2026-08-11 14:33:10
28068,9:45 AM,9:35 AM,-10,Flight match,2026-08-11 14:33:10
26633,9:57 AM,9:54 AM,-3,Flight match,2026-08-11 14:33:10
31073,10:00 AM,9:54 AM,-6,Flight match,2026-08-11 14:33:10
24121,10:20 AM,10:10 AM,-10,Flight match,2026-08-11 14:33:10
32482,10:20 AM,10:17 AM,-3,Flight match,2026-08-11 14:33:10
23706,10:55 AM,10:32 AM,-23,Flight match,2026-08-11 14:33:10
30817,11:02 AM,10:47 AM,-15,Flight match,2026-08-11 14:33:10
18010,11:12 AM,11:15 AM,3,Flight match,2026-08-11 14:33:10
29922,11:36 AM,11:33 AM,-3,Flight match,2026-08-11 14:33:10
33957,11:45 AM,10:47 AM,-58,Flight match,2026-08-11 14:33:10
33477,12:30 PM,12:34 PM,4,Flight match,2026-08-11 14:33:10
33558,12:42 PM,12:47 PM,5,Flight match,2026-08-11 14:33:10
28955,12:56 PM,12:27 PM,-29,Flight match,2026-08-11 14:33:11
28249,1:10 PM,12:59 PM,-11,Flight match,2026-08-11 14:33:11
29239,5:14 PM,5:01 PM,-13,Flight match,2026-08-11 14:33:11
33838,5:47 PM,5:33 PM,-14,Flight match,2026-08-11 14:33:11
33597,7:00 PM,6:31 PM,-29,Flight match,2026-08-11 14:33:11
28197,10:18 AM,10:29 AM,11,Flight match,2026-08-11 14:43:59
33413,10:18 AM,10:29 AM,11,Flight match,2026-08-11 14:43:59
27096,10:43 AM,10:44 AM,1,Flight match,2026-08-11 14:43:59
33354,10:53 AM,10:52 AM,-1,Flight match,2026-08-11 14:43:59
33395,11:51 AM,11:43 AM,-8,Flight match,2026-08-11 14:43:59
31587,11:51 AM,11:43 AM,-8,Flight match,2026-08-11 14:43:59
31509,12:27 PM,12:26 PM,-1,Flight match,2026-08-11 14:43:59
24677,12:43 PM,12:36 PM,-7,Flight match,2026-08-11 14:43:59
32767,12:44 PM,12:39 PM,-5,Flight match,2026-08-11 14:43:59
30307,12:58 PM,12:48 PM,-10,Flight match,2026-08-11 14:43:59
29638,1:05 PM,1:07 PM,2,Flight match,2026-08-11 14:43:59
32605,1:05 PM,1:07 PM,2,Flight match,2026-08-11 14:43:59
33122,1:57 PM,1:48 PM,-9,Flight match,2026-08-11 14:43:59
20391,2:42 PM,3:14 PM,32,Flight match,2026-08-11 14:44:00
33047,4:04 PM,3:42 PM,-22,Flight match,2026-08-11 14:44:00
33342,5:36 PM,5:48 PM,12,Flight match,2026-08-11 14:44:00
25833,6:05 PM,6:02 PM,-3,Flight match,2026-08-11 14:44:00
26604,6:53 PM,6:55 PM,2,Flight match,2026-08-11 14:44:01
32767,12:39 PM,12:42 PM,3,Flight match,2026-08-11 14:57:40
30307,12:48 PM,12:36 PM,-12,Flight match,2026-08-11 14:57:40
29638,1:07 PM,1:05 PM,-2,Flight match,2026-08-11 14:57:40
32605,1:07 PM,1:05 PM,-2,Flight match,2026-08-11 14:57:40
33122,1:48 PM,1:57 PM,9,Flight match,2026-08-11 14:57:40
29034,3:48 PM,4:33 PM,45,Flight match,2026-08-11 14:57:40
33354,10:52 AM,10:55 AM,3,Flight match,2026-08-11 15:08:39
30564,11:04 AM,11:00 AM,-4,Flight match,2026-08-11 15:08:39
25609,11:04 AM,11:00 AM,-4,Flight match,2026-08-11 15:08:39
33401,1:24 PM,1:51 PM,27,Flight match,2026-08-11 15:08:39
25833,6:02 PM,6:05 PM,3,Flight match,2026-08-11 15:08:39
33458,10:49 AM,10:55 AM,6,Flight match,2026-08-11 15:14:23
33021,10:49 AM,10:55 AM,6,Flight match,2026-08-11 15:14:23
33401,1:51 PM,1:52 PM,1,Flight match,2026-08-11 15:14:23
29034,4:33 PM,4:36 PM,3,Flight match,2026-08-11 15:14:23
25833,6:05 PM,6:02 PM,-3,Flight match,2026-08-11 15:14:23
26604,6:55 PM,6:54 PM,-1,Flight match,2026-08-11 15:14:23
25833,9:59 PM,6:02 PM,-237,Flight match,2026-08-11 15:19:48
32767,12:42 PM,12:44 PM,2,Flight match,2026-08-11 15:21:35
33122,1:57 PM,1:52 PM,-5,Flight match,2026-08-11 15:21:35
25833,6:02 PM,10:02 PM,240,Flight match,2026-08-11 15:21:35
31024,11:38 AM,11:37 AM,-1,Flight match,2026-08-11 15:45:43
31509,12:26 PM,12:27 PM,1,Flight match,2026-08-11 15:45:43
24677,12:36 PM,12:40 PM,4,Flight match,2026-08-11 15:45:43
32767,12:44 PM,12:47 PM,3,Flight match,2026-08-11 15:45:43
33401,1:52 PM,1:38 PM,-14,Flight match,2026-08-11 15:45:43
33122,1:52 PM,2:07 PM,15,Flight match,2026-08-11 15:45:44
28624,2:41 PM,2:39 PM,-2,Flight match,2026-08-11 15:45:44
29034,4:36 PM,4:28 PM,-8,Flight match,2026-08-11 15:45:44
28073,5:53 PM,6:13 PM,20,Flight match,2026-08-11 15:45:44
26604,6:54 PM,6:56 PM,2,Flight match,2026-08-11 15:45:44
33911,8:37 PM,8:03 PM,-34,Flight match,2026-08-11 15:45:44
33168,12:43 AM,12:42 AM,-1,Flight match,2026-08-11 15:46:48
31485,3:07 PM,3:19 PM,12,Flight match,2026-08-11 15:46:48
24623,3:42 PM,3:43 PM,1,Flight match,2026-08-11 15:46:48
32673,4:24 PM,4:52 PM,28,Flight match,2026-08-11 15:46:48
27091,4:25 PM,4:04 PM,-21,Flight match,2026-08-11 15:46:48
29340,4:25 PM,4:04 PM,-21,Flight match,2026-08-11 15:46:48
30751,5:08 PM,4:57 PM,-11,Flight match,2026-08-11 15:46:48
33312,5:36 PM,5:52 PM,16,Flight match,2026-08-11 15:46:48
31640,6:13 PM,6:25 PM,12,Flight match,2026-08-11 15:46:48
30653,6:46 PM,6:52 PM,6,Flight match,2026-08-11 15:46:48
32860,7:34 PM,8:19 PM,45,Flight match,2026-08-11 15:46:48
18479,8:14 PM,8:56 PM,42,Flight match,2026-08-11 15:46:48
32468,8:43 PM,9:57 PM,74,Flight match,2026-08-11 15:46:48
22731,8:45 PM,9:01 PM,16,Flight match,2026-08-11 15:46:48
31628,8:50 PM,8:54 PM,4,Flight match,2026-08-11 15:46:48
31974,8:57 PM,10:43 PM,106,Flight match,2026-08-11 15:46:48
30228,10:26 PM,10:31 PM,5,Flight match,2026-08-11 15:46:48
27537,11:34 PM,11:43 PM,9,Flight match,2026-08-11 15:46:49
31024,11:37 AM,11:45 AM,8,Flight match,2026-08-11 15:49:40
32767,12:47 PM,12:46 PM,-1,Flight match,2026-08-11 15:49:40
30214,6:55 PM,7:25 PM,30,Flight match,2026-08-11 15:49:40
33395,11:43 AM,11:58 AM,15,Flight match,2026-08-11 15:56:00
31587,11:43 AM,11:51 AM,8,Flight match,2026-08-11 16:02:31
33395,11:58 AM,11:51 AM,-7,Flight match,2026-08-11 16:02:31
33122,2:07 PM,2:03 PM,-4,Flight match,2026-08-11 16:02:31
20391,3:14 PM,3:06 PM,-8,Flight match,2026-08-11 16:02:31
31509,12:27 PM,12:28 PM,1,Flight match,2026-08-11 16:12:31
29638,1:05 PM,1:08 PM,3,Flight match,2026-08-11 16:12:32
32605,1:05 PM,1:08 PM,3,Flight match,2026-08-11 16:12:32
28624,2:39 PM,2:38 PM,-1,Flight match,2026-08-11 16:12:32
33342,5:48 PM,7:07 PM,79,Flight match,2026-08-11 16:12:32
33445,6:10 PM,5:50 PM,-20,Flight match,2026-08-11 16:12:32
25833,10:02 PM,9:59 PM,-3,Flight match,2026-08-11 16:12:32
13585,12:22 PM,12:19 PM,-3,Flight match,2026-08-11 16:35:52
28015,12:22 PM,12:19 PM,-3,Flight match,2026-08-11 16:40:47
31509,12:28 PM,12:27 PM,-1,Flight match,2026-08-11 16:40:47
30307,12:36 PM,12:39 PM,3,Flight match,2026-08-11 16:40:47
24677,12:40 PM,12:45 PM,5,Flight match,2026-08-11 16:40:47
32767,12:46 PM,12:47 PM,1,Flight match,2026-08-11 16:40:47
33122,2:03 PM,1:56 PM,-7,Flight match,2026-08-11 16:40:47
30948,2:31 PM,2:40 PM,9,Flight match,2026-08-11 16:40:47
24658,2:31 PM,2:40 PM,9,Flight match,2026-08-11 16:40:47
20391,3:06 PM,3:36 PM,30,Flight match,2026-08-11 16:40:47
29034,4:28 PM,4:45 PM,17,Flight match,2026-08-11 16:40:47
26604,6:56 PM,6:51 PM,-5,Flight match,2026-08-11 16:40:47
33342,7:07 PM,8:21 PM,74,Flight match,2026-08-11 16:40:47
30214,7:25 PM,7:19 PM,-6,Flight match,2026-08-11 16:40:47
24677,12:45 PM,12:41 PM,-4,Flight match,2026-08-11 16:54:32
29638,1:08 PM,1:06 PM,-2,Flight match,2026-08-11 16:54:32
32605,1:08 PM,1:06 PM,-2,Flight match,2026-08-11 16:54:32
30948,2:40 PM,2:38 PM,-2,Flight match,2026-08-11 16:54:32
24658,2:40 PM,2:38 PM,-2,Flight match,2026-08-11 16:54:32
20391,3:36 PM,3:33 PM,-3,Flight match,2026-08-11 16:54:32
26604,6:51 PM,6:50 PM,-1,Flight match,2026-08-11 16:54:32
30214,7:19 PM,7:17 PM,-2,Flight match,2026-08-11 16:54:32
33342,8:21 PM,7:55 PM,-26,Flight match,2026-08-11 16:54:32
26849,8:50 PM,7:50 PM,-60,Flight match,2026-08-11 16:54:32
33355,9:15 PM,7:38 PM,-97,Flight match,2026-08-11 16:54:32
25833,9:59 PM,10:02 PM,3,Flight match,2026-08-11 16:54:32
24677,12:41 PM,12:40 PM,-1,Flight match,2026-08-11 16:59:55
29638,1:06 PM,1:07 PM,1,Flight match,2026-08-11 16:59:55
32605,1:06 PM,1:07 PM,1,Flight match,2026-08-11 16:59:55
33401,1:38 PM,1:39 PM,1,Flight match,2026-08-11 16:59:55
28624,2:38 PM,2:37 PM,-1,Flight match,2026-08-11 16:59:55
20391,3:33 PM,3:20 PM,-13,Flight match,2026-08-11 16:59:55
26849,7:50 PM,7:41 PM,-9,Flight match,2026-08-11 16:59:55
32767,12:47 PM,12:45 PM,-2,Flight match,2026-08-11 17:04:57
33401,1:39 PM,1:35 PM,-4,Flight match,2026-08-11 17:04:57
20391,3:20 PM,3:28 PM,8,Flight match,2026-08-11 17:04:57
33445,5:50 PM,6:13 PM,23,Flight match,2026-08-11 17:04:57
25833,10:02 PM,9:59 PM,-3,Flight match,2026-08-11 17:04:57
30948,2:38 PM,2:36 PM,-2,Flight match,2026-08-11 17:09:48
24658,2:38 PM,2:36 PM,-2,Flight match,2026-08-11 17:09:48
29034,4:45 PM,4:28 PM,-17,Flight match,2026-08-11 17:09:48
33355,7:38 PM,7:44 PM,6,Flight match,2026-08-11 17:09:48
33342,7:55 PM,7:02 PM,-53,Flight match,2026-08-11 17:09:48
33911,8:03 PM,8:53 PM,50,Flight match,2026-08-11 17:09:48
28624,2:37 PM,2:33 PM,-4,Flight match,2026-08-11 17:21:48
33047,3:42 PM,3:50 PM,8,Flight match,2026-08-11 17:21:48
33445,6:13 PM,5:56 PM,-17,Flight match,2026-08-11 17:21:48
29638,1:07 PM,1:04 PM,-3,Flight match,2026-08-11 17:37:52
32605,1:07 PM,1:04 PM,-3,Flight match,2026-08-11 17:37:52
20391,3:28 PM,3:16 PM,-12,Flight match,2026-08-11 17:37:52
33047,3:50 PM,3:47 PM,-3,Flight match,2026-08-11 17:37:52
33342,7:02 PM,7:08 PM,6,Flight match,2026-08-11 17:37:52
30214,7:17 PM,7:34 PM,17,Flight match,2026-08-11 17:37:53
26849,7:41 PM,8:21 PM,40,Flight match,2026-08-11 17:37:53
25833,9:59 PM,10:02 PM,3,Flight match,2026-08-11 17:37:53
33401,1:35 PM,1:37 PM,2,Flight match,2026-08-11 17:45:16
33122,1:56 PM,1:57 PM,1,Flight match,2026-08-11 18:18:03
28624,2:33 PM,2:30 PM,-3,Flight match,2026-08-11 18:18:03
30948,2:36 PM,2:36 PM,0,Flight match,2026-08-11 18:18:03
24658,2:36 PM,2:36 PM,0,Flight match,2026-08-11 18:18:03
20391,3:16 PM,3:16 PM,0,Flight match,2026-08-11 18:18:03
33445,5:56 PM,5:40 PM,-16,Flight match,2026-08-11 18:18:03
26604,6:50 PM,6:54 PM,4,Flight match,2026-08-11 18:18:03
33342,7:08 PM,7:11 PM,3,Flight match,2026-08-11 18:18:03
33355,7:44 PM,7:48 PM,4,Flight match,2026-08-11 18:18:03
32515,7:46 PM,7:47 PM,1,Flight match,2026-08-11 18:18:03
26849,8:21 PM,8:39 PM,18,Flight match,2026-08-11 18:18:03
28624,2:30 PM,2:32 PM,2,Flight match,2026-08-11 18:21:08
28073,6:13 PM,6:23 PM,10,Flight match,2026-08-11 18:21:08
33911,8:53 PM,8:57 PM,4,Flight match,2026-08-11 18:21:08
28624,2:32 PM,2:30 PM,-2,Flight match,2026-08-11 18:37:30
30948,2:36 PM,2:36 PM,0,Flight match,2026-08-11 18:37:30
24658,2:36 PM,2:36 PM,0,Flight match,2026-08-11 18:37:30
26604,6:54 PM,6:55 PM,1,Flight match,2026-08-11 18:37:30
33355,7:48 PM,7:44 PM,-4,Flight match,2026-08-11 18:37:30
25833,10:02 PM,9:59 PM,-3,Flight match,2026-08-11 18:37:30
28624,2:30 PM,2:33 PM,3,Flight match,2026-08-11 18:55:06
30948,2:36 PM,2:33 PM,-3,Flight match,2026-08-11 18:55:06
24658,2:36 PM,2:33 PM,-3,Flight match,2026-08-11 18:55:07
29034,4:28 PM,4:22 PM,-6,Flight match,2026-08-11 18:55:07
26604,6:55 PM,6:56 PM,1,Flight match,2026-08-11 18:55:07
33342,7:11 PM,7:22 PM,11,Flight match,2026-08-11 18:55:07
30214,7:34 PM,7:49 PM,15,Flight match,2026-08-11 18:55:07
33355,7:44 PM,7:46 PM,2,Flight match,2026-08-11 18:55:07
33911,8:57 PM,10:14 PM,77,Flight match,2026-08-11 18:55:07
25833,9:59 PM,10:02 PM,3,Flight match,2026-08-11 18:55:07
28404,11:26 PM,11:10 PM,-16,Flight match,2026-08-11 18:55:07
33047,3:47 PM,3:51 PM,4,Flight match,2026-08-11 18:58:56
26604,6:56 PM,6:55 PM,-1,Flight match,2026-08-11 18:58:56
33342,7:22 PM,7:29 PM,7,Flight match,2026-08-11 18:58:56
30214,7:49 PM,7:50 PM,1,Flight match,2026-08-11 18:58:56
20391,3:16 PM,3:12 PM,-4,Flight match,2026-08-11 19:15:28
26604,6:55 PM,6:54 PM,-1,Flight match,2026-08-11 19:15:28
33355,7:46 PM,8:27 PM,41,Flight match,2026-08-11 19:15:29
25833,10:02 PM,9:59 PM,-3,Flight match,2026-08-11 19:15:29
20391,3:12 PM,3:11 PM,-1,Flight match,2026-08-11 19:32:54
33047,3:51 PM,3:46 PM,-5,Flight match,2026-08-11 19:32:54
33342,7:29 PM,7:34 PM,5,Flight match,2026-08-11 19:32:54
30214,7:50 PM,7:39 PM,-11,Flight match,2026-08-11 19:32:54
33355,8:27 PM,8:25 PM,-2,Flight match,2026-08-11 19:32:54
33911,10:14 PM,10:35 PM,21,Flight match,2026-08-11 19:32:54
33445,5:40 PM,5:51 PM,11,Flight match,2026-08-11 19:33:55
25833,9:59 PM,10:02 PM,3,Flight match,2026-08-11 19:34:45
33047,3:46 PM,3:43 PM,-3,Flight match,2026-08-11 20:14:02
33445,5:51 PM,5:40 PM,-11,Flight match,2026-08-11 20:14:02
28073,6:23 PM,6:20 PM,-3,Flight match,2026-08-11 20:14:02
26604,6:54 PM,6:56 PM,2,Flight match,2026-08-11 20:14:02
33342,7:34 PM,7:41 PM,7,Flight match,2026-08-11 20:14:02
30214,7:39 PM,7:50 PM,11,Flight match,2026-08-11 20:14:03
33355,8:25 PM,8:33 PM,8,Flight match,2026-08-11 20:14:03
26849,8:39 PM,8:36 PM,-3,Flight match,2026-08-11 20:14:03
25833,10:02 PM,10:06 PM,4,Flight match,2026-08-11 20:14:03
33911,10:35 PM,11:02 PM,27,Flight match,2026-08-11 20:14:03
29034,4:22 PM,4:19 PM,-3,Flight match,2026-08-11 20:30:54
28073,6:20 PM,6:06 PM,-14,Flight match,2026-08-11 20:30:54
26604,6:56 PM,6:57 PM,1,Flight match,2026-08-11 20:30:54
33342,7:41 PM,7:02 PM,-39,Flight match,2026-08-11 20:30:54
26849,8:36 PM,8:42 PM,6,Flight match,2026-08-11 20:30:54
33293,11:25 PM,11:28 PM,3,Flight match,2026-08-11 20:30:54
28073,6:06 PM,6:12 PM,6,Flight match,2026-08-11 20:48:11
32515,7:47 PM,7:44 PM,-3,Flight match,2026-08-11 20:48:12
30214,7:50 PM,7:38 PM,-12,Flight match,2026-08-11 20:48:12
26849,8:42 PM,8:54 PM,12,Flight match,2026-08-11 20:48:12
33293,11:28 PM,11:19 PM,-9,Flight match,2026-08-11 20:48:12
33445,5:40 PM,5:45 PM,5,Flight match,2026-08-11 20:54:52
26849,8:54 PM,9:06 PM,12,Flight match,2026-08-11 20:54:52
28073,6:12 PM,6:06 PM,-6,Flight match,2026-08-11 21:11:16
33342,7:02 PM,7:49 PM,47,Flight match,2026-08-11 21:11:16
30214,7:38 PM,7:52 PM,14,Flight match,2026-08-11 21:11:16
32515,7:44 PM,7:00 PM,-44,Flight match,2026-08-11 21:11:16
33355,8:33 PM,8:23 PM,-10,Flight match,2026-08-11 21:11:16
26849,9:06 PM,8:51 PM,-15,Flight match,2026-08-11 21:11:16
28404,11:10 PM,11:29 PM,19,Flight match,2026-08-11 21:11:16
32515,7:00 PM,7:06 PM,6,Flight match,2026-08-11 21:47:04
30214,7:52 PM,7:56 PM,4,Flight match,2026-08-11 21:47:04
33355,8:23 PM,8:33 PM,10,Flight match,2026-08-11 21:47:04
26849,8:51 PM,9:09 PM,18,Flight match,2026-08-11 21:47:04
25833,10:06 PM,11:31 PM,85,Flight match,2026-08-11 21:47:04
33911,11:02 PM,11:35 PM,33,Flight match,2026-08-11 21:47:04
33911,11:35 PM,11:21 PM,-14,Flight match,2026-08-11 22:09:52
33445,5:45 PM,5:58 PM,13,Flight match,2026-08-11 22:09:55
28073,6:06 PM,6:06 PM,0,Flight match,2026-08-11 22:09:55
33342,7:49 PM,8:09 PM,20,Flight match,2026-08-11 22:09:55
30214,7:56 PM,7:53 PM,-3,Flight match,2026-08-11 22:09:55
33355,8:33 PM,8:46 PM,13,Flight match,2026-08-11 22:09:55
26849,9:09 PM,9:17 PM,8,Flight match,2026-08-11 22:09:55
33445,5:58 PM,5:57 PM,-1,Flight match,2026-08-11 22:49:55
28073,6:06 PM,6:08 PM,2,Flight match,2026-08-11 22:49:55
26604,6:57 PM,6:58 PM,1,Flight match,2026-08-11 22:49:55
30214,7:53 PM,7:50 PM,-3,Flight match,2026-08-11 22:49:55
33342,8:09 PM,8:17 PM,8,Flight match,2026-08-11 22:49:55
33355,8:46 PM,8:50 PM,4,Flight match,2026-08-11 22:49:55
26849,9:17 PM,9:10 PM,-7,Flight match,2026-08-11 22:49:55
33911,11:21 PM,10:50 PM,-31,Flight match,2026-08-11 22:49:55
28404,11:29 PM,11:22 PM,-7,Flight match,2026-08-11 22:49:55
24121,10:10 AM,10:20 AM,10,Flight match,2026-08-11 23:01:13
24415,12:31 PM,12:28 PM,-3,Flight match,2026-08-11 23:01:13
30486,12:31 PM,12:28 PM,-3,Flight match,2026-08-11 23:01:13
34089,1:00 PM,12:28 PM,-32,Flight match,2026-08-11 23:01:13
32394,1:03 PM,1:00 PM,-3,Flight match,2026-08-11 23:01:13
32888,1:15 PM,12:59 PM,-16,Flight match,2026-08-11 23:01:13
30989,1:18 PM,1:15 PM,-3,Flight match,2026-08-11 23:01:13
33598,1:25 PM,1:05 PM,-20,Flight match,2026-08-11 23:01:14
31867,1:51 PM,1:48 PM,-3,Flight match,2026-08-11 23:01:14
33152,2:05 PM,1:55 PM,-10,Flight match,2026-08-11 23:01:14
10835,2:45 PM,2:28 PM,-17,Flight match,2026-08-11 23:01:14
33947,2:50 PM,2:40 PM,-10,Flight match,2026-08-11 23:01:14
26268,3:00 PM,2:55 PM,-5,Flight match,2026-08-11 23:01:14
25484,4:15 PM,3:41 PM,-34,Flight match,2026-08-11 23:01:14
26881,4:35 PM,4:23 PM,-12,Flight match,2026-08-11 23:01:15
33700,4:40 PM,4:19 PM,-21,Flight match,2026-08-11 23:01:15
31265,6:25 PM,6:16 PM,-9,Flight match,2026-08-11 23:01:15
32799,6:30 PM,6:12 PM,-18,Flight match,2026-08-11 23:01:15
31331,6:30 PM,6:12 PM,-18,Flight match,2026-08-11 23:01:15
31817,6:54 PM,6:36 PM,-18,Flight match,2026-08-11 23:01:15
22102,8:00 PM,7:35 PM,-25,Flight match,2026-08-11 23:01:15
26604,6:58 PM,7:04 PM,6,Flight match,2026-08-11 23:44:00
32515,7:06 PM,7:01 PM,-5,Flight match,2026-08-11 23:44:00
30214,7:50 PM,7:53 PM,3,Flight match,2026-08-11 23:44:00
33342,8:17 PM,8:12 PM,-5,Flight match,2026-08-11 23:44:00
26849,9:10 PM,9:05 PM,-5,Flight match,2026-08-11 23:44:00
33911,10:50 PM,11:04 PM,14,Flight match,2026-08-11 23:44:00
33293,11:19 PM,11:16 PM,-3,Flight match,2026-08-11 23:44:00
28404,11:22 PM,11:29 PM,7,Flight match,2026-08-11 23:44:00
18010,12:59 PM,1:03 PM,4,Flight match,2026-08-11 23:46:10
31817,6:36 PM,6:54 PM,18,Flight match,2026-08-11 23:46:10
32438,8:56 AM,8:44 AM,-12,Flight match,2026-08-11 23:46:36
31345,9:43 AM,9:41 AM,-2,Flight match,2026-08-11 23:46:36
31369,10:30 AM,10:33 AM,3,Flight match,2026-08-11 23:46:36
33935,11:00 AM,10:33 AM,-27,Flight match,2026-08-11 23:46:37
32926,12:30 PM,12:16 PM,-14,Flight match,2026-08-11 23:46:37
25592,12:55 PM,12:51 PM,-4,Flight match,2026-08-11 23:46:37
22942,1:00 PM,12:59 PM,-1,Flight match,2026-08-11 23:46:37
23320,1:30 PM,1:15 PM,-15,Flight match,2026-08-11 23:46:37
30207,1:45 PM,12:51 PM,-54,Flight match,2026-08-11 23:46:37
31689,5:30 PM,4:49 PM,-41,Flight match,2026-08-11 23:46:37
23994,6:00 PM,5:50 PM,-10,Flight match,2026-08-11 23:46:37
32941,6:58 PM,7:02 PM,4,Flight match,2026-08-11 23:46:37
33330,7:00 PM,6:54 PM,-6,Flight match,2026-08-11 23:46:37
29466,7:25 PM,7:05 PM,-20,Flight match,2026-08-11 23:46:38
31747,8:00 PM,7:59 PM,-1,Flight match,2026-08-11 23:46:38
28714,10:37 PM,10:37 AM,-720,Flight match,2026-08-11 23:46:38
32943,10:45 PM,10:47 PM,2,Flight match,2026-08-11 23:46:38
32515,7:01 PM,7:00 PM,-1,Flight match,2026-08-12 01:17:10
30214,7:53 PM,7:50 PM,-3,Flight match,2026-08-12 01:17:10
33342,8:12 PM,8:17 PM,5,Flight match,2026-08-12 01:17:10
33355,8:50 PM,8:44 PM,-6,Flight match,2026-08-12 01:17:10
26849,9:05 PM,8:57 PM,-8,Flight match,2026-08-12 01:17:10
33293,11:16 PM,11:15 PM,-1,Flight match,2026-08-12 01:17:10
28404,11:29 PM,11:39 PM,10,Flight match,2026-08-12 01:17:10
32722,8:31 AM,8:30 AM,-1,Flight match,2026-08-12 11:31:23
25640,8:43 AM,8:50 AM,7,Flight match,2026-08-12 11:31:23
25108,8:56 AM,8:59 AM,3,Flight match,2026-08-12 11:31:23
32262,9:31 AM,9:41 AM,10,Flight match,2026-08-12 11:31:23
23707,9:35 AM,9:38 AM,3,Flight match,2026-08-12 11:31:24
28068,9:35 AM,9:38 AM,3,Flight match,2026-08-12 11:31:24
34110,9:40 AM,9:38 AM,-2,Flight match,2026-08-12 11:31:24
31073,9:54 AM,9:54 AM,0,Flight match,2026-08-12 11:31:24
26633,9:57 AM,9:51 AM,-6,Flight match,2026-08-12 11:31:24
32482,10:17 AM,10:18 AM,1,Flight match,2026-08-12 11:31:24
23706,10:32 AM,10:31 AM,-1,Flight match,2026-08-12 11:31:24
30817,10:47 AM,10:47 AM,0,Flight match,2026-08-12 11:31:24
33957,10:47 AM,10:47 AM,0,Flight match,2026-08-12 11:31:25
34155,11:34 AM,11:33 AM,-1,Flight match,2026-08-12 11:31:25
28955,12:27 PM,12:57 PM,30,Flight match,2026-08-12 11:31:25
33477,12:34 PM,12:14 PM,-20,Flight match,2026-08-12 11:31:25
28249,12:59 PM,12:58 PM,-1,Flight match,2026-08-12 11:31:25
32888,12:59 PM,1:15 PM,16,Flight match,2026-08-12 11:31:25
33598,1:05 PM,1:25 PM,20,Flight match,2026-08-12 11:31:25
21343,1:32 PM,1:17 PM,-15,Flight match,2026-08-12 11:31:26
33152,1:55 PM,2:05 PM,10,Flight match,2026-08-12 11:31:26
32119,2:28 PM,2:12 PM,-16,Flight match,2026-08-12 11:31:26
23494,2:28 PM,2:12 PM,-16,Flight match,2026-08-12 11:31:26
10835,2:28 PM,2:45 PM,17,Flight match,2026-08-12 11:31:26
33947,2:40 PM,2:50 PM,10,Flight match,2026-08-12 11:31:26
26268,2:55 PM,3:00 PM,5,Flight match,2026-08-12 11:31:26
25484,3:41 PM,4:25 PM,44,Flight match,2026-08-12 11:31:27
34089,4:06 PM,4:03 PM,-3,Flight match,2026-08-12 11:31:27
33700,4:19 PM,4:40 PM,21,Flight match,2026-08-12 11:31:27
26881,4:23 PM,4:35 PM,12,Flight match,2026-08-12 11:31:27
29239,5:01 PM,5:02 PM,1,Flight match,2026-08-12 11:31:27
33838,5:33 PM,5:34 PM,1,Flight match,2026-08-12 11:31:27
32799,6:12 PM,6:30 PM,18,Flight match,2026-08-12 11:31:27
31331,6:12 PM,6:30 PM,18,Flight match,2026-08-12 11:31:27
31265,6:16 PM,6:25 PM,9,Flight match,2026-08-12 11:31:27
33597,6:31 PM,6:45 PM,14,Flight match,2026-08-12 11:31:27
22102,7:35 PM,8:00 PM,25,Flight match,2026-08-12 11:31:27
28068,9:38 AM,9:32 AM,-6,Flight match,2026-08-12 11:45:34
34110,9:38 AM,9:51 AM,13,Flight match,2026-08-12 11:45:35
23707,9:38 AM,9:51 AM,13,Flight match,2026-08-12 11:45:35
32262,9:41 AM,10:26 AM,45,Flight match,2026-08-12 11:45:35
26633,9:51 AM,9:45 AM,-6,Flight match,2026-08-12 11:45:35
32482,10:18 AM,10:24 AM,6,Flight match,2026-08-12 11:45:35
30817,10:47 AM,10:44 AM,-3,Flight match,2026-08-12 11:45:35
33957,10:47 AM,10:44 AM,-3,Flight match,2026-08-12 11:45:35
29922,11:33 AM,11:14 AM,-19,Flight match,2026-08-12 11:45:35
34155,11:33 AM,11:14 AM,-19,Flight match,2026-08-12 11:45:35
33598,1:25 PM,1:08 PM,-17,Flight match,2026-08-12 11:45:35
32119,2:12 PM,3:15 PM,63,Flight match,2026-08-12 11:45:35
23494,2:12 PM,3:15 PM,63,Flight match,2026-08-12 11:45:35
33838,5:34 PM,5:33 PM,-1,Flight match,2026-08-12 11:45:35
34161,11:47 PM,11:52 PM,5,Flight match,2026-08-12 11:45:35
33957,10:44 AM,10:41 AM,-3,Flight match,2026-08-12 12:01:00
32119,3:15 PM,3:05 PM,-10,Flight match,2026-08-12 12:01:00
33465,8:30 AM,8:19 AM,-11,Flight match,2026-08-12 12:11:13
33469,8:30 AM,8:19 AM,-11,Flight match,2026-08-12 12:11:13
32438,8:44 AM,8:45 AM,1,Flight match,2026-08-12 12:11:13
31720,8:52 AM,8:32 AM,-20,Flight match,2026-08-12 12:11:13
27041,9:00 AM,8:48 AM,-12,Flight match,2026-08-12 12:11:13
30019,9:10 AM,8:52 AM,-18,Flight match,2026-08-12 12:11:14
33429,9:15 AM,9:05 AM,-10,Flight match,2026-08-12 12:11:14
22278,9:27 AM,9:11 AM,-16,Flight match,2026-08-12 12:11:14
29727,9:30 AM,9:20 AM,-10,Flight match,2026-08-12 12:11:14
31345,9:41 AM,9:42 AM,1,Flight match,2026-08-12 12:11:14
31591,9:58 AM,9:50 AM,-8,Flight match,2026-08-12 12:11:14
25979,10:20 AM,10:10 AM,-10,Flight match,2026-08-12 12:11:14
21089,10:20 AM,10:10 AM,-10,Flight match,2026-08-12 12:11:14
31369,10:33 AM,10:29 AM,-4,Flight match,2026-08-12 12:11:14
33935,10:33 AM,10:29 AM,-4,Flight match,2026-08-12 12:11:14
28714,10:37 AM,10:34 AM,-3,Flight match,2026-08-12 12:11:14
30280,10:39 AM,10:22 AM,-17,Flight match,2026-08-12 12:11:14
24417,11:09 AM,11:06 AM,-3,Flight match,2026-08-12 12:11:14
29572,12:59 PM,12:57 PM,-2,Flight match,2026-08-12 12:11:14
33352,1:00 PM,12:47 PM,-13,Flight match,2026-08-12 12:11:14
23320,1:15 PM,1:11 PM,-4,Flight match,2026-08-12 12:11:14
31689,4:49 PM,4:39 PM,-10,Flight match,2026-08-12 12:11:14
31289,4:49 PM,4:39 PM,-10,Flight match,2026-08-12 12:11:14
32507,8:35 PM,8:33 PM,-2,Flight match,2026-08-12 12:11:14
26633,9:45 AM,9:42 AM,-3,Flight match,2026-08-12 12:26:19
34110,9:51 AM,9:46 AM,-5,Flight match,2026-08-12 12:26:19
23707,9:51 AM,9:46 AM,-5,Flight match,2026-08-12 12:26:19
31073,9:54 AM,9:48 AM,-6,Flight match,2026-08-12 12:26:19
33546,10:07 AM,10:47 AM,40,Flight match,2026-08-12 12:26:19
32482,10:24 AM,10:13 AM,-11,Flight match,2026-08-12 12:26:19
32262,10:26 AM,10:52 AM,26,Flight match,2026-08-12 12:26:19
23706,10:31 AM,10:34 AM,3,Flight match,2026-08-12 12:26:19
30817,10:44 AM,10:41 AM,-3,Flight match,2026-08-12 12:26:19
18010,1:03 PM,12:51 PM,-12,Flight match,2026-08-12 12:26:20
21343,1:17 PM,1:15 PM,-2,Flight match,2026-08-12 12:26:20
33402,1:30 PM,1:46 PM,16,Flight match,2026-08-12 12:26:20
32119,3:05 PM,3:11 PM,6,Flight match,2026-08-12 12:26:20
23494,3:15 PM,3:11 PM,-4,Flight match,2026-08-12 12:26:20
32262,10:52 AM,10:57 AM,5,Flight match,2026-08-12 12:42:23
32722,8:30 AM,8:28 AM,-2,Flight match,2026-08-12 12:53:49
25640,8:50 AM,8:53 AM,3,Flight match,2026-08-12 12:53:49
25108,8:59 AM,8:59 AM,0,Flight match,2026-08-12 12:53:49
31073,9:48 AM,9:50 AM,2,Flight match,2026-08-12 12:53:50
32482,10:13 AM,10:08 AM,-5,Flight match,2026-08-12 12:53:50
23706,10:34 AM,10:51 AM,17,Flight match,2026-08-12 12:53:50
33546,10:47 AM,11:01 AM,14,Flight match,2026-08-12 12:53:50
32262,10:57 AM,11:03 AM,6,Flight match,2026-08-12 12:53:50
29922,11:14 AM,11:24 AM,10,Flight match,2026-08-12 12:53:50
34155,11:14 AM,11:24 AM,10,Flight match,2026-08-12 12:53:50
33558,12:47 PM,12:36 PM,-11,Flight match,2026-08-12 12:53:50
32888,1:15 PM,1:01 PM,-14,Flight match,2026-08-12 12:53:50
21343,1:15 PM,1:24 PM,9,Flight match,2026-08-12 12:53:50
33597,6:45 PM,6:52 PM,7,Flight match,2026-08-12 12:53:50
32262,11:03 AM,11:08 AM,5,Flight match,2026-08-12 13:01:21
25640,8:53 AM,8:48 AM,-5,Flight match,2026-08-12 13:23:33
25108,8:59 AM,9:01 AM,2,Flight match,2026-08-12 13:23:34
28068,9:32 AM,9:39 AM,7,Flight match,2026-08-12 13:23:34
34110,9:46 AM,9:43 AM,-3,Flight match,2026-08-12 13:23:34
23707,9:46 AM,9:43 AM,-3,Flight match,2026-08-12 13:23:34
23706,10:51 AM,10:45 AM,-6,Flight match,2026-08-12 13:23:34
33546,11:01 AM,11:08 AM,7,Flight match,2026-08-12 13:23:34
29922,11:24 AM,11:26 AM,2,Flight match,2026-08-12 13:23:34
34155,11:24 AM,11:26 AM,2,Flight match,2026-08-12 13:23:34
28955,12:57 PM,12:51 PM,-6,Flight match,2026-08-12 13:23:35
32394,1:00 PM,12:58 PM,-2,Flight match,2026-08-12 13:23:35
33152,2:05 PM,1:59 PM,-6,Flight match,2026-08-12 13:23:35
32119,3:11 PM,2:56 PM,-15,Flight match,2026-08-12 13:23:35
23494,3:11 PM,2:56 PM,-15,Flight match,2026-08-12 13:23:35
28068,9:39 AM,9:42 AM,3,Flight match,2026-08-12 13:47:58
34110,9:43 AM,9:41 AM,-2,Flight match,2026-08-12 13:47:58
23707,9:43 AM,9:41 AM,-2,Flight match,2026-08-12 13:47:58
31073,9:50 AM,9:49 AM,-1,Flight match,2026-08-12 13:47:58
23706,10:45 AM,10:50 AM,5,Flight match,2026-08-12 13:47:58
29922,11:26 AM,11:18 AM,-8,Flight match,2026-08-12 13:47:58
34155,11:26 AM,11:18 AM,-8,Flight match,2026-08-12 13:47:58
33477,12:14 PM,12:23 PM,9,Flight match,2026-08-12 13:47:58
30486,12:28 PM,12:26 PM,-2,Flight match,2026-08-12 13:47:58
24415,12:28 PM,12:26 PM,-2,Flight match,2026-08-12 13:47:58
33558,12:36 PM,12:39 PM,3,Flight match,2026-08-12 13:47:58
32394,12:58 PM,12:45 PM,-13,Flight match,2026-08-12 13:47:59
30989,1:15 PM,1:01 PM,-14,Flight match,2026-08-12 13:47:59
21343,1:24 PM,1:19 PM,-5,Flight match,2026-08-12 13:47:59
33402,1:46 PM,1:41 PM,-5,Flight match,2026-08-12 13:47:59
10835,2:45 PM,2:50 PM,5,Flight match,2026-08-12 13:47:59
32119,2:56 PM,2:50 PM,-6,Flight match,2026-08-12 13:47:59
23494,2:56 PM,2:50 PM,-6,Flight match,2026-08-12 13:47:59
26633,10:22 AM,9:42 AM,-40,Flight match,2026-08-12 14:02:21
31073,9:49 AM,9:46 AM,-3,Flight match,2026-08-12 14:38:32
26633,10:22 AM,9:42 AM,-40,Flight match,2026-08-12 14:38:32
32262,11:08 AM,11:09 AM,1,Flight match,2026-08-12 14:38:32
33477,12:23 PM,12:21 PM,-2,Flight match,2026-08-12 14:38:32
30486,12:26 PM,12:17 PM,-9,Flight match,2026-08-12 14:38:33
24415,12:26 PM,12:17 PM,-9,Flight match,2026-08-12 14:38:33
33558,12:39 PM,12:38 PM,-1,Flight match,2026-08-12 14:38:33
32394,12:45 PM,12:55 PM,10,Flight match,2026-08-12 14:38:33
33535,12:47 PM,1:13 PM,26,Flight match,2026-08-12 14:38:33
28955,12:51 PM,12:19 PM,-32,Flight match,2026-08-12 14:38:33
18010,12:51 PM,12:37 PM,-14,Flight match,2026-08-12 14:38:33
30989,1:01 PM,1:16 PM,15,Flight match,2026-08-12 14:38:33
32888,1:01 PM,12:58 PM,-3,Flight match,2026-08-12 14:38:34
21343,1:19 PM,1:32 PM,13,Flight match,2026-08-12 14:38:34
33402,1:41 PM,1:40 PM,-1,Flight match,2026-08-12 14:38:34
31867,1:48 PM,1:52 PM,4,Flight match,2026-08-12 14:38:34
32119,2:50 PM,2:40 PM,-10,Flight match,2026-08-12 14:38:34
23494,2:50 PM,2:40 PM,-10,Flight match,2026-08-12 14:38:34
25484,4:25 PM,4:02 PM,-23,Flight match,2026-08-12 14:38:34
33700,4:40 PM,4:31 PM,-9,Flight match,2026-08-12 14:38:34
33597,6:52 PM,6:46 PM,-6,Flight match,2026-08-12 14:38:34
31817,6:54 PM,6:36 PM,-18,Flight match,2026-08-12 14:38:34
32482,10:08 AM,10:06 AM,-2,Flight match,2026-08-12 14:58:35
30817,10:41 AM,10:36 AM,-5,Flight match,2026-08-12 14:58:35
33957,10:41 AM,10:36 AM,-5,Flight match,2026-08-12 14:58:35
23706,10:50 AM,10:52 AM,2,Flight match,2026-08-12 14:58:35
30486,12:17 PM,12:20 PM,3,Flight match,2026-08-12 14:58:35
24415,12:17 PM,12:20 PM,3,Flight match,2026-08-12 14:58:35
18010,12:37 PM,12:45 PM,8,Flight match,2026-08-12 14:58:35
32394,12:55 PM,12:52 PM,-3,Flight match,2026-08-12 14:58:35
32888,12:58 PM,1:01 PM,3,Flight match,2026-08-12 14:58:35
28249,12:58 PM,1:00 PM,2,Flight match,2026-08-12 14:58:35
33598,1:08 PM,1:06 PM,-2,Flight match,2026-08-12 14:58:35
30989,1:16 PM,1:17 PM,1,Flight match,2026-08-12 14:58:36
21343,1:32 PM,1:26 PM,-6,Flight match,2026-08-12 14:58:36
33402,1:40 PM,1:57 PM,17,Flight match,2026-08-12 14:58:36
31867,1:52 PM,1:42 PM,-10,Flight match,2026-08-12 14:58:36
34089,1:52 PM,1:42 PM,-10,Flight match,2026-08-12 14:58:36
10835,2:50 PM,2:38 PM,-12,Flight match,2026-08-12 14:58:36
33947,2:50 PM,2:33 PM,-17,Flight match,2026-08-12 14:58:36
32799,6:30 PM,6:50 PM,20,Flight match,2026-08-12 14:58:36
31331,6:30 PM,6:50 PM,20,Flight match,2026-08-12 14:58:36
31817,6:36 PM,6:54 PM,18,Flight match,2026-08-12 14:58:36
33597,6:46 PM,6:51 PM,5,Flight match,2026-08-12 14:58:36
33546,11:08 AM,11:05 AM,-3,Flight match,2026-08-12 15:05:00
33546,11:05 AM,11:07 AM,2,Flight match,2026-08-12 15:17:36
32262,11:09 AM,11:12 AM,3,Flight match,2026-08-12 15:17:36
30486,12:20 PM,12:26 PM,6,Flight match,2026-08-12 15:17:36
30817,10:36 AM,10:41 AM,5,Flight match,2026-08-12 15:19:41
33957,10:36 AM,10:41 AM,5,Flight match,2026-08-12 15:19:42
23706,10:52 AM,10:49 AM,-3,Flight match,2026-08-12 15:19:42
34155,11:18 AM,11:16 AM,-2,Flight match,2026-08-12 15:19:42
29922,11:18 AM,11:16 AM,-2,Flight match,2026-08-12 15:19:42
24415,12:20 PM,12:21 PM,1,Flight match,2026-08-12 15:19:42
30486,12:26 PM,12:21 PM,-5,Flight match,2026-08-12 15:19:42
32394,12:52 PM,12:48 PM,-4,Flight match,2026-08-12 15:19:42
28249,1:00 PM,12:59 PM,-1,Flight match,2026-08-12 15:19:42
32888,1:01 PM,1:16 PM,15,Flight match,2026-08-12 15:19:42
33598,1:06 PM,1:04 PM,-2,Flight match,2026-08-12 15:19:42
30989,1:17 PM,1:07 PM,-10,Flight match,2026-08-12 15:19:42
31867,1:42 PM,1:40 PM,-2,Flight match,2026-08-12 15:19:42
34089,1:42 PM,1:40 PM,-2,Flight match,2026-08-12 15:19:42
33402,1:57 PM,1:48 PM,-9,Flight match,2026-08-12 15:19:43
33152,1:59 PM,1:58 PM,-1,Flight match,2026-08-12 15:19:43
10835,2:38 PM,2:47 PM,9,Flight match,2026-08-12 15:19:43
32119,2:40 PM,2:45 PM,5,Flight match,2026-08-12 15:19:43
23494,2:40 PM,2:45 PM,5,Flight match,2026-08-12 15:19:43
25484,4:02 PM,3:44 PM,-18,Flight match,2026-08-12 15:19:43
33597,6:51 PM,6:53 PM,2,Flight match,2026-08-12 15:19:43
34155,11:16 AM,11:19 AM,3,Flight match,2026-08-12 15:28:22
33558,12:38 PM,12:27 PM,-11,Flight match,2026-08-12 15:28:23
30989,1:07 PM,1:18 PM,11,Flight match,2026-08-12 15:28:23
32888,1:16 PM,1:17 PM,1,Flight match,2026-08-12 15:28:23
32119,2:45 PM,2:54 PM,9,Flight match,2026-08-12 15:28:23
23494,2:45 PM,2:54 PM,9,Flight match,2026-08-12 15:28:24
29922,11:16 AM,11:19 AM,3,Flight match,2026-08-12 15:37:44
30486,12:21 PM,12:13 PM,-8,Flight match,2026-08-12 15:58:39
24415,12:21 PM,12:13 PM,-8,Flight match,2026-08-12 15:58:39
33598,1:04 PM,1:01 PM,-3,Flight match,2026-08-12 15:58:39
32888,1:17 PM,1:14 PM,-3,Flight match,2026-08-12 15:58:39
30989,1:18 PM,1:09 PM,-9,Flight match,2026-08-12 15:58:39
31867,1:40 PM,1:31 PM,-9,Flight match,2026-08-12 15:58:40
34089,1:40 PM,1:31 PM,-9,Flight match,2026-08-12 15:58:40
33152,1:58 PM,2:04 PM,6,Flight match,2026-08-12 15:58:40
10835,2:47 PM,2:41 PM,-6,Flight match,2026-08-12 15:58:40
26268,3:00 PM,2:58 PM,-2,Flight match,2026-08-12 15:58:40
25484,3:44 PM,3:52 PM,8,Flight match,2026-08-12 15:58:40
32799,6:50 PM,6:45 PM,-5,Flight match,2026-08-12 15:58:40
31331,6:50 PM,6:45 PM,-5,Flight match,2026-08-12 15:58:40
33597,6:53 PM,6:52 PM,-1,Flight match,2026-08-12 15:58:40
30486,12:13 PM,12:17 PM,4,Flight match,2026-08-12 16:30:31
24415,12:13 PM,12:17 PM,4,Flight match,2026-08-12 16:30:31
28955,12:19 PM,12:14 PM,-5,Flight match,2026-08-12 16:30:31
33477,12:21 PM,12:20 PM,-1,Flight match,2026-08-12 16:30:31
33558,12:27 PM,12:31 PM,4,Flight match,2026-08-12 16:30:32
18010,12:45 PM,12:48 PM,3,Flight match,2026-08-12 16:30:32
32394,12:48 PM,12:41 PM,-7,Flight match,2026-08-12 16:30:32
28249,12:59 PM,1:00 PM,1,Flight match,2026-08-12 16:30:32
33535,1:13 PM,1:34 PM,21,Flight match,2026-08-12 16:30:32
32888,1:14 PM,1:14 PM,0,Flight match,2026-08-12 16:30:32
33152,2:04 PM,2:24 PM,20,Flight match,2026-08-12 16:30:32
33947,2:33 PM,2:29 PM,-4,Flight match,2026-08-12 16:30:32
10835,2:41 PM,2:40 PM,-1,Flight match,2026-08-12 16:30:32
32119,2:54 PM,3:31 PM,37,Flight match,2026-08-12 16:30:32
23494,2:54 PM,3:31 PM,37,Flight match,2026-08-12 16:30:32
33700,4:31 PM,4:27 PM,-4,Flight match,2026-08-12 16:30:32
26881,4:35 PM,4:26 PM,-9,Flight match,2026-08-12 16:30:32
32799,6:45 PM,6:46 PM,1,Flight match,2026-08-12 16:30:32
31331,6:45 PM,6:46 PM,1,Flight match,2026-08-12 16:30:32
33597,6:52 PM,6:50 PM,-2,Flight match,2026-08-12 16:30:32
24121,9:11 PM,8:51 PM,-20,Flight match,2026-08-12 16:30:32
33152,2:24 PM,2:29 PM,5,Flight match,2026-08-12 16:48:17
30486,12:17 PM,12:20 PM,3,Flight match,2026-08-12 17:00:32
24415,12:17 PM,12:20 PM,3,Flight match,2026-08-12 17:00:33
33477,12:20 PM,12:27 PM,7,Flight match,2026-08-12 17:00:33
32394,12:41 PM,12:46 PM,5,Flight match,2026-08-12 17:00:33
18010,12:48 PM,12:46 PM,-2,Flight match,2026-08-12 17:00:33
33598,1:01 PM,12:59 PM,-2,Flight match,2026-08-12 17:00:33
33535,1:34 PM,1:43 PM,9,Flight match,2026-08-12 17:00:33
33152,2:29 PM,2:30 PM,1,Flight match,2026-08-12 17:00:33
33947,2:29 PM,2:25 PM,-4,Flight match,2026-08-12 17:00:33
10835,2:40 PM,3:04 PM,24,Flight match,2026-08-12 17:00:33
23494,3:31 PM,3:19 PM,-12,Flight match,2026-08-12 17:00:34
32799,6:46 PM,6:41 PM,-5,Flight match,2026-08-12 17:00:34
31331,6:46 PM,6:41 PM,-5,Flight match,2026-08-12 17:00:34
33597,6:50 PM,6:44 PM,-6,Flight match,2026-08-12 17:00:34
31817,6:54 PM,6:36 PM,-18,Flight match,2026-08-12 17:00:34
28955,12:14 PM,12:20 PM,6,Flight match,2026-08-12 17:26:46
32394,12:46 PM,12:48 PM,2,Flight match,2026-08-12 17:26:46
34089,1:31 PM,1:32 PM,1,Flight match,2026-08-12 17:26:46
31867,1:31 PM,1:32 PM,1,Flight match,2026-08-12 17:26:46
33152,2:30 PM,2:25 PM,-5,Flight match,2026-08-12 17:26:46
26268,2:58 PM,2:55 PM,-3,Flight match,2026-08-12 17:26:46
10835,3:04 PM,3:01 PM,-3,Flight match,2026-08-12 17:26:47
32119,3:31 PM,3:19 PM,-12,Flight match,2026-08-12 17:26:47
25484,3:52 PM,4:09 PM,17,Flight match,2026-08-12 17:26:47
29239,5:02 PM,5:25 PM,23,Flight match,2026-08-12 17:26:47
33597,6:44 PM,6:43 PM,-1,Flight match,2026-08-12 17:26:47
33598,12:59 PM,1:05 PM,6,Flight match,2026-08-12 17:57:22
28249,1:00 PM,12:57 PM,-3,Flight match,2026-08-12 17:57:22
30989,1:09 PM,1:11 PM,2,Flight match,2026-08-12 17:57:22
32888,1:14 PM,1:11 PM,-3,Flight match,2026-08-12 17:57:22
21343,1:26 PM,1:16 PM,-10,Flight match,2026-08-12 17:57:23
34089,1:32 PM,1:31 PM,-1,Flight match,2026-08-12 17:57:23
31867,1:32 PM,1:35 PM,3,Flight match,2026-08-12 17:57:23
33535,1:43 PM,1:51 PM,8,Flight match,2026-08-12 17:57:23
33402,1:48 PM,1:49 PM,1,Flight match,2026-08-12 17:57:23
33947,2:25 PM,2:29 PM,4,Flight match,2026-08-12 17:57:23
33152,2:25 PM,2:32 PM,7,Flight match,2026-08-12 17:57:23
26268,2:55 PM,2:50 PM,-5,Flight match,2026-08-12 17:57:23
10835,3:01 PM,3:06 PM,5,Flight match,2026-08-12 17:57:23
32119,3:19 PM,3:08 PM,-11,Flight match,2026-08-12 17:57:23
23494,3:19 PM,3:08 PM,-11,Flight match,2026-08-12 17:57:23
25484,4:09 PM,3:55 PM,-14,Flight match,2026-08-12 17:57:23
33700,4:27 PM,4:35 PM,8,Flight match,2026-08-12 17:57:23
29239,5:25 PM,5:21 PM,-4,Flight match,2026-08-12 17:57:23
31265,6:25 PM,6:08 PM,-17,Flight match,2026-08-12 17:57:23
32799,6:41 PM,6:42 PM,1,Flight match,2026-08-12 17:57:23
31331,6:41 PM,6:42 PM,1,Flight match,2026-08-12 17:57:24
33597,6:43 PM,6:46 PM,3,Flight match,2026-08-12 17:57:24
24121,8:51 PM,9:11 PM,20,Flight match,2026-08-12 17:57:24
31867,1:35 PM,1:31 PM,-4,Flight match,2026-08-12 18:09:41
33402,1:49 PM,1:47 PM,-2,Flight match,2026-08-12 18:09:41
33535,1:51 PM,1:58 PM,7,Flight match,2026-08-12 18:09:42
26268,2:50 PM,2:55 PM,5,Flight match,2026-08-12 18:09:42
26881,4:26 PM,4:33 PM,7,Flight match,2026-08-12 18:09:42
29239,5:21 PM,5:23 PM,2,Flight match,2026-08-12 18:09:43
31817,6:36 PM,6:54 PM,18,Flight match,2026-08-12 18:09:43
33597,6:46 PM,6:45 PM,-1,Flight match,2026-08-12 18:09:43
33152,2:32 PM,2:31 PM,-1,Flight match,2026-08-12 18:33:20
33947,2:29 PM,2:30 PM,1,Flight match,2026-08-12 19:38:44
33152,2:31 PM,2:29 PM,-2,Flight match,2026-08-12 19:38:44
10835,3:06 PM,3:02 PM,-4,Flight match,2026-08-12 19:38:44
32119,3:08 PM,3:18 PM,10,Flight match,2026-08-12 19:38:44
23494,3:08 PM,3:18 PM,10,Flight match,2026-08-12 19:38:44
26881,4:33 PM,5:07 PM,34,Flight match,2026-08-12 19:38:45
33700,4:35 PM,4:41 PM,6,Flight match,2026-08-12 19:38:45
29239,5:23 PM,5:20 PM,-3,Flight match,2026-08-12 19:38:45
33838,5:33 PM,5:50 PM,17,Flight match,2026-08-12 19:38:45
31265,6:08 PM,6:14 PM,6,Flight match,2026-08-12 19:38:45
32799,6:42 PM,6:34 PM,-8,Flight match,2026-08-12 19:38:45
31331,6:42 PM,6:34 PM,-8,Flight match,2026-08-12 19:38:45
33597,6:45 PM,6:48 PM,3,Flight match,2026-08-12 19:38:45
31817,6:54 PM,6:34 PM,-20,Flight match,2026-08-12 19:38:46
24121,9:11 PM,8:52 PM,-19,Flight match,2026-08-12 19:38:46
33700,4:41 PM,5:11 PM,30,Flight match,2026-08-12 22:24:57
26881,5:07 PM,5:37 PM,30,Flight match,2026-08-12 22:24:57
29239,5:20 PM,5:50 PM,30,Flight match,2026-08-12 22:24:57
33838,5:50 PM,6:37 PM,47,Flight match,2026-08-12 22:24:57
31265,6:14 PM,6:18 PM,4,Flight match,2026-08-12 22:24:57
31817,6:34 PM,6:22 PM,-12,Flight match,2026-08-12 22:24:58
32799,6:34 PM,6:54 PM,20,Flight match,2026-08-12 22:24:58
31331,6:34 PM,6:54 PM,20,Flight match,2026-08-12 22:24:58
33597,6:48 PM,6:55 PM,7,Flight match,2026-08-12 22:24:58
22102,8:00 PM,7:28 PM,-32,Flight match,2026-08-12 22:24:58
24121,8:52 PM,9:09 PM,17,Flight match,2026-08-12 22:24:58
34295,11:30 PM,11:45 PM,15,Flight match,2026-08-12 22:24:58
31265,6:18 PM,6:17 PM,-1,Flight match,2026-08-12 22:40:23
33597,6:55 PM,7:00 PM,5,Flight match,2026-08-12 22:40:23
24121,9:09 PM,9:04 PM,-5,Flight match,2026-08-12 22:40:23
33469,8:19 AM,8:18 AM,-1,Flight match,2026-08-13 10:14:11
33465,8:19 AM,8:18 AM,-1,Flight match,2026-08-13 10:14:11
31720,8:32 AM,8:32 AM,0,Flight match,2026-08-13 10:14:12
32438,8:45 AM,8:44 AM,-1,Flight match,2026-08-13 10:14:12
27041,8:48 AM,8:53 AM,5,Flight match,2026-08-13 10:14:12
30019,8:52 AM,8:54 AM,2,Flight match,2026-08-13 10:14:12
33429,9:05 AM,9:03 AM,-2,Flight match,2026-08-13 10:14:12
22278,9:11 AM,9:08 AM,-3,Flight match,2026-08-13 10:14:12
29727,9:20 AM,9:16 AM,-4,Flight match,2026-08-13 10:14:12
31345,9:42 AM,9:24 AM,-18,Flight match,2026-08-13 10:14:12
34369,9:45 AM,9:23 AM,-22,Flight match,2026-08-13 10:14:12
34222,9:45 AM,9:22 AM,-23,Flight match,2026-08-13 10:14:12
31591,9:50 AM,9:51 AM,1,Flight match,2026-08-13 10:14:13
25979,10:10 AM,10:01 AM,-9,Flight match,2026-08-13 10:14:13
21089,10:10 AM,10:01 AM,-9,Flight match,2026-08-13 10:14:13
30280,10:22 AM,10:21 AM,-1,Flight match,2026-08-13 10:14:13
31369,10:29 AM,10:30 AM,1,Flight match,2026-08-13 10:14:13
33935,10:29 AM,10:30 AM,1,Flight match,2026-08-13 10:14:13
24417,11:06 AM,11:04 AM,-2,Flight match,2026-08-13 10:14:13
28804,11:23 AM,11:22 AM,-1,Flight match,2026-08-13 10:14:13
27685,11:27 AM,11:30 AM,3,Flight match,2026-08-13 10:14:13
32926,12:16 PM,12:13 PM,-3,Flight match,2026-08-13 10:14:13
34022,12:22 PM,12:19 PM,-3,Flight match,2026-08-13 10:14:13
30207,12:51 PM,12:20 PM,-31,Flight match,2026-08-13 10:14:13
29572,12:57 PM,12:59 PM,2,Flight match,2026-08-13 10:14:14
22942,12:59 PM,1:03 PM,4,Flight match,2026-08-13 10:14:14
23320,1:11 PM,1:12 PM,1,Flight match,2026-08-13 10:14:14
33278,1:53 PM,1:57 PM,4,Flight match,2026-08-13 10:14:14
31527,2:58 PM,3:01 PM,3,Flight match,2026-08-13 10:14:14
30832,4:26 PM,4:29 PM,3,Flight match,2026-08-13 10:14:14
31852,4:34 PM,4:38 PM,4,Flight match,2026-08-13 10:14:14
31689,4:39 PM,4:40 PM,1,Flight match,2026-08-13 10:14:14
31289,4:39 PM,4:40 PM,1,Flight match,2026-08-13 10:14:14
32346,6:47 PM,6:52 PM,5,Flight match,2026-08-13 10:14:14
25368,6:50 PM,6:13 PM,-37,Flight match,2026-08-13 10:14:14
33221,7:02 PM,6:59 PM,-3,Flight match,2026-08-13 10:14:14
32941,7:02 PM,6:59 PM,-3,Flight match,2026-08-13 10:14:14
31747,7:59 PM,8:00 PM,1,Flight match,2026-08-13 10:14:15
32943,10:47 PM,10:47 PM,0,Flight match,2026-08-13 10:14:15
32419,11:47 PM,11:52 PM,5,Flight match,2026-08-13 10:14:15
33469,8:18 AM,8:15 AM,-3,Flight match,2026-08-13 10:41:17
33465,8:18 AM,8:15 AM,-3,Flight match,2026-08-13 10:41:17
31720,8:32 AM,8:25 AM,-7,Flight match,2026-08-13 10:41:17
32438,8:44 AM,8:40 AM,-4,Flight match,2026-08-13 10:41:17
27041,8:53 AM,8:54 AM,1,Flight match,2026-08-13 10:41:17
33429,9:03 AM,9:01 AM,-2,Flight match,2026-08-13 10:41:17
22278,9:08 AM,9:05 AM,-3,Flight match,2026-08-13 10:41:17
31345,9:24 AM,9:26 AM,2,Flight match,2026-08-13 10:41:17
25979,10:01 AM,9:59 AM,-2,Flight match,2026-08-13 10:41:17
21089,10:01 AM,9:59 AM,-2,Flight match,2026-08-13 10:41:17
28714,10:34 AM,10:26 AM,-8,Flight match,2026-08-13 10:41:18
24417,11:04 AM,11:03 AM,-1,Flight match,2026-08-13 10:41:18
28804,11:22 AM,11:23 AM,1,Flight match,2026-08-13 10:41:18
25592,12:51 PM,12:37 PM,-14,Flight match,2026-08-13 10:41:18
31527,3:01 PM,2:58 PM,-3,Flight match,2026-08-13 10:41:18
33469,8:15 AM,8:17 AM,2,Flight match,2026-08-13 11:36:16
33465,8:15 AM,8:16 AM,1,Flight match,2026-08-13 11:36:16
31720,8:25 AM,8:38 AM,13,Flight match,2026-08-13 11:36:16
30019,8:54 AM,8:55 AM,1,Flight match,2026-08-13 11:36:16
27041,8:54 AM,8:51 AM,-3,Flight match,2026-08-13 11:36:16
29727,9:16 AM,9:11 AM,-5,Flight match,2026-08-13 11:36:16
34222,9:22 AM,9:33 AM,11,Flight match,2026-08-13 11:36:16
34369,9:23 AM,9:24 AM,1,Flight match,2026-08-13 11:36:16
31345,9:26 AM,9:33 AM,7,Flight match,2026-08-13 11:36:16
31591,9:51 AM,9:47 AM,-4,Flight match,2026-08-13 11:36:16
30280,10:21 AM,10:24 AM,3,Flight match,2026-08-13 11:36:16
28714,10:26 AM,10:34 AM,8,Flight match,2026-08-13 11:36:16
31369,10:30 AM,10:25 AM,-5,Flight match,2026-08-13 11:36:16
33935,10:30 AM,10:25 AM,-5,Flight match,2026-08-13 11:36:17
24417,11:03 AM,10:54 AM,-9,Flight match,2026-08-13 11:36:17
28804,11:23 AM,11:21 AM,-2,Flight match,2026-08-13 11:36:17
27685,11:30 AM,11:26 AM,-4,Flight match,2026-08-13 11:36:17
31527,2:58 PM,3:01 PM,3,Flight match,2026-08-13 11:36:17
33239,3:45 PM,3:31 PM,-14,Flight match,2026-08-13 11:36:17
30832,4:29 PM,4:26 PM,-3,Flight match,2026-08-13 11:36:17
33465,8:16 AM,8:16 AM,0,Flight match,2026-08-13 11:40:13
33469,8:17 AM,8:16 AM,-1,Flight match,2026-08-13 11:40:13
32438,8:40 AM,8:46 AM,6,Flight match,2026-08-13 11:40:13
27041,8:51 AM,8:54 AM,3,Flight match,2026-08-13 11:40:14
30019,8:55 AM,8:59 AM,4,Flight match,2026-08-13 11:40:14
29727,9:11 AM,9:17 AM,6,Flight match,2026-08-13 11:40:14
31591,9:47 AM,9:42 AM,-5,Flight match,2026-08-13 11:40:14
24417,10:54 AM,10:56 AM,2,Flight match,2026-08-13 11:40:14
25114,12:45 PM,12:42 PM,-3,Flight match,2026-08-13 11:40:14
22942,1:03 PM,12:54 PM,-9,Flight match,2026-08-13 11:40:14
31527,3:01 PM,2:58 PM,-3,Flight match,2026-08-13 11:40:14
31852,4:38 PM,4:34 PM,-4,Flight match,2026-08-13 11:40:14
32438,8:46 AM,8:43 AM,-3,Flight match,2026-08-13 11:45:20
33429,9:01 AM,9:10 AM,9,Flight match,2026-08-13 11:45:20
31591,9:42 AM,9:47 AM,5,Flight match,2026-08-13 11:45:20
32926,12:13 PM,12:21 PM,8,Flight match,2026-08-13 11:45:20
31852,4:34 PM,4:38 PM,4,Flight match,2026-08-13 11:45:20
31591,9:47 AM,9:42 AM,-5,Flight match,2026-08-13 11:45:56
31527,2:58 PM,3:01 PM,3,Flight match,2026-08-13 11:45:56
33469,8:16 AM,8:19 AM,3,Flight match,2026-08-13 12:06:23
33465,8:16 AM,8:19 AM,3,Flight match,2026-08-13 12:06:23
32438,8:43 AM,8:48 AM,5,Flight match,2026-08-13 12:06:23
25979,9:59 AM,10:03 AM,4,Flight match,2026-08-13 12:06:23
21089,9:59 AM,10:03 AM,4,Flight match,2026-08-13 12:06:23
30280,10:24 AM,10:17 AM,-7,Flight match,2026-08-13 12:06:23
31369,10:25 AM,10:20 AM,-5,Flight match,2026-08-13 12:06:23
33935,10:25 AM,10:20 AM,-5,Flight match,2026-08-13 12:06:23
28714,10:34 AM,10:29 AM,-5,Flight match,2026-08-13 12:06:23
24417,10:56 AM,10:58 AM,2,Flight match,2026-08-13 12:06:23
28804,11:21 AM,11:15 AM,-6,Flight match,2026-08-13 12:06:23
25592,12:37 PM,12:24 PM,-13,Flight match,2026-08-13 12:06:24
34397,1:00 PM,12:47 PM,-13,Flight match,2026-08-13 12:06:24
33278,1:57 PM,1:50 PM,-7,Flight match,2026-08-13 12:06:24
31527,3:01 PM,2:58 PM,-3,Flight match,2026-08-13 12:06:24
31852,4:38 PM,4:34 PM,-4,Flight match,2026-08-13 12:06:24
25592,12:24 PM,12:38 PM,14,Flight match,2026-08-13 12:07:55
33465,8:19 AM,8:14 AM,-5,Flight match,2026-08-13 12:26:30
33469,8:19 AM,8:14 AM,-5,Flight match,2026-08-13 12:26:30
32438,8:48 AM,8:51 AM,3,Flight match,2026-08-13 12:26:30
30280,10:17 AM,10:25 AM,8,Flight match,2026-08-13 12:26:30
28714,10:29 AM,10:36 AM,7,Flight match,2026-08-13 12:26:30
24417,10:58 AM,11:05 AM,7,Flight match,2026-08-13 12:26:30
32926,12:21 PM,12:18 PM,-3,Flight match,2026-08-13 12:26:30
31527,2:58 PM,3:01 PM,3,Flight match,2026-08-13 12:26:30
33326,9:18 PM,8:55 PM,-23,Flight match,2026-08-13 12:26:30
26452,8:20 AM,8:05 AM,-15,Flight match,2026-08-13 12:37:31
32917,9:00 AM,8:23 AM,-37,Flight match,2026-08-13 12:37:31
33695,9:00 AM,8:31 AM,-29,Flight match,2026-08-13 12:37:31
33492,9:00 AM,8:23 AM,-37,Flight match,2026-08-13 12:37:31
32665,9:25 AM,9:10 AM,-15,Flight match,2026-08-13 12:37:31
33103,9:25 AM,9:10 AM,-15,Flight match,2026-08-13 12:37:31
24570,9:35 AM,9:21 AM,-14,Flight match,2026-08-13 12:37:31
33859,9:45 AM,9:35 AM,-10,Flight match,2026-08-13 12:37:31
29689,10:00 AM,9:28 AM,-32,Flight match,2026-08-13 12:37:31
31621,10:19 AM,10:29 AM,10,Flight match,2026-08-13 12:37:31
24432,10:19 AM,10:07 AM,-12,Flight match,2026-08-13 12:37:32
30920,10:30 AM,9:10 AM,-80,Flight match,2026-08-13 12:37:32
32485,10:30 AM,9:53 AM,-37,Flight match,2026-08-13 12:37:32
32428,10:30 AM,10:27 AM,-3,Flight match,2026-08-13 12:37:32
32490,10:52 AM,10:39 AM,-13,Flight match,2026-08-13 12:37:32
32444,11:22 AM,11:07 AM,-15,Flight match,2026-08-13 12:37:32
22864,11:45 AM,11:21 AM,-24,Flight match,2026-08-13 12:37:32
31561,1:00 PM,12:47 PM,-13,Flight match,2026-08-13 12:37:32
33081,1:40 PM,1:09 PM,-31,Flight match,2026-08-13 12:37:32
32492,3:55 PM,3:40 PM,-15,Flight match,2026-08-13 12:37:32
11122,4:10 PM,4:12 PM,2,Flight match,2026-08-13 12:37:32
30443,5:21 PM,5:22 PM,1,Flight match,2026-08-13 12:37:33
30347,6:20 PM,5:43 PM,-37,Flight match,2026-08-13 12:37:33
32124,7:00 PM,6:47 PM,-13,Flight match,2026-08-13 12:37:33
30451,8:00 PM,7:45 PM,-15,Flight match,2026-08-13 12:37:33
31075,8:00 PM,8:05 PM,5,Flight match,2026-08-13 12:37:33
34107,8:20 PM,8:10 PM,-10,Flight match,2026-08-13 12:37:33
25942,11:15 PM,10:52 PM,-23,Flight match,2026-08-13 12:37:33
31720,8:38 AM,8:41 AM,3,Flight match,2026-08-13 12:58:04
27041,8:54 AM,8:49 AM,-5,Flight match,2026-08-13 12:58:04
31591,9:42 AM,9:51 AM,9,Flight match,2026-08-13 12:58:04
33935,10:20 AM,10:40 AM,20,Flight match,2026-08-13 12:58:04
31369,10:20 AM,10:40 AM,20,Flight match,2026-08-13 12:58:04
28714,10:36 AM,10:28 AM,-8,Flight match,2026-08-13 12:58:05
28804,11:15 AM,11:32 AM,17,Flight match,2026-08-13 12:58:05
27685,11:26 AM,11:17 AM,-9,Flight match,2026-08-13 12:58:05
30914,12:10 PM,12:06 PM,-4,Flight match,2026-08-13 12:58:05
32926,12:18 PM,12:13 PM,-5,Flight match,2026-08-13 12:58:05
34022,12:19 PM,12:25 PM,6,Flight match,2026-08-13 12:58:05
30207,12:20 PM,12:36 PM,16,Flight match,2026-08-13 12:58:05
34397,12:47 PM,12:27 PM,-20,Flight match,2026-08-13 12:58:05
29572,12:59 PM,12:55 PM,-4,Flight match,2026-08-13 12:58:05
33239,3:31 PM,3:45 PM,14,Flight match,2026-08-13 12:58:05
31852,4:34 PM,4:38 PM,4,Flight match,2026-08-13 12:58:05
28680,5:43 PM,5:19 PM,-24,Flight match,2026-08-13 12:58:05
33326,8:55 PM,9:18 PM,23,Flight match,2026-08-13 12:58:05
27041,8:49 AM,8:54 AM,5,Flight match,2026-08-13 13:03:41
31720,8:41 AM,8:46 AM,5,Flight match,2026-08-13 13:05:44
33429,9:10 AM,9:16 AM,6,Flight match,2026-08-13 13:05:44
33935,10:40 AM,10:48 AM,8,Flight match,2026-08-13 13:05:44
31369,10:40 AM,10:48 AM,8,Flight match,2026-08-13 13:05:44
24417,11:05 AM,11:00 AM,-5,Flight match,2026-08-13 13:05:44
27685,11:17 AM,11:32 AM,15,Flight match,2026-08-13 13:05:44
32926,12:13 PM,12:10 PM,-3,Flight match,2026-08-13 13:05:45
34022,12:25 PM,12:11 PM,-14,Flight match,2026-08-13 13:05:45
30207,12:36 PM,12:13 PM,-23,Flight match,2026-08-13 13:05:45
25592,12:38 PM,12:28 PM,-10,Flight match,2026-08-13 13:05:45
32943,10:47 PM,10:47 PM,0,Flight match,2026-08-13 13:05:45
30019,8:59 AM,8:56 AM,-3,Flight match,2026-08-13 13:23:31
29727,9:17 AM,9:16 AM,-1,Flight match,2026-08-13 13:23:31
34369,9:24 AM,9:25 AM,1,Flight match,2026-08-13 13:23:31
34222,9:33 AM,9:30 AM,-3,Flight match,2026-08-13 13:23:32
27685,11:32 AM,11:11 AM,-21,Flight match,2026-08-13 13:23:32
32926,12:10 PM,12:08 PM,-2,Flight match,2026-08-13 13:23:32
30207,12:13 PM,12:29 PM,16,Flight match,2026-08-13 13:23:32
33278,1:50 PM,1:46 PM,-4,Flight match,2026-08-13 13:23:32
31527,3:01 PM,2:49 PM,-12,Flight match,2026-08-13 13:23:32
31852,4:38 PM,4:34 PM,-4,Flight match,2026-08-13 13:23:32
22278,9:05 AM,9:08 AM,3,Flight match,2026-08-13 13:32:48
29727,9:16 AM,9:12 AM,-4,Flight match,2026-08-13 13:32:48
33429,9:16 AM,9:19 AM,3,Flight match,2026-08-13 13:32:48
34369,9:25 AM,9:30 AM,5,Flight match,2026-08-13 13:32:49
27685,11:11 AM,11:05 AM,-6,Flight match,2026-08-13 13:32:49
28804,11:32 AM,11:37 AM,5,Flight match,2026-08-13 13:32:49
34022,12:11 PM,12:47 PM,36,Flight match,2026-08-13 13:32:49
30207,12:29 PM,12:36 PM,7,Flight match,2026-08-13 13:32:49
33278,1:46 PM,1:50 PM,4,Flight match,2026-08-13 13:32:49
33239,3:45 PM,3:31 PM,-14,Flight match,2026-08-13 13:32:50
31852,4:34 PM,4:38 PM,4,Flight match,2026-08-13 13:32:50
34222,9:30 AM,9:30 AM,0,Flight match,2026-08-13 13:43:44
34369,9:30 AM,9:33 AM,3,Flight match,2026-08-13 13:47:47
31345,9:33 AM,9:35 AM,2,Flight match,2026-08-13 13:47:47
28714,10:28 AM,10:25 AM,-3,Flight match,2026-08-13 13:47:47
28804,11:37 AM,11:42 AM,5,Flight match,2026-08-13 13:47:47
30914,12:06 PM,12:15 PM,9,Flight match,2026-08-13 13:47:47
34397,12:27 PM,12:22 PM,-5,Flight match,2026-08-13 13:47:47
30207,12:36 PM,12:33 PM,-3,Flight match,2026-08-13 13:47:47
33352,12:47 PM,12:44 PM,-3,Flight match,2026-08-13 13:47:47
34022,12:47 PM,12:35 PM,-12,Flight match,2026-08-13 13:47:47
29572,12:55 PM,12:45 PM,-10,Flight match,2026-08-13 13:47:47
30832,4:26 PM,4:29 PM,3,Flight match,2026-08-13 13:47:47
31852,4:38 PM,4:34 PM,-4,Flight match,2026-08-13 13:47:48
33330,6:54 PM,6:33 PM,-21,Flight match,2026-08-13 13:47:48
33326,9:18 PM,8:55 PM,-23,Flight match,2026-08-13 13:47:48
28714,10:25 AM,10:28 AM,3,Flight match,2026-08-13 13:57:47
30914,12:15 PM,12:18 PM,3,Flight match,2026-08-13 13:57:47
30207,12:33 PM,12:35 PM,2,Flight match,2026-08-13 13:57:47
34022,12:35 PM,12:42 PM,7,Flight match,2026-08-13 13:57:48
31852,4:34 PM,4:38 PM,4,Flight match,2026-08-13 13:57:48
33330,6:33 PM,6:54 PM,21,Flight match,2026-08-13 13:57:48
33326,8:55 PM,9:18 PM,23,Flight match,2026-08-13 13:57:48
25979,10:03 AM,10:00 AM,-3,Flight match,2026-08-13 14:11:24
21089,10:03 AM,9:59 AM,-4,Flight match,2026-08-13 14:11:24
24417,11:00 AM,10:56 AM,-4,Flight match,2026-08-13 14:11:24
31591,9:51 AM,9:50 AM,-1,Flight match,2026-08-13 14:28:16
25979,10:00 AM,9:59 AM,-1,Flight match,2026-08-13 14:28:16
28714,10:28 AM,10:29 AM,1,Flight match,2026-08-13 14:28:16
33935,10:48 AM,10:45 AM,-3,Flight match,2026-08-13 14:28:16
31369,10:48 AM,10:45 AM,-3,Flight match,2026-08-13 14:28:17
32926,12:08 PM,11:53 AM,-15,Flight match,2026-08-13 14:28:17
25592,12:28 PM,12:29 PM,1,Flight match,2026-08-13 14:28:17
30207,12:35 PM,12:32 PM,-3,Flight match,2026-08-13 14:28:17
25114,12:42 PM,12:58 PM,16,Flight match,2026-08-13 14:28:17
34022,12:42 PM,12:44 PM,2,Flight match,2026-08-13 14:28:17
29572,12:45 PM,12:55 PM,10,Flight match,2026-08-13 14:28:17
22942,12:54 PM,12:56 PM,2,Flight match,2026-08-13 14:28:17
23320,1:12 PM,1:06 PM,-6,Flight match,2026-08-13 14:28:17
33968,2:50 PM,2:47 PM,-3,Flight match,2026-08-13 14:28:17
30832,4:29 PM,4:04 PM,-25,Flight match,2026-08-13 14:28:17
33330,6:54 PM,6:33 PM,-21,Flight match,2026-08-13 14:28:17
29466,7:05 PM,6:42 PM,-23,Flight match,2026-08-13 14:28:17
28714,10:29 AM,10:25 AM,-4,Flight match,2026-08-13 14:41:50
27685,11:05 AM,11:10 AM,5,Flight match,2026-08-13 14:41:50
32926,11:53 AM,11:54 AM,1,Flight match,2026-08-13 14:41:50
30914,12:18 PM,12:29 PM,11,Flight match,2026-08-13 14:41:50
25592,12:29 PM,12:23 PM,-6,Flight match,2026-08-13 14:41:50
33352,12:44 PM,12:39 PM,-5,Flight match,2026-08-13 14:41:50
29572,12:55 PM,12:49 PM,-6,Flight match,2026-08-13 14:41:50
22942,12:56 PM,12:48 PM,-8,Flight match,2026-08-13 14:41:50
25114,12:58 PM,12:55 PM,-3,Flight match,2026-08-13 14:41:51
23320,1:06 PM,1:01 PM,-5,Flight match,2026-08-13 14:41:51
33278,1:50 PM,1:51 PM,1,Flight match,2026-08-13 14:41:51
30832,4:04 PM,4:29 PM,25,Flight match,2026-08-13 14:41:51
31852,4:38 PM,4:34 PM,-4,Flight match,2026-08-13 14:41:51
28680,5:19 PM,5:43 PM,24,Flight match,2026-08-13 14:41:51
29572,12:49 PM,12:47 PM,-2,Flight match,2026-08-13 14:57:26
24417,10:56 AM,11:02 AM,6,Flight match,2026-08-13 15:16:27
34397,12:22 PM,12:13 PM,-9,Flight match,2026-08-13 15:16:27
30914,12:29 PM,12:28 PM,-1,Flight match,2026-08-13 15:16:27
33352,12:39 PM,12:42 PM,3,Flight match,2026-08-13 15:16:27
34022,12:44 PM,12:39 PM,-5,Flight match,2026-08-13 15:16:27
29572,12:47 PM,12:51 PM,4,Flight match,2026-08-13 15:16:27
25114,12:55 PM,12:54 PM,-1,Flight match,2026-08-13 15:16:28
33239,3:31 PM,3:33 PM,2,Flight match,2026-08-13 15:16:28
30832,4:29 PM,4:18 PM,-11,Flight match,2026-08-13 15:16:28
31852,4:34 PM,4:38 PM,4,Flight match,2026-08-13 15:16:28
28680,5:43 PM,5:19 PM,-24,Flight match,2026-08-13 15:16:28
30914,12:28 PM,12:33 PM,5,Flight match,2026-08-13 15:46:49
34022,12:39 PM,12:39 PM,0,Flight match,2026-08-13 15:46:49
33352,12:42 PM,12:44 PM,2,Flight match,2026-08-13 15:46:49
23320,1:01 PM,1:00 PM,-1,Flight match,2026-08-13 15:46:49
33968,2:47 PM,2:41 PM,-6,Flight match,2026-08-13 15:46:50
27685,11:10 AM,11:11 AM,1,Flight match,2026-08-13 16:12:27
28804,11:42 AM,11:39 AM,-3,Flight match,2026-08-13 16:12:28
30914,12:33 PM,12:26 PM,-7,Flight match,2026-08-13 16:12:28
34022,12:39 PM,12:41 PM,2,Flight match,2026-08-13 16:12:28
33352,12:44 PM,12:54 PM,10,Flight match,2026-08-13 16:12:28
25114,12:54 PM,12:55 PM,1,Flight match,2026-08-13 16:12:29
23320,1:00 PM,12:58 PM,-2,Flight match,2026-08-13 16:12:29
33968,2:41 PM,2:47 PM,6,Flight match,2026-08-13 16:12:29
31527,2:49 PM,2:44 PM,-5,Flight match,2026-08-13 16:12:29
33239,3:33 PM,3:26 PM,-7,Flight match,2026-08-13 16:12:29
30832,4:18 PM,4:35 PM,17,Flight match,2026-08-13 16:12:30
31852,4:38 PM,4:32 PM,-6,Flight match,2026-08-13 16:12:30
31689,4:40 PM,4:32 PM,-8,Flight match,2026-08-13 16:12:30
31289,4:40 PM,4:32 PM,-8,Flight match,2026-08-13 16:12:30
29466,6:42 PM,7:05 PM,23,Flight match,2026-08-13 16:12:30
32507,8:33 PM,8:34 PM,1,Flight match,2026-08-13 16:12:31
33326,9:18 PM,8:55 PM,-23,Flight match,2026-08-13 16:12:31
32926,11:54 AM,11:58 AM,4,Flight match,2026-08-13 16:37:19
30914,12:26 PM,12:32 PM,6,Flight match,2026-08-13 16:37:19
34022,12:41 PM,12:40 PM,-1,Flight match,2026-08-13 16:37:19
25114,12:55 PM,12:59 PM,4,Flight match,2026-08-13 16:37:19
23320,12:58 PM,12:55 PM,-3,Flight match,2026-08-13 16:37:20
33968,2:47 PM,2:58 PM,11,Flight match,2026-08-13 16:37:20
28680,5:19 PM,5:23 PM,4,Flight match,2026-08-13 16:37:20
25368,6:13 PM,6:50 PM,37,Flight match,2026-08-13 16:37:20
30920,9:10 AM,9:10 AM,0,Flight match,2026-08-13 16:51:55
11122,4:12 PM,4:12 PM,0,Flight match,2026-08-13 16:51:55
25592,12:23 PM,12:25 PM,2,Flight match,2026-08-13 16:58:53
30207,12:32 PM,12:31 PM,-1,Flight match,2026-08-13 16:58:54
30914,12:32 PM,12:30 PM,-2,Flight match,2026-08-13 16:58:55
34022,12:40 PM,12:41 PM,1,Flight match,2026-08-13 16:58:55
22942,12:48 PM,12:49 PM,1,Flight match,2026-08-13 16:58:56
25114,12:59 PM,12:58 PM,-1,Flight match,2026-08-13 16:58:56
31527,2:44 PM,3:10 PM,26,Flight match,2026-08-13 16:58:56
33968,2:58 PM,3:19 PM,21,Flight match,2026-08-13 16:58:57
33239,3:26 PM,3:27 PM,1,Flight match,2026-08-13 16:58:57
25368,6:50 PM,6:13 PM,-37,Flight match,2026-08-13 16:58:58
29466,7:05 PM,6:42 PM,-23,Flight match,2026-08-13 16:58:59
22942,12:49 PM,12:51 PM,2,Flight match,2026-08-13 17:16:56
29572,12:51 PM,12:52 PM,1,Flight match,2026-08-13 17:16:56
33352,12:54 PM,12:55 PM,1,Flight match,2026-08-13 17:16:56
25114,12:58 PM,12:54 PM,-4,Flight match,2026-08-13 17:16:56
31527,3:10 PM,3:03 PM,-7,Flight match,2026-08-13 17:16:57
33968,3:19 PM,3:24 PM,5,Flight match,2026-08-13 17:16:57
33239,3:27 PM,3:23 PM,-4,Flight match,2026-08-13 17:16:57
30832,4:35 PM,4:18 PM,-17,Flight match,2026-08-13 17:16:57
23994,5:50 PM,5:30 PM,-20,Flight match,2026-08-13 17:16:57
28036,6:16 PM,5:58 PM,-18,Flight match,2026-08-13 17:16:57
29466,6:42 PM,7:28 PM,46,Flight match,2026-08-13 17:16:57
23320,12:55 PM,1:02 PM,7,Flight match,2026-08-13 17:29:55
33239,3:23 PM,3:28 PM,5,Flight match,2026-08-13 17:29:55
33968,3:24 PM,3:36 PM,12,Flight match,2026-08-13 17:29:55
31689,4:32 PM,4:27 PM,-5,Flight match,2026-08-13 17:29:55
31289,4:32 PM,4:27 PM,-5,Flight match,2026-08-13 17:29:56
33330,6:33 PM,6:28 PM,-5,Flight match,2026-08-13 17:29:56
29466,7:28 PM,7:20 PM,-8,Flight match,2026-08-13 17:29:56
33239,3:28 PM,3:31 PM,3,Flight match,2026-08-13 17:45:27
33968,3:36 PM,3:29 PM,-7,Flight match,2026-08-13 17:45:27
31852,4:32 PM,4:21 PM,-11,Flight match,2026-08-13 17:45:27
28680,5:23 PM,5:19 PM,-4,Flight match,2026-08-13 17:45:28
32507,8:34 PM,9:03 PM,29,Flight match,2026-08-13 17:45:28
33278,1:51 PM,1:54 PM,3,Flight match,2026-08-13 18:19:57
31527,3:03 PM,3:07 PM,4,Flight match,2026-08-13 18:19:57
33239,3:31 PM,3:26 PM,-5,Flight match,2026-08-13 18:19:58
31852,4:21 PM,4:15 PM,-6,Flight match,2026-08-13 18:19:58
31689,4:27 PM,4:33 PM,6,Flight match,2026-08-13 18:19:59
31289,4:27 PM,4:33 PM,6,Flight match,2026-08-13 18:19:59
28036,5:58 PM,6:16 PM,18,Flight match,2026-08-13 18:19:59
25368,6:13 PM,6:50 PM,37,Flight match,2026-08-13 18:19:59
33330,6:28 PM,6:34 PM,6,Flight match,2026-08-13 18:19:59
29466,7:20 PM,7:00 PM,-20,Flight match,2026-08-13 18:19:59
32507,9:03 PM,9:04 PM,1,Flight match,2026-08-13 18:20:00
33968,3:29 PM,3:43 PM,14,Flight match,2026-08-13 18:37:06
31689,4:33 PM,4:34 PM,1,Flight match,2026-08-13 18:37:06
31289,4:33 PM,4:34 PM,1,Flight match,2026-08-13 18:37:06
28036,6:16 PM,5:58 PM,-18,Flight match,2026-08-13 18:37:07
25368,6:50 PM,6:13 PM,-37,Flight match,2026-08-13 18:37:07
33968,3:43 PM,3:39 PM,-4,Flight match,2026-08-13 18:57:30
31689,4:34 PM,4:39 PM,5,Flight match,2026-08-13 18:57:30
31289,4:34 PM,4:39 PM,5,Flight match,2026-08-13 18:57:31
28680,5:19 PM,5:17 PM,-2,Flight match,2026-08-13 18:57:31
32346,6:52 PM,6:37 PM,-15,Flight match,2026-08-13 18:57:31
33239,3:26 PM,3:23 PM,-3,Flight match,2026-08-13 19:28:56
33968,3:39 PM,3:36 PM,-3,Flight match,2026-08-13 19:28:56
28680,5:17 PM,5:23 PM,6,Flight match,2026-08-13 19:28:56
25368,6:13 PM,7:00 PM,47,Flight match,2026-08-13 19:28:56
33330,6:34 PM,6:27 PM,-7,Flight match,2026-08-13 19:28:56
33221,6:59 PM,6:54 PM,-5,Flight match,2026-08-13 19:28:56
32941,6:59 PM,6:54 PM,-5,Flight match,2026-08-13 19:28:56
31747,8:00 PM,7:56 PM,-4,Flight match,2026-08-13 19:28:56
33968,3:36 PM,3:39 PM,3,Flight match,2026-08-13 19:49:07
28036,5:58 PM,5:58 PM,0,Flight match,2026-08-13 19:49:07
32507,9:04 PM,9:27 PM,23,Flight match,2026-08-13 19:49:07
31527,3:07 PM,3:10 PM,3,Flight match,2026-08-13 20:41:27
33239,3:23 PM,3:29 PM,6,Flight match,2026-08-13 20:41:27
33968,3:39 PM,3:35 PM,-4,Flight match,2026-08-13 20:41:27
31852,4:15 PM,4:17 PM,2,Flight match,2026-08-13 20:41:28
30832,4:18 PM,4:22 PM,4,Flight match,2026-08-13 20:41:28
31289,4:39 PM,4:36 PM,-3,Flight match,2026-08-13 20:41:28
31689,4:39 PM,4:36 PM,-3,Flight match,2026-08-13 20:41:28
28680,5:23 PM,5:18 PM,-5,Flight match,2026-08-13 20:41:28
23994,5:30 PM,5:36 PM,6,Flight match,2026-08-13 20:41:28
28036,5:58 PM,6:01 PM,3,Flight match,2026-08-13 20:41:28
33330,6:27 PM,6:37 PM,10,Flight match,2026-08-13 20:41:28
32346,6:37 PM,6:41 PM,4,Flight match,2026-08-13 20:41:28
33221,6:54 PM,7:14 PM,20,Flight match,2026-08-13 20:41:28
32941,6:54 PM,7:14 PM,20,Flight match,2026-08-13 20:41:28
29466,7:00 PM,7:03 PM,3,Flight match,2026-08-13 20:41:28
25368,7:00 PM,6:19 PM,-41,Flight match,2026-08-13 20:41:29
33326,8:55 PM,8:51 PM,-4,Flight match,2026-08-13 20:41:29
34438,8:15 AM,7:41 AM,-34,Flight match,2026-08-13 20:47:09
33695,8:31 AM,8:31 AM,0,Flight match,2026-08-13 20:47:09
29689,9:28 AM,9:44 AM,16,Flight match,2026-08-13 20:47:10
32485,9:53 AM,10:16 AM,23,Flight match,2026-08-13 20:47:10
24432,10:07 AM,10:20 AM,13,Flight match,2026-08-13 20:47:10
32428,10:27 AM,10:15 AM,-12,Flight match,2026-08-13 20:47:10
32444,11:07 AM,11:22 AM,15,Flight match,2026-08-13 20:47:10
31026,11:36 AM,11:33 AM,-3,Flight match,2026-08-13 20:47:10
33138,11:55 AM,11:39 AM,-16,Flight match,2026-08-13 20:47:10
33008,11:55 AM,11:39 AM,-16,Flight match,2026-08-13 20:47:10
29728,1:09 PM,1:02 PM,-7,Flight match,2026-08-13 20:47:10
33081,1:09 PM,1:02 PM,-7,Flight match,2026-08-13 20:47:10
30900,1:40 PM,1:31 PM,-9,Flight match,2026-08-13 20:47:11
29216,2:12 PM,2:09 PM,-3,Flight match,2026-08-13 20:47:11
34235,2:29 PM,2:01 PM,-28,Flight match,2026-08-13 20:47:11
31938,2:30 PM,2:15 PM,-15,Flight match,2026-08-13 20:47:11
32406,2:45 PM,2:32 PM,-13,Flight match,2026-08-13 20:47:11
28606,2:58 PM,3:01 PM,3,Flight match,2026-08-13 20:47:11
32492,3:40 PM,3:21 PM,-19,Flight match,2026-08-13 20:47:11
24105,4:35 PM,4:27 PM,-8,Flight match,2026-08-13 20:47:11
26549,5:00 PM,4:47 PM,-13,Flight match,2026-08-13 20:47:11
30443,5:22 PM,4:58 PM,-24,Flight match,2026-08-13 20:47:11
30347,5:43 PM,5:11 PM,-32,Flight match,2026-08-13 20:47:11
28602,6:10 PM,6:13 PM,3,Flight match,2026-08-13 20:47:12
32124,6:47 PM,6:52 PM,5,Flight match,2026-08-13 20:47:12
33280,6:54 PM,6:28 PM,-26,Flight match,2026-08-13 20:47:12
30666,6:54 PM,6:04 PM,-50,Flight match,2026-08-13 20:47:12
31289,4:36 PM,4:38 PM,2,Flight match,2026-08-13 21:55:34
31689,4:36 PM,4:38 PM,2,Flight match,2026-08-13 21:55:35
28680,5:18 PM,5:24 PM,6,Flight match,2026-08-13 21:55:35
28036,6:01 PM,6:19 PM,18,Flight match,2026-08-13 21:55:35
25368,6:19 PM,7:55 PM,96,Flight match,2026-08-13 21:55:35
33330,6:37 PM,6:44 PM,7,Flight match,2026-08-13 21:55:36
29466,7:03 PM,7:18 PM,15,Flight match,2026-08-13 21:55:36
33221,7:14 PM,7:57 PM,43,Flight match,2026-08-13 21:55:36
32941,7:14 PM,7:57 PM,43,Flight match,2026-08-13 21:55:36
31747,7:56 PM,8:01 PM,5,Flight match,2026-08-13 21:55:36
33326,8:51 PM,8:52 PM,1,Flight match,2026-08-13 21:55:36
34381,10:10 PM,10:19 PM,9,Flight match,2026-08-13 21:55:36
32943,10:47 PM,10:47 PM,0,Flight match,2026-08-13 21:55:36
28036,6:19 PM,6:43 PM,24,Flight match,2026-08-13 23:39:22
32346,6:41 PM,7:02 PM,21,Flight match,2026-08-13 23:39:22
33330,6:44 PM,6:54 PM,10,Flight match,2026-08-13 23:39:22
29466,7:18 PM,7:25 PM,7,Flight match,2026-08-13 23:39:23
25368,7:55 PM,7:56 PM,1,Flight match,2026-08-13 23:39:23
32941,7:57 PM,8:01 PM,4,Flight match,2026-08-13 23:39:23
33221,7:57 PM,8:01 PM,4,Flight match,2026-08-13 23:39:23
31747,8:01 PM,8:04 PM,3,Flight match,2026-08-13 23:39:23
33326,8:52 PM,8:54 PM,2,Flight match,2026-08-13 23:39:24
32507,9:27 PM,10:04 PM,37,Flight match,2026-08-13 23:39:24
32943,10:47 PM,10:59 PM,12,Flight match,2026-08-13 23:39:24
23994,5:36 PM,7:42 PM,126,Flight match,2026-08-14 00:14:39
25368,7:56 PM,8:03 PM,7,Flight match,2026-08-14 00:14:39
32941,8:01 PM,8:00 PM,-1,Flight match,2026-08-14 00:14:39
33221,8:01 PM,8:00 PM,-1,Flight match,2026-08-14 00:14:39
31747,8:04 PM,8:02 PM,-2,Flight match,2026-08-14 00:14:40
33326,8:54 PM,8:47 PM,-7,Flight match,2026-08-14 00:14:40
32507,10:04 PM,9:38 PM,-26,Flight match,2026-08-14 00:14:40
34381,10:19 PM,10:17 PM,-2,Flight match,2026-08-14 00:14:40
32943,10:59 PM,10:56 PM,-3,Flight match,2026-08-14 00:14:40
33326,8:47 PM,8:42 PM,-5,Flight match,2026-08-14 03:16:05
32507,9:38 PM,9:42 PM,4,Flight match,2026-08-14 03:16:05
34381,10:17 PM,10:04 PM,-13,Flight match,2026-08-14 03:16:05
32943,10:56 PM,10:12 PM,-44,Flight match,2026-08-14 03:16:06
30528,9:24 AM,8:53 AM,-31,Flight match,2026-08-14 04:14:00
31813,9:30 AM,8:20 AM,-70,Flight match,2026-08-14 04:14:00
30704,9:40 AM,9:30 AM,-10,Flight match,2026-08-14 04:14:00
34187,9:40 AM,9:15 AM,-25,Flight match,2026-08-14 04:14:00
33843,9:43 AM,9:33 AM,-10,Flight match,2026-08-14 04:14:00
31541,9:45 AM,9:38 AM,-7,Flight match,2026-08-14 04:14:00
33481,9:59 AM,9:49 AM,-10,Flight match,2026-08-14 04:14:00
33951,9:59 AM,9:49 AM,-10,Flight match,2026-08-14 04:14:00
31128,10:11 AM,10:01 AM,-10,Flight match,2026-08-14 04:14:00
34485,10:30 AM,10:15 AM,-15,Flight match,2026-08-14 04:14:00
24440,10:30 AM,10:20 AM,-10,Flight match,2026-08-14 04:14:00
32782,10:30 AM,10:01 AM,-29,Flight match,2026-08-14 04:14:00
34614,10:30 AM,10:15 AM,-15,Flight match,2026-08-14 04:14:00
30905,10:45 AM,10:01 AM,-44,Flight match,2026-08-14 04:14:00
7138,11:00 AM,10:23 AM,-37,Flight match,2026-08-14 04:14:01
33497,11:08 AM,10:54 AM,-14,Flight match,2026-08-14 04:14:01
26087,11:09 AM,10:59 AM,-10,Flight match,2026-08-14 04:14:01
30181,11:15 AM,10:40 AM,-35,Flight match,2026-08-14 04:14:01
22311,11:25 AM,11:36 AM,11,Flight match,2026-08-14 04:14:01
17815,11:45 AM,11:36 AM,-9,Flight match,2026-08-14 04:14:01
21996,11:55 AM,11:45 AM,-10,Flight match,2026-08-14 04:14:01
23924,11:59 AM,12:00 PM,1,Flight match,2026-08-14 04:14:01
26556,12:00 PM,11:50 AM,-10,Flight match,2026-08-14 04:14:01
27397,12:59 PM,12:49 PM,-10,Flight match,2026-08-14 04:14:01
22181,1:40 PM,1:39 PM,-1,Flight match,2026-08-14 04:14:01
34139,1:41 PM,1:31 PM,-10,Flight match,2026-08-14 04:14:01
29135,1:45 PM,1:39 PM,-6,Flight match,2026-08-14 04:14:01
21788,2:15 PM,2:00 PM,-15,Flight match,2026-08-14 04:14:01
19867,2:30 PM,2:01 PM,-29,Flight match,2026-08-14 04:14:01
28237,2:45 PM,2:32 PM,-13,Flight match,2026-08-14 04:14:02
28176,3:00 PM,3:03 PM,3,Flight match,2026-08-14 04:14:02
28178,3:00 PM,3:03 PM,3,Flight match,2026-08-14 04:14:02
32155,3:00 PM,2:49 PM,-11,Flight match,2026-08-14 04:14:02
28792,4:49 PM,4:39 PM,-10,Flight match,2026-08-14 04:14:02
15180,5:21 PM,5:22 PM,1,Flight match,2026-08-14 04:14:02
19991,5:40 PM,5:43 PM,3,Flight match,2026-08-14 04:14:02
32164,5:45 PM,5:22 PM,-23,Flight match,2026-08-14 04:14:02
33573,6:20 PM,6:30 PM,10,Flight match,2026-08-14 04:14:02
21742,6:33 PM,6:37 PM,4,Flight match,2026-08-14 04:14:02
24118,3:30 PM,7:00 PM,210,Flight match,2026-08-14 04:14:46
24359,3:45 PM,2:49 PM,-56,Flight match,2026-08-14 04:15:00
34438,7:41 AM,7:39 AM,-2,Flight match,2026-08-14 10:22:13
26452,8:05 AM,8:12 AM,7,Flight match,2026-08-14 10:22:13
33492,8:23 AM,8:14 AM,-9,Flight match,2026-08-14 10:22:13
33695,8:31 AM,8:22 AM,-9,Flight match,2026-08-14 10:22:13
32665,9:10 AM,9:11 AM,1,Flight match,2026-08-14 10:22:13
33103,9:10 AM,9:11 AM,1,Flight match,2026-08-14 10:22:13
30920,9:10 AM,9:11 AM,1,Flight match,2026-08-14 10:22:14
24570,9:21 AM,9:21 AM,0,Flight match,2026-08-14 10:22:14
29689,9:44 AM,9:31 AM,-13,Flight match,2026-08-14 10:22:14
32428,10:15 AM,10:28 AM,13,Flight match,2026-08-14 10:22:14
32485,10:16 AM,10:24 AM,8,Flight match,2026-08-14 10:22:14
24432,10:20 AM,10:09 AM,-11,Flight match,2026-08-14 10:22:14
32490,10:39 AM,10:44 AM,5,Flight match,2026-08-14 10:22:14
22864,11:21 AM,11:41 AM,20,Flight match,2026-08-14 10:22:14
32444,11:22 AM,12:42 PM,80,Flight match,2026-08-14 10:22:14
32795,11:23 AM,11:22 AM,-1,Flight match,2026-08-14 10:22:14
33138,11:39 AM,11:55 AM,16,Flight match,2026-08-14 10:22:14
33008,11:39 AM,11:55 AM,16,Flight match,2026-08-14 10:22:14
31561,12:47 PM,12:49 PM,2,Flight match,2026-08-14 10:22:14
29728,1:02 PM,1:09 PM,7,Flight match,2026-08-14 10:22:14
33081,1:02 PM,1:09 PM,7,Flight match,2026-08-14 10:22:14
30900,1:31 PM,1:40 PM,9,Flight match,2026-08-14 10:22:15
34235,2:01 PM,2:29 PM,28,Flight match,2026-08-14 10:22:15
32406,2:32 PM,2:45 PM,13,Flight match,2026-08-14 10:22:15
28606,3:01 PM,2:58 PM,-3,Flight match,2026-08-14 10:22:15
32492,3:21 PM,3:40 PM,19,Flight match,2026-08-14 10:22:15
11122,4:12 PM,4:04 PM,-8,Flight match,2026-08-14 10:22:15
24105,4:27 PM,4:35 PM,8,Flight match,2026-08-14 10:22:15
26549,4:47 PM,5:00 PM,13,Flight match,2026-08-14 10:22:15
30443,4:58 PM,5:22 PM,24,Flight match,2026-08-14 10:22:15
30347,5:11 PM,5:43 PM,32,Flight match,2026-08-14 10:22:15
28602,6:13 PM,6:10 PM,-3,Flight match,2026-08-14 10:22:15
33280,6:28 PM,6:54 PM,26,Flight match,2026-08-14 10:22:15
30399,8:07 PM,8:03 PM,-4,Flight match,2026-08-14 10:22:15
34119,11:41 PM,11:29 PM,-12,Flight match,2026-08-14 10:22:16
34445,12:30 PM,11:54 AM,-36,Flight match,2026-08-14 10:57:02
34438,7:39 AM,7:37 AM,-2,Flight match,2026-08-14 11:22:39
26452,8:12 AM,8:13 AM,1,Flight match,2026-08-14 11:22:39
32665,9:11 AM,9:10 AM,-1,Flight match,2026-08-14 11:22:40
33103,9:11 AM,9:10 AM,-1,Flight match,2026-08-14 11:22:40
30920,9:11 AM,9:10 AM,-1,Flight match,2026-08-14 11:22:40
24570,9:21 AM,9:26 AM,5,Flight match,2026-08-14 11:22:40
29689,9:31 AM,9:33 AM,2,Flight match,2026-08-14 11:22:40
33859,9:35 AM,9:37 AM,2,Flight match,2026-08-14 11:22:40
24432,10:09 AM,10:02 AM,-7,Flight match,2026-08-14 11:22:40
32485,10:24 AM,10:05 AM,-19,Flight match,2026-08-14 11:22:40
31621,10:29 AM,10:33 AM,4,Flight match,2026-08-14 11:22:40
32490,10:44 AM,10:46 AM,2,Flight match,2026-08-14 11:22:40
32795,11:22 AM,11:24 AM,2,Flight match,2026-08-14 11:22:40
31561,12:49 PM,12:47 PM,-2,Flight match,2026-08-14 11:22:40
31758,1:51 PM,1:19 PM,-32,Flight match,2026-08-14 11:22:40
28606,2:58 PM,3:01 PM,3,Flight match,2026-08-14 11:22:40
26549,5:00 PM,5:06 PM,6,Flight match,2026-08-14 11:22:40
30399,8:03 PM,8:07 PM,4,Flight match,2026-08-14 11:22:41
34438,7:37 AM,7:35 AM,-2,Flight match,2026-08-14 11:56:41
32665,9:10 AM,9:07 AM,-3,Flight match,2026-08-14 11:56:41
33103,9:10 AM,9:07 AM,-3,Flight match,2026-08-14 11:56:41
30920,9:10 AM,9:07 AM,-3,Flight match,2026-08-14 11:56:42
24570,9:26 AM,9:30 AM,4,Flight match,2026-08-14 11:56:42
29689,9:33 AM,9:26 AM,-7,Flight match,2026-08-14 11:56:42
24432,10:02 AM,10:05 AM,3,Flight match,2026-08-14 11:56:42
32485,10:05 AM,10:25 AM,20,Flight match,2026-08-14 11:56:42
31621,10:33 AM,10:08 AM,-25,Flight match,2026-08-14 11:56:42
32490,10:46 AM,10:48 AM,2,Flight match,2026-08-14 11:56:42
32795,11:24 AM,11:16 AM,-8,Flight match,2026-08-14 11:56:42
31026,11:33 AM,11:14 AM,-19,Flight match,2026-08-14 11:56:43
22864,11:41 AM,11:44 AM,3,Flight match,2026-08-14 11:56:43
33138,11:55 AM,11:46 AM,-9,Flight match,2026-08-14 11:56:43
33008,11:55 AM,11:46 AM,-9,Flight match,2026-08-14 11:56:43
32444,12:42 PM,12:29 PM,-13,Flight match,2026-08-14 11:56:43
31561,12:47 PM,12:49 PM,2,Flight match,2026-08-14 11:56:43
29728,1:09 PM,1:02 PM,-7,Flight match,2026-08-14 11:56:43
33081,1:09 PM,1:02 PM,-7,Flight match,2026-08-14 11:56:43
32406,2:45 PM,2:46 PM,1,Flight match,2026-08-14 11:56:43
28606,3:01 PM,2:58 PM,-3,Flight match,2026-08-14 11:56:43
33506,4:21 PM,4:08 PM,-13,Flight match,2026-08-14 11:56:43
33492,8:14 AM,8:10 AM,-4,Flight match,2026-08-14 12:10:35
32665,9:07 AM,9:10 AM,3,Flight match,2026-08-14 12:10:35
33103,9:07 AM,9:10 AM,3,Flight match,2026-08-14 12:10:35
30920,9:07 AM,9:10 AM,3,Flight match,2026-08-14 12:10:35
32485,10:25 AM,11:13 AM,48,Flight match,2026-08-14 12:10:35
32795,11:16 AM,11:18 AM,2,Flight match,2026-08-14 12:10:35
31561,12:49 PM,12:47 PM,-2,Flight match,2026-08-14 12:10:35
34235,2:29 PM,2:30 PM,1,Flight match,2026-08-14 12:10:35
32406,2:46 PM,2:45 PM,-1,Flight match,2026-08-14 12:10:35
28606,2:58 PM,3:01 PM,3,Flight match,2026-08-14 12:10:35
11122,4:04 PM,3:59 PM,-5,Flight match,2026-08-14 12:10:36
28602,6:10 PM,6:13 PM,3,Flight match,2026-08-14 12:10:36
26452,8:13 AM,8:11 AM,-2,Flight match,2026-08-14 12:28:36
33695,8:22 AM,8:24 AM,2,Flight match,2026-08-14 12:28:36
33859,9:37 AM,9:42 AM,5,Flight match,2026-08-14 12:28:36
32428,10:28 AM,9:54 AM,-34,Flight match,2026-08-14 12:28:36
32485,11:13 AM,11:33 AM,20,Flight match,2026-08-14 12:28:36
31026,11:14 AM,11:28 AM,14,Flight match,2026-08-14 12:28:37
22864,11:44 AM,11:56 AM,12,Flight match,2026-08-14 12:28:37
32444,12:29 PM,12:34 PM,5,Flight match,2026-08-14 12:28:37
29728,1:02 PM,1:13 PM,11,Flight match,2026-08-14 12:28:37
33081,1:02 PM,1:13 PM,11,Flight match,2026-08-14 12:28:37
31758,1:19 PM,1:51 PM,32,Flight match,2026-08-14 12:28:37
28606,3:01 PM,2:58 PM,-3,Flight match,2026-08-14 12:28:37
31075,8:05 PM,8:07 PM,2,Flight match,2026-08-14 12:28:37
33492,8:10 AM,8:15 AM,5,Flight match,2026-08-14 12:57:11
33695,8:24 AM,8:31 AM,7,Flight match,2026-08-14 12:57:11
32428,9:54 AM,9:58 AM,4,Flight match,2026-08-14 12:57:11
32485,11:33 AM,11:43 AM,10,Flight match,2026-08-14 12:57:12
32444,12:34 PM,12:25 PM,-9,Flight match,2026-08-14 12:57:12
31758,1:51 PM,1:21 PM,-30,Flight match,2026-08-14 12:57:12
11122,3:59 PM,3:58 PM,-1,Flight match,2026-08-14 12:57:12
30443,5:22 PM,4:58 PM,-24,Flight match,2026-08-14 12:57:12
32325,9:30 AM,8:55 AM,-35,Flight match,2026-08-14 13:33:01
33654,1:50 PM,12:51 PM,-59,Flight match,2026-08-14 13:33:09
33078,5:29 PM,4:51 PM,-38,Flight match,2026-08-14 13:33:16
29413,12:00 PM,11:23 AM,-37,Flight match,2026-08-14 13:33:23
32399,5:30 PM,4:46 PM,-44,Flight match,2026-08-14 13:33:29
33241,10:30 PM,10:50 AM,-700,Flight match,2026-08-14 13:33:54
33633,10:00 PM,9:34 AM,-746,Flight match,2026-08-14 13:34:25
34167,8:27 AM,8:09 AM,-18,Flight match,2026-08-14 13:43:05
23194,8:45 AM,8:34 AM,-11,Flight match,2026-08-14 13:43:05
19908,8:50 AM,8:31 AM,-19,Flight match,2026-08-14 13:43:05
32325,8:55 AM,8:34 AM,-21,Flight match,2026-08-14 13:43:05
33348,9:20 AM,8:54 AM,-26,Flight match,2026-08-14 13:43:05
22128,9:38 AM,9:35 AM,-3,Flight match,2026-08-14 13:43:05
33940,9:40 AM,9:35 AM,-5,Flight match,2026-08-14 13:43:05
28075,9:40 AM,9:35 AM,-5,Flight match,2026-08-14 13:43:06
25625,9:40 AM,9:35 AM,-5,Flight match,2026-08-14 13:43:06
19202,9:45 AM,9:34 AM,-11,Flight match,2026-08-14 13:43:06
30728,10:15 AM,10:00 AM,-15,Flight match,2026-08-14 13:43:06
19652,10:16 AM,10:10 AM,-6,Flight match,2026-08-14 13:43:06
30829,10:21 AM,10:11 AM,-10,Flight match,2026-08-14 13:43:06
25225,10:30 AM,10:10 AM,-20,Flight match,2026-08-14 13:43:06
27403,10:40 AM,10:43 AM,3,Flight match,2026-08-14 13:43:06
31947,10:40 AM,10:43 AM,3,Flight match,2026-08-14 13:43:06
32935,10:45 AM,10:19 AM,-26,Flight match,2026-08-14 13:43:06
33241,10:50 AM,10:33 AM,-17,Flight match,2026-08-14 13:43:06
18786,11:05 AM,10:43 AM,-22,Flight match,2026-08-14 13:43:06
24312,11:09 AM,10:47 AM,-22,Flight match,2026-08-14 13:43:06
29716,11:19 AM,11:14 AM,-5,Flight match,2026-08-14 13:43:06
29413,11:23 AM,11:27 AM,4,Flight match,2026-08-14 13:43:06
29173,11:25 AM,11:33 AM,8,Flight match,2026-08-14 13:43:06
17340,11:30 AM,11:13 AM,-17,Flight match,2026-08-14 13:43:07
34445,11:54 AM,11:55 AM,1,Flight match,2026-08-14 13:43:07
25480,11:59 AM,12:00 PM,1,Flight match,2026-08-14 13:43:07
23490,12:57 PM,12:58 PM,1,Flight match,2026-08-14 13:43:07
23266,12:59 PM,12:47 PM,-12,Flight match,2026-08-14 13:43:07
31349,12:59 PM,12:57 PM,-2,Flight match,2026-08-14 13:43:07
30819,2:10 PM,2:12 PM,2,Flight match,2026-08-14 13:43:07
34390,2:15 PM,2:10 PM,-5,Flight match,2026-08-14 13:43:07
33621,2:30 PM,2:16 PM,-14,Flight match,2026-08-14 13:43:07
24359,2:49 PM,2:53 PM,4,Flight match,2026-08-14 13:43:07
28938,3:00 PM,2:53 PM,-7,Flight match,2026-08-14 13:43:07
17040,5:00 PM,4:51 PM,-9,Flight match,2026-08-14 13:43:07
33301,5:00 PM,4:55 PM,-5,Flight match,2026-08-14 13:43:07
27234,5:00 PM,4:51 PM,-9,Flight match,2026-08-14 13:43:07
31667,5:00 PM,4:55 PM,-5,Flight match,2026-08-14 13:43:07
32198,6:00 PM,5:39 PM,-21,Flight match,2026-08-14 13:43:07
32963,6:12 PM,5:51 PM,-21,Flight match,2026-08-14 13:43:07
33882,6:20 PM,6:10 PM,-10,Flight match,2026-08-14 13:43:08
24966,6:50 PM,6:54 PM,4,Flight match,2026-08-14 13:43:08
31222,8:00 PM,7:57 PM,-3,Flight match,2026-08-14 13:43:08
34577,9:05 PM,8:54 PM,-11,Flight match,2026-08-14 13:43:08
34650,11:47 PM,11:44 PM,-3,Flight match,2026-08-14 13:43:08
32665,9:10 AM,9:37 AM,27,Flight match,2026-08-14 13:48:23
33103,9:10 AM,9:37 AM,27,Flight match,2026-08-14 13:48:23
30920,9:10 AM,9:37 AM,27,Flight match,2026-08-14 13:48:23
24570,9:30 AM,9:27 AM,-3,Flight match,2026-08-14 13:48:23
33859,9:42 AM,9:38 AM,-4,Flight match,2026-08-14 13:48:23
32428,9:58 AM,10:00 AM,2,Flight match,2026-08-14 13:48:23
32795,11:18 AM,11:24 AM,6,Flight match,2026-08-14 13:48:23
31026,11:28 AM,11:12 AM,-16,Flight match,2026-08-14 13:48:23
32485,11:43 AM,11:49 AM,6,Flight match,2026-08-14 13:48:23
33138,11:46 AM,11:47 AM,1,Flight match,2026-08-14 13:48:23
33008,11:46 AM,11:47 AM,1,Flight match,2026-08-14 13:48:23
22864,11:56 AM,11:38 AM,-18,Flight match,2026-08-14 13:48:23
32444,12:25 PM,12:31 PM,6,Flight match,2026-08-14 13:48:24
31758,1:21 PM,1:14 PM,-7,Flight match,2026-08-14 13:48:24
30900,1:40 PM,1:36 PM,-4,Flight match,2026-08-14 13:48:24
28606,2:58 PM,3:09 PM,11,Flight match,2026-08-14 13:48:24
33506,4:08 PM,4:21 PM,13,Flight match,2026-08-14 13:48:24
30443,4:58 PM,5:22 PM,24,Flight match,2026-08-14 13:48:24
26549,5:06 PM,5:09 PM,3,Flight match,2026-08-14 13:48:24
28602,6:13 PM,6:10 PM,-3,Flight match,2026-08-14 13:48:24
32428,10:00 AM,9:59 AM,-1,Flight match,2026-08-14 14:34:28
24432,10:05 AM,9:54 AM,-11,Flight match,2026-08-14 14:34:28
31026,11:12 AM,11:12 AM,0,Flight match,2026-08-14 14:34:28
22864,11:38 AM,11:44 AM,6,Flight match,2026-08-14 14:34:28
33138,11:47 AM,11:44 AM,-3,Flight match,2026-08-14 14:34:28
33008,11:47 AM,11:44 AM,-3,Flight match,2026-08-14 14:34:28
31561,12:47 PM,12:46 PM,-1,Flight match,2026-08-14 14:34:28
29728,1:13 PM,1:09 PM,-4,Flight match,2026-08-14 14:34:28
33081,1:13 PM,1:09 PM,-4,Flight match,2026-08-14 14:34:28
31938,2:15 PM,2:16 PM,1,Flight match,2026-08-14 14:34:29
32406,2:45 PM,2:36 PM,-9,Flight match,2026-08-14 14:34:29
33506,4:21 PM,4:08 PM,-13,Flight match,2026-08-14 14:34:29
26549,5:09 PM,5:08 PM,-1,Flight match,2026-08-14 14:34:29
33280,6:54 PM,6:28 PM,-26,Flight match,2026-08-14 14:34:29
31075,8:07 PM,8:05 PM,-2,Flight match,2026-08-14 14:34:29
34107,8:10 PM,8:18 PM,8,Flight match,2026-08-14 14:34:30
32490,10:48 AM,10:49 AM,1,Flight match,2026-08-14 14:53:19
31026,11:12 AM,11:10 AM,-2,Flight match,2026-08-14 14:53:19
32444,12:31 PM,12:23 PM,-8,Flight match,2026-08-14 14:53:19
31561,12:46 PM,12:44 PM,-2,Flight match,2026-08-14 14:53:19
29728,1:09 PM,1:13 PM,4,Flight match,2026-08-14 14:53:19
33081,1:09 PM,1:13 PM,4,Flight match,2026-08-14 14:53:19
31758,1:14 PM,1:31 PM,17,Flight match,2026-08-14 14:53:19
31938,2:16 PM,2:06 PM,-10,Flight match,2026-08-14 14:53:19
34235,2:30 PM,2:04 PM,-26,Flight match,2026-08-14 14:53:19
33506,4:08 PM,4:11 PM,3,Flight match,2026-08-14 14:53:19
26549,5:08 PM,4:58 PM,-10,Flight match,2026-08-14 14:53:19
31026,11:10 AM,11:12 AM,2,Flight match,2026-08-14 15:00:23
31561,12:44 PM,12:46 PM,2,Flight match,2026-08-14 15:00:23
29728,1:13 PM,12:50 PM,-23,Flight match,2026-08-14 15:00:23
33081,1:13 PM,12:49 PM,-24,Flight match,2026-08-14 15:00:23
31938,2:06 PM,2:13 PM,7,Flight match,2026-08-14 15:00:23
32490,10:49 AM,10:53 AM,4,Flight match,2026-08-14 15:09:35
31561,12:46 PM,12:55 PM,9,Flight match,2026-08-14 15:09:35
33081,12:49 PM,12:39 PM,-10,Flight match,2026-08-14 15:09:35
29728,12:50 PM,12:39 PM,-11,Flight match,2026-08-14 15:09:35
31758,1:31 PM,1:20 PM,-11,Flight match,2026-08-14 15:09:35
30900,1:36 PM,1:42 PM,6,Flight match,2026-08-14 15:09:35
32492,3:40 PM,3:26 PM,-14,Flight match,2026-08-14 15:09:35
26549,4:58 PM,5:17 PM,19,Flight match,2026-08-14 15:09:35
30443,5:22 PM,5:24 PM,2,Flight match,2026-08-14 15:09:35
30451,7:45 PM,7:15 PM,-30,Flight match,2026-08-14 15:09:36
34107,8:18 PM,8:24 PM,6,Flight match,2026-08-14 15:09:36
30900,1:42 PM,1:48 PM,6,Flight match,2026-08-14 15:16:39
29216,2:09 PM,2:52 PM,43,Flight match,2026-08-14 15:16:39
30347,5:43 PM,5:11 PM,-32,Flight match,2026-08-14 15:16:39
34107,8:24 PM,8:30 PM,6,Flight match,2026-08-14 15:16:39
32795,11:24 AM,11:19 AM,-5,Flight match,2026-08-14 15:33:39
32485,11:49 AM,11:40 AM,-9,Flight match,2026-08-14 15:33:39
29728,12:39 PM,12:40 PM,1,Flight match,2026-08-14 15:33:39
33081,12:39 PM,12:40 PM,1,Flight match,2026-08-14 15:33:39
30900,1:48 PM,1:58 PM,10,Flight match,2026-08-14 15:33:39
31938,2:13 PM,2:10 PM,-3,Flight match,2026-08-14 15:33:39
29216,2:52 PM,2:51 PM,-1,Flight match,2026-08-14 15:33:39
26549,5:17 PM,5:09 PM,-8,Flight match,2026-08-14 15:33:39
34107,8:30 PM,8:51 PM,21,Flight match,2026-08-14 15:33:39
32485,11:40 AM,11:35 AM,-5,Flight match,2026-08-14 16:13:27
22864,11:44 AM,11:46 AM,2,Flight match,2026-08-14 16:13:27
33138,11:44 AM,11:40 AM,-4,Flight match,2026-08-14 16:13:27
33008,11:44 AM,11:40 AM,-4,Flight match,2026-08-14 16:13:27
33081,12:40 PM,12:50 PM,10,Flight match,2026-08-14 16:13:27
29728,12:40 PM,12:50 PM,10,Flight match,2026-08-14 16:13:28
31561,12:55 PM,1:10 PM,15,Flight match,2026-08-14 16:13:28
30900,1:58 PM,1:57 PM,-1,Flight match,2026-08-14 16:13:28
34235,2:04 PM,2:16 PM,12,Flight match,2026-08-14 16:13:28
31938,2:10 PM,2:20 PM,10,Flight match,2026-08-14 16:13:28
29216,2:51 PM,1:59 PM,-52,Flight match,2026-08-14 16:13:28
28606,3:09 PM,2:50 PM,-19,Flight match,2026-08-14 16:13:28
11122,3:58 PM,3:57 PM,-1,Flight match,2026-08-14 16:13:28
24105,4:35 PM,4:30 PM,-5,Flight match,2026-08-14 16:13:28
26549,5:09 PM,5:05 PM,-4,Flight match,2026-08-14 16:13:28
30347,5:11 PM,5:40 PM,29,Flight match,2026-08-14 16:13:28
34107,8:51 PM,9:10 PM,19,Flight match,2026-08-14 16:13:28
32444,12:23 PM,12:21 PM,-2,Flight match,2026-08-14 16:17:10
33081,12:50 PM,12:48 PM,-2,Flight match,2026-08-14 16:17:10
29728,12:50 PM,12:48 PM,-2,Flight match,2026-08-14 16:17:11
34235,2:16 PM,2:42 PM,26,Flight match,2026-08-14 16:17:11
32444,12:21 PM,12:23 PM,2,Flight match,2026-08-14 16:34:26
29728,12:48 PM,12:40 PM,-8,Flight match,2026-08-14 16:34:26
33081,12:48 PM,12:41 PM,-7,Flight match,2026-08-14 16:34:26
30900,1:57 PM,1:58 PM,1,Flight match,2026-08-14 16:34:26
31938,2:20 PM,2:10 PM,-10,Flight match,2026-08-14 16:34:26
32406,2:36 PM,2:33 PM,-3,Flight match,2026-08-14 16:34:26
34235,2:42 PM,2:16 PM,-26,Flight match,2026-08-14 16:34:26
28606,2:50 PM,3:05 PM,15,Flight match,2026-08-14 16:34:27
26549,5:05 PM,5:08 PM,3,Flight match,2026-08-14 16:34:27
30443,5:24 PM,5:00 PM,-24,Flight match,2026-08-14 16:34:27
28602,6:10 PM,6:13 PM,3,Flight match,2026-08-14 16:34:27
29728,12:40 PM,12:52 PM,12,Flight match,2026-08-14 16:55:19
33081,12:41 PM,12:52 PM,11,Flight match,2026-08-14 16:55:19
31938,2:10 PM,2:04 PM,-6,Flight match,2026-08-14 16:55:19
32406,2:33 PM,2:38 PM,5,Flight match,2026-08-14 16:55:19
28606,3:05 PM,3:20 PM,15,Flight match,2026-08-14 16:55:19
30443,5:00 PM,5:10 PM,10,Flight match,2026-08-14 16:55:19
34107,9:10 PM,9:13 PM,3,Flight match,2026-08-14 16:55:19
31758,1:20 PM,1:12 PM,-8,Flight match,2026-08-14 17:08:20
31938,2:04 PM,2:11 PM,7,Flight match,2026-08-14 17:08:20
32406,2:38 PM,2:29 PM,-9,Flight match,2026-08-14 17:08:20
28606,3:20 PM,3:35 PM,15,Flight match,2026-08-14 17:08:20
32492,3:26 PM,3:35 PM,9,Flight match,2026-08-14 17:08:20
26549,5:08 PM,5:14 PM,6,Flight match,2026-08-14 17:08:20
28602,6:13 PM,6:03 PM,-10,Flight match,2026-08-14 17:08:20
29216,1:59 PM,3:01 PM,62,Flight match,2026-08-14 17:10:45
31938,2:11 PM,2:10 PM,-1,Flight match,2026-08-14 17:10:46
32406,2:29 PM,2:29 PM,0,Flight match,2026-08-14 17:10:46
26549,5:14 PM,5:18 PM,4,Flight match,2026-08-14 17:10:46
30666,6:04 PM,6:10 PM,6,Flight match,2026-08-14 17:10:46
29728,12:52 PM,12:52 PM,0,Flight match,2026-08-14 17:31:41
29728,12:52 PM,12:53 PM,1,Flight match,2026-08-14 17:32:35
33081,12:52 PM,12:53 PM,1,Flight match,2026-08-14 17:32:35
31561,1:10 PM,1:08 PM,-2,Flight match,2026-08-14 17:32:35
31938,2:10 PM,2:11 PM,1,Flight match,2026-08-14 17:32:36
34235,2:16 PM,2:21 PM,5,Flight match,2026-08-14 17:32:36
29216,3:01 PM,3:23 PM,22,Flight match,2026-08-14 17:32:36
32492,3:35 PM,3:34 PM,-1,Flight match,2026-08-14 17:32:36
28606,3:35 PM,4:48 PM,73,Flight match,2026-08-14 17:32:36
11122,3:57 PM,3:59 PM,2,Flight match,2026-08-14 17:32:36
33506,4:11 PM,4:01 PM,-10,Flight match,2026-08-14 17:32:36
30443,5:10 PM,5:08 PM,-2,Flight match,2026-08-14 17:32:36
30666,6:10 PM,6:40 PM,30,Flight match,2026-08-14 17:32:36
34107,9:13 PM,9:15 PM,2,Flight match,2026-08-14 17:32:36
34235,2:21 PM,2:16 PM,-5,Flight match,2026-08-14 17:45:00
29216,3:23 PM,3:19 PM,-4,Flight match,2026-08-14 17:45:00
28606,4:48 PM,4:29 PM,-19,Flight match,2026-08-14 17:45:00
30443,5:08 PM,5:05 PM,-3,Flight match,2026-08-14 17:45:00
30347,5:40 PM,5:35 PM,-5,Flight match,2026-08-14 17:45:00
34107,9:15 PM,9:09 PM,-6,Flight match,2026-08-14 17:45:00
31758,1:12 PM,1:15 PM,3,Flight match,2026-08-14 17:51:48
30900,1:58 PM,1:57 PM,-1,Flight match,2026-08-14 17:51:48
24105,4:30 PM,4:24 PM,-6,Flight match,2026-08-14 17:51:48
34107,9:09 PM,9:08 PM,-1,Flight match,2026-08-14 17:51:48
30900,1:57 PM,1:55 PM,-2,Flight match,2026-08-14 18:19:04
31938,2:11 PM,2:10 PM,-1,Flight match,2026-08-14 18:19:04
34235,2:16 PM,2:18 PM,2,Flight match,2026-08-14 18:19:04
29216,3:19 PM,3:15 PM,-4,Flight match,2026-08-14 18:19:05
24105,4:24 PM,4:23 PM,-1,Flight match,2026-08-14 18:19:05
28606,4:29 PM,4:22 PM,-7,Flight match,2026-08-14 18:19:05
30443,5:05 PM,5:00 PM,-5,Flight match,2026-08-14 18:19:05
34107,9:08 PM,9:12 PM,4,Flight match,2026-08-14 18:19:05
34235,2:18 PM,2:28 PM,10,Flight match,2026-08-14 18:31:13
32406,2:29 PM,2:33 PM,4,Flight match,2026-08-14 18:31:13
32492,3:34 PM,3:37 PM,3,Flight match,2026-08-14 18:31:13
30443,5:00 PM,5:32 PM,32,Flight match,2026-08-14 18:31:14
26549,5:18 PM,5:19 PM,1,Flight match,2026-08-14 18:31:14
30347,5:35 PM,5:27 PM,-8,Flight match,2026-08-14 18:31:14
32406,2:33 PM,2:30 PM,-3,Flight match,2026-08-14 18:55:12
32492,3:37 PM,3:40 PM,3,Flight match,2026-08-14 18:55:12
28606,4:22 PM,4:27 PM,5,Flight match,2026-08-14 18:55:12
30347,5:27 PM,5:29 PM,2,Flight match,2026-08-14 18:55:12
30443,5:32 PM,5:42 PM,10,Flight match,2026-08-14 18:55:12
30666,6:40 PM,6:35 PM,-5,Flight match,2026-08-14 18:55:12
29216,3:15 PM,3:13 PM,-2,Flight match,2026-08-14 19:20:47
32492,3:40 PM,3:43 PM,3,Flight match,2026-08-14 19:20:47
30443,5:42 PM,5:52 PM,10,Flight match,2026-08-14 19:20:47
33280,6:28 PM,6:30 PM,2,Flight match,2026-08-14 19:20:47
30399,8:07 PM,8:03 PM,-4,Flight match,2026-08-14 19:20:47
34107,9:12 PM,9:11 PM,-1,Flight match,2026-08-14 19:20:47
29216,3:13 PM,3:12 PM,-1,Flight match,2026-08-14 19:31:07
32492,3:43 PM,3:48 PM,5,Flight match,2026-08-14 19:31:07
33506,4:01 PM,4:12 PM,11,Flight match,2026-08-14 19:31:07
24105,4:23 PM,4:17 PM,-6,Flight match,2026-08-14 19:31:07
28606,4:27 PM,4:32 PM,5,Flight match,2026-08-14 19:31:07
30443,5:52 PM,6:05 PM,13,Flight match,2026-08-14 19:31:07
28602,6:03 PM,6:46 PM,43,Flight match,2026-08-14 19:31:07
30666,6:35 PM,6:58 PM,23,Flight match,2026-08-14 19:31:07
30451,7:15 PM,7:37 PM,22,Flight match,2026-08-14 19:31:07
32492,3:48 PM,4:17 PM,29,Flight match,2026-08-14 20:00:55
11122,3:59 PM,4:14 PM,15,Flight match,2026-08-14 20:00:55
33506,4:12 PM,4:38 PM,26,Flight match,2026-08-14 20:00:55
24105,4:17 PM,4:28 PM,11,Flight match,2026-08-14 20:00:56
28606,4:32 PM,4:55 PM,23,Flight match,2026-08-14 20:00:56
26549,5:19 PM,5:21 PM,2,Flight match,2026-08-14 20:00:56
33280,6:30 PM,6:21 PM,-9,Flight match,2026-08-14 20:00:56
28602,6:46 PM,6:15 PM,-31,Flight match,2026-08-14 20:00:56
30666,6:58 PM,7:11 PM,13,Flight match,2026-08-14 20:00:56
30451,7:37 PM,7:36 PM,-1,Flight match,2026-08-14 20:00:56
31075,8:05 PM,8:10 PM,5,Flight match,2026-08-14 20:00:56
34107,9:11 PM,9:23 PM,12,Flight match,2026-08-14 20:00:56
32492,4:17 PM,4:33 PM,16,Flight match,2026-08-14 20:18:07
24105,4:28 PM,4:38 PM,10,Flight match,2026-08-14 20:18:07
33506,4:38 PM,4:50 PM,12,Flight match,2026-08-14 20:18:07
28606,4:55 PM,5:10 PM,15,Flight match,2026-08-14 20:18:07
28602,6:15 PM,6:30 PM,15,Flight match,2026-08-14 20:18:07
33280,6:21 PM,6:31 PM,10,Flight match,2026-08-14 20:18:07
30666,7:11 PM,7:33 PM,22,Flight match,2026-08-14 20:18:07
30399,8:03 PM,8:16 PM,13,Flight match,2026-08-14 20:18:07
31075,8:10 PM,8:05 PM,-5,Flight match,2026-08-14 20:18:07
33585,10:45 PM,10:54 PM,9,Flight match,2026-08-14 20:18:07
33506,4:50 PM,5:13 PM,23,Flight match,2026-08-14 20:42:08
28602,6:30 PM,8:17 PM,107,Flight match,2026-08-14 20:42:08
33280,6:31 PM,6:38 PM,7,Flight match,2026-08-14 20:42:08
33585,10:54 PM,11:12 PM,18,Flight match,2026-08-14 20:42:08
33506,5:13 PM,5:05 PM,-8,Flight match,2026-08-14 21:14:54
30347,5:29 PM,5:28 PM,-1,Flight match,2026-08-14 21:14:54
30443,6:05 PM,6:10 PM,5,Flight match,2026-08-14 21:14:54
32492,6:21 PM,4:48 PM,-93,Flight match,2026-08-14 21:14:54
24105,6:23 PM,4:38 PM,-105,Flight match,2026-08-14 21:14:54
33280,6:38 PM,6:34 PM,-4,Flight match,2026-08-14 21:14:54
30666,7:33 PM,7:41 PM,8,Flight match,2026-08-14 21:14:54
30451,7:36 PM,7:30 PM,-6,Flight match,2026-08-14 21:14:54
31075,8:05 PM,8:01 PM,-4,Flight match,2026-08-14 21:14:54
30399,8:16 PM,9:47 PM,91,Flight match,2026-08-14 21:14:54
28602,8:17 PM,7:20 PM,-57,Flight match,2026-08-14 21:14:54
33585,11:12 PM,11:48 PM,36,Flight match,2026-08-14 21:14:54
26549,5:21 PM,5:23 PM,2,Flight match,2026-08-14 21:31:19
30443,6:10 PM,6:12 PM,2,Flight match,2026-08-14 21:31:19
28602,7:20 PM,7:41 PM,21,Flight match,2026-08-14 21:31:19
31075,8:01 PM,8:03 PM,2,Flight match,2026-08-14 21:31:19
28606,5:10 PM,6:26 PM,76,Flight match,2026-08-14 21:46:09
30347,5:28 PM,5:30 PM,2,Flight match,2026-08-14 21:46:09
30443,6:12 PM,6:17 PM,5,Flight match,2026-08-14 21:46:10
28602,7:41 PM,7:56 PM,15,Flight match,2026-08-14 21:46:10
30666,7:41 PM,7:36 PM,-5,Flight match,2026-08-14 21:46:10
31075,8:03 PM,8:01 PM,-2,Flight match,2026-08-14 21:46:10
25942,10:52 PM,10:41 PM,-11,Flight match,2026-08-14 21:46:10
28606,6:26 PM,6:41 PM,15,Flight match,2026-08-14 22:06:13
30666,7:36 PM,7:25 PM,-11,Flight match,2026-08-14 22:06:13
28602,7:56 PM,8:11 PM,15,Flight match,2026-08-14 22:06:13
31075,8:01 PM,8:00 PM,-1,Flight match,2026-08-14 22:06:13
34107,9:23 PM,9:18 PM,-5,Flight match,2026-08-14 22:06:13
30399,9:47 PM,10:28 PM,41,Flight match,2026-08-14 22:06:13
28602,8:11 PM,8:06 PM,-5,Flight match,2026-08-14 22:11:43
30443,6:17 PM,6:19 PM,2,Flight match,2026-08-14 22:27:08
30666,7:25 PM,7:21 PM,-4,Flight match,2026-08-14 22:27:08
34107,9:18 PM,9:17 PM,-1,Flight match,2026-08-14 22:27:09
31075,8:00 PM,8:24 PM,24,Flight match,2026-08-14 22:44:22
34107,9:17 PM,9:16 PM,-1,Flight match,2026-08-14 22:44:22
33280,6:34 PM,6:28 PM,-6,Flight match,2026-08-14 23:06:01
30451,7:30 PM,7:26 PM,-4,Flight match,2026-08-14 23:06:01
31075,8:24 PM,8:20 PM,-4,Flight match,2026-08-14 23:06:01
25942,10:41 PM,10:49 PM,8,Flight match,2026-08-14 23:06:01
28522,6:15 AM,6:17 AM,2,Flight match,2026-08-15 09:36:20
34167,8:09 AM,8:13 AM,4,Flight match,2026-08-15 09:36:20
19908,8:31 AM,8:30 AM,-1,Flight match,2026-08-15 09:36:20
23194,8:34 AM,8:33 AM,-1,Flight match,2026-08-15 09:36:20
32325,8:34 AM,8:41 AM,7,Flight match,2026-08-15 09:36:20
19202,9:34 AM,9:45 AM,11,Flight match,2026-08-15 09:36:20
30728,10:00 AM,10:03 AM,3,Flight match,2026-08-15 09:36:20
30829,10:11 AM,10:37 AM,26,Flight match,2026-08-15 09:36:20
32935,10:19 AM,10:30 AM,11,Flight match,2026-08-15 09:36:20
27403,10:43 AM,10:17 AM,-26,Flight match,2026-08-15 09:36:20
31947,10:43 AM,10:17 AM,-26,Flight match,2026-08-15 09:36:21
18786,10:43 AM,10:51 AM,8,Flight match,2026-08-15 09:36:21
24312,10:47 AM,11:09 AM,22,Flight match,2026-08-15 09:36:21
19778,10:52 AM,10:57 AM,5,Flight match,2026-08-15 09:36:21
17340,11:13 AM,11:42 AM,29,Flight match,2026-08-15 09:36:21
29716,11:14 AM,11:20 AM,6,Flight match,2026-08-15 09:36:21
22634,12:00 PM,8:43 AM,-197,Flight match,2026-08-15 09:36:21
25480,12:00 PM,11:55 AM,-5,Flight match,2026-08-15 09:36:21
23266,12:47 PM,12:48 PM,1,Flight match,2026-08-15 09:36:21
31714,12:48 PM,12:32 PM,-16,Flight match,2026-08-15 09:36:21
33654,12:51 PM,12:20 PM,-31,Flight match,2026-08-15 09:36:21
32340,12:55 PM,12:57 PM,2,Flight match,2026-08-15 09:36:21
31349,12:57 PM,12:58 PM,1,Flight match,2026-08-15 09:36:21
23490,12:58 PM,12:38 PM,-20,Flight match,2026-08-15 09:36:22
34464,1:36 PM,1:30 PM,-6,Flight match,2026-08-15 09:36:22
32765,2:00 PM,1:57 PM,-3,Flight match,2026-08-15 09:36:22
34538,2:00 PM,1:57 PM,-3,Flight match,2026-08-15 09:36:22
8519,2:12 PM,2:09 PM,-3,Flight match,2026-08-15 09:36:22
30819,2:12 PM,2:09 PM,-3,Flight match,2026-08-15 09:36:22
22888,2:16 PM,2:19 PM,3,Flight match,2026-08-15 09:36:22
33621,2:16 PM,2:19 PM,3,Flight match,2026-08-15 09:36:22
21777,2:17 PM,1:50 PM,-27,Flight match,2026-08-15 09:36:22
34100,2:58 PM,3:01 PM,3,Flight match,2026-08-15 09:36:22
29709,4:15 PM,3:59 PM,-16,Flight match,2026-08-15 09:36:22
29853,4:32 PM,4:29 PM,-3,Flight match,2026-08-15 09:36:22
32399,4:46 PM,4:45 PM,-1,Flight match,2026-08-15 09:36:22
33078,4:51 PM,4:50 PM,-1,Flight match,2026-08-15 09:36:22
27234,4:51 PM,4:50 PM,-1,Flight match,2026-08-15 09:36:22
17040,4:51 PM,4:50 PM,-1,Flight match,2026-08-15 09:36:23
32198,5:39 PM,5:39 PM,0,Flight match,2026-08-15 09:36:23
32963,5:51 PM,5:55 PM,4,Flight match,2026-08-15 09:36:23
24878,6:05 PM,5:46 PM,-19,Flight match,2026-08-15 09:36:23
33882,6:10 PM,6:09 PM,-1,Flight match,2026-08-15 09:36:23
24966,6:54 PM,6:09 PM,-45,Flight match,2026-08-15 09:36:23
32887,7:45 PM,7:48 PM,3,Flight match,2026-08-15 09:36:23
31222,7:57 PM,7:58 PM,1,Flight match,2026-08-15 09:36:23
29112,10:32 PM,10:03 PM,-29,Flight match,2026-08-15 09:36:23
34650,11:44 PM,11:23 PM,-21,Flight match,2026-08-15 09:36:23
28522,6:17 AM,6:16 AM,-1,Flight match,2026-08-15 10:25:21
34167,8:13 AM,8:14 AM,1,Flight match,2026-08-15 10:25:21
19908,8:30 AM,8:37 AM,7,Flight match,2026-08-15 10:25:21
23194,8:33 AM,8:32 AM,-1,Flight match,2026-08-15 10:25:22
22634,8:43 AM,8:09 AM,-34,Flight match,2026-08-15 10:25:22
25625,9:35 AM,9:20 AM,-15,Flight match,2026-08-15 10:25:22
22128,9:35 AM,9:20 AM,-15,Flight match,2026-08-15 10:25:22
19202,9:45 AM,9:35 AM,-10,Flight match,2026-08-15 10:25:22
25225,10:10 AM,10:01 AM,-9,Flight match,2026-08-15 10:25:22
19652,10:10 AM,10:01 AM,-9,Flight match,2026-08-15 10:25:22
18786,10:51 AM,10:43 AM,-8,Flight match,2026-08-15 10:25:22
24312,11:09 AM,10:55 AM,-14,Flight match,2026-08-15 10:25:22
25480,11:55 AM,12:00 PM,5,Flight match,2026-08-15 10:25:22
31714,12:32 PM,12:48 PM,16,Flight match,2026-08-15 10:25:22
23490,12:38 PM,12:58 PM,20,Flight match,2026-08-15 10:25:22
23266,12:48 PM,12:47 PM,-1,Flight match,2026-08-15 10:25:22
34390,2:10 PM,2:14 PM,4,Flight match,2026-08-15 10:25:22
13682,3:40 PM,3:07 PM,-33,Flight match,2026-08-15 10:25:22
22634,8:09 AM,8:17 AM,8,Flight match,2026-08-15 10:40:53
34167,8:14 AM,8:08 AM,-6,Flight match,2026-08-15 10:40:53
23194,8:32 AM,8:30 AM,-2,Flight match,2026-08-15 10:40:53
19908,8:37 AM,8:34 AM,-3,Flight match,2026-08-15 10:40:53
32325,8:41 AM,8:47 AM,6,Flight match,2026-08-15 10:40:54
33348,8:54 AM,8:53 AM,-1,Flight match,2026-08-15 10:40:54
25625,9:20 AM,9:27 AM,7,Flight match,2026-08-15 10:40:54
22128,9:20 AM,9:27 AM,7,Flight match,2026-08-15 10:40:54
19202,9:35 AM,9:33 AM,-2,Flight match,2026-08-15 10:40:54
33940,9:35 AM,9:30 AM,-5,Flight match,2026-08-15 10:40:54
28075,9:35 AM,9:30 AM,-5,Flight match,2026-08-15 10:40:54
19652,10:01 AM,9:56 AM,-5,Flight match,2026-08-15 10:40:54
25225,10:01 AM,9:56 AM,-5,Flight match,2026-08-15 10:40:54
30728,10:03 AM,9:56 AM,-7,Flight match,2026-08-15 10:40:54
33241,10:33 AM,10:32 AM,-1,Flight match,2026-08-15 10:40:54
30829,10:37 AM,10:15 AM,-22,Flight match,2026-08-15 10:40:54
18786,10:43 AM,10:41 AM,-2,Flight match,2026-08-15 10:40:55
29413,11:27 AM,11:24 AM,-3,Flight match,2026-08-15 10:40:55
17340,11:42 AM,11:32 AM,-10,Flight match,2026-08-15 10:40:55
25480,12:00 PM,11:55 AM,-5,Flight match,2026-08-15 10:40:55
23266,12:47 PM,12:48 PM,1,Flight match,2026-08-15 10:40:55
31714,12:48 PM,12:32 PM,-16,Flight match,2026-08-15 10:40:55
31349,12:58 PM,1:04 PM,6,Flight match,2026-08-15 10:40:55
23490,12:58 PM,12:38 PM,-20,Flight match,2026-08-15 10:40:55
34100,3:01 PM,2:58 PM,-3,Flight match,2026-08-15 10:40:55
32198,5:39 PM,6:24 PM,45,Flight match,2026-08-15 10:40:55
32325,8:47 AM,8:53 AM,6,Flight match,2026-08-15 10:48:02
30829,10:15 AM,10:08 AM,-7,Flight match,2026-08-15 10:48:02
17340,11:32 AM,11:24 AM,-8,Flight match,2026-08-15 10:48:02
32325,8:53 AM,9:20 AM,27,Flight match,2026-08-15 11:03:55
25625,9:27 AM,9:18 AM,-9,Flight match,2026-08-15 11:03:55
22128,9:27 AM,9:18 AM,-9,Flight match,2026-08-15 11:03:55
19202,9:33 AM,9:30 AM,-3,Flight match,2026-08-15 11:03:55
30829,10:08 AM,10:29 AM,21,Flight match,2026-08-15 11:03:55
32935,10:30 AM,10:31 AM,1,Flight match,2026-08-15 11:03:56
33241,10:32 AM,10:35 AM,3,Flight match,2026-08-15 11:03:56
29716,11:20 AM,11:10 AM,-10,Flight match,2026-08-15 11:03:56
32003,2:00 PM,1:15 PM,-45,Flight match,2026-08-15 11:07:39
32774,10:00 AM,9:25 AM,-35,Flight match,2026-08-15 11:07:41
33348,8:53 AM,8:56 AM,3,Flight match,2026-08-15 11:10:12
25625,9:18 AM,9:15 AM,-3,Flight match,2026-08-15 11:10:12
22128,9:18 AM,9:15 AM,-3,Flight match,2026-08-15 11:10:12
32325,9:20 AM,9:13 AM,-7,Flight match,2026-08-15 11:10:12
33940,9:30 AM,9:33 AM,3,Flight match,2026-08-15 11:10:12
28075,9:30 AM,9:33 AM,3,Flight match,2026-08-15 11:10:12
19652,9:56 AM,9:59 AM,3,Flight match,2026-08-15 11:10:12
25225,9:56 AM,9:59 AM,3,Flight match,2026-08-15 11:10:12
32935,10:31 AM,10:30 AM,-1,Flight match,2026-08-15 11:10:12
32340,12:57 PM,12:43 PM,-14,Flight match,2026-08-15 11:10:13
33348,8:56 AM,8:53 AM,-3,Flight match,2026-08-15 11:36:44
32325,9:13 AM,9:14 AM,1,Flight match,2026-08-15 11:36:44
25625,9:15 AM,9:06 AM,-9,Flight match,2026-08-15 11:36:44
22128,9:15 AM,9:06 AM,-9,Flight match,2026-08-15 11:36:44
19202,9:30 AM,9:33 AM,3,Flight match,2026-08-15 11:36:44
33940,9:33 AM,9:31 AM,-2,Flight match,2026-08-15 11:36:44
28075,9:33 AM,9:31 AM,-2,Flight match,2026-08-15 11:36:45
30728,9:56 AM,9:52 AM,-4,Flight match,2026-08-15 11:36:45
19652,9:59 AM,10:02 AM,3,Flight match,2026-08-15 11:36:45
25225,9:59 AM,10:02 AM,3,Flight match,2026-08-15 11:36:45
31947,10:17 AM,10:08 AM,-9,Flight match,2026-08-15 11:36:45
27403,10:17 AM,10:08 AM,-9,Flight match,2026-08-15 11:36:45
18786,10:41 AM,10:42 AM,1,Flight match,2026-08-15 11:36:45
29173,11:33 AM,11:27 AM,-6,Flight match,2026-08-15 11:36:45
25480,11:55 AM,11:50 AM,-5,Flight match,2026-08-15 11:36:45
34091,12:00 PM,11:50 AM,-10,Flight match,2026-08-15 11:36:45
23266,12:48 PM,12:47 PM,-1,Flight match,2026-08-15 11:36:45
34100,2:58 PM,3:01 PM,3,Flight match,2026-08-15 11:36:45
22128,9:06 AM,9:06 AM,0,Flight match,2026-08-15 11:43:30
25625,9:06 AM,9:06 AM,0,Flight match,2026-08-15 11:43:31
19202,9:33 AM,9:36 AM,3,Flight match,2026-08-15 11:43:31
31714,12:32 PM,12:32 PM,0,Flight match,2026-08-15 11:43:31
19202,9:36 AM,9:36 AM,0,Flight match,2026-08-15 11:45:39
34091,11:50 AM,11:58 AM,8,Flight match,2026-08-15 11:45:39
32887,7:48 PM,7:45 PM,-3,Flight match,2026-08-15 11:45:39
31813,8:20 AM,7:59 AM,-21,Flight match,2026-08-15 11:46:54
34632,8:22 AM,8:16 AM,-6,Flight match,2026-08-15 11:46:54
32983,8:32 AM,8:30 AM,-2,Flight match,2026-08-15 11:46:54
30528,8:53 AM,8:50 AM,-3,Flight match,2026-08-15 11:46:54
23121,8:54 AM,8:38 AM,-16,Flight match,2026-08-15 11:46:54
34187,9:15 AM,8:52 AM,-23,Flight match,2026-08-15 11:46:54
33479,9:21 AM,9:25 AM,4,Flight match,2026-08-15 11:46:55
30704,9:30 AM,9:35 AM,5,Flight match,2026-08-15 11:46:55
29950,9:30 AM,9:16 AM,-14,Flight match,2026-08-15 11:46:55
32030,9:30 AM,9:16 AM,-14,Flight match,2026-08-15 11:46:55
33843,9:33 AM,9:42 AM,9,Flight match,2026-08-15 11:46:55
29194,9:35 AM,9:17 AM,-18,Flight match,2026-08-15 11:46:55
31541,9:38 AM,9:35 AM,-3,Flight match,2026-08-15 11:46:55
33481,9:49 AM,9:55 AM,6,Flight match,2026-08-15 11:46:55
33951,9:49 AM,9:55 AM,6,Flight match,2026-08-15 11:46:55
34707,9:59 AM,9:55 AM,-4,Flight match,2026-08-15 11:46:55
31128,10:01 AM,10:11 AM,10,Flight match,2026-08-15 11:46:55
32782,10:01 AM,10:11 AM,10,Flight match,2026-08-15 11:46:55
30905,10:01 AM,10:11 AM,10,Flight match,2026-08-15 11:46:56
28853,10:15 AM,9:59 AM,-16,Flight match,2026-08-15 11:46:56
28780,10:15 AM,9:59 AM,-16,Flight match,2026-08-15 11:46:56
34614,10:15 AM,9:59 AM,-16,Flight match,2026-08-15 11:46:56
34485,10:15 AM,9:59 AM,-16,Flight match,2026-08-15 11:46:56
24440,10:20 AM,10:09 AM,-11,Flight match,2026-08-15 11:46:56
7138,10:23 AM,10:29 AM,6,Flight match,2026-08-15 11:46:56
26087,10:59 AM,11:04 AM,5,Flight match,2026-08-15 11:46:56
21996,11:45 AM,11:54 AM,9,Flight match,2026-08-15 11:46:56
26556,11:50 AM,11:54 AM,4,Flight match,2026-08-15 11:46:56
27397,12:49 PM,12:57 PM,8,Flight match,2026-08-15 11:46:56
34139,1:31 PM,1:30 PM,-1,Flight match,2026-08-15 11:46:57
28237,2:32 PM,2:35 PM,3,Flight match,2026-08-15 11:46:57
32155,2:49 PM,2:53 PM,4,Flight match,2026-08-15 11:46:57
22128,9:06 AM,9:05 AM,-1,Flight match,2026-08-15 11:56:40
25625,9:06 AM,9:05 AM,-1,Flight match,2026-08-15 11:56:40
31947,10:08 AM,10:23 AM,15,Flight match,2026-08-15 11:56:40
27403,10:08 AM,10:23 AM,15,Flight match,2026-08-15 11:56:40
30829,10:29 AM,10:25 AM,-4,Flight match,2026-08-15 11:56:40
32935,10:30 AM,10:25 AM,-5,Flight match,2026-08-15 11:56:40
24312,10:55 AM,10:50 AM,-5,Flight match,2026-08-15 11:56:40
29413,11:24 AM,11:16 AM,-8,Flight match,2026-08-15 11:56:40
29173,11:27 AM,11:09 AM,-18,Flight match,2026-08-15 11:56:41
32887,7:45 PM,7:48 PM,3,Flight match,2026-08-15 11:56:41
34167,8:08 AM,8:10 AM,2,Flight match,2026-08-15 12:00:11
22128,9:05 AM,9:13 AM,8,Flight match,2026-08-15 12:00:11
25625,9:05 AM,9:13 AM,8,Flight match,2026-08-15 12:00:11
31947,10:23 AM,10:10 AM,-13,Flight match,2026-08-15 12:00:11
27403,10:23 AM,10:10 AM,-13,Flight match,2026-08-15 12:00:11
29413,11:16 AM,11:10 AM,-6,Flight match,2026-08-15 12:00:11
21610,1:15 PM,12:42 PM,-33,Guest flight verification auto-adjust,2026-08-15 12:08:40
34167,8:10 AM,8:08 AM,-2,Flight match,2026-08-15 12:13:12
23194,8:30 AM,8:29 AM,-1,Flight match,2026-08-15 12:13:12
31947,10:10 AM,10:03 AM,-7,Flight match,2026-08-15 12:13:12
27403,10:10 AM,10:03 AM,-7,Flight match,2026-08-15 12:13:12
30829,10:25 AM,10:25 AM,0,Flight match,2026-08-15 12:13:12
33241,10:35 AM,10:50 AM,15,Flight match,2026-08-15 12:13:12
18786,10:42 AM,10:30 AM,-12,Flight match,2026-08-15 12:13:12
24312,10:50 AM,10:55 AM,5,Flight match,2026-08-15 12:13:12
19778,10:57 AM,10:55 AM,-2,Flight match,2026-08-15 12:13:13
29173,11:09 AM,11:24 AM,15,Flight match,2026-08-15 12:13:13
29413,11:10 AM,11:18 AM,8,Flight match,2026-08-15 12:13:13
34091,11:58 AM,11:56 AM,-2,Flight match,2026-08-15 12:13:13
21610,12:42 PM,12:47 PM,5,Flight match,2026-08-15 12:13:13
34390,2:14 PM,1:57 PM,-17,Flight match,2026-08-15 12:13:13
34100,3:01 PM,2:58 PM,-3,Flight match,2026-08-15 12:13:13
22634,8:17 AM,8:22 AM,5,Flight match,2026-08-15 12:27:23
23194,8:29 AM,8:28 AM,-1,Flight match,2026-08-15 12:27:23
19908,8:34 AM,8:36 AM,2,Flight match,2026-08-15 12:27:23
32935,10:25 AM,10:20 AM,-5,Flight match,2026-08-15 12:27:23
34091,11:56 AM,11:57 AM,1,Flight match,2026-08-15 12:27:23
33654,12:20 PM,12:39 PM,19,Flight match,2026-08-15 12:27:24
31318,1:39 PM,1:24 PM,-15,Flight match,2026-08-15 12:27:24
34167,8:08 AM,8:13 AM,5,Flight match,2026-08-15 12:47:09
22634,8:22 AM,8:36 AM,14,Flight match,2026-08-15 12:47:09
23194,8:28 AM,8:25 AM,-3,Flight match,2026-08-15 12:47:09
33348,8:53 AM,8:53 AM,0,Flight match,2026-08-15 12:47:09
19202,9:36 AM,9:37 AM,1,Flight match,2026-08-15 12:47:09
32935,10:20 AM,10:21 AM,1,Flight match,2026-08-15 12:47:09
19778,10:55 AM,10:50 AM,-5,Flight match,2026-08-15 12:47:09
24312,10:55 AM,10:49 AM,-6,Flight match,2026-08-15 12:47:09
17340,11:24 AM,11:29 AM,5,Flight match,2026-08-15 12:47:10
23490,12:38 PM,12:40 PM,2,Flight match,2026-08-15 12:47:10
33654,12:39 PM,12:38 PM,-1,Flight match,2026-08-15 12:47:10
33621,2:19 PM,1:55 PM,-24,Flight match,2026-08-15 12:47:10
22888,2:19 PM,1:55 PM,-24,Flight match,2026-08-15 12:47:10
32887,7:48 PM,7:45 PM,-3,Flight match,2026-08-15 12:47:10
28075,9:31 AM,9:35 AM,4,Flight match,2026-08-15 12:59:47
19908,8:36 AM,8:33 AM,-3,Flight match,2026-08-15 13:19:52
22128,9:13 AM,9:05 AM,-8,Flight match,2026-08-15 13:19:52
25625,9:13 AM,9:05 AM,-8,Flight match,2026-08-15 13:19:52
32325,9:14 AM,9:11 AM,-3,Flight match,2026-08-15 13:19:52
33940,9:31 AM,9:38 AM,7,Flight match,2026-08-15 13:19:52
28075,9:35 AM,9:38 AM,3,Flight match,2026-08-15 13:19:52
19202,9:37 AM,9:38 AM,1,Flight match,2026-08-15 13:19:52
24312,10:49 AM,10:45 AM,-4,Flight match,2026-08-15 13:19:52
29716,11:10 AM,11:12 AM,2,Flight match,2026-08-15 13:19:52
29413,11:18 AM,11:27 AM,9,Flight match,2026-08-15 13:19:52
29173,11:24 AM,11:12 AM,-12,Flight match,2026-08-15 13:19:52
25480,11:50 AM,11:48 AM,-2,Flight match,2026-08-15 13:19:52
34091,11:57 AM,1:40 PM,103,Flight match,2026-08-15 13:19:52
31714,12:32 PM,12:31 PM,-1,Flight match,2026-08-15 13:19:52
33654,12:38 PM,12:31 PM,-7,Flight match,2026-08-15 13:19:52
23490,12:40 PM,12:39 PM,-1,Flight match,2026-08-15 13:19:53
32340,12:43 PM,12:40 PM,-3,Flight match,2026-08-15 13:19:53
23266,12:47 PM,12:59 PM,12,Flight match,2026-08-15 13:19:53
21610,12:47 PM,12:34 PM,-13,Flight match,2026-08-15 13:19:53
31349,1:04 PM,1:09 PM,5,Flight match,2026-08-15 13:19:53
34825,1:20 PM,1:06 PM,-14,Flight match,2026-08-15 13:19:53
8519,2:09 PM,3:00 PM,51,Flight match,2026-08-15 13:19:53
30819,2:09 PM,3:00 PM,51,Flight match,2026-08-15 13:19:53
34100,2:58 PM,3:01 PM,3,Flight match,2026-08-15 13:19:53
32963,5:55 PM,5:51 PM,-4,Flight match,2026-08-15 13:19:53
32887,7:45 PM,7:48 PM,3,Flight match,2026-08-15 13:19:53
33348,8:53 AM,8:58 AM,5,Flight match,2026-08-15 13:44:30
22128,9:05 AM,9:04 AM,-1,Flight match,2026-08-15 13:44:30
30728,9:52 AM,9:49 AM,-3,Flight match,2026-08-15 13:44:30
29173,11:12 AM,11:04 AM,-8,Flight match,2026-08-15 13:44:30
29413,11:27 AM,11:31 AM,4,Flight match,2026-08-15 13:44:30
17340,11:29 AM,11:35 AM,6,Flight match,2026-08-15 13:44:30
33654,12:31 PM,12:32 PM,1,Flight match,2026-08-15 13:44:30
21610,12:34 PM,12:13 PM,-21,Flight match,2026-08-15 13:44:31
34091,1:40 PM,2:24 PM,44,Flight match,2026-08-15 13:44:31
32198,6:24 PM,7:04 PM,40,Flight match,2026-08-15 13:44:31
25625,9:05 AM,9:04 AM,-1,Flight match,2026-08-15 13:59:40
28075,9:38 AM,9:35 AM,-3,Flight match,2026-08-15 13:59:40
33940,9:38 AM,9:35 AM,-3,Flight match,2026-08-15 13:59:40
19202,9:38 AM,9:43 AM,5,Flight match,2026-08-15 13:59:40
31947,10:03 AM,10:04 AM,1,Flight match,2026-08-15 13:59:40
27403,10:03 AM,10:04 AM,1,Flight match,2026-08-15 13:59:40
24312,10:45 AM,10:49 AM,4,Flight match,2026-08-15 13:59:41
29173,11:04 AM,11:06 AM,2,Flight match,2026-08-15 13:59:41
17340,11:35 AM,11:45 AM,10,Flight match,2026-08-15 13:59:41
25480,11:48 AM,11:49 AM,1,Flight match,2026-08-15 13:59:41
31714,12:31 PM,12:32 PM,1,Flight match,2026-08-15 13:59:41
33654,12:32 PM,12:33 PM,1,Flight match,2026-08-15 13:59:41
32340,12:40 PM,12:50 PM,10,Flight match,2026-08-15 13:59:41
31349,1:09 PM,1:11 PM,2,Flight match,2026-08-15 13:59:41
34464,1:30 PM,1:35 PM,5,Flight match,2026-08-15 13:59:41
29709,3:59 PM,4:09 PM,10,Flight match,2026-08-15 13:59:41
22898,7:00 PM,6:34 PM,-26,Flight match,2026-08-15 13:59:41
23490,12:39 PM,12:36 PM,-3,Flight match,2026-08-15 14:02:04
34825,1:06 PM,1:07 PM,1,Flight match,2026-08-15 14:02:04
21777,1:50 PM,2:11 PM,21,Flight match,2026-08-15 14:02:04
32765,1:57 PM,1:56 PM,-1,Flight match,2026-08-15 14:02:04
34538,1:57 PM,1:56 PM,-1,Flight match,2026-08-15 14:02:05
32887,7:48 PM,7:45 PM,-3,Flight match,2026-08-15 14:02:05
19652,10:02 AM,10:01 AM,-1,Flight match,2026-08-15 14:15:11
25225,10:02 AM,10:01 AM,-1,Flight match,2026-08-15 14:17:50
30728,9:49 AM,9:52 AM,3,Flight match,2026-08-15 14:57:02
30829,10:25 AM,10:23 AM,-2,Flight match,2026-08-15 14:57:02
18786,10:30 AM,10:38 AM,8,Flight match,2026-08-15 14:57:02
29413,11:31 AM,11:26 AM,-5,Flight match,2026-08-15 14:57:03
17340,11:45 AM,11:44 AM,-1,Flight match,2026-08-15 14:57:03
25480,11:49 AM,11:56 AM,7,Flight match,2026-08-15 14:57:03
21610,12:13 PM,12:08 PM,-5,Flight match,2026-08-15 14:57:04
31714,12:32 PM,12:22 PM,-10,Flight match,2026-08-15 14:57:04
33654,12:33 PM,12:24 PM,-9,Flight match,2026-08-15 14:57:04
23490,12:36 PM,12:33 PM,-3,Flight match,2026-08-15 14:57:04
32340,12:50 PM,1:03 PM,13,Flight match,2026-08-15 14:57:04
23266,12:59 PM,12:45 PM,-14,Flight match,2026-08-15 14:57:04
34538,1:56 PM,1:57 PM,1,Flight match,2026-08-15 14:57:04
34091,2:24 PM,2:26 PM,2,Flight match,2026-08-15 14:57:04
28938,2:53 PM,2:49 PM,-4,Flight match,2026-08-15 14:57:04
24359,2:53 PM,2:49 PM,-4,Flight match,2026-08-15 14:57:04
34100,3:01 PM,2:49 PM,-12,Flight match,2026-08-15 14:57:04
29730,4:55 PM,4:57 PM,2,Flight match,2026-08-15 14:57:04
32963,5:51 PM,5:55 PM,4,Flight match,2026-08-15 14:57:05
33882,6:09 PM,6:10 PM,1,Flight match,2026-08-15 14:57:05
32887,7:45 PM,7:48 PM,3,Flight match,2026-08-15 14:57:05
29716,11:12 AM,11:05 AM,-7,Flight match,2026-08-15 15:00:13
31947,10:04 AM,10:06 AM,2,Flight match,2026-08-15 15:19:23
27403,10:04 AM,10:06 AM,2,Flight match,2026-08-15 15:19:24
32935,10:21 AM,10:18 AM,-3,Flight match,2026-08-15 15:19:24
18786,10:38 AM,10:39 AM,1,Flight match,2026-08-15 15:19:24
24312,10:49 AM,10:50 AM,1,Flight match,2026-08-15 15:19:24
19778,10:50 AM,10:47 AM,-3,Flight match,2026-08-15 15:19:24
29173,11:06 AM,11:04 AM,-2,Flight match,2026-08-15 15:19:24
29413,11:26 AM,11:23 AM,-3,Flight match,2026-08-15 15:19:24
17340,11:44 AM,11:43 AM,-1,Flight match,2026-08-15 15:19:24
32340,1:03 PM,1:05 PM,2,Flight match,2026-08-15 15:19:24
34825,1:07 PM,1:17 PM,10,Flight match,2026-08-15 15:19:24
31349,1:11 PM,1:19 PM,8,Flight match,2026-08-15 15:19:24
31318,1:24 PM,1:25 PM,1,Flight match,2026-08-15 15:19:24
34464,1:35 PM,1:16 PM,-19,Flight match,2026-08-15 15:19:25
32765,1:56 PM,1:57 PM,1,Flight match,2026-08-15 15:19:25
34390,1:57 PM,1:56 PM,-1,Flight match,2026-08-15 15:19:25
21777,2:11 PM,2:01 PM,-10,Flight match,2026-08-15 15:19:25
34091,2:26 PM,2:08 PM,-18,Flight match,2026-08-15 15:19:25
31667,4:55 PM,5:01 PM,6,Flight match,2026-08-15 15:19:25
27131,4:55 PM,5:01 PM,6,Flight match,2026-08-15 15:19:25
29730,4:57 PM,5:08 PM,11,Flight match,2026-08-15 15:19:25
24312,10:50 AM,10:49 AM,-1,Flight match,2026-08-15 15:20:26
29173,11:04 AM,11:19 AM,15,Flight match,2026-08-15 15:20:26
29716,11:05 AM,11:04 AM,-1,Flight match,2026-08-15 15:20:26
23266,12:45 PM,12:43 PM,-2,Flight match,2026-08-15 15:20:26
34825,1:17 PM,1:15 PM,-2,Flight match,2026-08-15 15:20:26
31349,1:19 PM,1:26 PM,7,Flight match,2026-08-15 15:20:26
31318,1:25 PM,1:24 PM,-1,Flight match,2026-08-15 15:20:26
33621,1:55 PM,1:49 PM,-6,Flight match,2026-08-15 15:20:26
22888,1:55 PM,1:49 PM,-6,Flight match,2026-08-15 15:20:26
32765,1:57 PM,2:03 PM,6,Flight match,2026-08-15 15:20:26
34538,1:57 PM,2:03 PM,6,Flight match,2026-08-15 15:20:26
29709,4:09 PM,4:01 PM,-8,Flight match,2026-08-15 15:20:26
31667,5:01 PM,4:59 PM,-2,Flight match,2026-08-15 15:20:26
27131,5:01 PM,4:59 PM,-2,Flight match,2026-08-15 15:20:26
32963,5:55 PM,5:28 PM,-27,Flight match,2026-08-15 15:20:26
32198,7:04 PM,6:47 PM,-17,Flight match,2026-08-15 15:20:26
29413,11:23 AM,11:21 AM,-2,Flight match,2026-08-15 15:30:37
17340,11:43 AM,11:42 AM,-1,Flight match,2026-08-15 15:30:37
23266,12:43 PM,12:42 PM,-1,Flight match,2026-08-15 15:30:37
31349,1:26 PM,1:24 PM,-2,Flight match,2026-08-15 15:30:37
21777,2:01 PM,2:07 PM,6,Flight match,2026-08-15 15:30:37
32765,2:03 PM,1:50 PM,-13,Flight match,2026-08-15 15:30:37
34538,2:03 PM,1:50 PM,-13,Flight match,2026-08-15 15:30:37
34091,2:08 PM,2:20 PM,12,Flight match,2026-08-15 15:30:37
28938,2:49 PM,2:41 PM,-8,Flight match,2026-08-15 15:30:37
24359,2:49 PM,2:41 PM,-8,Flight match,2026-08-15 15:30:37
33301,4:55 PM,4:56 PM,1,Flight match,2026-08-15 15:30:37
31667,4:59 PM,5:00 PM,1,Flight match,2026-08-15 15:30:37
27131,4:59 PM,5:00 PM,1,Flight match,2026-08-15 15:30:38
32765,1:50 PM,2:00 PM,10,Flight match,2026-08-15 15:35:24
25480,11:56 AM,11:49 AM,-7,Flight match,2026-08-15 15:54:36
34091,2:20 PM,2:23 PM,3,Flight match,2026-08-15 15:54:36
29173,11:19 AM,11:20 AM,1,Flight match,2026-08-15 15:55:24
17340,11:42 AM,11:38 AM,-4,Flight match,2026-08-15 15:55:24
23266,12:42 PM,12:40 PM,-2,Flight match,2026-08-15 15:55:24
31318,1:24 PM,1:14 PM,-10,Flight match,2026-08-15 15:55:24
31349,1:24 PM,1:21 PM,-3,Flight match,2026-08-15 15:55:24
33621,1:49 PM,1:51 PM,2,Flight match,2026-08-15 15:55:24
22888,1:49 PM,1:51 PM,2,Flight match,2026-08-15 15:55:24
34538,1:50 PM,2:00 PM,10,Flight match,2026-08-15 15:55:24
21777,2:07 PM,1:52 PM,-15,Flight match,2026-08-15 15:55:24
13682,3:07 PM,3:13 PM,6,Flight match,2026-08-15 15:55:24
33301,4:56 PM,4:37 PM,-19,Flight match,2026-08-15 15:55:24
31667,5:00 PM,4:35 PM,-25,Flight match,2026-08-15 15:55:24
27131,5:00 PM,4:35 PM,-25,Flight match,2026-08-15 15:55:25
29730,5:08 PM,4:53 PM,-15,Flight match,2026-08-15 15:55:25
32198,6:47 PM,6:54 PM,7,Flight match,2026-08-15 15:55:25
25480,11:49 AM,11:48 AM,-1,Flight match,2026-08-15 16:02:09
21610,12:08 PM,12:11 PM,3,Flight match,2026-08-15 16:02:09
32340,1:05 PM,12:59 PM,-6,Flight match,2026-08-15 16:02:09
34390,1:56 PM,2:19 PM,23,Flight match,2026-08-15 16:02:09
13682,3:13 PM,3:35 PM,22,Flight match,2026-08-15 16:02:09
32887,7:48 PM,7:45 PM,-3,Flight match,2026-08-15 16:02:09
34390,2:19 PM,2:25 PM,6,Flight match,2026-08-15 16:08:50
34390,2:25 PM,2:13 PM,-12,Flight match,2026-08-15 16:19:31
21610,12:11 PM,12:11 PM,0,Flight match,2026-08-15 16:21:24
31714,12:22 PM,12:20 PM,-2,Flight match,2026-08-15 16:21:24
23490,12:33 PM,12:26 PM,-7,Flight match,2026-08-15 16:21:24
32765,2:00 PM,1:52 PM,-8,Flight match,2026-08-15 16:21:24
34538,2:00 PM,1:52 PM,-8,Flight match,2026-08-15 16:21:24
34091,2:23 PM,2:29 PM,6,Flight match,2026-08-15 16:21:25
28938,2:41 PM,2:37 PM,-4,Flight match,2026-08-15 16:21:25
24359,2:41 PM,2:37 PM,-4,Flight match,2026-08-15 16:21:25
8519,3:00 PM,2:55 PM,-5,Flight match,2026-08-15 16:21:25
30819,3:00 PM,2:55 PM,-5,Flight match,2026-08-15 16:21:25
33246,4:45 PM,4:35 PM,-10,Flight match,2026-08-15 16:21:25
30987,5:00 PM,4:51 PM,-9,Flight match,2026-08-15 16:21:25
32887,7:45 PM,7:39 PM,-6,Flight match,2026-08-15 16:21:25
28938,2:37 PM,2:37 PM,0,Flight match,2026-08-15 16:24:53
24359,2:37 PM,2:37 PM,0,Flight match,2026-08-15 16:24:53
21610,12:11 PM,12:09 PM,-2,Flight match,2026-08-15 17:00:49
34390,2:13 PM,2:29 PM,16,Flight match,2026-08-15 17:00:49
34091,2:29 PM,2:30 PM,1,Flight match,2026-08-15 17:00:49
28938,2:37 PM,2:36 PM,-1,Flight match,2026-08-15 17:00:49
24359,2:37 PM,2:36 PM,-1,Flight match,2026-08-15 17:00:49
34100,2:49 PM,3:11 PM,22,Flight match,2026-08-15 17:00:49
8519,2:55 PM,2:46 PM,-9,Flight match,2026-08-15 17:00:49
30819,2:55 PM,2:46 PM,-9,Flight match,2026-08-15 17:00:49
31667,4:35 PM,4:37 PM,2,Flight match,2026-08-15 17:00:49
27131,4:35 PM,4:37 PM,2,Flight match,2026-08-15 17:00:49
22898,6:34 PM,6:59 PM,25,Flight match,2026-08-15 17:00:50
31714,12:20 PM,12:18 PM,-2,Flight match,2026-08-15 17:17:42
33654,12:24 PM,12:20 PM,-4,Flight match,2026-08-15 17:17:42
23490,12:26 PM,12:25 PM,-1,Flight match,2026-08-15 17:17:42
23266,12:40 PM,12:36 PM,-4,Flight match,2026-08-15 17:17:42
32340,12:59 PM,1:08 PM,9,Flight match,2026-08-15 17:17:42
34825,1:15 PM,1:17 PM,2,Flight match,2026-08-15 17:17:42
34464,1:16 PM,1:12 PM,-4,Flight match,2026-08-15 17:17:42
31349,1:21 PM,1:24 PM,3,Flight match,2026-08-15 17:17:42
21777,1:52 PM,1:49 PM,-3,Flight match,2026-08-15 17:17:42
34390,2:29 PM,2:18 PM,-11,Flight match,2026-08-15 17:17:42
34091,2:30 PM,2:28 PM,-2,Flight match,2026-08-15 17:17:42
28938,2:36 PM,2:35 PM,-1,Flight match,2026-08-15 17:17:42
24359,2:36 PM,2:35 PM,-1,Flight match,2026-08-15 17:17:43
8519,2:46 PM,3:00 PM,14,Flight match,2026-08-15 17:17:43
30819,2:46 PM,3:00 PM,14,Flight match,2026-08-15 17:17:43
13682,3:35 PM,3:12 PM,-23,Flight match,2026-08-15 17:17:43
29709,4:01 PM,4:05 PM,4,Flight match,2026-08-15 17:17:43
29853,4:29 PM,4:13 PM,-16,Flight match,2026-08-15 17:17:43
33301,4:37 PM,4:38 PM,1,Flight match,2026-08-15 17:17:43
31667,4:37 PM,4:38 PM,1,Flight match,2026-08-15 17:17:43
27131,4:37 PM,4:38 PM,1,Flight match,2026-08-15 17:17:43
33078,4:50 PM,4:42 PM,-8,Flight match,2026-08-15 17:17:43
17040,4:50 PM,4:42 PM,-8,Flight match,2026-08-15 17:17:43
27234,4:50 PM,4:42 PM,-8,Flight match,2026-08-15 17:17:43
29730,4:53 PM,4:48 PM,-5,Flight match,2026-08-15 17:17:43
34464,1:12 PM,1:18 PM,6,Flight match,2026-08-15 18:12:04
31318,1:14 PM,1:16 PM,2,Flight match,2026-08-15 18:12:04
34825,1:17 PM,1:14 PM,-3,Flight match,2026-08-15 18:12:04
31349,1:24 PM,1:21 PM,-3,Flight match,2026-08-15 18:12:04
21777,1:49 PM,2:00 PM,11,Flight match,2026-08-15 18:12:04
33621,1:51 PM,1:49 PM,-2,Flight match,2026-08-15 18:12:04
22888,1:51 PM,1:49 PM,-2,Flight match,2026-08-15 18:12:05
32765,1:52 PM,1:53 PM,1,Flight match,2026-08-15 18:12:05
34538,1:52 PM,1:53 PM,1,Flight match,2026-08-15 18:12:05
34091,2:28 PM,2:30 PM,2,Flight match,2026-08-15 18:12:05
28938,2:35 PM,2:31 PM,-4,Flight match,2026-08-15 18:12:05
24359,2:35 PM,2:31 PM,-4,Flight match,2026-08-15 18:12:05
8519,3:00 PM,2:56 PM,-4,Flight match,2026-08-15 18:12:05
30819,3:00 PM,2:56 PM,-4,Flight match,2026-08-15 18:12:05
13682,3:12 PM,3:10 PM,-2,Flight match,2026-08-15 18:12:06
29853,4:13 PM,4:12 PM,-1,Flight match,2026-08-15 18:12:06
33246,4:35 PM,4:32 PM,-3,Flight match,2026-08-15 18:12:06
31667,4:38 PM,4:39 PM,1,Flight match,2026-08-15 18:12:06
33301,4:38 PM,4:49 PM,11,Flight match,2026-08-15 18:12:06
27131,4:38 PM,4:39 PM,1,Flight match,2026-08-15 18:12:06
33078,4:42 PM,4:41 PM,-1,Flight match,2026-08-15 18:12:06
17040,4:42 PM,4:41 PM,-1,Flight match,2026-08-15 18:12:06
27234,4:42 PM,4:41 PM,-1,Flight match,2026-08-15 18:12:07
32399,4:45 PM,4:42 PM,-3,Flight match,2026-08-15 18:12:07
29730,4:48 PM,4:50 PM,2,Flight match,2026-08-15 18:12:07
30987,4:51 PM,4:49 PM,-2,Flight match,2026-08-15 18:12:07
24878,5:46 PM,5:46 PM,0,Flight match,2026-08-15 18:12:07
24966,6:09 PM,6:36 PM,27,Flight match,2026-08-15 18:12:07
22898,6:59 PM,6:57 PM,-2,Flight match,2026-08-15 18:12:07
33621,1:49 PM,1:48 PM,-1,Flight match,2026-08-15 18:18:18
22888,1:49 PM,1:48 PM,-1,Flight match,2026-08-15 18:18:18
21777,2:00 PM,1:56 PM,-4,Flight match,2026-08-15 18:18:18
8519,2:56 PM,2:55 PM,-1,Flight match,2026-08-15 18:18:18
30819,2:56 PM,2:55 PM,-1,Flight match,2026-08-15 18:18:19
29853,4:12 PM,4:09 PM,-3,Flight match,2026-08-15 18:18:19
31667,4:39 PM,4:44 PM,5,Flight match,2026-08-15 18:18:19
27131,4:39 PM,4:44 PM,5,Flight match,2026-08-15 18:18:19
33078,4:41 PM,4:40 PM,-1,Flight match,2026-08-15 18:18:19
17040,4:41 PM,4:40 PM,-1,Flight match,2026-08-15 18:18:19
27234,4:41 PM,4:40 PM,-1,Flight match,2026-08-15 18:18:19
33301,4:49 PM,4:57 PM,8,Flight match,2026-08-15 18:18:19
30987,4:49 PM,4:51 PM,2,Flight match,2026-08-15 18:18:19
29730,4:50 PM,4:55 PM,5,Flight match,2026-08-15 18:18:19
32963,5:28 PM,5:19 PM,-9,Flight match,2026-08-15 18:18:19
24878,5:46 PM,5:48 PM,2,Flight match,2026-08-15 18:18:19
22898,6:57 PM,6:32 PM,-25,Flight match,2026-08-15 18:18:19
33296,7:42 PM,7:18 PM,-24,Flight match,2026-08-15 18:18:19
34390,2:18 PM,2:17 PM,-1,Flight match,2026-08-15 18:33:59
34091,2:30 PM,2:27 PM,-3,Flight match,2026-08-15 18:33:59
28938,2:31 PM,2:33 PM,2,Flight match,2026-08-15 18:33:59
24359,2:31 PM,2:33 PM,2,Flight match,2026-08-15 18:33:59
8519,2:55 PM,2:56 PM,1,Flight match,2026-08-15 18:33:59
30819,2:55 PM,2:56 PM,1,Flight match,2026-08-15 18:33:59
29853,4:09 PM,4:09 PM,0,Flight match,2026-08-15 18:33:59
33246,4:32 PM,4:47 PM,15,Flight match,2026-08-15 18:33:59
33078,4:40 PM,4:32 PM,-8,Flight match,2026-08-15 18:33:59
17040,4:40 PM,4:32 PM,-8,Flight match,2026-08-15 18:33:59
27234,4:40 PM,4:32 PM,-8,Flight match,2026-08-15 18:33:59
32399,4:42 PM,4:33 PM,-9,Flight match,2026-08-15 18:33:59
31667,4:44 PM,4:50 PM,6,Flight match,2026-08-15 18:33:59
27131,4:44 PM,4:50 PM,6,Flight match,2026-08-15 18:34:00
30987,4:51 PM,5:08 PM,17,Flight match,2026-08-15 18:34:00
29730,4:55 PM,5:02 PM,7,Flight match,2026-08-15 18:34:00
33301,4:57 PM,4:53 PM,-4,Flight match,2026-08-15 18:34:00
32963,5:19 PM,5:37 PM,18,Flight match,2026-08-15 18:34:00
33882,6:10 PM,6:02 PM,-8,Flight match,2026-08-15 18:34:00
8519,2:56 PM,2:54 PM,-2,Flight match,2026-08-15 18:41:00
30819,2:56 PM,2:54 PM,-2,Flight match,2026-08-15 18:41:00
29730,5:02 PM,5:04 PM,2,Flight match,2026-08-15 18:41:00
32198,6:54 PM,6:48 PM,-6,Flight match,2026-08-15 18:41:00
28938,2:33 PM,2:35 PM,2,Flight match,2026-08-15 19:13:06
24359,2:33 PM,2:35 PM,2,Flight match,2026-08-15 19:13:06
8519,2:54 PM,2:55 PM,1,Flight match,2026-08-15 19:13:06
30819,2:54 PM,2:55 PM,1,Flight match,2026-08-15 19:13:06
13682,3:10 PM,3:09 PM,-1,Flight match,2026-08-15 19:13:06
34100,3:11 PM,3:07 PM,-4,Flight match,2026-08-15 19:13:06
29853,4:09 PM,4:11 PM,2,Flight match,2026-08-15 19:13:06
33078,4:32 PM,4:24 PM,-8,Flight match,2026-08-15 19:13:06
17040,4:32 PM,4:24 PM,-8,Flight match,2026-08-15 19:13:06
27234,4:32 PM,4:24 PM,-8,Flight match,2026-08-15 19:13:07
32399,4:33 PM,4:47 PM,14,Flight match,2026-08-15 19:13:07
33246,4:47 PM,4:50 PM,3,Flight match,2026-08-15 19:13:07
31667,4:50 PM,4:53 PM,3,Flight match,2026-08-15 19:13:07
27131,4:50 PM,4:53 PM,3,Flight match,2026-08-15 19:13:07
29730,5:04 PM,5:00 PM,-4,Flight match,2026-08-15 19:13:07
30987,5:08 PM,5:14 PM,6,Flight match,2026-08-15 19:13:07
32963,5:37 PM,5:42 PM,5,Flight match,2026-08-15 19:13:07
33882,6:02 PM,5:58 PM,-4,Flight match,2026-08-15 19:13:07
22898,6:32 PM,6:31 PM,-1,Flight match,2026-08-15 19:13:07
24966,6:36 PM,6:33 PM,-3,Flight match,2026-08-15 19:13:07
29112,10:03 PM,10:32 PM,29,Flight match,2026-08-15 19:13:07
34650,11:23 PM,11:44 PM,21,Flight match,2026-08-15 19:13:08
8519,2:55 PM,3:10 PM,15,Flight match,2026-08-15 19:49:25
30819,2:55 PM,3:10 PM,15,Flight match,2026-08-15 19:49:25
34100,3:07 PM,3:06 PM,-1,Flight match,2026-08-15 19:49:25
29709,4:05 PM,3:59 PM,-6,Flight match,2026-08-15 19:49:25
32399,4:47 PM,4:41 PM,-6,Flight match,2026-08-15 19:49:25
31667,4:53 PM,4:52 PM,-1,Flight match,2026-08-15 19:49:25
27131,4:53 PM,4:52 PM,-1,Flight match,2026-08-15 19:49:25
23984,4:55 PM,5:00 PM,5,Flight match,2026-08-15 19:49:25
32963,5:42 PM,5:52 PM,10,Flight match,2026-08-15 19:49:25
24878,5:48 PM,6:05 PM,17,Flight match,2026-08-15 19:49:25
33882,5:58 PM,6:02 PM,4,Flight match,2026-08-15 19:49:25
24966,6:33 PM,6:35 PM,2,Flight match,2026-08-15 19:49:25
32198,6:48 PM,6:48 PM,0,Flight match,2026-08-15 19:49:25
34632,8:16 AM,8:22 AM,6,Flight match,2026-08-16 03:11:44
32983,8:30 AM,8:32 AM,2,Flight match,2026-08-16 03:11:44
23121,8:38 AM,8:54 AM,16,Flight match,2026-08-16 03:11:44
30704,9:35 AM,9:34 AM,-1,Flight match,2026-08-16 03:11:44
33843,9:42 AM,9:41 AM,-1,Flight match,2026-08-16 03:11:44
33481,9:55 AM,9:54 AM,-1,Flight match,2026-08-16 03:11:44
34707,9:55 AM,9:54 AM,-1,Flight match,2026-08-16 03:11:44
28853,9:59 AM,10:15 AM,16,Flight match,2026-08-16 03:11:44
34614,9:59 AM,10:15 AM,16,Flight match,2026-08-16 03:11:44
34485,9:59 AM,10:15 AM,16,Flight match,2026-08-16 03:11:44
34919,10:00 AM,9:29 AM,-31,Flight match,2026-08-16 03:11:44
24440,10:09 AM,10:20 AM,11,Flight match,2026-08-16 03:11:44
31128,10:11 AM,10:10 AM,-1,Flight match,2026-08-16 03:11:44
32782,10:11 AM,10:10 AM,-1,Flight match,2026-08-16 03:11:44
30905,10:11 AM,10:10 AM,-1,Flight match,2026-08-16 03:11:44
29118,10:39 AM,10:20 AM,-19,Flight match,2026-08-16 03:11:45
31673,10:40 AM,10:16 AM,-24,Flight match,2026-08-16 03:11:45
30181,10:40 AM,10:43 AM,3,Flight match,2026-08-16 03:11:45
33364,11:00 AM,10:34 AM,-26,Flight match,2026-08-16 03:11:45
34945,11:30 AM,11:15 AM,-15,Flight match,2026-08-16 03:11:45
26399,11:36 AM,11:33 AM,-3,Flight match,2026-08-16 03:11:45
22311,11:36 AM,11:33 AM,-3,Flight match,2026-08-16 03:11:45
17815,11:36 AM,11:33 AM,-3,Flight match,2026-08-16 03:11:45
27384,11:55 AM,11:36 AM,-19,Flight match,2026-08-16 03:11:45
29326,12:05 PM,11:59 AM,-6,Flight match,2026-08-16 03:11:46
34075,12:16 PM,12:13 PM,-3,Flight match,2026-08-16 03:11:46
27925,12:36 PM,12:40 PM,4,Flight match,2026-08-16 03:11:46
14427,1:00 PM,12:42 PM,-18,Flight match,2026-08-16 03:11:46
28466,1:09 PM,1:06 PM,-3,Flight match,2026-08-16 03:11:46
24061,1:34 PM,1:29 PM,-5,Flight match,2026-08-16 03:11:47
21788,2:00 PM,1:57 PM,-3,Flight match,2026-08-16 03:11:47
28178,3:03 PM,3:00 PM,-3,Flight match,2026-08-16 03:11:47
28176,3:03 PM,3:00 PM,-3,Flight match,2026-08-16 03:11:47
29529,3:30 PM,3:07 PM,-23,Flight match,2026-08-16 03:11:47
25880,4:20 PM,4:06 PM,-14,Flight match,2026-08-16 03:11:47
33142,4:44 PM,4:32 PM,-12,Flight match,2026-08-16 03:11:47
31813,7:59 AM,8:14 AM,15,Flight match,2026-08-16 10:24:44
34632,8:22 AM,7:58 AM,-24,Flight match,2026-08-16 10:24:44
32983,8:32 AM,8:47 AM,15,Flight match,2026-08-16 10:24:45
30528,8:50 AM,8:29 AM,-21,Flight match,2026-08-16 10:24:45
34187,8:52 AM,8:59 AM,7,Flight match,2026-08-16 10:24:45
23121,8:54 AM,8:35 AM,-19,Flight match,2026-08-16 10:24:45
29950,9:16 AM,9:13 AM,-3,Flight match,2026-08-16 10:24:45
32030,9:16 AM,9:13 AM,-3,Flight match,2026-08-16 10:24:45
29194,9:17 AM,9:18 AM,1,Flight match,2026-08-16 10:24:45
33479,9:25 AM,9:00 AM,-25,Flight match,2026-08-16 10:24:45
34919,9:29 AM,9:27 AM,-2,Flight match,2026-08-16 10:24:45
30704,9:34 AM,9:30 AM,-4,Flight match,2026-08-16 10:24:45
31541,9:35 AM,10:18 AM,43,Flight match,2026-08-16 10:24:45
33843,9:41 AM,9:35 AM,-6,Flight match,2026-08-16 10:24:45
33481,9:54 AM,9:47 AM,-7,Flight match,2026-08-16 10:24:46
34707,9:54 AM,9:47 AM,-7,Flight match,2026-08-16 10:24:46
31128,10:10 AM,10:00 AM,-10,Flight match,2026-08-16 10:24:46
32782,10:10 AM,10:00 AM,-10,Flight match,2026-08-16 10:24:46
30905,10:10 AM,10:00 AM,-10,Flight match,2026-08-16 10:24:46
28853,10:15 AM,10:02 AM,-13,Flight match,2026-08-16 10:24:46
34853,10:15 AM,10:02 AM,-13,Flight match,2026-08-16 10:24:46
34614,10:15 AM,10:02 AM,-13,Flight match,2026-08-16 10:24:46
34485,10:15 AM,10:02 AM,-13,Flight match,2026-08-16 10:24:46
31673,10:16 AM,10:38 AM,22,Flight match,2026-08-16 10:24:46
24440,10:20 AM,10:00 AM,-20,Flight match,2026-08-16 10:24:46
29118,10:20 AM,10:20 AM,0,Flight match,2026-08-16 10:24:46
7138,10:29 AM,10:30 AM,1,Flight match,2026-08-16 10:24:47
33364,10:34 AM,10:41 AM,7,Flight match,2026-08-16 10:24:47
30193,10:38 AM,10:17 AM,-21,Flight match,2026-08-16 10:24:47
30181,10:43 AM,10:16 AM,-27,Flight match,2026-08-16 10:24:47
27265,10:52 AM,10:53 AM,1,Flight match,2026-08-16 10:24:47
31773,10:52 AM,10:53 AM,1,Flight match,2026-08-16 10:24:47
33497,10:54 AM,10:52 AM,-2,Flight match,2026-08-16 10:24:47
34945,11:15 AM,11:06 AM,-9,Flight match,2026-08-16 10:24:47
27384,11:36 AM,11:56 AM,20,Flight match,2026-08-16 10:24:47
26556,11:54 AM,11:56 AM,2,Flight match,2026-08-16 10:24:47
29326,11:59 AM,12:05 PM,6,Flight match,2026-08-16 10:24:47
23924,12:00 PM,11:54 AM,-6,Flight match,2026-08-16 10:24:47
27925,12:40 PM,12:18 PM,-22,Flight match,2026-08-16 10:24:47
14427,12:42 PM,1:00 PM,18,Flight match,2026-08-16 10:24:47
34940,12:47 PM,12:25 PM,-22,Flight match,2026-08-16 10:24:47
27397,12:57 PM,12:59 PM,2,Flight match,2026-08-16 10:24:48
24061,1:29 PM,1:34 PM,5,Flight match,2026-08-16 10:24:48
19867,2:01 PM,1:41 PM,-20,Flight match,2026-08-16 10:24:48
30080,2:10 PM,2:12 PM,2,Flight match,2026-08-16 10:24:48
28237,2:35 PM,2:37 PM,2,Flight match,2026-08-16 10:24:48
32155,2:53 PM,2:55 PM,2,Flight match,2026-08-16 10:24:48
29529,3:07 PM,3:30 PM,23,Flight match,2026-08-16 10:24:48
18982,3:23 PM,3:01 PM,-22,Flight match,2026-08-16 10:24:48
25880,4:06 PM,4:20 PM,14,Flight match,2026-08-16 10:24:48
31447,6:00 PM,5:49 PM,-11,Flight match,2026-08-16 10:24:48
33573,6:30 PM,6:26 PM,-4,Flight match,2026-08-16 10:24:48
30528,8:29 AM,8:24 AM,-5,Flight match,2026-08-16 11:25:22
23121,8:35 AM,8:34 AM,-1,Flight match,2026-08-16 11:25:22
32983,8:47 AM,8:19 AM,-28,Flight match,2026-08-16 11:25:22
34187,8:59 AM,9:00 AM,1,Flight match,2026-08-16 11:25:22
33479,9:00 AM,8:46 AM,-14,Flight match,2026-08-16 11:25:22
29194,9:18 AM,9:24 AM,6,Flight match,2026-08-16 11:25:23
34919,9:27 AM,9:28 AM,1,Flight match,2026-08-16 11:25:23
30704,9:30 AM,9:33 AM,3,Flight match,2026-08-16 11:25:23
33843,9:35 AM,9:29 AM,-6,Flight match,2026-08-16 11:25:23
33481,9:47 AM,9:48 AM,1,Flight match,2026-08-16 11:25:23
34707,9:47 AM,9:48 AM,1,Flight match,2026-08-16 11:25:23
24440,10:00 AM,9:56 AM,-4,Flight match,2026-08-16 11:25:23
31128,10:00 AM,9:55 AM,-5,Flight match,2026-08-16 11:25:23
32782,10:00 AM,9:55 AM,-5,Flight match,2026-08-16 11:25:23
30905,10:00 AM,9:55 AM,-5,Flight match,2026-08-16 11:25:23
28853,10:02 AM,9:56 AM,-6,Flight match,2026-08-16 11:25:23
34853,10:02 AM,9:56 AM,-6,Flight match,2026-08-16 11:25:23
34614,10:02 AM,9:56 AM,-6,Flight match,2026-08-16 11:25:23
34485,10:02 AM,9:56 AM,-6,Flight match,2026-08-16 11:25:23
30193,10:17 AM,10:29 AM,12,Flight match,2026-08-16 11:25:23
31541,10:18 AM,10:05 AM,-13,Flight match,2026-08-16 11:25:23
29118,10:20 AM,10:25 AM,5,Flight match,2026-08-16 11:25:24
7138,10:30 AM,10:31 AM,1,Flight match,2026-08-16 11:25:24
33364,10:41 AM,10:35 AM,-6,Flight match,2026-08-16 11:25:24
27265,10:53 AM,10:21 AM,-32,Flight match,2026-08-16 11:25:24
31773,10:53 AM,10:21 AM,-32,Flight match,2026-08-16 11:25:24
26087,11:04 AM,10:58 AM,-6,Flight match,2026-08-16 11:25:24
21996,11:54 AM,11:52 AM,-2,Flight match,2026-08-16 11:25:24
23924,11:54 AM,11:54 AM,0,Flight match,2026-08-16 11:25:24
27384,11:56 AM,11:38 AM,-18,Flight match,2026-08-16 11:25:24
34940,12:25 PM,12:22 PM,-3,Flight match,2026-08-16 11:25:24
27397,12:59 PM,1:21 PM,22,Flight match,2026-08-16 11:25:24
22181,1:39 PM,1:09 PM,-30,Flight match,2026-08-16 11:25:24
29135,1:39 PM,1:09 PM,-30,Flight match,2026-08-16 11:25:24
19867,1:41 PM,1:37 PM,-4,Flight match,2026-08-16 11:25:24
32862,3:45 PM,3:29 PM,-16,Flight match,2026-08-16 11:25:24
33861,8:35 PM,8:24 PM,-11,Flight match,2026-08-16 11:25:24
32983,8:19 AM,8:10 AM,-9,Flight match,2026-08-16 11:27:24
34868,5:30 PM,4:40 PM,-50,Flight match,2026-08-16 11:40:39
27579,1:45 PM,12:59 PM,-46,Flight match,2026-08-16 11:40:45
24177,1:30 PM,12:59 PM,-31,Flight match,2026-08-16 11:40:48
26505,10:30 AM,9:57 AM,-33,Flight match,2026-08-16 11:41:07
31727,10:15 AM,9:45 AM,-30,Flight match,2026-08-16 11:41:11
34686,9:30 AM,9:00 AM,-30,Flight match,2026-08-16 11:41:15
34893,6:15 PM,5:40 PM,-35,Flight match,2026-08-16 11:41:21
18908,4:24 PM,5:09 PM,45,Flight match,2026-08-16 11:41:25
34912,2:00 PM,12:59 PM,-61,Flight match,2026-08-16 11:41:29
34632,7:58 AM,7:57 AM,-1,Flight match,2026-08-16 11:52:33
32983,8:10 AM,8:20 AM,10,Flight match,2026-08-16 11:52:33
34919,9:28 AM,9:25 AM,-3,Flight match,2026-08-16 11:52:34
33843,9:29 AM,9:34 AM,5,Flight match,2026-08-16 11:52:34
30704,9:33 AM,9:34 AM,1,Flight match,2026-08-16 11:52:34
33481,9:48 AM,9:55 AM,7,Flight match,2026-08-16 11:52:34
34707,9:48 AM,9:55 AM,7,Flight match,2026-08-16 11:52:34
31128,9:55 AM,10:01 AM,6,Flight match,2026-08-16 11:52:34
32782,9:55 AM,10:01 AM,6,Flight match,2026-08-16 11:52:34
30905,9:55 AM,10:01 AM,6,Flight match,2026-08-16 11:52:34
24440,9:56 AM,9:55 AM,-1,Flight match,2026-08-16 11:52:34
28853,9:56 AM,9:53 AM,-3,Flight match,2026-08-16 11:52:34
34853,9:56 AM,9:53 AM,-3,Flight match,2026-08-16 11:52:34
34614,9:56 AM,9:53 AM,-3,Flight match,2026-08-16 11:52:34
34485,9:56 AM,9:53 AM,-3,Flight match,2026-08-16 11:52:34
31541,10:05 AM,9:48 AM,-17,Flight match,2026-08-16 11:52:34
30181,10:16 AM,10:15 AM,-1,Flight match,2026-08-16 11:52:34
27265,10:21 AM,10:26 AM,5,Flight match,2026-08-16 11:52:34
31773,10:21 AM,10:26 AM,5,Flight match,2026-08-16 11:52:34
29118,10:25 AM,10:39 AM,14,Flight match,2026-08-16 11:52:34
30193,10:29 AM,10:25 AM,-4,Flight match,2026-08-16 11:52:34
7138,10:31 AM,10:26 AM,-5,Flight match,2026-08-16 11:52:34
31673,10:38 AM,10:27 AM,-11,Flight match,2026-08-16 11:52:34
26399,11:33 AM,11:09 AM,-24,Flight match,2026-08-16 11:52:34
17815,11:33 AM,11:09 AM,-24,Flight match,2026-08-16 11:52:34
22311,11:33 AM,11:09 AM,-24,Flight match,2026-08-16 11:52:34
34075,12:13 PM,12:07 PM,-6,Flight match,2026-08-16 11:52:34
34940,12:22 PM,12:26 PM,4,Flight match,2026-08-16 11:52:35
24061,1:34 PM,1:29 PM,-5,Flight match,2026-08-16 11:52:35
32862,3:29 PM,3:45 PM,16,Flight match,2026-08-16 11:52:35
33142,4:32 PM,4:29 PM,-3,Flight match,2026-08-16 11:52:35
34632,7:57 AM,8:10 AM,13,Flight match,2026-08-16 12:23:54
31813,8:14 AM,8:11 AM,-3,Flight match,2026-08-16 12:23:54
32983,8:20 AM,8:22 AM,2,Flight match,2026-08-16 12:23:54
30528,8:24 AM,8:18 AM,-6,Flight match,2026-08-16 12:23:54
23121,8:34 AM,8:33 AM,-1,Flight match,2026-08-16 12:23:54
29950,9:13 AM,9:12 AM,-1,Flight match,2026-08-16 12:23:54
32030,9:13 AM,9:12 AM,-1,Flight match,2026-08-16 12:23:54
34919,9:25 AM,9:27 AM,2,Flight match,2026-08-16 12:23:54
31541,9:48 AM,9:48 AM,0,Flight match,2026-08-16 12:23:54
33481,9:55 AM,9:50 AM,-5,Flight match,2026-08-16 12:23:54
34707,9:55 AM,9:50 AM,-5,Flight match,2026-08-16 12:23:54
31128,10:01 AM,9:55 AM,-6,Flight match,2026-08-16 12:23:54
32782,10:01 AM,9:55 AM,-6,Flight match,2026-08-16 12:23:55
30905,10:01 AM,9:55 AM,-6,Flight match,2026-08-16 12:23:55
30181,10:15 AM,10:06 AM,-9,Flight match,2026-08-16 12:23:55
30193,10:25 AM,10:15 AM,-10,Flight match,2026-08-16 12:23:55
27265,10:26 AM,10:29 AM,3,Flight match,2026-08-16 12:23:55
7138,10:26 AM,10:20 AM,-6,Flight match,2026-08-16 12:23:55
31773,10:26 AM,10:29 AM,3,Flight match,2026-08-16 12:23:55
31673,10:27 AM,10:38 AM,11,Flight match,2026-08-16 12:23:55
33364,10:35 AM,10:41 AM,6,Flight match,2026-08-16 12:23:55
29118,10:39 AM,10:13 AM,-26,Flight match,2026-08-16 12:23:55
33497,10:52 AM,10:41 AM,-11,Flight match,2026-08-16 12:23:55
34945,11:06 AM,10:57 AM,-9,Flight match,2026-08-16 12:23:55
26556,11:56 AM,11:54 AM,-2,Flight match,2026-08-16 12:23:55
29326,12:05 PM,12:01 PM,-4,Flight match,2026-08-16 12:23:55
34075,12:07 PM,11:53 AM,-14,Flight match,2026-08-16 12:23:55
14427,1:00 PM,1:25 PM,25,Flight match,2026-08-16 12:23:55
27397,1:21 PM,1:20 PM,-1,Flight match,2026-08-16 12:23:55
24061,1:29 PM,1:48 PM,19,Flight match,2026-08-16 12:23:55
18982,3:01 PM,3:23 PM,22,Flight match,2026-08-16 12:23:55
34632,8:10 AM,8:06 AM,-4,Flight match,2026-08-16 12:38:37
23121,8:33 AM,8:34 AM,1,Flight match,2026-08-16 12:38:37
34919,9:27 AM,9:25 AM,-2,Flight match,2026-08-16 12:38:37
30181,10:06 AM,10:13 AM,7,Flight match,2026-08-16 12:38:37
7138,10:20 AM,10:19 AM,-1,Flight match,2026-08-16 12:38:37
27265,10:29 AM,10:22 AM,-7,Flight match,2026-08-16 12:38:37
31773,10:29 AM,10:22 AM,-7,Flight match,2026-08-16 12:38:37
33364,10:41 AM,10:44 AM,3,Flight match,2026-08-16 12:38:37
21996,11:52 AM,11:47 AM,-5,Flight match,2026-08-16 12:38:37
14427,1:25 PM,2:06 PM,41,Flight match,2026-08-16 12:38:37
32164,5:22 PM,5:03 PM,-19,Flight match,2026-08-16 12:38:37
15180,5:22 PM,5:03 PM,-19,Flight match,2026-08-16 12:38:37
33573,6:26 PM,6:23 PM,-3,Flight match,2026-08-16 12:38:37
21742,6:37 PM,6:08 PM,-29,Flight match,2026-08-16 12:38:37
29950,9:12 AM,9:10 AM,-2,Flight match,2026-08-16 12:51:15
32030,9:12 AM,9:10 AM,-2,Flight match,2026-08-16 12:51:16
7138,10:19 AM,10:20 AM,1,Flight match,2026-08-16 12:51:16
33497,10:41 AM,10:38 AM,-3,Flight match,2026-08-16 12:51:16
33364,10:44 AM,10:41 AM,-3,Flight match,2026-08-16 12:51:16
34945,10:57 AM,11:12 AM,15,Flight match,2026-08-16 12:51:16
27384,11:38 AM,11:33 AM,-5,Flight match,2026-08-16 12:51:16
21996,11:47 AM,11:49 AM,2,Flight match,2026-08-16 12:51:16
14427,2:06 PM,1:46 PM,-20,Flight match,2026-08-16 12:51:16
33048,2:59 PM,2:46 PM,-13,Flight match,2026-08-16 12:51:16
18982,3:23 PM,3:02 PM,-21,Flight match,2026-08-16 12:51:16
19991,5:43 PM,5:35 PM,-8,Flight match,2026-08-16 12:51:16
21742,6:08 PM,7:35 PM,87,Flight match,2026-08-16 12:51:17
30528,8:18 AM,8:19 AM,1,Flight match,2026-08-16 13:45:58
32983,8:22 AM,8:16 AM,-6,Flight match,2026-08-16 13:45:58
23121,8:34 AM,8:29 AM,-5,Flight match,2026-08-16 13:45:58
33479,8:46 AM,8:47 AM,1,Flight match,2026-08-16 13:45:58
34187,9:00 AM,8:54 AM,-6,Flight match,2026-08-16 13:45:58
29950,9:10 AM,9:23 AM,13,Flight match,2026-08-16 13:45:58
32030,9:10 AM,9:23 AM,13,Flight match,2026-08-16 13:45:58
34919,9:25 AM,9:24 AM,-1,Flight match,2026-08-16 13:45:58
33843,9:34 AM,9:33 AM,-1,Flight match,2026-08-16 13:45:58
30704,9:34 AM,9:32 AM,-2,Flight match,2026-08-16 13:45:59
28853,9:53 AM,9:50 AM,-3,Flight match,2026-08-16 13:45:59
34853,9:53 AM,9:50 AM,-3,Flight match,2026-08-16 13:45:59
34614,9:53 AM,9:50 AM,-3,Flight match,2026-08-16 13:45:59
34485,9:53 AM,9:50 AM,-3,Flight match,2026-08-16 13:45:59
30181,10:13 AM,10:06 AM,-7,Flight match,2026-08-16 13:45:59
30193,10:15 AM,10:10 AM,-5,Flight match,2026-08-16 13:45:59
7138,10:20 AM,10:21 AM,1,Flight match,2026-08-16 13:45:59
27265,10:22 AM,10:23 AM,1,Flight match,2026-08-16 13:46:00
31773,10:22 AM,10:23 AM,1,Flight match,2026-08-16 13:46:00
33497,10:38 AM,10:34 AM,-4,Flight match,2026-08-16 13:46:00
33364,10:41 AM,10:42 AM,1,Flight match,2026-08-16 13:46:00
26399,11:09 AM,11:43 AM,34,Flight match,2026-08-16 13:46:00
22311,11:09 AM,11:43 AM,34,Flight match,2026-08-16 13:46:00
17815,11:09 AM,11:43 AM,34,Flight match,2026-08-16 13:46:00
34945,11:12 AM,11:16 AM,4,Flight match,2026-08-16 13:46:00
27384,11:33 AM,11:29 AM,-4,Flight match,2026-08-16 13:46:00
21996,11:49 AM,11:45 AM,-4,Flight match,2026-08-16 13:46:00
34075,11:53 AM,12:04 PM,11,Flight match,2026-08-16 13:46:01
26556,11:54 AM,11:53 AM,-1,Flight match,2026-08-16 13:46:01
23924,11:54 AM,11:52 AM,-2,Flight match,2026-08-16 13:46:03
29326,12:01 PM,11:52 AM,-9,Flight match,2026-08-16 13:46:04
27925,12:18 PM,12:08 PM,-10,Flight match,2026-08-16 13:46:05
34940,12:26 PM,12:25 PM,-1,Flight match,2026-08-16 13:46:05
27397,1:20 PM,12:50 PM,-30,Flight match,2026-08-16 13:46:05
34139,1:30 PM,1:33 PM,3,Flight match,2026-08-16 13:46:05
14427,1:46 PM,2:28 PM,42,Flight match,2026-08-16 13:46:05
30080,2:12 PM,2:12 PM,0,Flight match,2026-08-16 13:46:05
28237,2:37 PM,2:27 PM,-10,Flight match,2026-08-16 13:46:05
18982,3:02 PM,3:11 PM,9,Flight match,2026-08-16 13:46:06
29529,3:30 PM,3:31 PM,1,Flight match,2026-08-16 13:46:06
31447,5:49 PM,5:41 PM,-8,Flight match,2026-08-16 13:46:06
21742,7:35 PM,8:04 PM,29,Flight match,2026-08-16 13:46:06
33481,9:50 AM,9:47 AM,-3,Flight match,2026-08-16 13:59:50
34707,9:50 AM,9:47 AM,-3,Flight match,2026-08-16 13:59:51
24440,9:55 AM,9:52 AM,-3,Flight match,2026-08-16 13:59:51
30193,10:10 AM,10:08 AM,-2,Flight match,2026-08-16 13:59:51
33497,10:34 AM,10:38 AM,4,Flight match,2026-08-16 13:59:51
33364,10:42 AM,10:41 AM,-1,Flight match,2026-08-16 13:59:51
26399,11:43 AM,11:50 AM,7,Flight match,2026-08-16 13:59:51
22311,11:43 AM,11:50 AM,7,Flight match,2026-08-16 13:59:51
17815,11:43 AM,11:50 AM,7,Flight match,2026-08-16 13:59:51
23924,11:52 AM,11:50 AM,-2,Flight match,2026-08-16 13:59:51
26556,11:53 AM,11:44 AM,-9,Flight match,2026-08-16 13:59:51
27925,12:08 PM,12:23 PM,15,Flight match,2026-08-16 13:59:51
34940,12:25 PM,12:32 PM,7,Flight match,2026-08-16 13:59:51
27397,12:50 PM,1:20 PM,30,Flight match,2026-08-16 13:59:51
28466,1:06 PM,1:21 PM,15,Flight match,2026-08-16 13:59:52
22181,1:09 PM,1:16 PM,7,Flight match,2026-08-16 13:59:52
29135,1:09 PM,1:16 PM,7,Flight match,2026-08-16 13:59:52
21788,1:57 PM,2:09 PM,12,Flight match,2026-08-16 13:59:52
14427,2:28 PM,2:27 PM,-1,Flight match,2026-08-16 13:59:52
29529,3:31 PM,4:00 PM,29,Flight match,2026-08-16 13:59:52
31541,9:48 AM,10:08 AM,20,Flight match,2026-08-16 14:09:59
30193,10:08 AM,10:09 AM,1,Flight match,2026-08-16 14:09:59
29118,10:13 AM,10:10 AM,-3,Flight match,2026-08-16 14:09:59
31673,10:38 AM,10:48 AM,10,Flight match,2026-08-16 14:09:59
26556,11:44 AM,11:53 AM,9,Flight match,2026-08-16 14:09:59
26399,11:50 AM,11:44 AM,-6,Flight match,2026-08-16 14:09:59
22311,11:50 AM,11:44 AM,-6,Flight match,2026-08-16 14:09:59
17815,11:50 AM,11:44 AM,-6,Flight match,2026-08-16 14:09:59
23924,11:50 AM,11:55 AM,5,Flight match,2026-08-16 14:09:59
27925,12:23 PM,12:17 PM,-6,Flight match,2026-08-16 14:09:59
34139,1:33 PM,1:31 PM,-2,Flight match,2026-08-16 14:09:59
21788,2:09 PM,2:06 PM,-3,Flight match,2026-08-16 14:09:59
14427,2:27 PM,2:26 PM,-1,Flight match,2026-08-16 14:09:59
32862,3:45 PM,5:08 PM,83,Flight match,2026-08-16 14:09:59
28853,9:50 AM,9:47 AM,-3,Flight match,2026-08-16 14:26:43
34614,9:50 AM,9:47 AM,-3,Flight match,2026-08-16 14:26:43
34485,9:50 AM,9:47 AM,-3,Flight match,2026-08-16 14:26:43
34853,9:50 AM,9:47 AM,-3,Flight match,2026-08-16 14:26:43
24440,9:52 AM,9:55 AM,3,Flight match,2026-08-16 14:26:44
31541,10:08 AM,10:11 AM,3,Flight match,2026-08-16 14:26:44
30193,10:09 AM,10:19 AM,10,Flight match,2026-08-16 14:26:44
29118,10:10 AM,10:13 AM,3,Flight match,2026-08-16 14:26:44
27265,10:23 AM,10:24 AM,1,Flight match,2026-08-16 14:26:44
31773,10:23 AM,10:24 AM,1,Flight match,2026-08-16 14:26:44
33364,10:41 AM,10:40 AM,-1,Flight match,2026-08-16 14:26:44
31673,10:48 AM,10:32 AM,-16,Flight match,2026-08-16 14:26:44
26556,11:53 AM,12:02 PM,9,Flight match,2026-08-16 14:26:44
34075,12:04 PM,11:54 AM,-10,Flight match,2026-08-16 14:26:45
34940,12:32 PM,12:17 PM,-15,Flight match,2026-08-16 14:26:45
28466,1:21 PM,1:16 PM,-5,Flight match,2026-08-16 14:26:45
34139,1:31 PM,1:30 PM,-1,Flight match,2026-08-16 14:26:45
19867,1:37 PM,1:45 PM,8,Flight match,2026-08-16 14:26:45
24061,1:48 PM,1:29 PM,-19,Flight match,2026-08-16 14:26:45
32155,2:55 PM,3:02 PM,7,Flight match,2026-08-16 14:26:45
18982,3:11 PM,2:58 PM,-13,Flight match,2026-08-16 14:26:45
29529,4:00 PM,3:49 PM,-11,Flight match,2026-08-16 14:26:45
32164,5:03 PM,5:04 PM,1,Flight match,2026-08-16 14:26:45
15180,5:03 PM,5:04 PM,1,Flight match,2026-08-16 14:26:45
32862,5:08 PM,4:52 PM,-16,Flight match,2026-08-16 14:26:45
31447,5:41 PM,5:45 PM,4,Flight match,2026-08-16 14:26:46
33861,8:24 PM,7:40 PM,-44,Flight match,2026-08-16 14:26:46
30181,10:06 AM,10:05 AM,-1,Flight match,2026-08-16 14:55:18
29118,10:13 AM,10:10 AM,-3,Flight match,2026-08-16 14:55:18
30193,10:19 AM,10:20 AM,1,Flight match,2026-08-16 14:55:18
7138,10:21 AM,10:22 AM,1,Flight match,2026-08-16 14:55:18
27265,10:24 AM,10:35 AM,11,Flight match,2026-08-16 14:55:18
31773,10:24 AM,10:35 AM,11,Flight match,2026-08-16 14:55:19
31673,10:32 AM,10:30 AM,-2,Flight match,2026-08-16 14:55:19
33497,10:38 AM,10:40 AM,2,Flight match,2026-08-16 14:55:19
33364,10:40 AM,10:41 AM,1,Flight match,2026-08-16 14:55:19
21996,11:45 AM,11:49 AM,4,Flight match,2026-08-16 14:55:19
26556,12:02 PM,12:13 PM,11,Flight match,2026-08-16 14:55:19
29135,1:16 PM,1:14 PM,-2,Flight match,2026-08-16 14:55:19
22181,1:16 PM,1:14 PM,-2,Flight match,2026-08-16 14:55:19
27397,1:20 PM,1:39 PM,19,Flight match,2026-08-16 14:55:19
24061,1:29 PM,1:33 PM,4,Flight match,2026-08-16 14:55:19
34139,1:30 PM,1:22 PM,-8,Flight match,2026-08-16 14:55:19
19867,1:45 PM,1:34 PM,-11,Flight match,2026-08-16 14:55:19
21788,2:06 PM,1:58 PM,-8,Flight match,2026-08-16 14:55:19
28176,3:00 PM,3:14 PM,14,Flight match,2026-08-16 14:55:19
28178,3:00 PM,3:14 PM,14,Flight match,2026-08-16 14:55:19
32155,3:02 PM,2:57 PM,-5,Flight match,2026-08-16 14:55:19
18982,2:58 PM,3:23 PM,25,Guest flight verification auto-adjust,2026-08-16 14:56:18
33364,10:41 AM,10:36 AM,-5,Flight match,2026-08-16 15:08:52
34075,11:54 AM,11:54 AM,0,Flight match,2026-08-16 15:08:52
26556,12:13 PM,12:19 PM,6,Flight match,2026-08-16 15:08:52
34940,12:17 PM,12:17 PM,0,Flight match,2026-08-16 15:08:52
28466,1:16 PM,1:07 PM,-9,Flight match,2026-08-16 15:08:52
19867,1:34 PM,1:33 PM,-1,Flight match,2026-08-16 15:08:52
30080,2:12 PM,1:53 PM,-19,Flight match,2026-08-16 15:08:53
18982,3:23 PM,2:58 PM,-25,Flight match,2026-08-16 15:08:53
32164,5:04 PM,4:59 PM,-5,Flight match,2026-08-16 15:08:53
15180,5:04 PM,4:59 PM,-5,Flight match,2026-08-16 15:08:53
33861,7:40 PM,8:24 PM,44,Flight match,2026-08-16 15:08:53
26087,10:58 AM,11:01 AM,3,Flight match,2026-08-16 15:22:19
34945,11:16 AM,11:14 AM,-2,Flight match,2026-08-16 15:22:20
34075,11:54 AM,11:54 AM,0,Flight match,2026-08-16 15:22:20
34940,12:17 PM,12:17 PM,0,Flight match,2026-08-16 15:22:20
26556,12:19 PM,12:17 PM,-2,Flight match,2026-08-16 15:22:20
24061,1:33 PM,1:48 PM,15,Flight match,2026-08-16 15:22:20
27397,1:39 PM,2:28 PM,49,Flight match,2026-08-16 15:22:20
30080,1:53 PM,1:54 PM,1,Flight match,2026-08-16 15:22:20
21788,1:58 PM,2:09 PM,11,Flight match,2026-08-16 15:22:20
14427,2:26 PM,2:25 PM,-1,Flight match,2026-08-16 15:22:20
28237,2:27 PM,2:17 PM,-10,Flight match,2026-08-16 15:22:20
18982,2:58 PM,3:02 PM,4,Flight match,2026-08-16 15:22:20
32164,4:59 PM,5:07 PM,8,Flight match,2026-08-16 15:22:20
15180,4:59 PM,5:07 PM,8,Flight match,2026-08-16 15:22:20
33861,8:24 PM,8:26 PM,2,Flight match,2026-08-16 15:22:21
27384,11:29 AM,11:32 AM,3,Flight match,2026-08-16 15:46:11
26399,11:44 AM,11:42 AM,-2,Flight match,2026-08-16 15:46:11
22311,11:44 AM,11:42 AM,-2,Flight match,2026-08-16 15:46:11
17815,11:44 AM,11:42 AM,-2,Flight match,2026-08-16 15:46:11
21996,11:49 AM,11:52 AM,3,Flight match,2026-08-16 15:46:11
29326,11:52 AM,11:51 AM,-1,Flight match,2026-08-16 15:46:11
34075,11:54 AM,11:53 AM,-1,Flight match,2026-08-16 15:46:11
23924,11:55 AM,11:47 AM,-8,Flight match,2026-08-16 15:46:11
26556,12:17 PM,12:14 PM,-3,Flight match,2026-08-16 15:46:11
28466,1:07 PM,1:18 PM,11,Flight match,2026-08-16 15:46:12
34139,1:22 PM,1:27 PM,5,Flight match,2026-08-16 15:46:12
24061,1:48 PM,1:12 PM,-36,Flight match,2026-08-16 15:46:12
21788,2:09 PM,2:04 PM,-5,Flight match,2026-08-16 15:46:12
28237,2:17 PM,2:10 PM,-7,Flight match,2026-08-16 15:46:12
14427,2:25 PM,2:27 PM,2,Flight match,2026-08-16 15:46:12
27397,2:28 PM,3:09 PM,41,Flight match,2026-08-16 15:46:12
32155,2:57 PM,2:40 PM,-17,Flight match,2026-08-16 15:46:12
18982,3:02 PM,3:11 PM,9,Flight match,2026-08-16 15:46:12
28176,3:14 PM,2:59 PM,-15,Flight match,2026-08-16 15:46:12
28178,3:14 PM,2:59 PM,-15,Flight match,2026-08-16 15:46:12
29529,3:49 PM,3:33 PM,-16,Flight match,2026-08-16 15:46:12
25880,4:20 PM,4:10 PM,-10,Flight match,2026-08-16 15:46:12
28792,4:39 PM,4:33 PM,-6,Flight match,2026-08-16 15:46:12
32862,4:52 PM,4:55 PM,3,Flight match,2026-08-16 15:46:13
33573,6:23 PM,6:26 PM,3,Flight match,2026-08-16 15:46:13
33861,8:26 PM,8:24 PM,-2,Flight match,2026-08-16 15:46:13
27384,11:32 AM,11:31 AM,-1,Flight match,2026-08-16 16:15:46
23924,11:47 AM,11:48 AM,1,Flight match,2026-08-16 16:15:46
21996,11:52 AM,11:53 AM,1,Flight match,2026-08-16 16:15:46
34940,12:17 PM,12:14 PM,-3,Flight match,2026-08-16 16:15:46
27925,12:17 PM,12:15 PM,-2,Flight match,2026-08-16 16:15:46
24061,1:12 PM,1:11 PM,-1,Flight match,2026-08-16 16:15:46
28466,1:18 PM,1:23 PM,5,Flight match,2026-08-16 16:15:46
30080,1:54 PM,2:05 PM,11,Flight match,2026-08-16 16:15:46
28237,2:10 PM,2:16 PM,6,Flight match,2026-08-16 16:15:46
14427,2:27 PM,2:32 PM,5,Flight match,2026-08-16 16:15:46
32155,2:40 PM,2:57 PM,17,Flight match,2026-08-16 16:15:46
28176,2:59 PM,3:10 PM,11,Flight match,2026-08-16 16:15:46
28178,2:59 PM,3:10 PM,11,Flight match,2026-08-16 16:15:46
27397,3:09 PM,2:29 PM,-40,Flight match,2026-08-16 16:15:47
18982,3:11 PM,3:18 PM,7,Flight match,2026-08-16 16:15:47
29529,3:33 PM,3:18 PM,-15,Flight match,2026-08-16 16:15:47
33142,4:29 PM,4:30 PM,1,Flight match,2026-08-16 16:15:47
21742,8:04 PM,8:07 PM,3,Flight match,2026-08-16 16:15:47
33861,8:24 PM,8:30 PM,6,Flight match,2026-08-16 16:15:47
34075,11:53 AM,11:50 AM,-3,Flight match,2026-08-16 17:19:56
26556,12:14 PM,12:15 PM,1,Flight match,2026-08-16 17:19:56
27925,12:15 PM,12:18 PM,3,Flight match,2026-08-16 17:19:56
24061,1:11 PM,1:25 PM,14,Flight match,2026-08-16 17:19:56
22181,1:14 PM,1:16 PM,2,Flight match,2026-08-16 17:19:56
29135,1:14 PM,1:16 PM,2,Flight match,2026-08-16 17:19:56
28466,1:23 PM,1:15 PM,-8,Flight match,2026-08-16 17:19:56
34139,1:27 PM,1:24 PM,-3,Flight match,2026-08-16 17:19:56
21788,2:04 PM,1:57 PM,-7,Flight match,2026-08-16 17:19:57
14427,2:32 PM,2:39 PM,7,Flight match,2026-08-16 17:19:57
33048,2:46 PM,2:40 PM,-6,Flight match,2026-08-16 17:19:57
32155,2:57 PM,2:59 PM,2,Flight match,2026-08-16 17:19:57
28176,3:10 PM,3:28 PM,18,Flight match,2026-08-16 17:19:57
28178,3:10 PM,3:28 PM,18,Flight match,2026-08-16 17:19:57
18982,3:18 PM,3:58 PM,40,Flight match,2026-08-16 17:19:57
29529,3:18 PM,4:18 PM,60,Flight match,2026-08-16 17:19:57
33142,4:30 PM,4:32 PM,2,Flight match,2026-08-16 17:19:57
28792,4:33 PM,4:28 PM,-5,Flight match,2026-08-16 17:19:57
19991,5:35 PM,5:23 PM,-12,Flight match,2026-08-16 17:19:57
33861,8:30 PM,7:55 PM,-35,Flight match,2026-08-16 17:19:57
34139,1:24 PM,1:27 PM,3,Flight match,2026-08-16 17:37:20
19867,1:33 PM,1:23 PM,-10,Flight match,2026-08-16 17:37:20
28176,3:28 PM,3:23 PM,-5,Flight match,2026-08-16 17:37:21
28178,3:28 PM,3:23 PM,-5,Flight match,2026-08-16 17:37:21
18982,3:58 PM,4:09 PM,11,Flight match,2026-08-16 17:37:21
33142,4:32 PM,4:36 PM,4,Flight match,2026-08-16 17:37:21
32862,4:55 PM,4:47 PM,-8,Flight match,2026-08-16 17:37:21
32164,5:07 PM,5:06 PM,-1,Flight match,2026-08-16 17:37:21
15180,5:07 PM,5:06 PM,-1,Flight match,2026-08-16 17:37:21
33573,6:26 PM,6:27 PM,1,Flight match,2026-08-16 17:37:21
22181,1:16 PM,1:22 PM,6,Flight match,2026-08-16 22:10:57
29135,1:16 PM,1:22 PM,6,Flight match,2026-08-16 22:10:57
19867,1:23 PM,1:20 PM,-3,Flight match,2026-08-16 22:10:57
24061,1:25 PM,1:22 PM,-3,Flight match,2026-08-16 22:10:57
34139,1:27 PM,1:29 PM,2,Flight match,2026-08-16 22:10:57
21788,1:57 PM,2:03 PM,6,Flight match,2026-08-16 22:10:57
30080,2:05 PM,2:00 PM,-5,Flight match,2026-08-16 22:10:57
28237,2:16 PM,2:21 PM,5,Flight match,2026-08-16 22:10:57
27397,2:29 PM,2:27 PM,-2,Flight match,2026-08-16 22:10:57
14427,2:39 PM,2:31 PM,-8,Flight match,2026-08-16 22:10:57
32155,2:59 PM,2:54 PM,-5,Flight match,2026-08-16 22:10:57
28176,3:23 PM,3:21 PM,-2,Flight match,2026-08-16 22:10:57
28178,3:23 PM,3:21 PM,-2,Flight match,2026-08-16 22:10:57
18982,4:09 PM,4:04 PM,-5,Flight match,2026-08-16 22:10:57
25880,4:10 PM,4:17 PM,7,Flight match,2026-08-16 22:10:57
28792,4:28 PM,4:31 PM,3,Flight match,2026-08-16 22:10:57
33142,4:36 PM,4:35 PM,-1,Flight match,2026-08-16 22:10:57
32862,4:47 PM,5:10 PM,23,Flight match,2026-08-16 22:10:57
32164,5:06 PM,6:33 PM,87,Flight match,2026-08-16 22:10:57
15180,5:06 PM,6:33 PM,87,Flight match,2026-08-16 22:10:57
19991,5:23 PM,6:03 PM,40,Flight match,2026-08-16 22:10:57
31447,5:45 PM,5:44 PM,-1,Flight match,2026-08-16 22:10:57
33573,6:27 PM,6:19 PM,-8,Flight match,2026-08-16 22:10:57
33861,7:55 PM,8:30 PM,35,Flight match,2026-08-16 22:10:57
21742,8:07 PM,8:51 PM,44,Flight match,2026-08-16 22:10:57
35129,10:37 PM,10:25 PM,-12,Flight match,2026-08-16 22:10:57
33573,6:19 PM,6:15 PM,-4,Flight match,2026-08-16 22:53:42
32164,6:33 PM,6:32 PM,-1,Flight match,2026-08-16 22:53:42
15180,6:33 PM,6:32 PM,-1,Flight match,2026-08-16 22:53:42
33861,8:30 PM,8:14 PM,-16,Flight match,2026-08-16 22:53:42
21742,8:51 PM,8:46 PM,-5,Flight match,2026-08-16 22:53:42
35129,10:25 PM,11:00 PM,35,Flight match,2026-08-16 22:53:42
29529,10:54 PM,10:10 PM,-44,Flight match,2026-08-16 22:53:42
34646,9:40 AM,9:17 AM,-23,Flight match,2026-08-17 01:02:18
33861,8:14 PM,8:14 PM,0,Flight match,2026-08-17 01:27:33
21742,8:46 PM,8:46 PM,0,Flight match,2026-08-17 01:27:33
29529,10:10 PM,11:10 PM,60,Flight match,2026-08-17 01:27:33
35129,11:00 PM,10:58 PM,-2,Flight match,2026-08-17 01:27:33
27314,8:20 AM,8:09 AM,-11,Flight match,2026-08-17 01:28:02
34177,8:28 AM,8:09 AM,-19,Flight match,2026-08-17 01:28:03
33129,8:30 AM,8:20 AM,-10,Flight match,2026-08-17 01:28:03
30926,8:30 AM,8:09 AM,-21,Flight match,2026-08-17 01:28:03
21242,8:45 AM,8:31 AM,-14,Flight match,2026-08-17 01:28:03
32774,9:25 AM,9:09 AM,-16,Flight match,2026-08-17 01:28:03
28091,10:00 AM,9:59 AM,-1,Flight match,2026-08-17 01:28:03
31261,10:00 AM,9:35 AM,-25,Flight match,2026-08-17 01:28:03
17052,10:11 AM,10:10 AM,-1,Flight match,2026-08-17 01:28:03
9020,10:11 AM,10:10 AM,-1,Flight match,2026-08-17 01:28:03
29146,10:33 AM,10:29 AM,-4,Flight match,2026-08-17 01:28:03
17265,10:55 AM,10:50 AM,-5,Flight match,2026-08-17 01:28:04
30438,11:05 AM,11:04 AM,-1,Flight match,2026-08-17 01:28:04
29202,11:15 AM,10:57 AM,-18,Flight match,2026-08-17 01:28:04
32305,11:20 AM,10:56 AM,-24,Flight match,2026-08-17 01:28:04
32771,11:23 AM,11:26 AM,3,Flight match,2026-08-17 01:28:04
33844,11:30 AM,11:26 AM,-4,Flight match,2026-08-17 01:28:04
29511,11:36 AM,11:33 AM,-3,Flight match,2026-08-17 01:28:04
29783,11:36 AM,11:33 AM,-3,Flight match,2026-08-17 01:28:04
33000,12:00 PM,11:54 AM,-6,Flight match,2026-08-17 01:28:04
19561,12:50 PM,1:50 PM,60,Flight match,2026-08-17 01:28:04
28123,12:50 PM,1:50 PM,60,Flight match,2026-08-17 01:28:04
34509,1:00 PM,12:47 PM,-13,Flight match,2026-08-17 01:28:05
29819,1:05 PM,12:35 PM,-30,Flight match,2026-08-17 01:28:05
24007,1:09 PM,1:03 PM,-6,Flight match,2026-08-17 01:28:05
32003,1:15 PM,1:11 PM,-4,Flight match,2026-08-17 01:28:05
32050,1:20 PM,12:57 PM,-23,Flight match,2026-08-17 01:28:05
35117,1:25 PM,1:15 PM,-10,Flight match,2026-08-17 01:28:05
29602,2:00 PM,1:20 PM,-40,Flight match,2026-08-17 01:28:05
19341,2:10 PM,1:51 PM,-19,Flight match,2026-08-17 01:28:05
34953,2:30 PM,2:15 PM,-15,Flight match,2026-08-17 01:28:05
34602,3:30 PM,3:18 PM,-12,Flight match,2026-08-17 01:28:05
33396,3:31 PM,3:28 PM,-3,Flight match,2026-08-17 01:28:05
33260,3:40 PM,3:26 PM,-14,Flight match,2026-08-17 01:28:05
19019,4:35 PM,4:26 PM,-9,Flight match,2026-08-17 01:28:05
30821,4:51 PM,4:50 PM,-1,Flight match,2026-08-17 01:28:06
26602,5:30 PM,5:01 PM,-29,Flight match,2026-08-17 01:28:06
34893,5:40 PM,5:29 PM,-11,Flight match,2026-08-17 01:28:06
31327,5:40 PM,5:29 PM,-11,Flight match,2026-08-17 01:28:06
25464,5:51 PM,5:48 PM,-3,Flight match,2026-08-17 01:28:06
34087,6:00 PM,5:29 PM,-31,Flight match,2026-08-17 01:28:06
26168,7:15 PM,6:54 PM,-21,Flight match,2026-08-17 01:28:06
17225,7:59 PM,7:54 PM,-5,Flight match,2026-08-17 01:28:06
27314,8:09 AM,8:12 AM,3,Flight match,2026-08-17 10:17:56
30926,8:09 AM,8:12 AM,3,Flight match,2026-08-17 10:17:56
34177,8:09 AM,8:12 AM,3,Flight match,2026-08-17 10:17:56
33129,8:20 AM,8:22 AM,2,Flight match,2026-08-17 10:17:56
21242,8:31 AM,8:37 AM,6,Flight match,2026-08-17 10:17:56
32774,9:09 AM,9:12 AM,3,Flight match,2026-08-17 10:17:56
34646,9:17 AM,9:24 AM,7,Flight match,2026-08-17 10:17:57
31261,9:35 AM,9:20 AM,-15,Flight match,2026-08-17 10:17:57
28091,9:59 AM,9:51 AM,-8,Flight match,2026-08-17 10:17:57
17052,10:10 AM,9:59 AM,-11,Flight match,2026-08-17 10:17:57
9020,10:10 AM,9:59 AM,-11,Flight match,2026-08-17 10:17:57
30355,10:15 AM,10:05 AM,-10,Flight match,2026-08-17 10:17:57
27688,10:20 AM,10:09 AM,-11,Flight match,2026-08-17 10:17:57
27367,10:20 AM,10:09 AM,-11,Flight match,2026-08-17 10:17:57
29146,10:29 AM,10:30 AM,1,Flight match,2026-08-17 10:17:57
17265,10:50 AM,10:52 AM,2,Flight match,2026-08-17 10:17:57
29202,10:57 AM,10:52 AM,-5,Flight match,2026-08-17 10:17:57
30438,11:04 AM,11:05 AM,1,Flight match,2026-08-17 10:17:57
30025,11:21 AM,12:52 PM,91,Flight match,2026-08-17 10:17:57
33000,11:54 AM,11:56 AM,2,Flight match,2026-08-17 10:17:57
29819,12:35 PM,12:45 PM,10,Flight match,2026-08-17 10:17:57
34509,12:47 PM,12:49 PM,2,Flight match,2026-08-17 10:17:57
32050,12:57 PM,12:59 PM,2,Flight match,2026-08-17 10:17:57
24007,1:03 PM,1:09 PM,6,Flight match,2026-08-17 10:17:57
29602,1:20 PM,1:35 PM,15,Flight match,2026-08-17 10:17:58
19561,1:50 PM,1:10 PM,-40,Flight match,2026-08-17 10:17:58
28123,1:50 PM,1:10 PM,-40,Flight match,2026-08-17 10:17:58
19341,1:51 PM,2:10 PM,19,Flight match,2026-08-17 10:17:58
34251,2:28 PM,2:07 PM,-21,Flight match,2026-08-17 10:17:58
33260,3:26 PM,3:40 PM,14,Flight match,2026-08-17 10:17:58
19019,4:26 PM,4:35 PM,9,Flight match,2026-08-17 10:17:58
26602,5:01 PM,5:02 PM,1,Flight match,2026-08-17 10:17:58
34893,5:29 PM,5:40 PM,11,Flight match,2026-08-17 10:17:58
31327,5:29 PM,5:40 PM,11,Flight match,2026-08-17 10:17:58
34087,5:29 PM,5:40 PM,11,Flight match,2026-08-17 10:17:58
30343,6:00 PM,5:59 PM,-1,Flight match,2026-08-17 10:17:58
26168,6:54 PM,7:15 PM,21,Flight match,2026-08-17 10:17:58
17225,7:54 PM,7:59 PM,5,Flight match,2026-08-17 10:17:58
27314,8:12 AM,8:13 AM,1,Flight match,2026-08-17 10:37:03
30926,8:12 AM,8:13 AM,1,Flight match,2026-08-17 10:37:03
34177,8:12 AM,8:13 AM,1,Flight match,2026-08-17 10:37:03
33129,8:22 AM,8:18 AM,-4,Flight match,2026-08-17 10:37:03
21242,8:37 AM,8:35 AM,-2,Flight match,2026-08-17 10:37:03
32774,9:12 AM,9:20 AM,8,Flight match,2026-08-17 10:37:03
31261,9:20 AM,9:27 AM,7,Flight match,2026-08-17 10:37:04
34646,9:24 AM,9:23 AM,-1,Flight match,2026-08-17 10:37:04
17052,9:59 AM,10:04 AM,5,Flight match,2026-08-17 10:37:04
9020,9:59 AM,10:04 AM,5,Flight match,2026-08-17 10:37:04
30355,10:05 AM,9:59 AM,-6,Flight match,2026-08-17 10:37:04
27688,10:09 AM,10:08 AM,-1,Flight match,2026-08-17 10:37:04
27367,10:09 AM,10:08 AM,-1,Flight match,2026-08-17 10:37:04
30438,11:05 AM,11:09 AM,4,Flight match,2026-08-17 10:37:04
27467,1:17 PM,12:51 PM,-26,Flight match,2026-08-17 10:37:04
34602,3:18 PM,2:53 PM,-25,Flight match,2026-08-17 10:37:04
27314,8:13 AM,8:10 AM,-3,Flight match,2026-08-17 10:58:46
30926,8:13 AM,8:10 AM,-3,Flight match,2026-08-17 10:58:46
34177,8:13 AM,8:10 AM,-3,Flight match,2026-08-17 10:58:47
33129,8:18 AM,8:28 AM,10,Flight match,2026-08-17 10:58:47
21242,8:35 AM,8:40 AM,5,Flight match,2026-08-17 10:58:47
32774,9:20 AM,9:23 AM,3,Flight match,2026-08-17 10:58:47
34646,9:23 AM,9:31 AM,8,Flight match,2026-08-17 10:58:47
28091,9:51 AM,9:40 AM,-11,Flight match,2026-08-17 10:58:47
34657,12:56 PM,12:57 PM,1,Flight match,2026-08-17 10:58:47
33129,8:28 AM,8:27 AM,-1,Flight match,2026-08-17 11:22:35
32774,9:23 AM,9:22 AM,-1,Flight match,2026-08-17 11:22:36
31261,9:27 AM,9:39 AM,12,Flight match,2026-08-17 11:22:36
28091,9:40 AM,9:47 AM,7,Flight match,2026-08-17 11:22:36
17052,10:04 AM,10:06 AM,2,Flight match,2026-08-17 11:22:36
9020,10:04 AM,10:06 AM,2,Flight match,2026-08-17 11:22:36
29146,10:30 AM,10:25 AM,-5,Flight match,2026-08-17 11:22:36
32305,10:56 AM,11:16 AM,20,Flight match,2026-08-17 11:22:36
34214,7:57 PM,7:32 PM,-25,Flight match,2026-08-17 11:22:36
33129,8:27 AM,8:32 AM,5,Flight match,2026-08-17 11:48:58
32774,9:22 AM,9:23 AM,1,Flight match,2026-08-17 11:48:58
31261,9:39 AM,9:36 AM,-3,Flight match,2026-08-17 11:48:58
28091,9:47 AM,9:51 AM,4,Flight match,2026-08-17 11:48:58
17052,10:06 AM,10:12 AM,6,Flight match,2026-08-17 11:48:58
9020,10:06 AM,10:12 AM,6,Flight match,2026-08-17 11:48:58
27688,10:08 AM,10:21 AM,13,Flight match,2026-08-17 11:48:58
27367,10:08 AM,10:21 AM,13,Flight match,2026-08-17 11:48:58
32305,11:16 AM,11:19 AM,3,Flight match,2026-08-17 11:48:58
33844,11:26 AM,11:25 AM,-1,Flight match,2026-08-17 11:48:58
32771,11:26 AM,11:25 AM,-1,Flight match,2026-08-17 11:48:59
29511,11:33 AM,11:29 AM,-4,Flight match,2026-08-17 11:48:59
29783,11:33 AM,11:29 AM,-4,Flight match,2026-08-17 11:48:59
33000,11:56 AM,11:52 AM,-4,Flight match,2026-08-17 11:48:59
34509,12:49 PM,12:47 PM,-2,Flight match,2026-08-17 11:48:59
24007,1:09 PM,1:03 PM,-6,Flight match,2026-08-17 11:48:59
33595,1:50 PM,1:51 PM,1,Flight match,2026-08-17 11:48:59
35037,4:20 PM,3:55 PM,-25,Flight match,2026-08-17 11:48:59
34214,7:32 PM,7:57 PM,25,Flight match,2026-08-17 11:48:59
31943,6:00 PM,5:14 PM,-46,Flight match,2026-08-17 11:56:15
33592,10:33 AM,11:09 AM,36,Flight match,2026-08-17 11:56:17
29695,4:00 PM,3:15 PM,-45,Flight match,2026-08-17 11:56:19
31261,9:36 AM,9:29 AM,-7,Flight match,2026-08-17 12:15:22
28091,9:51 AM,9:40 AM,-11,Flight match,2026-08-17 12:15:22
29146,10:25 AM,10:21 AM,-4,Flight match,2026-08-17 12:15:22
17265,10:52 AM,10:48 AM,-4,Flight match,2026-08-17 12:15:22
33844,11:25 AM,11:18 AM,-7,Flight match,2026-08-17 12:15:23
32771,11:25 AM,11:18 AM,-7,Flight match,2026-08-17 12:15:23
29511,11:29 AM,11:26 AM,-3,Flight match,2026-08-17 12:15:23
29783,11:29 AM,11:26 AM,-3,Flight match,2026-08-17 12:15:23
29819,12:45 PM,12:41 PM,-4,Flight match,2026-08-17 12:15:23
34602,2:53 PM,3:18 PM,25,Flight match,2026-08-17 12:15:23
28223,4:21 PM,4:12 PM,-9,Flight match,2026-08-17 12:15:23
26602,5:02 PM,5:01 PM,-1,Flight match,2026-08-17 12:15:23
27314,8:10 AM,8:06 AM,-4,Flight match,2026-08-17 12:43:13
30926,8:10 AM,8:06 AM,-4,Flight match,2026-08-17 12:43:13
34177,8:10 AM,8:06 AM,-4,Flight match,2026-08-17 12:43:13
33129,8:32 AM,8:35 AM,3,Flight match,2026-08-17 12:43:13
21242,8:40 AM,8:43 AM,3,Flight match,2026-08-17 12:43:13
32774,9:23 AM,9:24 AM,1,Flight match,2026-08-17 12:43:13
27688,10:21 AM,10:24 AM,3,Flight match,2026-08-17 12:43:13
27367,10:21 AM,10:24 AM,3,Flight match,2026-08-17 12:43:14
29146,10:21 AM,10:22 AM,1,Flight match,2026-08-17 12:43:14
17265,10:48 AM,10:44 AM,-4,Flight match,2026-08-17 12:43:14
29202,10:52 AM,10:46 AM,-6,Flight match,2026-08-17 12:43:14
32305,11:19 AM,11:17 AM,-2,Flight match,2026-08-17 12:43:14
34509,12:47 PM,12:45 PM,-2,Flight match,2026-08-17 12:43:14
30025,12:52 PM,12:46 PM,-6,Flight match,2026-08-17 12:43:14
30343,5:59 PM,5:47 PM,-12,Flight match,2026-08-17 12:43:14
32774,9:24 AM,9:31 AM,7,Flight match,2026-08-17 13:46:32
31261,9:29 AM,9:25 AM,-4,Flight match,2026-08-17 13:46:32
34646,9:31 AM,9:41 AM,10,Flight match,2026-08-17 13:46:32
28091,9:40 AM,9:39 AM,-1,Flight match,2026-08-17 13:46:32
30355,9:59 AM,9:51 AM,-8,Flight match,2026-08-17 13:46:32
17052,10:12 AM,10:13 AM,1,Flight match,2026-08-17 13:46:32
9020,10:12 AM,10:13 AM,1,Flight match,2026-08-17 13:46:33
17265,10:44 AM,10:49 AM,5,Flight match,2026-08-17 13:46:33
29202,10:46 AM,10:38 AM,-8,Flight match,2026-08-17 13:46:33
30438,11:09 AM,11:17 AM,8,Flight match,2026-08-17 13:46:33
32305,11:17 AM,11:15 AM,-2,Flight match,2026-08-17 13:46:33
33844,11:18 AM,11:19 AM,1,Flight match,2026-08-17 13:46:33
32771,11:18 AM,11:19 AM,1,Flight match,2026-08-17 13:46:33
29511,11:26 AM,11:04 AM,-22,Flight match,2026-08-17 13:46:33
29783,11:26 AM,11:04 AM,-22,Flight match,2026-08-17 13:46:33
30025,12:46 PM,12:47 PM,1,Flight match,2026-08-17 13:46:33
27467,12:51 PM,12:41 PM,-10,Flight match,2026-08-17 13:46:34
34657,12:57 PM,12:51 PM,-6,Flight match,2026-08-17 13:46:34
32050,12:59 PM,12:49 PM,-10,Flight match,2026-08-17 13:46:34
24007,1:03 PM,1:08 PM,5,Flight match,2026-08-17 13:46:34
32003,1:11 PM,1:08 PM,-3,Flight match,2026-08-17 13:46:34
35117,1:15 PM,1:03 PM,-12,Flight match,2026-08-17 13:46:34
33595,1:51 PM,2:15 PM,24,Flight match,2026-08-17 13:46:35
34251,2:07 PM,2:15 PM,8,Flight match,2026-08-17 13:46:35
19341,2:10 PM,2:02 PM,-8,Flight match,2026-08-17 13:46:35
34602,3:18 PM,3:02 PM,-16,Flight match,2026-08-17 13:46:35
30343,5:47 PM,5:57 PM,10,Flight match,2026-08-17 13:46:35
28091,9:39 AM,9:43 AM,4,Flight match,2026-08-17 14:28:06
30355,9:51 AM,9:52 AM,1,Flight match,2026-08-17 14:28:06
17052,10:13 AM,10:10 AM,-3,Flight match,2026-08-17 14:28:06
9020,10:13 AM,10:10 AM,-3,Flight match,2026-08-17 14:28:06
27688,10:24 AM,10:22 AM,-2,Flight match,2026-08-17 14:28:06
27367,10:24 AM,10:22 AM,-2,Flight match,2026-08-17 14:28:06
29202,10:38 AM,10:42 AM,4,Flight match,2026-08-17 14:28:06
17265,10:49 AM,10:58 AM,9,Flight match,2026-08-17 14:28:06
30438,11:17 AM,11:16 AM,-1,Flight match,2026-08-17 14:28:06
33000,11:52 AM,11:51 AM,-1,Flight match,2026-08-17 14:28:07
29819,12:41 PM,12:49 PM,8,Flight match,2026-08-17 14:28:07
27467,12:41 PM,12:39 PM,-2,Flight match,2026-08-17 14:28:07
30025,12:47 PM,12:36 PM,-11,Flight match,2026-08-17 14:28:07
32050,12:49 PM,12:56 PM,7,Flight match,2026-08-17 14:28:07
34657,12:51 PM,12:35 PM,-16,Flight match,2026-08-17 14:28:07
24007,1:08 PM,1:04 PM,-4,Flight match,2026-08-17 14:28:07
29602,1:35 PM,1:27 PM,-8,Flight match,2026-08-17 14:28:07
19341,2:02 PM,1:56 PM,-6,Flight match,2026-08-17 14:28:07
33595,2:15 PM,2:29 PM,14,Flight match,2026-08-17 14:28:07
34953,2:15 PM,2:17 PM,2,Flight match,2026-08-17 14:28:07
28223,4:12 PM,4:33 PM,21,Flight match,2026-08-17 14:28:07
34703,6:54 PM,6:32 PM,-22,Flight match,2026-08-17 14:28:07
27367,10:22 AM,10:27 AM,5,Flight match,2026-08-17 15:17:19
29146,10:22 AM,10:21 AM,-1,Flight match,2026-08-17 15:17:19
27688,10:22 AM,10:27 AM,5,Flight match,2026-08-17 15:17:19
29202,10:42 AM,10:44 AM,2,Flight match,2026-08-17 15:17:19
17265,10:58 AM,11:02 AM,4,Flight match,2026-08-17 15:17:19
29783,11:04 AM,11:06 AM,2,Flight match,2026-08-17 15:17:19
29511,11:04 AM,11:06 AM,2,Flight match,2026-08-17 15:17:19
30438,11:16 AM,11:15 AM,-1,Flight match,2026-08-17 15:17:19
34657,12:35 PM,12:36 PM,1,Flight match,2026-08-17 15:17:19
30025,12:36 PM,12:43 PM,7,Flight match,2026-08-17 15:17:19
29819,12:49 PM,12:47 PM,-2,Flight match,2026-08-17 15:17:19
32050,12:56 PM,1:07 PM,11,Flight match,2026-08-17 15:17:19
35117,1:03 PM,1:18 PM,15,Flight match,2026-08-17 15:17:20
24007,1:04 PM,12:34 PM,-30,Flight match,2026-08-17 15:17:20
32003,1:08 PM,1:03 PM,-5,Flight match,2026-08-17 15:17:20
29602,1:27 PM,1:25 PM,-2,Flight match,2026-08-17 15:17:20
19341,1:56 PM,2:00 PM,4,Flight match,2026-08-17 15:17:20
34953,2:17 PM,2:07 PM,-10,Flight match,2026-08-17 15:17:20
33595,2:29 PM,2:13 PM,-16,Flight match,2026-08-17 15:17:20
34602,3:02 PM,3:15 PM,13,Flight match,2026-08-17 15:17:20
28223,4:33 PM,5:01 PM,28,Flight match,2026-08-17 15:17:20
34214,7:57 PM,8:46 PM,49,Flight match,2026-08-17 15:17:20
32305,11:15 AM,11:09 AM,-6,Flight match,2026-08-17 15:58:56
33844,11:19 AM,11:17 AM,-2,Flight match,2026-08-17 15:58:56
32771,11:19 AM,11:17 AM,-2,Flight match,2026-08-17 15:58:56
24007,12:34 PM,12:43 PM,9,Flight match,2026-08-17 15:58:56
34509,12:45 PM,12:52 PM,7,Flight match,2026-08-17 15:58:57
32003,1:03 PM,1:12 PM,9,Flight match,2026-08-17 15:58:57
35117,1:18 PM,1:08 PM,-10,Flight match,2026-08-17 15:58:57
29602,1:25 PM,1:22 PM,-3,Flight match,2026-08-17 15:58:57
34953,2:07 PM,2:40 PM,33,Flight match,2026-08-17 15:58:57
33595,2:13 PM,2:26 PM,13,Flight match,2026-08-17 15:58:57
34251,2:15 PM,2:18 PM,3,Flight match,2026-08-17 15:58:57
34602,3:15 PM,2:48 PM,-27,Flight match,2026-08-17 15:58:57
33260,3:40 PM,3:29 PM,-11,Flight match,2026-08-17 15:58:57
19019,4:35 PM,4:31 PM,-4,Flight match,2026-08-17 15:58:57
28223,5:01 PM,7:23 PM,142,Flight match,2026-08-17 15:58:57
34703,6:32 PM,6:35 PM,3,Flight match,2026-08-17 15:58:57
33000,11:51 AM,11:46 AM,-5,Flight match,2026-08-17 16:07:15
30025,12:43 PM,12:34 PM,-9,Flight match,2026-08-17 16:07:15
19341,2:00 PM,1:58 PM,-2,Flight match,2026-08-17 16:07:15
33595,2:26 PM,2:23 PM,-3,Flight match,2026-08-17 16:07:15
34953,2:40 PM,2:45 PM,5,Flight match,2026-08-17 16:07:15
28223,7:23 PM,7:21 PM,-2,Flight match,2026-08-17 16:07:15
30025,12:34 PM,12:32 PM,-2,Flight match,2026-08-17 16:31:42
34657,12:36 PM,12:34 PM,-2,Flight match,2026-08-17 16:31:42
27467,12:39 PM,12:39 PM,0,Flight match,2026-08-17 16:31:42
24007,12:43 PM,12:32 PM,-11,Flight match,2026-08-17 16:31:42
35117,1:08 PM,1:07 PM,-1,Flight match,2026-08-17 16:31:42
29602,1:22 PM,1:23 PM,1,Flight match,2026-08-17 16:31:42
19341,1:58 PM,1:53 PM,-5,Flight match,2026-08-17 16:31:42
34953,2:45 PM,4:15 PM,90,Flight match,2026-08-17 16:31:42
34602,2:48 PM,3:14 PM,26,Flight match,2026-08-17 16:31:43
33396,3:28 PM,3:25 PM,-3,Flight match,2026-08-17 16:31:43
33260,3:29 PM,3:27 PM,-2,Flight match,2026-08-17 16:31:43
35037,3:55 PM,3:53 PM,-2,Flight match,2026-08-17 16:31:43
26602,5:01 PM,5:07 PM,6,Flight match,2026-08-17 16:31:43
28223,7:21 PM,7:04 PM,-17,Flight match,2026-08-17 16:31:43
34213,6:20 AM,6:07 AM,-13,Flight match,2026-08-17 16:46:29
32147,8:51 AM,8:31 AM,-20,Flight match,2026-08-17 16:46:29
32010,9:00 AM,8:45 AM,-15,Flight match,2026-08-17 16:46:29
34686,9:00 AM,8:40 AM,-20,Flight match,2026-08-17 16:46:29
30102,9:30 AM,9:21 AM,-9,Flight match,2026-08-17 16:46:29
31017,9:35 AM,9:23 AM,-12,Flight match,2026-08-17 16:46:29
32027,9:35 AM,9:23 AM,-12,Flight match,2026-08-17 16:46:30
31727,9:45 AM,9:34 AM,-11,Flight match,2026-08-17 16:46:30
26505,9:57 AM,9:54 AM,-3,Flight match,2026-08-17 16:46:30
34114,10:39 AM,10:31 AM,-8,Flight match,2026-08-17 16:46:30
30466,10:40 AM,10:43 AM,3,Flight match,2026-08-17 16:46:30
28450,10:40 AM,10:43 AM,3,Flight match,2026-08-17 16:46:30
29467,10:40 AM,10:36 AM,-4,Flight match,2026-08-17 16:46:30
35158,10:44 AM,10:41 AM,-3,Flight match,2026-08-17 16:46:30
28763,11:00 AM,10:49 AM,-11,Flight match,2026-08-17 16:46:30
27535,11:08 AM,11:12 AM,4,Flight match,2026-08-17 16:46:30
35174,11:09 AM,11:02 AM,-7,Flight match,2026-08-17 16:46:30
34789,11:20 AM,11:05 AM,-15,Flight match,2026-08-17 16:46:31
35100,11:23 AM,11:24 AM,1,Flight match,2026-08-17 16:46:31
21285,11:25 AM,11:33 AM,8,Flight match,2026-08-17 16:46:31
33773,11:30 AM,11:09 AM,-21,Flight match,2026-08-17 16:46:31
10800,11:36 AM,11:33 AM,-3,Flight match,2026-08-17 16:46:31
29518,11:45 AM,11:09 AM,-36,Flight match,2026-08-17 16:46:32
27794,12:00 PM,11:45 AM,-15,Flight match,2026-08-17 16:46:32
34855,12:34 PM,12:31 PM,-3,Flight match,2026-08-17 16:46:32
24177,12:59 PM,12:49 PM,-10,Flight match,2026-08-17 16:46:32
27579,12:59 PM,1:03 PM,4,Flight match,2026-08-17 16:46:32
34912,12:59 PM,12:49 PM,-10,Flight match,2026-08-17 16:46:32
30070,1:00 PM,12:31 PM,-29,Flight match,2026-08-17 16:46:32
31231,1:15 PM,1:01 PM,-14,Flight match,2026-08-17 16:46:32
20964,2:58 PM,3:01 PM,3,Flight match,2026-08-17 16:46:32
33447,4:00 PM,3:59 PM,-1,Flight match,2026-08-17 16:46:33
25936,4:01 PM,3:54 PM,-7,Flight match,2026-08-17 16:46:33
34449,5:30 PM,5:22 PM,-8,Flight match,2026-08-17 16:46:33
30782,11:55 PM,11:47 PM,-8,Flight match,2026-08-17 16:46:33
30025,12:32 PM,12:34 PM,2,Flight match,2026-08-17 16:58:16
24007,12:32 PM,12:46 PM,14,Flight match,2026-08-17 16:58:16
34657,12:34 PM,12:39 PM,5,Flight match,2026-08-17 16:58:16
27467,12:39 PM,12:39 PM,0,Flight match,2026-08-17 16:58:16
29819,12:47 PM,12:54 PM,7,Flight match,2026-08-17 16:58:17
32050,1:07 PM,1:10 PM,3,Flight match,2026-08-17 16:58:17
35117,1:07 PM,1:08 PM,1,Flight match,2026-08-17 16:58:17
29602,1:23 PM,1:20 PM,-3,Flight match,2026-08-17 16:58:17
34602,3:14 PM,3:41 PM,27,Flight match,2026-08-17 16:58:17
33396,3:25 PM,3:28 PM,3,Flight match,2026-08-17 16:58:17
33260,3:27 PM,3:25 PM,-2,Flight match,2026-08-17 16:58:17
34953,4:15 PM,4:16 PM,1,Flight match,2026-08-17 16:58:17
30821,4:50 PM,4:43 PM,-7,Flight match,2026-08-17 16:58:17
34893,5:40 PM,5:28 PM,-12,Flight match,2026-08-17 16:58:17
31327,5:40 PM,5:28 PM,-12,Flight match,2026-08-17 16:58:17
28223,7:04 PM,7:34 PM,30,Flight match,2026-08-17 16:58:17
34509,12:52 PM,12:50 PM,-2,Flight match,2026-08-17 17:14:58
32050,1:10 PM,1:08 PM,-2,Flight match,2026-08-17 17:14:58
29602,1:20 PM,1:24 PM,4,Flight match,2026-08-17 17:14:59
33260,3:25 PM,3:26 PM,1,Flight match,2026-08-17 17:14:59
33396,3:28 PM,3:33 PM,5,Flight match,2026-08-17 17:14:59
34602,3:41 PM,3:25 PM,-16,Flight match,2026-08-17 17:14:59
34953,4:16 PM,4:32 PM,16,Flight match,2026-08-17 17:14:59
28223,7:34 PM,7:37 PM,3,Flight match,2026-08-17 17:14:59
34214,8:46 PM,8:33 PM,-13,Flight match,2026-08-17 17:14:59
27467,12:39 PM,12:41 PM,2,Flight match,2026-08-17 17:38:55
24007,12:46 PM,12:39 PM,-7,Flight match,2026-08-17 17:38:55
35117,1:08 PM,1:13 PM,5,Flight match,2026-08-17 17:38:55
28123,1:10 PM,1:05 PM,-5,Flight match,2026-08-17 17:38:56
19561,1:10 PM,1:05 PM,-5,Flight match,2026-08-17 17:38:56
32003,1:12 PM,1:19 PM,7,Flight match,2026-08-17 17:38:56
29602,1:24 PM,1:24 PM,0,Flight match,2026-08-17 17:38:56
19341,1:53 PM,1:55 PM,2,Flight match,2026-08-17 17:38:56
34602,3:25 PM,3:45 PM,20,Flight match,2026-08-17 17:38:56
35037,3:53 PM,4:23 PM,30,Flight match,2026-08-17 17:38:56
30821,4:43 PM,4:42 PM,-1,Flight match,2026-08-17 17:38:56
26602,5:07 PM,5:02 PM,-5,Flight match,2026-08-17 17:38:56
34214,8:33 PM,8:48 PM,15,Flight match,2026-08-17 17:38:56
29602,1:24 PM,1:22 PM,-2,Flight match,2026-08-17 17:50:17
19341,1:55 PM,1:54 PM,-1,Flight match,2026-08-17 17:50:17
33260,3:26 PM,3:23 PM,-3,Flight match,2026-08-17 17:50:17
33396,3:33 PM,3:48 PM,15,Flight match,2026-08-17 17:50:17
34602,3:45 PM,5:18 PM,93,Flight match,2026-08-17 17:50:17
35037,4:23 PM,4:00 PM,-23,Flight match,2026-08-17 17:50:17
28223,7:37 PM,7:59 PM,22,Flight match,2026-08-17 17:50:17
17225,7:59 PM,7:54 PM,-5,Flight match,2026-08-17 17:50:17
19341,1:54 PM,1:58 PM,4,Flight match,2026-08-17 18:34:51
34251,2:18 PM,2:08 PM,-10,Flight match,2026-08-17 18:34:51
33595,2:23 PM,2:29 PM,6,Flight match,2026-08-17 18:34:51
33396,3:48 PM,4:40 PM,52,Flight match,2026-08-17 18:34:51
35037,4:00 PM,4:07 PM,7,Flight match,2026-08-17 18:34:52
19019,4:31 PM,4:30 PM,-1,Flight match,2026-08-17 18:34:52
34953,4:32 PM,4:46 PM,14,Flight match,2026-08-17 18:34:52
30821,4:42 PM,5:15 PM,33,Flight match,2026-08-17 18:34:52
26602,5:02 PM,4:59 PM,-3,Flight match,2026-08-17 18:34:52
34602,5:18 PM,4:51 PM,-27,Flight match,2026-08-17 18:34:52
28223,7:59 PM,8:01 PM,2,Flight match,2026-08-17 18:34:52
34214,8:48 PM,8:33 PM,-15,Flight match,2026-08-17 18:34:52
33260,3:23 PM,3:25 PM,2,Flight match,2026-08-17 19:00:04
33396,4:40 PM,4:51 PM,11,Flight match,2026-08-17 19:00:04
34953,4:46 PM,4:36 PM,-10,Flight match,2026-08-17 19:00:04
34602,4:51 PM,4:38 PM,-13,Flight match,2026-08-17 19:00:04
26602,4:59 PM,4:52 PM,-7,Flight match,2026-08-17 19:00:04
30821,5:15 PM,5:49 PM,34,Flight match,2026-08-17 19:00:04
34893,5:28 PM,5:24 PM,-4,Flight match,2026-08-17 19:00:04
31327,5:28 PM,5:24 PM,-4,Flight match,2026-08-17 19:00:04
34703,6:35 PM,6:28 PM,-7,Flight match,2026-08-17 19:00:04
17225,7:54 PM,8:06 PM,12,Flight match,2026-08-17 19:00:05
33260,3:25 PM,3:24 PM,-1,Flight match,2026-08-17 19:36:25
35037,4:07 PM,4:00 PM,-7,Flight match,2026-08-17 19:36:25
34602,4:38 PM,4:37 PM,-1,Flight match,2026-08-17 19:36:25
33396,4:51 PM,5:11 PM,20,Flight match,2026-08-17 19:36:25
34893,5:24 PM,5:25 PM,1,Flight match,2026-08-17 19:36:26
31327,5:24 PM,5:25 PM,1,Flight match,2026-08-17 19:36:26
25464,5:48 PM,5:36 PM,-12,Flight match,2026-08-17 19:36:26
30821,5:49 PM,5:55 PM,6,Flight match,2026-08-17 19:36:26
30343,5:57 PM,6:33 PM,36,Flight match,2026-08-17 19:36:26
34703,6:28 PM,6:35 PM,7,Flight match,2026-08-17 19:36:26
26168,7:15 PM,7:02 PM,-13,Flight match,2026-08-17 19:36:26
33260,3:24 PM,3:21 PM,-3,Flight match,2026-08-17 19:53:17
35037,4:00 PM,4:00 PM,0,Flight match,2026-08-17 19:53:17
34602,4:37 PM,4:38 PM,1,Flight match,2026-08-17 19:53:17
33396,5:11 PM,5:04 PM,-7,Flight match,2026-08-17 19:53:17
34893,5:25 PM,5:26 PM,1,Flight match,2026-08-17 19:53:17
31327,5:25 PM,5:26 PM,1,Flight match,2026-08-17 19:53:18
30821,5:55 PM,5:54 PM,-1,Flight match,2026-08-17 19:53:18
28223,8:01 PM,7:31 PM,-30,Flight match,2026-08-17 19:53:18
19019,4:30 PM,4:31 PM,1,Flight match,2026-08-17 20:16:16
33396,5:04 PM,5:03 PM,-1,Flight match,2026-08-17 20:16:16
25464,5:36 PM,5:45 PM,9,Flight match,2026-08-17 20:16:16
30821,5:54 PM,5:44 PM,-10,Flight match,2026-08-17 20:16:17
34703,6:35 PM,6:21 PM,-14,Flight match,2026-08-17 20:16:17
17225,8:06 PM,7:55 PM,-11,Flight match,2026-08-17 20:16:17
34214,8:33 PM,8:26 PM,-7,Flight match,2026-08-17 20:16:17
34213,6:07 AM,6:06 AM,-1,Flight match,2026-08-17 20:24:05
34855,12:31 PM,12:34 PM,3,Flight match,2026-08-17 20:24:06
30070,12:31 PM,12:34 PM,3,Flight match,2026-08-17 20:24:06
24177,12:49 PM,12:58 PM,9,Flight match,2026-08-17 20:24:06
34912,12:49 PM,12:58 PM,9,Flight match,2026-08-17 20:24:07
31231,1:01 PM,1:15 PM,14,Flight match,2026-08-17 20:24:07
27579,1:03 PM,12:59 PM,-4,Flight match,2026-08-17 20:24:07
27679,3:39 PM,3:12 PM,-27,Flight match,2026-08-17 20:24:07
25936,3:54 PM,3:50 PM,-4,Flight match,2026-08-17 20:24:07
33640,4:15 PM,3:52 PM,-23,Flight match,2026-08-17 20:24:07
20964,4:34 PM,4:38 PM,4,Flight match,2026-08-17 20:24:07
28106,4:35 PM,4:23 PM,-12,Flight match,2026-08-17 20:24:07
34868,4:40 PM,4:20 PM,-20,Flight match,2026-08-17 20:24:07
18908,5:09 PM,5:08 PM,-1,Flight match,2026-08-17 20:24:07
34449,5:22 PM,5:00 PM,-22,Flight match,2026-08-17 20:24:07
35037,4:00 PM,4:01 PM,1,Flight match,2026-08-17 21:05:52
19019,4:31 PM,4:33 PM,2,Flight match,2026-08-17 21:05:52
34953,4:36 PM,4:31 PM,-5,Flight match,2026-08-17 21:05:52
26602,4:52 PM,5:25 PM,33,Flight match,2026-08-17 21:05:52
33396,5:03 PM,5:05 PM,2,Flight match,2026-08-17 21:05:52
30821,5:44 PM,5:45 PM,1,Flight match,2026-08-17 21:05:52
25464,5:45 PM,5:43 PM,-2,Flight match,2026-08-17 21:05:52
34703,6:21 PM,6:26 PM,5,Flight match,2026-08-17 21:05:52
30343,6:33 PM,5:53 PM,-40,Flight match,2026-08-17 21:05:52
26168,7:02 PM,7:12 PM,10,Flight match,2026-08-17 21:05:52
28223,7:31 PM,8:03 PM,32,Flight match,2026-08-17 21:05:52
17225,7:55 PM,8:06 PM,11,Flight match,2026-08-17 21:05:53
34214,8:26 PM,8:49 PM,23,Flight match,2026-08-17 21:05:53
33396,5:05 PM,5:16 PM,11,Flight match,2026-08-17 21:32:22
26602,5:25 PM,5:15 PM,-10,Flight match,2026-08-17 21:32:22
25464,5:43 PM,5:52 PM,9,Flight match,2026-08-17 21:32:22
26168,7:12 PM,7:25 PM,13,Flight match,2026-08-17 21:32:22
28223,8:03 PM,7:54 PM,-9,Flight match,2026-08-17 21:32:22
17225,8:06 PM,7:49 PM,-17,Flight match,2026-08-17 21:32:22
34214,8:49 PM,9:03 PM,14,Flight match,2026-08-17 21:32:23
34893,5:26 PM,5:24 PM,-2,Flight match,2026-08-17 22:50:20
31327,5:26 PM,5:24 PM,-2,Flight match,2026-08-17 22:50:20
25464,5:52 PM,6:03 PM,11,Flight match,2026-08-17 22:50:20
30343,5:53 PM,5:56 PM,3,Flight match,2026-08-17 22:50:20
34703,6:26 PM,6:24 PM,-2,Flight match,2026-08-17 22:50:20
26168,7:25 PM,7:31 PM,6,Flight match,2026-08-17 22:50:20
17225,7:49 PM,7:38 PM,-11,Flight match,2026-08-17 22:50:21
34214,9:03 PM,9:26 PM,23,Flight match,2026-08-17 22:50:21
34703,6:24 PM,6:27 PM,3,Flight match,2026-08-17 23:26:27
26168,7:31 PM,7:28 PM,-3,Flight match,2026-08-17 23:26:27
28223,7:54 PM,7:46 PM,-8,Flight match,2026-08-17 23:26:27
32147,8:31 AM,11:47 AM,196,Flight match,2026-08-18 01:01:11
17124,1:00 PM,12:45 PM,-15,Flight match,2026-08-18 01:01:11
27679,3:12 PM,3:39 PM,27,Flight match,2026-08-18 01:01:12
12647,10:10 PM,10:13 PM,3,Flight match,2026-08-18 01:01:12
30782,11:47 PM,11:43 PM,-4,Flight match,2026-08-18 01:01:12
26168,7:28 PM,7:27 PM,-1,Flight match,2026-08-18 02:28:33
17225,7:38 PM,7:46 PM,8,Flight match,2026-08-18 02:28:33
28223,7:46 PM,7:55 PM,9,Flight match,2026-08-18 02:28:33
34214,9:26 PM,9:25 PM,-1,Flight match,2026-08-18 02:28:33
34213,6:06 AM,6:18 AM,12,Flight match,2026-08-18 03:36:55
32010,8:45 AM,9:00 AM,15,Flight match,2026-08-18 03:36:56
27579,12:59 PM,1:03 PM,4,Flight match,2026-08-18 03:36:56
12647,10:13 PM,10:10 PM,-3,Flight match,2026-08-18 03:36:56
34213,6:18 AM,6:06 AM,-12,Flight match,2026-08-18 09:57:43
34686,8:40 AM,8:42 AM,2,Flight match,2026-08-18 09:57:43
32010,9:00 AM,8:33 AM,-27,Flight match,2026-08-18 09:57:43
30102,9:21 AM,9:05 AM,-16,Flight match,2026-08-18 09:57:43
32027,9:23 AM,9:26 AM,3,Flight match,2026-08-18 09:57:43
31017,9:23 AM,9:26 AM,3,Flight match,2026-08-18 09:57:43
31727,9:34 AM,9:41 AM,7,Flight match,2026-08-18 09:57:43
31410,9:44 AM,9:37 AM,-7,Flight match,2026-08-18 09:57:43
32058,10:20 AM,10:06 AM,-14,Flight match,2026-08-18 09:57:43
34114,10:31 AM,10:33 AM,2,Flight match,2026-08-18 09:57:43
29467,10:36 AM,10:40 AM,4,Flight match,2026-08-18 09:57:44
30466,10:43 AM,10:21 AM,-22,Flight match,2026-08-18 09:57:44
28450,10:43 AM,10:21 AM,-22,Flight match,2026-08-18 09:57:44
34576,11:05 AM,10:51 AM,-14,Flight match,2026-08-18 09:57:44
34789,11:05 AM,10:51 AM,-14,Flight match,2026-08-18 09:57:44
33773,11:09 AM,11:01 AM,-8,Flight match,2026-08-18 09:57:44
29518,11:09 AM,11:01 AM,-8,Flight match,2026-08-18 09:57:44
27794,11:45 AM,12:00 PM,15,Flight match,2026-08-18 09:57:44
34855,12:34 PM,12:31 PM,-3,Flight match,2026-08-18 09:57:44
30070,12:34 PM,12:31 PM,-3,Flight match,2026-08-18 09:57:44
17124,12:45 PM,12:55 PM,10,Flight match,2026-08-18 09:57:44
24177,12:58 PM,1:00 PM,2,Flight match,2026-08-18 09:57:44
34912,12:58 PM,1:00 PM,2,Flight match,2026-08-18 09:57:44
33640,3:52 PM,4:15 PM,23,Flight match,2026-08-18 09:57:44
34868,4:20 PM,4:40 PM,20,Flight match,2026-08-18 09:57:44
28106,4:23 PM,4:35 PM,12,Flight match,2026-08-18 09:57:44
20964,4:38 PM,4:34 PM,-4,Flight match,2026-08-18 09:57:44
34449,5:00 PM,5:23 PM,23,Flight match,2026-08-18 09:57:44
34213,6:06 AM,6:15 AM,9,Flight match,2026-08-18 11:31:56
32010,8:33 AM,8:34 AM,1,Flight match,2026-08-18 11:31:56
34686,8:42 AM,8:48 AM,6,Flight match,2026-08-18 11:31:56
30102,9:05 AM,8:49 AM,-16,Flight match,2026-08-18 11:31:56
32027,9:26 AM,9:27 AM,1,Flight match,2026-08-18 11:31:56
31410,9:37 AM,9:53 AM,16,Flight match,2026-08-18 11:31:56
31727,9:41 AM,9:39 AM,-2,Flight match,2026-08-18 11:31:56
26505,9:54 AM,9:48 AM,-6,Flight match,2026-08-18 11:31:56
32058,10:06 AM,10:04 AM,-2,Flight match,2026-08-18 11:31:57
34114,10:33 AM,10:27 AM,-6,Flight match,2026-08-18 11:31:57
29467,10:40 AM,10:47 AM,7,Flight match,2026-08-18 11:31:57
35158,10:41 AM,10:35 AM,-6,Flight match,2026-08-18 11:31:57
33773,11:01 AM,10:45 AM,-16,Flight match,2026-08-18 11:31:57
35174,11:02 AM,10:55 AM,-7,Flight match,2026-08-18 11:31:57
27535,11:12 AM,10:56 AM,-16,Flight match,2026-08-18 11:31:57
35100,11:24 AM,11:21 AM,-3,Flight match,2026-08-18 11:31:57
27794,12:00 PM,11:55 AM,-5,Flight match,2026-08-18 11:31:58
34855,12:31 PM,12:21 PM,-10,Flight match,2026-08-18 11:31:58
30070,12:31 PM,12:21 PM,-10,Flight match,2026-08-18 11:31:58
9118,3:45 PM,3:32 PM,-13,Flight match,2026-08-18 11:31:58
20964,4:34 PM,4:38 PM,4,Flight match,2026-08-18 11:31:58
31017,9:26 AM,9:31 AM,5,Flight match,2026-08-18 11:48:11
32027,9:27 AM,9:31 AM,4,Flight match,2026-08-18 11:48:12
31727,9:39 AM,9:38 AM,-1,Flight match,2026-08-18 11:48:12
26505,9:48 AM,9:42 AM,-6,Flight match,2026-08-18 11:48:12
32058,10:04 AM,10:14 AM,10,Flight match,2026-08-18 11:48:12
35158,10:35 AM,10:42 AM,7,Flight match,2026-08-18 11:48:12
34576,10:51 AM,10:52 AM,1,Flight match,2026-08-18 11:48:12
34789,10:51 AM,10:52 AM,1,Flight match,2026-08-18 11:48:13
35174,10:55 AM,10:56 AM,1,Flight match,2026-08-18 11:48:13
29518,11:01 AM,10:45 AM,-16,Flight match,2026-08-18 11:48:13
21285,11:33 AM,11:14 AM,-19,Flight match,2026-08-18 11:48:13
10800,11:33 AM,11:14 AM,-19,Flight match,2026-08-18 11:48:13
32147,11:47 AM,11:45 AM,-2,Flight match,2026-08-18 11:48:13
27579,1:03 PM,12:56 PM,-7,Flight match,2026-08-18 11:48:13
32268,2:16 PM,2:00 PM,-16,Flight match,2026-08-18 11:48:13
27518,2:16 PM,2:00 PM,-16,Flight match,2026-08-18 11:48:13
34686,8:48 AM,8:44 AM,-4,Flight match,2026-08-18 11:52:48
35174,10:56 AM,10:58 AM,2,Flight match,2026-08-18 11:52:48
31034,9:05 AM,8:49 AM,-16,Flight match,2026-08-18 12:00:51
33784,9:15 AM,8:42 AM,-33,Flight match,2026-08-18 12:00:51
31962,9:35 AM,9:24 AM,-11,Flight match,2026-08-18 12:00:52
35204,9:43 AM,9:40 AM,-3,Flight match,2026-08-18 12:00:52
29204,9:44 AM,9:32 AM,-12,Flight match,2026-08-18 12:00:52
32951,9:52 AM,9:36 AM,-16,Flight match,2026-08-18 12:00:52
34231,9:53 AM,9:36 AM,-17,Flight match,2026-08-18 12:00:52
32813,9:59 AM,9:44 AM,-15,Flight match,2026-08-18 12:00:52
30718,10:00 AM,9:54 AM,-6,Flight match,2026-08-18 12:00:52
20463,11:03 AM,11:23 AM,20,Flight match,2026-08-18 12:00:52
21124,11:21 AM,11:22 AM,1,Flight match,2026-08-18 12:00:52
31111,11:35 AM,11:22 AM,-13,Flight match,2026-08-18 12:00:52
20925,12:45 PM,12:16 PM,-29,Flight match,2026-08-18 12:00:53
31943,5:14 PM,5:02 PM,-12,Flight match,2026-08-18 12:00:53
34780,7:45 PM,7:42 PM,-3,Flight match,2026-08-18 12:00:53
26505,9:42 AM,9:41 AM,-1,Flight match,2026-08-18 12:15:11
30466,10:21 AM,10:20 AM,-1,Flight match,2026-08-18 12:15:11
28450,10:21 AM,10:20 AM,-1,Flight match,2026-08-18 12:15:11
35158,10:42 AM,10:36 AM,-6,Flight match,2026-08-18 12:15:11
28763,10:49 AM,10:48 AM,-1,Flight match,2026-08-18 12:15:11
35174,10:58 AM,10:52 AM,-6,Flight match,2026-08-18 12:15:11
35100,11:21 AM,11:14 AM,-7,Flight match,2026-08-18 12:15:12
33447,3:59 PM,3:50 PM,-9,Flight match,2026-08-18 12:15:12
31094,2:30 PM,2:00 PM,-30,Guest flight verification auto-adjust,2026-08-18 12:16:25
34686,8:44 AM,8:48 AM,4,Flight match,2026-08-18 12:51:08
30102,8:49 AM,8:52 AM,3,Flight match,2026-08-18 12:51:08
31727,9:38 AM,9:42 AM,4,Flight match,2026-08-18 12:51:08
26505,9:41 AM,9:35 AM,-6,Flight match,2026-08-18 12:51:08
35158,10:36 AM,10:43 AM,7,Flight match,2026-08-18 12:51:08
33773,10:45 AM,10:59 AM,14,Flight match,2026-08-18 12:51:08
29467,10:47 AM,10:41 AM,-6,Flight match,2026-08-18 12:51:09
28763,10:48 AM,10:44 AM,-4,Flight match,2026-08-18 12:51:09
34576,10:52 AM,11:00 AM,8,Flight match,2026-08-18 12:51:09
34789,10:52 AM,11:00 AM,8,Flight match,2026-08-18 12:51:09
27535,10:56 AM,10:49 AM,-7,Flight match,2026-08-18 12:51:09
35100,11:14 AM,11:16 AM,2,Flight match,2026-08-18 12:51:09
32147,11:45 AM,11:31 AM,-14,Flight match,2026-08-18 12:51:09
27794,11:55 AM,11:54 AM,-1,Flight match,2026-08-18 12:51:09
31231,1:15 PM,1:11 PM,-4,Flight match,2026-08-18 12:51:09
25936,3:50 PM,3:54 PM,4,Flight match,2026-08-18 12:51:09
35158,10:43 AM,10:33 AM,-10,Flight match,2026-08-18 13:07:30
32010,8:34 AM,8:55 AM,21,Flight match,2026-08-18 13:48:12
34686,8:48 AM,8:46 AM,-2,Flight match,2026-08-18 13:48:12
30102,8:52 AM,8:53 AM,1,Flight match,2026-08-18 13:48:12
32027,9:31 AM,9:35 AM,4,Flight match,2026-08-18 13:48:12
26505,9:35 AM,9:38 AM,3,Flight match,2026-08-18 13:48:13
31727,9:42 AM,9:41 AM,-1,Flight match,2026-08-18 13:48:13
31410,9:53 AM,9:46 AM,-7,Flight match,2026-08-18 13:48:13
32058,10:14 AM,10:17 AM,3,Flight match,2026-08-18 13:48:13
29467,10:41 AM,10:38 AM,-3,Flight match,2026-08-18 13:48:13
28763,10:44 AM,11:07 AM,23,Flight match,2026-08-18 13:48:13
33773,10:59 AM,11:02 AM,3,Flight match,2026-08-18 13:48:13
34576,11:00 AM,11:06 AM,6,Flight match,2026-08-18 13:48:13
34789,11:00 AM,11:06 AM,6,Flight match,2026-08-18 13:48:13
21285,11:14 AM,11:13 AM,-1,Flight match,2026-08-18 13:48:13
10800,11:14 AM,11:13 AM,-1,Flight match,2026-08-18 13:48:13
32147,11:31 AM,11:10 AM,-21,Flight match,2026-08-18 13:48:13
27794,11:54 AM,11:55 AM,1,Flight match,2026-08-18 13:48:13
34855,12:21 PM,12:13 PM,-8,Flight match,2026-08-18 13:48:14
30070,12:21 PM,12:13 PM,-8,Flight match,2026-08-18 13:48:14
34912,1:00 PM,12:48 PM,-12,Flight match,2026-08-18 13:48:14
31231,1:11 PM,1:35 PM,24,Flight match,2026-08-18 13:48:14
9118,3:32 PM,3:42 PM,10,Flight match,2026-08-18 13:48:14
27679,3:39 PM,3:40 PM,1,Flight match,2026-08-18 13:48:14
25936,3:54 PM,3:44 PM,-10,Flight match,2026-08-18 13:48:14
20964,4:38 PM,4:34 PM,-4,Flight match,2026-08-18 13:48:14
31017,9:31 AM,9:35 AM,4,Flight match,2026-08-18 14:31:04
26505,9:38 AM,9:42 AM,4,Flight match,2026-08-18 14:31:05
31410,9:46 AM,9:52 AM,6,Flight match,2026-08-18 14:31:05
32058,10:17 AM,10:18 AM,1,Flight match,2026-08-18 14:31:05
30466,10:20 AM,10:19 AM,-1,Flight match,2026-08-18 14:31:05
28450,10:20 AM,10:19 AM,-1,Flight match,2026-08-18 14:31:05
29518,10:45 AM,11:02 AM,17,Flight match,2026-08-18 14:31:05
34855,12:13 PM,12:16 PM,3,Flight match,2026-08-18 14:31:05
30070,12:13 PM,12:16 PM,3,Flight match,2026-08-18 14:31:05
34912,12:48 PM,12:55 PM,7,Flight match,2026-08-18 14:31:05
17124,12:55 PM,12:30 PM,-25,Flight match,2026-08-18 14:31:05
27579,12:56 PM,12:43 PM,-13,Flight match,2026-08-18 14:31:06
24177,1:00 PM,12:55 PM,-5,Flight match,2026-08-18 14:31:06
34868,4:40 PM,4:35 PM,-5,Flight match,2026-08-18 14:31:06
30466,10:19 AM,10:23 AM,4,Flight match,2026-08-18 15:17:32
28450,10:19 AM,10:23 AM,4,Flight match,2026-08-18 15:17:32
35158,10:33 AM,10:31 AM,-2,Flight match,2026-08-18 15:17:32
29467,10:38 AM,10:35 AM,-3,Flight match,2026-08-18 15:17:32
27535,10:49 AM,10:47 AM,-2,Flight match,2026-08-18 15:17:33
33773,11:02 AM,10:56 AM,-6,Flight match,2026-08-18 15:17:33
32147,11:10 AM,11:08 AM,-2,Flight match,2026-08-18 15:17:33
27579,12:43 PM,12:33 PM,-10,Flight match,2026-08-18 15:17:33
34912,12:55 PM,1:13 PM,18,Flight match,2026-08-18 15:17:33
20964,4:34 PM,4:38 PM,4,Flight match,2026-08-18 15:17:33
27535,10:47 AM,10:52 AM,5,Flight match,2026-08-18 15:19:32
33773,10:56 AM,11:00 AM,4,Flight match,2026-08-18 15:19:33
29518,11:02 AM,11:00 AM,-2,Flight match,2026-08-18 15:19:33
34576,11:06 AM,11:14 AM,8,Flight match,2026-08-18 15:19:33
34789,11:06 AM,11:14 AM,8,Flight match,2026-08-18 15:19:33
32147,11:08 AM,11:11 AM,3,Flight match,2026-08-18 15:19:33
21285,11:13 AM,11:11 AM,-2,Flight match,2026-08-18 15:19:33
10800,11:13 AM,11:11 AM,-2,Flight match,2026-08-18 15:19:33
24177,12:55 PM,1:11 PM,16,Flight match,2026-08-18 15:19:33
34912,1:13 PM,1:11 PM,-2,Flight match,2026-08-18 15:19:33
31231,1:35 PM,1:45 PM,10,Flight match,2026-08-18 15:19:33
32268,2:00 PM,1:51 PM,-9,Flight match,2026-08-18 15:19:33
27518,2:00 PM,1:51 PM,-9,Flight match,2026-08-18 15:19:33
33640,4:15 PM,4:06 PM,-9,Flight match,2026-08-18 15:19:33
21285,11:11 AM,11:18 AM,7,Flight match,2026-08-18 15:32:54
10800,11:11 AM,11:18 AM,7,Flight match,2026-08-18 15:44:45
35100,11:16 AM,11:15 AM,-1,Flight match,2026-08-18 15:44:45
31231,1:45 PM,1:36 PM,-9,Flight match,2026-08-18 15:44:45
32268,1:51 PM,1:45 PM,-6,Flight match,2026-08-18 15:44:45
27518,1:51 PM,1:45 PM,-6,Flight match,2026-08-18 15:44:45
27794,11:55 AM,11:53 AM,-2,Flight match,2026-08-18 15:54:11
27679,3:40 PM,3:39 PM,-1,Flight match,2026-08-18 15:54:11
28106,4:35 PM,4:33 PM,-2,Flight match,2026-08-18 15:54:11
27794,11:53 AM,11:50 AM,-3,Flight match,2026-08-18 16:12:56
34855,12:16 PM,12:12 PM,-4,Flight match,2026-08-18 16:12:56
30070,12:16 PM,12:12 PM,-4,Flight match,2026-08-18 16:12:56
9118,3:42 PM,3:35 PM,-7,Flight match,2026-08-18 16:12:56
25936,3:44 PM,3:33 PM,-11,Flight match,2026-08-18 16:12:56
33447,3:50 PM,3:52 PM,2,Flight match,2026-08-18 16:12:56
31231,1:36 PM,1:48 PM,12,Flight match,2026-08-18 16:29:40
25936,3:33 PM,3:48 PM,15,Flight match,2026-08-18 16:29:40
27579,12:33 PM,12:32 PM,-1,Flight match,2026-08-18 16:30:28
25936,3:48 PM,3:39 PM,-9,Flight match,2026-08-18 16:30:28
34868,4:35 PM,4:27 PM,-8,Flight match,2026-08-18 16:30:28
20964,4:38 PM,4:34 PM,-4,Flight match,2026-08-18 16:30:28
17124,12:30 PM,12:32 PM,2,Flight match,2026-08-18 16:45:02
24177,1:11 PM,1:14 PM,3,Flight match,2026-08-18 16:45:02
34912,1:11 PM,1:14 PM,3,Flight match,2026-08-18 16:45:02
25936,3:39 PM,3:32 PM,-7,Flight match,2026-08-18 16:45:02
27679,3:39 PM,3:13 PM,-26,Flight match,2026-08-18 16:45:02
20964,4:34 PM,4:38 PM,4,Flight match,2026-08-18 16:45:02
27679,3:13 PM,3:39 PM,26,Flight match,2026-08-18 17:02:29
20964,4:38 PM,4:34 PM,-4,Flight match,2026-08-18 17:02:29
17124,12:32 PM,12:36 PM,4,Flight match,2026-08-18 17:19:51
27579,12:32 PM,12:33 PM,1,Flight match,2026-08-18 17:19:51
34912,1:14 PM,1:16 PM,2,Flight match,2026-08-18 17:19:51
9118,3:35 PM,3:36 PM,1,Flight match,2026-08-18 17:19:51
27679,3:39 PM,3:28 PM,-11,Flight match,2026-08-18 17:19:52
33447,3:52 PM,3:51 PM,-1,Flight match,2026-08-18 17:19:52
33640,4:06 PM,4:00 PM,-6,Flight match,2026-08-18 17:19:52
34868,4:27 PM,4:51 PM,24,Flight match,2026-08-18 17:19:52
18908,5:08 PM,5:00 PM,-8,Flight match,2026-08-18 17:19:52
24177,1:14 PM,1:16 PM,2,Flight match,2026-08-18 17:50:16
27518,1:45 PM,1:47 PM,2,Flight match,2026-08-18 17:50:16
32268,1:45 PM,1:47 PM,2,Flight match,2026-08-18 17:50:17
31231,1:48 PM,1:44 PM,-4,Flight match,2026-08-18 17:50:17
33447,3:51 PM,3:48 PM,-3,Flight match,2026-08-18 17:50:18
33640,4:00 PM,4:06 PM,6,Flight match,2026-08-18 17:50:18
20964,4:34 PM,4:28 PM,-6,Flight match,2026-08-18 17:50:19
34868,4:51 PM,4:43 PM,-8,Flight match,2026-08-18 17:50:19
18908,5:00 PM,5:08 PM,8,Flight match,2026-08-18 17:50:20
34449,5:23 PM,5:20 PM,-3,Flight match,2026-08-18 17:50:20
33447,3:48 PM,3:44 PM,-4,Flight match,2026-08-18 18:05:33
27518,1:47 PM,2:00 PM,13,Flight match,2026-08-18 18:23:54
32268,1:47 PM,2:00 PM,13,Flight match,2026-08-18 18:23:54
9118,3:36 PM,3:31 PM,-5,Flight match,2026-08-18 18:23:54
33447,3:44 PM,3:50 PM,6,Flight match,2026-08-18 18:23:54
33640,4:06 PM,4:05 PM,-1,Flight match,2026-08-18 18:23:55
20964,4:28 PM,4:15 PM,-13,Flight match,2026-08-18 18:23:55
28106,4:33 PM,4:27 PM,-6,Flight match,2026-08-18 18:23:55
18908,5:08 PM,5:04 PM,-4,Flight match,2026-08-18 18:23:55
34449,5:20 PM,5:05 PM,-15,Flight match,2026-08-18 18:23:55
25600,9:40 AM,9:10 AM,-30,Flight match,2026-08-18 18:34:04
28388,3:40 PM,3:10 PM,-30,Flight match,2026-08-18 18:34:09
31053,11:00 AM,10:20 AM,-40,Flight match,2026-08-18 18:34:13
9118,3:31 PM,3:36 PM,5,Flight match,2026-08-18 18:43:30
33447,3:50 PM,3:45 PM,-5,Flight match,2026-08-18 18:43:30
28106,4:27 PM,4:38 PM,11,Flight match,2026-08-18 18:43:30
34449,5:05 PM,4:53 PM,-12,Flight match,2026-08-18 18:43:30
9118,3:36 PM,3:32 PM,-4,Flight match,2026-08-18 18:58:17
33640,4:05 PM,4:08 PM,3,Flight match,2026-08-18 18:58:17
28106,4:38 PM,4:36 PM,-2,Flight match,2026-08-18 18:58:17
34868,4:43 PM,4:47 PM,4,Flight match,2026-08-18 18:58:17
34449,4:53 PM,4:52 PM,-1,Flight match,2026-08-18 18:58:17
18908,5:04 PM,5:29 PM,25,Flight match,2026-08-18 18:58:17
28106,4:36 PM,4:31 PM,-5,Flight match,2026-08-18 19:15:31
18908,5:29 PM,5:28 PM,-1,Flight match,2026-08-18 19:15:31
27679,3:28 PM,3:23 PM,-5,Flight match,2026-08-18 19:24:35
9118,3:32 PM,3:30 PM,-2,Flight match,2026-08-18 19:24:35
33447,3:45 PM,3:43 PM,-2,Flight match,2026-08-18 19:36:38
25936,3:32 PM,3:31 PM,-1,Flight match,2026-08-18 19:39:47
33447,3:43 PM,3:40 PM,-3,Flight match,2026-08-18 19:39:47
28106,4:31 PM,4:32 PM,1,Flight match,2026-08-18 19:39:47
18908,5:28 PM,5:18 PM,-10,Flight match,2026-08-18 19:39:47
27679,3:23 PM,3:27 PM,4,Flight match,2026-08-18 20:19:31
9118,3:30 PM,3:36 PM,6,Flight match,2026-08-18 20:19:31
25936,3:31 PM,3:33 PM,2,Flight match,2026-08-18 20:19:31
33447,3:40 PM,3:52 PM,12,Flight match,2026-08-18 20:19:31
33640,4:08 PM,4:03 PM,-5,Flight match,2026-08-18 20:19:31
20964,4:15 PM,4:13 PM,-2,Flight match,2026-08-18 20:19:31
34868,4:47 PM,4:48 PM,1,Flight match,2026-08-18 20:19:31
18908,5:18 PM,5:17 PM,-1,Flight match,2026-08-18 20:19:31
12647,10:10 PM,10:13 PM,3,Flight match,2026-08-18 20:19:31
20964,4:13 PM,4:15 PM,2,Flight match,2026-08-18 20:57:33
28106,4:32 PM,4:30 PM,-2,Flight match,2026-08-18 20:57:33
34868,4:48 PM,4:45 PM,-3,Flight match,2026-08-18 20:57:33
34449,4:52 PM,4:48 PM,-4,Flight match,2026-08-18 20:57:33
18908,5:17 PM,5:17 PM,0,Flight match,2026-08-18 20:57:33
34449,4:48 PM,4:47 PM,-1,Flight match,2026-08-18 21:27:35
18908,5:17 PM,5:18 PM,1,Flight match,2026-08-18 21:27:35
25567,6:25 PM,6:24 PM,-1,Flight match,2026-08-18 21:27:35
25567,6:24 PM,6:17 PM,-7,Flight match,2026-08-18 22:03:10
12647,10:13 PM,10:08 PM,-5,Flight match,2026-08-18 22:03:10
25567,6:17 PM,6:24 PM,7,Flight match,2026-08-18 22:43:38
33784,8:42 AM,8:54 AM,12,Flight match,2026-08-18 22:45:30
29204,9:32 AM,9:44 AM,12,Flight match,2026-08-18 22:45:30
32951,9:36 AM,9:52 AM,16,Flight match,2026-08-18 22:45:30
35204,9:40 AM,9:39 AM,-1,Flight match,2026-08-18 22:45:30
34872,10:11 AM,10:10 AM,-1,Flight match,2026-08-18 22:45:30
32744,10:40 AM,10:43 AM,3,Flight match,2026-08-18 22:45:30
35498,11:09 AM,11:01 AM,-8,Flight match,2026-08-18 22:45:30
20463,11:23 AM,11:25 AM,2,Flight match,2026-08-18 22:45:30
24758,11:36 AM,11:33 AM,-3,Flight match,2026-08-18 22:45:30
20925,12:16 PM,12:13 PM,-3,Flight match,2026-08-18 22:45:31
24285,12:16 PM,12:13 PM,-3,Flight match,2026-08-18 22:45:31
33924,12:30 PM,12:34 PM,4,Flight match,2026-08-18 22:45:31
23809,1:18 PM,1:15 PM,-3,Flight match,2026-08-18 22:45:31
33569,1:18 PM,1:15 PM,-3,Flight match,2026-08-18 22:45:31
31094,2:00 PM,1:48 PM,-12,Flight match,2026-08-18 22:45:31
34274,2:10 PM,2:03 PM,-7,Flight match,2026-08-18 22:45:31
29695,3:15 PM,2:58 PM,-17,Flight match,2026-08-18 22:45:31
35430,4:17 PM,4:18 PM,1,Flight match,2026-08-18 22:45:31
34264,4:22 PM,3:59 PM,-23,Flight match,2026-08-18 22:45:31
27030,4:22 PM,3:59 PM,-23,Flight match,2026-08-18 22:45:31
31943,5:02 PM,5:03 PM,1,Flight match,2026-08-18 22:45:32
34780,7:42 PM,7:20 PM,-22,Flight match,2026-08-18 22:45:32
33255,1:30 PM,12:59 PM,-31,Flight match,2026-08-19 11:18:51
33752,10:15 AM,9:30 AM,-45,Flight match,2026-08-19 11:18:53
33225,9:30 AM,9:00 AM,-30,Flight match,2026-08-19 11:18:54
21998,1:15 PM,11:55 AM,-80,Flight match,2026-08-19 11:18:56
31034,8:49 AM,8:58 AM,9,Flight match,2026-08-19 11:23:02
33784,8:54 AM,8:44 AM,-10,Flight match,2026-08-19 11:23:02
31962,9:24 AM,9:18 AM,-6,Flight match,2026-08-19 11:23:02
34231,9:36 AM,9:53 AM,17,Flight match,2026-08-19 11:23:02
35204,9:39 AM,9:32 AM,-7,Flight match,2026-08-19 11:23:02
29204,9:44 AM,9:36 AM,-8,Flight match,2026-08-19 11:23:02
32813,9:44 AM,9:54 AM,10,Flight match,2026-08-19 11:23:02
32951,9:52 AM,9:45 AM,-7,Flight match,2026-08-19 11:23:02
35417,9:55 AM,9:27 AM,-28,Flight match,2026-08-19 11:23:02
34872,10:10 AM,10:06 AM,-4,Flight match,2026-08-19 11:23:02
32744,10:43 AM,10:20 AM,-23,Flight match,2026-08-19 11:23:02
35498,11:01 AM,11:02 AM,1,Flight match,2026-08-19 11:23:03
21124,11:22 AM,11:14 AM,-8,Flight match,2026-08-19 11:23:03
31111,11:22 AM,11:14 AM,-8,Flight match,2026-08-19 11:23:03
33924,12:34 PM,12:20 PM,-14,Flight match,2026-08-19 11:23:03
31094,1:48 PM,2:00 PM,12,Flight match,2026-08-19 11:23:03
34274,2:03 PM,2:10 PM,7,Flight match,2026-08-19 11:23:03
29695,2:58 PM,3:15 PM,17,Flight match,2026-08-19 11:23:03
35430,4:18 PM,4:17 PM,-1,Flight match,2026-08-19 11:23:03
31943,5:03 PM,5:02 PM,-1,Flight match,2026-08-19 11:23:03
34780,7:20 PM,7:42 PM,22,Flight match,2026-08-19 11:23:03
35672,10:20 PM,10:00 PM,-20,Flight match,2026-08-19 11:23:03
31850,11:27 PM,11:24 PM,-3,Flight match,2026-08-19 11:23:03
31962,9:18 AM,9:15 AM,-3,Flight match,2026-08-19 11:30:26
34321,7:30 AM,7:18 AM,-12,Flight match,2026-08-19 11:33:47
34191,7:43 AM,7:20 AM,-23,Flight match,2026-08-19 11:33:47
35490,8:30 AM,8:20 AM,-10,Flight match,2026-08-19 11:33:47
25600,9:10 AM,8:54 AM,-16,Flight match,2026-08-19 11:33:48
29998,9:15 AM,9:07 AM,-8,Flight match,2026-08-19 11:33:48
33529,9:15 AM,8:51 AM,-24,Flight match,2026-08-19 11:33:48
24173,9:30 AM,9:35 AM,5,Flight match,2026-08-19 11:33:48
33011,9:30 AM,9:14 AM,-16,Flight match,2026-08-19 11:33:48
35481,9:30 AM,9:01 AM,-29,Flight match,2026-08-19 11:33:48
24347,9:35 AM,9:22 AM,-13,Flight match,2026-08-19 11:33:48
29647,9:38 AM,9:35 AM,-3,Flight match,2026-08-19 11:33:48
31377,9:38 AM,9:49 AM,11,Flight match,2026-08-19 11:33:48
34051,9:40 AM,9:37 AM,-3,Flight match,2026-08-19 11:33:48
33801,9:40 AM,9:26 AM,-14,Flight match,2026-08-19 11:33:48
17544,9:40 AM,9:37 AM,-3,Flight match,2026-08-19 11:33:48
35332,9:43 AM,9:27 AM,-16,Flight match,2026-08-19 11:33:48
24744,10:19 AM,10:11 AM,-8,Flight match,2026-08-19 11:33:48
31053,10:20 AM,10:11 AM,-9,Flight match,2026-08-19 11:33:49
25540,12:20 PM,12:47 PM,27,Flight match,2026-08-19 11:33:49
30383,12:30 PM,12:05 PM,-25,Flight match,2026-08-19 11:33:49
27892,12:59 PM,12:58 PM,-1,Flight match,2026-08-19 11:33:49
32501,1:30 PM,1:02 PM,-28,Flight match,2026-08-19 11:33:49
25778,1:45 PM,1:18 PM,-27,Flight match,2026-08-19 11:33:49
35650,2:45 PM,2:18 PM,-27,Flight match,2026-08-19 11:33:49
34323,3:38 PM,3:32 PM,-6,Flight match,2026-08-19 11:33:49
35192,4:30 PM,4:10 PM,-20,Flight match,2026-08-19 11:33:49
22988,8:00 PM,7:55 PM,-5,Flight match,2026-08-19 11:33:49
33784,8:44 AM,8:46 AM,2,Flight match,2026-08-19 11:45:51
31962,9:15 AM,9:15 AM,0,Flight match,2026-08-19 11:45:51
35417,9:27 AM,9:33 AM,6,Flight match,2026-08-19 11:45:51
35204,9:32 AM,9:30 AM,-2,Flight match,2026-08-19 11:45:51
29204,9:36 AM,9:27 AM,-9,Flight match,2026-08-19 11:45:51
32951,9:45 AM,9:37 AM,-8,Flight match,2026-08-19 11:45:51
30718,9:54 AM,9:39 AM,-15,Flight match,2026-08-19 11:45:51
32813,9:54 AM,9:38 AM,-16,Flight match,2026-08-19 11:45:51
34872,10:06 AM,10:11 AM,5,Flight match,2026-08-19 11:45:51
35498,11:02 AM,10:57 AM,-5,Flight match,2026-08-19 11:45:51
20463,11:25 AM,11:22 AM,-3,Flight match,2026-08-19 11:45:51
31850,11:24 PM,11:27 PM,3,Flight match,2026-08-19 11:45:51
32813,9:38 AM,9:42 AM,4,Flight match,2026-08-19 11:59:57
30718,9:39 AM,9:38 AM,-1,Flight match,2026-08-19 11:59:57
34231,9:53 AM,9:38 AM,-15,Flight match,2026-08-19 11:59:57
34872,10:11 AM,10:12 AM,1,Flight match,2026-08-19 11:59:58
32744,10:20 AM,10:22 AM,2,Flight match,2026-08-19 11:59:58
35498,10:57 AM,10:59 AM,2,Flight match,2026-08-19 11:59:58
20463,11:22 AM,11:10 AM,-12,Flight match,2026-08-19 11:59:58
24758,11:33 AM,11:31 AM,-2,Flight match,2026-08-19 11:59:58
24285,12:13 PM,12:19 PM,6,Flight match,2026-08-19 11:59:58
20925,12:13 PM,12:19 PM,6,Flight match,2026-08-19 11:59:58
32744,10:22 AM,10:17 AM,-5,Flight match,2026-08-19 12:11:36
24285,12:19 PM,12:03 PM,-16,Flight match,2026-08-19 12:11:36
20925,12:19 PM,12:03 PM,-16,Flight match,2026-08-19 12:11:37
20463,11:10 AM,11:15 AM,5,Flight match,2026-08-19 12:19:09
31111,11:14 AM,11:13 AM,-1,Flight match,2026-08-19 12:19:09
21124,11:14 AM,11:13 AM,-1,Flight match,2026-08-19 12:19:09
24758,11:31 AM,11:28 AM,-3,Flight match,2026-08-19 12:19:10
32744,10:17 AM,10:11 AM,-6,Flight match,2026-08-19 12:54:03
31111,11:13 AM,11:14 AM,1,Flight match,2026-08-19 12:54:03
21124,11:13 AM,11:14 AM,1,Flight match,2026-08-19 12:54:04
31962,9:15 AM,9:14 AM,-1,Flight match,2026-08-19 13:10:23
31111,11:14 AM,11:54 AM,40,Flight match,2026-08-19 13:10:23
21124,11:14 AM,11:54 AM,40,Flight match,2026-08-19 13:10:23
20463,11:15 AM,11:29 AM,14,Flight match,2026-08-19 13:10:23
24758,11:28 AM,11:24 AM,-4,Flight match,2026-08-19 13:10:23
24285,12:03 PM,12:19 PM,16,Flight match,2026-08-19 13:10:23
20925,12:03 PM,12:19 PM,16,Flight match,2026-08-19 13:10:23
20463,11:29 AM,11:26 AM,-3,Flight match,2026-08-19 13:25:18
31962,9:14 AM,9:20 AM,6,Flight match,2026-08-19 13:32:08
35417,9:33 AM,9:36 AM,3,Flight match,2026-08-19 13:32:08
32951,9:37 AM,9:34 AM,-3,Flight match,2026-08-19 13:32:08
30718,9:38 AM,9:34 AM,-4,Flight match,2026-08-19 13:32:08
32744,10:11 AM,10:15 AM,4,Flight match,2026-08-19 13:32:08
24758,11:24 AM,11:30 AM,6,Flight match,2026-08-19 13:32:08
31111,11:54 AM,11:23 AM,-31,Flight match,2026-08-19 13:32:08
21124,11:54 AM,11:23 AM,-31,Flight match,2026-08-19 13:32:08
24285,12:19 PM,12:22 PM,3,Flight match,2026-08-19 13:32:08
20925,12:19 PM,12:22 PM,3,Flight match,2026-08-19 13:32:08
33924,12:20 PM,12:08 PM,-12,Flight match,2026-08-19 13:32:09
33569,1:15 PM,1:22 PM,7,Flight match,2026-08-19 13:32:09
23809,1:15 PM,1:22 PM,7,Flight match,2026-08-19 13:32:09
31962,9:20 AM,9:22 AM,2,Flight match,2026-08-19 13:38:38
34231,9:38 AM,9:39 AM,1,Flight match,2026-08-19 13:38:38
30718,9:34 AM,9:35 AM,1,Flight match,2026-08-19 13:49:10
29204,9:27 AM,9:31 AM,4,Flight match,2026-08-19 14:19:12
35204,9:30 AM,9:29 AM,-1,Flight match,2026-08-19 14:19:12
32951,9:34 AM,9:40 AM,6,Flight match,2026-08-19 14:19:12
35417,9:36 AM,9:39 AM,3,Flight match,2026-08-19 14:19:12
34231,9:39 AM,9:48 AM,9,Flight match,2026-08-19 14:19:12
32813,9:42 AM,9:47 AM,5,Flight match,2026-08-19 14:19:12
24758,11:30 AM,11:26 AM,-4,Flight match,2026-08-19 14:19:12
33924,12:08 PM,12:02 PM,-6,Flight match,2026-08-19 14:19:12
33569,1:22 PM,1:19 PM,-3,Flight match,2026-08-19 14:19:13
23809,1:22 PM,1:19 PM,-3,Flight match,2026-08-19 14:19:13
31094,2:00 PM,1:54 PM,-6,Flight match,2026-08-19 14:19:13
34264,3:59 PM,4:22 PM,23,Flight match,2026-08-19 14:19:13
27030,3:59 PM,4:22 PM,23,Flight match,2026-08-19 14:19:13
34872,10:12 AM,10:15 AM,3,Flight match,2026-08-19 14:28:56
24758,11:26 AM,11:20 AM,-6,Flight match,2026-08-19 14:28:56
34274,2:10 PM,2:07 PM,-3,Flight match,2026-08-19 14:28:56
35430,4:17 PM,4:14 PM,-3,Flight match,2026-08-19 14:28:57
32744,10:15 AM,10:18 AM,3,Flight match,2026-08-19 14:48:03
24758,11:20 AM,11:26 AM,6,Flight match,2026-08-19 14:48:03
20925,12:22 PM,12:15 PM,-7,Flight match,2026-08-19 14:48:03
24285,12:22 PM,12:15 PM,-7,Flight match,2026-08-19 14:48:03
33569,1:19 PM,1:15 PM,-4,Flight match,2026-08-19 14:48:03
23809,1:19 PM,1:15 PM,-4,Flight match,2026-08-19 14:48:03
31094,1:54 PM,1:50 PM,-4,Flight match,2026-08-19 15:10:32
35498,10:59 AM,11:02 AM,3,Flight match,2026-08-19 15:18:17
24758,11:26 AM,11:22 AM,-4,Flight match,2026-08-19 15:18:17
33569,1:15 PM,1:22 PM,7,Flight match,2026-08-19 15:18:17
23809,1:15 PM,1:22 PM,7,Flight match,2026-08-19 15:18:17
31094,1:50 PM,1:54 PM,4,Flight match,2026-08-19 15:18:17
29695,3:15 PM,3:08 PM,-7,Flight match,2026-08-19 15:18:17
35430,4:14 PM,4:09 PM,-5,Flight match,2026-08-19 15:18:17
34264,4:22 PM,3:59 PM,-23,Flight match,2026-08-19 15:18:17
27030,4:22 PM,3:59 PM,-23,Flight match,2026-08-19 15:18:17
34780,7:42 PM,7:20 PM,-22,Flight match,2026-08-19 15:18:17
24758,11:22 AM,11:29 AM,7,Flight match,2026-08-19 15:45:24
20463,11:26 AM,11:25 AM,-1,Flight match,2026-08-19 15:45:24
33924,12:02 PM,12:05 PM,3,Flight match,2026-08-19 15:45:24
20925,12:15 PM,12:05 PM,-10,Flight match,2026-08-19 15:45:24
24285,12:15 PM,12:05 PM,-10,Flight match,2026-08-19 15:45:24
33569,1:22 PM,1:16 PM,-6,Flight match,2026-08-19 15:45:24
23809,1:22 PM,1:16 PM,-6,Flight match,2026-08-19 15:45:25
31094,1:54 PM,1:41 PM,-13,Flight match,2026-08-19 15:45:25
34274,2:07 PM,2:03 PM,-4,Flight match,2026-08-19 15:45:25
35430,4:09 PM,4:11 PM,2,Flight match,2026-08-19 15:45:25
31094,1:41 PM,1:44 PM,3,Flight match,2026-08-19 15:50:35
33924,12:05 PM,12:04 PM,-1,Flight match,2026-08-19 16:30:46
24285,12:05 PM,12:14 PM,9,Flight match,2026-08-19 16:30:47
20925,12:05 PM,12:14 PM,9,Flight match,2026-08-19 16:30:47
31094,1:44 PM,1:43 PM,-1,Flight match,2026-08-19 16:30:47
34274,2:03 PM,2:06 PM,3,Flight match,2026-08-19 16:30:47
29695,3:08 PM,3:00 PM,-8,Flight match,2026-08-19 16:30:47
33924,12:04 PM,12:07 PM,3,Flight match,2026-08-19 16:36:16
33569,1:16 PM,1:11 PM,-5,Flight match,2026-08-19 16:36:16
23809,1:16 PM,1:11 PM,-5,Flight match,2026-08-19 16:36:16
34274,2:06 PM,2:00 PM,-6,Flight match,2026-08-19 16:36:16
31943,5:02 PM,5:17 PM,15,Flight match,2026-08-19 16:36:16
23809,1:11 PM,1:16 PM,5,Flight match,2026-08-19 16:51:35
33569,1:11 PM,1:16 PM,5,Flight match,2026-08-19 16:51:35
34274,2:00 PM,2:03 PM,3,Flight match,2026-08-19 16:51:35
29695,3:00 PM,3:08 PM,8,Flight match,2026-08-19 16:51:35
34264,3:59 PM,4:22 PM,23,Flight match,2026-08-19 16:51:35
27030,3:59 PM,4:22 PM,23,Flight match,2026-08-19 16:51:35
33569,1:16 PM,1:13 PM,-3,Flight match,2026-08-19 17:28:48
23809,1:16 PM,1:13 PM,-3,Flight match,2026-08-19 17:28:48
29695,3:08 PM,2:51 PM,-17,Flight match,2026-08-19 17:28:48
34264,4:22 PM,3:59 PM,-23,Flight match,2026-08-19 17:28:48
27030,4:22 PM,3:59 PM,-23,Flight match,2026-08-19 17:28:48
31943,5:17 PM,5:16 PM,-1,Flight match,2026-08-19 17:28:48
33569,1:13 PM,1:15 PM,2,Flight match,2026-08-19 17:38:26
23809,1:13 PM,1:15 PM,2,Flight match,2026-08-19 17:38:26
31094,1:43 PM,1:44 PM,1,Flight match,2026-08-19 17:38:26
29695,2:51 PM,2:52 PM,1,Flight match,2026-08-19 17:38:26
31943,5:16 PM,5:06 PM,-10,Flight match,2026-08-19 17:38:26
31094,1:44 PM,1:43 PM,-1,Flight match,2026-08-19 18:08:50
34264,3:59 PM,4:00 PM,1,Flight match,2026-08-19 18:08:50
27030,3:59 PM,4:00 PM,1,Flight match,2026-08-19 18:08:50
35430,4:11 PM,4:04 PM,-7,Flight match,2026-08-19 18:08:50
31943,5:06 PM,5:13 PM,7,Flight match,2026-08-19 18:08:50
34274,2:03 PM,1:58 PM,-5,Flight match,2026-08-19 18:24:14
34264,4:00 PM,4:22 PM,22,Flight match,2026-08-19 18:24:14
27030,4:00 PM,4:22 PM,22,Flight match,2026-08-19 18:24:14
31943,5:13 PM,5:16 PM,3,Flight match,2026-08-19 18:24:14
34264,4:22 PM,4:00 PM,-22,Flight match,2026-08-19 18:34:56
27030,4:22 PM,4:00 PM,-22,Flight match,2026-08-19 18:34:56
31943,5:16 PM,5:37 PM,21,Flight match,2026-08-19 18:34:56
34264,4:00 PM,4:07 PM,7,Flight match,2026-08-19 19:13:21
27030,4:00 PM,4:07 PM,7,Flight match,2026-08-19 19:13:21
35430,4:04 PM,4:00 PM,-4,Flight match,2026-08-19 19:13:22
31943,5:37 PM,5:30 PM,-7,Flight match,2026-08-19 19:13:22
34780,7:20 PM,7:29 PM,9,Flight match,2026-08-19 19:13:22
29695,2:52 PM,2:49 PM,-3,Flight match,2026-08-19 19:58:39
35430,4:00 PM,4:01 PM,1,Flight match,2026-08-20 00:53:48
34264,4:07 PM,4:21 PM,14,Flight match,2026-08-20 00:53:48
27030,4:07 PM,4:21 PM,14,Flight match,2026-08-20 00:53:48
31943,5:30 PM,5:10 PM,-20,Flight match,2026-08-20 00:53:48
34780,7:29 PM,7:14 PM,-15,Flight match,2026-08-20 00:53:48
35672,10:00 PM,10:08 PM,8,Flight match,2026-08-20 00:53:48
31850,11:27 PM,11:19 PM,-8,Flight match,2026-08-20 00:53:48
35816,11:44 PM,11:28 PM,-16,Flight match,2026-08-20 00:53:48
34191,7:20 AM,7:43 AM,23,Flight match,2026-08-20 05:16:24
32077,8:35 AM,8:16 AM,-19,Flight match,2026-08-20 05:16:24
35332,9:27 AM,9:39 AM,12,Flight match,2026-08-20 05:16:24
34051,9:37 AM,9:36 AM,-1,Flight match,2026-08-20 05:16:24
17544,9:37 AM,9:36 AM,-1,Flight match,2026-08-20 05:16:24
31053,10:11 AM,10:20 AM,9,Flight match,2026-08-20 05:16:24
24744,10:11 AM,10:20 AM,9,Flight match,2026-08-20 05:16:24
35752,11:33 AM,11:26 AM,-7,Flight match,2026-08-20 05:16:24
30383,12:05 PM,11:53 AM,-12,Flight match,2026-08-20 05:16:24
34586,12:45 PM,12:31 PM,-14,Flight match,2026-08-20 05:16:24
25778,1:18 PM,1:15 PM,-3,Flight match,2026-08-20 05:16:25
35573,1:18 PM,1:15 PM,-3,Flight match,2026-08-20 05:16:25
35650,2:18 PM,2:15 PM,-3,Flight match,2026-08-20 05:16:25
30897,3:10 PM,3:00 PM,-10,Flight match,2026-08-20 05:16:25
28388,3:10 PM,3:00 PM,-10,Flight match,2026-08-20 05:16:25
34323,3:32 PM,3:11 PM,-21,Flight match,2026-08-20 05:16:25
35192,4:10 PM,3:56 PM,-14,Flight match,2026-08-20 05:16:25
29157,4:34 PM,4:38 PM,4,Flight match,2026-08-20 05:16:25
29878,5:40 PM,5:28 PM,-12,Flight match,2026-08-20 05:16:25
35035,6:20 PM,6:03 PM,-17,Flight match,2026-08-20 05:16:25
22988,7:55 PM,7:36 PM,-19,Flight match,2026-08-20 05:16:25
24038,8:05 PM,7:53 PM,-12,Flight match,2026-08-20 05:16:25
32676,8:05 PM,7:47 PM,-18,Flight match,2026-08-20 05:16:25
35230,11:15 PM,11:02 PM,-13,Flight match,2026-08-20 05:16:25
35907,11:45 PM,11:25 PM,-20,Flight match,2026-08-20 05:16:25
34321,7:18 AM,7:49 AM,31,Flight match,2026-08-20 11:25:24
34191,7:43 AM,7:27 AM,-16,Flight match,2026-08-20 11:25:24
32077,8:16 AM,8:22 AM,6,Flight match,2026-08-20 11:25:25
35490,8:20 AM,8:19 AM,-1,Flight match,2026-08-20 11:25:25
33529,8:51 AM,8:47 AM,-4,Flight match,2026-08-20 11:25:25
25600,8:54 AM,9:00 AM,6,Flight match,2026-08-20 11:25:25
35481,9:01 AM,8:56 AM,-5,Flight match,2026-08-20 11:25:25
29998,9:07 AM,9:05 AM,-2,Flight match,2026-08-20 11:25:25
33011,9:14 AM,9:31 AM,17,Flight match,2026-08-20 11:25:25
24347,9:22 AM,9:37 AM,15,Flight match,2026-08-20 11:25:25
33801,9:26 AM,9:25 AM,-1,Flight match,2026-08-20 11:25:25
24173,9:35 AM,9:27 AM,-8,Flight match,2026-08-20 11:25:25
29647,9:35 AM,9:27 AM,-8,Flight match,2026-08-20 11:25:25
34051,9:36 AM,9:24 AM,-12,Flight match,2026-08-20 11:25:25
17544,9:36 AM,9:24 AM,-12,Flight match,2026-08-20 11:25:25
34684,9:37 AM,9:34 AM,-3,Flight match,2026-08-20 11:25:25
35332,9:39 AM,9:35 AM,-4,Flight match,2026-08-20 11:25:25
31053,10:20 AM,10:10 AM,-10,Flight match,2026-08-20 11:25:26
24744,10:20 AM,10:10 AM,-10,Flight match,2026-08-20 11:25:26
35752,11:26 AM,11:34 AM,8,Flight match,2026-08-20 11:25:26
30383,11:53 AM,12:05 PM,12,Flight match,2026-08-20 11:25:26
34586,12:31 PM,12:45 PM,14,Flight match,2026-08-20 11:25:26
25540,12:47 PM,12:31 PM,-16,Flight match,2026-08-20 11:25:26
27892,12:58 PM,1:00 PM,2,Flight match,2026-08-20 11:25:26
33144,1:40 PM,1:41 PM,1,Flight match,2026-08-20 11:25:26
35192,3:56 PM,4:10 PM,14,Flight match,2026-08-20 11:25:26
29878,5:28 PM,5:40 PM,12,Flight match,2026-08-20 11:25:26
35035,6:03 PM,6:20 PM,17,Flight match,2026-08-20 11:25:26
22988,7:36 PM,7:55 PM,19,Flight match,2026-08-20 11:25:26
32676,7:47 PM,8:05 PM,18,Flight match,2026-08-20 11:25:26
24038,7:53 PM,8:05 PM,12,Flight match,2026-08-20 11:25:26
35230,11:02 PM,11:15 PM,13,Flight match,2026-08-20 11:25:26
35907,11:25 PM,11:28 PM,3,Flight match,2026-08-20 11:25:26
34191,7:27 AM,7:39 AM,12,Flight match,2026-08-20 12:15:34
34321,7:49 AM,7:43 AM,-6,Flight match,2026-08-20 12:15:35
35490,8:19 AM,8:20 AM,1,Flight match,2026-08-20 12:15:35
32077,8:22 AM,8:24 AM,2,Flight match,2026-08-20 12:15:35
35481,8:56 AM,8:57 AM,1,Flight match,2026-08-20 12:15:35
25600,9:00 AM,9:06 AM,6,Flight match,2026-08-20 12:15:35
29998,9:05 AM,9:26 AM,21,Flight match,2026-08-20 12:15:35
34051,9:24 AM,9:25 AM,1,Flight match,2026-08-20 12:15:36
17544,9:24 AM,9:25 AM,1,Flight match,2026-08-20 12:15:36
33801,9:25 AM,9:22 AM,-3,Flight match,2026-08-20 12:15:36
29647,9:27 AM,9:25 AM,-2,Flight match,2026-08-20 12:15:36
24173,9:27 AM,9:25 AM,-2,Flight match,2026-08-20 12:15:36
33011,9:31 AM,9:32 AM,1,Flight match,2026-08-20 12:15:36
34684,9:34 AM,9:45 AM,11,Flight match,2026-08-20 12:15:36
35332,9:35 AM,9:36 AM,1,Flight match,2026-08-20 12:15:36
24347,9:37 AM,9:30 AM,-7,Flight match,2026-08-20 12:15:36
31377,9:49 AM,9:48 AM,-1,Flight match,2026-08-20 12:15:36
31053,10:10 AM,10:05 AM,-5,Flight match,2026-08-20 12:15:37
24744,10:10 AM,10:05 AM,-5,Flight match,2026-08-20 12:15:37
35752,11:34 AM,11:26 AM,-8,Flight match,2026-08-20 12:15:37
30383,12:05 PM,11:55 AM,-10,Flight match,2026-08-20 12:15:37
25540,12:31 PM,12:38 PM,7,Flight match,2026-08-20 12:15:37
34586,12:45 PM,12:48 PM,3,Flight match,2026-08-20 12:15:37
32501,1:02 PM,1:16 PM,14,Flight match,2026-08-20 12:15:37
35785,4:57 PM,4:41 PM,-16,Flight match,2026-08-20 12:15:37
35907,11:28 PM,11:25 PM,-3,Flight match,2026-08-20 12:15:38
35490,8:20 AM,8:21 AM,1,Flight match,2026-08-20 12:35:31
32077,8:24 AM,8:27 AM,3,Flight match,2026-08-20 12:35:31
33011,9:32 AM,9:25 AM,-7,Flight match,2026-08-20 12:35:31
34684,9:45 AM,9:19 AM,-26,Flight match,2026-08-20 12:35:31
31377,9:48 AM,9:46 AM,-2,Flight match,2026-08-20 12:35:32
35752,11:26 AM,11:27 AM,1,Flight match,2026-08-20 12:35:32
30383,11:55 AM,12:01 PM,6,Flight match,2026-08-20 12:35:32
33225,9:00 AM,8:49 AM,-11,Flight match,2026-08-20 12:51:03
24543,9:15 AM,8:49 AM,-26,Flight match,2026-08-20 12:51:03
35662,9:25 AM,9:22 AM,-3,Flight match,2026-08-20 12:51:03
33752,9:30 AM,9:19 AM,-11,Flight match,2026-08-20 12:51:03
25951,9:32 AM,9:18 AM,-14,Flight match,2026-08-20 12:51:03
13445,9:38 AM,9:35 AM,-3,Flight match,2026-08-20 12:51:03
31241,9:40 AM,9:30 AM,-10,Flight match,2026-08-20 12:51:03
33017,9:40 AM,9:35 AM,-5,Flight match,2026-08-20 12:51:03
29047,9:43 AM,9:40 AM,-3,Flight match,2026-08-20 12:51:03
15348,10:00 AM,9:22 AM,-38,Flight match,2026-08-20 12:51:03
33915,10:00 AM,9:35 AM,-25,Flight match,2026-08-20 12:51:03
26840,10:00 AM,9:22 AM,-38,Flight match,2026-08-20 12:51:04
29415,10:20 AM,10:17 AM,-3,Flight match,2026-08-20 12:51:04
33550,10:37 AM,10:34 AM,-3,Flight match,2026-08-20 12:51:04
35644,10:37 AM,10:34 AM,-3,Flight match,2026-08-20 12:51:04
34391,10:40 AM,10:21 AM,-19,Flight match,2026-08-20 12:51:04
33575,11:09 AM,10:59 AM,-10,Flight match,2026-08-20 12:51:04
30329,11:20 AM,11:10 AM,-10,Flight match,2026-08-20 12:51:04
35033,11:22 AM,11:10 AM,-12,Flight match,2026-08-20 12:51:04
34864,11:30 AM,10:59 AM,-31,Flight match,2026-08-20 12:51:04
35313,12:59 PM,12:58 PM,-1,Flight match,2026-08-20 12:51:04
35858,2:30 PM,2:20 PM,-10,Flight match,2026-08-20 12:51:04
32312,3:15 PM,3:03 PM,-12,Flight match,2026-08-20 12:51:04
31977,3:38 PM,3:32 PM,-6,Flight match,2026-08-20 12:51:04
12224,3:55 PM,3:50 PM,-5,Flight match,2026-08-20 12:51:04
31856,4:00 PM,3:40 PM,-20,Flight match,2026-08-20 12:51:05
33276,6:15 PM,6:07 PM,-8,Flight match,2026-08-20 12:51:05
35276,7:15 PM,7:08 PM,-7,Flight match,2026-08-20 12:51:05
33282,7:30 PM,7:15 PM,-15,Flight match,2026-08-20 12:51:05
30460,11:55 PM,11:47 PM,-8,Flight match,2026-08-20 12:51:05
35490,8:21 AM,8:18 AM,-3,Flight match,2026-08-20 13:03:05
32077,8:27 AM,8:25 AM,-2,Flight match,2026-08-20 13:03:05
33529,8:47 AM,8:44 AM,-3,Flight match,2026-08-20 13:03:06
35481,8:57 AM,8:55 AM,-2,Flight match,2026-08-20 13:03:06
34684,9:19 AM,9:27 AM,8,Flight match,2026-08-20 13:03:06
29647,9:25 AM,9:18 AM,-7,Flight match,2026-08-20 13:03:06
31377,9:46 AM,9:55 AM,9,Flight match,2026-08-20 13:03:06
30383,12:01 PM,11:57 AM,-4,Flight match,2026-08-20 13:03:06
25540,12:38 PM,12:36 PM,-2,Flight match,2026-08-20 13:03:06
33144,1:41 PM,1:16 PM,-25,Flight match,2026-08-20 13:03:06
33529,8:44 AM,8:49 AM,5,Flight match,2026-08-20 13:30:26
35481,8:55 AM,8:53 AM,-2,Flight match,2026-08-20 13:30:26
25600,9:06 AM,9:00 AM,-6,Flight match,2026-08-20 13:30:26
29647,9:18 AM,9:24 AM,6,Flight match,2026-08-20 13:30:26
33801,9:22 AM,9:26 AM,4,Flight match,2026-08-20 13:30:26
24173,9:25 AM,9:24 AM,-1,Flight match,2026-08-20 13:30:26
33011,9:25 AM,9:30 AM,5,Flight match,2026-08-20 13:30:26
29998,9:26 AM,9:27 AM,1,Flight match,2026-08-20 13:30:26
34684,9:27 AM,9:18 AM,-9,Flight match,2026-08-20 13:30:26
24347,9:30 AM,9:35 AM,5,Flight match,2026-08-20 13:30:26
35752,11:27 AM,11:32 AM,5,Flight match,2026-08-20 13:30:26
30383,11:57 AM,11:58 AM,1,Flight match,2026-08-20 13:30:27
34586,12:48 PM,12:43 PM,-5,Flight match,2026-08-20 13:30:27
25778,1:15 PM,1:20 PM,5,Flight match,2026-08-20 13:30:27
35573,1:15 PM,1:20 PM,5,Flight match,2026-08-20 13:30:27
33144,1:16 PM,1:14 PM,-2,Flight match,2026-08-20 13:30:27
22988,7:55 PM,8:01 PM,6,Flight match,2026-08-20 13:30:27
34684,9:18 AM,9:23 AM,5,Flight match,2026-08-20 14:22:47
24173,9:24 AM,9:29 AM,5,Flight match,2026-08-20 14:22:47
29647,9:24 AM,9:29 AM,5,Flight match,2026-08-20 14:22:47
34051,9:25 AM,9:30 AM,5,Flight match,2026-08-20 14:22:47
17544,9:25 AM,9:30 AM,5,Flight match,2026-08-20 14:22:47
33801,9:26 AM,9:47 AM,21,Flight match,2026-08-20 14:22:47
29998,9:27 AM,9:25 AM,-2,Flight match,2026-08-20 14:22:48
33011,9:30 AM,9:25 AM,-5,Flight match,2026-08-20 14:22:48
24347,9:35 AM,9:33 AM,-2,Flight match,2026-08-20 14:22:48
35332,9:36 AM,9:37 AM,1,Flight match,2026-08-20 14:22:48
31377,9:55 AM,9:56 AM,1,Flight match,2026-08-20 14:22:48
24744,10:05 AM,10:00 AM,-5,Flight match,2026-08-20 14:22:48
31053,10:05 AM,10:00 AM,-5,Flight match,2026-08-20 14:22:48
30383,11:58 AM,11:55 AM,-3,Flight match,2026-08-20 14:22:48
25540,12:36 PM,12:19 PM,-17,Flight match,2026-08-20 14:22:48
34586,12:43 PM,12:48 PM,5,Flight match,2026-08-20 14:22:48
33144,1:14 PM,1:16 PM,2,Flight match,2026-08-20 14:22:48
32501,1:16 PM,1:03 PM,-13,Flight match,2026-08-20 14:22:48
25778,1:20 PM,1:32 PM,12,Flight match,2026-08-20 14:22:49
35573,1:20 PM,1:32 PM,12,Flight match,2026-08-20 14:22:49
29157,4:38 PM,4:34 PM,-4,Flight match,2026-08-20 14:22:49
22988,8:01 PM,8:00 PM,-1,Flight match,2026-08-20 14:22:49
24744,10:00 AM,9:59 AM,-1,Flight match,2026-08-20 15:11:09
31053,10:00 AM,9:59 AM,-1,Flight match,2026-08-20 15:11:09
34586,12:48 PM,1:09 PM,21,Flight match,2026-08-20 15:11:09
27892,1:00 PM,1:05 PM,5,Flight match,2026-08-20 15:11:09
32501,1:03 PM,1:07 PM,4,Flight match,2026-08-20 15:11:09
33144,1:16 PM,1:20 PM,4,Flight match,2026-08-20 15:11:09
25778,1:32 PM,1:29 PM,-3,Flight match,2026-08-20 15:11:09
35573,1:32 PM,1:29 PM,-3,Flight match,2026-08-20 15:11:09
35650,2:15 PM,2:07 PM,-8,Flight match,2026-08-20 15:11:09
29157,4:34 PM,4:37 PM,3,Flight match,2026-08-20 15:11:10
30383,11:55 AM,11:54 AM,-1,Flight match,2026-08-20 15:31:33
32501,1:07 PM,12:54 PM,-13,Flight match,2026-08-20 15:31:34
34586,1:09 PM,1:05 PM,-4,Flight match,2026-08-20 15:31:34
25778,1:29 PM,1:36 PM,7,Flight match,2026-08-20 15:31:34
35573,1:29 PM,1:36 PM,7,Flight match,2026-08-20 15:31:34
35650,2:07 PM,2:14 PM,7,Flight match,2026-08-20 15:31:34
29157,4:37 PM,4:39 PM,2,Flight match,2026-08-20 15:31:34
22988,8:00 PM,8:02 PM,2,Flight match,2026-08-20 15:31:34
35752,11:32 AM,11:27 AM,-5,Flight match,2026-08-20 15:55:19
30383,11:54 AM,11:57 AM,3,Flight match,2026-08-20 15:55:20
32501,12:54 PM,12:45 PM,-9,Flight match,2026-08-20 15:55:20
34586,1:05 PM,1:11 PM,6,Flight match,2026-08-20 15:55:20
25778,1:36 PM,1:42 PM,6,Flight match,2026-08-20 15:55:20
35573,1:36 PM,1:42 PM,6,Flight match,2026-08-20 15:55:20
35650,2:14 PM,2:12 PM,-2,Flight match,2026-08-20 15:55:20
35192,4:10 PM,4:03 PM,-7,Flight match,2026-08-20 15:55:20
22988,8:02 PM,7:55 PM,-7,Flight match,2026-08-20 15:55:20
30383,11:57 AM,11:52 AM,-5,Flight match,2026-08-20 16:30:59
25540,12:19 PM,12:17 PM,-2,Flight match,2026-08-20 16:31:00
32501,12:45 PM,12:44 PM,-1,Flight match,2026-08-20 16:31:00
34586,1:11 PM,1:08 PM,-3,Flight match,2026-08-20 16:31:00
25778,1:42 PM,1:38 PM,-4,Flight match,2026-08-20 16:31:00
35573,1:42 PM,1:38 PM,-4,Flight match,2026-08-20 16:31:00
35650,2:12 PM,2:03 PM,-9,Flight match,2026-08-20 16:31:00
30897,3:00 PM,3:01 PM,1,Flight match,2026-08-20 16:31:00
28388,3:00 PM,3:01 PM,1,Flight match,2026-08-20 16:31:00
35785,4:41 PM,4:32 PM,-9,Flight match,2026-08-20 16:31:00
22988,7:55 PM,8:00 PM,5,Flight match,2026-08-20 16:31:00
25540,12:17 PM,12:26 PM,9,Flight match,2026-08-20 17:07:50
32501,12:44 PM,12:53 PM,9,Flight match,2026-08-20 17:07:50
22988,8:00 PM,7:55 PM,-5,Flight match,2026-08-20 17:07:50
32501,12:53 PM,12:44 PM,-9,Flight match,2026-08-20 17:23:21
27892,1:05 PM,1:08 PM,3,Flight match,2026-08-20 17:23:21
34586,1:08 PM,1:07 PM,-1,Flight match,2026-08-20 17:23:21
33144,1:20 PM,1:04 PM,-16,Flight match,2026-08-20 17:23:21
35650,2:03 PM,2:04 PM,1,Flight match,2026-08-20 17:23:22
28388,3:01 PM,2:54 PM,-7,Flight match,2026-08-20 17:23:22
30897,3:01 PM,2:54 PM,-7,Flight match,2026-08-20 17:23:22
35192,4:03 PM,4:04 PM,1,Flight match,2026-08-20 17:23:22
35785,4:32 PM,4:27 PM,-5,Flight match,2026-08-20 17:23:22
29878,5:40 PM,5:29 PM,-11,Flight match,2026-08-20 17:23:22
35035,6:20 PM,6:02 PM,-18,Flight match,2026-08-20 17:23:22
32501,12:44 PM,12:49 PM,5,Flight match,2026-08-20 17:32:59
25778,1:38 PM,1:30 PM,-8,Flight match,2026-08-20 17:32:59
35573,1:38 PM,1:30 PM,-8,Flight match,2026-08-20 17:32:59
35650,2:04 PM,2:03 PM,-1,Flight match,2026-08-20 17:32:59
35192,4:04 PM,4:03 PM,-1,Flight match,2026-08-20 17:33:00
33144,1:04 PM,1:11 PM,7,Flight match,2026-08-20 18:16:46
35650,2:03 PM,2:09 PM,6,Flight match,2026-08-20 18:16:47
35785,4:27 PM,5:07 PM,40,Flight match,2026-08-20 18:16:47
29157,4:39 PM,4:37 PM,-2,Flight match,2026-08-20 18:16:47
35035,6:02 PM,6:26 PM,24,Flight match,2026-08-20 18:16:47
35650,2:09 PM,2:13 PM,4,Flight match,2026-08-20 18:30:10
35192,4:03 PM,4:05 PM,2,Flight match,2026-08-20 18:30:10
29157,4:37 PM,4:30 PM,-7,Flight match,2026-08-20 18:30:10
35035,6:26 PM,5:59 PM,-27,Flight match,2026-08-20 18:30:11
32676,8:05 PM,8:13 PM,8,Flight match,2026-08-20 18:30:11
30897,2:54 PM,3:00 PM,6,Flight match,2026-08-20 18:57:34
28388,2:54 PM,3:00 PM,6,Flight match,2026-08-20 18:57:34
35785,5:07 PM,5:28 PM,21,Flight match,2026-08-20 18:57:34
35035,5:59 PM,6:25 PM,26,Flight match,2026-08-20 18:57:34
32676,8:13 PM,8:15 PM,2,Flight match,2026-08-20 18:57:34
35785,5:28 PM,5:37 PM,9,Flight match,2026-08-20 19:17:10
30897,3:00 PM,3:01 PM,1,Flight match,2026-08-20 19:28:18
28388,3:00 PM,3:01 PM,1,Flight match,2026-08-20 19:28:18
35192,4:05 PM,4:14 PM,9,Flight match,2026-08-20 19:28:18
29157,4:30 PM,4:35 PM,5,Flight match,2026-08-20 19:28:18
29878,5:29 PM,5:26 PM,-3,Flight match,2026-08-20 19:28:18
35785,5:37 PM,6:02 PM,25,Flight match,2026-08-20 19:28:18
35035,6:25 PM,6:28 PM,3,Flight match,2026-08-20 19:28:18
22988,7:55 PM,8:04 PM,9,Flight match,2026-08-20 19:28:18
32676,8:15 PM,8:12 PM,-3,Flight match,2026-08-20 19:28:18
29157,4:35 PM,4:39 PM,4,Flight match,2026-08-20 19:41:00
30897,3:01 PM,3:03 PM,2,Flight match,2026-08-21 00:04:33
28388,3:01 PM,3:03 PM,2,Flight match,2026-08-21 00:04:33
34323,3:11 PM,6:21 PM,190,Flight match,2026-08-21 00:04:33
35192,4:14 PM,4:41 PM,27,Flight match,2026-08-21 00:04:33
29157,4:39 PM,4:40 PM,1,Flight match,2026-08-21 00:04:34
29878,5:26 PM,5:47 PM,21,Flight match,2026-08-21 00:04:34
35785,6:02 PM,6:08 PM,6,Flight match,2026-08-21 00:04:34
35035,6:28 PM,7:31 PM,63,Flight match,2026-08-21 00:04:34
22988,8:04 PM,7:48 PM,-16,Flight match,2026-08-21 00:04:34
24038,8:05 PM,8:29 PM,24,Flight match,2026-08-21 00:04:34
32676,8:12 PM,8:24 PM,12,Flight match,2026-08-21 00:04:34
35230,11:15 PM,11:05 PM,-10,Flight match,2026-08-21 00:04:34
35907,11:25 PM,11:29 PM,4,Flight match,2026-08-21 00:04:34
33225,8:49 AM,9:00 AM,11,Flight match,2026-08-21 00:05:01
24543,8:49 AM,9:00 AM,11,Flight match,2026-08-21 00:05:01
25951,9:18 AM,9:32 AM,14,Flight match,2026-08-21 00:05:01
31241,9:30 AM,9:32 AM,2,Flight match,2026-08-21 00:05:01
29047,9:40 AM,9:39 AM,-1,Flight match,2026-08-21 00:05:01
35984,9:45 AM,9:24 AM,-21,Flight match,2026-08-21 00:05:01
35929,10:06 AM,10:03 AM,-3,Flight match,2026-08-21 00:05:01
33118,10:11 AM,10:10 AM,-1,Flight match,2026-08-21 00:05:02
28961,10:37 AM,10:34 AM,-3,Flight match,2026-08-21 00:05:02
34864,10:59 AM,11:09 AM,10,Flight match,2026-08-21 00:05:02
29757,11:05 AM,11:03 AM,-2,Flight match,2026-08-21 00:05:02
30329,11:10 AM,11:22 AM,12,Flight match,2026-08-21 00:05:02
35033,11:10 AM,11:22 AM,12,Flight match,2026-08-21 00:05:02
21998,11:55 AM,11:44 AM,-11,Flight match,2026-08-21 00:05:02
35977,1:18 PM,1:15 PM,-3,Flight match,2026-08-21 00:05:02
35866,2:00 PM,1:57 PM,-3,Flight match,2026-08-21 00:05:02
35858,2:20 PM,1:58 PM,-22,Flight match,2026-08-21 00:05:02
32312,3:03 PM,3:00 PM,-3,Flight match,2026-08-21 00:05:02
31977,3:32 PM,3:10 PM,-22,Flight match,2026-08-21 00:05:02
31856,3:40 PM,3:32 PM,-8,Flight match,2026-08-21 00:05:02
25073,6:20 PM,6:04 PM,-16,Flight match,2026-08-21 00:05:02
33282,7:15 PM,6:55 PM,-20,Flight match,2026-08-21 00:05:02
34667,7:45 PM,7:22 PM,-23,Flight match,2026-08-21 00:05:02
36111,8:15 PM,7:22 PM,-53,Flight match,2026-08-21 00:05:02
30460,11:47 PM,11:49 PM,2,Flight match,2026-08-21 00:05:03
31848,10:30 AM,10:10 AM,-20,Flight match,2026-08-21 00:05:46
34357,11:00 AM,10:59 AM,-1,Flight match,2026-08-21 00:05:46
34361,11:09 AM,11:01 AM,-8,Flight match,2026-08-21 00:05:47
33768,11:09 AM,11:01 AM,-8,Flight match,2026-08-21 00:05:47
31803,11:15 AM,10:45 AM,-30,Flight match,2026-08-21 00:05:47
34841,12:00 PM,11:35 AM,-25,Flight match,2026-08-21 00:05:47
33501,12:00 PM,11:01 AM,-59,Flight match,2026-08-21 00:05:47
33066,12:00 PM,11:00 AM,-60,Flight match,2026-08-21 00:05:47
29454,12:05 PM,12:00 PM,-5,Flight match,2026-08-21 00:05:47
30516,12:30 PM,12:08 PM,-22,Flight match,2026-08-21 00:05:47
22578,12:33 PM,12:34 PM,1,Flight match,2026-08-21 00:05:47
17353,12:45 PM,12:16 PM,-29,Flight match,2026-08-21 00:05:47
35214,1:00 PM,12:58 PM,-2,Flight match,2026-08-21 00:05:47
30088,2:00 PM,1:25 PM,-35,Flight match,2026-08-21 00:05:48
29498,2:15 PM,2:00 PM,-15,Flight match,2026-08-21 00:05:48
34593,2:30 PM,2:00 PM,-30,Flight match,2026-08-21 00:05:48
27994,2:45 PM,2:15 PM,-30,Flight match,2026-08-21 00:05:48
34208,2:50 PM,2:40 PM,-10,Flight match,2026-08-21 00:05:48
21631,3:30 PM,3:03 PM,-27,Flight match,2026-08-21 00:05:48
36045,3:40 PM,3:42 PM,2,Flight match,2026-08-21 00:05:48
32709,4:35 PM,4:34 PM,-1,Flight match,2026-08-21 00:05:48
29210,5:15 PM,5:12 PM,-3,Flight match,2026-08-21 00:05:48
33422,5:30 PM,4:46 PM,-44,Flight match,2026-08-21 00:05:48
35018,7:00 PM,6:51 PM,-9,Flight match,2026-08-21 00:05:48
32954,8:00 PM,7:59 PM,-1,Flight match,2026-08-21 00:05:49
30118,8:45 PM,8:22 PM,-23,Flight match,2026-08-21 00:05:49
28961,10:34 AM,10:37 AM,3,Flight match,2026-08-21 02:42:27
35858,1:58 PM,2:20 PM,22,Flight match,2026-08-21 02:42:27
31977,3:10 PM,3:32 PM,22,Flight match,2026-08-21 02:42:27
36111,7:22 PM,7:45 PM,23,Flight match,2026-08-21 02:42:27
34667,7:22 PM,7:45 PM,23,Flight match,2026-08-21 02:42:27
30460,11:49 PM,11:47 PM,-2,Flight match,2026-08-21 02:42:27
34643,8:15 AM,8:05 AM,-10,Flight match,2026-08-21 06:08:40
33225,9:00 AM,8:49 AM,-11,Flight match,2026-08-21 06:08:40
24543,9:00 AM,8:49 AM,-11,Flight match,2026-08-21 06:08:40
35984,9:24 AM,11:12 AM,108,Flight match,2026-08-21 06:08:40
35977,1:15 PM,1:42 PM,27,Flight match,2026-08-21 06:08:40
36148,9:30 PM,9:18 PM,-12,Flight match,2026-08-21 06:08:40
34643,8:05 AM,8:06 AM,1,Flight match,2026-08-21 09:54:54
33225,8:49 AM,8:51 AM,2,Flight match,2026-08-21 09:54:54
24543,8:49 AM,8:51 AM,2,Flight match,2026-08-21 09:54:54
33752,9:19 AM,9:26 AM,7,Flight match,2026-08-21 09:54:54
15348,9:22 AM,9:24 AM,2,Flight match,2026-08-21 09:54:55
26840,9:22 AM,9:24 AM,2,Flight match,2026-08-21 09:54:55
35662,9:22 AM,9:15 AM,-7,Flight match,2026-08-21 09:54:55
25951,9:32 AM,9:18 AM,-14,Flight match,2026-08-21 09:54:55
31241,9:32 AM,9:56 AM,24,Flight match,2026-08-21 09:54:55
33915,9:35 AM,9:27 AM,-8,Flight match,2026-08-21 09:54:55
33017,9:35 AM,9:27 AM,-8,Flight match,2026-08-21 09:54:55
13445,9:35 AM,9:27 AM,-8,Flight match,2026-08-21 09:54:55
29047,9:39 AM,9:38 AM,-1,Flight match,2026-08-21 09:54:55
33118,10:10 AM,10:05 AM,-5,Flight match,2026-08-21 09:54:55
34391,10:21 AM,10:34 AM,13,Flight match,2026-08-21 09:54:55
28961,10:37 AM,10:45 AM,8,Flight match,2026-08-21 09:54:55
29757,11:03 AM,11:05 AM,2,Flight match,2026-08-21 09:54:55
34864,11:09 AM,10:59 AM,-10,Flight match,2026-08-21 09:54:56
30329,11:22 AM,11:10 AM,-12,Flight match,2026-08-21 09:54:56
35033,11:22 AM,11:10 AM,-12,Flight match,2026-08-21 09:54:56
21998,11:44 AM,11:55 AM,11,Flight match,2026-08-21 09:54:56
35313,12:58 PM,1:00 PM,2,Flight match,2026-08-21 09:54:56
31977,3:32 PM,3:33 PM,1,Flight match,2026-08-21 09:54:56
31856,3:32 PM,3:40 PM,8,Flight match,2026-08-21 09:54:56
25073,6:04 PM,6:20 PM,16,Flight match,2026-08-21 09:54:56
33276,6:07 PM,6:10 PM,3,Flight match,2026-08-21 09:54:56
33282,6:55 PM,7:15 PM,20,Flight match,2026-08-21 09:54:56
36148,9:18 PM,9:38 PM,20,Flight match,2026-08-21 09:54:56
30460,11:47 PM,11:49 PM,2,Flight match,2026-08-21 09:54:56
33225,8:51 AM,8:53 AM,2,Flight match,2026-08-21 10:27:49
24543,8:51 AM,8:53 AM,2,Flight match,2026-08-21 10:27:49
35662,9:15 AM,9:18 AM,3,Flight match,2026-08-21 10:27:49
33915,9:27 AM,9:25 AM,-2,Flight match,2026-08-21 10:27:49
33017,9:27 AM,9:25 AM,-2,Flight match,2026-08-21 10:27:49
13445,9:27 AM,9:25 AM,-2,Flight match,2026-08-21 10:27:49
29047,9:38 AM,9:29 AM,-9,Flight match,2026-08-21 10:27:49
31241,9:56 AM,9:41 AM,-15,Flight match,2026-08-21 10:27:49
33118,10:05 AM,10:00 AM,-5,Flight match,2026-08-21 10:27:49
34864,10:59 AM,10:50 AM,-9,Flight match,2026-08-21 10:27:49
34643,8:06 AM,7:58 AM,-8,Flight match,2026-08-21 11:10:52
35662,9:18 AM,9:17 AM,-1,Flight match,2026-08-21 11:10:52
25951,9:18 AM,9:26 AM,8,Flight match,2026-08-21 11:10:53
15348,9:24 AM,9:34 AM,10,Flight match,2026-08-21 11:10:53
26840,9:24 AM,9:34 AM,10,Flight match,2026-08-21 11:10:53
33752,9:26 AM,9:19 AM,-7,Flight match,2026-08-21 11:10:53
29047,9:29 AM,9:26 AM,-3,Flight match,2026-08-21 11:10:53
31241,9:41 AM,9:16 AM,-25,Flight match,2026-08-21 11:10:53
33118,10:00 AM,10:08 AM,8,Flight match,2026-08-21 11:10:53
29415,10:17 AM,10:13 AM,-4,Flight match,2026-08-21 11:10:53
33550,10:34 AM,10:26 AM,-8,Flight match,2026-08-21 11:10:53
35644,10:34 AM,10:26 AM,-8,Flight match,2026-08-21 11:10:53
34864,10:50 AM,10:43 AM,-7,Flight match,2026-08-21 11:10:53
29757,11:05 AM,11:06 AM,1,Flight match,2026-08-21 11:10:53
30329,11:10 AM,11:03 AM,-7,Flight match,2026-08-21 11:10:53
35033,11:10 AM,11:03 AM,-7,Flight match,2026-08-21 11:10:53
35984,11:12 AM,10:56 AM,-16,Flight match,2026-08-21 11:10:53
21998,11:55 AM,12:23 PM,28,Flight match,2026-08-21 11:10:53
33255,12:59 PM,1:03 PM,4,Flight match,2026-08-21 11:10:54
31241,9:16 AM,9:04 AM,-12,Flight match,2026-08-21 11:24:12
35662,9:17 AM,9:15 AM,-2,Flight match,2026-08-21 11:24:12
33915,9:25 AM,9:49 AM,24,Flight match,2026-08-21 11:24:13
33017,9:25 AM,9:49 AM,24,Flight match,2026-08-21 11:24:13
13445,9:25 AM,9:49 AM,24,Flight match,2026-08-21 11:24:13
29047,9:26 AM,9:31 AM,5,Flight match,2026-08-21 11:24:13
35929,10:03 AM,10:01 AM,-2,Flight match,2026-08-21 11:24:13
33118,10:08 AM,10:16 AM,8,Flight match,2026-08-21 11:24:13
29415,10:13 AM,10:23 AM,10,Flight match,2026-08-21 11:24:13
33550,10:26 AM,10:33 AM,7,Flight match,2026-08-21 11:24:13
35644,10:26 AM,10:33 AM,7,Flight match,2026-08-21 11:24:13
34864,10:43 AM,10:43 AM,0,Flight match,2026-08-21 11:24:13
30329,11:03 AM,11:11 AM,8,Flight match,2026-08-21 11:24:13
35033,11:03 AM,11:11 AM,8,Flight match,2026-08-21 11:24:13
35662,9:15 AM,9:14 AM,-1,Flight match,2026-08-21 11:45:39
33752,9:19 AM,9:23 AM,4,Flight match,2026-08-21 11:45:39
15348,9:34 AM,9:33 AM,-1,Flight match,2026-08-21 11:45:39
26840,9:34 AM,9:33 AM,-1,Flight match,2026-08-21 11:45:39
33915,9:49 AM,9:55 AM,6,Flight match,2026-08-21 11:45:39
33017,9:49 AM,9:55 AM,6,Flight match,2026-08-21 11:45:39
13445,9:49 AM,9:55 AM,6,Flight match,2026-08-21 11:45:39
35929,10:01 AM,9:51 AM,-10,Flight match,2026-08-21 11:45:40
33118,10:16 AM,10:13 AM,-3,Flight match,2026-08-21 11:45:40
29415,10:23 AM,10:13 AM,-10,Flight match,2026-08-21 11:45:40
34391,10:34 AM,10:14 AM,-20,Flight match,2026-08-21 11:45:40
21998,12:23 PM,12:34 PM,11,Flight match,2026-08-21 11:45:40
33255,1:03 PM,12:55 PM,-8,Flight match,2026-08-21 11:45:40
33276,6:10 PM,6:07 PM,-3,Flight match,2026-08-21 11:45:40
34643,7:58 AM,7:56 AM,-2,Flight match,2026-08-21 13:04:20
33225,8:53 AM,8:51 AM,-2,Flight match,2026-08-21 13:04:20
24543,8:53 AM,8:51 AM,-2,Flight match,2026-08-21 13:04:20
31241,9:04 AM,9:05 AM,1,Flight match,2026-08-21 13:04:20
35662,9:14 AM,9:12 AM,-2,Flight match,2026-08-21 13:04:21
33752,9:23 AM,9:20 AM,-3,Flight match,2026-08-21 13:04:21
35929,9:51 AM,9:53 AM,2,Flight match,2026-08-21 13:04:21
33915,9:55 AM,9:53 AM,-2,Flight match,2026-08-21 13:04:21
33017,9:55 AM,9:53 AM,-2,Flight match,2026-08-21 13:04:21
13445,9:55 AM,9:53 AM,-2,Flight match,2026-08-21 13:04:21
33118,10:13 AM,10:08 AM,-5,Flight match,2026-08-21 13:04:21
29415,10:13 AM,10:25 AM,12,Flight match,2026-08-21 13:04:21
34391,10:14 AM,10:28 AM,14,Flight match,2026-08-21 13:04:21
33550,10:33 AM,10:21 AM,-12,Flight match,2026-08-21 13:04:21
35644,10:33 AM,10:21 AM,-12,Flight match,2026-08-21 13:04:21
34864,10:43 AM,11:10 AM,27,Flight match,2026-08-21 13:04:22
28961,10:45 AM,10:16 AM,-29,Flight match,2026-08-21 13:04:22
35984,10:56 AM,11:15 AM,19,Flight match,2026-08-21 13:04:22
29757,11:06 AM,11:00 AM,-6,Flight match,2026-08-21 13:04:22
30329,11:11 AM,11:10 AM,-1,Flight match,2026-08-21 13:04:23
35033,11:11 AM,11:10 AM,-1,Flight match,2026-08-21 13:04:23
21998,12:34 PM,12:33 PM,-1,Flight match,2026-08-21 13:04:23
33255,12:55 PM,1:08 PM,13,Flight match,2026-08-21 13:04:23
35313,1:00 PM,12:58 PM,-2,Flight match,2026-08-21 13:04:23
35858,2:20 PM,1:58 PM,-22,Flight match,2026-08-21 13:04:23
34487,2:25 PM,2:26 PM,1,Flight match,2026-08-21 13:04:23
31977,3:33 PM,3:32 PM,-1,Flight match,2026-08-21 13:04:23
12224,3:50 PM,3:40 PM,-10,Flight match,2026-08-21 13:04:23
31241,9:05 AM,9:16 AM,11,Flight match,2026-08-21 13:33:17
33752,9:20 AM,9:22 AM,2,Flight match,2026-08-21 13:33:17
33118,10:08 AM,10:05 AM,-3,Flight match,2026-08-21 13:33:17
29415,10:25 AM,10:21 AM,-4,Flight match,2026-08-21 13:33:18
29757,11:00 AM,11:06 AM,6,Flight match,2026-08-21 13:33:18
34864,11:10 AM,11:01 AM,-9,Flight match,2026-08-21 13:33:18
35984,11:15 AM,11:20 AM,5,Flight match,2026-08-21 13:33:18
21998,12:33 PM,12:35 PM,2,Flight match,2026-08-21 13:33:19
35313,12:58 PM,12:56 PM,-2,Flight match,2026-08-21 13:33:19
30808,11:45 AM,11:09 AM,-36,Flight match,2026-08-21 13:57:06
35662,9:12 AM,9:20 AM,8,Flight match,2026-08-21 13:57:08
25951,9:26 AM,9:23 AM,-3,Flight match,2026-08-21 13:57:08
29047,9:31 AM,9:30 AM,-1,Flight match,2026-08-21 13:57:08
15348,9:33 AM,9:37 AM,4,Flight match,2026-08-21 13:57:09
26840,9:33 AM,9:37 AM,4,Flight match,2026-08-21 13:57:09
33915,9:53 AM,9:45 AM,-8,Flight match,2026-08-21 13:57:09
33017,9:53 AM,9:45 AM,-8,Flight match,2026-08-21 13:57:09
35929,9:53 AM,9:48 AM,-5,Flight match,2026-08-21 13:57:09
13445,9:53 AM,9:45 AM,-8,Flight match,2026-08-21 13:57:09
28961,10:16 AM,10:11 AM,-5,Flight match,2026-08-21 13:57:09
29415,10:21 AM,10:25 AM,4,Flight match,2026-08-21 13:57:09
34391,10:28 AM,10:24 AM,-4,Flight match,2026-08-21 13:57:09
29757,11:06 AM,11:04 AM,-2,Flight match,2026-08-21 13:57:09
21998,12:35 PM,12:38 PM,3,Flight match,2026-08-21 13:57:09
35313,12:56 PM,12:46 PM,-10,Flight match,2026-08-21 13:57:09
35977,1:42 PM,1:27 PM,-15,Flight match,2026-08-21 13:57:09
25177,2:00 PM,1:15 PM,-45,Flight match,2026-08-21 13:57:10
29874,11:45 AM,11:10 AM,-35,Flight match,2026-08-21 13:57:14
33189,11:00 AM,10:20 AM,-40,Flight match,2026-08-21 13:57:18
35996,2:20 PM,1:45 PM,-35,Flight match,2026-08-21 13:57:22
28534,10:10 AM,9:10 AM,-60,Flight match,2026-08-21 13:57:32
31241,9:16 AM,9:10 AM,-6,Flight match,2026-08-21 14:16:14
35929,9:48 AM,9:47 AM,-1,Flight match,2026-08-21 14:16:14
28961,10:11 AM,10:22 AM,11,Flight match,2026-08-21 14:16:14
33550,10:21 AM,10:18 AM,-3,Flight match,2026-08-21 14:16:14
35644,10:21 AM,10:18 AM,-3,Flight match,2026-08-21 14:16:14
34391,10:24 AM,10:38 AM,14,Flight match,2026-08-21 14:16:14
29757,11:04 AM,11:02 AM,-2,Flight match,2026-08-21 14:16:14
33255,1:08 PM,1:24 PM,16,Flight match,2026-08-21 14:16:14
35977,1:27 PM,1:28 PM,1,Flight match,2026-08-21 14:16:15
35866,1:57 PM,1:49 PM,-8,Flight match,2026-08-21 14:16:15
35276,7:08 PM,6:54 PM,-14,Flight match,2026-08-21 14:16:15
25132,8:45 AM,8:36 AM,-9,Flight match,2026-08-21 14:37:10
30431,8:45 AM,8:36 AM,-9,Flight match,2026-08-21 14:37:10
35927,8:51 AM,8:31 AM,-20,Flight match,2026-08-21 14:37:10
30938,9:38 AM,9:35 AM,-3,Flight match,2026-08-21 14:37:10
30419,9:40 AM,9:28 AM,-12,Flight match,2026-08-21 14:37:10
20054,9:45 AM,9:32 AM,-13,Flight match,2026-08-21 14:37:10
31848,10:10 AM,9:56 AM,-14,Flight match,2026-08-21 14:37:10
27530,10:15 AM,10:01 AM,-14,Flight match,2026-08-21 14:37:10
31617,10:20 AM,10:17 AM,-3,Flight match,2026-08-21 14:37:11
34112,10:20 AM,10:11 AM,-9,Flight match,2026-08-21 14:37:11
29196,10:20 AM,10:17 AM,-3,Flight match,2026-08-21 14:37:11
31803,10:45 AM,10:22 AM,-23,Flight match,2026-08-21 14:37:11
34357,10:59 AM,10:49 AM,-10,Flight match,2026-08-21 14:37:11
33066,11:00 AM,10:44 AM,-16,Flight match,2026-08-21 14:37:11
33768,11:01 AM,11:03 AM,2,Flight match,2026-08-21 14:37:11
34361,11:01 AM,11:03 AM,2,Flight match,2026-08-21 14:37:11
33501,11:01 AM,11:03 AM,2,Flight match,2026-08-21 14:37:11
32463,11:22 AM,11:11 AM,-11,Flight match,2026-08-21 14:37:12
29869,11:27 AM,11:30 AM,3,Flight match,2026-08-21 14:37:12
34841,11:35 AM,11:29 AM,-6,Flight match,2026-08-21 14:37:12
35451,11:36 AM,11:33 AM,-3,Flight match,2026-08-21 14:37:12
24093,11:36 AM,11:33 AM,-3,Flight match,2026-08-21 14:37:12
24089,11:36 AM,11:33 AM,-3,Flight match,2026-08-21 14:37:12
15346,12:00 PM,11:56 AM,-4,Flight match,2026-08-21 14:37:12
29454,12:00 PM,11:38 AM,-22,Flight match,2026-08-21 14:37:12
30516,12:08 PM,12:11 PM,3,Flight match,2026-08-21 14:37:12
34455,12:16 PM,12:13 PM,-3,Flight match,2026-08-21 14:37:12
17353,12:16 PM,12:13 PM,-3,Flight match,2026-08-21 14:37:12
26003,12:34 PM,12:25 PM,-9,Flight match,2026-08-21 14:37:12
22578,12:34 PM,12:25 PM,-9,Flight match,2026-08-21 14:37:12
24687,12:35 PM,12:19 PM,-16,Flight match,2026-08-21 14:37:13
36137,12:35 PM,12:30 PM,-5,Flight match,2026-08-21 14:37:13
35214,12:58 PM,12:38 PM,-20,Flight match,2026-08-21 14:37:13
36045,3:42 PM,3:24 PM,-18,Flight match,2026-08-21 14:37:13
21301,10:40 AM,10:43 AM,3,Flight match,2026-08-21 14:42:44
25141,1:18 PM,12:56 PM,-22,Flight match,2026-08-21 14:42:44
36045,3:24 PM,3:26 PM,2,Flight match,2026-08-21 14:42:44
33550,10:18 AM,10:13 AM,-5,Flight match,2026-08-21 14:53:22
35644,10:18 AM,10:13 AM,-5,Flight match,2026-08-21 14:53:22
28961,10:22 AM,10:17 AM,-5,Flight match,2026-08-21 14:53:22
29415,10:25 AM,10:19 AM,-6,Flight match,2026-08-21 14:53:22
34391,10:38 AM,10:22 AM,-16,Flight match,2026-08-21 14:53:22
21998,12:38 PM,12:25 PM,-13,Flight match,2026-08-21 14:53:22
35866,1:49 PM,1:50 PM,1,Flight match,2026-08-21 14:53:22
35858,1:58 PM,1:57 PM,-1,Flight match,2026-08-21 14:53:22
31977,3:32 PM,3:29 PM,-3,Flight match,2026-08-21 14:53:22
34864,11:01 AM,11:02 AM,1,Flight match,2026-08-21 15:18:31
29757,11:02 AM,11:14 AM,12,Flight match,2026-08-21 15:18:32
30329,11:10 AM,11:07 AM,-3,Flight match,2026-08-21 15:18:32
35033,11:10 AM,11:07 AM,-3,Flight match,2026-08-21 15:18:32
33255,1:24 PM,1:06 PM,-18,Flight match,2026-08-21 15:18:32
35977,1:28 PM,1:49 PM,21,Flight match,2026-08-21 15:18:32
34487,2:26 PM,2:24 PM,-2,Flight match,2026-08-21 15:18:32
32312,3:00 PM,2:44 PM,-16,Flight match,2026-08-21 15:18:32
31856,3:40 PM,3:34 PM,-6,Flight match,2026-08-21 15:18:32
12224,3:40 PM,3:33 PM,-7,Flight match,2026-08-21 15:18:32
36111,7:45 PM,7:22 PM,-23,Flight match,2026-08-21 15:18:32
34667,7:45 PM,7:22 PM,-23,Flight match,2026-08-21 15:18:32
30460,11:49 PM,11:47 PM,-2,Flight match,2026-08-21 15:18:32
36183,11:54 PM,11:55 PM,1,Flight match,2026-08-21 15:18:33
35866,1:50 PM,2:04 PM,14,Flight match,2026-08-21 15:19:16
29757,11:14 AM,11:20 AM,6,Flight match,2026-08-21 15:24:20
35984,11:20 AM,11:19 AM,-1,Flight match,2026-08-21 15:24:20
21998,12:25 PM,12:28 PM,3,Flight match,2026-08-21 15:24:20
35858,1:57 PM,1:57 PM,0,Flight match,2026-08-21 15:24:20
35866,2:04 PM,2:01 PM,-3,Flight match,2026-08-21 15:24:20
32312,2:44 PM,2:45 PM,1,Flight match,2026-08-21 15:24:20
12224,3:33 PM,3:40 PM,7,Flight match,2026-08-21 15:24:20
29757,11:20 AM,11:28 AM,8,Flight match,2026-08-21 15:34:37
34487,2:24 PM,1:58 PM,-26,Flight match,2026-08-21 15:34:37
30707,5:52 PM,5:53 PM,1,Flight match,2026-08-21 15:34:37
36148,9:38 PM,9:37 PM,-1,Flight match,2026-08-21 15:34:37
21998,12:28 PM,12:21 PM,-7,Flight match,2026-08-21 16:47:29
35977,1:49 PM,2:01 PM,12,Flight match,2026-08-21 16:47:29
35858,1:57 PM,2:17 PM,20,Flight match,2026-08-21 16:47:29
34487,1:58 PM,2:17 PM,19,Flight match,2026-08-21 16:47:29
35866,2:01 PM,2:03 PM,2,Flight match,2026-08-21 16:47:29
32312,2:45 PM,2:43 PM,-2,Flight match,2026-08-21 16:47:29
36194,2:45 PM,2:15 PM,-30,Flight match,2026-08-21 16:47:29
36195,3:28 PM,3:29 PM,1,Flight match,2026-08-21 16:47:29
12224,3:40 PM,3:38 PM,-2,Flight match,2026-08-21 16:47:29
33276,6:07 PM,6:05 PM,-2,Flight match,2026-08-21 16:47:29
35276,6:54 PM,6:55 PM,1,Flight match,2026-08-21 16:47:29
36148,9:37 PM,9:38 PM,1,Flight match,2026-08-21 16:47:29
35960,9:00 PM,8:43 PM,-17,Guest flight verification auto-adjust,2026-08-21 16:47:58
33255,1:06 PM,1:01 PM,-5,Flight match,2026-08-21 16:58:05
35866,2:03 PM,2:02 PM,-1,Flight match,2026-08-21 16:58:05
36194,2:15 PM,2:13 PM,-2,Flight match,2026-08-21 16:58:05
35276,6:55 PM,6:57 PM,2,Flight match,2026-08-21 16:58:05
35313,12:46 PM,12:44 PM,-2,Flight match,2026-08-21 17:16:02
35866,2:02 PM,1:58 PM,-4,Flight match,2026-08-21 17:16:02
36194,2:13 PM,2:15 PM,2,Flight match,2026-08-21 17:16:02
32312,2:43 PM,2:41 PM,-2,Flight match,2026-08-21 17:16:03
36195,3:29 PM,3:16 PM,-13,Flight match,2026-08-21 17:16:03
31977,3:29 PM,3:20 PM,-9,Flight match,2026-08-21 17:16:03
31856,3:34 PM,3:50 PM,16,Flight match,2026-08-21 17:16:03
12224,3:38 PM,3:31 PM,-7,Flight match,2026-08-21 17:16:03
25073,6:20 PM,6:22 PM,2,Flight match,2026-08-21 17:16:03
36111,7:22 PM,7:25 PM,3,Flight match,2026-08-21 17:16:03
34667,7:22 PM,7:25 PM,3,Flight match,2026-08-21 17:16:03
36148,9:38 PM,9:37 PM,-1,Flight match,2026-08-21 17:16:03
35866,1:58 PM,2:02 PM,4,Flight match,2026-08-21 17:24:53
35977,2:01 PM,1:58 PM,-3,Flight match,2026-08-21 17:24:53
31977,3:20 PM,3:19 PM,-1,Flight match,2026-08-21 17:24:53
31856,3:50 PM,3:48 PM,-2,Flight match,2026-08-21 17:24:53
35977,1:58 PM,2:01 PM,3,Flight match,2026-08-21 17:41:59
31977,3:19 PM,3:24 PM,5,Flight match,2026-08-21 17:41:59
31856,3:48 PM,3:44 PM,-4,Flight match,2026-08-21 17:41:59
35977,2:01 PM,1:59 PM,-2,Flight match,2026-08-21 18:24:26
35866,2:02 PM,1:55 PM,-7,Flight match,2026-08-21 18:24:26
36195,3:16 PM,3:19 PM,3,Flight match,2026-08-21 18:24:26
31977,3:24 PM,3:23 PM,-1,Flight match,2026-08-21 18:24:26
30707,5:53 PM,5:47 PM,-6,Flight match,2026-08-21 18:24:26
36194,2:15 PM,2:25 PM,10,Flight match,2026-08-21 19:47:30
34487,2:17 PM,2:18 PM,1,Flight match,2026-08-21 19:47:30
35858,2:17 PM,2:18 PM,1,Flight match,2026-08-21 19:47:30
32312,2:41 PM,2:39 PM,-2,Flight match,2026-08-21 19:47:30
36195,3:19 PM,3:18 PM,-1,Flight match,2026-08-21 19:47:30
31977,3:23 PM,3:19 PM,-4,Flight match,2026-08-21 19:47:30
12224,3:31 PM,3:30 PM,-1,Flight match,2026-08-21 19:47:31
30707,5:47 PM,5:54 PM,7,Flight match,2026-08-21 19:47:31
33276,6:05 PM,6:10 PM,5,Flight match,2026-08-21 19:47:31
25073,6:22 PM,6:34 PM,12,Flight match,2026-08-21 19:47:31
35276,6:57 PM,6:53 PM,-4,Flight match,2026-08-21 19:47:31
34667,7:25 PM,7:41 PM,16,Flight match,2026-08-21 19:47:31
36111,7:25 PM,7:41 PM,16,Flight match,2026-08-21 19:47:31
35960,8:43 PM,8:40 PM,-3,Flight match,2026-08-21 19:47:31
12224,3:30 PM,3:29 PM,-1,Flight match,2026-08-21 20:16:47
33276,6:10 PM,5:59 PM,-11,Flight match,2026-08-21 20:16:47
35276,6:53 PM,6:52 PM,-1,Flight match,2026-08-21 20:16:47
33282,7:15 PM,7:07 PM,-8,Flight match,2026-08-21 20:16:47
34667,7:41 PM,7:43 PM,2,Flight match,2026-08-21 20:16:47
36111,7:41 PM,7:43 PM,2,Flight match,2026-08-21 20:16:47
