leg_id,pickup_date,risk_band,evaluated_at_utc,minutes_past_deadline_at_arrival
989,2026-07-21,at_risk,2026-07-21 14:26:46,-2.97
3924,2026-06-15,on_time,2026-06-15 11:46:46,-4.66
3924,2026-06-15,watch,2026-06-15 12:23:07,-4.66
3925,2026-06-20,late,2026-06-20 12:47:10,18.0
4766,2026-07-18,at_risk,2026-07-19 00:35:10,-2.56
4767,2026-07-23,on_time,2026-07-23 13:16:25,-42.53
5864,2026-07-06,on_time,2026-07-06 11:37:37,-22.05
6396,2026-06-13,late,2026-06-13 17:06:37,20.6
6423,2026-06-08,on_time,2026-06-08 12:44:43,-44.63
6515,2026-06-13,late,2026-06-13 17:36:54,37.76
6687,2026-07-02,watch,2026-07-02 07:47:40,-11.26
6688,2026-07-03,watch,2026-07-03 10:42:01,-17.74
6751,2026-07-27,late,2026-07-27 20:21:36,4.9
6967,2026-06-14,at_risk,2026-06-14 18:29:13,-2.71
7122,2026-06-22,late,2026-06-22 17:58:43,14.91
7123,2026-06-28,on_time,2026-06-28 22:46:41,-11.77
7354,2026-06-09,late,2026-06-09 19:37:42,16.87
7394,2026-08-16,on_time,2026-08-16 16:39:01,-18.27
7995,2026-07-08,unknown,2026-07-08 15:23:52,41.46
7996,2026-07-12,late,2026-07-12 21:01:51,4.44
8520,2026-08-21,on_time,2026-08-21 13:41:37,-17.12
8694,2026-07-18,watch,2026-07-18 09:08:01,-6.62
8705,2026-07-25,watch,2026-07-25 12:13:23,-14.12
8776,2026-06-10,watch,2026-06-10 08:24:16,-8.31
8885,2026-07-07,late,2026-07-07 18:26:54,3.68
8965,2026-07-08,on_time,2026-07-08 12:25:31,-32.14
9030,2026-06-14,late,2026-06-14 17:25:42,10.92
9136,2026-06-12,late,2026-06-12 19:55:33,21.59
9137,2026-06-14,on_time,2026-06-14 09:39:35,-17.92
9143,2026-08-02,on_time,2026-08-02 12:27:11,-31.13
9149,2026-07-07,late,2026-07-07 17:08:23,25.97
9388,2026-06-11,late,2026-06-11 17:24:12,26.14
9389,2026-06-20,late,2026-06-20 13:05:17,5.76
9549,2026-07-03,late,2026-07-03 14:49:51,5.4
9613,2026-06-24,late,2026-06-24 17:58:19,5.81
9620,2026-07-15,watch,2026-07-15 17:19:53,-22.75
9627,2026-06-29,watch,2026-06-29 16:19:14,-9.24
9884,2026-07-08,late,2026-07-09 00:18:30,7.41
9885,2026-07-14,watch,2026-07-14 16:45:09,-13.49
9912,2026-06-10,late,2026-06-10 12:04:58,7.9
10316,2026-06-16,watch,2026-06-16 14:45:42,-11.96
10330,2026-06-12,late,2026-06-12 12:45:10,2.64
10383,2026-06-20,watch,2026-06-20 08:48:44,-23.33
10531,2026-07-07,unknown,2026-07-07 14:13:10,29.63
10532,2026-07-10,watch,2026-07-10 20:57:06,-2.59
10695,2026-07-12,on_time,2026-07-12 13:10:31,-46.95
10800,2026-08-18,at_risk,2026-08-18 15:17:19,1.51
10800,2026-08-18,late,2026-08-18 15:23:21,3.51
10811,2026-08-01,on_time,2026-08-01 16:47:35,-27.14
10879,2026-06-08,unknown,2026-06-08 23:25:17,33.97
11122,2026-08-14,watch,2026-08-14 19:59:14,254.18
11195,2026-06-09,late,2026-06-09 15:57:16,7.01
11196,2026-06-16,watch,2026-06-16 19:14:00,-4.28
11244,2026-06-18,late,2026-06-18 15:40:33,5.19
11370,2026-07-16,on_time,2026-07-16 11:09:30,-19.12
11528,2026-06-20,at_risk,2026-06-20 21:59:45,0.63
11555,2026-06-16,late,2026-06-16 13:15:10,3.55
11660,2026-07-05,late,2026-07-05 14:37:25,14.27
11663,2026-06-27,at_risk,2026-06-27 12:43:43,-4.62
11688,2026-06-14,at_risk,2026-06-14 13:11:26,-1.51
11689,2026-06-19,watch,2026-06-19 20:27:27,-15.44
11695,2026-06-18,late,2026-06-18 13:33:44,2.78
11696,2026-06-25,unknown,2026-06-25 19:00:04,-57.85
11696,2026-06-25,on_time,2026-06-25 19:30:14,-57.85
11710,2026-06-13,at_risk,2026-06-13 09:59:57,1.44
11728,2026-07-29,watch,2026-07-29 20:56:02,-2.67
11814,2026-07-11,on_time,2026-07-11 12:13:40,-16.0
11956,2026-06-14,watch,2026-06-14 12:56:19,-3.37
11986,2026-07-08,watch,2026-07-08 13:47:10,-11.84
12023,2026-07-03,watch,2026-07-03 14:55:54,-1.2
12109,2026-07-24,late,2026-07-25 01:36:39,10.66
12163,2026-08-03,at_risk,2026-08-03 12:25:50,-1.19
12224,2026-08-21,unknown,2026-08-21 19:46:22,29.54
12224,2026-08-21,unknown,2026-08-21 20:07:34,31.54
12354,2026-06-20,late,2026-06-20 11:55:51,13.52
12355,2026-06-27,watch,2026-06-27 10:06:44,-7.75
12402,2026-07-04,at_risk,2026-07-04 11:56:15,-3.37
12647,2026-08-18,unknown,2026-08-19 01:59:05,-4.61
12674,2026-06-13,late,2026-06-13 11:45:49,1.65
12744,2026-06-20,watch,2026-06-20 17:19:07,-9.82
12747,2026-06-13,unknown,2026-06-14 00:43:05,15.86
12748,2026-06-20,watch,2026-06-20 09:33:59,-25.08
12823,2026-06-15,late,2026-06-15 12:44:19,9.0
12834,2026-07-25,watch,2026-07-25 11:23:18,-5.9
12971,2026-06-12,on_time,2026-06-12 17:57:30,-45.67
13002,2026-06-10,on_time,2026-06-10 13:51:04,-53.54
13029,2026-07-22,late,2026-07-22 16:42:16,6.97
13045,2026-06-19,watch,2026-06-19 09:49:51,-14.84
13080,2026-07-08,at_risk,2026-07-08 12:55:45,-3.5
13161,2026-06-08,unknown,2026-06-08 16:10:20,18.91
13162,2026-06-12,watch,2026-06-12 18:52:00,-22.52
13206,2026-06-11,watch,2026-06-11 08:08:13,-5.49
13251,2026-06-16,on_time,2026-06-16 14:39:40,-18.33
13255,2026-06-12,at_risk,2026-06-12 16:56:48,-3.33
13304,2026-06-27,watch,2026-06-27 08:30:14,-14.54
13308,2026-06-20,late,2026-06-20 15:42:22,44.44
13423,2026-07-16,watch,2026-07-16 19:33:34,-26.34
13514,2026-06-13,late,2026-06-13 18:01:06,1.7
13572,2026-07-27,watch,2026-07-27 10:59:13,-14.05
13586,2026-08-17,late,2026-08-17 11:06:15,8.47
13683,2026-08-21,watch,2026-08-21 17:45:42,-12.76
13731,2026-06-27,late,2026-06-27 15:57:03,9.68
13919,2026-07-22,at_risk,2026-07-22 08:58:02,0.76
13948,2026-06-11,late,2026-06-11 21:00:01,34.9
13957,2026-06-20,late,2026-06-20 14:32:55,39.25
13980,2026-06-23,watch,2026-06-23 13:55:25,-3.97
14002,2026-06-13,on_time,2026-06-13 17:21:46,-41.13
14002,2026-06-13,at_risk,2026-06-13 18:16:14,-11.13
14014,2026-06-13,late,2026-06-13 14:17:11,3.93
14036,2026-07-03,late,2026-07-03 13:49:26,19.16
14085,2026-06-17,watch,2026-06-17 13:23:02,-5.95
14092,2026-06-29,watch,2026-06-29 17:19:44,-24.0
14156,2026-06-13,watch,2026-06-13 13:10:36,-19.28
14188,2026-06-10,on_time,2026-06-10 17:16:58,-29.58
14440,2026-06-13,watch,2026-06-13 12:00:56,-13.04
14473,2026-07-05,on_time,2026-07-05 13:24:53,-32.75
14552,2026-06-10,on_time,2026-06-10 14:09:14,-3.85
14552,2026-06-10,watch,2026-06-10 14:24:22,-3.85
14590,2026-07-19,on_time,2026-07-19 12:43:55,-14.25
14666,2026-06-14,late,2026-06-14 13:44:43,45.44
14692,2026-06-18,late,2026-06-18 20:56:14,4.18
14723,2026-06-24,watch,2026-06-24 12:43:42,-14.7
14765,2026-06-20,on_time,2026-06-20 16:08:14,-38.68
14840,2026-06-08,watch,2026-06-08 08:19:14,-10.25
14859,2026-07-05,late,2026-07-05 20:03:38,8.55
14860,2026-07-11,late,2026-07-11 12:01:35,4.01
14954,2026-08-07,on_time,2026-08-07 09:17:06,-81.5
14954,2026-08-07,on_time,2026-08-07 10:05:28,-81.5
14964,2026-07-12,on_time,2026-07-12 16:32:58,10.61
14964,2026-07-12,on_time,2026-07-12 16:39:01,10.61
14964,2026-07-12,late,2026-07-12 17:30:26,8.61
14964,2026-07-12,late,2026-07-12 17:36:29,8.61
14965,2026-07-20,on_time,2026-07-20 15:07:13,-50.32
14989,2026-07-12,late,2026-07-12 16:36:00,8.46
15180,2026-08-16,at_risk,2026-08-16 22:35:21,-3.23
15203,2026-06-28,late,2026-06-28 13:03:49,3.99
15225,2026-06-27,on_time,2026-06-27 11:28:12,-59.35
15229,2026-06-20,at_risk,2026-06-20 13:59:40,-0.15
15300,2026-07-19,watch,2026-07-19 12:10:44,-3.05
15312,2026-08-08,late,2026-08-08 11:54:28,10.88
15327,2026-06-13,late,2026-06-13 23:18:38,44.46
15332,2026-06-13,on_time,2026-06-13 10:42:17,-15.07
15525,2026-08-07,on_time,2026-08-07 12:41:07,-16.05
15553,2026-08-07,watch,2026-08-07 13:37:29,-3.65
15636,2026-06-25,on_time,2026-06-25 18:29:54,-54.18
15648,2026-06-13,late,2026-06-13 22:24:17,10.84
15650,2026-06-24,late,2026-06-24 18:04:21,47.26
15706,2026-07-11,watch,2026-07-11 13:44:21,-14.24
15719,2026-06-26,late,2026-06-26 12:41:41,11.75
15726,2026-07-12,watch,2026-07-12 17:21:22,-9.13
15810,2026-06-29,watch,2026-06-29 10:55:52,-2.13
15820,2026-06-28,late,2026-06-28 19:03:21,5.96
15844,2026-06-27,watch,2026-06-27 11:31:14,-12.84
15865,2026-06-10,on_time,2026-06-10 11:46:47,-6.09
15865,2026-06-10,on_time,2026-06-10 11:58:54,-6.09
15865,2026-06-10,on_time,2026-06-10 12:01:56,-6.09
15865,2026-06-10,watch,2026-06-10 12:38:19,-6.09
15879,2026-07-26,late,2026-07-26 21:20:44,32.67
15889,2026-07-07,late,2026-07-07 19:36:16,8.89
15902,2026-08-08,on_time,2026-08-08 13:05:35,-21.64
15933,2026-08-07,on_time,2026-08-07 12:10:49,-18.91
15947,2026-06-30,late,2026-06-30 13:07:11,7.6
15963,2026-06-19,late,2026-06-19 19:29:58,26.14
15965,2026-06-28,on_time,2026-06-28 12:09:26,-48.65
15977,2026-06-12,late,2026-06-12 14:34:16,5.01
16074,2026-06-08,late,2026-06-08 16:16:24,8.05
16075,2026-06-19,watch,2026-06-19 08:31:33,-10.6
16134,2026-07-31,on_time,2026-07-31 14:04:44,-24.11
16148,2026-07-06,on_time,2026-07-06 21:35:42,-16.67
16189,2026-07-08,late,2026-07-08 16:54:33,35.1
16190,2026-07-13,watch,2026-07-13 17:50:32,-7.01
16199,2026-06-23,on_time,2026-06-23 12:27:52,-15.64
16259,2026-08-04,late,2026-08-04 19:52:36,3.41
16260,2026-08-09,watch,2026-08-09 12:46:33,-11.86
16289,2026-07-01,late,2026-07-01 19:25:02,37.32
16291,2026-07-07,on_time,2026-07-07 14:28:16,23.55
16291,2026-07-07,unknown,2026-07-07 17:11:24,18.55
16292,2026-07-11,late,2026-07-11 17:03:58,5.73
16302,2026-07-25,late,2026-07-25 13:25:52,9.15
16349,2026-06-10,watch,2026-06-10 21:52:13,-6.74
16380,2026-06-22,at_risk,2026-06-22 17:37:33,-7.19
16385,2026-08-15,on_time,2026-08-15 12:31:18,-26.66
16393,2026-07-26,on_time,2026-07-26 14:58:48,-28.2
16394,2026-08-02,late,2026-08-02 12:58:00,15.04
16403,2026-06-22,at_risk,2026-06-22 14:35:37,25.47
16404,2026-06-26,watch,2026-06-26 10:19:47,-8.91
16507,2026-06-23,late,2026-06-23 16:59:34,33.24
16508,2026-06-27,watch,2026-06-27 21:08:08,-19.81
16523,2026-06-12,watch,2026-06-12 16:32:32,-25.61
16527,2026-06-19,watch,2026-06-19 18:38:37,-6.3
16578,2026-07-04,watch,2026-07-04 13:54:01,-5.02
16608,2026-06-14,at_risk,2026-06-14 17:07:33,1.29
16614,2026-07-11,on_time,2026-07-11 12:43:54,-15.26
16629,2026-06-17,on_time,2026-06-17 14:17:22,-41.13
16647,2026-06-12,watch,2026-06-12 12:48:12,-8.96
16660,2026-07-12,on_time,2026-07-12 17:27:24,-74.68
16663,2026-06-29,late,2026-06-29 11:29:05,29.66
16698,2026-06-19,late,2026-06-19 23:31:30,2.41
16741,2026-07-17,late,2026-07-17 15:03:10,5.59
16742,2026-07-25,on_time,2026-07-25 12:37:32,-20.82
16924,2026-07-20,late,2026-07-20 16:04:33,13.43
16925,2026-07-26,watch,2026-07-26 11:52:20,-5.69
16935,2026-07-14,unknown,2026-07-14 17:03:17,28.62
16936,2026-07-21,watch,2026-07-21 12:20:38,-7.81
16956,2026-07-15,late,2026-07-15 20:39:05,12.8
16957,2026-07-19,late,2026-07-19 14:20:51,22.08
16965,2026-06-28,on_time,2026-06-28 22:07:29,-21.26
17002,2026-07-18,watch,2026-07-18 10:08:25,-19.98
17055,2026-07-23,watch,2026-07-23 19:27:42,-2.28
17065,2026-06-17,late,2026-06-17 20:55:53,41.07
17066,2026-06-26,late,2026-06-26 17:10:38,42.87
17067,2026-06-28,at_risk,2026-06-28 17:56:56,-4.87
17068,2026-07-03,watch,2026-07-03 13:16:10,-12.11
17104,2026-06-28,late,2026-06-28 15:40:59,32.18
17105,2026-07-05,watch,2026-07-05 12:12:22,-1.98
17106,2026-06-11,late,2026-06-11 15:11:56,4.32
17107,2026-06-16,on_time,2026-06-16 09:47:05,-11.54
17132,2026-06-09,late,2026-06-09 20:41:06,12.55
17133,2026-06-18,at_risk,2026-06-18 11:54:08,-5.34
17144,2026-06-10,at_risk,2026-06-10 14:42:29,2.34
17183,2026-08-10,watch,2026-08-10 18:39:48,-6.53
17184,2026-08-16,on_time,2026-08-16 12:39:28,-17.95
17199,2026-06-10,at_risk,2026-06-10 16:43:40,-0.3
17200,2026-06-15,on_time,2026-06-15 07:51:20,-20.77
17202,2026-06-19,on_time,2026-06-19 20:24:26,-23.93
17202,2026-06-19,on_time,2026-06-19 21:03:41,-53.93
17225,2026-08-17,late,2026-08-18 00:01:04,5.51
17228,2026-06-08,watch,2026-06-08 16:43:36,-14.38
17238,2026-06-21,watch,2026-06-21 11:57:13,-2.72
17309,2026-06-22,watch,2026-06-22 14:59:52,0.55
17324,2026-06-24,late,2026-06-24 15:11:31,1.67
17325,2026-06-29,late,2026-06-29 15:03:37,5.81
17360,2026-07-09,unknown,2026-07-09 18:02:58,-2.05
17394,2026-06-22,watch,2026-06-22 19:32:36,-9.41
17411,2026-07-11,watch,2026-07-11 18:07:27,-2.84
17411,2026-07-11,watch,2026-07-11 18:10:29,-2.84
17411,2026-07-11,watch,2026-07-11 18:13:30,-2.84
17411,2026-07-11,watch,2026-07-11 18:43:44,-2.84
17411,2026-07-11,watch,2026-07-11 18:55:51,-2.84
17415,2026-06-10,watch,2026-06-10 08:36:20,-6.45
17443,2026-07-21,watch,2026-07-21 10:41:05,-17.54
17447,2026-07-14,late,2026-07-14 14:05:04,14.69
17448,2026-07-21,watch,2026-07-21 12:56:51,-2.17
17473,2026-08-10,late,2026-08-10 13:26:00,1.48
17482,2026-06-20,watch,2026-06-20 13:02:17,-12.02
17490,2026-06-22,at_risk,2026-06-22 12:46:42,-4.99
17491,2026-06-24,late,2026-06-24 12:46:43,5.36
17494,2026-06-29,watch,2026-06-29 09:01:23,-26.84
17508,2026-07-28,late,2026-07-28 16:06:26,8.83
17509,2026-08-01,late,2026-08-01 15:00:08,31.98
17559,2026-07-26,on_time,2026-07-26 11:04:06,53.46
17559,2026-07-26,on_time,2026-07-26 11:07:07,-6.54
17559,2026-07-26,watch,2026-07-26 12:51:50,-6.54
17585,2026-07-26,watch,2026-07-26 12:45:47,-11.29
17589,2026-06-25,on_time,2026-06-25 12:38:52,-18.69
17593,2026-06-10,on_time,2026-06-10 10:19:12,-55.64
17595,2026-06-20,on_time,2026-06-20 21:08:27,-51.16
17620,2026-07-30,on_time,2026-07-30 11:28:10,-52.75
17640,2026-07-06,unknown,2026-07-06 13:08:17,33.46
17641,2026-07-13,watch,2026-07-13 12:36:12,-22.81
17644,2026-06-15,late,2026-06-15 18:23:42,10.39
17647,2026-06-18,watch,2026-06-18 16:53:07,-5.66
17651,2026-06-18,late,2026-06-18 18:19:01,40.69
17652,2026-06-24,watch,2026-06-24 12:07:30,-22.01
17662,2026-08-01,watch,2026-08-02 02:24:43,-9.75
17663,2026-08-07,watch,2026-08-07 11:49:36,-8.11
17701,2026-06-20,late,2026-06-20 22:32:54,24.63
17702,2026-06-25,on_time,2026-06-25 12:14:45,-13.57
17714,2026-06-26,late,2026-06-26 17:37:50,38.7
17721,2026-06-17,on_time,2026-06-17 18:13:01,-14.96
17732,2026-07-07,late,2026-07-07 16:59:19,30.44
17733,2026-07-07,on_time,2026-07-07 11:27:06,-30.83
17747,2026-06-13,late,2026-06-13 16:51:30,2.65
17765,2026-06-21,at_risk,2026-06-21 11:27:03,-0.11
17790,2026-07-15,late,2026-07-15 18:29:21,35.83
17804,2026-06-29,late,2026-06-29 14:09:12,8.46
17805,2026-07-03,watch,2026-07-03 11:21:18,-6.98
17938,2026-07-05,late,2026-07-05 10:41:48,8.91
17939,2026-07-12,watch,2026-07-12 08:20:38,-7.16
17940,2026-06-11,on_time,2026-06-11 09:45:33,1.17
17940,2026-06-11,at_risk,2026-06-11 11:09:57,3.17
17940,2026-06-11,late,2026-06-11 11:15:58,3.17
17941,2026-06-17,at_risk,2026-06-17 11:25:18,-3.34
17943,2026-06-22,late,2026-06-22 21:21:18,7.16
17985,2026-07-20,late,2026-07-20 10:01:04,2.78
18028,2026-07-02,late,2026-07-02 22:27:34,23.48
18068,2026-06-18,late,2026-06-18 21:41:29,8.45
18070,2026-06-28,watch,2026-06-28 12:51:43,-5.89
18072,2026-06-24,on_time,2026-06-24 15:11:31,-16.01
18075,2026-06-20,late,2026-06-20 11:22:37,23.88
18076,2026-07-10,late,2026-07-10 13:36:14,11.3
18077,2026-07-15,watch,2026-07-15 09:40:56,-18.46
18087,2026-06-10,on_time,2026-06-10 10:40:20,-17.48
18089,2026-06-14,on_time,2026-06-14 11:04:18,-54.86
18120,2026-07-07,late,2026-07-07 12:42:32,12.87
18128,2026-07-03,watch,2026-07-03 19:55:13,-4.32
18153,2026-06-09,late,2026-06-09 18:01:06,2.28
18179,2026-06-19,on_time,2026-06-19 09:40:49,-47.45
18180,2026-06-24,late,2026-06-24 18:22:27,11.62
18196,2026-06-11,on_time,2026-06-11 12:13:20,-13.99
18218,2026-06-09,watch,2026-06-09 15:30:05,-12.24
18231,2026-07-04,on_time,2026-07-04 12:05:18,-81.81
18240,2026-06-10,late,2026-06-10 18:35:35,25.16
18245,2026-06-23,watch,2026-06-23 11:57:41,-1.72
18248,2026-06-27,on_time,2026-06-27 19:37:35,67.19
18248,2026-06-27,on_time,2026-06-27 21:20:12,62.19
18248,2026-06-27,late,2026-06-27 23:14:47,29.19
18249,2026-06-29,on_time,2026-06-29 10:28:45,-28.3
18256,2026-06-20,on_time,2026-06-20 10:10:10,-39.45
18276,2026-06-24,unknown,2026-06-24 16:15:36,19.23
18277,2026-06-30,watch,2026-06-30 10:36:27,-23.1
18278,2026-06-18,on_time,2026-06-18 16:10:45,-13.52
18279,2026-06-21,watch,2026-06-21 07:16:49,-12.28
18318,2026-06-26,watch,2026-06-26 13:51:12,-6.77
18321,2026-06-21,late,2026-06-21 23:16:28,4.61
18336,2026-06-16,watch,2026-06-16 12:11:50,-16.18
18404,2026-07-31,late,2026-07-31 15:35:16,26.3
18405,2026-08-07,on_time,2026-08-07 15:08:11,-20.02
18417,2026-06-09,on_time,2026-06-09 12:16:43,-20.48
18417,2026-06-09,on_time,2026-06-09 12:37:52,-20.48
18428,2026-06-17,late,2026-06-17 14:44:34,19.83
18428,2026-06-17,late,2026-06-17 14:59:38,19.83
18429,2026-06-23,late,2026-06-23 16:29:24,16.41
18432,2026-07-04,on_time,2026-07-04 10:28:48,-30.13
18443,2026-06-12,watch,2026-06-12 21:23:15,-5.7
18449,2026-06-12,watch,2026-06-12 14:37:18,-5.25
18458,2026-07-18,watch,2026-07-18 16:02:23,-11.52
18459,2026-07-26,watch,2026-07-26 11:16:10,-10.9
18475,2026-06-10,on_time,2026-06-10 13:17:44,-9.58
18485,2026-06-29,watch,2026-06-29 12:11:20,-18.14
18489,2026-06-12,at_risk,2026-06-12 19:58:35,1.05
18530,2026-07-01,watch,2026-07-01 21:13:36,-17.81
18532,2026-06-14,late,2026-06-14 19:26:43,30.67
18533,2026-06-21,watch,2026-06-21 14:31:12,-25.85
18555,2026-07-10,watch,2026-07-10 10:50:05,-9.57
18557,2026-06-29,watch,2026-06-29 11:26:03,-1.94
18566,2026-07-03,watch,2026-07-03 13:07:07,-22.38
18598,2026-06-28,watch,2026-06-28 11:45:15,-18.48
18610,2026-06-10,at_risk,2026-06-10 12:23:10,-35.13
18677,2026-06-23,late,2026-06-23 23:58:49,29.46
18678,2026-06-30,late,2026-06-30 15:01:57,3.61
18720,2026-06-27,late,2026-06-27 19:04:24,10.6
18726,2026-08-08,watch,2026-08-08 14:51:32,-5.55
18733,2026-06-30,at_risk,2026-06-30 16:50:42,-0.27
18734,2026-07-07,on_time,2026-07-07 17:35:33,-23.73
18774,2026-06-15,watch,2026-06-15 17:05:00,-7.66
18775,2026-06-19,watch,2026-06-19 15:19:09,-19.38
18786,2026-08-15,at_risk,2026-08-15 14:46:30,-1.74
18791,2026-06-08,watch,2026-06-08 21:09:30,-19.33
18801,2026-06-12,watch,2026-06-12 21:26:17,-3.08
18851,2026-06-18,watch,2026-06-18 11:29:59,-12.63
18857,2026-06-13,watch,2026-06-13 09:47:51,-16.3
18865,2026-06-12,watch,2026-06-12 19:37:23,-28.53
18874,2026-06-30,watch,2026-06-30 09:57:15,-2.19
18890,2026-08-01,watch,2026-08-01 15:03:09,-11.12
18908,2026-08-18,on_time,2026-08-18 19:38:19,-13.28
18908,2026-08-18,on_time,2026-08-18 20:17:36,-2.98
18908,2026-08-18,on_time,2026-08-18 20:56:56,-2.59
18908,2026-08-18,watch,2026-08-18 21:24:07,-9.86
18954,2026-07-05,on_time,2026-07-05 07:04:40,-24.16
18955,2026-06-27,late,2026-06-27 21:17:12,4.02
18959,2026-06-29,unknown,2026-06-29 18:59:30,33.01
18982,2026-08-16,on_time,2026-08-16 15:44:28,69.58
18982,2026-08-16,on_time,2026-08-16 17:19:16,13.58
18982,2026-08-16,on_time,2026-08-16 17:34:25,2.58
18982,2026-08-16,late,2026-08-16 20:20:53,7.58
18987,2026-06-22,late,2026-06-22 20:51:10,6.28
18988,2026-06-28,on_time,2026-06-28 12:48:41,-38.98
18995,2026-06-14,on_time,2026-06-14 15:57:54,-46.93
19030,2026-06-20,late,2026-06-20 12:01:53,34.48
19036,2026-08-01,late,2026-08-01 15:00:08,0.55
19073,2026-06-11,watch,2026-06-11 18:44:04,-14.56
19074,2026-06-20,unknown,2026-06-20 22:44:57,37.08
19107,2026-06-14,watch,2026-06-14 07:47:54,-9.31
19116,2026-08-02,late,2026-08-02 15:12:14,14.1
19129,2026-07-10,late,2026-07-10 17:40:59,17.74
19130,2026-07-16,on_time,2026-07-16 20:36:53,-22.2
19131,2026-06-22,late,2026-06-22 19:02:19,11.14
19132,2026-06-27,late,2026-06-27 12:22:34,38.92
19133,2026-06-17,unknown,2026-06-17 20:40:47,37.35
19182,2026-06-30,watch,2026-06-30 10:24:23,-13.78
19207,2026-06-15,late,2026-06-15 16:34:42,12.67
19231,2026-06-10,watch,2026-06-10 12:32:15,-25.13
19233,2026-06-26,watch,2026-06-26 07:30:56,-26.51
19288,2026-07-08,late,2026-07-08 14:11:21,5.93
19289,2026-07-14,watch,2026-07-14 13:52:59,-4.5
19326,2026-08-05,on_time,2026-08-05 15:14:28,-14.46
19331,2026-06-20,late,2026-06-20 15:48:25,34.62
19340,2026-07-20,on_time,2026-07-20 08:42:44,-29.85
19341,2026-08-17,unknown,2026-08-17 18:30:14,23.99
19347,2026-06-23,late,2026-06-23 20:54:57,19.98
19358,2026-06-18,unknown,2026-06-18 13:42:48,9.78
19369,2026-07-19,late,2026-07-19 17:03:23,6.54
19393,2026-08-07,at_risk,2026-08-07 14:13:50,-14.5
19405,2026-06-12,watch,2026-06-12 16:02:13,-23.52
19406,2026-06-22,watch,2026-06-22 08:54:32,-4.6
19408,2026-07-03,at_risk,2026-07-03 11:57:33,-1.86
19410,2026-07-14,on_time,2026-07-14 12:04:17,-23.49
19429,2026-06-29,late,2026-06-29 12:05:18,6.77
19439,2026-07-03,watch,2026-07-03 12:24:47,-10.06
19441,2026-06-27,late,2026-06-27 11:55:24,26.02
19449,2026-06-20,watch,2026-06-20 15:54:28,-3.34
19464,2026-07-26,late,2026-07-26 15:56:36,6.75
19465,2026-08-01,on_time,2026-08-01 18:26:29,-15.81
19479,2026-07-16,watch,2026-07-16 11:18:33,-8.84
19489,2026-06-08,late,2026-06-08 20:45:20,1.38
19511,2026-06-10,on_time,2026-06-10 14:12:16,-16.15
19574,2026-06-16,unknown,2026-06-17 02:05:16,24.55
19593,2026-06-20,late,2026-06-20 23:18:07,34.6
19595,2026-06-11,late,2026-06-11 15:57:19,7.73
19621,2026-06-25,watch,2026-06-25 11:38:35,-21.48
19622,2026-07-06,watch,2026-07-06 19:13:55,-13.41
19640,2026-07-01,late,2026-07-02 01:38:33,28.52
19641,2026-07-06,on_time,2026-07-06 17:13:06,-29.62
19646,2026-07-11,watch,2026-07-11 07:51:11,-26.43
19654,2026-06-28,late,2026-06-28 15:19:50,20.91
19665,2026-06-27,on_time,2026-06-27 13:35:05,-22.73
19666,2026-06-23,watch,2026-06-23 13:28:14,-0.21
19668,2026-06-13,late,2026-06-13 15:29:47,11.87
19697,2026-07-11,on_time,2026-07-11 10:58:09,-31.55
19705,2026-07-29,watch,2026-07-29 18:23:25,-6.4
19711,2026-07-18,watch,2026-07-18 11:17:53,-11.74
19716,2026-06-12,unknown,2026-06-12 16:02:13,34.51
19725,2026-06-10,late,2026-06-10 19:33:05,21.28
19727,2026-08-07,on_time,2026-08-07 13:29:38,-79.3
19753,2026-07-30,late,2026-07-30 23:50:29,6.44
19768,2026-08-03,on_time,2026-08-03 13:15:14,-12.34
19776,2026-07-06,watch,2026-07-06 13:29:28,-9.95
19777,2026-07-14,late,2026-07-14 22:35:20,6.41
19778,2026-08-15,watch,2026-08-15 14:52:34,-5.59
19798,2026-06-24,late,2026-06-24 11:01:09,3.15
19799,2026-06-28,late,2026-06-28 08:17:12,3.63
19808,2026-06-30,at_risk,2026-06-30 17:57:08,-2.71
19831,2026-08-07,unknown,2026-08-07 16:16:20,18.96
19832,2026-08-12,on_time,2026-08-12 12:48:28,-28.62
19836,2026-06-12,watch,2026-06-12 13:24:34,-3.93
19838,2026-06-27,late,2026-06-27 14:20:25,14.25
19839,2026-07-03,watch,2026-07-03 19:15:58,-12.7
19853,2026-06-27,at_risk,2026-06-27 19:58:43,1.31
19862,2026-06-19,watch,2026-06-19 13:30:18,-14.43
19863,2026-07-07,at_risk,2026-07-07 20:51:42,-9.27
19866,2026-06-13,watch,2026-06-13 21:23:46,-20.52
19868,2026-06-11,late,2026-06-11 19:29:23,10.8
19869,2026-06-14,late,2026-06-14 15:21:36,9.62
19869,2026-06-14,late,2026-06-14 15:24:37,9.62
19871,2026-07-05,late,2026-07-05 16:38:20,23.58
19872,2026-07-11,watch,2026-07-11 18:19:33,-8.52
19891,2026-06-15,on_time,2026-06-15 22:46:55,-19.25
19892,2026-06-20,late,2026-06-20 10:01:08,1.86
19913,2026-06-09,on_time,2026-06-09 14:59:53,-14.41
19914,2026-06-15,unknown,2026-06-15 17:29:12,28.06
19917,2026-06-15,on_time,2026-06-15 18:38:51,-62.02
19918,2026-06-21,watch,2026-06-21 13:30:49,-21.9
19940,2026-06-08,watch,2026-06-08 12:47:45,-7.52
19942,2026-06-12,late,2026-06-12 14:37:18,8.93
19946,2026-07-30,watch,2026-07-30 15:29:22,-12.64
19952,2026-07-07,late,2026-07-07 16:01:52,3.87
19954,2026-06-11,watch,2026-06-11 15:17:59,-11.45
19965,2026-07-24,watch,2026-07-24 12:07:03,-22.88
19966,2026-06-08,watch,2026-06-08 11:56:21,-1.61
19967,2026-06-08,on_time,2026-06-08 21:45:46,-12.39
19972,2026-06-14,watch,2026-06-14 09:57:45,-17.01
19974,2026-06-08,late,2026-06-08 15:24:59,18.45
19991,2026-08-16,on_time,2026-08-16 21:33:26,-24.96
20001,2026-07-11,late,2026-07-11 13:11:05,18.73
20006,2026-06-14,on_time,2026-06-14 20:45:18,-12.48
20024,2026-06-13,unknown,2026-06-13 16:33:21,22.5
20034,2026-06-23,late,2026-06-23 11:51:39,7.76
20040,2026-06-11,on_time,2026-06-11 16:57:00,-65.8
20105,2026-06-28,watch,2026-06-29 00:50:19,-11.9
20112,2026-06-27,watch,2026-06-27 12:22:34,-4.65
20125,2026-06-22,on_time,2026-06-22 13:53:11,-34.07
20132,2026-06-22,late,2026-06-22 14:41:40,2.88
20141,2026-06-29,watch,2026-06-29 12:50:36,-6.38
20146,2026-06-21,watch,2026-06-21 09:14:22,-9.98
20162,2026-06-13,on_time,2026-06-13 22:39:23,-32.7
20172,2026-07-05,late,2026-07-05 12:42:35,16.73
20173,2026-07-13,on_time,2026-07-13 11:14:36,-13.94
20176,2026-06-27,late,2026-06-27 14:02:17,9.29
20186,2026-06-16,watch,2026-06-16 19:42:52,-1.14
20188,2026-07-11,on_time,2026-07-11 14:05:30,-39.11
20208,2026-07-05,late,2026-07-05 17:44:48,15.9
20209,2026-07-08,watch,2026-07-08 17:12:42,-16.9
20227,2026-07-09,late,2026-07-09 20:52:14,15.5
20228,2026-07-15,late,2026-07-15 17:44:03,15.26
20239,2026-06-19,late,2026-06-20 03:05:22,39.59
20244,2026-06-09,unknown,2026-06-09 16:12:22,30.8
20245,2026-06-18,late,2026-06-18 19:46:45,18.11
20266,2026-07-11,late,2026-07-11 18:10:29,4.75
20275,2026-06-24,watch,2026-06-24 07:48:27,-25.06
20282,2026-07-10,watch,2026-07-10 12:47:52,-9.91
20283,2026-07-05,late,2026-07-05 19:21:23,12.36
20284,2026-07-09,late,2026-07-09 20:55:15,15.32
20300,2026-06-10,on_time,2026-06-10 14:03:11,-26.76
20313,2026-06-26,late,2026-06-27 01:58:42,6.73
20316,2026-07-01,late,2026-07-01 13:04:59,25.58
20336,2026-06-10,at_risk,2026-06-10 22:52:07,33.29
20336,2026-06-10,late,2026-06-10 23:25:16,32.97
20339,2026-06-19,watch,2026-06-19 17:29:07,-3.88
20347,2026-08-14,late,2026-08-14 13:36:32,22.9
20373,2026-08-08,on_time,2026-08-08 11:24:12,-14.66
20378,2026-06-21,on_time,2026-06-21 10:38:50,-19.97
20379,2026-06-26,on_time,2026-06-26 11:14:04,-30.58
20392,2026-08-17,watch,2026-08-17 15:08:34,-21.32
20394,2026-07-26,watch,2026-07-26 12:51:50,-6.31
20398,2026-07-17,watch,2026-07-17 08:51:39,-5.37
20400,2026-07-30,on_time,2026-07-30 13:57:03,-61.81
20402,2026-06-13,watch,2026-06-13 14:56:30,-1.5
20403,2026-07-01,watch,2026-07-01 19:25:02,-2.49
20407,2026-08-08,on_time,2026-08-08 16:47:03,-19.67
20419,2026-06-14,late,2026-06-14 15:06:28,9.79
20423,2026-06-14,at_risk,2026-06-14 10:58:16,-0.07
20431,2026-07-13,late,2026-07-13 20:15:30,19.41
20433,2026-07-24,watch,2026-07-24 14:11:59,-2.4
20440,2026-07-20,late,2026-07-20 14:33:15,6.0
20441,2026-07-24,on_time,2026-07-24 12:25:41,-33.77
20447,2026-06-20,watch,2026-06-20 12:13:57,-15.73
20459,2026-07-05,watch,2026-07-05 08:53:13,-5.68
20462,2026-07-18,on_time,2026-07-18 10:59:46,-88.71
20470,2026-06-11,late,2026-06-11 12:40:31,21.67
20471,2026-06-13,watch,2026-06-13 20:38:25,-20.76
20487,2026-06-14,late,2026-06-14 22:21:53,39.24
20512,2026-06-12,watch,2026-06-12 07:46:04,-12.77
20517,2026-06-23,on_time,2026-06-23 13:07:06,-81.87
20531,2026-06-30,late,2026-06-30 13:55:28,42.91
20532,2026-07-03,late,2026-07-03 15:44:18,15.37
20539,2026-08-15,on_time,2026-08-15 16:05:13,-24.71
20557,2026-06-14,watch,2026-06-14 12:53:17,-4.09
20568,2026-08-04,watch,2026-08-04 16:19:45,-3.7
20578,2026-08-05,on_time,2026-08-05 22:16:49,-63.27
20579,2026-08-10,at_risk,2026-08-10 17:57:24,0.23
20589,2026-06-18,on_time,2026-06-18 11:57:09,-16.69
20603,2026-06-18,late,2026-06-19 02:33:43,36.52
20614,2026-06-29,on_time,2026-06-29 14:27:21,-17.4
20615,2026-07-03,watch,2026-07-03 17:09:00,-20.11
20624,2026-06-18,late,2026-06-19 02:12:39,3.13
20625,2026-06-21,watch,2026-06-21 17:47:29,-11.95
20626,2026-06-14,on_time,2026-06-14 12:35:06,-69.48
20646,2026-07-13,unknown,2026-07-13 14:15:57,25.16
20647,2026-07-17,late,2026-07-17 14:02:28,4.0
20648,2026-08-03,late,2026-08-03 21:20:29,6.8
20651,2026-08-14,on_time,2026-08-14 13:06:16,-36.06
20657,2026-06-10,late,2026-06-10 17:35:07,18.7
20668,2026-06-27,late,2026-06-27 09:48:37,21.02
20669,2026-06-14,watch,2026-06-14 12:19:58,-8.73
20671,2026-06-23,unknown,2026-06-23 14:55:46,36.74
20678,2026-06-21,on_time,2026-06-21 20:45:25,56.66
20702,2026-08-01,late,2026-08-02 03:49:02,36.59
20719,2026-06-08,at_risk,2026-06-08 15:34:03,0.8
20722,2026-06-15,watch,2026-06-15 14:12:12,-16.42
20733,2026-06-08,watch,2026-06-08 12:47:45,-11.09
20740,2026-07-07,watch,2026-07-07 16:38:11,-4.47
20746,2026-07-03,late,2026-07-03 15:01:56,4.17
20765,2026-07-19,late,2026-07-19 12:25:49,26.3
20775,2026-06-12,unknown,2026-06-13 00:55:15,36.39
20776,2026-06-22,late,2026-06-22 18:44:11,14.42
20788,2026-08-16,on_time,2026-08-16 20:02:07,-12.17
20793,2026-06-17,unknown,2026-06-17 14:35:29,1.33
20803,2026-06-11,late,2026-06-11 12:58:41,4.29
20804,2026-06-16,watch,2026-06-16 10:26:16,-11.48
20810,2026-07-10,late,2026-07-10 18:02:07,32.59
20811,2026-07-12,on_time,2026-07-12 10:06:11,-51.82
20857,2026-06-23,watch,2026-06-23 07:23:22,-5.9
20867,2026-07-06,watch,2026-07-06 14:11:47,-16.65
20878,2026-07-11,late,2026-07-11 15:39:18,16.47
20879,2026-07-15,on_time,2026-07-15 15:09:55,-49.86
20887,2026-06-20,late,2026-06-20 10:43:21,13.45
20901,2026-06-21,late,2026-06-21 14:16:06,19.04
20907,2026-07-14,late,2026-07-14 10:30:51,5.73
20916,2026-08-02,watch,2026-08-02 20:21:02,-6.62
20917,2026-06-29,at_risk,2026-06-29 18:47:23,0.45
20918,2026-07-03,at_risk,2026-07-03 18:57:50,-2.12
20950,2026-06-16,watch,2026-06-16 11:32:37,-5.33
20951,2026-07-10,unknown,2026-07-11 03:10:56,26.54
20957,2026-08-08,watch,2026-08-08 15:34:59,-9.01
20964,2026-08-18,on_time,2026-08-18 20:08:31,-15.01
20967,2026-06-27,watch,2026-06-27 09:45:36,-14.32
20973,2026-06-20,watch,2026-06-20 19:53:03,-18.96
20978,2026-07-28,late,2026-07-28 14:33:41,3.84
20997,2026-06-15,watch,2026-06-15 11:52:49,-12.75
20998,2026-06-20,late,2026-06-20 22:02:45,19.7
20999,2026-06-19,late,2026-06-19 13:00:04,19.0
21000,2026-06-24,watch,2026-06-24 12:58:47,-15.7
21003,2026-06-19,late,2026-06-19 14:18:39,23.92
21024,2026-06-19,watch,2026-06-19 10:17:02,-10.15
21030,2026-06-27,on_time,2026-06-27 17:48:51,-9.51
21065,2026-08-15,on_time,2026-08-15 21:02:42,-24.32
21066,2026-06-25,at_risk,2026-06-25 15:55:07,-1.37
21079,2026-06-17,late,2026-06-17 16:03:09,15.41
21089,2026-08-13,at_risk,2026-08-13 14:07:24,-3.32
21091,2026-07-24,late,2026-07-25 03:16:35,9.24
21106,2026-06-22,watch,2026-06-22 16:55:06,-13.84
21107,2026-06-25,watch,2026-06-25 15:06:47,-22.84
21124,2026-08-19,late,2026-08-19 15:43:11,11.05
21131,2026-06-15,unknown,2026-06-15 14:48:38,37.48
21135,2026-07-22,watch,2026-07-22 21:01:08,-26.82
21142,2026-06-17,late,2026-06-18 00:33:08,8.6
21143,2026-06-23,late,2026-06-23 11:09:25,10.12
21150,2026-06-17,watch,2026-06-17 19:55:29,-21.62
21156,2026-06-09,late,2026-06-09 13:50:27,9.37
21157,2026-06-12,late,2026-06-12 11:05:17,6.46
21167,2026-06-25,at_risk,2026-06-25 17:28:44,-1.22
21171,2026-06-25,on_time,2026-06-25 16:46:28,-31.81
21174,2026-06-20,late,2026-06-20 20:41:19,40.71
21175,2026-06-27,watch,2026-06-27 10:30:53,-27.53
21178,2026-06-19,late,2026-06-19 16:34:44,105.06
21179,2026-06-27,late,2026-06-27 13:07:54,8.84
21199,2026-06-14,late,2026-06-14 20:51:20,34.19
21200,2026-06-19,late,2026-06-19 12:44:58,15.6
21201,2026-06-23,late,2026-06-23 17:23:44,30.63
21202,2026-06-28,watch,2026-06-28 17:41:50,-16.31
21206,2026-07-14,watch,2026-07-14 07:42:08,-16.76
21210,2026-07-05,on_time,2026-07-05 09:02:16,-29.92
21211,2026-06-23,late,2026-06-23 18:51:18,16.59
21212,2026-06-28,watch,2026-06-28 17:08:35,-3.88
21227,2026-07-17,at_risk,2026-07-17 18:28:35,0.03
21230,2026-06-13,unknown,2026-06-13 21:20:45,37.37
21241,2026-06-17,late,2026-06-17 17:30:43,31.28
21243,2026-08-21,on_time,2026-08-21 20:04:32,-24.85
21245,2026-06-26,watch,2026-06-26 12:50:44,-6.32
21246,2026-07-12,late,2026-07-13 01:24:13,23.1
21254,2026-06-26,watch,2026-06-26 08:16:10,-13.62
21278,2026-06-26,late,2026-06-26 14:00:16,30.36
21280,2026-07-18,late,2026-07-18 15:53:19,24.09
21284,2026-06-20,on_time,2026-06-20 09:15:53,-12.97
21289,2026-06-23,watch,2026-06-23 10:57:21,-14.74
21299,2026-07-29,late,2026-07-29 13:24:58,12.63
21300,2026-08-03,watch,2026-08-03 15:47:52,-10.58
21303,2026-07-26,on_time,2026-07-26 15:35:29,-21.89
21314,2026-07-20,late,2026-07-20 17:48:17,3.55
21321,2026-06-14,watch,2026-06-14 17:46:50,-11.08
21326,2026-06-24,on_time,2026-06-24 11:07:10,-20.18
21327,2026-07-05,late,2026-07-05 19:30:28,8.08
21336,2026-06-20,on_time,2026-06-20 07:27:21,-30.85
21339,2026-06-12,watch,2026-06-12 17:08:56,-5.83
21348,2026-06-15,watch,2026-06-15 09:42:56,114.46
21348,2026-06-15,on_time,2026-06-15 09:45:57,69.46
21348,2026-06-15,late,2026-06-15 10:34:15,84.46
21348,2026-06-15,late,2026-06-15 10:46:19,84.46
21348,2026-06-15,watch,2026-06-15 10:55:23,24.46
21348,2026-06-15,late,2026-06-15 11:52:49,24.46
21349,2026-06-08,unknown,2026-06-08 21:15:32,36.23
21353,2026-07-21,at_risk,2026-07-21 15:26:11,-0.4
21354,2026-07-24,watch,2026-07-24 08:48:19,-10.82
21362,2026-07-05,late,2026-07-05 15:28:49,5.68
21377,2026-06-11,on_time,2026-06-11 18:53:10,-155.9
21386,2026-07-15,on_time,2026-07-15 12:05:41,-23.93
21388,2026-06-27,on_time,2026-06-27 14:02:17,-26.1
21394,2026-08-02,on_time,2026-08-02 13:40:18,-19.44
21400,2026-08-04,on_time,2026-08-04 21:45:14,-28.43
21404,2026-06-22,watch,2026-06-22 13:10:52,-17.12
21414,2026-06-21,on_time,2026-06-21 12:24:24,-32.6
21416,2026-06-17,on_time,2026-06-17 22:35:30,-72.13
21417,2026-06-18,late,2026-06-18 18:00:53,9.98
21419,2026-06-27,late,2026-06-27 14:17:23,36.73
21430,2026-07-02,at_risk,2026-07-02 07:53:41,-2.08
21430,2026-07-02,watch,2026-07-02 07:56:42,-2.08
21433,2026-06-21,at_risk,2026-06-22 03:08:18,0.48
21448,2026-06-26,late,2026-06-26 12:17:30,4.01
21454,2026-06-16,on_time,2026-06-16 10:23:15,-34.94
21461,2026-06-15,watch,2026-06-16 01:02:23,-9.23
21462,2026-06-23,watch,2026-06-23 18:54:19,-4.79
21465,2026-06-13,late,2026-06-13 09:20:38,23.04
21472,2026-06-14,watch,2026-06-14 10:46:09,-13.19
21473,2026-06-21,watch,2026-06-21 23:13:27,-13.72
21478,2026-08-09,watch,2026-08-09 15:06:47,-6.92
21485,2026-06-25,watch,2026-06-25 10:47:21,-12.59
21499,2026-06-11,on_time,2026-06-11 11:58:14,-12.02
21500,2026-06-14,on_time,2026-06-14 14:15:00,-26.62
21500,2026-06-14,on_time,2026-06-14 14:36:12,-26.62
21500,2026-06-14,on_time,2026-06-14 15:15:33,-26.62
21510,2026-07-17,on_time,2026-07-17 17:31:10,-26.1
21517,2026-07-03,late,2026-07-03 11:51:30,9.35
21542,2026-06-24,watch,2026-06-24 11:58:26,-1.35
21552,2026-06-22,late,2026-06-22 13:10:52,12.48
21559,2026-06-13,watch,2026-06-13 08:50:25,-8.05
21567,2026-06-22,late,2026-06-22 15:45:22,18.29
21568,2026-06-26,late,2026-06-26 13:02:49,5.02
21573,2026-06-11,on_time,2026-06-11 19:17:19,-72.06
21574,2026-06-17,on_time,2026-06-17 07:45:24,-12.73
21580,2026-07-11,unknown,2026-07-11 16:09:31,32.66
21600,2026-06-22,unknown,2026-06-22 17:55:42,45.84
21601,2026-06-27,watch,2026-06-27 13:10:55,-3.89
21614,2026-07-17,late,2026-07-17 11:49:31,3.86
21615,2026-07-24,watch,2026-07-24 10:21:47,-12.94
21638,2026-06-27,on_time,2026-06-27 10:45:58,-32.19
21648,2026-07-07,late,2026-07-07 15:25:40,11.12
21652,2026-06-08,at_risk,2026-06-08 17:56:11,-2.03
21654,2026-06-27,unknown,2026-06-27 16:06:06,38.89
21655,2026-07-03,watch,2026-07-03 18:00:23,-27.58
21657,2026-06-26,watch,2026-06-26 12:05:24,-11.7
21677,2026-07-12,on_time,2026-07-12 20:07:30,-17.26
21681,2026-06-14,late,2026-06-14 22:49:04,4.79
21686,2026-07-10,late,2026-07-10 14:54:52,9.35
21698,2026-07-26,watch,2026-07-26 09:51:37,-12.77
21703,2026-06-08,late,2026-06-08 18:20:22,14.11
21709,2026-06-10,late,2026-06-10 19:33:05,10.17
21710,2026-06-15,watch,2026-06-15 09:42:56,-14.53
21720,2026-06-19,at_risk,2026-06-19 11:29:33,0.86
21723,2026-06-11,at_risk,2026-06-12 02:32:30,-0.97
21734,2026-07-16,on_time,2026-07-16 12:52:03,-20.5
21738,2026-06-20,watch,2026-06-20 13:47:35,-10.25
21759,2026-06-26,unknown,2026-06-26 16:37:24,38.61
21760,2026-07-05,late,2026-07-05 07:31:48,31.82
21761,2026-07-11,late,2026-07-11 22:45:18,24.23
21762,2026-07-17,on_time,2026-07-17 07:42:23,-15.48
21768,2026-06-20,at_risk,2026-06-20 21:29:35,2.2
21769,2026-07-02,on_time,2026-07-02 08:33:13,23.61
21771,2026-06-29,on_time,2026-06-29 07:43:01,-29.84
21775,2026-07-08,late,2026-07-08 17:09:41,18.52
21777,2026-08-15,at_risk,2026-08-15 18:09:13,-1.68
21778,2026-08-21,at_risk,2026-08-21 16:27:00,83.35
21788,2026-08-16,unknown,2026-08-16 18:52:36,41.81
21792,2026-07-30,late,2026-07-30 20:06:19,12.6
21793,2026-08-05,on_time,2026-08-05 18:12:29,-30.67
21796,2026-07-12,at_risk,2026-07-12 19:16:10,-6.47
21799,2026-08-02,on_time,2026-08-02 11:38:38,-19.67
21803,2026-07-10,on_time,2026-07-10 11:35:21,-51.71
21805,2026-07-08,at_risk,2026-07-08 21:14:40,1.95
21814,2026-08-03,watch,2026-08-03 12:22:50,-4.59
21816,2026-07-03,late,2026-07-03 11:57:33,15.58
21831,2026-07-25,at_risk,2026-07-25 13:48:01,-2.7
21840,2026-08-08,on_time,2026-08-08 17:20:21,-23.21
21841,2026-06-22,at_risk,2026-06-22 18:59:18,0.39
21842,2026-06-28,late,2026-06-28 16:59:32,31.19
21854,2026-06-29,late,2026-06-29 17:13:41,11.79
21855,2026-07-03,on_time,2026-07-03 22:01:56,-10.46
21863,2026-06-14,watch,2026-06-14 12:04:50,-23.02
21871,2026-06-29,watch,2026-06-29 12:59:41,-4.85
21898,2026-06-23,late,2026-06-23 20:39:54,14.73
21899,2026-06-30,watch,2026-06-30 09:15:04,-14.12
21900,2026-06-11,at_risk,2026-06-11 21:29:48,2.7
21908,2026-08-08,watch,2026-08-08 09:53:28,-13.55
21921,2026-06-14,watch,2026-06-14 10:52:12,-5.42
21922,2026-06-15,watch,2026-06-15 08:27:32,-1.16
21926,2026-07-06,late,2026-07-06 16:12:40,27.4
21933,2026-06-18,late,2026-06-18 15:46:36,6.02
21934,2026-06-22,late,2026-06-22 18:35:05,6.67
21941,2026-06-11,watch,2026-06-11 14:20:28,-7.66
21947,2026-06-16,on_time,2026-06-16 17:55:34,-16.46
21947,2026-06-16,on_time,2026-06-16 18:10:39,-16.46
21978,2026-06-25,watch,2026-06-25 17:37:47,-6.69
21981,2026-07-13,on_time,2026-07-13 11:44:46,-72.88
21996,2026-08-16,late,2026-08-16 16:14:44,18.53
21996,2026-08-16,late,2026-08-16 16:20:49,18.53
22000,2026-07-25,at_risk,2026-07-25 14:09:10,0.11
22011,2026-06-11,watch,2026-06-11 08:54:20,-5.21
22013,2026-06-13,late,2026-06-13 20:05:08,15.74
22016,2026-06-27,late,2026-06-27 10:33:53,5.07
22018,2026-06-10,late,2026-06-10 21:31:04,7.06
22029,2026-06-12,late,2026-06-12 11:14:21,17.19
22047,2026-06-13,unknown,2026-06-13 22:48:26,27.5
22052,2026-06-16,watch,2026-06-16 19:57:57,-15.62
22053,2026-06-22,watch,2026-06-22 15:48:24,-4.04
22073,2026-06-29,on_time,2026-06-29 12:38:31,-33.64
22075,2026-06-30,watch,2026-06-30 13:01:09,-11.0
22083,2026-06-25,on_time,2026-06-25 21:49:02,-49.18
22084,2026-07-03,watch,2026-07-03 18:45:45,-13.01
22090,2026-06-13,watch,2026-06-13 17:49:00,-10.1
22091,2026-06-16,on_time,2026-06-16 19:39:52,-29.23
22092,2026-06-26,late,2026-06-26 14:51:39,7.05
22114,2026-06-09,late,2026-06-09 13:02:03,2.45
22116,2026-07-09,watch,2026-07-09 12:15:26,-13.86
22123,2026-06-09,on_time,2026-06-09 09:42:57,-16.54
22137,2026-06-16,at_risk,2026-06-16 19:04:58,-4.55
22139,2026-06-10,late,2026-06-10 15:03:42,1.41
22140,2026-06-14,watch,2026-06-14 09:21:26,-7.59
22144,2026-06-15,at_risk,2026-06-15 17:35:15,1.62
22145,2026-06-18,watch,2026-06-18 18:16:01,-13.2
22163,2026-06-16,watch,2026-06-16 15:55:08,-16.88
22180,2026-07-18,at_risk,2026-07-18 17:14:58,-0.67
22181,2026-08-16,watch,2026-08-16 17:19:16,-5.88
22189,2026-06-26,on_time,2026-06-26 12:41:41,-32.13
22190,2026-06-29,on_time,2026-06-29 11:53:13,-35.24
22196,2026-07-05,watch,2026-07-05 17:56:52,42.6
22196,2026-07-05,late,2026-07-05 19:06:19,37.6
22201,2026-06-17,watch,2026-06-17 08:57:43,-1.29
22205,2026-06-17,unknown,2026-06-17 15:14:46,36.15
22206,2026-06-20,at_risk,2026-06-20 11:25:39,-3.79
22209,2026-06-19,late,2026-06-19 17:10:59,43.85
22217,2026-06-25,watch,2026-06-25 19:33:15,-9.94
22218,2026-07-24,late,2026-07-24 12:22:41,2.29
22223,2026-06-18,watch,2026-06-18 13:36:45,-20.89
22225,2026-07-28,on_time,2026-07-28 17:03:44,-23.76
22231,2026-06-09,late,2026-06-09 19:34:40,14.75
22232,2026-06-25,late,2026-06-25 19:57:23,17.19
22238,2026-07-06,late,2026-07-06 19:22:58,29.81
22239,2026-07-13,late,2026-07-13 20:30:36,0.86
22246,2026-06-19,late,2026-06-19 17:20:03,9.4
22247,2026-06-23,late,2026-06-23 18:15:06,5.17
22252,2026-07-03,watch,2026-07-03 14:34:44,-9.01
22253,2026-07-06,on_time,2026-07-06 12:35:02,-52.21
22259,2026-06-18,watch,2026-06-18 10:11:34,-2.29
22261,2026-07-05,late,2026-07-05 17:23:40,11.92
22262,2026-07-13,watch,2026-07-13 12:48:17,-10.7
22272,2026-06-22,watch,2026-06-22 07:54:18,-3.62
22279,2026-08-20,on_time,2026-08-20 14:41:27,-18.22
22280,2026-06-13,late,2026-06-13 22:42:24,37.39
22281,2026-06-19,watch,2026-06-19 21:18:47,-8.31
22291,2026-06-12,watch,2026-06-12 08:58:37,-14.23
22300,2026-07-29,late,2026-07-29 21:05:05,10.53
22317,2026-06-11,late,2026-06-11 17:30:16,2.77
22318,2026-08-09,unknown,2026-08-09 17:48:16,27.93
22328,2026-06-12,late,2026-06-13 00:31:07,3.59
22338,2026-06-17,late,2026-06-18 02:27:36,20.16
22339,2026-06-23,on_time,2026-06-23 16:29:24,-57.75
22340,2026-07-11,late,2026-07-11 20:59:42,22.25
22342,2026-06-29,unknown,2026-06-29 13:20:50,39.36
22344,2026-06-13,late,2026-06-13 14:35:20,11.53
22349,2026-07-15,on_time,2026-07-15 13:09:06,-19.57
22354,2026-06-17,at_risk,2026-06-17 18:49:17,-0.6
22355,2026-06-22,late,2026-06-23 03:58:36,18.14
22356,2026-06-25,watch,2026-06-25 07:25:31,-4.23
22365,2026-07-18,on_time,2026-07-18 19:58:37,-15.6
22379,2026-08-02,on_time,2026-08-02 17:21:04,-37.9
22389,2026-06-15,at_risk,2026-06-15 18:23:42,0.45
22390,2026-06-20,late,2026-06-20 16:21:46,8.22
22394,2026-06-17,watch,2026-06-17 12:31:39,-18.16
22398,2026-06-14,on_time,2026-06-14 12:16:57,-26.87
22404,2026-06-18,watch,2026-06-18 12:21:18,-6.4
22416,2026-06-10,late,2026-06-10 19:39:09,23.58
22420,2026-08-04,on_time,2026-08-04 09:39:15,-19.85
22423,2026-07-05,late,2026-07-05 12:15:24,15.47
22424,2026-07-12,unknown,2026-07-12 19:43:22,-31.0
22424,2026-07-12,on_time,2026-07-12 21:19:58,-31.0
22424,2026-07-12,on_time,2026-07-12 21:26:00,-31.0
22429,2026-06-17,on_time,2026-06-17 16:15:15,-44.99
22430,2026-06-22,late,2026-06-22 18:19:56,6.38
22434,2026-08-07,watch,2026-08-07 18:19:01,-10.31
22435,2026-06-12,at_risk,2026-06-12 15:44:03,1.2
22443,2026-06-08,unknown,2026-06-08 23:01:10,41.21
22446,2026-07-14,late,2026-07-14 21:01:51,4.17
22449,2026-07-28,on_time,2026-07-28 10:46:09,738.53
22449,2026-07-28,on_time,2026-07-28 11:31:20,738.53
22449,2026-07-28,at_risk,2026-07-29 00:25:59,-0.9
22450,2026-08-04,watch,2026-08-04 18:24:58,-2.62
22456,2026-08-06,watch,2026-08-06 19:07:07,-7.18
22458,2026-06-21,late,2026-06-21 10:50:53,22.94
22460,2026-06-21,at_risk,2026-06-21 12:27:26,-1.78
22461,2026-06-24,watch,2026-06-24 13:28:57,-29.21
22475,2026-07-19,late,2026-07-19 11:40:34,8.77
22476,2026-07-15,late,2026-07-15 20:30:02,31.04
22484,2026-06-26,on_time,2026-06-26 13:14:54,-44.8
22487,2026-06-08,late,2026-06-08 18:32:26,17.72
22488,2026-06-12,on_time,2026-06-12 11:29:28,-29.42
22497,2026-06-30,on_time,2026-06-30 16:14:29,-13.11
22511,2026-06-17,watch,2026-06-17 17:57:55,0.4
22514,2026-07-03,late,2026-07-03 21:19:43,37.39
22515,2026-07-11,watch,2026-07-11 17:49:19,-10.11
22517,2026-06-08,unknown,2026-06-08 12:02:23,-25.96
22519,2026-06-09,watch,2026-06-09 13:05:04,-21.92
22527,2026-07-04,watch,2026-07-04 07:49:07,-8.26
22541,2026-06-26,unknown,2026-06-26 22:18:30,38.75
22546,2026-06-23,watch,2026-06-23 09:17:53,-24.29
22547,2026-06-10,watch,2026-06-10 20:00:20,-28.97
22551,2026-06-14,late,2026-06-14 13:23:32,8.76
22554,2026-08-10,on_time,2026-08-10 16:49:54,-37.11
22556,2026-06-12,at_risk,2026-06-12 20:25:43,-6.39
22556,2026-06-12,watch,2026-06-12 20:37:50,-6.39
22562,2026-06-16,on_time,2026-06-16 19:39:52,-18.22
22567,2026-08-06,on_time,2026-08-06 13:08:16,-18.72
22570,2026-06-13,watch,2026-06-13 19:25:47,-2.49
22575,2026-06-25,watch,2026-06-25 23:40:41,-3.26
22582,2026-06-23,unknown,2026-06-23 22:01:16,30.54
22584,2026-06-26,late,2026-06-26 15:46:04,6.04
22585,2026-06-29,late,2026-06-29 17:25:46,26.09
22591,2026-07-06,late,2026-07-06 11:43:40,24.68
22593,2026-06-26,on_time,2026-06-26 14:21:26,-23.03
22601,2026-06-10,late,2026-06-10 18:53:46,5.06
22605,2026-06-29,late,2026-06-29 19:05:32,36.78
22605,2026-06-29,late,2026-06-29 19:17:37,21.78
22605,2026-06-29,late,2026-06-29 19:26:41,21.78
22606,2026-07-04,on_time,2026-07-04 11:29:06,-13.39
22611,2026-06-10,watch,2026-06-10 11:49:48,-8.49
22614,2026-06-08,late,2026-06-09 00:22:34,51.23
22615,2026-06-14,watch,2026-06-14 10:00:46,-11.95
22618,2026-06-12,watch,2026-06-12 20:40:52,-17.61
22620,2026-06-08,late,2026-06-09 02:59:16,2.71
22621,2026-06-13,late,2026-06-13 10:06:00,8.04
22622,2026-06-10,late,2026-06-11 00:55:46,16.8
22623,2026-06-15,watch,2026-06-15 10:55:23,-2.57
22624,2026-06-26,late,2026-06-26 14:30:30,25.53
22626,2026-07-15,late,2026-07-15 20:57:11,6.19
22627,2026-07-22,watch,2026-07-22 13:42:53,-14.73
22629,2026-06-22,watch,2026-06-22 10:37:00,-20.24
22637,2026-06-14,watch,2026-06-14 12:19:58,-7.14
22639,2026-06-11,watch,2026-06-11 12:43:33,-14.37
22641,2026-06-26,watch,2026-06-26 08:40:17,-19.52
22644,2026-06-13,watch,2026-06-13 19:10:40,-18.94
22648,2026-06-12,on_time,2026-06-12 11:59:44,-30.04
22651,2026-07-15,watch,2026-07-15 12:57:01,-2.83
22653,2026-06-16,late,2026-06-16 15:03:49,4.5
22654,2026-07-09,late,2026-07-09 13:09:46,18.33
22655,2026-07-14,watch,2026-07-14 15:50:47,-8.79
22657,2026-06-12,on_time,2026-06-12 14:43:22,34.85
22657,2026-06-12,at_risk,2026-06-12 15:59:11,-0.15
22658,2026-06-10,late,2026-06-10 23:52:25,10.11
22662,2026-06-26,watch,2026-06-26 17:19:43,-15.1
22663,2026-07-03,watch,2026-07-03 18:45:45,-13.82
22669,2026-06-08,at_risk,2026-06-08 13:54:17,0.1
22678,2026-07-25,late,2026-07-25 14:36:20,7.07
22684,2026-06-22,unknown,2026-06-22 19:29:35,24.61
22685,2026-06-27,at_risk,2026-06-27 14:59:40,0.98
22691,2026-07-01,at_risk,2026-07-01 16:33:07,-0.44
22694,2026-07-19,late,2026-07-19 18:03:19,21.28
22695,2026-07-22,watch,2026-07-22 20:18:55,-9.75
22698,2026-06-28,watch,2026-06-28 11:51:18,-7.83
22701,2026-06-23,watch,2026-06-23 12:39:56,-4.99
22702,2026-06-26,unknown,2026-06-26 19:59:42,27.7
22704,2026-07-01,on_time,2026-07-01 16:48:12,-9.19
22706,2026-07-03,watch,2026-07-03 11:45:28,-13.2
22717,2026-07-01,late,2026-07-01 17:12:20,23.79
22718,2026-07-07,watch,2026-07-07 14:43:22,-15.93
22719,2026-07-06,on_time,2026-07-06 14:48:04,-41.04
22725,2026-06-23,late,2026-06-23 19:30:33,0.58
22728,2026-06-20,late,2026-06-20 13:32:30,3.73
22729,2026-07-09,late,2026-07-10 01:53:45,3.35
22734,2026-06-17,watch,2026-06-17 17:45:50,-28.86
22742,2026-07-05,watch,2026-07-05 13:21:52,-5.76
22750,2026-06-15,at_risk,2026-06-15 15:43:11,0.75
22761,2026-06-18,on_time,2026-06-18 20:59:15,-30.27
22762,2026-06-15,late,2026-06-15 14:30:25,13.88
22763,2026-06-19,late,2026-06-19 13:03:05,5.28
22770,2026-06-15,at_risk,2026-06-15 19:12:05,-16.84
22772,2026-06-13,late,2026-06-13 13:07:34,7.69
22775,2026-06-12,late,2026-06-12 17:02:52,5.03
22776,2026-07-08,late,2026-07-08 12:34:35,16.13
22778,2026-06-20,late,2026-06-20 17:16:07,18.02
22782,2026-06-13,on_time,2026-06-13 15:35:50,-31.41
22784,2026-06-19,watch,2026-06-19 22:52:18,-7.2
22787,2026-06-15,late,2026-06-15 15:37:07,9.84
22788,2026-06-09,late,2026-06-09 13:14:08,19.6
22791,2026-07-03,on_time,2026-07-03 09:29:29,-58.07
22796,2026-08-04,late,2026-08-04 22:12:23,16.86
22801,2026-07-04,late,2026-07-04 15:24:40,11.82
22807,2026-06-25,on_time,2026-06-25 20:09:27,-22.11
22811,2026-08-03,on_time,2026-08-03 23:15:40,-12.25
22813,2026-06-16,on_time,2026-06-16 10:56:25,-33.2
22814,2026-06-25,late,2026-06-25 13:45:15,5.5
22815,2026-07-03,watch,2026-07-03 21:19:43,-9.58
22819,2026-07-03,watch,2026-07-03 23:44:24,-9.34
22825,2026-06-14,unknown,2026-06-15 00:04:29,35.38
22826,2026-06-20,watch,2026-06-20 15:27:17,-17.03
22828,2026-07-20,on_time,2026-07-20 12:40:15,2.26
22828,2026-07-20,on_time,2026-07-20 12:59:28,2.26
22828,2026-07-20,at_risk,2026-07-20 14:58:09,2.26
22828,2026-07-20,late,2026-07-20 15:01:10,2.26
22829,2026-06-22,late,2026-06-22 22:09:30,2.33
22831,2026-07-25,watch,2026-07-25 13:07:45,-6.84
22832,2026-08-01,on_time,2026-08-01 12:53:11,-35.47
22833,2026-06-13,at_risk,2026-06-13 17:09:39,-6.3
22837,2026-07-03,unknown,2026-07-04 00:41:38,32.23
22838,2026-07-07,watch,2026-07-07 09:56:38,-2.61
22848,2026-06-24,on_time,2026-06-24 19:40:52,-17.12
22850,2026-06-17,on_time,2026-06-17 12:34:41,-24.62
22856,2026-06-19,watch,2026-06-19 16:58:54,-14.37
22858,2026-07-04,watch,2026-07-04 13:11:44,-2.94
22859,2026-07-11,on_time,2026-07-11 11:28:20,-31.43
22862,2026-06-18,late,2026-06-18 16:22:52,11.47
22863,2026-06-25,at_risk,2026-06-25 18:23:51,-3.6
22866,2026-06-08,late,2026-06-08 10:46:58,2.17
22867,2026-06-10,unknown,2026-06-11 00:10:32,29.58
22868,2026-06-14,watch,2026-06-14 10:52:12,-5.3
22869,2026-07-08,watch,2026-07-08 19:04:47,-25.02
22885,2026-06-26,on_time,2026-06-26 17:13:40,-58.99
22886,2026-06-22,late,2026-06-22 11:40:18,0.72
22887,2026-06-26,watch,2026-06-26 20:41:58,-2.09
22891,2026-06-24,watch,2026-06-24 19:46:54,-10.38
22893,2026-06-22,watch,2026-06-22 12:52:44,-6.68
22896,2026-06-15,on_time,2026-06-15 11:46:46,4.83
22896,2026-06-15,late,2026-06-15 12:32:12,4.83
22897,2026-06-20,on_time,2026-06-20 11:07:31,-79.46
22902,2026-06-12,late,2026-06-12 15:38:00,44.76
22909,2026-06-08,late,2026-06-08 20:30:13,32.89
22911,2026-06-19,late,2026-06-19 14:36:48,7.27
22912,2026-06-22,late,2026-06-22 13:13:52,16.19
22913,2026-08-05,watch,2026-08-05 08:45:13,-12.92
22914,2026-06-08,watch,2026-06-08 19:44:55,-1.88
22915,2026-06-13,on_time,2026-06-13 11:30:39,-26.37
22918,2026-06-19,late,2026-06-20 00:10:41,9.76
22919,2026-06-25,on_time,2026-06-25 10:53:23,-35.35
22920,2026-06-12,late,2026-06-12 16:11:20,4.42
22921,2026-06-18,watch,2026-06-18 08:01:55,-10.51
22925,2026-06-29,watch,2026-06-29 13:26:53,-20.64
22930,2026-06-18,at_risk,2026-06-18 08:41:06,-4.43
22931,2026-06-23,at_risk,2026-06-23 08:59:48,2.4
22933,2026-06-14,late,2026-06-14 16:03:58,6.79
22935,2026-06-26,on_time,2026-06-26 11:50:17,-39.54
22936,2026-07-03,on_time,2026-07-03 09:08:21,-66.47
22939,2026-07-03,watch,2026-07-03 21:34:48,-23.81
22942,2026-08-13,at_risk,2026-08-13 16:56:10,7.36
22942,2026-08-13,unknown,2026-08-13 17:05:16,7.36
22945,2026-07-24,on_time,2026-07-24 10:54:55,-49.89
22947,2026-06-16,unknown,2026-06-16 15:03:49,40.86
22948,2026-06-21,watch,2026-06-21 19:45:08,-12.0
22951,2026-06-20,watch,2026-06-20 12:53:13,-6.49
22956,2026-06-21,late,2026-06-21 11:45:09,5.78
22957,2026-06-27,on_time,2026-06-27 18:46:17,-12.82
22960,2026-06-23,watch,2026-06-23 17:02:35,-2.42
22970,2026-06-13,late,2026-06-13 11:00:25,0.72
22972,2026-06-17,late,2026-06-17 14:41:32,6.96
22973,2026-06-21,on_time,2026-06-21 09:53:33,-18.51
22974,2026-08-03,on_time,2026-08-03 07:33:51,-23.2
22983,2026-06-28,watch,2026-06-28 12:12:26,-0.81
22987,2026-06-16,watch,2026-06-16 16:37:22,-20.97
22988,2026-08-20,at_risk,2026-08-21 00:02:11,1.23
22988,2026-08-20,late,2026-08-21 00:05:12,7.23
22990,2026-06-14,late,2026-06-14 22:12:50,4.78
22993,2026-07-22,watch,2026-07-22 15:35:30,-24.09
22999,2026-06-16,unknown,2026-06-16 20:06:59,43.21
23000,2026-06-20,on_time,2026-06-20 14:14:47,-59.86
23001,2026-06-15,at_risk,2026-06-15 11:01:25,-3.05
23002,2026-06-18,late,2026-06-18 22:17:39,4.49
23004,2026-07-15,watch,2026-07-15 08:25:33,-4.03
23009,2026-06-13,watch,2026-06-13 15:26:46,-2.98
23011,2026-06-20,late,2026-06-20 12:50:12,20.81
23024,2026-06-23,watch,2026-06-23 14:52:44,-4.45
23026,2026-07-08,late,2026-07-08 12:34:35,11.74
23027,2026-07-22,late,2026-07-22 12:45:34,9.84
23028,2026-07-27,on_time,2026-07-27 09:55:49,-31.29
23029,2026-06-22,unknown,2026-06-22 17:58:43,34.71
23037,2026-06-11,watch,2026-06-11 22:42:15,-16.61
23050,2026-08-08,late,2026-08-08 17:02:12,5.03
23051,2026-07-03,on_time,2026-07-03 15:32:11,-25.73
23058,2026-07-15,late,2026-07-15 12:47:56,32.62
23062,2026-06-09,late,2026-06-09 15:33:06,6.21
23075,2026-06-27,on_time,2026-06-27 11:46:20,48.46
23075,2026-06-27,on_time,2026-06-27 19:37:35,48.46
23076,2026-06-27,late,2026-06-27 15:41:56,8.66
23079,2026-06-18,unknown,2026-06-18 23:51:05,21.7
23082,2026-06-12,at_risk,2026-06-12 13:36:41,-3.2
23083,2026-06-21,watch,2026-06-21 18:32:43,-7.11
23084,2026-06-22,watch,2026-06-22 09:27:41,-1.32
23087,2026-06-27,watch,2026-06-27 17:45:51,-11.41
23092,2026-07-01,late,2026-07-01 17:51:33,47.46
23101,2026-06-09,on_time,2026-06-09 11:40:30,-19.08
23103,2026-07-31,watch,2026-07-31 17:40:14,-9.09
23108,2026-06-12,late,2026-06-12 11:20:24,6.13
23109,2026-06-18,watch,2026-06-18 08:59:12,-9.41
23113,2026-07-23,watch,2026-07-23 13:25:29,-4.42
23114,2026-06-30,late,2026-06-30 15:01:57,13.26
23122,2026-08-21,at_risk,2026-08-21 15:10:50,8.95
23122,2026-08-21,late,2026-08-21 15:38:29,8.95
23124,2026-06-18,watch,2026-06-18 20:47:11,-9.86
23126,2026-06-14,watch,2026-06-14 20:54:21,-20.23
23128,2026-07-05,at_risk,2026-07-05 17:38:45,-4.86
23129,2026-07-11,on_time,2026-07-11 11:46:28,-26.12
23131,2026-07-03,on_time,2026-07-03 16:11:32,-46.17
23133,2026-06-14,on_time,2026-06-14 10:55:14,-17.48
23144,2026-06-13,watch,2026-06-13 17:03:36,-15.6
23148,2026-06-26,on_time,2026-06-26 16:34:23,-22.98
23157,2026-08-11,on_time,2026-08-11 20:22:13,-27.31
23165,2026-06-12,watch,2026-06-12 12:54:15,-5.0
23173,2026-06-28,late,2026-06-28 15:34:57,7.71
23177,2026-06-11,late,2026-06-11 16:57:00,15.04
23179,2026-06-16,late,2026-06-16 15:58:09,11.58
23184,2026-07-03,late,2026-07-03 17:36:13,23.24
23186,2026-08-01,late,2026-08-01 11:07:02,7.87
23188,2026-06-17,watch,2026-06-17 16:45:28,-13.62
23192,2026-06-18,watch,2026-06-18 13:48:50,-19.83
23193,2026-06-26,on_time,2026-06-26 22:12:28,-16.95
23196,2026-06-10,unknown,2026-06-11 02:02:06,37.73
23197,2026-06-16,watch,2026-06-16 16:28:20,-16.65
23213,2026-07-06,watch,2026-07-06 20:20:21,-7.9
23214,2026-06-24,late,2026-06-24 20:56:15,8.43
23218,2026-06-15,on_time,2026-06-15 15:55:18,-62.31
23219,2026-06-19,at_risk,2026-06-19 11:26:31,2.32
23220,2026-06-24,on_time,2026-06-24 19:37:51,-21.75
23221,2026-06-09,unknown,2026-06-10 03:56:11,37.8
23223,2026-06-14,unknown,2026-06-15 03:41:16,33.75
23224,2026-06-21,watch,2026-06-21 09:50:33,-7.42
23225,2026-06-10,late,2026-06-10 16:43:40,6.56
23226,2026-06-14,watch,2026-06-14 12:04:50,-8.09
23227,2026-07-18,on_time,2026-07-18 12:27:21,-17.22
23230,2026-06-12,late,2026-06-12 12:02:46,3.17
23233,2026-06-08,on_time,2026-06-08 11:35:12,-23.74
23235,2026-06-12,late,2026-06-12 12:45:10,45.95
23236,2026-06-15,watch,2026-06-15 10:43:18,-14.36
23237,2026-06-26,late,2026-06-26 21:51:22,24.06
23243,2026-08-17,at_risk,2026-08-17 22:22:40,-4.95
23245,2026-07-03,late,2026-07-03 17:02:57,4.51
23247,2026-06-19,late,2026-06-19 13:03:05,4.61
23249,2026-06-27,watch,2026-06-27 09:48:37,-15.71
23252,2026-06-12,unknown,2026-06-12 14:34:16,28.28
23253,2026-06-15,watch,2026-06-15 16:16:29,-12.35
23258,2026-06-14,at_risk,2026-06-14 17:04:31,-0.85
23263,2026-07-12,watch,2026-07-12 16:02:46,-26.95
23265,2026-07-24,watch,2026-07-24 15:33:09,-24.12
23267,2026-08-21,watch,2026-08-21 17:06:23,-7.4
23273,2026-06-23,late,2026-06-24 02:20:23,13.67
23275,2026-06-19,watch,2026-06-19 11:56:41,-15.77
23280,2026-06-26,late,2026-06-26 12:26:33,29.1
23281,2026-06-09,late,2026-06-09 15:21:01,12.42
23285,2026-06-13,watch,2026-06-13 20:14:13,-12.9
23288,2026-06-14,late,2026-06-14 15:24:37,11.18
23289,2026-06-18,on_time,2026-06-18 19:01:21,-13.33
23293,2026-07-23,late,2026-07-24 02:49:03,28.28
23298,2026-06-16,watch,2026-06-16 13:57:23,-14.75
23302,2026-06-12,watch,2026-06-13 03:27:17,0.21
23305,2026-07-25,late,2026-07-25 17:51:32,15.31
23306,2026-08-01,on_time,2026-08-01 07:57:54,-15.4
23308,2026-07-31,on_time,2026-07-31 19:10:43,-17.93
23312,2026-06-20,watch,2026-06-20 17:13:05,-14.99
23313,2026-06-09,late,2026-06-09 17:24:53,29.58
23314,2026-06-11,watch,2026-06-11 15:02:51,-5.48
23315,2026-06-15,watch,2026-06-15 12:20:05,-9.49
23316,2026-06-28,late,2026-06-28 16:14:13,15.88
23317,2026-07-03,on_time,2026-07-03 16:47:49,-12.0
23318,2026-07-14,late,2026-07-14 16:08:54,24.21
23319,2026-07-18,on_time,2026-07-18 13:24:51,-35.01
23320,2026-08-13,on_time,2026-08-13 14:25:34,-22.55
23320,2026-08-13,on_time,2026-08-13 14:40:44,-16.55
23320,2026-08-13,on_time,2026-08-13 15:46:30,-10.55
23320,2026-08-13,on_time,2026-08-13 16:10:42,-8.55
23320,2026-08-13,on_time,2026-08-13 16:34:56,-5.55
23320,2026-08-13,at_risk,2026-08-13 16:59:12,-5.55
23328,2026-06-17,watch,2026-06-17 15:20:49,-7.57
23330,2026-07-04,watch,2026-07-04 15:51:52,-7.28
23335,2026-06-30,unknown,2026-06-30 13:22:17,15.54
23336,2026-07-04,watch,2026-07-04 11:50:13,-9.13
23340,2026-06-20,late,2026-06-21 02:12:45,43.11
23343,2026-06-12,on_time,2026-06-12 15:22:51,-36.95
23346,2026-06-26,watch,2026-06-26 18:38:12,-7.15
23347,2026-06-29,watch,2026-06-29 14:42:28,-17.22
23348,2026-06-14,late,2026-06-14 09:54:44,14.88
23349,2026-06-22,on_time,2026-06-22 20:05:51,-23.43
23351,2026-06-22,late,2026-06-22 13:04:49,6.89
23353,2026-07-29,watch,2026-07-29 10:52:19,-7.11
23354,2026-06-11,late,2026-06-11 17:03:04,2.59
23355,2026-06-22,watch,2026-06-22 17:04:11,-23.98
23360,2026-06-09,on_time,2026-06-09 12:07:40,-19.49
23362,2026-07-03,on_time,2026-07-03 11:39:26,-50.36
23363,2026-06-10,watch,2026-06-10 12:53:28,-4.82
23364,2026-06-10,unknown,2026-06-10 22:13:21,-15.43
23365,2026-06-18,late,2026-06-18 19:25:34,6.77
23370,2026-07-17,on_time,2026-07-17 16:12:32,-46.48
23378,2026-06-22,on_time,2026-06-22 11:19:11,-68.28
23386,2026-07-18,on_time,2026-07-18 09:53:19,-34.89
23393,2026-06-14,watch,2026-06-14 21:21:33,-11.06
23394,2026-06-19,on_time,2026-06-19 16:07:32,-50.53
23396,2026-06-10,at_risk,2026-06-11 02:20:10,-1.27
23411,2026-07-17,watch,2026-07-17 23:21:13,-22.58
23412,2026-06-18,late,2026-06-18 13:03:34,5.3
23413,2026-06-25,watch,2026-06-25 22:13:10,-15.14
23414,2026-06-11,at_risk,2026-06-12 01:20:14,-2.6
23418,2026-06-17,late,2026-06-17 12:16:33,3.08
23422,2026-06-26,watch,2026-06-26 18:04:59,-7.88
23435,2026-06-11,late,2026-06-11 15:36:09,5.5
23436,2026-06-16,late,2026-06-16 21:07:18,11.95
23437,2026-06-21,watch,2026-06-21 07:49:59,-9.32
23438,2026-06-16,watch,2026-06-16 11:05:27,-7.33
23439,2026-07-08,late,2026-07-08 15:17:50,37.98
23444,2026-07-02,watch,2026-07-02 21:21:12,-7.77
23449,2026-06-15,late,2026-06-15 12:38:15,5.94
23455,2026-06-30,watch,2026-06-30 17:17:53,-12.01
23460,2026-07-25,late,2026-07-25 15:03:32,7.02
23461,2026-08-06,late,2026-08-06 18:39:53,11.73
23462,2026-07-22,watch,2026-06-22 14:50:46,-6.34
23465,2026-06-25,late,2026-06-25 15:15:52,15.14
23467,2026-07-06,watch,2026-07-06 08:39:50,-2.82
23477,2026-06-13,late,2026-06-13 13:07:34,10.26
23478,2026-06-14,late,2026-06-14 16:34:15,4.35
23488,2026-07-03,late,2026-07-03 04:43:15,30.04
23492,2026-07-20,watch,2026-07-20 21:45:02,-13.67
23493,2026-07-25,watch,2026-07-25 10:25:57,-2.37
23497,2026-07-12,at_risk,2026-07-12 09:57:08,-1.06
23503,2026-07-09,late,2026-07-09 15:07:40,5.9
23507,2026-06-21,late,2026-06-21 21:18:35,8.2
23513,2026-06-19,watch,2026-06-19 12:20:49,-23.3
23514,2026-06-13,late,2026-06-14 00:55:08,15.12
23515,2026-06-12,late,2026-06-12 18:42:55,20.18
23516,2026-06-20,at_risk,2026-06-20 14:11:45,-0.37
23518,2026-06-14,late,2026-06-15 01:19:46,14.69
23519,2026-06-18,late,2026-06-18 11:36:02,6.92
23522,2026-06-10,late,2026-06-10 14:15:17,15.37
23523,2026-07-25,on_time,2026-07-25 10:31:59,-80.59
23524,2026-08-01,at_risk,2026-08-01 16:52:58,-4.52
23528,2026-07-08,at_risk,2026-07-08 16:24:20,1.83
23539,2026-06-11,late,2026-06-11 23:19:37,1.65
23541,2026-07-06,late,2026-07-06 12:35:02,7.83
23542,2026-07-11,watch,2026-07-11 08:18:19,-8.89
23550,2026-06-22,watch,2026-06-22 15:24:07,-4.13
23553,2026-08-08,on_time,2026-08-08 14:33:23,-25.89
23556,2026-06-23,watch,2026-06-23 14:58:47,1.59
23561,2026-07-06,late,2026-07-06 18:19:34,20.26
23564,2026-06-14,watch,2026-06-14 08:57:17,-1.36
23566,2026-06-22,watch,2026-06-22 10:15:54,-13.87
23568,2026-07-08,late,2026-07-08 18:52:38,40.97
23569,2026-07-13,watch,2026-07-13 12:21:02,-6.31
23576,2026-08-06,watch,2026-08-06 11:33:56,-5.81
23579,2026-06-11,late,2026-06-11 13:01:43,14.74
23582,2026-07-18,unknown,2026-07-18 23:02:53,16.77
23583,2026-06-18,late,2026-06-18 13:57:53,8.7
23584,2026-06-21,watch,2026-06-21 17:08:13,-5.92
23585,2026-06-11,unknown,2026-06-11 14:35:35,25.91
23591,2026-08-07,on_time,2026-08-06 17:00:41,-86.33
23592,2026-08-10,late,2026-08-10 16:10:03,40.25
23599,2026-06-18,late,2026-06-18 12:45:27,23.57
23602,2026-07-19,watch,2026-07-19 13:26:09,-1.12
23606,2026-06-23,late,2026-06-23 23:01:33,4.78
23607,2026-06-30,on_time,2026-06-30 16:50:42,-37.54
23613,2026-07-23,on_time,2026-07-23 16:32:53,-44.13
23616,2026-07-18,watch,2026-07-18 11:29:57,-12.07
23618,2026-06-19,unknown,2026-06-19 20:30:28,27.52
23621,2026-06-15,watch,2026-06-15 19:06:02,-8.65
23624,2026-06-30,watch,2026-06-30 22:22:28,-7.35
23627,2026-06-28,on_time,2026-06-28 18:42:15,-15.91
23635,2026-06-21,on_time,2026-06-21 08:50:16,-23.35
23644,2026-06-21,on_time,2026-06-21 10:38:50,-19.34
23646,2026-08-13,watch,2026-08-13 21:43:53,-9.36
23649,2026-06-11,watch,2026-06-11 18:53:10,-5.44
23650,2026-06-15,late,2026-06-15 13:05:32,5.78
23651,2026-06-11,watch,2026-06-11 17:06:05,-22.83
23655,2026-06-27,watch,2026-06-27 09:57:40,-1.72
23657,2026-06-16,late,2026-06-16 16:01:10,1.26
23668,2026-07-19,late,2026-07-19 13:44:16,2.63
23669,2026-06-16,unknown,2026-06-17 01:59:15,38.11
23670,2026-07-24,late,2026-07-24 16:06:21,8.22
23672,2026-06-22,on_time,2026-06-22 09:00:34,-27.34
23675,2026-06-18,late,2026-06-18 17:57:52,28.85
23676,2026-06-25,watch,2026-06-25 08:13:42,-13.7
23680,2026-07-25,late,2026-07-25 18:48:50,14.36
23681,2026-08-01,late,2026-08-01 13:02:15,5.16
23684,2026-06-12,late,2026-06-12 13:27:35,2.27
23685,2026-06-16,watch,2026-06-16 10:47:21,-11.08
23687,2026-06-14,unknown,2026-06-14 18:11:04,27.44
23695,2026-06-21,late,2026-06-21 11:05:57,9.27
23696,2026-06-26,at_risk,2026-06-26 07:58:04,0.35
23702,2026-06-27,watch,2026-06-27 19:52:41,-4.31
23703,2026-06-12,unknown,2026-06-12 22:12:58,41.16
23708,2026-08-21,at_risk,2026-08-21 15:47:35,2.21
23708,2026-08-21,at_risk,2026-08-21 15:56:40,2.21
23708,2026-08-21,late,2026-08-21 16:30:03,2.21
23709,2026-06-16,late,2026-06-16 21:28:23,11.72
23710,2026-06-24,watch,2026-06-24 12:13:32,-14.56
23711,2026-06-16,late,2026-06-16 18:16:41,16.31
23715,2026-06-16,late,2026-06-16 14:00:24,7.04
23716,2026-06-24,at_risk,2026-06-24 18:55:37,-2.1
23720,2026-06-12,unknown,2026-06-12 22:43:10,20.31
23723,2026-06-14,late,2026-06-14 09:45:39,0.74
23733,2026-07-02,on_time,2026-07-02 20:05:41,-21.94
23734,2026-06-12,unknown,2026-06-12 16:50:44,34.73
23741,2026-06-28,late,2026-06-28 18:24:08,29.59
23746,2026-06-15,late,2026-06-15 14:30:25,32.03
23747,2026-06-22,at_risk,2026-06-22 16:58:07,-1.24
23748,2026-07-13,watch,2026-07-13 14:28:02,-0.38
23749,2026-07-17,on_time,2026-07-17 14:11:34,-16.85
23752,2026-06-15,late,2026-06-15 19:40:03,24.73
23753,2026-06-20,late,2026-06-20 17:49:19,21.53
23764,2026-06-26,watch,2026-06-26 19:02:23,-11.16
23779,2026-08-01,late,2026-08-01 22:19:28,19.71
23784,2026-06-20,at_risk,2026-06-20 18:58:44,-1.05
23789,2026-06-27,watch,2026-06-27 09:33:32,-10.73
23790,2026-06-22,late,2026-06-22 15:48:24,3.64
23791,2026-06-12,unknown,2026-06-13 00:00:56,30.04
23794,2026-06-17,late,2026-06-17 12:43:45,13.36
23797,2026-07-04,at_risk,2026-07-04 14:36:20,-2.97
23798,2026-07-08,watch,2026-07-08 18:07:13,-5.91
23800,2026-06-18,on_time,2026-06-18 11:29:59,-28.69
23801,2026-07-24,watch,2026-07-24 13:29:07,-15.85
23802,2026-07-27,on_time,2026-07-27 11:29:21,-30.61
23809,2026-08-19,on_time,2026-08-19 16:50:22,-5.39
23809,2026-08-19,at_risk,2026-08-19 17:20:35,-2.39
23813,2026-06-23,watch,2026-06-23 13:22:11,-23.52
23822,2026-07-19,at_risk,2026-07-19 17:33:31,-1.56
23827,2026-06-14,watch,2026-06-14 18:14:05,-20.96
23835,2026-06-13,late,2026-06-13 22:39:23,6.94
23841,2026-07-09,late,2026-07-09 13:03:44,6.32
23842,2026-06-20,late,2026-06-20 19:13:49,7.36
23849,2026-06-20,watch,2026-06-20 15:18:12,0.94
23856,2026-06-19,late,2026-06-19 20:00:14,32.42
23857,2026-06-15,late,2026-06-15 11:10:28,11.72
23862,2026-07-25,watch,2026-07-25 10:22:56,-4.77
23863,2026-07-31,on_time,2026-07-31 14:47:01,-28.22
23875,2026-06-29,on_time,2026-06-29 15:00:36,-27.66
23879,2026-06-21,watch,2026-06-21 13:27:48,-0.19
23880,2026-06-21,on_time,2026-06-21 21:06:31,-51.72
23881,2026-07-03,late,2026-07-03 15:11:00,1.63
23890,2026-06-30,late,2026-06-30 14:40:48,5.88
23894,2026-06-30,late,2026-06-30 14:46:50,10.14
23900,2026-07-31,late,2026-07-31 14:00:35,0.62
23901,2026-08-05,watch,2026-08-05 13:02:08,-10.32
23912,2026-06-24,watch,2026-06-24 14:53:26,-4.15
23920,2026-07-16,late,2026-07-16 12:09:49,8.97
23927,2026-07-01,on_time,2026-07-01 11:37:31,-22.08
23929,2026-06-18,late,2026-06-18 13:48:50,7.72
23931,2026-06-14,late,2026-06-14 13:02:22,4.1
23937,2026-06-19,late,2026-06-19 10:32:07,4.42
23949,2026-07-12,at_risk,2026-07-12 13:28:39,1.65
23954,2026-06-22,watch,2026-06-22 20:14:56,-14.03
23958,2026-07-07,watch,2026-07-07 08:56:19,-16.74
23961,2026-06-26,late,2026-06-26 16:07:13,7.62
23970,2026-07-16,on_time,2026-07-16 18:15:06,-44.51
23971,2026-06-15,on_time,2026-06-15 12:41:17,28.1
23971,2026-06-15,on_time,2026-06-15 12:44:19,28.1
23971,2026-06-15,unknown,2026-06-15 13:47:57,28.1
23972,2026-06-20,on_time,2026-06-20 09:58:07,-11.06
23972,2026-06-20,on_time,2026-06-20 10:25:15,-11.06
23972,2026-06-20,watch,2026-06-20 11:01:29,-11.06
23976,2026-06-19,on_time,2026-06-19 10:50:14,-38.27
23979,2026-06-25,watch,2026-06-25 15:12:50,-14.65
23980,2026-06-27,on_time,2026-06-27 14:41:33,-47.7
23982,2026-06-24,late,2026-06-24 20:44:12,9.22
23987,2026-06-28,at_risk,2026-06-28 19:21:29,-0.34
23989,2026-06-14,on_time,2026-06-14 20:03:00,-53.98
23996,2026-06-14,late,2026-06-14 18:35:17,6.64
24002,2026-07-20,late,2026-07-20 19:54:36,2.98
24006,2026-06-27,late,2026-06-27 17:15:37,7.88
24006,2026-06-27,late,2026-06-27 17:21:40,7.88
24007,2026-08-17,watch,2026-08-17 16:29:40,7.41
24007,2026-08-17,late,2026-08-17 16:56:56,0.99
24010,2026-06-19,watch,2026-06-19 19:20:54,-3.8
24011,2026-07-18,late,2026-07-18 09:26:08,27.29
24012,2026-07-28,at_risk,2026-07-28 19:15:49,279.88
24012,2026-07-28,late,2026-07-28 19:24:52,279.88
24012,2026-07-28,late,2026-07-28 23:55:51,19.88
24013,2026-08-08,on_time,2026-08-08 13:08:36,-18.43
24014,2026-06-21,unknown,2026-06-21 17:29:22,31.43
24015,2026-06-24,watch,2026-06-24 15:17:34,-11.9
24017,2026-07-11,watch,2026-07-11 15:21:09,-7.43
24021,2026-06-19,late,2026-06-19 14:54:57,40.79
24022,2026-06-23,watch,2026-06-23 08:47:45,-11.14
24023,2026-06-17,late,2026-06-17 21:53:15,46.98
24024,2026-07-11,late,2026-07-11 06:05:40,26.8
24025,2026-07-19,watch,2026-07-19 16:12:29,-15.05
24026,2026-06-19,late,2026-06-19 14:45:51,31.13
24027,2026-06-21,on_time,2026-06-21 08:23:09,-34.5
24029,2026-07-08,late,2026-07-08 19:07:48,6.48
24030,2026-07-21,watch,2026-07-21 17:42:19,-25.54
24033,2026-06-15,unknown,2026-06-15 15:28:01,31.03
24037,2026-06-23,watch,2026-06-23 10:57:21,-6.45
24049,2026-06-19,on_time,2026-06-19 18:41:38,-15.65
24050,2026-08-02,late,2026-08-02 14:48:04,5.05
24053,2026-06-26,watch,2026-06-26 07:42:59,-14.46
24054,2026-07-22,late,2026-07-22 12:54:37,8.51
24059,2026-07-24,late,2026-07-24 14:15:01,0.16
24060,2026-07-27,at_risk,2026-07-27 17:24:59,4.25
24060,2026-07-27,at_risk,2026-07-27 17:27:59,4.25
24060,2026-07-27,late,2026-07-27 17:34:01,4.25
24066,2026-07-03,on_time,2026-07-03 08:08:01,-11.22
24067,2026-07-20,late,2026-07-20 15:13:15,3.87
24069,2026-07-12,on_time,2026-07-12 13:40:44,-16.41
24071,2026-06-21,late,2026-06-21 15:46:43,17.93
24072,2026-06-23,late,2026-06-23 16:20:21,16.59
24074,2026-06-23,late,2026-06-23 17:47:54,6.18
24075,2026-06-27,at_risk,2026-06-27 18:58:22,-0.37
24078,2026-06-27,late,2026-06-27 13:23:00,14.71
24082,2026-06-27,on_time,2026-06-27 17:33:45,-8.96
24085,2026-07-03,on_time,2026-07-03 16:50:52,-29.84
24086,2026-07-07,late,2026-07-07 14:46:23,2.99
24087,2026-07-03,at_risk,2026-07-03 16:38:45,2.04
24088,2026-07-15,watch,2026-07-15 08:43:38,-0.64
24102,2026-07-18,watch,2026-07-18 19:43:55,-5.4
24105,2026-08-14,late,2026-08-14 21:14:47,121.36
24107,2026-07-09,late,2026-07-10 00:08:17,11.18
24113,2026-06-15,late,2026-06-15 20:07:11,1.94
24119,2026-06-26,watch,2026-06-26 09:07:25,-15.7
24122,2026-08-18,watch,2026-08-18 17:05:34,-12.7
24131,2026-08-08,late,2026-08-08 16:16:47,33.25
24137,2026-07-11,late,2026-07-11 17:31:10,18.1
24141,2026-06-26,watch,2026-06-26 12:53:46,-5.63
24147,2026-06-28,watch,2026-06-28 11:27:09,-2.79
24148,2026-07-07,late,2026-07-07 13:49:00,13.48
24156,2026-06-28,watch,2026-06-28 10:44:54,-12.5
24157,2026-06-20,late,2026-06-21 03:49:05,19.76
24158,2026-06-16,at_risk,2026-06-16 09:13:56,1.02
24159,2026-06-17,late,2026-06-17 11:16:16,12.58
24160,2026-06-20,on_time,2026-06-20 16:39:52,-34.99
24162,2026-06-23,late,2026-06-23 14:31:37,2.58
24172,2026-07-28,watch,2026-07-28 19:42:56,-16.44
24180,2026-06-23,late,2026-06-23 17:08:38,4.97
24185,2026-06-16,watch,2026-06-16 12:23:54,-3.14
24186,2026-07-06,unknown,2026-07-06 17:25:11,30.12
24193,2026-06-16,watch,2026-06-16 12:45:00,-12.49
24194,2026-06-16,watch,2026-06-16 18:10:39,-18.0
24200,2026-06-17,on_time,2026-06-17 15:51:03,-36.82
24201,2026-07-23,late,2026-07-23 14:17:38,8.8
24202,2026-07-27,on_time,2026-07-27 16:16:44,-11.63
24204,2026-06-19,late,2026-06-19 14:03:32,20.68
24206,2026-06-19,late,2026-06-19 15:40:17,16.41
24210,2026-06-26,unknown,2026-06-26 18:47:16,46.01
24211,2026-06-28,on_time,2026-06-28 05:49:33,-39.22
24212,2026-06-28,on_time,2026-06-28 13:37:03,-81.53
24213,2026-07-29,late,2026-07-29 12:37:49,3.09
24216,2026-07-25,watch,2026-07-25 12:13:23,-16.44
24218,2026-07-04,watch,2026-07-04 13:20:48,-6.52
24219,2026-07-03,watch,2026-07-03 15:50:21,-23.07
24225,2026-07-02,watch,2026-07-02 22:18:32,-9.94
24227,2026-06-25,unknown,2026-06-25 13:30:09,34.92
24228,2026-07-01,on_time,2026-07-01 14:05:19,-53.7
24229,2026-07-05,late,2026-07-05 21:10:01,1.86
24231,2026-07-14,watch,2026-07-14 18:09:47,-4.39
24232,2026-06-30,late,2026-06-30 18:51:27,44.87
24233,2026-07-02,unknown,2026-07-03 01:42:34,28.06
24234,2026-06-21,on_time,2026-06-21 14:16:06,-13.83
24235,2026-06-28,watch,2026-06-28 11:45:15,-12.55
24236,2026-08-06,late,2026-08-06 12:25:22,6.61
24238,2026-07-01,watch,2026-07-01 08:54:51,-3.95
24243,2026-06-27,watch,2026-06-27 17:45:51,-13.52
24246,2026-07-15,late,2026-07-15 15:09:55,12.81
24247,2026-07-23,on_time,2026-07-23 18:42:24,-32.31
24252,2026-07-14,at_risk,2026-07-14 17:15:22,-12.79
24259,2026-07-07,unknown,2026-07-07 23:58:28,36.99
24260,2026-07-13,watch,2026-07-13 16:56:07,-2.23
24264,2026-06-29,watch,2026-06-29 17:25:46,-4.06
24267,2026-06-17,watch,2026-06-17 13:23:02,-5.02
24269,2026-07-13,watch,2026-07-13 15:34:30,-9.28
24271,2026-07-11,watch,2026-07-11 15:51:23,-6.11
24273,2026-08-15,on_time,2026-08-15 17:35:29,-23.54
24280,2026-06-27,unknown,2026-06-27 21:50:21,44.42
24284,2026-06-22,watch,2026-06-22 15:05:55,-21.43
24285,2026-08-19,on_time,2026-08-19 14:46:41,-38.37
24285,2026-08-19,watch,2026-08-19 15:43:11,-38.37
24285,2026-08-19,at_risk,2026-08-19 15:46:13,-29.32
24287,2026-06-28,at_risk,2026-06-28 18:09:01,-2.81
24289,2026-06-17,late,2026-06-17 12:10:31,12.4
24293,2026-06-21,at_risk,2026-06-21 07:28:52,0.77
24294,2026-07-01,watch,2026-07-01 12:25:46,12.53
24294,2026-07-01,late,2026-07-01 12:49:54,12.53
24298,2026-07-21,on_time,2026-07-21 11:56:28,-30.68
24303,2026-06-17,watch,2026-06-17 21:20:03,-22.92
24304,2026-07-07,late,2026-07-07 12:51:35,3.71
24305,2026-07-13,at_risk,2026-07-13 21:36:56,-6.18
24306,2026-06-22,at_risk,2026-06-23 01:31:10,-5.78
24313,2026-08-17,late,2026-08-17 15:17:40,18.34
24316,2026-07-17,on_time,2026-07-17 11:37:26,-24.51
24316,2026-07-17,on_time,2026-07-17 11:46:30,-24.51
24316,2026-07-17,on_time,2026-07-17 11:49:31,-24.51
24317,2026-06-28,late,2026-06-28 20:55:04,22.2
24320,2026-07-03,late,2026-07-03 23:41:24,43.55
24321,2026-06-17,late,2026-06-18 01:27:22,41.52
24323,2026-07-04,on_time,2026-07-04 16:43:12,-17.69
24324,2026-07-08,watch,2026-07-08 16:48:30,-9.37
24325,2026-06-22,late,2026-06-22 22:03:29,24.74
24326,2026-07-21,late,2026-07-21 14:47:55,11.66
24331,2026-07-10,on_time,2026-07-10 19:47:41,-36.46
24335,2026-06-25,unknown,2026-06-25 22:31:21,36.4
24336,2026-07-05,at_risk,2026-07-05 10:29:44,1.13
24340,2026-06-29,late,2026-06-29 13:51:05,6.46
24341,2026-07-03,on_time,2026-07-03 12:39:53,-17.49
24342,2026-07-03,watch,2026-07-03 20:46:30,-11.34
24343,2026-07-05,at_risk,2026-07-05 09:59:34,0.01
24346,2026-07-12,at_risk,2026-07-12 11:18:41,-10.31
24347,2026-08-20,on_time,2026-08-20 12:31:11,-68.76
24351,2026-07-05,watch,2026-07-05 18:14:59,-14.34
24354,2026-06-26,late,2026-06-26 11:38:12,18.68
24357,2026-07-03,watch,2026-07-03 08:32:09,-11.86
24359,2026-08-15,at_risk,2026-08-15 18:33:27,7.52
24359,2026-08-15,late,2026-08-15 18:45:33,5.09
24361,2026-07-26,on_time,2026-07-26 12:18:37,-14.19
24361,2026-07-26,watch,2026-07-26 12:45:47,-14.19
24362,2026-06-18,unknown,2026-06-18 22:23:41,6.9
24363,2026-08-02,on_time,2026-08-02 10:50:22,-117.04
24363,2026-08-02,on_time,2026-08-02 11:32:36,-117.04
24366,2026-06-29,watch,2026-06-29 18:53:26,-12.07
24367,2026-07-06,on_time,2026-07-06 14:23:54,-34.93
24368,2026-07-11,watch,2026-07-11 13:38:18,-19.33
24370,2026-06-23,on_time,2026-06-23 12:21:50,-20.5
24384,2026-08-06,unknown,2026-08-06 20:02:24,23.37
24388,2026-06-19,late,2026-06-19 12:23:51,38.54
24390,2026-07-20,at_risk,2026-07-20 12:25:09,-3.68
24391,2026-07-23,late,2026-07-23 12:40:14,13.56
24393,2026-07-15,watch,2026-07-15 16:37:36,-5.04
24395,2026-06-18,late,2026-06-19 02:21:41,21.47
24396,2026-06-27,late,2026-06-27 19:34:35,10.56
24399,2026-06-27,watch,2026-06-27 14:02:17,-0.59
24402,2026-06-20,unknown,2026-06-20 16:12:42,44.94
24403,2026-06-22,watch,2026-06-22 14:56:49,-0.63
24404,2026-06-26,on_time,2026-06-26 09:55:41,-92.33
24408,2026-07-07,watch,2026-07-07 09:11:24,-16.77
24416,2026-08-16,late,2026-08-16 12:09:12,27.19
24417,2026-08-13,at_risk,2026-08-13 14:55:52,-7.34
24418,2026-08-16,on_time,2026-08-16 13:03:42,-23.92
24419,2026-06-28,late,2026-06-28 13:37:03,6.88
24422,2026-06-25,late,2026-06-25 12:29:49,5.84
24423,2026-06-28,watch,2026-06-28 14:49:35,-8.31
24426,2026-06-20,late,2026-06-20 16:18:44,13.15
24427,2026-07-11,late,2026-07-11 21:14:47,15.08
24428,2026-07-02,at_risk,2026-07-02 21:54:23,-6.82
24436,2026-06-19,on_time,2026-06-19 13:03:05,83.12
24437,2026-06-21,on_time,2026-06-21 15:04:26,-38.5
24441,2026-08-19,watch,2026-08-19 12:23:16,-5.76
24444,2026-07-14,late,2026-07-14 14:20:11,8.02
24449,2026-06-21,on_time,2026-06-21 10:41:50,-30.86
24457,2026-06-28,late,2026-06-28 20:30:55,3.58
24467,2026-06-18,late,2026-06-18 23:42:03,12.89
24472,2026-07-10,watch,2026-07-10 22:27:40,-7.1
24473,2026-07-13,watch,2026-07-13 20:09:28,-19.82
24477,2026-06-30,watch,2026-06-30 18:48:25,-10.34
24478,2026-06-20,unknown,2026-06-21 03:58:07,74.48
24479,2026-06-25,on_time,2026-06-25 08:49:50,-50.71
24479,2026-06-25,on_time,2026-06-25 08:52:51,-50.71
24490,2026-08-10,on_time,2026-08-10 20:06:26,0.05
24490,2026-08-10,late,2026-08-10 20:59:04,15.05
24492,2026-07-01,watch,2026-07-01 14:20:25,-8.96
24494,2026-07-05,watch,2026-07-05 22:13:28,-14.7
24501,2026-07-17,watch,2026-07-17 12:19:44,-8.35
24502,2026-06-25,watch,2026-06-25 14:36:36,-23.54
24508,2026-06-19,late,2026-06-19 22:37:13,43.66
24509,2026-06-23,watch,2026-06-23 12:42:57,-16.23
24510,2026-06-19,on_time,2026-06-19 12:17:49,-39.25
24514,2026-06-30,at_risk,2026-06-30 21:10:08,-8.52
24518,2026-06-20,watch,2026-06-20 06:45:11,-12.4
24519,2026-07-22,late,2026-07-22 12:27:10,12.55
24522,2026-06-19,late,2026-06-20 03:53:32,2.39
24523,2026-06-21,at_risk,2026-06-21 18:23:40,-4.92
24524,2026-06-19,at_risk,2026-06-19 15:28:12,-0.96
24527,2026-06-28,watch,2026-06-28 12:54:44,-3.75
24529,2026-06-28,on_time,2026-06-29 00:59:21,9.02
24529,2026-06-28,on_time,2026-06-29 01:50:34,10.02
24530,2026-07-05,on_time,2026-07-05 10:17:40,-9.96
24531,2026-07-09,late,2026-07-09 12:54:40,9.52
24532,2026-07-11,on_time,2026-07-11 19:44:13,-15.19
24533,2026-06-21,on_time,2026-06-21 12:24:24,-2.79
24533,2026-06-21,watch,2026-06-21 13:03:40,-2.79
24538,2026-06-29,late,2026-06-29 18:05:03,6.5
24540,2026-07-17,late,2026-07-17 13:59:27,11.29
24541,2026-07-25,watch,2026-07-25 20:18:36,-9.6
24542,2026-07-20,watch,2026-07-20 14:55:08,-3.65
24547,2026-08-10,late,2026-08-10 16:13:05,37.29
24548,2026-06-22,late,2026-06-22 17:52:41,23.63
24555,2026-07-13,watch,2026-07-13 11:44:46,-14.19
24559,2026-06-19,at_risk,2026-06-20 00:40:49,1.86
24563,2026-07-14,watch,2026-07-14 19:13:12,-0.75
24566,2026-07-05,at_risk,2026-07-05 16:29:16,1.22
24578,2026-06-28,watch,2026-06-28 14:49:35,-9.53
24580,2026-06-24,late,2026-06-24 12:13:32,9.38
24581,2026-06-28,late,2026-06-28 23:59:03,7.44
24582,2026-06-30,on_time,2026-06-30 17:14:52,-16.41
24585,2026-07-09,on_time,2026-07-09 14:28:22,-14.64
24591,2026-07-07,late,2026-07-07 16:41:11,41.55
24592,2026-07-01,late,2026-07-01 18:09:39,10.48
24593,2026-07-06,watch,2026-07-06 12:28:59,1.51
24599,2026-07-26,at_risk,2026-07-26 12:45:47,-0.77
24602,2026-06-26,unknown,2026-06-26 17:10:38,43.21
24603,2026-06-29,at_risk,2026-06-29 17:28:47,0.65
24605,2026-06-28,on_time,2026-06-28 17:26:44,-17.62
24616,2026-06-26,on_time,2026-06-26 23:52:01,6.21
24616,2026-06-26,on_time,2026-06-26 23:55:02,6.21
24616,2026-06-26,on_time,2026-06-27 00:10:09,3.21
24616,2026-06-26,on_time,2026-06-27 00:22:13,3.21
24619,2026-07-08,watch,2026-07-08 22:02:54,-25.66
24620,2026-06-24,late,2026-06-24 15:20:35,31.12
24621,2026-06-30,late,2026-07-01 03:59:49,9.39
24622,2026-07-07,late,2026-07-07 19:39:18,12.29
24624,2026-08-16,on_time,2026-08-16 11:24:14,-35.7
24627,2026-06-27,late,2026-06-27 23:05:44,17.99
24629,2026-07-01,late,2026-07-01 20:01:14,12.48
24631,2026-06-21,on_time,2026-06-21 17:44:28,-41.07
24633,2026-08-08,on_time,2026-08-08 18:47:08,-10.33
24635,2026-07-12,late,2026-07-12 15:47:41,11.69
24638,2026-06-28,at_risk,2026-06-28 15:25:52,-2.55
24640,2026-08-03,at_risk,2026-08-03 23:42:47,1.79
24641,2026-08-13,watch,2026-08-13 14:07:24,-7.27
24652,2026-07-11,at_risk,2026-07-11 14:38:48,-3.65
24654,2026-06-21,late,2026-06-21 07:31:53,2.48
24655,2026-06-23,watch,2026-06-23 19:00:22,-9.68
24656,2026-06-30,at_risk,2026-06-30 14:55:55,-1.81
24657,2026-06-21,late,2026-06-21 23:22:31,22.34
24658,2026-08-11,on_time,2026-08-11 18:16:08,22.29
24658,2026-08-11,at_risk,2026-08-11 18:37:16,25.39
24658,2026-08-11,late,2026-08-11 18:52:24,22.39
24658,2026-08-11,unknown,2026-08-11 19:07:32,25.39
24662,2026-06-22,late,2026-06-22 19:11:25,21.08
24664,2026-07-13,on_time,2026-07-13 15:28:28,-31.15
24665,2026-06-28,late,2026-06-28 19:21:29,83.63
24672,2026-07-25,watch,2026-07-25 16:51:08,-8.09
24675,2026-06-21,late,2026-06-21 14:22:09,9.7
24677,2026-08-11,late,2026-08-11 17:03:42,14.04
24678,2026-08-14,late,2026-08-14 15:33:59,6.3
24685,2026-06-26,on_time,2026-06-26 22:48:40,-10.76
24689,2026-06-24,late,2026-06-24 19:43:53,16.89
24692,2026-07-27,watch,2026-07-27 11:38:25,-19.73
24698,2026-07-13,on_time,2026-07-13 14:58:14,-46.01
24703,2026-07-05,late,2026-07-05 13:43:00,14.48
24711,2026-07-28,watch,2026-07-28 08:21:33,-8.4
24715,2026-08-16,watch,2026-08-16 12:51:35,-5.48
24716,2026-07-12,at_risk,2026-07-12 10:51:30,-36.83
24718,2026-06-25,watch,2026-06-25 08:49:50,-9.54
24721,2026-07-04,late,2026-07-04 20:38:33,5.65
24727,2026-07-04,late,2026-07-04 09:01:25,4.19
24732,2026-07-04,watch,2026-07-04 17:13:23,-13.82
24735,2026-08-09,watch,2026-08-09 10:23:45,-4.02
24736,2026-06-24,at_risk,2026-06-24 15:54:27,-5.09
24737,2026-06-28,at_risk,2026-06-28 13:43:06,-0.59
24744,2026-08-20,at_risk,2026-08-20 14:04:57,-3.4
24755,2026-07-04,watch,2026-07-04 17:16:25,-10.88
24757,2026-07-05,watch,2026-07-05 15:52:58,-4.95
24758,2026-08-19,on_time,2026-08-19 14:16:24,-59.81
24758,2026-08-19,on_time,2026-08-19 14:28:30,-59.81
24758,2026-08-19,on_time,2026-08-19 14:34:34,-54.31
24763,2026-06-27,watch,2026-06-27 12:07:28,-22.44
24769,2026-07-01,late,2026-07-01 11:55:36,11.2
24771,2026-06-24,on_time,2026-06-24 15:57:28,-58.39
24772,2026-06-28,at_risk,2026-06-28 11:27:09,-2.28
24775,2026-06-23,unknown,2026-06-23 12:55:02,29.92
24785,2026-07-19,watch,2026-07-19 20:47:41,-9.61
24788,2026-06-22,unknown,2026-06-22 14:32:34,44.78
24796,2026-06-22,unknown,2026-06-22 23:06:42,32.74
24812,2026-06-22,late,2026-06-22 13:44:06,3.24
24814,2026-06-24,late,2026-06-25 01:09:17,16.32
24824,2026-08-01,at_risk,2026-08-01 12:26:00,-2.58
24838,2026-06-30,late,2026-06-30 10:33:26,6.23
24845,2026-06-26,unknown,2026-06-26 16:13:15,27.74
24846,2026-06-30,watch,2026-06-30 13:04:10,-24.33
24850,2026-08-06,at_risk,2026-08-06 15:48:59,-8.27
24854,2026-07-21,late,2026-07-21 20:47:05,4.88
24855,2026-08-14,late,2026-08-14 14:12:51,15.72
24856,2026-06-22,watch,2026-06-22 16:27:49,-1.68
24861,2026-07-28,late,2026-07-28 20:35:46,20.95
24867,2026-07-20,late,2026-07-20 20:11:38,34.17
24868,2026-07-24,watch,2026-07-24 17:28:30,-0.85
24869,2026-07-15,late,2026-07-16 03:19:38,42.72
24876,2026-06-29,watch,2026-06-29 15:18:44,-10.01
24881,2026-06-25,watch,2026-06-25 14:18:28,-11.2
24888,2026-07-26,on_time,2026-07-26 15:35:29,-23.58
24894,2026-07-03,on_time,2026-07-03 12:24:47,-32.75
24897,2026-06-25,watch,2026-06-25 16:52:30,-13.82
24901,2026-06-25,late,2026-06-25 19:39:17,9.48
24905,2026-07-27,watch,2026-07-27 18:45:21,-28.51
24906,2026-07-29,watch,2026-07-29 15:37:44,-21.98
24907,2026-06-26,late,2026-06-27 01:49:40,19.22
24909,2026-07-18,on_time,2026-07-18 14:10:11,-16.76
24912,2026-08-01,on_time,2026-08-01 17:11:07,-16.74
24913,2026-07-10,on_time,2026-07-10 10:38:00,-80.27
24917,2026-07-25,watch,2026-07-25 18:24:39,-9.74
24918,2026-07-31,on_time,2026-07-31 11:54:38,-64.53
24923,2026-06-25,late,2026-06-26 00:59:00,29.66
24924,2026-07-02,watch,2026-07-02 20:54:00,-5.74
24925,2026-06-27,unknown,2026-06-27 16:12:09,40.48
24926,2026-07-01,on_time,2026-07-01 12:04:39,-24.18
24930,2026-07-03,watch,2026-07-03 20:49:31,-9.71
24934,2026-07-12,watch,2026-07-12 17:30:26,-10.22
24935,2026-07-16,watch,2026-07-16 13:19:13,-22.81
24942,2026-06-29,watch,2026-06-29 07:33:58,-8.02
24944,2026-08-08,on_time,2026-08-08 11:18:09,-24.65
24946,2026-06-26,late,2026-06-26 21:27:14,26.36
24950,2026-07-15,on_time,2026-07-15 10:59:21,8.0
24950,2026-07-15,on_time,2026-07-15 11:53:37,7.0
24950,2026-07-15,late,2026-07-15 12:57:01,10.0
24951,2026-06-23,late,2026-06-23 15:41:05,12.47
24955,2026-06-29,late,2026-06-29 21:24:24,8.56
24963,2026-06-23,late,2026-06-23 18:21:08,2.44
24965,2026-07-03,on_time,2026-07-03 13:10:08,-17.28
24966,2026-08-15,on_time,2026-08-15 21:59:11,29.1
24966,2026-08-15,unknown,2026-08-15 22:59:37,29.1
24969,2026-06-26,late,2026-06-26 17:19:43,35.38
24971,2026-08-02,late,2026-08-02 10:32:17,32.49
24973,2026-06-25,late,2026-06-26 02:50:25,33.02
24977,2026-07-01,on_time,2026-07-01 20:22:22,-19.65
24978,2026-06-27,watch,2026-06-27 08:36:15,-22.1
24988,2026-07-23,at_risk,2026-07-23 23:50:01,-0.78
24989,2026-07-28,on_time,2026-07-28 17:27:53,-31.17
24990,2026-06-26,unknown,2026-06-26 14:24:28,35.89
24993,2026-07-26,late,2026-07-26 15:41:31,14.48
24994,2026-07-31,late,2026-07-31 18:52:35,8.24
24996,2026-08-13,watch,2026-08-13 12:53:58,-5.53
24997,2026-08-03,unknown,2026-08-03 17:11:38,21.24
24999,2026-07-01,unknown,2026-07-01 12:43:52,27.22
25008,2026-07-13,late,2026-07-13 18:23:43,11.46
25009,2026-07-12,watch,2026-07-13 03:48:45,-8.8
25016,2026-07-15,watch,2026-07-15 09:46:58,-10.34
25017,2026-06-25,watch,2026-06-25 12:50:55,-14.0
25019,2026-07-19,late,2026-07-19 20:44:39,7.72
25024,2026-06-30,at_risk,2026-06-30 13:07:11,1.16
25026,2026-07-12,on_time,2026-07-12 10:42:26,-44.88
25034,2026-07-07,on_time,2026-07-07 09:56:38,-91.11
25039,2026-07-16,on_time,2026-07-16 17:14:43,-43.2
25044,2026-07-05,on_time,2026-07-05 17:14:35,-13.02
25046,2026-07-06,watch,2026-07-06 18:43:43,-15.3
25048,2026-07-11,at_risk,2026-07-11 14:23:39,-5.28
25052,2026-07-09,at_risk,2026-07-09 18:24:08,-4.4
25053,2026-06-24,unknown,2026-06-24 13:38:01,32.04
25053,2026-06-24,unknown,2026-06-24 13:41:02,32.04
25057,2026-07-05,watch,2026-07-05 08:41:09,-1.14
25060,2026-07-17,watch,2026-07-17 12:34:51,-9.54
25065,2026-07-06,on_time,2026-07-06 10:10:12,-17.01
25066,2026-06-27,watch,2026-06-28 01:33:25,123.15
25068,2026-07-05,watch,2026-07-05 06:49:36,-9.9
25069,2026-06-25,unknown,2026-06-25 17:46:51,40.45
25079,2026-06-26,late,2026-06-27 02:01:43,32.8
25086,2026-07-03,watch,2026-07-03 13:46:24,-13.48
25088,2026-06-28,on_time,2026-06-28 14:13:19,-12.54
25088,2026-06-28,watch,2026-06-28 15:16:49,-12.54
25092,2026-06-29,watch,2026-06-29 15:48:59,-9.14
25093,2026-07-09,late,2026-07-09 17:50:52,23.11
25099,2026-06-29,watch,2026-06-29 14:09:12,-5.48
25100,2026-06-24,late,2026-06-24 22:08:34,27.93
25101,2026-06-26,watch,2026-06-26 14:51:39,-7.38
25105,2026-07-03,unknown,2026-07-04 02:27:01,43.43
25107,2026-07-01,late,2026-07-01 11:43:33,16.07
25110,2026-07-06,watch,2026-07-06 13:47:37,-11.77
25113,2026-07-16,on_time,2026-07-16 17:17:45,-25.81
25114,2026-08-13,on_time,2026-08-13 14:25:34,45.03
25114,2026-08-13,on_time,2026-08-13 14:40:44,29.03
25114,2026-08-13,on_time,2026-08-13 15:14:09,33.03
25114,2026-08-13,on_time,2026-08-13 16:10:42,33.03
25114,2026-08-13,on_time,2026-08-13 16:34:56,28.03
25114,2026-08-13,watch,2026-08-13 16:56:10,29.03
25114,2026-08-13,late,2026-08-13 17:14:23,33.03
25114,2026-08-13,unknown,2026-08-13 17:36:12,33.03
25115,2026-08-18,on_time,2026-08-18 16:17:10,-31.86
25117,2026-07-17,late,2026-07-17 15:57:25,29.24
25126,2026-07-06,late,2026-07-06 16:57:59,3.68
25127,2026-07-13,late,2026-07-13 13:24:34,26.1
25129,2026-07-04,at_risk,2026-07-04 19:26:14,-0.65
25131,2026-07-11,on_time,2026-07-11 14:08:32,-33.8
25134,2026-06-24,watch,2026-06-24 18:58:38,-25.61
25135,2026-06-27,on_time,2026-06-27 11:28:12,-16.38
25138,2026-07-23,on_time,2026-07-23 11:39:54,-17.7
25145,2026-06-27,late,2026-06-27 17:45:51,16.69
25148,2026-07-11,watch,2026-07-11 17:10:01,-7.68
25159,2026-07-03,late,2026-07-03 19:40:07,24.86
25161,2026-07-08,late,2026-07-08 04:44:31,29.58
25162,2026-07-10,on_time,2026-07-11 01:01:27,-39.47
25163,2026-07-19,watch,2026-07-19 19:58:26,-14.82
25165,2026-07-07,on_time,2026-07-07 13:39:56,-17.54
25171,2026-07-03,late,2026-07-03 16:11:32,13.03
25174,2026-08-03,on_time,2026-08-03 15:08:33,36.69
25174,2026-08-03,on_time,2026-08-03 17:44:50,12.69
25174,2026-08-03,on_time,2026-08-03 17:50:52,12.69
25174,2026-08-03,on_time,2026-08-03 17:56:55,12.69
25174,2026-08-03,at_risk,2026-08-03 18:25:18,12.69
25174,2026-08-03,late,2026-08-03 18:52:27,14.69
25180,2026-07-21,at_risk,2026-07-21 14:23:45,0.06
25181,2026-07-28,watch,2026-07-28 11:34:21,20.62
25181,2026-07-28,watch,2026-07-28 12:19:33,-9.38
25183,2026-08-09,late,2026-08-09 13:45:04,1.46
25189,2026-07-03,late,2026-07-03 18:03:26,22.19
25193,2026-06-30,on_time,2026-06-30 10:15:20,25.37
25193,2026-06-30,at_risk,2026-06-30 12:46:04,21.92
25193,2026-06-30,late,2026-06-30 13:13:14,22.37
25205,2026-07-26,watch,2026-07-26 21:08:40,-4.24
25208,2026-06-26,watch,2026-06-27 00:58:26,-12.99
25209,2026-07-03,watch,2026-07-03 21:31:47,-28.05
25211,2026-08-03,watch,2026-08-03 12:56:04,-3.82
25215,2026-08-10,on_time,2026-08-10 15:57:56,-15.47
25218,2026-06-25,watch,2026-06-25 13:33:10,-9.59
25227,2026-08-21,on_time,2026-08-21 12:10:49,-16.83
25228,2026-06-28,watch,2026-06-28 20:33:56,26.66
25228,2026-06-28,late,2026-06-28 21:52:25,23.66
25229,2026-07-03,on_time,2026-07-03 17:57:22,-30.89
25231,2026-07-22,on_time,2026-07-22 17:12:28,-17.32
25231,2026-07-22,on_time,2026-07-22 18:03:46,-17.32
25232,2026-06-26,late,2026-06-26 17:43:52,9.32
25240,2026-07-01,unknown,2026-07-01 16:05:58,30.14
25248,2026-06-30,watch,2026-06-30 17:02:47,-24.96
25249,2026-07-23,on_time,2026-07-23 14:56:53,-16.9
25250,2026-06-26,watch,2026-06-26 19:11:25,-9.49
25260,2026-06-27,late,2026-06-27 18:03:58,47.36
25261,2026-07-01,watch,2026-07-01 10:19:11,-10.31
25262,2026-07-23,late,2026-07-23 16:38:55,18.32
25265,2026-06-29,late,2026-06-29 18:26:13,27.62
25267,2026-07-22,watch,2026-07-22 20:46:03,-12.33
25278,2026-06-26,late,2026-06-26 18:47:16,15.36
25279,2026-06-29,at_risk,2026-06-29 12:14:21,-0.3
25280,2026-06-25,late,2026-06-25 18:14:01,40.8
25287,2026-07-07,late,2026-07-08 00:31:36,8.6
25288,2026-06-26,late,2026-06-26 15:46:04,32.29
25289,2026-07-10,on_time,2026-07-10 10:56:07,-31.31
25292,2026-08-06,at_risk,2026-08-06 17:18:51,-2.86
25299,2026-07-14,unknown,2026-07-15 00:32:47,28.24
25307,2026-07-07,on_time,2026-07-07 11:33:08,-23.89
25311,2026-07-18,on_time,2026-07-18 17:14:58,-12.85
25312,2026-06-30,late,2026-06-30 13:19:16,1.12
25313,2026-07-07,watch,2026-07-07 15:40:46,-3.74
25315,2026-07-16,on_time,2026-07-16 16:29:26,-27.88
25316,2026-07-25,watch,2026-07-25 17:54:32,-2.45
25317,2026-08-01,at_risk,2026-08-01 09:27:28,-0.45
25319,2026-07-16,watch,2026-07-16 15:20:01,-8.86
25320,2026-07-17,at_risk,2026-07-17 15:24:08,-2.88
25331,2026-07-11,watch,2026-07-11 16:51:52,-7.17
25334,2026-07-12,late,2026-07-12 19:37:20,13.63
25335,2026-07-13,watch,2026-07-13 11:50:49,-6.24
25348,2026-07-04,late,2026-07-04 14:06:06,14.48
25356,2026-07-17,on_time,2026-07-17 12:22:46,-36.15
25360,2026-07-03,watch,2026-07-03 17:21:06,-7.72
25363,2026-06-30,watch,2026-06-30 14:40:48,-18.84
25368,2026-08-13,on_time,2026-08-13 23:36:58,-13.81
25368,2026-08-13,watch,2026-08-13 23:52:04,-13.81
25382,2026-07-09,on_time,2026-07-09 12:33:33,-31.26
25383,2026-07-04,late,2026-07-04 20:41:34,8.43
25385,2026-06-29,unknown,2026-06-29 18:11:06,46.45
25388,2026-07-21,on_time,2026-07-21 10:56:10,-32.61
25390,2026-08-11,watch,2026-08-11 13:07:49,-3.41
25393,2026-06-28,unknown,2026-06-28 23:01:46,29.21
25401,2026-08-11,at_risk,2026-08-11 14:26:06,-3.51
25411,2026-06-29,on_time,2026-06-29 15:39:54,-17.63
25423,2026-07-21,watch,2026-07-21 11:20:17,-8.48
25433,2026-06-29,on_time,2026-06-29 20:36:08,-16.74
25434,2026-08-15,late,2026-08-15 12:04:03,5.12
25438,2026-06-27,late,2026-06-27 16:12:09,38.33
25442,2026-07-16,on_time,2026-07-16 19:42:37,-86.66
25451,2026-07-12,at_risk,2026-07-12 19:22:13,-1.55
25452,2026-07-19,watch,2026-07-19 18:40:01,-19.8
25454,2026-07-07,watch,2026-07-07 13:00:40,-11.41
25456,2026-08-07,on_time,2026-08-07 21:04:44,-8.54
25459,2026-07-10,on_time,2026-07-10 13:57:24,-81.03
25468,2026-07-20,late,2026-07-20 15:25:20,38.55
25469,2026-07-24,on_time,2026-07-24 09:21:29,-23.22
25480,2026-08-15,at_risk,2026-08-15 15:53:06,0.92
25480,2026-08-15,late,2026-08-15 15:59:09,0.92
25481,2026-08-19,watch,2026-08-19 15:34:05,-7.92
25484,2026-08-12,watch,2026-08-12 20:39:24,200.75
25486,2026-06-27,late,2026-06-27 13:01:51,3.42
25508,2026-07-26,watch,2026-07-26 17:30:37,-12.03
25510,2026-06-29,late,2026-06-30 01:19:21,29.9
25511,2026-07-05,late,2026-07-05 21:55:20,19.15
25518,2026-07-01,on_time,2026-07-01 13:44:13,-14.22
25532,2026-07-29,on_time,2026-07-29 09:37:04,-36.9
25533,2026-07-24,late,2026-07-24 13:44:14,15.03
25534,2026-07-27,on_time,2026-07-27 12:43:05,-31.84
25535,2026-06-27,late,2026-06-27 14:32:30,33.59
25536,2026-08-02,late,2026-08-02 21:47:09,5.2
25540,2026-08-20,on_time,2026-08-20 15:18:12,-68.4
25546,2026-07-09,on_time,2026-07-09 13:39:58,-17.49
25556,2026-07-16,on_time,2026-07-16 15:20:01,4.27
25556,2026-07-16,on_time,2026-07-16 16:32:27,-3.73
25556,2026-07-16,watch,2026-07-16 17:32:50,-1.98
25570,2026-07-12,late,2026-07-12 14:20:03,16.07
25571,2026-07-20,at_risk,2026-07-19 12:28:49,1721.9
25571,2026-07-20,on_time,2026-07-19 20:47:41,1196.9
25571,2026-07-20,on_time,2026-07-19 21:26:51,1046.9
25571,2026-07-20,on_time,2026-07-19 22:25:44,1046.9
25571,2026-07-20,late,2026-07-20 00:02:02,1046.9
25571,2026-07-20,watch,2026-07-20 15:31:22,86.9
25574,2026-06-28,late,2026-06-28 09:35:34,18.66
25575,2026-07-03,watch,2026-07-03 16:11:32,-0.54
25581,2026-08-01,late,2026-08-01 06:06:27,17.25
25582,2026-08-06,on_time,2026-08-06 09:32:19,-70.02
25590,2026-07-06,at_risk,2026-07-06 08:48:52,-11.02
25591,2026-06-28,watch,2026-06-28 14:55:38,-18.85
25593,2026-08-20,watch,2026-08-20 14:26:20,-16.08
25596,2026-07-25,watch,2026-07-25 15:24:40,-3.44
25598,2026-07-12,late,2026-07-12 12:10:03,7.78
25600,2026-08-20,late,2026-08-20 13:19:35,6.44
25609,2026-08-11,late,2026-08-11 15:14:32,7.25
25610,2026-08-20,watch,2026-08-20 18:46:23,-11.19
25612,2026-07-21,at_risk,2026-07-21 11:35:21,-8.93
25614,2026-07-02,on_time,2026-07-02 22:24:33,-34.53
25618,2026-07-07,watch,2026-07-07 12:33:29,-8.6
25631,2026-07-02,unknown,2026-07-02 23:09:48,25.9
25633,2026-07-06,late,2026-07-06 15:30:21,1.15
25634,2026-08-03,late,2026-08-03 12:16:47,17.19
25638,2026-07-02,at_risk,2026-07-02 03:57:02,7.87
25640,2026-08-12,watch,2026-08-12 12:51:29,20.62
25640,2026-08-12,late,2026-08-12 13:18:42,17.62
25642,2026-07-16,on_time,2026-07-16 20:18:48,-22.83
25659,2026-06-28,watch,2026-06-28 19:42:37,-17.98
25664,2026-07-04,late,2026-07-04 12:35:29,7.62
25666,2026-07-13,watch,2026-07-13 12:51:18,-7.74
25678,2026-07-10,late,2026-07-10 23:06:52,18.4
25685,2026-07-12,on_time,2026-07-12 12:46:19,-25.55
25687,2026-06-29,watch,2026-06-29 15:03:37,-6.24
25693,2026-07-08,watch,2026-07-08 09:39:41,-20.19
25704,2026-08-15,watch,2026-08-15 07:27:51,-10.6
25708,2026-07-01,late,2026-07-01 22:10:51,21.21
25709,2026-07-03,on_time,2026-07-03 14:55:54,-46.67
25715,2026-07-13,watch,2026-07-13 16:13:50,-13.72
25716,2026-07-17,on_time,2026-07-17 11:25:21,-33.98
25717,2026-07-16,late,2026-07-16 17:47:56,10.55
25725,2026-07-07,at_risk,2026-07-07 15:31:43,2.41
25729,2026-07-24,late,2026-07-24 12:49:50,5.12
25732,2026-07-06,at_risk,2026-07-06 16:27:47,0.58
25733,2026-07-11,late,2026-07-11 17:00:56,1.18
25742,2026-06-30,at_risk,2026-06-30 17:26:56,-1.23
25745,2026-08-03,on_time,2026-08-03 10:58:20,-31.12
25752,2026-07-20,late,2026-07-20 18:03:23,3.2
25753,2026-07-25,on_time,2026-07-25 15:56:42,-32.83
25762,2026-07-16,watch,2026-07-16 11:12:30,-20.05
25763,2026-07-19,on_time,2026-07-19 17:09:24,-9.75
25766,2026-07-05,late,2026-07-05 17:14:35,11.25
25767,2026-07-08,on_time,2026-07-08 14:26:29,-16.1
25769,2026-07-15,watch,2026-07-15 12:14:44,-13.6
25796,2026-07-16,late,2026-07-17 00:28:53,7.4
25801,2026-07-18,on_time,2026-07-18 15:47:45,-10.94
25802,2026-07-29,late,2026-07-29 14:19:17,5.54
25806,2026-07-04,late,2026-07-04 18:43:59,13.47
25818,2026-08-01,late,2026-08-02 00:10:42,14.26
25819,2026-07-01,unknown,2026-07-01 14:02:19,31.11
25820,2026-07-07,watch,2026-07-07 17:41:36,-15.85
25825,2026-07-15,late,2026-07-15 15:52:14,13.82
25827,2026-07-25,watch,2026-07-25 22:17:18,-17.03
25828,2026-07-26,watch,2026-07-26 14:37:41,-21.09
25829,2026-08-02,late,2026-08-02 13:31:14,3.09
25836,2026-07-25,late,2026-07-25 15:30:42,1.3
25845,2026-08-03,unknown,2026-08-03 18:13:13,20.63
25846,2026-07-06,late,2026-07-06 15:21:17,20.23
25847,2026-07-11,late,2026-07-11 14:38:48,9.45
25854,2026-08-06,at_risk,2026-08-06 13:26:27,2.05
25858,2026-07-09,unknown,2026-07-09 15:43:58,31.03
25866,2026-07-22,watch,2026-07-22 23:55:57,-10.74
25867,2026-07-26,at_risk,2026-07-26 08:29:50,0.18
25868,2026-06-30,late,2026-06-30 21:07:07,23.29
25871,2026-07-07,watch,2026-07-07 16:53:16,-5.21
25872,2026-07-15,late,2026-07-15 17:19:53,7.39
25879,2026-07-30,watch,2026-07-30 11:07:05,-20.8
25882,2026-07-22,late,2026-07-23 03:58:47,84.19
25884,2026-08-01,watch,2026-08-01 12:47:09,-10.55
25886,2026-07-18,on_time,2026-07-18 11:51:06,-37.67
25893,2026-07-12,late,2026-07-12 12:31:11,1.42
25898,2026-07-05,late,2026-07-05 17:56:52,23.91
25902,2026-07-06,watch,2026-07-06 18:52:47,-5.17
25908,2026-08-08,on_time,2026-08-08 13:14:40,-12.51
25915,2026-07-25,late,2026-07-25 16:33:01,5.68
25916,2026-07-18,watch,2026-07-18 12:54:34,-3.79
25917,2026-08-02,at_risk,2026-08-02 09:56:06,-5.58
25918,2026-08-09,on_time,2026-08-09 09:35:23,-22.59
25919,2026-07-13,late,2026-07-13 15:07:18,9.08
25920,2026-07-19,watch,2026-07-19 18:30:58,-27.42
25925,2026-07-25,watch,2026-07-25 17:51:32,-4.31
25926,2026-07-31,watch,2026-07-31 11:18:26,-9.99
25929,2026-07-01,late,2026-07-01 15:32:49,12.7
25931,2026-08-07,watch,2026-08-08 03:26:21,-4.37
25932,2026-08-09,late,2026-08-09 15:25:47,36.03
25934,2026-08-09,late,2026-08-09 14:36:31,8.69
25936,2026-08-18,on_time,2026-08-18 19:22:18,-18.41
25942,2026-08-14,late,2026-08-15 03:10:36,4.0
25944,2026-07-22,at_risk,2026-07-22 13:24:47,-0.74
25945,2026-07-26,watch,2026-07-26 10:27:50,-0.63
25948,2026-07-18,on_time,2026-07-18 13:58:05,-14.48
25950,2026-07-07,late,2026-07-07 04:31:17,20.71
25951,2026-08-21,watch,2026-08-21 13:17:24,-16.13
25953,2026-07-31,on_time,2026-07-31 21:44:14,-33.1
25954,2026-08-03,watch,2026-08-03 11:04:22,-9.65
25963,2026-07-17,on_time,2026-07-17 23:36:18,-76.27
25972,2026-06-30,unknown,2026-06-30 13:55:28,27.7
25973,2026-07-07,watch,2026-07-07 09:11:24,-17.56
25977,2026-07-09,late,2026-07-09 15:19:46,12.92
25981,2026-07-29,late,2026-07-29 19:44:00,2.97
25986,2026-07-14,watch,2026-07-14 14:38:19,-8.24
25988,2026-07-03,late,2026-07-03 14:13:36,1.63
25994,2026-07-04,late,2026-07-04 10:37:51,8.45
25998,2026-07-05,watch,2026-07-05 11:39:11,-4.02
26006,2026-07-04,unknown,2026-07-04 20:17:28,7.09
26007,2026-07-10,late,2026-07-10 18:20:13,20.39
26016,2026-07-03,watch,2026-07-03 14:31:43,-6.56
26018,2026-07-22,late,2026-07-22 13:09:43,1.96
26020,2026-06-30,watch,2026-06-30 16:02:24,-10.86
26022,2026-07-25,on_time,2026-07-25 19:36:22,-20.72
26025,2026-07-02,late,2026-07-02 20:26:50,19.1
26030,2026-07-01,watch,2026-07-01 10:55:19,-4.19
26036,2026-07-10,late,2026-07-10 14:33:41,3.79
26055,2026-07-11,at_risk,2026-07-11 12:19:43,20.58
26055,2026-07-11,watch,2026-07-11 13:20:10,-9.42
26064,2026-07-05,late,2026-07-05 15:13:41,5.77
26065,2026-07-12,watch,2026-07-12 11:33:48,-25.08
26073,2026-07-14,late,2026-07-14 14:53:24,8.92
26074,2026-07-21,watch,2026-07-21 13:41:30,-15.77
26077,2026-07-06,late,2026-07-06 15:18:16,10.62
26078,2026-07-12,watch,2026-07-12 12:49:20,-8.63
26092,2026-07-10,on_time,2026-07-10 22:24:38,-34.8
26102,2026-08-13,watch,2026-08-13 19:50:15,-7.21
26112,2026-07-24,watch,2026-07-24 15:33:09,-26.62
26113,2026-08-10,on_time,2026-08-10 15:33:44,-24.34
26115,2026-07-03,late,2026-07-03 15:56:24,9.2
26116,2026-07-10,watch,2026-07-10 13:15:04,-12.08
26119,2026-07-06,late,2026-07-06 22:05:50,11.03
26121,2026-07-25,watch,2026-07-25 23:17:32,-4.67
26122,2026-08-01,on_time,2026-08-01 21:03:41,-23.29
26122,2026-08-01,on_time,2026-08-01 21:19:06,-23.29
26146,2026-07-26,watch,2026-07-26 17:39:40,-4.39
26161,2026-07-26,on_time,2026-07-26 11:46:18,-11.44
26163,2026-08-03,on_time,2026-08-03 21:08:25,-20.18
26178,2026-07-17,late,2026-07-17 15:18:05,4.14
26201,2026-07-29,late,2026-07-29 12:58:56,9.78
26202,2026-08-01,watch,2026-08-01 14:02:35,-10.85
26203,2026-07-16,late,2026-07-16 13:40:22,12.19
26215,2026-07-19,late,2026-07-19 11:55:39,25.27
26216,2026-07-25,watch,2026-07-25 17:42:28,0.27
26218,2026-07-05,late,2026-07-05 11:39:11,12.15
26220,2026-07-13,unknown,2026-07-13 15:16:22,12.4
26223,2026-07-10,watch,2026-07-10 07:49:12,-10.61
26226,2026-08-03,watch,2026-08-03 13:45:27,-11.8
26229,2026-07-28,watch,2026-07-28 17:43:37,-15.71
26230,2026-07-11,late,2026-07-11 22:57:22,5.7
26231,2026-07-18,watch,2026-07-18 11:17:53,-11.13
26232,2026-08-09,watch,2026-08-09 14:42:34,-5.4
26236,2026-07-12,on_time,2026-07-12 14:13:59,-15.28
26238,2026-08-05,late,2026-08-05 18:09:28,22.17
26239,2026-08-08,watch,2026-08-08 18:50:09,-9.4
26249,2026-07-05,late,2026-07-05 22:40:38,26.02
26257,2026-07-05,on_time,2026-07-05 14:40:27,-19.46
26259,2026-07-22,watch,2026-07-22 14:40:15,-19.47
26261,2026-07-12,watch,2026-07-12 18:39:54,-3.23
26264,2026-07-12,late,2026-07-12 12:49:20,3.61
26268,2026-08-12,on_time,2026-08-12 17:56:17,4.65
26268,2026-08-12,on_time,2026-08-12 18:08:23,-0.35
26268,2026-08-12,at_risk,2026-08-12 19:02:36,-4.35
26269,2026-08-16,on_time,2026-08-16 17:25:20,-17.63
26271,2026-07-08,watch,2026-07-08 15:57:08,-2.42
26278,2026-07-30,on_time,2026-07-30 15:50:29,-100.98
26289,2026-07-30,at_risk,2026-07-30 21:05:22,-4.58
26315,2026-07-15,late,2026-07-15 13:09:06,31.88
26316,2026-07-21,watch,2026-07-21 21:05:09,-24.78
26324,2026-07-03,watch,2026-07-03 10:11:42,-9.51
26325,2026-07-05,on_time,2026-07-05 09:50:31,-51.79
26327,2026-08-06,on_time,2026-08-06 11:58:08,-31.82
26332,2026-07-20,watch,2026-07-20 10:10:07,-3.23
26356,2026-07-06,watch,2026-07-06 16:21:44,-22.41
26358,2026-07-07,unknown,2026-07-07 19:51:22,23.24
26369,2026-08-06,on_time,2026-08-06 07:13:18,-35.1
26370,2026-07-23,on_time,2026-07-23 21:05:55,-20.75
26371,2026-07-26,watch,2026-07-26 17:30:37,-13.38
26371,2026-07-26,on_time,2026-07-26 17:45:42,-13.38
26372,2026-07-28,late,2026-07-28 20:19:12,15.12
26374,2026-07-02,late,2026-07-02 20:17:46,3.68
26376,2026-07-20,late,2026-07-20 23:06:35,9.0
26380,2026-07-09,at_risk,2026-07-09 16:29:21,1.29
26387,2026-08-18,on_time,2026-08-18 19:28:20,-29.47
26389,2026-07-18,watch,2026-07-18 13:55:04,-4.14
26391,2026-07-15,late,2026-07-15 18:38:25,15.19
26400,2026-08-21,at_risk,2026-08-21 12:56:13,-2.41
26408,2026-07-30,late,2026-07-30 13:51:01,25.52
26412,2026-07-16,watch,2026-07-16 13:28:17,-0.72
26413,2026-07-23,at_risk,2026-07-23 14:53:51,-3.42
26415,2026-07-09,watch,2026-07-09 13:18:50,-8.49
26424,2026-08-08,at_risk,2026-08-08 15:47:05,-3.47
26426,2026-07-13,watch,2026-07-13 19:36:15,-20.37
26452,2026-08-14,on_time,2026-08-14 12:08:25,-14.49
26453,2026-08-17,on_time,2026-08-17 20:11:06,-18.02
26457,2026-07-17,on_time,2026-07-17 17:13:03,-46.19
26458,2026-07-24,on_time,2026-07-24 13:41:13,-15.06
26459,2026-07-31,watch,2026-07-31 11:36:32,-21.35
26461,2026-07-22,late,2026-07-22 12:00:01,8.42
26462,2026-07-23,on_time,2026-07-23 20:29:44,-27.85
26463,2026-07-06,late,2026-07-06 13:11:19,11.06
26464,2026-07-11,at_risk,2026-07-11 14:59:58,0.66
26470,2026-08-05,late,2026-08-05 14:50:18,5.81
26474,2026-07-23,late,2026-07-24 02:37:00,24.61
26480,2026-07-28,watch,2026-07-28 10:37:07,-20.05
26495,2026-07-20,watch,2026-07-20 13:29:52,-8.16
26499,2026-07-16,watch,2026-07-16 21:52:11,-18.49
26504,2026-07-05,watch,2026-07-05 22:16:29,-12.01
26513,2026-08-04,watch,2026-08-04 16:46:53,-10.73
26514,2026-07-18,unknown,2026-07-18 19:55:36,-1.8
26516,2026-07-13,late,2026-07-13 16:41:01,21.35
26517,2026-07-19,watch,2026-07-19 15:48:21,-8.94
26520,2026-07-09,late,2026-07-09 14:25:20,14.28
26528,2026-07-30,late,2026-07-30 20:22:58,42.88
26529,2026-08-04,at_risk,2026-08-04 14:06:53,-20.43
26536,2026-07-06,late,2026-07-06 14:02:43,5.11
26537,2026-07-10,on_time,2026-07-10 12:47:52,-40.0
26538,2026-07-04,at_risk,2026-07-04 13:47:58,-0.93
26541,2026-07-30,watch,2026-07-30 21:23:28,-5.14
26542,2026-08-04,on_time,2026-08-04 12:33:30,-26.09
26543,2026-07-24,watch,2026-07-24 23:51:10,-10.5
26544,2026-07-04,late,2026-07-04 20:26:30,16.19
26545,2026-07-12,on_time,2026-07-12 16:51:07,-29.21
26546,2026-07-18,on_time,2026-07-18 19:46:32,-42.96
26552,2026-07-18,at_risk,2026-07-18 13:55:04,-4.68
26553,2026-07-24,on_time,2026-07-24 11:54:54,-33.31
26561,2026-07-04,late,2026-07-04 09:43:36,8.18
26566,2026-07-03,watch,2026-07-03 20:34:27,-7.53
26568,2026-07-08,at_risk,2026-07-08 13:29:01,0.01
26569,2026-07-30,late,2026-07-31 00:02:32,11.77
26570,2026-08-02,on_time,2026-08-02 17:57:20,-16.81
26580,2026-07-21,unknown,2026-07-21 13:17:59,24.92
26581,2026-07-23,on_time,2026-07-23 20:25:02,-64.57
26583,2026-07-04,late,2026-07-04 16:28:06,15.57
26592,2026-07-13,late,2026-07-13 18:02:36,27.57
26593,2026-07-18,watch,2026-07-18 10:11:27,-17.24
26601,2026-08-10,watch,2026-08-10 09:23:10,-5.36
26602,2026-08-17,late,2026-08-17 21:04:52,32.18
26602,2026-08-17,late,2026-08-17 21:31:16,9.18
26604,2026-08-11,on_time,2026-08-11 19:13:35,70.4
26604,2026-08-11,on_time,2026-08-11 20:13:09,67.3
26604,2026-08-11,on_time,2026-08-11 20:28:15,68.4
26604,2026-08-11,on_time,2026-08-11 21:37:44,69.4
26606,2026-07-08,late,2026-07-08 16:30:24,7.39
26607,2026-07-13,on_time,2026-07-13 18:08:38,-20.92
26612,2026-07-27,on_time,2026-07-27 19:15:29,391.43
26612,2026-07-27,late,2026-07-28 03:58:50,120.43
26615,2026-07-11,at_risk,2026-07-11 10:55:08,-4.42
26629,2026-07-16,watch,2026-07-16 18:48:20,-9.2
26642,2026-07-11,late,2026-07-11 13:41:19,13.7
26660,2026-07-04,watch,2026-07-04 08:49:22,-8.31
26661,2026-07-05,late,2026-07-05 13:12:48,10.25
26667,2026-07-19,late,2026-07-19 13:26:09,20.67
26673,2026-07-16,late,2026-07-16 14:40:46,4.49
26674,2026-07-22,late,2026-07-22 10:11:31,3.52
26677,2026-07-08,late,2026-07-08 16:30:24,8.53
26680,2026-07-29,on_time,2026-07-29 20:50:00,-79.27
26680,2026-07-29,on_time,2026-07-29 20:59:03,-49.27
26694,2026-07-11,watch,2026-07-11 21:57:03,-1.79
26701,2026-07-18,on_time,2026-07-18 16:50:46,14.37
26701,2026-07-18,on_time,2026-07-18 16:56:50,-15.63
26701,2026-07-18,on_time,2026-07-18 17:14:58,-15.63
26703,2026-07-12,late,2026-07-12 16:36:00,21.43
26705,2026-07-04,on_time,2026-07-04 18:28:54,0.13
26718,2026-07-12,watch,2026-07-12 19:04:04,-10.37
26719,2026-07-09,late,2026-07-09 14:13:13,3.86
26722,2026-08-11,on_time,2026-08-11 13:52:49,-21.42
26731,2026-07-11,on_time,2026-07-11 09:09:36,-62.53
26733,2026-08-08,late,2026-08-08 15:16:49,4.61
26752,2026-07-05,at_risk,2026-07-05 22:31:35,1.91
26754,2026-07-22,watch,2026-07-22 22:55:43,-3.11
26760,2026-07-07,late,2026-07-07 17:14:25,19.77
26765,2026-07-06,unknown,2026-07-07 02:15:50,29.27
26766,2026-07-12,late,2026-07-12 18:39:54,42.88
26767,2026-07-07,watch,2026-07-07 15:46:48,-10.45
26776,2026-07-06,on_time,2026-07-06 13:02:14,-26.13
26777,2026-08-05,on_time,2026-08-05 14:53:20,-21.82
26786,2026-07-13,watch,2026-07-13 17:14:15,-13.03
26798,2026-07-22,watch,2026-07-22 10:53:43,-3.79
26803,2026-07-09,at_risk,2026-07-09 14:22:19,-5.56
26807,2026-07-06,at_risk,2026-07-06 11:55:43,-2.72
26812,2026-07-23,late,2026-07-23 18:11:42,15.37
26813,2026-08-01,late,2026-08-01 13:44:27,46.34
26823,2026-07-14,watch,2026-07-14 18:33:57,-24.94
26829,2026-07-07,watch,2026-07-07 10:32:50,-25.07
26837,2026-08-18,on_time,2026-08-18 16:53:28,-36.07
26842,2026-07-05,late,2026-07-06 01:44:19,21.76
26848,2026-07-19,watch,2026-07-19 12:10:44,1.52
26850,2026-08-18,on_time,2026-08-18 13:36:03,-23.57
26858,2026-07-20,on_time,2026-07-20 12:16:06,-41.29
26862,2026-08-12,on_time,2026-08-12 15:18:51,-9.63
26869,2026-08-01,on_time,2026-08-01 13:26:20,-23.05
26870,2026-08-08,on_time,2026-08-08 16:53:07,-65.69
26871,2026-07-06,watch,2026-07-06 11:55:43,-1.77
26877,2026-07-07,late,2026-07-07 18:26:54,1.68
26882,2026-08-20,on_time,2026-08-20 11:38:14,-28.97
26884,2026-08-10,watch,2026-08-10 11:54:41,-3.9
26885,2026-07-12,late,2026-07-12 12:13:03,16.73
26886,2026-07-18,on_time,2026-07-18 13:33:54,-69.17
26887,2026-07-07,late,2026-07-07 14:40:20,41.93
26888,2026-07-14,watch,2026-07-14 17:45:36,-12.05
26894,2026-07-07,on_time,2026-07-07 10:11:44,-15.52
26898,2026-07-11,unknown,2026-07-11 20:56:40,46.05
26900,2026-07-11,late,2026-07-11 18:13:30,15.29
26901,2026-07-14,watch,2026-07-14 12:37:29,-20.8
26904,2026-07-15,late,2026-07-15 17:07:48,8.39
26910,2026-07-21,at_risk,2026-07-21 12:23:39,-2.57
26911,2026-07-25,on_time,2026-07-25 08:41:50,-16.52
26922,2026-07-16,watch,2026-07-16 08:05:44,-6.53
26923,2026-07-06,late,2026-07-07 00:30:27,30.53
26929,2026-07-17,late,2026-07-17 14:54:07,7.88
26930,2026-07-27,on_time,2026-07-27 17:21:58,-17.37
26933,2026-07-12,late,2026-07-12 17:45:32,11.24
26944,2026-07-19,on_time,2026-07-19 18:46:03,-27.27
26952,2026-08-07,watch,2026-08-07 22:16:41,-13.11
26953,2026-08-07,on_time,2026-08-07 20:10:18,-19.86
26957,2026-07-11,late,2026-07-11 15:48:21,16.44
26958,2026-07-16,on_time,2026-07-16 22:13:17,-23.94
26959,2026-07-14,late,2026-07-14 13:43:56,17.69
26960,2026-07-20,late,2026-07-20 20:47:48,20.33
26964,2026-07-23,on_time,2026-07-23 15:32:31,-25.45
26967,2026-07-21,late,2026-07-21 18:21:29,6.6
26972,2026-08-21,late,2026-08-21 14:03:56,7.18
26991,2026-07-31,unknown,2026-07-31 15:23:12,36.58
26993,2026-07-17,on_time,2026-07-17 17:52:18,-35.72
27007,2026-08-04,late,2026-08-04 22:45:31,3.22
27008,2026-08-10,on_time,2026-08-10 09:11:04,-30.9
27009,2026-07-06,watch,2026-07-07 01:03:35,-26.01
27024,2026-07-25,at_risk,2026-07-26 00:15:00,-5.14
27025,2026-08-01,late,2026-08-01 15:33:21,6.36
27029,2026-07-18,watch,2026-07-18 15:19:48,-8.85
27039,2026-07-18,on_time,2026-07-19 00:04:15,-15.04
27041,2026-08-13,at_risk,2026-08-13 13:03:03,5.29
27041,2026-08-13,late,2026-08-13 13:09:07,5.29
27042,2026-08-16,on_time,2026-08-16 20:23:54,-60.58
27047,2026-07-08,on_time,2026-07-08 23:06:11,-7.99
27048,2026-07-15,on_time,2026-07-15 14:36:43,-21.23
27051,2026-07-09,late,2026-07-09 17:17:39,14.46
27052,2026-07-15,watch,2026-07-15 13:57:26,-0.15
27057,2026-07-28,watch,2026-07-28 13:06:17,-21.72
27060,2026-07-09,at_risk,2026-07-09 22:58:56,2.04
27062,2026-07-14,on_time,2026-07-14 11:49:12,-40.4
27068,2026-08-10,late,2026-08-10 17:14:07,9.09
27070,2026-07-22,on_time,2026-07-22 18:33:55,-50.26
27079,2026-07-09,late,2026-07-09 21:58:37,18.35
27081,2026-07-29,late,2026-07-29 12:46:52,14.32
27094,2026-08-01,on_time,2026-08-01 11:22:07,-34.85
27097,2026-08-15,watch,2026-08-15 19:40:04,-2.5
27099,2026-07-09,late,2026-07-09 21:52:34,15.07
27103,2026-07-07,late,2026-07-07 23:52:26,25.96
27111,2026-08-04,on_time,2026-08-04 12:27:27,-8.88
27115,2026-07-08,unknown,2026-07-08 17:39:58,27.11
27120,2026-08-02,late,2026-08-02 21:36:27,14.4
27127,2026-07-11,unknown,2026-07-11 18:31:39,33.75
27128,2026-07-15,on_time,2026-07-15 20:11:57,-16.58
27130,2026-08-16,on_time,2026-08-16 14:10:12,-33.31
27133,2026-07-27,watch,2026-07-27 10:35:05,-24.82
27134,2026-08-07,watch,2026-08-07 21:19:12,-8.7
27140,2026-07-19,watch,2026-07-19 14:41:58,-0.89
27143,2026-08-09,on_time,2026-08-09 14:03:13,302.42
27143,2026-08-09,late,2026-08-09 14:42:34,303.42
27144,2026-08-14,late,2026-08-14 13:33:30,19.8
27160,2026-07-12,late,2026-07-12 19:58:27,35.62
27160,2026-07-12,late,2026-07-12 20:04:29,35.62
27172,2026-07-09,late,2026-07-10 02:05:48,10.27
27180,2026-07-12,late,2026-07-12 21:50:08,3.53
27197,2026-07-15,unknown,2026-07-15 15:31:04,41.83
27198,2026-07-20,watch,2026-07-20 17:42:14,-15.97
27204,2026-08-14,on_time,2026-08-14 20:44:33,-42.89
27211,2026-07-10,watch,2026-07-10 23:15:56,-6.72
27212,2026-07-17,at_risk,2026-07-17 11:13:16,-0.11
27221,2026-08-02,on_time,2026-08-02 16:31:47,-56.29
27224,2026-07-18,watch,2026-07-18 13:15:45,-13.85
27229,2026-07-11,late,2026-07-11 22:51:20,39.71
27230,2026-07-18,on_time,2026-07-18 12:39:26,-19.31
27233,2026-07-09,watch,2026-07-09 13:21:51,-7.89
27239,2026-07-30,at_risk,2026-07-30 19:57:15,-2.53
27240,2026-08-05,on_time,2026-08-05 12:26:11,-31.58
27277,2026-07-27,late,2026-07-27 13:07:15,9.72
27278,2026-07-08,watch,2026-07-08 12:28:32,-0.21
27279,2026-07-08,at_risk,2026-07-08 11:25:08,-3.5
27282,2026-08-09,watch,2026-08-09 12:55:37,-2.03
27290,2026-08-07,at_risk,2026-08-07 20:37:34,-0.38
27297,2026-07-29,watch,2026-07-29 16:10:57,-15.13
27298,2026-08-03,on_time,2026-08-03 11:55:38,-31.96
27302,2026-07-22,late,2026-07-22 15:41:33,7.99
27303,2026-07-09,late,2026-07-09 21:34:28,38.33
27307,2026-07-17,on_time,2026-07-17 10:03:56,-23.68
27321,2026-07-28,watch,2026-07-28 13:36:28,-8.29
27325,2026-07-10,watch,2026-07-10 13:18:05,-11.49
27326,2026-07-10,late,2026-07-10 20:20:53,16.0
27327,2026-07-17,on_time,2026-07-17 15:27:10,-31.72
27335,2026-07-21,late,2026-07-21 13:14:58,14.2
27338,2026-07-26,late,2026-07-26 16:08:42,9.13
27340,2026-07-18,late,2026-07-18 22:05:35,8.17
27357,2026-07-15,late,2026-07-15 13:48:21,36.06
27359,2026-07-20,at_risk,2026-07-20 18:27:32,-0.58
27368,2026-08-21,at_risk,2026-08-21 21:14:08,0.41
27373,2026-07-14,at_risk,2026-07-14 19:46:25,-5.2
27374,2026-07-18,watch,2026-07-18 17:14:58,-4.68
27376,2026-07-26,watch,2026-07-26 14:34:37,-11.42
27384,2026-08-16,watch,2026-08-16 15:38:26,-1.82
27394,2026-08-13,at_risk,2026-08-13 11:59:28,0.64
27402,2026-07-14,watch,2026-07-14 17:06:18,-8.28
27406,2026-07-17,at_risk,2026-07-17 20:50:23,76.15
27407,2026-07-10,late,2026-07-11 00:46:22,7.3
27408,2026-07-15,on_time,2026-07-15 12:11:43,-47.35
27409,2026-07-12,at_risk,2026-07-12 22:41:26,-3.08
27411,2026-07-10,late,2026-07-11 01:19:31,21.46
27412,2026-07-18,late,2026-07-18 12:12:15,17.46
27413,2026-07-22,watch,2026-07-22 17:03:25,-14.17
27420,2026-08-17,on_time,2026-08-17 12:36:45,-50.34
27433,2026-07-23,on_time,2026-07-23 13:16:25,-45.62
27450,2026-07-19,at_risk,2026-07-19 12:13:45,16.9
27450,2026-07-19,late,2026-07-19 12:31:50,16.9
27452,2026-07-19,watch,2026-07-20 02:50:30,-10.86
27456,2026-07-19,late,2026-07-20 03:35:39,34.26
27459,2026-07-12,watch,2026-07-12 15:08:23,-22.73
27460,2026-07-17,watch,2026-07-17 13:53:24,-4.63
27463,2026-07-10,unknown,2026-07-10 15:31:09,6.42
27467,2026-08-17,at_risk,2026-08-17 16:44:48,-2.9
27474,2026-07-25,late,2026-07-25 10:01:49,1.95
27475,2026-07-13,late,2026-07-13 23:10:19,10.66
27477,2026-07-15,at_risk,2026-07-15 22:24:37,-5.39
27499,2026-07-19,late,2026-07-19 20:08:30,6.49
27500,2026-07-25,on_time,2026-07-25 15:33:43,-54.24
27513,2026-07-26,on_time,2026-07-26 21:29:48,-43.45
27514,2026-07-28,late,2026-07-28 13:39:29,16.07
27515,2026-08-04,on_time,2026-08-04 20:37:41,-20.57
27518,2026-08-18,late,2026-08-18 18:09:40,13.71
27525,2026-07-18,watch,2026-07-18 20:36:52,-22.2
27535,2026-08-18,late,2026-08-18 15:17:19,29.27
27535,2026-08-18,unknown,2026-08-18 15:23:21,24.27
27542,2026-08-06,watch,2026-08-06 11:15:47,-12.15
27546,2026-07-14,late,2026-07-14 22:44:23,6.0
27548,2026-07-11,late,2026-07-11 17:31:10,13.36
27567,2026-08-01,at_risk,2026-08-01 06:57:39,-1.41
27570,2026-07-29,watch,2026-07-29 17:01:56,-25.56
27579,2026-08-18,late,2026-08-18 17:11:37,29.79
27585,2026-08-07,on_time,2026-08-07 13:14:28,-23.08
27586,2026-08-11,at_risk,2026-08-11 14:53:22,-1.35
27589,2026-07-16,on_time,2026-07-17 00:25:52,-61.63
27590,2026-07-17,watch,2026-07-17 13:14:07,-14.13
27591,2026-07-17,watch,2026-07-18 01:45:52,-13.62
27592,2026-07-18,late,2026-07-18 14:31:22,31.76
27593,2026-08-06,watch,2026-08-06 13:26:27,-7.57
27594,2026-07-25,late,2026-07-25 15:21:39,7.76
27595,2026-07-10,watch,2026-07-10 13:06:00,-8.89
27599,2026-07-22,watch,2026-07-22 08:33:54,-24.26
27601,2026-08-01,late,2026-08-01 13:05:16,22.62
27606,2026-08-04,watch,2026-08-04 16:10:41,-15.83
27607,2026-07-22,watch,2026-07-22 15:38:32,-8.07
27608,2026-07-12,at_risk,2026-07-13 00:29:59,-3.76
27609,2026-07-18,watch,2026-07-18 09:38:12,-6.16
27616,2026-07-16,late,2026-07-16 16:56:36,4.33
27619,2026-07-17,watch,2026-07-17 18:04:23,-23.82
27626,2026-07-18,watch,2026-07-18 12:42:29,-14.84
27628,2026-07-30,at_risk,2026-07-30 22:17:15,-4.03
27641,2026-07-13,late,2026-07-13 19:24:09,1.72
27642,2026-07-18,watch,2026-07-18 12:48:32,-9.81
27643,2026-07-12,late,2026-07-12 14:50:15,16.45
27644,2026-07-17,watch,2026-07-17 13:14:07,-13.33
27651,2026-07-23,late,2026-07-23 20:44:49,17.33
27655,2026-07-25,late,2026-07-25 14:03:07,5.33
27656,2026-07-27,on_time,2026-07-27 18:28:17,-61.15
27659,2026-08-03,watch,2026-08-03 15:23:40,-4.65
27660,2026-08-07,on_time,2026-08-07 12:01:42,-57.73
27665,2026-07-12,on_time,2026-07-12 11:18:41,-40.68
27671,2026-07-10,late,2026-07-11 00:28:16,25.53
27679,2026-08-18,watch,2026-08-18 19:22:18,-11.02
27679,2026-08-18,watch,2026-08-18 19:25:19,-6.02
27682,2026-08-02,at_risk,2026-08-02 17:27:06,-1.83
27694,2026-08-09,at_risk,2026-08-10 01:54:50,-0.68
27699,2026-07-12,on_time,2026-07-12 22:50:29,19.22
27700,2026-07-15,late,2026-07-15 19:17:40,4.78
27705,2026-08-05,late,2026-08-05 12:08:04,9.1
27706,2026-07-14,late,2026-07-14 19:22:16,8.88
27708,2026-08-09,on_time,2026-08-09 11:45:44,-12.69
27709,2026-07-11,late,2026-07-11 19:23:05,25.89
27710,2026-07-16,late,2026-07-16 14:19:36,21.75
27719,2026-07-17,late,2026-07-18 00:18:31,7.55
27732,2026-07-15,late,2026-07-15 15:25:01,0.64
27739,2026-08-04,on_time,2026-08-04 18:40:04,-27.13
27746,2026-07-19,watch,2026-07-19 18:00:41,-13.75
27752,2026-07-14,late,2026-07-14 16:54:12,8.36
27756,2026-07-18,watch,2026-07-18 12:24:20,-5.6
27762,2026-07-20,late,2026-07-20 12:37:14,10.27
27764,2026-07-19,on_time,2026-07-19 13:32:12,-56.38
27769,2026-08-08,late,2026-08-08 19:08:00,23.73
27777,2026-07-17,watch,2026-07-17 12:04:38,-25.04
27780,2026-07-29,late,2026-07-29 18:30:40,37.27
27787,2026-07-23,late,2026-07-23 14:02:33,2.72
27788,2026-07-14,late,2026-07-14 19:19:15,17.85
27801,2026-07-25,on_time,2026-07-25 12:34:31,-53.47
27806,2026-07-18,at_risk,2026-07-18 16:53:49,0.66
27822,2026-08-07,on_time,2026-08-08 02:19:48,-38.19
27825,2026-08-03,watch,2026-08-03 12:40:58,-16.13
27827,2026-07-26,at_risk,2026-07-26 16:48:05,-10.31
27828,2026-07-31,watch,2026-07-31 23:32:48,-3.05
27829,2026-07-20,watch,2026-07-20 04:38:44,-9.66
27830,2026-07-29,watch,2026-07-29 15:52:50,-6.29
27845,2026-08-03,late,2026-08-03 08:00:59,16.7
27853,2026-07-12,watch,2026-07-12 12:10:03,-13.35
27853,2026-07-12,watch,2026-07-12 12:31:11,-13.35
27859,2026-08-10,on_time,2026-08-10 18:27:41,-16.58
27870,2026-08-05,on_time,2026-08-05 12:53:05,-19.27
27872,2026-07-31,watch,2026-07-31 12:51:06,-6.45
27874,2026-08-03,on_time,2026-08-03 16:11:11,-17.83
27881,2026-07-18,watch,2026-07-18 09:56:20,-2.38
27892,2026-08-20,late,2026-08-20 17:21:41,16.48
27892,2026-08-20,late,2026-08-20 17:33:46,16.48
27901,2026-07-12,on_time,2026-07-12 08:23:39,-34.07
27911,2026-07-26,watch,2026-07-26 09:45:35,-6.7
27919,2026-07-15,at_risk,2026-07-15 19:29:44,1.23
27923,2026-07-19,on_time,2026-07-19 10:20:39,-37.58
27928,2026-08-17,on_time,2026-08-17 12:24:38,-19.15
27939,2026-08-07,late,2026-08-07 17:33:34,5.68
27940,2026-07-20,watch,2026-07-20 10:57:36,-5.7
27953,2026-07-12,late,2026-07-12 21:13:55,11.54
27959,2026-07-21,late,2026-07-21 12:32:43,7.14
27960,2026-07-26,watch,2026-07-26 09:42:35,-15.31
27967,2026-07-20,late,2026-07-21 01:36:33,23.67
27967,2026-07-20,late,2026-07-21 01:39:34,23.67
27968,2026-07-26,watch,2026-07-26 10:45:58,-13.5
27969,2026-07-20,on_time,2026-07-20 12:37:14,2.89
27969,2026-07-20,late,2026-07-20 13:08:32,2.89
27970,2026-07-24,watch,2026-07-24 21:30:41,-8.51
27974,2026-08-08,watch,2026-08-08 13:23:48,-5.19
27991,2026-08-03,late,2026-08-03 20:11:43,8.49
28007,2026-07-17,watch,2026-07-17 22:20:55,-6.93
28013,2026-08-09,watch,2026-08-09 20:33:54,-6.62
28023,2026-07-14,unknown,2026-07-14 18:55:05,33.07
28024,2026-07-17,late,2026-07-17 15:27:10,9.99
28031,2026-08-07,late,2026-08-07 21:46:26,11.41
28033,2026-07-18,late,2026-07-18 13:42:59,44.83
28036,2026-08-13,on_time,2026-08-13 21:52:58,1.3
28036,2026-08-13,on_time,2026-08-13 22:14:07,-29.5
28040,2026-07-23,late,2026-07-23 14:59:53,39.2
28042,2026-07-22,late,2026-07-22 14:53:14,2.18
28051,2026-07-21,late,2026-07-21 15:47:19,23.16
28052,2026-07-24,on_time,2026-07-24 19:09:04,-17.92
28056,2026-07-30,watch,2026-07-30 13:47:59,-11.58
28064,2026-08-11,on_time,2026-08-11 14:38:13,-20.46
28065,2026-07-19,late,2026-07-19 17:27:29,7.72
28067,2026-08-14,late,2026-08-14 18:00:56,3.0
28068,2026-08-12,at_risk,2026-08-12 13:45:03,-0.65
28068,2026-08-12,at_risk,2026-08-12 13:48:05,-3.32
28073,2026-08-11,watch,2026-08-11 22:09:47,-1.48
28073,2026-08-11,at_risk,2026-08-11 22:12:49,-1.48
28074,2026-08-15,on_time,2026-08-15 08:22:14,-60.39
28078,2026-07-25,on_time,2026-07-25 08:47:52,-11.97
28082,2026-07-14,late,2026-07-14 17:51:39,11.68
28093,2026-08-08,at_risk,2026-08-08 16:13:44,-0.7
28096,2026-07-21,late,2026-07-21 04:15:08,1.36
28101,2026-07-16,watch,2026-07-16 13:25:15,-10.98
28102,2026-07-21,watch,2026-07-21 10:44:06,-0.8
28118,2026-07-28,on_time,2026-07-28 12:21:01,-21.75
28121,2026-07-25,watch,2026-07-25 18:51:52,-6.8
28125,2026-07-12,at_risk,2026-07-12 21:29:01,0.01
28125,2026-07-12,at_risk,2026-07-12 21:32:03,0.01
28125,2026-07-12,at_risk,2026-07-12 21:59:11,0.01
28127,2026-08-13,on_time,2026-08-13 12:08:32,-18.93
28143,2026-07-15,on_time,2026-07-15 22:12:34,-46.1
28150,2026-07-21,on_time,2026-07-21 14:20:44,-7.07
28150,2026-07-21,late,2026-07-21 14:50:56,2.93
28164,2026-07-21,on_time,2026-07-21 16:05:25,-28.29
28166,2026-07-19,late,2026-07-19 18:06:22,44.7
28167,2026-07-25,watch,2026-07-25 10:19:55,-8.24
28171,2026-07-21,late,2026-07-21 12:14:36,14.84
28178,2026-08-16,on_time,2026-08-16 18:25:22,-61.58
28179,2026-08-21,watch,2026-08-21 15:26:22,-2.84
28189,2026-08-07,unknown,2026-08-08 00:35:21,24.08
28192,2026-07-21,late,2026-07-21 13:50:34,3.37
28198,2026-08-17,on_time,2026-08-17 12:27:40,-16.06
28202,2026-07-25,late,2026-07-25 10:56:09,27.23
28203,2026-08-02,on_time,2026-08-02 16:22:42,-23.89
28209,2026-07-23,watch,2026-07-23 11:48:58,-10.69
28216,2026-07-27,watch,2026-07-27 16:37:50,-19.47
28223,2026-08-17,on_time,2026-08-17 23:12:45,-51.37
28224,2026-08-21,watch,2026-08-21 10:46:46,-12.13
28226,2026-08-14,watch,2026-08-14 15:18:49,-9.41
28230,2026-07-24,on_time,2026-07-24 13:44:14,-43.1
28235,2026-07-17,on_time,2026-07-17 20:35:18,-43.3
28236,2026-07-23,watch,2026-07-23 11:36:06,-5.55
28237,2026-08-16,watch,2026-08-16 18:13:16,-11.41
28239,2026-07-14,watch,2026-07-14 12:25:24,-2.32
28248,2026-07-16,at_risk,2026-07-16 12:18:52,1.35
28250,2026-08-18,late,2026-08-18 22:20:15,5.53
28252,2026-08-08,on_time,2026-08-08 11:57:30,-31.0
28254,2026-07-21,watch,2026-07-21 15:02:01,-11.01
28259,2026-08-05,at_risk,2026-08-05 16:33:27,-3.84
28261,2026-08-11,on_time,2026-08-11 12:07:21,-15.41
28261,2026-08-11,on_time,2026-08-11 13:44:06,-15.41
28262,2026-07-31,unknown,2026-07-31 19:50:37,38.8
28265,2026-07-21,late,2026-07-21 19:25:45,3.59
28266,2026-08-06,late,2026-08-06 11:30:54,1.17
28275,2026-07-25,watch,2026-07-25 21:15:56,-11.55
28277,2026-07-26,at_risk,2026-07-26 19:29:00,-0.74
28278,2026-07-31,watch,2026-07-31 17:19:08,-25.2
28281,2026-07-20,unknown,2026-07-20 17:27:10,26.88
28283,2026-07-26,watch,2026-07-26 07:32:32,-25.65
28294,2026-08-05,watch,2026-08-05 19:02:34,-11.5
28302,2026-07-21,at_risk,2026-07-21 15:17:08,-1.17
28309,2026-07-20,watch,2026-07-20 16:25:43,-7.31
28310,2026-07-24,watch,2026-07-24 06:47:46,-9.93
28313,2026-07-15,late,2026-07-15 16:07:20,39.89
28314,2026-07-16,late,2026-07-16 16:08:17,11.63
28316,2026-07-19,on_time,2026-07-19 13:11:03,-18.45
28321,2026-07-25,late,2026-07-25 13:04:44,7.95
28322,2026-07-31,watch,2026-07-31 17:07:03,-5.17
28325,2026-07-14,at_risk,2026-07-14 18:00:42,-0.61
28326,2026-08-01,late,2026-08-01 12:32:03,7.25
28327,2026-08-08,watch,2026-08-08 12:20:12,-8.62
28341,2026-08-13,on_time,2026-08-13 19:32:02,-146.65
28344,2026-08-07,late,2026-08-07 13:17:30,3.6
28346,2026-08-02,at_risk,2026-08-02 11:59:46,2.18
28351,2026-07-14,late,2026-07-14 18:24:53,3.32
28352,2026-07-17,watch,2026-07-17 15:06:34,-6.67
28353,2026-07-20,watch,2026-07-20 12:40:15,-17.43
28367,2026-07-25,on_time,2026-07-25 09:55:47,-33.0
28368,2026-08-02,on_time,2026-08-02 21:44:07,-40.81
28376,2026-07-16,on_time,2026-07-16 15:17:00,-36.9
28401,2026-07-15,watch,2026-07-15 12:23:47,-3.2
28405,2026-08-02,late,2026-08-02 21:42:29,36.66
28413,2026-07-16,late,2026-07-16 14:16:36,12.58
28420,2026-07-19,watch,2026-07-19 15:57:23,-1.02
28422,2026-08-05,on_time,2026-08-05 14:11:35,-18.07
28428,2026-08-07,late,2026-08-07 11:43:32,45.66
28430,2026-07-25,on_time,2026-07-25 20:27:39,-30.57
28431,2026-07-28,unknown,2026-07-28 13:45:32,24.05
28432,2026-08-02,on_time,2026-08-02 08:49:45,-39.46
28435,2026-07-31,on_time,2026-07-31 16:33:49,-66.86
28441,2026-07-20,late,2026-07-20 15:31:22,1.81
28442,2026-07-26,at_risk,2026-07-26 12:57:52,0.7
28448,2026-07-26,watch,2026-07-26 17:54:46,-5.05
28449,2026-07-23,late,2026-07-23 17:29:26,31.81
28455,2026-08-01,on_time,2026-08-01 11:34:11,-24.49
28461,2026-08-08,late,2026-08-08 13:51:02,20.77
28468,2026-08-17,watch,2026-08-17 20:08:05,-4.88
28470,2026-08-12,watch,2026-08-12 12:51:29,-8.44
28471,2026-07-14,watch,2026-07-14 19:52:28,-12.82
28483,2026-07-24,on_time,2026-07-24 15:06:22,-21.2
28508,2026-07-31,late,2026-07-31 18:01:17,25.58
28517,2026-07-15,unknown,2026-07-15 22:57:44,27.04
28519,2026-08-17,late,2026-08-17 08:32:05,3.43
28522,2026-08-15,on_time,2026-08-15 09:55:53,-30.55
28525,2026-08-14,on_time,2026-08-14 13:12:19,-32.1
28548,2026-08-02,on_time,2026-08-02 21:03:16,-23.72
28552,2026-07-23,on_time,2026-07-23 17:14:20,-14.07
28554,2026-08-09,on_time,2026-08-09 12:37:27,-22.12
28558,2026-08-09,on_time,2026-08-09 12:46:33,-22.26
28580,2026-07-28,watch,2026-07-28 17:52:39,-7.35
28586,2026-07-16,on_time,2026-07-16 16:32:27,-35.86
28594,2026-07-25,late,2026-07-25 14:00:05,16.57
28600,2026-07-31,watch,2026-07-31 14:47:01,-8.84
28609,2026-07-25,on_time,2026-07-25 20:09:34,-18.66
28621,2026-08-10,on_time,2026-08-10 16:16:06,-12.67
28630,2026-07-17,late,2026-07-17 22:57:05,6.35
28635,2026-07-26,watch,2026-07-26 13:22:06,-7.27
28638,2026-08-15,on_time,2026-08-15 13:34:52,1.73
28638,2026-08-15,late,2026-08-15 14:31:23,1.73
28642,2026-07-25,late,2026-07-25 15:30:42,2.15
28662,2026-08-01,late,2026-08-01 09:48:35,33.6
28667,2026-07-26,at_risk,2026-07-26 17:30:37,-3.32
28668,2026-07-31,watch,2026-07-31 08:08:33,-19.2
28669,2026-07-18,at_risk,2026-07-18 15:59:23,2.24
28673,2026-07-25,at_risk,2026-07-25 14:57:29,-1.58
28673,2026-07-25,at_risk,2026-07-25 15:27:41,-1.58
28680,2026-08-13,late,2026-08-13 21:37:50,11.31
28686,2026-07-26,on_time,2026-07-26 19:25:59,-41.66
28699,2026-07-20,watch,2026-07-21 00:12:48,-13.07
28700,2026-07-26,late,2026-07-26 14:16:30,18.27
28702,2026-07-31,on_time,2026-07-31 20:17:47,-10.44
28715,2026-08-19,on_time,2026-08-19 15:40:08,-18.09
28717,2026-07-25,watch,2026-07-25 09:49:45,-7.26
28720,2026-07-29,on_time,2026-07-29 19:25:52,-21.51
28722,2026-07-19,late,2026-07-19 12:10:44,5.42
28725,2026-07-30,on_time,2026-07-30 11:01:03,-26.47
28732,2026-07-30,watch,2026-07-30 09:52:03,-7.82
28738,2026-07-26,late,2026-07-26 18:06:50,40.92
28765,2026-07-18,watch,2026-07-18 11:14:51,-13.32
28767,2026-07-17,late,2026-07-17 12:37:52,8.38
28769,2026-08-01,on_time,2026-08-01 15:54:31,-32.5
28772,2026-08-07,watch,2026-08-07 14:47:09,-10.02
28791,2026-07-24,watch,2026-07-24 20:12:25,-2.39
28794,2026-08-02,on_time,2026-08-02 22:20:21,-27.01
28795,2026-08-09,watch,2026-08-09 10:35:52,-6.83
28800,2026-07-24,late,2026-07-24 18:54:00,0.89
28805,2026-08-16,on_time,2026-08-16 16:23:52,-20.44
28817,2026-08-06,on_time,2026-08-07 02:42:16,-80.08
28820,2026-08-05,on_time,2026-08-05 20:27:02,-30.32
28840,2026-07-23,late,2026-07-23 15:29:29,12.81
28846,2026-08-12,on_time,2026-08-12 12:48:28,-9.55
28854,2026-08-21,on_time,2026-08-21 12:44:06,-29.37
28862,2026-07-30,on_time,2026-07-30 15:41:26,42.79
28862,2026-07-30,watch,2026-07-30 16:41:56,-17.21
28872,2026-07-21,late,2026-07-21 12:53:50,27.18
28873,2026-07-28,on_time,2026-07-28 19:08:07,-21.45
28876,2026-08-02,watch,2026-08-02 10:08:10,-5.85
28878,2026-08-01,on_time,2026-08-01 12:26:00,-31.98
28882,2026-07-23,watch,2026-07-23 09:56:41,-3.24
28883,2026-07-27,late,2026-07-28 00:03:15,16.02
28892,2026-08-11,on_time,2026-08-11 11:25:17,3.79
28892,2026-08-11,on_time,2026-08-11 12:31:31,4.79
28892,2026-08-11,late,2026-08-11 13:01:45,6.79
28899,2026-07-21,late,2026-07-22 02:57:05,2.62
28900,2026-07-24,on_time,2026-07-24 08:24:12,-34.87
28908,2026-08-03,watch,2026-08-03 09:45:59,-11.08
28923,2026-08-01,late,2026-08-02 02:12:40,21.92
28928,2026-07-17,on_time,2026-07-18 02:34:04,9.74
28929,2026-07-25,on_time,2026-07-25 19:54:28,-33.87
28934,2026-07-16,late,2026-07-16 23:13:34,15.03
28937,2026-07-18,at_risk,2026-07-19 03:32:50,1.87
28948,2026-07-25,watch,2026-07-25 14:24:15,-4.79
28949,2026-07-20,on_time,2026-07-20 09:52:02,-22.65
28954,2026-07-30,watch,2026-07-30 14:21:12,-8.3
28958,2026-08-15,on_time,2026-08-15 11:23:35,-35.44
28962,2026-07-27,late,2026-07-27 15:40:31,4.43
28963,2026-07-31,watch,2026-07-31 19:19:47,-8.26
28976,2026-07-18,watch,2026-07-18 08:49:55,-9.28
28987,2026-07-21,late,2026-07-21 14:53:57,31.35
28988,2026-07-28,watch,2026-07-28 12:16:32,-11.88
28990,2026-07-25,watch,2026-07-25 20:30:40,-28.36
28999,2026-07-26,late,2026-07-26 18:18:54,15.75
29004,2026-07-23,unknown,2026-07-23 23:07:51,27.09
29005,2026-08-05,late,2026-08-05 14:38:13,21.36
29020,2026-07-30,on_time,2026-07-30 15:56:31,-30.56
29029,2026-07-26,at_risk,2026-07-26 13:09:59,-4.28
29030,2026-07-26,late,2026-07-26 22:40:02,26.86
29033,2026-07-17,at_risk,2026-07-17 20:32:17,-1.9
29035,2026-08-15,watch,2026-08-15 17:50:36,-7.56
29036,2026-08-18,watch,2026-08-18 08:08:01,-5.22
29039,2026-07-22,watch,2026-07-22 16:42:16,10.57
29039,2026-07-22,late,2026-07-22 16:57:23,4.94
29041,2026-07-28,late,2026-07-28 17:21:51,25.14
29042,2026-08-02,on_time,2026-08-02 16:55:57,-17.9
29054,2026-07-24,late,2026-07-24 17:43:35,15.97
29065,2026-07-24,late,2026-07-24 23:13:10,12.98
29066,2026-07-29,watch,2026-07-29 12:04:40,-24.9
29093,2026-07-21,late,2026-07-21 21:35:43,12.76
29098,2026-07-18,on_time,2026-07-18 11:20:53,-22.13
29100,2026-07-26,watch,2026-07-26 09:27:29,-1.43
29112,2026-08-15,at_risk,2026-08-16 02:29:23,1.0
29121,2026-07-18,late,2026-07-18 23:51:05,14.62
29122,2026-07-31,late,2026-07-31 20:32:53,32.08
29135,2026-08-16,watch,2026-08-16 17:19:16,63.19
29140,2026-08-02,watch,2026-08-02 18:40:57,-8.36
29157,2026-08-20,on_time,2026-08-20 19:40:38,-30.8
29157,2026-08-20,on_time,2026-08-20 20:16:55,-30.8
29161,2026-07-30,late,2026-07-30 20:56:20,1.21
29162,2026-08-03,on_time,2026-08-03 15:44:50,-14.47
29165,2026-07-31,on_time,2026-07-31 15:57:35,-29.77
29166,2026-07-18,late,2026-07-19 01:20:21,12.79
29187,2026-08-10,on_time,2026-08-10 14:38:40,0.5
29187,2026-08-10,late,2026-08-10 14:59:51,2.5
29191,2026-08-10,watch,2026-08-10 16:31:44,-6.94
29191,2026-08-10,watch,2026-08-10 16:40:49,-6.94
29191,2026-08-10,watch,2026-08-10 16:52:56,-6.94
29198,2026-07-23,late,2026-07-23 20:41:48,11.52
29199,2026-07-31,watch,2026-07-31 10:57:20,-14.94
29200,2026-08-02,on_time,2026-08-02 19:32:15,-56.49
29201,2026-08-07,watch,2026-08-07 10:47:47,-9.9
29204,2026-08-19,late,2026-08-19 13:46:06,9.21
29207,2026-07-28,late,2026-07-28 15:03:53,10.07
29217,2026-08-19,watch,2026-08-19 11:25:47,-2.59
29224,2026-07-22,watch,2026-07-22 14:43:16,-4.39
29237,2026-07-23,watch,2026-07-23 12:25:09,-10.5
29238,2026-07-29,watch,2026-07-29 14:58:28,-15.42
29240,2026-08-19,late,2026-08-19 13:18:51,3.86
29246,2026-07-30,at_risk,2026-07-30 11:13:07,0.99
29258,2026-07-21,watch,2026-07-21 07:48:55,-10.49
29270,2026-07-20,on_time,2026-07-20 10:33:29,-38.67
29275,2026-07-24,watch,2026-07-24 08:51:20,-6.17
29282,2026-07-27,on_time,2026-07-27 11:57:45,-60.52
29285,2026-07-30,watch,2026-07-30 12:46:34,-11.47
29305,2026-07-24,late,2026-07-24 17:37:33,9.41
29308,2026-07-19,at_risk,2026-07-19 09:08:21,-5.92
29313,2026-08-02,late,2026-08-02 13:37:17,7.58
29314,2026-08-05,watch,2026-08-05 11:40:55,-3.5
29323,2026-07-28,on_time,2026-07-28 14:42:44,-62.16
29323,2026-07-28,on_time,2026-07-28 14:45:46,-62.16
29335,2026-08-05,late,2026-08-05 18:12:29,2.17
29337,2026-07-26,late,2026-07-26 17:09:29,36.41
29346,2026-07-31,late,2026-07-31 22:59:37,31.98
29352,2026-08-06,on_time,2026-08-06 09:14:11,-12.9
29368,2026-07-28,late,2026-07-28 13:39:29,7.58
29369,2026-08-01,on_time,2026-08-01 16:02:15,-25.35
29388,2026-07-23,watch,2026-07-23 20:03:56,-27.7
29389,2026-07-31,on_time,2026-07-31 10:54:18,-19.65
29390,2026-07-26,late,2026-07-26 20:59:36,15.97
29391,2026-08-01,watch,2026-08-01 09:45:35,-11.99
29399,2026-08-15,on_time,2026-08-15 08:43:24,-14.12
29400,2026-07-26,late,2026-07-26 14:31:37,2.46
29401,2026-07-29,on_time,2026-07-29 10:31:13,-28.58
29405,2026-08-05,watch,2026-08-05 12:50:03,-7.31
29408,2026-07-25,watch,2026-07-25 11:20:17,-8.27
29409,2026-07-25,late,2026-07-26 01:33:18,35.04
29430,2026-08-06,watch,2026-08-06 15:12:40,-5.2
29435,2026-07-20,on_time,2026-07-20 12:34:12,-40.28
29440,2026-07-21,watch,2026-07-21 10:19:30,-7.62
29441,2026-08-01,on_time,2026-08-01 20:05:43,20.85
29441,2026-08-01,late,2026-08-01 21:13:04,23.85
29441,2026-08-01,late,2026-08-01 21:22:06,23.85
29456,2026-07-27,watch,2026-07-27 16:46:52,-12.13
29462,2026-08-06,on_time,2026-08-06 13:38:33,-18.63
29465,2026-07-26,watch,2026-07-26 07:20:28,-7.88
29466,2026-08-13,late,2026-08-13 23:30:56,3.68
29469,2026-08-04,at_risk,2026-08-04 13:13:20,-1.8
29475,2026-08-06,on_time,2026-08-06 12:31:25,-27.88
29494,2026-07-24,late,2026-07-24 14:54:16,29.31
29500,2026-07-22,watch,2026-07-22 14:40:15,-18.13
29522,2026-07-27,late,2026-07-27 15:46:33,35.11
29523,2026-08-04,on_time,2026-08-04 13:42:45,-16.1
29524,2026-07-30,on_time,2026-07-30 14:56:10,114.39
29524,2026-07-30,on_time,2026-07-30 14:59:12,114.39
29524,2026-07-30,on_time,2026-07-30 15:17:18,114.39
29524,2026-07-30,on_time,2026-07-30 15:20:18,114.39
29524,2026-07-30,on_time,2026-07-30 18:23:45,-35.61
29529,2026-08-16,on_time,2026-08-16 23:11:38,80.54
29529,2026-08-16,on_time,2026-08-17 01:26:58,20.54
29529,2026-08-16,late,2026-08-17 03:30:59,28.54
29529,2026-08-16,late,2026-08-17 03:40:02,28.54
29530,2026-08-21,watch,2026-08-21 11:34:32,-5.57
29530,2026-08-21,watch,2026-08-21 11:52:40,-5.57
29534,2026-08-10,late,2026-08-10 11:42:34,30.29
29549,2026-08-06,on_time,2026-08-06 13:05:15,-24.01
29552,2026-07-23,late,2026-07-23 20:09:58,8.28
29556,2026-07-24,on_time,2026-07-24 20:15:26,-82.35
29558,2026-08-04,at_risk,2026-08-04 14:40:22,-20.82
29567,2026-08-01,on_time,2026-08-01 18:23:29,-19.5
29571,2026-08-01,at_risk,2026-08-02 02:18:41,-2.17
29579,2026-08-03,at_risk,2026-08-03 11:40:33,-3.25
29587,2026-08-09,watch,2026-08-09 20:06:42,-8.43
29588,2026-08-16,at_risk,2026-08-16 17:55:34,-2.09
29590,2026-08-02,on_time,2026-08-02 11:59:46,-87.87
29594,2026-07-30,late,2026-07-30 10:21:53,11.47
29595,2026-08-06,unknown,2026-08-06 17:49:07,-10.81
29605,2026-08-01,late,2026-08-01 13:35:23,36.58
29612,2026-07-22,late,2026-07-22 14:31:11,10.52
29624,2026-07-25,watch,2026-07-25 16:36:01,-18.0
29625,2026-07-24,on_time,2026-07-24 12:43:48,-30.2
29629,2026-07-29,watch,2026-07-29 20:08:08,-4.07
29647,2026-08-20,on_time,2026-08-20 12:14:30,-1.67
29647,2026-08-20,on_time,2026-08-20 13:01:26,4.86
29647,2026-08-20,at_risk,2026-08-20 13:28:40,-0.67
29647,2026-08-20,at_risk,2026-08-20 13:31:42,-0.67
29658,2026-08-01,late,2026-08-02 00:19:46,31.23
29664,2026-07-21,watch,2026-07-22 01:23:48,-9.55
29670,2026-07-31,late,2026-07-31 12:51:06,4.62
29672,2026-07-24,on_time,2026-07-24 10:21:47,-80.78
29673,2026-08-01,watch,2026-08-01 09:54:37,-2.7
29675,2026-07-24,late,2026-07-24 15:42:12,25.61
29677,2026-07-25,late,2026-07-25 18:51:52,24.47
29678,2026-08-01,on_time,2026-08-01 14:14:40,-14.81
29683,2026-08-10,on_time,2026-08-10 12:18:54,-10.58
29686,2026-07-28,at_risk,2026-07-28 11:04:13,0.09
29687,2026-08-04,on_time,2026-08-04 18:46:12,-12.31
29688,2026-08-10,watch,2026-08-10 09:51:00,-6.83
29689,2026-08-14,at_risk,2026-08-14 13:30:29,-3.96
29690,2026-07-24,late,2026-07-25 02:52:31,18.44
29699,2026-07-31,on_time,2026-07-31 19:31:51,-41.53
29703,2026-07-31,at_risk,2026-07-31 20:57:02,-0.86
29709,2026-08-15,on_time,2026-08-15 19:49:08,-4.83
29709,2026-08-15,watch,2026-08-15 20:02:14,-4.83
29723,2026-08-03,watch,2026-08-03 12:25:50,-3.48
29724,2026-08-06,watch,2026-08-06 08:53:00,-4.91
29727,2026-08-13,late,2026-08-13 14:00:39,39.99
29728,2026-08-14,at_risk,2026-08-14 16:34:22,26.86
29728,2026-08-14,late,2026-08-14 16:52:30,26.86
29728,2026-08-14,late,2026-08-14 17:16:44,14.83
29729,2026-08-17,watch,2026-08-17 08:56:17,-2.96
29731,2026-08-21,on_time,2026-08-21 10:43:46,-13.97
29732,2026-07-30,late,2026-07-30 18:35:49,2.06
29739,2026-08-05,watch,2026-08-05 17:27:46,-5.87
29740,2026-08-09,on_time,2026-08-09 12:07:10,-21.05
29747,2026-08-16,on_time,2026-08-16 17:10:12,-17.01
29754,2026-08-12,watch,2026-08-12 13:06:37,-6.36
29757,2026-08-21,at_risk,2026-08-21 15:10:50,1.32
29761,2026-07-24,late,2026-07-24 16:24:28,25.12
29771,2026-07-27,watch,2026-07-27 08:49:30,-10.15
29778,2026-07-22,watch,2026-07-22 13:45:55,-12.16
29781,2026-07-23,late,2026-07-23 14:23:40,20.76
29786,2026-07-24,late,2026-07-24 19:30:10,14.72
29788,2026-07-23,late,2026-07-23 16:56:13,8.89
29789,2026-07-27,late,2026-07-27 10:07:55,8.75
29792,2026-07-29,late,2026-07-29 20:46:59,24.56
29793,2026-08-12,late,2026-08-12 20:33:21,34.99
29796,2026-08-10,on_time,2026-08-10 12:40:05,-19.13
29801,2026-07-23,at_risk,2026-07-23 15:38:33,14.09
29801,2026-07-23,late,2026-07-23 16:20:48,11.34
29820,2026-08-21,at_risk,2026-08-21 07:06:16,-6.56
29845,2026-08-10,watch,2026-08-10 11:54:41,-3.39
29849,2026-07-31,on_time,2026-07-31 11:51:38,-36.91
29856,2026-07-27,watch,2026-07-27 10:53:11,-19.1
29893,2026-07-30,late,2026-07-30 19:39:09,28.27
29895,2026-07-24,late,2026-07-25 00:18:19,14.8
29908,2026-08-21,on_time,2026-08-21 14:03:56,-23.11
29913,2026-08-01,watch,2026-08-01 10:51:57,-5.39
29920,2026-07-30,late,2026-07-30 22:02:11,2.51
29921,2026-07-30,watch,2026-07-31 02:24:52,-18.08
29923,2026-08-18,watch,2026-08-18 17:23:44,-6.18
29931,2026-08-04,late,2026-08-04 17:05:00,19.52
29932,2026-08-08,on_time,2026-08-08 11:09:05,-33.29
29948,2026-07-31,on_time,2026-08-01 00:02:56,-34.55
29969,2026-08-09,watch,2026-08-09 12:55:37,-3.07
29972,2026-07-23,at_risk,2026-07-23 18:54:28,-0.23
29973,2026-07-27,on_time,2026-07-27 09:37:44,-20.87
29986,2026-07-27,watch,2026-07-27 11:11:16,-3.57
29987,2026-07-27,late,2026-07-28 02:34:35,6.19
29991,2026-07-24,late,2026-07-24 16:39:34,1.85
29992,2026-08-05,late,2026-08-05 20:33:04,5.59
29997,2026-07-31,watch,2026-07-31 07:17:17,-11.13
30014,2026-07-25,late,2026-07-25 15:03:32,23.7
30015,2026-07-30,watch,2026-07-30 15:41:26,-16.05
30017,2026-07-27,late,2026-07-27 14:14:52,11.37
30019,2026-08-13,at_risk,2026-08-13 13:03:03,-5.48
30024,2026-08-11,on_time,2026-08-11 11:04:09,-24.33
30039,2026-07-24,watch,2026-07-24 15:18:02,-10.02
30048,2026-08-01,late,2026-08-01 13:53:30,9.14
30055,2026-08-08,watch,2026-08-08 15:31:57,-8.74
30067,2026-07-26,on_time,2026-07-26 12:51:50,-36.68
30070,2026-08-18,at_risk,2026-08-18 16:11:05,8.19
30070,2026-08-18,late,2026-08-18 16:32:19,12.19
30080,2026-08-16,late,2026-08-16 18:25:22,16.37
30081,2026-08-20,on_time,2026-08-20 13:07:29,-66.21
30084,2026-08-03,on_time,2026-08-03 14:23:13,-36.07
30085,2026-07-23,watch,2026-07-23 12:31:11,-11.28
30085,2026-07-23,watch,2026-07-23 12:46:16,-11.28
30086,2026-08-06,at_risk,2026-08-06 12:37:29,-1.51
30087,2026-08-11,late,2026-08-11 20:52:25,24.16
30092,2026-08-03,on_time,2026-08-04 01:53:03,-106.98
30098,2026-07-23,late,2026-07-23 19:03:32,5.06
30102,2026-08-18,watch,2026-08-18 12:47:34,-14.11
30105,2026-08-01,watch,2026-08-01 20:02:43,-11.56
30106,2026-07-26,late,2026-07-26 20:38:28,4.77
30107,2026-07-31,at_risk,2026-07-31 09:54:02,-3.27
30128,2026-08-19,on_time,2026-08-19 13:03:41,-24.56
30129,2026-07-24,late,2026-07-24 17:07:24,33.73
30137,2026-08-10,watch,2026-08-10 19:07:01,-6.58
30140,2026-08-21,on_time,2026-08-21 18:03:53,-25.68
30162,2026-07-29,late,2026-07-29 15:16:35,4.28
30167,2026-08-17,on_time,2026-08-17 16:32:41,-10.99
30168,2026-08-05,at_risk,2026-08-05 15:20:30,-1.24
30169,2026-08-12,on_time,2026-08-12 18:53:44,-20.76
30173,2026-07-23,on_time,2026-07-23 18:42:24,-35.25
30182,2026-08-21,late,2026-08-21 17:48:44,18.84
30196,2026-08-10,at_risk,2026-08-10 17:23:12,-0.99
30197,2026-08-14,late,2026-08-14 12:14:29,31.0
30200,2026-08-10,watch,2026-08-10 13:44:11,-13.31
30206,2026-07-26,late,2026-07-26 20:56:35,12.75
30212,2026-08-07,at_risk,2026-08-07 20:31:31,-12.53
30214,2026-08-11,on_time,2026-08-11 23:43:36,-5.93
30214,2026-08-11,watch,2026-08-11 23:55:41,-5.93
30216,2026-08-17,at_risk,2026-08-17 20:58:49,0.3
30224,2026-08-05,watch,2026-08-05 21:05:13,-11.32
30244,2026-08-08,watch,2026-08-08 13:44:59,-8.23
30251,2026-07-26,on_time,2026-07-26 16:32:53,-31.13
30256,2026-08-02,on_time,2026-08-02 13:22:10,-20.94
30263,2026-08-01,late,2026-08-01 11:13:04,3.18
30266,2026-08-04,watch,2026-08-04 21:10:53,-8.6
30267,2026-08-04,late,2026-08-04 17:05:00,8.76
30277,2026-08-12,on_time,2026-08-12 20:56:06,-12.48
30280,2026-08-13,late,2026-08-13 14:49:48,15.3
30281,2026-08-17,watch,2026-08-17 13:19:08,-10.42
30295,2026-08-08,late,2026-08-08 09:35:19,8.3
30307,2026-08-11,watch,2026-08-11 16:42:32,-4.55
30308,2026-08-17,watch,2026-08-17 15:11:37,-16.6
30309,2026-07-26,at_risk,2026-07-26 19:47:05,-0.73
30318,2026-08-06,late,2026-08-06 20:08:28,9.87
30323,2026-08-05,late,2026-08-05 14:14:36,6.71
30327,2026-07-31,watch,2026-07-31 23:20:44,-10.33
30328,2026-08-03,on_time,2026-08-03 14:00:34,-29.06
30332,2026-07-30,on_time,2026-07-30 12:16:24,-56.22
30334,2026-08-01,on_time,2026-08-01 15:30:20,-26.78
30343,2026-08-17,late,2026-08-17 22:13:35,65.41
30347,2026-08-14,late,2026-08-14 21:45:30,92.09
30348,2026-08-19,on_time,2026-08-19 11:22:46,-35.58
30349,2026-07-30,late,2026-07-31 02:15:51,11.9
30352,2026-08-01,at_risk,2026-08-01 15:12:14,-5.06
30353,2026-08-07,watch,2026-08-07 10:29:39,0.31
30354,2026-08-09,late,2026-08-09 19:00:09,0.67
30355,2026-08-17,at_risk,2026-08-17 13:46:26,21.7
30355,2026-08-17,late,2026-08-17 14:20:08,21.7
30360,2026-08-01,at_risk,2026-08-01 20:26:53,-1.16
30367,2026-08-02,watch,2026-08-03 02:21:39,-5.27
30368,2026-07-24,late,2026-07-24 20:52:46,23.56
30371,2026-07-26,late,2026-07-26 18:00:48,20.36
30375,2026-07-28,late,2026-07-28 17:21:51,21.39
30382,2026-08-13,late,2026-08-13 13:18:13,20.02
30386,2026-08-03,on_time,2026-08-03 19:41:32,-16.84
30399,2026-08-14,late,2026-08-15 02:08:42,3.46
30402,2026-08-02,at_risk,2026-08-02 16:28:45,-1.06
30438,2026-08-17,late,2026-08-17 15:44:12,20.47
30442,2026-08-10,at_risk,2026-08-10 11:57:42,0.44
30444,2026-08-18,at_risk,2026-08-18 15:52:55,-5.02
30447,2026-08-01,on_time,2026-08-01 19:23:55,-17.86
30450,2026-08-09,on_time,2026-08-09 10:57:04,-31.98
30452,2026-08-14,on_time,2026-08-14 14:15:53,-41.18
30453,2026-08-21,watch,2026-08-21 16:17:55,-11.1
30458,2026-08-05,at_risk,2026-08-05 17:57:24,-0.95
30461,2026-07-27,late,2026-07-27 13:22:21,10.24
30466,2026-08-18,late,2026-08-18 14:53:07,26.08
30472,2026-07-25,watch,2026-07-25 22:53:27,-20.72
30475,2026-08-06,at_risk,2026-08-06 05:06:22,-4.3
30476,2026-07-27,late,2026-07-27 21:47:58,4.71
30486,2026-08-12,at_risk,2026-08-12 16:23:29,-3.45
30487,2026-08-18,watch,2026-08-18 12:23:19,-5.55
30497,2026-08-07,at_risk,2026-08-07 19:10:30,20.67
30497,2026-08-07,at_risk,2026-08-07 19:13:32,20.67
30497,2026-08-07,late,2026-08-07 19:34:00,20.67
30497,2026-08-07,late,2026-08-07 19:49:08,20.67
30498,2026-07-29,late,2026-07-29 13:55:08,4.49
30507,2026-08-01,watch,2026-08-01 17:53:25,-3.88
30508,2026-08-08,watch,2026-08-08 17:26:24,-2.26
30514,2026-08-04,late,2026-08-04 20:07:42,3.66
30515,2026-08-02,on_time,2026-08-02 11:17:31,-25.44
30528,2026-08-16,at_risk,2026-08-16 12:21:18,17.14
30528,2026-08-16,late,2026-08-16 12:42:30,17.14
30529,2026-08-20,on_time,2026-08-20 18:43:22,-15.96
30532,2026-08-07,late,2026-08-07 12:41:07,42.67
30534,2026-07-26,late,2026-07-26 20:17:08,29.73
30546,2026-07-26,watch,2026-07-26 15:22:56,-19.56
30553,2026-08-04,on_time,2026-08-04 13:33:41,8.53
30553,2026-08-04,late,2026-08-04 15:06:49,13.21
30557,2026-07-31,watch,2026-07-31 19:47:36,-10.63
30564,2026-08-11,on_time,2026-08-11 14:56:23,-16.86
30571,2026-08-01,on_time,2026-08-01 08:33:12,-26.02
30579,2026-08-03,on_time,2026-08-03 14:17:11,-42.63
30585,2026-07-26,watch,2026-07-26 09:24:29,-5.07
30609,2026-07-26,late,2026-07-26 13:00:53,1.22
30622,2026-08-01,on_time,2026-08-01 17:41:19,70.65
30622,2026-08-01,at_risk,2026-08-01 19:20:50,10.65
30622,2026-08-01,late,2026-08-01 19:53:39,10.65
30629,2026-08-02,watch,2026-08-02 15:48:33,-9.92
30636,2026-08-02,watch,2026-08-02 12:24:09,-4.34
30640,2026-07-26,late,2026-07-26 18:34:39,5.82
30647,2026-08-03,on_time,2026-08-03 17:44:50,-49.58
30647,2026-08-03,on_time,2026-08-03 18:22:16,-43.63
30647,2026-08-03,on_time,2026-08-03 18:28:18,-43.63
30653,2026-08-08,watch,2026-08-08 22:52:18,-9.06
30654,2026-08-16,on_time,2026-08-16 12:33:25,-11.43
30656,2026-08-07,on_time,2026-08-07 16:52:45,-14.9
30661,2026-07-28,late,2026-07-28 22:06:33,9.14
30662,2026-07-30,late,2026-07-30 22:35:08,6.34
30668,2026-07-26,on_time,2026-07-26 15:50:34,-18.83
30669,2026-07-29,watch,2026-07-29 17:23:02,-4.94
30674,2026-07-26,on_time,2026-07-26 19:13:56,91.67
30674,2026-07-26,on_time,2026-07-26 22:58:07,-24.93
30674,2026-07-26,on_time,2026-07-26 23:13:11,-24.93
30701,2026-07-27,late,2026-07-27 13:31:26,4.15
30709,2026-08-01,late,2026-08-01 11:07:02,9.98
30732,2026-08-02,on_time,2026-08-02 16:52:55,-15.63
30735,2026-08-02,late,2026-08-02 17:06:07,38.39
30740,2026-08-02,watch,2026-08-02 17:45:14,-11.97
30748,2026-08-02,late,2026-08-02 09:38:00,9.81
30752,2026-08-15,on_time,2026-08-15 18:03:09,-23.97
30755,2026-07-27,late,2026-07-27 14:26:56,1.63
30766,2026-08-05,watch,2026-08-05 15:20:30,-9.27
30798,2026-08-07,at_risk,2026-08-08 03:26:21,0.2
30804,2026-08-02,on_time,2026-08-02 05:46:29,15.76
30804,2026-08-02,late,2026-08-02 12:14:53,15.76
30813,2026-08-07,late,2026-08-07 15:05:10,8.11
30822,2026-08-20,late,2026-08-20 10:47:58,5.08
30823,2026-08-04,late,2026-08-04 17:02:00,1.36
30824,2026-08-08,on_time,2026-08-08 08:53:02,-21.78
30825,2026-07-30,late,2026-07-30 19:12:00,11.57
30826,2026-08-04,watch,2026-08-04 13:22:23,-7.02
30829,2026-08-15,late,2026-08-15 14:37:27,5.64
30831,2026-07-31,watch,2026-07-31 20:05:42,-21.52
30832,2026-08-13,on_time,2026-08-13 19:44:12,-43.49
30846,2026-08-08,late,2026-08-08 17:35:29,15.29
30858,2026-07-27,watch,2026-07-27 18:45:21,-14.63
30867,2026-08-03,on_time,2026-08-03 09:27:53,-11.92
30879,2026-08-09,late,2026-08-09 13:48:06,13.65
30883,2026-08-11,at_risk,2026-08-11 12:43:37,-6.06
30884,2026-08-21,watch,2026-08-21 10:01:27,-13.34
30886,2026-07-30,late,2026-07-30 13:08:47,3.47
30887,2026-08-08,on_time,2026-08-08 09:41:22,-30.98
30889,2026-07-30,late,2026-07-30 13:57:03,14.56
30890,2026-08-01,at_risk,2026-08-01 17:47:22,-9.91
30891,2026-08-02,on_time,2026-08-02 17:06:07,-23.19
30896,2026-07-27,on_time,2026-07-27 20:06:44,-20.91
30897,2026-08-20,watch,2026-08-20 18:55:16,-4.37
30897,2026-08-20,watch,2026-08-20 19:04:20,-4.37
30901,2026-08-09,late,2026-08-09 20:36:55,3.47
30906,2026-08-20,watch,2026-08-20 08:17:03,-12.03
30908,2026-08-05,on_time,2026-08-05 19:20:40,11.76
30908,2026-08-05,at_risk,2026-08-05 19:38:46,11.76
30908,2026-08-05,late,2026-08-05 20:08:56,11.76
30913,2026-08-05,on_time,2026-08-05 22:16:49,-15.29
30917,2026-08-09,watch,2026-08-09 10:20:44,-8.52
30921,2026-08-19,watch,2026-08-19 12:48:33,-10.17
30927,2026-08-20,on_time,2026-08-20 20:54:38,-20.32
30937,2026-08-06,on_time,2026-08-06 10:27:27,-29.77
30940,2026-08-10,late,2026-08-11 02:57:40,4.13
30946,2026-07-27,watch,2026-07-27 18:04:10,-10.66
30948,2026-08-11,late,2026-08-11 18:52:24,15.76
30948,2026-08-11,late,2026-08-11 19:01:28,18.76
30949,2026-08-17,on_time,2026-08-17 16:11:29,-17.26
30952,2026-07-31,on_time,2026-07-31 08:56:47,-90.99
30954,2026-08-09,watch,2026-08-09 15:25:47,-2.95
30955,2026-08-16,late,2026-08-16 13:58:06,29.9
30956,2026-08-03,unknown,2026-08-03 16:32:20,30.02
30969,2026-08-03,late,2026-08-03 19:20:23,29.49
30975,2026-07-28,late,2026-07-28 21:18:19,1.59
30987,2026-08-15,on_time,2026-08-15 21:02:42,-9.29
30987,2026-08-15,watch,2026-08-15 21:14:46,-10.29
30989,2026-08-12,on_time,2026-08-12 16:38:37,0.91
30989,2026-08-12,at_risk,2026-08-12 17:17:00,0.91
30990,2026-08-17,on_time,2026-08-17 12:39:47,-19.68
30995,2026-07-28,at_risk,2026-07-28 15:15:58,-0.53
31005,2026-07-28,watch,2026-07-28 23:25:45,-3.65
31014,2026-08-10,at_risk,2026-08-10 18:51:54,-2.96
31016,2026-08-03,unknown,2026-08-03 23:51:49,9.21
31022,2026-07-29,watch,2026-07-30 00:56:49,19.58
31022,2026-07-29,late,2026-07-30 02:06:02,2.8
31023,2026-08-01,watch,2026-08-01 08:27:10,-2.81
31024,2026-08-11,at_risk,2026-08-11 15:54:05,0.27
31027,2026-08-18,watch,2026-08-18 12:08:11,-4.62
31031,2026-07-29,watch,2026-07-29 14:13:15,-5.05
31032,2026-08-10,watch,2026-08-10 19:24:02,-6.05
31033,2026-08-16,on_time,2026-08-16 11:38:56,-34.55
31034,2026-08-19,unknown,2026-08-19 13:24:54,19.38
31041,2026-08-03,watch,2026-08-03 21:38:35,-12.2
31067,2026-08-08,at_risk,2026-08-08 11:39:20,-13.12
31067,2026-08-08,at_risk,2026-08-08 11:45:23,-13.12
31069,2026-08-13,at_risk,2026-08-13 18:30:58,-27.62
31070,2026-07-31,watch,2026-07-31 18:25:26,-3.41
31073,2026-08-12,watch,2026-08-12 13:45:03,-11.13
31073,2026-08-12,watch,2026-08-12 13:48:05,-10.13
31074,2026-08-17,watch,2026-08-17 10:57:10,-2.43
31075,2026-08-14,on_time,2026-08-15 00:10:56,-18.61
31079,2026-07-28,late,2026-07-28 14:00:37,3.28
31082,2026-07-30,at_risk,2026-07-30 14:03:05,-1.43
31083,2026-08-02,watch,2026-08-02 08:34:41,-10.15
31087,2026-07-29,watch,2026-07-29 16:44:07,-4.31
31094,2026-08-19,watch,2026-08-19 17:35:42,7.97
31094,2026-08-19,late,2026-08-19 17:59:54,6.97
31122,2026-08-15,on_time,2026-08-15 16:14:18,-12.7
31123,2026-08-08,on_time,2026-08-08 14:45:29,-43.29
31130,2026-08-08,watch,2026-08-08 06:51:41,-7.86
31135,2026-08-04,watch,2026-08-04 19:34:30,-5.86
31145,2026-08-16,late,2026-08-16 12:00:08,0.66
31152,2026-08-10,late,2026-08-10 17:20:10,35.43
31159,2026-07-30,watch,2026-07-30 13:41:58,-16.52
31173,2026-08-09,watch,2026-08-09 21:39:30,-5.34
31177,2026-08-01,watch,2026-08-01 21:25:08,-2.79
31178,2026-08-03,watch,2026-08-03 19:47:35,-11.96
31182,2026-08-01,unknown,2026-08-01 22:10:24,19.45
31184,2026-07-29,watch,2026-07-29 14:25:20,-21.21
31185,2026-08-02,on_time,2026-08-02 18:56:03,40.09
31188,2026-08-04,late,2026-08-04 19:01:19,10.15
31189,2026-08-11,on_time,2026-08-11 16:36:28,-23.06
31204,2026-08-07,watch,2026-08-07 08:49:55,-8.11
31213,2026-07-29,late,2026-07-29 15:55:51,27.22
31214,2026-07-31,on_time,2026-07-31 17:25:10,-21.8
31214,2026-07-31,on_time,2026-07-31 18:10:20,-21.8
31214,2026-07-31,watch,2026-07-31 18:31:28,-21.8
31215,2026-08-01,on_time,2026-08-01 16:11:19,-17.96
31253,2026-08-04,on_time,2026-08-04 11:39:15,-20.29
31254,2026-08-09,on_time,2026-08-09 20:48:05,-9.23
31258,2026-08-03,on_time,2026-08-03 18:31:20,-12.9
31259,2026-08-08,late,2026-08-08 15:00:38,31.44
31260,2026-07-30,on_time,2026-07-30 13:23:52,-35.07
31261,2026-08-17,late,2026-08-17 13:43:24,9.27
31280,2026-07-31,watch,2026-07-31 13:30:22,-20.41
31281,2026-08-03,late,2026-08-03 13:09:11,11.62
31291,2026-08-03,late,2026-08-03 23:33:44,23.75
31295,2026-08-09,on_time,2026-08-09 10:47:59,-40.07
31297,2026-08-08,late,2026-08-08 19:04:58,36.81
31302,2026-08-02,watch,2026-08-02 13:46:22,-11.7
31313,2026-08-01,on_time,2026-08-01 10:03:41,-30.52
31319,2026-08-21,at_risk,2026-08-21 10:55:51,-2.66
31321,2026-08-06,watch,2026-08-06 16:09:13,-19.53
31322,2026-08-10,on_time,2026-08-10 13:26:00,-16.83
31325,2026-08-05,on_time,2026-08-05 19:50:50,-12.63
31326,2026-08-10,watch,2026-08-10 08:07:38,-6.88
31327,2026-08-17,at_risk,2026-08-17 21:25:13,-8.73
31338,2026-08-08,on_time,2026-08-08 14:12:13,-29.76
31344,2026-07-29,at_risk,2026-07-29 23:11:07,-3.0
31347,2026-08-19,on_time,2026-08-19 13:12:48,-15.28
31357,2026-08-02,at_risk,2026-08-03 00:50:53,-1.17
31358,2026-08-08,late,2026-08-08 13:29:51,31.37
31365,2026-08-05,unknown,2026-08-05 20:50:08,29.06
31366,2026-08-13,at_risk,2026-08-13 17:17:24,-12.41
31367,2026-07-29,on_time,2026-07-29 16:13:57,-74.58
31374,2026-08-10,watch,2026-08-10 10:48:08,-9.38
31377,2026-08-20,on_time,2026-08-20 12:14:30,83.0
31377,2026-08-20,on_time,2026-08-20 12:34:12,85.0
31377,2026-08-20,on_time,2026-08-20 13:01:26,76.0
31377,2026-08-20,late,2026-08-20 14:20:17,75.0
31380,2026-08-08,late,2026-08-08 15:50:06,6.38
31388,2026-08-12,on_time,2026-08-12 16:17:25,-12.48
31390,2026-08-05,on_time,2026-08-05 12:56:06,-18.66
31391,2026-07-31,late,2026-07-31 11:30:30,2.7
31428,2026-08-02,on_time,2026-08-02 14:29:55,-26.14
31429,2026-08-06,on_time,2026-08-06 12:53:09,-51.19
31430,2026-08-04,watch,2026-08-04 15:06:49,-4.57
31435,2026-07-30,watch,2026-07-30 19:36:08,-22.35
31444,2026-08-09,at_risk,2026-08-09 08:07:45,-5.92
31469,2026-08-02,watch,2026-08-02 18:27:36,-8.28
31470,2026-08-09,on_time,2026-08-09 23:13:37,-2.13
31470,2026-08-09,on_time,2026-08-10 00:15:06,50.87
31470,2026-08-09,late,2026-08-10 03:40:31,3.87
31471,2026-08-14,at_risk,2026-08-14 23:28:11,0.73
31476,2026-08-01,on_time,2026-08-01 18:23:29,-63.27
31482,2026-08-01,late,2026-08-01 15:27:19,32.69
31483,2026-08-05,watch,2026-08-05 15:20:30,-7.97
31489,2026-08-09,on_time,2026-08-09 17:51:17,-17.85
31509,2026-08-11,late,2026-08-11 16:39:30,2.33
31510,2026-08-13,watch,2026-08-13 13:18:13,-14.7
31511,2026-08-07,on_time,2026-08-07 14:41:05,-17.78
31525,2026-08-04,late,2026-08-04 17:08:02,11.89
31526,2026-08-10,at_risk,2026-08-10 14:56:50,-2.48
31528,2026-08-16,on_time,2026-08-16 17:19:16,-23.41
31538,2026-08-06,late,2026-08-07 03:59:00,79.83
31541,2026-08-16,late,2026-08-16 14:04:09,8.04
31546,2026-08-05,on_time,2026-08-05 19:14:38,-26.65
31546,2026-08-05,on_time,2026-08-05 19:26:42,-26.65
31546,2026-08-05,on_time,2026-08-05 19:32:45,-26.65
31556,2026-08-08,on_time,2026-08-08 10:23:42,-21.06
31558,2026-08-03,on_time,2026-08-03 11:43:34,-15.39
31561,2026-08-14,on_time,2026-08-14 16:04:04,-73.66
31570,2026-08-09,at_risk,2026-08-09 10:26:47,-3.17
31573,2026-08-05,on_time,2026-08-05 14:32:11,-2.22
31573,2026-08-05,watch,2026-08-05 14:53:20,-2.22
31573,2026-08-05,at_risk,2026-08-05 15:02:23,-2.22
31574,2026-08-10,on_time,2026-08-10 19:17:59,-9.4
31587,2026-08-11,watch,2026-08-11 15:41:58,-10.4
31588,2026-08-16,on_time,2026-08-16 09:34:09,-24.43
31599,2026-08-06,late,2026-08-06 14:02:46,31.95
31605,2026-08-07,at_risk,2026-08-07 19:49:08,1.93
31605,2026-08-07,late,2026-08-07 20:01:14,1.93
31612,2026-08-09,on_time,2026-08-09 14:03:13,-16.0
31622,2026-08-21,late,2026-08-21 12:38:02,9.23
31623,2026-08-06,at_risk,2026-08-06 15:03:36,0.23
31629,2026-08-15,on_time,2026-08-15 12:40:23,-18.1
31640,2026-08-08,on_time,2026-08-08 21:27:41,-56.36
31653,2026-07-30,late,2026-07-30 17:45:17,0.43
31662,2026-08-11,on_time,2026-08-11 18:58:27,-14.62
31677,2026-08-11,on_time,2026-08-11 13:04:47,-31.97
31679,2026-08-07,on_time,2026-08-07 16:46:41,-30.2
31686,2026-07-31,on_time,2026-07-31 11:12:24,-105.69
31697,2026-08-07,watch,2026-08-07 16:22:24,-6.93
31701,2026-07-31,late,2026-07-31 13:24:19,25.29
31715,2026-08-21,late,2026-08-21 21:05:03,7.15
31720,2026-08-13,on_time,2026-08-13 11:34:00,101.73
31720,2026-08-13,on_time,2026-08-13 12:02:29,101.73
31720,2026-08-13,on_time,2026-08-13 12:17:37,101.73
31720,2026-08-13,watch,2026-08-13 12:29:43,101.73
31720,2026-08-13,late,2026-08-13 12:56:59,98.73
31720,2026-08-13,late,2026-08-13 13:03:03,98.73
31721,2026-08-18,on_time,2026-08-18 11:30:22,-28.24
31727,2026-08-18,on_time,2026-08-18 12:50:35,-5.12
31727,2026-08-18,at_risk,2026-08-18 13:45:08,-5.12
31737,2026-08-05,at_risk,2026-08-05 13:47:26,-8.45
31739,2026-07-31,late,2026-07-31 20:11:44,9.27
31740,2026-08-09,watch,2026-08-09 11:27:21,-1.72
31743,2026-08-09,at_risk,2026-08-09 16:17:13,-3.22
31746,2026-08-18,on_time,2026-08-18 18:30:50,-12.02
31747,2026-08-13,at_risk,2026-08-14 00:13:13,3.62
31747,2026-08-13,late,2026-08-14 00:16:15,5.62
31753,2026-08-05,late,2026-08-05 14:20:38,21.1
31754,2026-08-03,unknown,2026-08-03 22:57:33,25.06
31755,2026-08-10,on_time,2026-08-10 16:34:45,-54.54
31756,2026-07-31,on_time,2026-07-31 23:11:40,-44.76
31757,2026-08-07,watch,2026-08-07 08:52:56,-6.65
31760,2026-08-02,watch,2026-08-02 17:48:15,-4.96
31771,2026-08-15,at_risk,2026-08-15 19:59:12,2.1
31778,2026-08-11,on_time,2026-08-11 18:13:06,-44.69
31782,2026-08-08,on_time,2026-08-08 18:35:01,-37.14
31793,2026-08-02,on_time,2026-08-02 04:58:19,-224.82
31823,2026-08-03,late,2026-08-03 20:14:45,5.13
31824,2026-08-07,watch,2026-08-07 22:28:47,-13.75
31825,2026-08-03,watch,2026-08-03 14:26:14,-9.9
31830,2026-08-12,on_time,2026-08-12 17:41:11,-17.11
31841,2026-08-15,watch,2026-08-16 02:20:21,-14.22
31847,2026-08-03,late,2026-08-03 22:27:24,41.13
31856,2026-08-21,on_time,2026-08-21 18:34:05,-78.15
31857,2026-08-08,late,2026-08-08 14:30:22,2.76
31868,2026-08-15,late,2026-08-15 11:23:35,25.61
31874,2026-08-14,watch,2026-08-14 11:23:01,-5.52
31876,2026-08-15,watch,2026-08-15 11:08:28,-6.24
31877,2026-08-04,late,2026-08-04 20:46:43,35.84
31881,2026-08-04,at_risk,2026-08-04 16:01:09,-3.74
31882,2026-08-08,watch,2026-08-08 16:50:05,-6.99
31905,2026-08-04,at_risk,2026-08-04 13:27:39,-11.32
31908,2026-08-07,on_time,2026-08-07 19:37:03,-26.7
31908,2026-08-07,on_time,2026-08-07 19:52:09,-26.7
31912,2026-08-14,late,2026-08-14 18:34:16,5.48
31916,2026-08-08,on_time,2026-08-08 13:54:04,-18.65
31917,2026-08-04,on_time,2026-08-04 12:24:26,-18.3
31918,2026-08-04,on_time,2026-08-04 20:40:41,-16.39
31926,2026-08-14,watch,2026-08-14 12:50:48,-6.84
31928,2026-08-04,on_time,2026-08-04 17:39:41,-14.72
31938,2026-08-14,late,2026-08-14 18:46:22,27.39
31941,2026-08-15,watch,2026-08-15 15:25:51,-3.57
31943,2026-08-19,watch,2026-08-19 21:12:00,-8.34
31953,2026-08-02,on_time,2026-08-02 08:07:59,-20.87
31962,2026-08-19,watch,2026-08-19 13:09:46,0.44
31962,2026-08-19,at_risk,2026-08-19 13:21:52,0.44
31977,2026-08-21,on_time,2026-08-21 18:21:59,-8.18
31977,2026-08-21,at_risk,2026-08-21 19:31:14,-0.18
31996,2026-08-04,watch,2026-08-04 12:52:14,-6.7
32010,2026-08-18,late,2026-08-18 12:53:38,11.08
32021,2026-08-04,watch,2026-08-04 15:15:53,-4.8
32026,2026-08-03,watch,2026-08-03 14:26:14,-13.36
32030,2026-08-16,unknown,2026-08-16 13:42:57,33.46
32030,2026-08-16,unknown,2026-08-16 13:55:03,22.46
32050,2026-08-17,on_time,2026-08-17 16:56:56,4.78
32050,2026-08-17,at_risk,2026-08-17 17:12:03,4.78
32050,2026-08-17,late,2026-08-17 17:23:36,6.78
32052,2026-08-03,at_risk,2026-08-03 14:08:05,-4.61
32053,2026-08-07,on_time,2026-08-07 07:46:29,-10.79
32077,2026-08-20,on_time,2026-08-20 12:14:30,-8.28
32077,2026-08-20,watch,2026-08-20 12:25:06,-11.28
32078,2026-08-20,watch,2026-08-20 22:04:47,-9.86
32107,2026-08-13,on_time,2026-08-13 17:08:19,-35.73
32120,2026-08-17,on_time,2026-08-17 19:13:39,-16.33
32133,2026-08-13,on_time,2026-08-13 08:56:59,-20.76
32155,2026-08-16,on_time,2026-08-16 18:46:33,-20.13
32160,2026-08-05,watch,2026-08-05 18:36:39,-7.64
32161,2026-08-10,late,2026-08-10 13:22:58,8.99
32162,2026-08-07,watch,2026-08-07 18:43:15,-8.32
32198,2026-08-15,watch,2026-08-15 22:44:30,-11.46
32200,2026-08-05,at_risk,2026-08-05 15:38:37,-2.15
32218,2026-08-09,at_risk,2026-08-09 22:25:16,-3.19
32219,2026-08-14,watch,2026-08-14 11:16:58,-12.19
32227,2026-08-03,watch,2026-08-03 16:47:28,-12.72
32235,2026-08-09,on_time,2026-08-09 07:43:35,-15.35
32263,2026-08-19,on_time,2026-08-19 10:07:15,-81.99
32267,2026-08-15,on_time,2026-08-15 12:40:23,-16.71
32268,2026-08-18,late,2026-08-18 18:00:36,5.25
32286,2026-08-13,late,2026-08-13 13:15:11,16.56
32288,2026-08-03,late,2026-08-03 18:37:22,8.11
32295,2026-08-07,late,2026-08-07 16:28:29,6.74
32296,2026-08-10,watch,2026-08-10 07:52:31,-5.54
32301,2026-08-05,watch,2026-08-05 21:11:16,-5.6
32312,2026-08-21,late,2026-08-21 19:16:04,34.11
32314,2026-08-08,watch,2026-08-08 12:35:20,-7.38
32315,2026-08-17,on_time,2026-08-17 10:17:53,-11.94
32318,2026-08-03,unknown,2026-08-03 17:20:41,-8.36
32319,2026-08-04,unknown,2026-08-04 22:39:29,18.32
32320,2026-08-09,on_time,2026-08-09 09:29:20,-28.71
32323,2026-08-04,late,2026-08-04 17:39:41,10.31
32325,2026-08-15,at_risk,2026-08-15 13:16:48,-1.27
32332,2026-08-14,watch,2026-08-14 16:49:29,-9.32
32337,2026-08-10,watch,2026-08-10 09:26:12,-3.72
32346,2026-08-13,on_time,2026-08-13 22:42:37,-20.64
32350,2026-08-12,on_time,2026-08-12 10:44:46,-14.7
32351,2026-08-12,late,2026-08-12 20:54:31,26.12
32351,2026-08-12,late,2026-08-12 20:56:06,26.12
32377,2026-08-06,late,2026-08-06 19:22:15,22.39
32378,2026-08-10,at_risk,2026-08-10 14:44:43,1.69
32379,2026-08-14,watch,2026-08-14 12:14:29,-12.79
32380,2026-08-06,watch,2026-08-06 14:36:06,21.15
32380,2026-08-06,unknown,2026-08-06 15:06:37,23.15
32392,2026-08-04,on_time,2026-08-04 13:30:41,-5.3
32392,2026-08-04,watch,2026-08-04 13:42:45,-5.3
32393,2026-08-11,on_time,2026-08-11 16:27:23,16.01
32393,2026-08-11,late,2026-08-11 17:06:44,16.01
32393,2026-08-11,late,2026-08-11 17:13:16,16.01
32400,2026-08-19,on_time,2026-08-19 09:06:50,-21.79
32405,2026-08-10,watch,2026-08-10 17:35:18,-9.61
32428,2026-08-14,on_time,2026-08-14 13:45:37,11.99
32428,2026-08-14,late,2026-08-14 14:21:12,13.99
32429,2026-08-06,late,2026-08-06 15:48:59,8.11
32430,2026-08-10,late,2026-08-10 13:03:33,4.87
32431,2026-08-04,at_risk,2026-08-04 18:06:51,1.8
32439,2026-08-17,late,2026-08-17 12:33:44,11.47
32445,2026-08-20,on_time,2026-08-20 14:11:11,-16.44
32450,2026-08-10,at_risk,2026-08-11 03:15:47,-6.88
32451,2026-08-05,at_risk,2026-08-05 17:12:40,-1.3
32469,2026-08-15,watch,2026-08-15 11:26:37,-3.13
32483,2026-08-19,watch,2026-08-19 18:21:08,-7.84
32490,2026-08-14,at_risk,2026-08-14 14:51:32,-6.19
32494,2026-08-19,on_time,2026-08-19 12:42:30,-16.18
32501,2026-08-20,on_time,2026-08-20 16:28:23,-6.9
32501,2026-08-20,on_time,2026-08-20 16:46:32,-16.6
32507,2026-08-13,on_time,2026-08-14 01:10:35,-39.4
32508,2026-08-09,watch,2026-08-09 16:46:55,-13.46
32515,2026-08-11,late,2026-08-11 23:40:35,32.1
32528,2026-08-11,on_time,2026-08-11 12:40:36,-16.65
32597,2026-08-07,late,2026-08-07 15:20:19,5.11
32605,2026-08-11,watch,2026-08-11 17:06:44,-7.38
32606,2026-08-15,on_time,2026-08-15 15:59:09,-28.28
32607,2026-08-05,late,2026-08-05 12:05:02,3.38
32608,2026-08-08,watch,2026-08-08 19:17:05,-11.27
32617,2026-08-07,on_time,2026-08-07 18:06:53,-16.72
32632,2026-08-09,watch,2026-08-09 10:44:58,-13.13
32646,2026-08-05,at_risk,2026-08-06 01:15:02,-2.83
32650,2026-08-14,watch,2026-08-14 07:27:50,-2.12
32666,2026-08-19,watch,2026-08-19 10:16:19,-13.39
32676,2026-08-20,late,2026-08-21 00:53:30,19.89
32687,2026-08-08,on_time,2026-08-08 13:08:36,-19.08
32715,2026-08-08,late,2026-08-08 18:53:12,6.04
32723,2026-08-05,watch,2026-08-05 16:45:31,-6.56
32728,2026-08-14,on_time,2026-08-14 12:26:35,-30.8
32744,2026-08-19,late,2026-08-19 14:40:38,16.71
32745,2026-08-14,on_time,2026-08-14 19:28:46,-23.52
32745,2026-08-14,on_time,2026-08-14 19:34:49,-23.52
32765,2026-08-15,at_risk,2026-08-15 17:59:40,-0.29
32767,2026-08-11,on_time,2026-08-11 16:27:23,-26.83
32771,2026-08-17,on_time,2026-08-17 14:44:22,-42.4
32774,2026-08-17,late,2026-08-17 13:46:26,16.55
32774,2026-08-17,late,2026-08-17 13:55:30,16.55
32781,2026-08-07,watch,2026-08-07 08:25:45,-12.81
32796,2026-08-21,at_risk,2026-08-21 13:26:30,-2.08
32813,2026-08-19,watch,2026-08-19 13:40:02,-10.78
32838,2026-08-07,late,2026-08-07 13:11:26,42.56
32862,2026-08-16,on_time,2026-08-16 20:54:08,-12.63
32862,2026-08-16,watch,2026-08-16 21:12:16,-12.63
32863,2026-08-21,on_time,2026-08-21 11:22:25,-77.53
32864,2026-08-05,late,2026-08-06 02:06:23,37.08
32874,2026-08-06,watch,2026-08-07 02:57:22,-10.97
32886,2026-08-14,at_risk,2026-08-14 17:57:53,-0.82
32890,2026-08-09,watch,2026-08-09 19:03:11,-0.93
32900,2026-08-09,watch,2026-08-09 13:42:02,-6.71
32901,2026-08-14,late,2026-08-14 16:25:16,27.81
32926,2026-08-13,on_time,2026-08-13 15:31:21,-30.81
32928,2026-08-06,late,2026-08-06 21:05:57,6.11
32930,2026-08-15,watch,2026-08-15 16:50:03,-8.94
32934,2026-08-05,late,2026-08-05 22:25:51,38.33
32940,2026-08-13,late,2026-08-13 18:00:29,1.53
32951,2026-08-19,late,2026-08-19 14:01:15,17.53
32962,2026-08-09,late,2026-08-09 20:33:54,34.76
32977,2026-08-10,watch,2026-08-10 23:04:48,-5.76
32978,2026-08-15,on_time,2026-08-15 16:25:51,-31.52
32989,2026-08-10,on_time,2026-08-10 11:15:20,-12.85
33009,2026-08-19,on_time,2026-08-19 09:31:01,-28.43
33017,2026-08-21,late,2026-08-21 13:56:45,21.0
33017,2026-08-21,unknown,2026-08-21 14:13:02,19.0
33021,2026-08-11,late,2026-08-11 15:02:26,3.79
33022,2026-08-14,watch,2026-08-14 19:31:48,-12.77
33033,2026-08-10,on_time,2026-08-10 18:18:37,-28.0
33034,2026-08-16,late,2026-08-16 13:00:41,2.37
33039,2026-08-07,at_risk,2026-08-07 17:26:06,0.66
33047,2026-08-11,watch,2026-08-11 19:43:53,-6.9
33061,2026-08-07,on_time,2026-08-07 15:38:32,-21.75
33061,2026-08-07,on_time,2026-08-07 16:05:52,-21.75
33080,2026-08-15,on_time,2026-08-15 19:09:48,-17.76
33122,2026-08-11,at_risk,2026-08-11 18:04:02,-1.88
33123,2026-08-18,on_time,2026-08-18 14:10:45,-10.18
33123,2026-08-18,watch,2026-08-18 14:47:04,-10.18
33138,2026-08-14,watch,2026-08-14 15:40:06,-11.76
33144,2026-08-20,on_time,2026-08-20 16:55:36,-31.78
33164,2026-08-07,on_time,2026-08-07 15:53:43,-11.86
33230,2026-08-08,at_risk,2026-08-08 08:56:03,-2.35
33240,2026-08-20,on_time,2026-08-20 12:37:14,-20.45
33241,2026-08-15,on_time,2026-08-15 13:53:01,-66.34
33247,2026-08-16,on_time,2026-08-16 13:33:53,-39.2
33247,2026-08-16,on_time,2026-08-16 13:49:00,-39.2
33251,2026-08-10,at_risk,2026-08-10 17:54:22,-1.9
33252,2026-08-13,on_time,2026-08-13 11:30:59,-28.99
33259,2026-08-21,on_time,2026-08-21 16:27:00,-32.14
33260,2026-08-17,on_time,2026-08-17 18:58:31,-11.57
33260,2026-08-17,watch,2026-08-17 19:22:44,-11.05
33279,2026-08-17,watch,2026-08-17 14:50:25,-8.0
33281,2026-08-21,on_time,2026-08-21 10:07:30,-22.3
33312,2026-08-08,late,2026-08-08 21:57:54,1.11
33313,2026-08-14,watch,2026-08-14 12:50:48,-7.68
33326,2026-08-13,late,2026-08-14 01:18:00,21.48
33343,2026-08-13,at_risk,2026-08-13 08:53:58,-4.38
33352,2026-08-13,on_time,2026-08-13 16:10:42,8.23
33352,2026-08-13,late,2026-08-13 17:11:21,7.23
33354,2026-08-11,late,2026-08-11 15:29:52,27.89
33356,2026-08-17,on_time,2026-08-17 21:37:19,-21.89
33364,2026-08-16,on_time,2026-08-16 14:37:24,-9.78
33373,2026-08-08,late,2026-08-08 20:54:33,24.95
33395,2026-08-11,watch,2026-08-11 15:41:58,-10.69
33410,2026-08-09,on_time,2026-08-09 16:59:53,-21.03
33411,2026-08-16,at_risk,2026-08-16 13:52:02,-7.28
33413,2026-08-11,on_time,2026-08-11 14:04:55,-16.71
33421,2026-08-09,watch,2026-08-09 12:01:07,-11.35
33445,2026-08-11,watch,2026-08-11 21:37:44,-17.23
33451,2026-08-10,late,2026-08-10 22:05:32,8.74
33452,2026-08-13,watch,2026-08-13 11:53:25,-4.12
33465,2026-08-13,on_time,2026-08-13 12:05:31,-11.29
33465,2026-08-13,watch,2026-08-13 12:14:35,-13.91
33466,2026-08-17,on_time,2026-08-17 07:04:29,-3.12
33466,2026-08-17,at_risk,2026-08-17 07:58:51,-3.12
33466,2026-08-17,at_risk,2026-08-17 08:26:02,-3.12
33469,2026-08-13,watch,2026-08-13 12:05:31,-15.96
33469,2026-08-13,watch,2026-08-13 12:08:32,-17.96
33478,2026-08-19,watch,2026-08-19 11:56:00,-1.77
33480,2026-08-20,watch,2026-08-20 11:00:04,-9.8
33491,2026-08-09,late,2026-08-09 17:57:20,8.16
33493,2026-08-17,on_time,2026-08-17 21:40:20,-17.35
33518,2026-08-14,on_time,2026-08-14 07:27:50,-29.5
33536,2026-08-17,on_time,2026-08-17 13:43:24,-15.86
33542,2026-08-09,on_time,2026-08-09 14:57:42,-5.46
33542,2026-08-09,watch,2026-08-09 15:00:43,-5.46
33542,2026-08-09,watch,2026-08-09 15:06:47,-5.46
33546,2026-08-12,watch,2026-08-12 15:03:44,1.37
33546,2026-08-12,late,2026-08-12 15:15:49,1.37
33558,2026-08-12,on_time,2026-08-12 16:11:22,-25.1
33559,2026-08-21,on_time,2026-08-21 08:00:37,-28.22
33573,2026-08-16,on_time,2026-08-16 22:09:45,-5.3
33573,2026-08-16,watch,2026-08-16 22:20:14,-6.48
33588,2026-08-17,watch,2026-08-17 12:12:47,-17.03
33589,2026-08-21,at_risk,2026-08-21 19:52:25,2.03
33589,2026-08-21,late,2026-08-21 20:01:31,2.03
33595,2026-08-17,on_time,2026-08-17 18:06:00,-26.74
33596,2026-08-21,late,2026-08-21 19:55:27,12.98
33605,2026-08-16,on_time,2026-08-16 20:23:54,-18.58
33623,2026-08-10,at_risk,2026-08-10 12:52:11,-6.72
33640,2026-08-18,late,2026-08-18 20:53:55,40.93
33655,2026-08-21,at_risk,2026-08-21 14:25:11,-3.98
33741,2026-08-19,on_time,2026-08-19 12:35:24,-20.71
33742,2026-08-20,on_time,2026-08-20 09:20:28,-23.14
33746,2026-08-10,on_time,2026-08-10 18:45:51,-25.77
33747,2026-08-14,watch,2026-08-14 06:33:27,-9.95
33755,2026-08-17,on_time,2026-08-17 08:32:05,-27.69
33773,2026-08-18,late,2026-08-18 15:17:19,28.36
33773,2026-08-18,late,2026-08-18 15:32:27,24.36
33784,2026-08-19,late,2026-08-19 13:21:52,25.91
33845,2026-08-21,watch,2026-08-21 14:43:23,-15.11
33895,2026-08-21,on_time,2026-08-21 12:04:46,-52.36
33915,2026-08-21,late,2026-08-21 13:53:43,2.69
33924,2026-08-19,on_time,2026-08-19 15:43:11,-18.12
33924,2026-08-19,on_time,2026-08-19 15:52:17,-21.12
33936,2026-08-16,watch,2026-08-16 20:42:04,-16.32
33958,2026-08-16,watch,2026-08-16 10:58:45,-1.17
33968,2026-08-13,on_time,2026-08-13 17:48:20,-108.26
33969,2026-08-17,on_time,2026-08-17 11:15:19,-19.19
33972,2026-08-13,on_time,2026-08-13 15:20:13,-39.59
33973,2026-08-17,watch,2026-08-17 18:43:24,-14.04
33974,2026-08-21,late,2026-08-21 16:42:10,14.63
34075,2026-08-16,on_time,2026-08-16 15:08:10,-11.74
34075,2026-08-16,on_time,2026-08-16 15:20:16,-10.94
34075,2026-08-16,on_time,2026-08-16 15:44:28,-10.94
34075,2026-08-16,watch,2026-08-16 15:50:31,-9.94
34101,2026-08-21,watch,2026-08-21 12:22:55,-5.18
34106,2026-08-13,on_time,2026-08-13 15:52:32,-22.16
34111,2026-08-20,watch,2026-08-20 18:49:25,-8.9
34135,2026-08-16,watch,2026-08-16 15:20:16,-8.37
34188,2026-08-21,on_time,2026-08-21 14:34:17,-54.26
34213,2026-08-18,watch,2026-08-18 09:56:41,-1.72
34213,2026-08-18,watch,2026-08-18 10:11:47,-1.72
34214,2026-08-17,late,2026-08-18 01:52:19,17.46
34223,2026-08-16,on_time,2026-08-16 09:22:03,-20.83
34235,2026-08-14,on_time,2026-08-14 17:44:00,-13.92
34235,2026-08-14,watch,2026-08-14 18:16:06,-8.76
34251,2026-08-17,watch,2026-08-17 18:06:00,-6.21
34253,2026-08-16,on_time,2026-08-16 17:40:27,-19.31
34281,2026-08-13,on_time,2026-08-13 13:24:17,-34.34
34321,2026-08-20,on_time,2026-08-20 11:23:08,-25.93
34321,2026-08-20,on_time,2026-08-20 11:32:11,-25.93
34349,2026-08-14,on_time,2026-08-14 15:43:08,-15.79
34370,2026-08-16,watch,2026-08-16 22:23:15,-6.31
34381,2026-08-13,late,2026-08-14 02:27:27,15.78
34390,2026-08-15,late,2026-08-15 18:33:27,16.71
34390,2026-08-15,late,2026-08-15 18:42:32,17.71
34465,2026-08-18,watch,2026-08-18 13:30:00,-13.33
34466,2026-08-21,on_time,2026-08-21 16:45:11,-13.59
34509,2026-08-17,on_time,2026-08-17 16:32:41,37.7
34509,2026-08-17,on_time,2026-08-17 16:35:43,37.7
34509,2026-08-17,unknown,2026-08-17 17:12:03,37.7
34509,2026-08-17,late,2026-08-17 17:38:45,39.7
34562,2026-08-14,watch,2026-08-14 16:55:32,-3.9
34586,2026-08-20,on_time,2026-08-20 15:30:18,60.06
34586,2026-08-20,on_time,2026-08-20 15:55:08,54.82
34586,2026-08-20,on_time,2026-08-20 16:28:23,57.82
34586,2026-08-20,late,2026-08-20 17:21:41,58.82
34602,2026-08-17,late,2026-08-17 21:13:56,27.54
34632,2026-08-16,on_time,2026-08-16 10:22:29,-90.51
34632,2026-08-16,on_time,2026-08-16 10:43:40,-81.51
34633,2026-08-21,late,2026-08-21 21:11:06,26.99
34643,2026-08-21,at_risk,2026-08-21 12:01:45,-3.28
34686,2026-08-18,on_time,2026-08-18 09:56:41,-8.2
34686,2026-08-18,on_time,2026-08-18 11:30:22,-8.2
34686,2026-08-18,on_time,2026-08-18 11:52:04,-4.2
34686,2026-08-18,on_time,2026-08-18 12:04:09,-4.2
34686,2026-08-18,watch,2026-08-18 12:47:34,-8.2
34703,2026-08-17,late,2026-08-17 22:49:52,43.82
34703,2026-08-17,late,2026-08-17 23:15:46,40.82
34707,2026-08-16,unknown,2026-08-16 13:58:06,0.33
34708,2026-08-20,watch,2026-08-20 22:20:02,-8.94
34741,2026-08-17,watch,2026-08-17 13:31:16,-13.4
34751,2026-08-15,watch,2026-08-16 02:14:18,-11.8
34752,2026-08-19,on_time,2026-08-19 11:37:52,-10.29
34825,2026-08-15,watch,2026-08-15 17:17:19,-6.78
34855,2026-08-18,watch,2026-08-18 16:11:05,9.92
34855,2026-08-18,late,2026-08-18 16:35:20,13.92
34864,2026-08-21,watch,2026-08-21 15:01:45,-5.98
34868,2026-08-18,on_time,2026-08-18 20:17:36,-17.81
34868,2026-08-18,on_time,2026-08-18 20:38:47,-17.81
34920,2026-08-21,on_time,2026-08-21 19:52:25,-14.6
34920,2026-08-21,on_time,2026-08-21 20:13:37,-14.6
34953,2026-08-17,at_risk,2026-08-17 20:35:18,-5.1
35035,2026-08-20,unknown,2026-08-21 00:02:11,24.28
35035,2026-08-20,unknown,2026-08-21 00:05:12,24.28
35044,2026-08-17,at_risk,2026-08-17 20:29:15,0.83
35157,2026-08-17,watch,2026-08-17 13:16:06,-12.98
35201,2026-08-18,on_time,2026-08-18 12:38:27,-21.5
35313,2026-08-21,late,2026-08-21 17:09:24,18.11
35430,2026-08-19,unknown,2026-08-19 20:13:11,5.37
35470,2026-08-19,on_time,2026-08-19 19:09:43,-18.2
35481,2026-08-20,on_time,2026-08-20 12:14:30,-34.03
35481,2026-08-20,on_time,2026-08-20 12:31:11,-34.03
35490,2026-08-20,on_time,2026-08-20 11:23:08,-16.9
35490,2026-08-20,on_time,2026-08-20 12:11:28,-17.9
35498,2026-08-19,late,2026-08-19 15:09:52,1.78
35687,2026-08-20,on_time,2026-08-20 16:04:14,-55.4
35695,2026-08-21,late,2026-08-21 15:13:53,6.28
35819,2026-08-21,watch,2026-08-21 08:42:55,-0.17
35829,2026-08-20,late,2026-08-20 16:37:27,7.82
35858,2026-08-21,on_time,2026-08-21 14:52:38,-5.14
35858,2026-08-21,on_time,2026-08-21 15:23:20,-5.73
35858,2026-08-21,on_time,2026-08-21 16:45:11,-7.81
35858,2026-08-21,on_time,2026-08-21 18:00:51,-24.81
35866,2026-08-21,late,2026-08-21 18:12:54,10.27
35907,2026-08-20,late,2026-08-21 03:57:04,42.41
35977,2026-08-21,watch,2026-08-21 17:57:48,-10.93
35984,2026-08-21,on_time,2026-08-21 15:13:53,-14.72
36008,2026-08-21,at_risk,2026-08-21 08:24:48,-3.23
36025,2026-08-21,late,2026-08-21 14:00:55,3.49
36083,2026-08-21,watch,2026-08-21 19:52:25,-6.12
36102,2026-08-21,on_time,2026-08-21 19:40:18,-41.17
36102,2026-08-21,on_time,2026-08-21 19:46:22,-41.17
36108,2026-08-21,on_time,2026-08-21 14:37:20,-35.81
36194,2026-08-21,watch,2026-08-21 18:09:53,-13.14
36195,2026-08-21,watch,2026-08-21 19:13:03,-14.82
