date,tick,estimates,ms,cards,error
2026-07-24,23:00,live,55,0,
2026-07-24,22:45,live,30,2,
2026-07-24,22:30,live,30,1,
2026-07-24,22:15,live,51,0,
2026-07-24,22:00,live,29,0,
2026-07-24,21:45,live,30,0,
2026-07-24,21:30,live,30,0,
2026-07-24,21:15,live,30,0,
2026-07-24,21:00,live,52,0,
2026-07-24,20:45,live,30,0,
2026-07-24,20:30,live,30,1,
2026-07-24,20:15,live,30,0,
2026-07-24,20:00,live,31,0,
2026-07-24,19:45,live,44,1,
2026-07-24,19:30,live,64,1,
2026-07-24,19:15,live,40,1,
2026-07-24,19:00,live,41,1,
2026-07-24,18:45,live,31,0,
2026-07-24,18:30,live,31,0,
2026-07-24,18:15,live,52,0,
2026-07-24,18:00,live,31,0,
2026-07-24,17:45,live,31,0,
2026-07-24,17:30,live,31,0,
2026-07-24,17:15,live,31,0,
2026-07-24,17:00,live,53,0,
2026-07-24,16:45,live,31,0,
2026-07-24,16:30,live,31,0,
2026-07-24,16:15,live,31,1,
2026-07-24,16:00,live,32,1,
2026-07-24,15:45,live,54,1,
2026-07-24,15:30,live,31,1,
2026-07-24,15:15,live,32,0,
2026-07-24,15:00,live,62,1,
2026-07-24,14:45,live,60,1,
2026-07-24,14:30,live,82,2,
2026-07-24,14:15,live,60,1,
2026-07-24,14:00,live,60,1,
2026-07-24,13:45,live,60,1,
2026-07-24,13:30,live,60,1,
2026-07-24,13:15,live,60,2,
2026-07-24,13:00,live,84,1,
2026-07-24,12:45,live,60,1,
2026-07-24,12:30,live,66,2,
2026-07-24,12:15,live,60,2,
2026-07-24,12:00,live,60,2,
2026-07-24,11:45,live,83,3,
2026-07-24,11:30,live,62,2,
2026-07-24,11:15,live,62,2,
2026-07-24,11:00,live,61,2,
2026-07-24,10:45,live,105,3,
2026-07-24,10:30,live,85,3,
2026-07-24,10:15,live,61,3,
2026-07-24,10:00,live,61,4,
2026-07-24,09:45,live,125,4,
2026-07-24,09:30,live,135,5,
2026-07-24,09:15,live,150,3,
2026-07-24,09:00,live,175,3,
2026-07-24,08:45,live,152,3,
2026-07-24,08:30,live,152,3,
2026-07-24,08:15,live,153,3,
2026-07-24,08:00,live,81,2,
2026-07-24,07:45,live,103,2,
2026-07-24,07:30,live,225,4,
2026-07-24,07:15,live,145,3,
2026-07-24,07:00,live,42,2,
2026-07-24,06:45,live,42,2,
2026-07-24,06:30,live,63,2,
2026-07-24,06:15,live,42,2,
2026-07-24,06:00,live,41,1,
2026-07-24,23:00,masked,31,0,
2026-07-24,22:45,masked,30,2,
2026-07-24,22:30,masked,52,1,
2026-07-24,22:15,masked,31,0,
2026-07-24,22:00,masked,30,0,
2026-07-24,21:45,masked,30,0,
2026-07-24,21:30,masked,30,1,
2026-07-24,21:15,masked,30,1,
2026-07-24,21:00,masked,54,1,
2026-07-24,20:45,masked,30,1,
2026-07-24,20:30,masked,30,1,
2026-07-24,20:15,masked,30,0,
2026-07-24,20:00,masked,30,0,
2026-07-24,19:45,masked,62,1,
2026-07-24,19:30,masked,41,1,
2026-07-24,19:15,masked,41,1,
2026-07-24,19:00,masked,41,1,
2026-07-24,18:45,masked,31,0,
2026-07-24,18:30,masked,55,0,
2026-07-24,18:15,masked,31,0,
2026-07-24,18:00,masked,31,0,
2026-07-24,17:45,masked,31,0,
2026-07-24,17:30,masked,31,0,
2026-07-24,17:15,masked,53,0,
2026-07-24,17:00,masked,32,0,
2026-07-24,16:45,masked,32,0,
2026-07-24,16:30,masked,31,0,
2026-07-24,16:15,masked,32,1,
2026-07-24,16:00,masked,56,1,
2026-07-24,15:45,masked,32,1,
2026-07-24,15:30,masked,32,1,
2026-07-24,15:15,masked,32,0,
2026-07-24,15:00,masked,38,1,
2026-07-24,14:45,masked,37,1,
2026-07-24,14:30,masked,61,2,
2026-07-24,14:15,masked,37,1,
2026-07-24,14:00,masked,38,1,
2026-07-24,13:45,masked,38,1,
2026-07-24,13:30,masked,38,1,
2026-07-24,13:15,masked,60,2,
2026-07-24,13:00,masked,50,1,
2026-07-24,12:45,masked,49,1,
2026-07-24,12:30,masked,51,2,
2026-07-24,12:15,masked,49,2,
2026-07-24,12:00,masked,72,2,
2026-07-24,11:45,masked,50,3,
2026-07-24,11:30,masked,39,2,
2026-07-24,11:15,masked,40,2,
2026-07-24,11:00,masked,38,2,
2026-07-24,10:45,masked,76,3,
2026-07-24,10:30,masked,189,3,
2026-07-24,10:15,masked,39,3,
2026-07-24,10:00,masked,39,4,
2026-07-24,09:45,masked,110,4,
2026-07-24,09:30,masked,122,5,
2026-07-24,09:15,masked,159,3,
2026-07-24,09:00,masked,141,3,
2026-07-24,08:45,masked,140,3,
2026-07-24,08:30,masked,140,3,
2026-07-24,08:15,masked,141,3,
2026-07-24,08:00,masked,66,2,
2026-07-24,07:45,masked,88,2,
2026-07-24,07:30,masked,243,4,
2026-07-24,07:15,masked,81,2,
2026-07-24,07:00,masked,44,2,
2026-07-24,06:45,masked,43,2,
2026-07-24,06:30,masked,64,2,
2026-07-24,06:15,masked,43,2,
2026-07-24,06:00,masked,41,1,
2026-07-25,23:00,live,51,0,
2026-07-25,22:45,live,36,0,
2026-07-25,22:30,live,59,0,
2026-07-25,22:15,live,36,0,
2026-07-25,22:00,live,35,0,
2026-07-25,21:45,live,36,0,
2026-07-25,21:30,live,58,0,
2026-07-25,21:15,live,36,0,
2026-07-25,21:00,live,36,0,
2026-07-25,20:45,live,35,0,
2026-07-25,20:30,live,37,0,
2026-07-25,20:15,live,60,0,
2026-07-25,20:00,live,36,1,
2026-07-25,19:45,live,36,1,
2026-07-25,19:30,live,36,1,
2026-07-25,19:15,live,58,1,
2026-07-25,19:00,live,36,1,
2026-07-25,18:45,live,36,1,
2026-07-25,18:30,live,36,0,
2026-07-25,18:15,live,58,0,
2026-07-25,18:00,live,36,0,
2026-07-25,17:45,live,36,0,
2026-07-25,17:30,live,36,0,
2026-07-25,17:15,live,69,1,
2026-07-25,17:00,live,88,1,
2026-07-25,16:45,live,65,1,
2026-07-25,16:30,live,66,1,
2026-07-25,16:15,live,106,3,
2026-07-25,16:00,live,101,2,
2026-07-25,15:45,live,79,3,
2026-07-25,15:30,live,90,4,
2026-07-25,15:15,live,88,4,
2026-07-25,15:00,live,110,3,
2026-07-25,14:45,live,410,6,
2026-07-25,14:30,live,394,7,
2026-07-25,14:15,live,249,7,
2026-07-25,14:00,live,112,5,
2026-07-25,13:45,live,161,6,
2026-07-25,13:30,live,241,8,
2026-07-25,13:15,live,271,7,
2026-07-25,13:00,live,193,7,
2026-07-25,12:45,live,187,7,
2026-07-25,12:30,live,173,6,
2026-07-25,12:15,live,308,8,
2026-07-25,12:00,live,478,9,
2026-07-25,11:45,live,465,7,
2026-07-25,11:30,live,398,6,
2026-07-25,11:15,live,416,9,
2026-07-25,11:00,live,384,11,
2026-07-25,10:45,live,350,9,
2026-07-25,10:30,live,324,10,
2026-07-25,10:15,live,394,9,
2026-07-25,10:00,live,341,9,
2026-07-25,09:45,live,351,8,
2026-07-25,09:30,live,282,8,
2026-07-25,09:15,live,288,8,
2026-07-25,09:00,live,273,9,
2026-07-25,08:45,live,316,8,
2026-07-25,08:30,live,398,8,
2026-07-25,08:15,live,347,8,
2026-07-25,08:00,live,309,7,
2026-07-25,07:45,live,455,8,
2026-07-25,07:30,live,473,9,
2026-07-25,07:15,live,565,10,
2026-07-25,07:00,live,560,10,
2026-07-25,06:45,live,446,9,
2026-07-25,06:30,live,283,8,
2026-07-25,06:15,live,308,8,
2026-07-25,06:00,live,292,8,
2026-07-25,23:00,masked,37,0,
2026-07-25,22:45,masked,36,0,
2026-07-25,22:30,masked,58,0,
2026-07-25,22:15,masked,36,0,
2026-07-25,22:00,masked,36,0,
2026-07-25,21:45,masked,35,0,
2026-07-25,21:30,masked,59,0,
2026-07-25,21:15,masked,36,0,
2026-07-25,21:00,masked,36,0,
2026-07-25,20:45,masked,36,0,
2026-07-25,20:30,masked,59,0,
2026-07-25,20:15,masked,36,0,
2026-07-25,20:00,masked,36,1,
2026-07-25,19:45,masked,36,1,
2026-07-25,19:30,masked,35,1,
2026-07-25,19:15,masked,66,1,
2026-07-25,19:00,masked,37,1,
2026-07-25,18:45,masked,36,1,
2026-07-25,18:30,masked,36,0,
2026-07-25,18:15,masked,59,0,
2026-07-25,18:00,masked,35,0,
2026-07-25,17:45,masked,36,0,
2026-07-25,17:30,masked,36,0,
2026-07-25,17:15,masked,90,1,
2026-07-25,17:00,masked,65,1,
2026-07-25,16:45,masked,65,1,
2026-07-25,16:30,masked,66,1,
2026-07-25,16:15,masked,92,2,
2026-07-25,16:00,masked,91,2,
2026-07-25,15:45,masked,66,3,
2026-07-25,15:30,masked,75,3,
2026-07-25,15:15,masked,75,3,
2026-07-25,15:00,masked,99,2,
2026-07-25,14:45,masked,381,5,
2026-07-25,14:30,masked,400,6,
2026-07-25,14:15,masked,264,6,
2026-07-25,14:00,masked,89,4,
2026-07-25,13:45,masked,149,5,
2026-07-25,13:30,masked,237,8,
2026-07-25,13:15,masked,274,7,
2026-07-25,13:00,masked,193,7,
2026-07-25,12:45,masked,188,7,
2026-07-25,12:30,masked,173,6,
2026-07-25,12:15,masked,279,8,
2026-07-25,12:00,masked,479,9,
2026-07-25,11:45,masked,469,7,
2026-07-25,11:30,masked,399,6,
2026-07-25,11:15,masked,413,9,
2026-07-25,11:00,masked,380,11,
2026-07-25,10:45,masked,351,9,
2026-07-25,10:30,masked,323,10,
2026-07-25,10:15,masked,394,9,
2026-07-25,10:00,masked,337,9,
2026-07-25,09:45,masked,329,8,
2026-07-25,09:30,masked,305,8,
2026-07-25,09:15,masked,287,8,
2026-07-25,09:00,masked,272,9,
2026-07-25,08:45,masked,316,8,
2026-07-25,08:30,masked,396,8,
2026-07-25,08:15,masked,349,8,
2026-07-25,08:00,masked,310,7,
2026-07-25,07:45,masked,456,8,
2026-07-25,07:30,masked,477,9,
2026-07-25,07:15,masked,565,10,
2026-07-25,07:00,masked,571,10,
2026-07-25,06:45,masked,448,9,
2026-07-25,06:30,masked,285,8,
2026-07-25,06:15,masked,310,8,
2026-07-25,06:00,masked,292,8,
2026-07-26,23:00,live,45,0,
2026-07-26,22:45,live,36,0,
2026-07-26,22:30,live,58,0,
2026-07-26,22:15,live,36,0,
2026-07-26,22:00,live,35,0,
2026-07-26,21:45,live,36,0,
2026-07-26,21:30,live,59,1,
2026-07-26,21:15,live,36,1,
2026-07-26,21:00,live,36,1,
2026-07-26,20:45,live,36,1,
2026-07-26,20:30,live,36,0,
2026-07-26,20:15,live,61,0,
2026-07-26,20:00,live,36,0,
2026-07-26,19:45,live,36,0,
2026-07-26,19:30,live,36,1,
2026-07-26,19:15,live,59,1,
2026-07-26,19:00,live,36,0,
2026-07-26,18:45,live,36,1,
2026-07-26,18:30,live,36,1,
2026-07-26,18:15,live,59,1,
2026-07-26,18:00,live,37,0,
2026-07-26,17:45,live,37,1,
2026-07-26,17:30,live,36,1,
2026-07-26,17:15,live,60,1,
2026-07-26,17:00,live,38,1,
2026-07-26,16:45,live,37,1,
2026-07-26,16:30,live,38,1,
2026-07-26,16:15,live,37,1,
2026-07-26,16:00,live,63,1,
2026-07-26,15:45,live,37,1,
2026-07-26,15:30,live,38,1,
2026-07-26,15:15,live,37,1,
2026-07-26,15:00,live,182,2,
2026-07-26,14:45,live,152,2,
2026-07-26,14:30,live,48,3,
2026-07-26,14:15,live,49,3,
2026-07-26,14:00,live,72,3,
2026-07-26,13:45,live,137,6,
2026-07-26,13:30,live,109,6,
2026-07-26,13:15,live,50,5,
2026-07-26,13:00,live,194,6,
2026-07-26,12:45,live,246,7,
2026-07-26,12:30,live,329,7,
2026-07-26,12:15,live,328,8,
2026-07-26,12:00,live,329,7,
2026-07-26,11:45,live,490,8,
2026-07-26,11:30,live,461,7,
2026-07-26,11:15,live,509,8,
2026-07-26,11:00,live,403,9,
2026-07-26,10:45,live,488,9,
2026-07-26,10:30,live,389,8,
2026-07-26,10:15,live,137,7,
2026-07-26,10:00,live,222,7,
2026-07-26,09:45,live,315,13,
2026-07-26,09:30,live,358,13,
2026-07-26,09:15,live,365,14,
2026-07-26,09:00,live,665,12,
2026-07-26,08:45,live,447,16,
2026-07-26,08:30,live,566,14,
2026-07-26,08:15,live,548,15,
2026-07-26,08:00,live,549,13,
2026-07-26,07:45,live,395,14,
2026-07-26,07:30,live,400,14,
2026-07-26,07:15,live,416,13,
2026-07-26,07:00,live,381,13,
2026-07-26,06:45,live,377,13,
2026-07-26,06:30,live,320,14,
2026-07-26,06:15,live,299,15,
2026-07-26,06:00,live,380,14,
2026-07-26,23:00,masked,36,0,
2026-07-26,22:45,masked,59,0,
2026-07-26,22:30,masked,36,0,
2026-07-26,22:15,masked,35,0,
2026-07-26,22:00,masked,36,0,
2026-07-26,21:45,masked,35,0,
2026-07-26,21:30,masked,61,1,
2026-07-26,21:15,masked,36,1,
2026-07-26,21:00,masked,36,1,
2026-07-26,20:45,masked,36,1,
2026-07-26,20:30,masked,59,0,
2026-07-26,20:15,masked,36,0,
2026-07-26,20:00,masked,36,0,
2026-07-26,19:45,masked,36,0,
2026-07-26,19:30,masked,59,1,
2026-07-26,19:15,masked,36,1,
2026-07-26,19:00,masked,36,0,
2026-07-26,18:45,masked,36,2,
2026-07-26,18:30,masked,36,2,
2026-07-26,18:15,masked,61,2,
2026-07-26,18:00,masked,36,1,
2026-07-26,17:45,masked,36,2,
2026-07-26,17:30,masked,36,2,
2026-07-26,17:15,masked,59,2,
2026-07-26,17:00,masked,37,2,
2026-07-26,16:45,masked,38,2,
2026-07-26,16:30,masked,37,1,
2026-07-26,16:15,masked,60,1,
2026-07-26,16:00,masked,37,1,
2026-07-26,15:45,masked,38,1,
2026-07-26,15:30,masked,37,1,
2026-07-26,15:15,masked,37,1,
2026-07-26,15:00,masked,62,1,
2026-07-26,14:45,masked,37,1,
2026-07-26,14:30,masked,38,1,
2026-07-26,14:15,masked,39,1,
2026-07-26,14:00,masked,61,1,
2026-07-26,13:45,masked,196,5,
2026-07-26,13:30,masked,166,4,
2026-07-26,13:15,masked,109,3,
2026-07-26,13:00,masked,302,4,
2026-07-26,12:45,masked,279,5,
2026-07-26,12:30,masked,385,5,
2026-07-26,12:15,masked,387,6,
2026-07-26,12:00,masked,409,5,
2026-07-26,11:45,masked,533,6,
2026-07-26,11:30,masked,539,6,
2026-07-26,11:15,masked,563,7,
2026-07-26,11:00,masked,448,8,
2026-07-26,10:45,masked,541,8,
2026-07-26,10:30,masked,441,7,
2026-07-26,10:15,masked,215,6,
2026-07-26,10:00,masked,289,6,
2026-07-26,09:45,masked,596,11,
2026-07-26,09:30,masked,648,11,
2026-07-26,09:15,masked,654,11,
2026-07-26,09:00,masked,805,9,
2026-07-26,08:45,masked,759,13,
2026-07-26,08:30,masked,864,12,
2026-07-26,08:15,masked,878,13,
2026-07-26,08:00,masked,885,11,
2026-07-26,07:45,masked,674,12,
2026-07-26,07:30,masked,652,12,
2026-07-26,07:15,masked,516,11,
2026-07-26,07:00,masked,480,11,
2026-07-26,06:45,masked,338,11,
2026-07-26,06:30,masked,320,12,
2026-07-26,06:15,masked,297,13,
2026-07-26,06:00,masked,340,12,
2026-07-27,23:00,live,33,0,
2026-07-27,22:45,live,26,1,
2026-07-27,22:30,live,49,0,
2026-07-27,22:15,live,26,0,
2026-07-27,22:00,live,27,1,
2026-07-27,21:45,live,27,1,
2026-07-27,21:30,live,28,1,
2026-07-27,21:15,live,26,1,
2026-07-27,21:00,live,50,1,
2026-07-27,20:45,live,26,1,
2026-07-27,20:30,live,26,1,
2026-07-27,20:15,live,26,1,
2026-07-27,20:00,live,26,1,
2026-07-27,19:45,live,26,1,
2026-07-27,19:30,live,26,0,
2026-07-27,19:15,live,49,0,
2026-07-27,19:00,live,26,0,
2026-07-27,18:45,live,26,1,
2026-07-27,18:30,live,26,1,
2026-07-27,18:15,live,26,1,
2026-07-27,18:00,live,26,2,
2026-07-27,17:45,live,50,1,
2026-07-27,17:30,live,26,1,
2026-07-27,17:15,live,27,1,
2026-07-27,17:00,live,26,1,
2026-07-27,16:45,live,26,1,
2026-07-27,16:30,live,26,0,
2026-07-27,16:15,live,26,0,
2026-07-27,16:00,live,50,0,
2026-07-27,15:45,live,26,0,
2026-07-27,15:30,live,26,0,
2026-07-27,15:15,live,26,0,
2026-07-27,15:00,live,26,0,
2026-07-27,14:45,live,26,0,
2026-07-27,14:30,live,49,0,
2026-07-27,14:15,live,26,0,
2026-07-27,14:00,live,26,0,
2026-07-27,13:45,live,32,1,
2026-07-27,13:30,live,26,0,
2026-07-27,13:15,live,31,1,
2026-07-27,13:00,live,30,1,
2026-07-27,12:45,live,53,1,
2026-07-27,12:30,live,27,0,
2026-07-27,12:15,live,36,3,
2026-07-27,12:00,live,31,3,
2026-07-27,11:45,live,31,3,
2026-07-27,11:30,live,60,5,
2026-07-27,11:15,live,37,6,
2026-07-27,11:00,live,55,4,
2026-07-27,10:45,live,38,5,
2026-07-27,10:30,live,38,6,
2026-07-27,10:15,live,64,6,
2026-07-27,10:00,live,67,8,
2026-07-27,09:45,live,91,5,
2026-07-27,09:30,live,96,6,
2026-07-27,09:15,live,119,5,
2026-07-27,09:00,live,60,3,
2026-07-27,08:45,live,63,4,
2026-07-27,08:30,live,62,3,
2026-07-27,08:15,live,66,3,
2026-07-27,08:00,live,67,4,
2026-07-27,07:45,live,232,5,
2026-07-27,07:30,live,245,7,
2026-07-27,07:15,live,219,6,
2026-07-27,07:00,live,194,5,
2026-07-27,06:45,live,133,4,
2026-07-27,06:30,live,130,4,
2026-07-27,06:15,live,130,5,
2026-07-27,06:00,live,130,5,
2026-07-27,23:00,masked,49,0,
2026-07-27,22:45,masked,26,1,
2026-07-27,22:30,masked,26,0,
2026-07-27,22:15,masked,25,0,
2026-07-27,22:00,masked,28,1,
2026-07-27,21:45,masked,28,1,
2026-07-27,21:30,masked,50,1,
2026-07-27,21:15,masked,26,1,
2026-07-27,21:00,masked,26,1,
2026-07-27,20:45,masked,26,1,
2026-07-27,20:30,masked,26,1,
2026-07-27,20:15,masked,26,1,
2026-07-27,20:00,masked,26,1,
2026-07-27,19:45,masked,49,1,
2026-07-27,19:30,masked,26,0,
2026-07-27,19:15,masked,26,0,
2026-07-27,19:00,masked,26,0,
2026-07-27,18:45,masked,26,1,
2026-07-27,18:30,masked,26,1,
2026-07-27,18:15,masked,48,1,
2026-07-27,18:00,masked,26,2,
2026-07-27,17:45,masked,26,1,
2026-07-27,17:30,masked,26,1,
2026-07-27,17:15,masked,26,1,
2026-07-27,17:00,masked,26,1,
2026-07-27,16:45,masked,27,1,
2026-07-27,16:30,masked,49,0,
2026-07-27,16:15,masked,26,0,
2026-07-27,16:00,masked,26,0,
2026-07-27,15:45,masked,26,0,
2026-07-27,15:30,masked,26,0,
2026-07-27,15:15,masked,26,0,
2026-07-27,15:00,masked,49,0,
2026-07-27,14:45,masked,26,0,
2026-07-27,14:30,masked,26,0,
2026-07-27,14:15,masked,26,0,
2026-07-27,14:00,masked,26,0,
2026-07-27,13:45,masked,29,1,
2026-07-27,13:30,masked,26,0,
2026-07-27,13:15,masked,52,1,
2026-07-27,13:00,masked,29,1,
2026-07-27,12:45,masked,31,1,
2026-07-27,12:30,masked,26,0,
2026-07-27,12:15,masked,31,3,
2026-07-27,12:00,masked,31,3,
2026-07-27,11:45,masked,31,3,
2026-07-27,11:30,masked,78,5,
2026-07-27,11:15,masked,37,6,
2026-07-27,11:00,masked,33,4,
2026-07-27,10:45,masked,38,5,
2026-07-27,10:30,masked,38,6,
2026-07-27,10:15,masked,57,6,
2026-07-27,10:00,masked,66,8,
2026-07-27,09:45,masked,113,5,
2026-07-27,09:30,masked,97,6,
2026-07-27,09:15,masked,101,4,
2026-07-27,09:00,masked,72,4,
2026-07-27,08:45,masked,62,3,
2026-07-27,08:30,masked,62,3,
2026-07-27,08:15,masked,87,3,
2026-07-27,08:00,masked,66,4,
2026-07-27,07:45,masked,219,5,
2026-07-27,07:30,masked,219,7,
2026-07-27,07:15,masked,220,7,
2026-07-27,07:00,masked,195,5,
2026-07-27,06:45,masked,131,4,
2026-07-27,06:30,masked,153,4,
2026-07-27,06:15,masked,130,5,
2026-07-27,06:00,masked,130,5,
2026-07-28,23:00,live,27,0,
2026-07-28,22:45,live,22,0,
2026-07-28,22:30,live,22,0,
2026-07-28,22:15,live,22,0,
2026-07-28,22:00,live,21,0,
2026-07-28,21:45,live,45,0,
2026-07-28,21:30,live,22,0,
2026-07-28,21:15,live,22,0,
2026-07-28,21:00,live,22,0,
2026-07-28,20:45,live,22,0,
2026-07-28,20:30,live,22,0,
2026-07-28,20:15,live,22,0,
2026-07-28,20:00,live,22,0,
2026-07-28,19:45,live,22,0,
2026-07-28,19:30,live,45,0,
2026-07-28,19:15,live,22,0,
2026-07-28,19:00,live,22,0,
2026-07-28,18:45,live,22,0,
2026-07-28,18:30,live,23,0,
2026-07-28,18:15,live,23,1,
2026-07-28,18:00,live,23,1,
2026-07-28,17:45,live,22,1,
2026-07-28,17:30,live,23,0,
2026-07-28,17:15,live,44,0,
2026-07-28,17:00,live,22,0,
2026-07-28,16:45,live,22,0,
2026-07-28,16:30,live,22,0,
2026-07-28,16:15,live,22,0,
2026-07-28,16:00,live,23,0,
2026-07-28,15:45,live,22,0,
2026-07-28,15:30,live,22,0,
2026-07-28,15:15,live,22,1,
2026-07-28,15:00,live,45,1,
2026-07-28,14:45,live,23,1,
2026-07-28,14:30,live,24,2,
2026-07-28,14:15,live,24,2,
2026-07-28,14:00,live,24,3,
2026-07-28,13:45,live,27,3,
2026-07-28,13:30,live,26,3,
2026-07-28,13:15,live,25,2,
2026-07-28,13:00,live,23,1,
2026-07-28,12:45,live,45,1,
2026-07-28,12:30,live,24,1,
2026-07-28,12:15,live,23,1,
2026-07-28,12:00,live,23,1,
2026-07-28,11:45,live,24,2,
2026-07-28,11:30,live,24,2,
2026-07-28,11:15,live,23,2,
2026-07-28,11:00,live,31,3,
2026-07-28,10:45,live,26,2,
2026-07-28,10:30,live,45,1,
2026-07-28,10:15,live,24,1,
2026-07-28,10:00,live,23,1,
2026-07-28,09:45,live,23,1,
2026-07-28,09:30,live,28,2,
2026-07-28,09:15,live,26,2,
2026-07-28,09:00,live,24,1,
2026-07-28,08:45,live,23,1,
2026-07-28,08:30,live,24,1,
2026-07-28,08:15,live,24,1,
2026-07-28,08:00,live,44,1,
2026-07-28,07:45,live,23,1,
2026-07-28,07:30,live,84,2,
2026-07-28,07:15,live,80,2,
2026-07-28,07:00,live,83,2,
2026-07-28,06:45,live,89,2,
2026-07-28,06:30,live,81,2,
2026-07-28,06:15,live,80,2,
2026-07-28,06:00,live,80,2,
2026-07-28,23:00,masked,43,0,
2026-07-28,22:45,masked,22,0,
2026-07-28,22:30,masked,22,0,
2026-07-28,22:15,masked,22,0,
2026-07-28,22:00,masked,22,0,
2026-07-28,21:45,masked,21,0,
2026-07-28,21:30,masked,21,0,
2026-07-28,21:15,masked,22,0,
2026-07-28,21:00,masked,43,0,
2026-07-28,20:45,masked,22,0,
2026-07-28,20:30,masked,23,0,
2026-07-28,20:15,masked,22,0,
2026-07-28,20:00,masked,22,0,
2026-07-28,19:45,masked,22,0,
2026-07-28,19:30,masked,22,0,
2026-07-28,19:15,masked,22,0,
2026-07-28,19:00,masked,22,0,
2026-07-28,18:45,masked,45,0,
2026-07-28,18:30,masked,22,0,
2026-07-28,18:15,masked,22,1,
2026-07-28,18:00,masked,22,1,
2026-07-28,17:45,masked,22,1,
2026-07-28,17:30,masked,22,0,
2026-07-28,17:15,masked,23,0,
2026-07-28,17:00,masked,22,0,
2026-07-28,16:45,masked,22,0,
2026-07-28,16:30,masked,44,0,
2026-07-28,16:15,masked,23,0,
2026-07-28,16:00,masked,22,0,
2026-07-28,15:45,masked,23,0,
2026-07-28,15:30,masked,22,0,
2026-07-28,15:15,masked,23,1,
2026-07-28,15:00,masked,23,1,
2026-07-28,14:45,masked,23,1,
2026-07-28,14:30,masked,24,2,
2026-07-28,14:15,masked,46,2,
2026-07-28,14:00,masked,24,3,
2026-07-28,13:45,masked,26,3,
2026-07-28,13:30,masked,26,3,
2026-07-28,13:15,masked,25,2,
2026-07-28,13:00,masked,23,1,
2026-07-28,12:45,masked,23,1,
2026-07-28,12:30,masked,23,1,
2026-07-28,12:15,masked,23,1,
2026-07-28,12:00,masked,45,1,
2026-07-28,11:45,masked,24,2,
2026-07-28,11:30,masked,23,2,
2026-07-28,11:15,masked,24,2,
2026-07-28,11:00,masked,28,3,
2026-07-28,10:45,masked,26,2,
2026-07-28,10:30,masked,25,1,
2026-07-28,10:15,masked,23,1,
2026-07-28,10:00,masked,23,1,
2026-07-28,09:45,masked,45,1,
2026-07-28,09:30,masked,26,2,
2026-07-28,09:15,masked,26,2,
2026-07-28,09:00,masked,24,1,
2026-07-28,08:45,masked,23,1,
2026-07-28,08:30,masked,24,1,
2026-07-28,08:15,masked,23,1,
2026-07-28,08:00,masked,23,1,
2026-07-28,07:45,masked,23,1,
2026-07-28,07:30,masked,80,2,
2026-07-28,07:15,masked,102,2,
2026-07-28,07:00,masked,81,2,
2026-07-28,06:45,masked,84,3,
2026-07-28,06:30,masked,85,3,
2026-07-28,06:15,masked,84,3,
2026-07-28,06:00,masked,84,3,
2026-07-29,23:00,live,32,0,
2026-07-29,22:45,live,24,0,
2026-07-29,22:30,live,45,0,
2026-07-29,22:15,live,24,0,
2026-07-29,22:00,live,25,0,
2026-07-29,21:45,live,24,0,
2026-07-29,21:30,live,24,0,
2026-07-29,21:15,live,24,0,
2026-07-29,21:00,live,24,0,
2026-07-29,20:45,live,47,0,
2026-07-29,20:30,live,24,1,
2026-07-29,20:15,live,24,1,
2026-07-29,20:00,live,26,1,
2026-07-29,19:45,live,25,1,
2026-07-29,19:30,live,25,1,
2026-07-29,19:15,live,25,1,
2026-07-29,19:00,live,24,1,
2026-07-29,18:45,live,50,1,
2026-07-29,18:30,live,24,0,
2026-07-29,18:15,live,24,0,
2026-07-29,18:00,live,25,1,
2026-07-29,17:45,live,24,0,
2026-07-29,17:30,live,25,0,
2026-07-29,17:15,live,24,0,
2026-07-29,17:00,live,48,0,
2026-07-29,16:45,live,24,0,
2026-07-29,16:30,live,25,0,
2026-07-29,16:15,live,25,0,
2026-07-29,16:00,live,25,0,
2026-07-29,15:45,live,25,0,
2026-07-29,15:30,live,25,0,
2026-07-29,15:15,live,25,0,
2026-07-29,15:00,live,48,0,
2026-07-29,14:45,live,25,0,
2026-07-29,14:30,live,25,1,
2026-07-29,14:15,live,25,0,
2026-07-29,14:00,live,25,0,
2026-07-29,13:45,live,25,0,
2026-07-29,13:30,live,26,0,
2026-07-29,13:15,live,26,0,
2026-07-29,13:00,live,49,0,
2026-07-29,12:45,live,25,0,
2026-07-29,12:30,live,26,1,
2026-07-29,12:15,live,26,1,
2026-07-29,12:00,live,26,1,
2026-07-29,11:45,live,26,2,
2026-07-29,11:30,live,26,2,
2026-07-29,11:15,live,26,1,
2026-07-29,11:00,live,50,0,
2026-07-29,10:45,live,26,0,
2026-07-29,10:30,live,26,0,
2026-07-29,10:15,live,27,0,
2026-07-29,10:00,live,27,0,
2026-07-29,09:45,live,27,0,
2026-07-29,09:30,live,27,0,
2026-07-29,09:15,live,32,2,
2026-07-29,09:00,live,54,2,
2026-07-29,08:45,live,31,2,
2026-07-29,08:30,live,31,2,
2026-07-29,08:15,live,31,1,
2026-07-29,08:00,live,31,1,
2026-07-29,07:45,live,26,0,
2026-07-29,07:30,live,31,2,
2026-07-29,07:15,live,35,2,
2026-07-29,07:00,live,58,2,
2026-07-29,06:45,live,34,2,
2026-07-29,06:30,live,32,1,
2026-07-29,06:15,live,32,1,
2026-07-29,06:00,live,32,1,
2026-07-29,23:00,masked,25,0,
2026-07-29,22:45,masked,24,0,
2026-07-29,22:30,masked,24,0,
2026-07-29,22:15,masked,47,0,
2026-07-29,22:00,masked,24,0,
2026-07-29,21:45,masked,24,0,
2026-07-29,21:30,masked,24,0,
2026-07-29,21:15,masked,24,0,
2026-07-29,21:00,masked,24,0,
2026-07-29,20:45,masked,24,0,
2026-07-29,20:30,masked,47,1,
2026-07-29,20:15,masked,24,1,
2026-07-29,20:00,masked,24,1,
2026-07-29,19:45,masked,24,1,
2026-07-29,19:30,masked,24,1,
2026-07-29,19:15,masked,24,1,
2026-07-29,19:00,masked,24,1,
2026-07-29,18:45,masked,24,1,
2026-07-29,18:30,masked,48,0,
2026-07-29,18:15,masked,24,0,
2026-07-29,18:00,masked,24,1,
2026-07-29,17:45,masked,24,0,
2026-07-29,17:30,masked,24,0,
2026-07-29,17:15,masked,25,0,
2026-07-29,17:00,masked,24,0,
2026-07-29,16:45,masked,25,0,
2026-07-29,16:30,masked,49,0,
2026-07-29,16:15,masked,25,0,
2026-07-29,16:00,masked,25,0,
2026-07-29,15:45,masked,25,0,
2026-07-29,15:30,masked,25,0,
2026-07-29,15:15,masked,25,0,
2026-07-29,15:00,masked,25,0,
2026-07-29,14:45,masked,47,0,
2026-07-29,14:30,masked,25,1,
2026-07-29,14:15,masked,25,0,
2026-07-29,14:00,masked,25,0,
2026-07-29,13:45,masked,25,0,
2026-07-29,13:30,masked,25,0,
2026-07-29,13:15,masked,25,0,
2026-07-29,13:00,masked,26,0,
2026-07-29,12:45,masked,49,0,
2026-07-29,12:30,masked,26,1,
2026-07-29,12:15,masked,26,0,
2026-07-29,12:00,masked,26,0,
2026-07-29,11:45,masked,26,1,
2026-07-29,11:30,masked,26,1,
2026-07-29,11:15,masked,26,0,
2026-07-29,11:00,masked,26,0,
2026-07-29,10:45,masked,50,0,
2026-07-29,10:30,masked,26,0,
2026-07-29,10:15,masked,26,0,
2026-07-29,10:00,masked,27,0,
2026-07-29,09:45,masked,26,0,
2026-07-29,09:30,masked,26,0,
2026-07-29,09:15,masked,30,2,
2026-07-29,09:00,masked,30,2,
2026-07-29,08:45,masked,53,2,
2026-07-29,08:30,masked,30,2,
2026-07-29,08:15,masked,30,1,
2026-07-29,08:00,masked,29,1,
2026-07-29,07:45,masked,27,0,
2026-07-29,07:30,masked,31,2,
2026-07-29,07:15,masked,33,2,
2026-07-29,07:00,masked,33,2,
2026-07-29,06:45,masked,56,2,
2026-07-29,06:30,masked,31,1,
2026-07-29,06:15,masked,31,1,
2026-07-29,06:00,masked,31,1,
2026-07-30,23:00,live,34,1,
2026-07-30,22:45,live,29,0,
2026-07-30,22:30,live,29,0,
2026-07-30,22:15,live,51,0,
2026-07-30,22:00,live,28,0,
2026-07-30,21:45,live,29,0,
2026-07-30,21:30,live,28,0,
2026-07-30,21:15,live,29,0,
2026-07-30,21:00,live,29,1,
2026-07-30,20:45,live,54,0,
2026-07-30,20:30,live,29,0,
2026-07-30,20:15,live,29,0,
2026-07-30,20:00,live,29,0,
2026-07-30,19:45,live,29,0,
2026-07-30,19:30,live,29,0,
2026-07-30,19:15,live,53,0,
2026-07-30,19:00,live,30,0,
2026-07-30,18:45,live,30,0,
2026-07-30,18:30,live,29,1,
2026-07-30,18:15,live,29,1,
2026-07-30,18:00,live,30,1,
2026-07-30,17:45,live,53,1,
2026-07-30,17:30,live,30,2,
2026-07-30,17:15,live,30,2,
2026-07-30,17:00,live,45,1,
2026-07-30,16:45,live,30,1,
2026-07-30,16:30,live,30,0,
2026-07-30,16:15,live,54,1,
2026-07-30,16:00,live,30,2,
2026-07-30,15:45,live,30,1,
2026-07-30,15:30,live,30,1,
2026-07-30,15:15,live,77,1,
2026-07-30,15:00,live,98,1,
2026-07-30,14:45,live,30,0,
2026-07-30,14:30,live,30,0,
2026-07-30,14:15,live,139,1,
2026-07-30,14:00,live,31,0,
2026-07-30,13:45,live,31,0,
2026-07-30,13:30,live,90,2,
2026-07-30,13:15,live,69,2,
2026-07-30,13:00,live,45,2,
2026-07-30,12:45,live,96,3,
2026-07-30,12:30,live,94,2,
2026-07-30,12:15,live,182,4,
2026-07-30,12:00,live,241,6,
2026-07-30,11:45,live,283,6,
2026-07-30,11:30,live,283,8,
2026-07-30,11:15,live,299,8,
2026-07-30,11:00,live,293,8,
2026-07-30,10:45,live,247,10,
2026-07-30,10:30,live,298,9,
2026-07-30,10:15,live,240,10,
2026-07-30,10:00,live,267,10,
2026-07-30,09:45,live,266,10,
2026-07-30,09:30,live,268,10,
2026-07-30,09:15,live,266,10,
2026-07-30,09:00,live,290,10,
2026-07-30,08:45,live,264,11,
2026-07-30,08:30,live,264,10,
2026-07-30,08:15,live,264,10,
2026-07-30,08:00,live,264,10,
2026-07-30,07:45,live,264,10,
2026-07-30,07:30,live,327,9,
2026-07-30,07:15,live,302,9,
2026-07-30,07:00,live,304,9,
2026-07-30,06:45,live,303,9,
2026-07-30,06:30,live,268,10,
2026-07-30,06:15,live,270,10,
2026-07-30,06:00,live,326,9,
2026-07-30,23:00,masked,29,1,
2026-07-30,22:45,masked,29,0,
2026-07-30,22:30,masked,29,0,
2026-07-30,22:15,masked,28,0,
2026-07-30,22:00,masked,28,0,
2026-07-30,21:45,masked,53,0,
2026-07-30,21:30,masked,29,0,
2026-07-30,21:15,masked,29,0,
2026-07-30,21:00,masked,29,1,
2026-07-30,20:45,masked,28,0,
2026-07-30,20:30,masked,29,0,
2026-07-30,20:15,masked,52,0,
2026-07-30,20:00,masked,29,0,
2026-07-30,19:45,masked,29,0,
2026-07-30,19:30,masked,29,0,
2026-07-30,19:15,masked,29,0,
2026-07-30,19:00,masked,51,0,
2026-07-30,18:45,masked,29,0,
2026-07-30,18:30,masked,30,1,
2026-07-30,18:15,masked,29,1,
2026-07-30,18:00,masked,29,1,
2026-07-30,17:45,masked,29,1,
2026-07-30,17:30,masked,54,2,
2026-07-30,17:15,masked,30,2,
2026-07-30,17:00,masked,30,1,
2026-07-30,16:45,masked,30,1,
2026-07-30,16:30,masked,30,0,
2026-07-30,16:15,masked,30,0,
2026-07-30,16:00,masked,54,2,
2026-07-30,15:45,masked,30,1,
2026-07-30,15:30,masked,30,1,
2026-07-30,15:15,masked,84,2,
2026-07-30,15:00,masked,82,2,
2026-07-30,14:45,masked,30,0,
2026-07-30,14:30,masked,54,0,
2026-07-30,14:15,masked,163,1,
2026-07-30,14:00,masked,61,1,
2026-07-30,13:45,masked,58,1,
2026-07-30,13:30,masked,144,4,
2026-07-30,13:15,masked,45,2,
2026-07-30,13:00,masked,69,2,
2026-07-30,12:45,masked,102,3,
2026-07-30,12:30,masked,101,2,
2026-07-30,12:15,masked,141,4,
2026-07-30,12:00,masked,207,5,
2026-07-30,11:45,masked,213,5,
2026-07-30,11:30,masked,319,6,
2026-07-30,11:15,masked,312,6,
2026-07-30,11:00,masked,308,6,
2026-07-30,10:45,masked,282,8,
2026-07-30,10:30,masked,314,7,
2026-07-30,10:15,masked,279,8,
2026-07-30,10:00,masked,350,8,
2026-07-30,09:45,masked,327,8,
2026-07-30,09:30,masked,326,8,
2026-07-30,09:15,masked,327,8,
2026-07-30,09:00,masked,327,8,
2026-07-30,08:45,masked,324,9,
2026-07-30,08:30,masked,347,8,
2026-07-30,08:15,masked,324,8,
2026-07-30,08:00,masked,325,8,
2026-07-30,07:45,masked,325,8,
2026-07-30,07:30,masked,321,7,
2026-07-30,07:15,masked,321,7,
2026-07-30,07:00,masked,344,7,
2026-07-30,06:45,masked,321,7,
2026-07-30,06:30,masked,291,8,
2026-07-30,06:15,masked,287,8,
2026-07-30,06:00,masked,320,7,
2026-07-31,23:00,live,65,1,
2026-07-31,22:45,live,34,1,
2026-07-31,22:30,live,34,1,
2026-07-31,22:15,live,34,1,
2026-07-31,22:00,live,36,2,
2026-07-31,21:45,live,64,2,
2026-07-31,21:30,live,36,2,
2026-07-31,21:15,live,37,2,
2026-07-31,21:00,live,36,1,
2026-07-31,20:45,live,62,1,
2026-07-31,20:30,live,35,1,
2026-07-31,20:15,live,35,0,
2026-07-31,20:00,live,35,0,
2026-07-31,19:45,live,35,0,
2026-07-31,19:30,live,62,0,
2026-07-31,19:15,live,35,0,
2026-07-31,19:00,live,35,0,
2026-07-31,18:45,live,35,0,
2026-07-31,18:30,live,59,0,
2026-07-31,18:15,live,35,0,
2026-07-31,18:00,live,35,0,
2026-07-31,17:45,live,35,0,
2026-07-31,17:30,live,35,1,
2026-07-31,17:15,live,61,0,
2026-07-31,17:00,live,35,1,
2026-07-31,16:45,live,36,2,
2026-07-31,16:30,live,35,1,
2026-07-31,16:15,live,35,1,
2026-07-31,16:00,live,84,3,
2026-07-31,15:45,live,40,4,
2026-07-31,15:30,live,41,5,
2026-07-31,15:15,live,93,5,
2026-07-31,15:00,live,74,5,
2026-07-31,14:45,live,51,7,
2026-07-31,14:30,live,50,3,
2026-07-31,14:15,live,52,4,
2026-07-31,14:00,live,55,4,
2026-07-31,13:45,live,75,3,
2026-07-31,13:30,live,46,3,
2026-07-31,13:15,live,51,3,
2026-07-31,13:00,live,52,3,
2026-07-31,12:45,live,48,3,
2026-07-31,12:30,live,72,3,
2026-07-31,12:15,live,48,3,
2026-07-31,12:00,live,47,3,
2026-07-31,11:45,live,48,3,
2026-07-31,11:30,live,117,4,
2026-07-31,11:15,live,82,4,
2026-07-31,11:00,live,55,5,
2026-07-31,10:45,live,55,5,
2026-07-31,10:30,live,48,6,
2026-07-31,10:15,live,71,6,
2026-07-31,10:00,live,58,6,
2026-07-31,09:45,live,125,7,
2026-07-31,09:30,live,120,6,
2026-07-31,09:15,live,114,5,
2026-07-31,09:00,live,165,5,
2026-07-31,08:45,live,249,8,
2026-07-31,08:30,live,90,7,
2026-07-31,08:15,live,271,7,
2026-07-31,08:00,live,119,5,
2026-07-31,07:45,live,154,5,
2026-07-31,07:30,live,41,3,
2026-07-31,07:15,live,42,3,
2026-07-31,07:00,live,41,4,
2026-07-31,06:45,live,42,4,
2026-07-31,06:30,live,68,5,
2026-07-31,06:15,live,41,5,
2026-07-31,06:00,live,41,4,
2026-07-31,23:00,masked,35,1,
2026-07-31,22:45,masked,57,1,
2026-07-31,22:30,masked,34,1,
2026-07-31,22:15,masked,35,1,
2026-07-31,22:00,masked,36,2,
2026-07-31,21:45,masked,36,2,
2026-07-31,21:30,masked,62,2,
2026-07-31,21:15,masked,36,2,
2026-07-31,21:00,masked,37,1,
2026-07-31,20:45,masked,37,1,
2026-07-31,20:30,masked,35,1,
2026-07-31,20:15,masked,60,0,
2026-07-31,20:00,masked,35,0,
2026-07-31,19:45,masked,35,0,
2026-07-31,19:30,masked,36,0,
2026-07-31,19:15,masked,58,0,
2026-07-31,19:00,masked,35,0,
2026-07-31,18:45,masked,35,0,
2026-07-31,18:30,masked,35,0,
2026-07-31,18:15,masked,35,0,
2026-07-31,18:00,masked,62,0,
2026-07-31,17:45,masked,35,0,
2026-07-31,17:30,masked,35,1,
2026-07-31,17:15,masked,35,0,
2026-07-31,17:00,masked,61,1,
2026-07-31,16:45,masked,35,2,
2026-07-31,16:30,masked,36,2,
2026-07-31,16:15,masked,35,2,
2026-07-31,16:00,masked,54,3,
2026-07-31,15:45,masked,67,4,
2026-07-31,15:30,masked,40,5,
2026-07-31,15:15,masked,110,5,
2026-07-31,15:00,masked,47,5,
2026-07-31,14:45,masked,43,7,
2026-07-31,14:30,masked,78,4,
2026-07-31,14:15,masked,57,5,
2026-07-31,14:00,masked,52,4,
2026-07-31,13:45,masked,50,3,
2026-07-31,13:30,masked,70,3,
2026-07-31,13:15,masked,37,2,
2026-07-31,13:00,masked,39,2,
2026-07-31,12:45,masked,39,2,
2026-07-31,12:30,masked,37,2,
2026-07-31,12:15,masked,63,2,
2026-07-31,12:00,masked,38,2,
2026-07-31,11:45,masked,38,2,
2026-07-31,11:30,masked,102,3,
2026-07-31,11:15,masked,46,3,
2026-07-31,11:00,masked,71,4,
2026-07-31,10:45,masked,46,4,
2026-07-31,10:30,masked,40,5,
2026-07-31,10:15,masked,39,5,
2026-07-31,10:00,masked,47,5,
2026-07-31,09:45,masked,130,6,
2026-07-31,09:30,masked,107,5,
2026-07-31,09:15,masked,122,4,
2026-07-31,09:00,masked,130,4,
2026-07-31,08:45,masked,233,7,
2026-07-31,08:30,masked,115,7,
2026-07-31,08:15,masked,267,7,
2026-07-31,08:00,masked,120,5,
2026-07-31,07:45,masked,129,5,
2026-07-31,07:30,masked,41,3,
2026-07-31,07:15,masked,65,3,
2026-07-31,07:00,masked,41,4,
2026-07-31,06:45,masked,41,4,
2026-07-31,06:30,masked,41,5,
2026-07-31,06:15,masked,41,5,
2026-07-31,06:00,masked,65,4,
2026-08-01,23:00,live,101,1,
2026-08-01,22:45,live,94,1,
2026-08-01,22:30,live,118,1,
2026-08-01,22:15,live,49,1,
2026-08-01,22:00,live,47,0,
2026-08-01,21:45,live,71,1,
2026-08-01,21:30,live,46,0,
2026-08-01,21:15,live,49,1,
2026-08-01,21:00,live,48,1,
2026-08-01,20:45,live,76,1,
2026-08-01,20:30,live,51,2,
2026-08-01,20:15,live,52,2,
2026-08-01,20:00,live,76,3,
2026-08-01,19:45,live,52,4,
2026-08-01,19:30,live,52,3,
2026-08-01,19:15,live,107,2,
2026-08-01,19:00,live,82,2,
2026-08-01,18:45,live,92,3,
2026-08-01,18:30,live,87,3,
2026-08-01,18:15,live,139,4,
2026-08-01,18:00,live,114,5,
2026-08-01,17:45,live,102,6,
2026-08-01,17:30,live,125,5,
2026-08-01,17:15,live,100,5,
2026-08-01,17:00,live,96,6,
2026-08-01,16:45,live,158,5,
2026-08-01,16:30,live,131,6,
2026-08-01,16:15,live,290,7,
2026-08-01,16:00,live,163,6,
2026-08-01,15:45,live,139,7,
2026-08-01,15:30,live,168,10,
2026-08-01,15:15,live,201,8,
2026-08-01,15:00,live,288,7,
2026-08-01,14:45,live,293,8,
2026-08-01,14:30,live,292,10,
2026-08-01,14:15,live,373,10,
2026-08-01,14:00,live,505,12,
2026-08-01,13:45,live,576,13,
2026-08-01,13:30,live,612,10,
2026-08-01,13:15,live,644,10,
2026-08-01,13:00,live,416,11,
2026-08-01,12:45,live,377,12,
2026-08-01,12:30,live,426,12,
2026-08-01,12:15,live,401,12,
2026-08-01,12:00,live,511,14,
2026-08-01,11:45,live,533,13,
2026-08-01,11:30,live,509,13,
2026-08-01,11:15,live,440,13,
2026-08-01,11:00,live,590,16,
2026-08-01,10:45,live,510,17,
2026-08-01,10:30,live,579,17,
2026-08-01,10:15,live,391,19,
2026-08-01,10:00,live,403,19,
2026-08-01,09:45,live,400,17,
2026-08-01,09:30,live,437,17,
2026-08-01,09:15,live,386,18,
2026-08-01,09:00,live,315,15,
2026-08-01,08:45,live,332,16,
2026-08-01,08:30,live,250,17,
2026-08-01,08:15,live,287,19,
2026-08-01,08:00,live,243,18,
2026-08-01,07:45,live,245,19,
2026-08-01,07:30,live,271,19,
2026-08-01,07:15,live,218,17,
2026-08-01,07:00,live,364,13,
2026-08-01,06:45,live,284,15,
2026-08-01,06:30,live,318,15,
2026-08-01,06:15,live,284,15,
2026-08-01,06:00,live,327,14,
2026-08-01,23:00,masked,115,1,
2026-08-01,22:45,masked,93,1,
2026-08-01,22:30,masked,93,1,
2026-08-01,22:15,masked,73,1,
2026-08-01,22:00,masked,48,1,
2026-08-01,21:45,masked,48,2,
2026-08-01,21:30,masked,48,1,
2026-08-01,21:15,masked,76,1,
2026-08-01,21:00,masked,48,1,
2026-08-01,20:45,masked,49,2,
2026-08-01,20:30,masked,75,2,
2026-08-01,20:15,masked,51,3,
2026-08-01,20:00,masked,51,4,
2026-08-01,19:45,masked,76,5,
2026-08-01,19:30,masked,51,4,
2026-08-01,19:15,masked,57,3,
2026-08-01,19:00,masked,58,3,
2026-08-01,18:45,masked,89,5,
2026-08-01,18:30,masked,59,5,
2026-08-01,18:15,masked,84,6,
2026-08-01,18:00,masked,111,8,
2026-08-01,17:45,masked,66,9,
2026-08-01,17:30,masked,62,7,
2026-08-01,17:15,masked,87,5,
2026-08-01,17:00,masked,63,7,
2026-08-01,16:45,masked,93,6,
2026-08-01,16:30,masked,100,7,
2026-08-01,16:15,masked,119,7,
2026-08-01,16:00,masked,94,5,
2026-08-01,15:45,masked,137,7,
2026-08-01,15:30,masked,196,10,
2026-08-01,15:15,masked,183,8,
2026-08-01,15:00,masked,260,7,
2026-08-01,14:45,masked,322,9,
2026-08-01,14:30,masked,240,10,
2026-08-01,14:15,masked,287,9,
2026-08-01,14:00,masked,468,11,
2026-08-01,13:45,masked,567,12,
2026-08-01,13:30,masked,557,9,
2026-08-01,13:15,masked,602,7,
2026-08-01,13:00,masked,484,8,
2026-08-01,12:45,masked,357,10,
2026-08-01,12:30,masked,367,10,
2026-08-01,12:15,masked,408,10,
2026-08-01,12:00,masked,487,12,
2026-08-01,11:45,masked,495,11,
2026-08-01,11:30,masked,487,11,
2026-08-01,11:15,masked,498,10,
2026-08-01,11:00,masked,543,13,
2026-08-01,10:45,masked,509,14,
2026-08-01,10:30,masked,420,15,
2026-08-01,10:15,masked,344,17,
2026-08-01,10:00,masked,369,17,
2026-08-01,09:45,masked,461,16,
2026-08-01,09:30,masked,664,17,
2026-08-01,09:15,masked,297,17,
2026-08-01,09:00,masked,286,15,
2026-08-01,08:45,masked,333,16,
2026-08-01,08:30,masked,248,17,
2026-08-01,08:15,masked,259,19,
2026-08-01,08:00,masked,241,18,
2026-08-01,07:45,masked,271,19,
2026-08-01,07:30,masked,242,19,
2026-08-01,07:15,masked,217,17,
2026-08-01,07:00,masked,371,13,
2026-08-01,06:45,masked,258,15,
2026-08-01,06:30,masked,265,15,
2026-08-01,06:15,masked,257,15,
2026-08-01,06:00,masked,323,14,
2026-08-02,23:00,live,41,0,
2026-08-02,22:45,live,36,0,
2026-08-02,22:30,live,60,0,
2026-08-02,22:15,live,36,0,
2026-08-02,22:00,live,36,0,
2026-08-02,21:45,live,36,0,
2026-08-02,21:30,live,36,0,
2026-08-02,21:15,live,63,0,
2026-08-02,21:00,live,36,0,
2026-08-02,20:45,live,36,0,
2026-08-02,20:30,live,36,0,
2026-08-02,20:15,live,60,0,
2026-08-02,20:00,live,37,0,
2026-08-02,19:45,live,36,0,
2026-08-02,19:30,live,36,1,
2026-08-02,19:15,live,62,1,
2026-08-02,19:00,live,37,1,
2026-08-02,18:45,live,37,2,
2026-08-02,18:30,live,37,2,
2026-08-02,18:15,live,62,2,
2026-08-02,18:00,live,38,2,
2026-08-02,17:45,live,38,2,
2026-08-02,17:30,live,41,3,
2026-08-02,17:15,live,38,1,
2026-08-02,17:00,live,114,1,
2026-08-02,16:45,live,98,2,
2026-08-02,16:30,live,114,3,
2026-08-02,16:15,live,117,3,
2026-08-02,16:00,live,140,3,
2026-08-02,15:45,live,116,4,
2026-08-02,15:30,live,103,3,
2026-08-02,15:15,live,103,3,
2026-08-02,15:00,live,128,3,
2026-08-02,14:45,live,107,3,
2026-08-02,14:30,live,103,5,
2026-08-02,14:15,live,78,4,
2026-08-02,14:00,live,100,6,
2026-08-02,13:45,live,90,5,
2026-08-02,13:30,live,86,5,
2026-08-02,13:15,live,74,4,
2026-08-02,13:00,live,112,4,
2026-08-02,12:45,live,84,4,
2026-08-02,12:30,live,83,4,
2026-08-02,12:15,live,81,3,
2026-08-02,12:00,live,216,4,
2026-08-02,11:45,live,304,5,
2026-08-02,11:30,live,419,6,
2026-08-02,11:15,live,380,7,
2026-08-02,11:00,live,189,10,
2026-08-02,10:45,live,160,12,
2026-08-02,10:30,live,131,12,
2026-08-02,10:15,live,129,12,
2026-08-02,10:00,live,164,11,
2026-08-02,09:45,live,188,11,
2026-08-02,09:30,live,164,11,
2026-08-02,09:15,live,164,11,
2026-08-02,09:00,live,137,13,
2026-08-02,08:45,live,210,13,
2026-08-02,08:30,live,172,12,
2026-08-02,08:15,live,131,15,
2026-08-02,08:00,live,134,14,
2026-08-02,07:45,live,168,13,
2026-08-02,07:30,live,195,13,
2026-08-02,07:15,live,168,13,
2026-08-02,07:00,live,168,13,
2026-08-02,06:45,live,168,13,
2026-08-02,06:30,live,192,13,
2026-08-02,06:15,live,168,14,
2026-08-02,06:00,live,168,14,
2026-08-02,23:00,masked,36,0,
2026-08-02,22:45,masked,60,0,
2026-08-02,22:30,masked,36,0,
2026-08-02,22:15,masked,36,0,
2026-08-02,22:00,masked,36,0,
2026-08-02,21:45,masked,61,0,
2026-08-02,21:30,masked,36,0,
2026-08-02,21:15,masked,36,0,
2026-08-02,21:00,masked,36,0,
2026-08-02,20:45,masked,61,0,
2026-08-02,20:30,masked,36,0,
2026-08-02,20:15,masked,36,0,
2026-08-02,20:00,masked,36,0,
2026-08-02,19:45,masked,36,0,
2026-08-02,19:30,masked,64,1,
2026-08-02,19:15,masked,37,1,
2026-08-02,19:00,masked,36,1,
2026-08-02,18:45,masked,37,2,
2026-08-02,18:30,masked,61,3,
2026-08-02,18:15,masked,37,3,
2026-08-02,18:00,masked,37,3,
2026-08-02,17:45,masked,93,5,
2026-08-02,17:30,masked,66,6,
2026-08-02,17:15,masked,39,4,
2026-08-02,17:00,masked,83,3,
2026-08-02,16:45,masked,95,3,
2026-08-02,16:30,masked,139,4,
2026-08-02,16:15,masked,153,5,
2026-08-02,16:00,masked,149,5,
2026-08-02,15:45,masked,148,6,
2026-08-02,15:30,masked,161,5,
2026-08-02,15:15,masked,136,5,
2026-08-02,15:00,masked,136,5,
2026-08-02,14:45,masked,138,4,
2026-08-02,14:30,masked,135,6,
2026-08-02,14:15,masked,135,5,
2026-08-02,14:00,masked,109,7,
2026-08-02,13:45,masked,120,6,
2026-08-02,13:30,masked,101,6,
2026-08-02,13:15,masked,124,6,
2026-08-02,13:00,masked,98,6,
2026-08-02,12:45,masked,118,5,
2026-08-02,12:30,masked,100,5,
2026-08-02,12:15,masked,134,4,
2026-08-02,12:00,masked,285,6,
2026-08-02,11:45,masked,333,6,
2026-08-02,11:30,masked,192,6,
2026-08-02,11:15,masked,336,6,
2026-08-02,11:00,masked,183,8,
2026-08-02,10:45,masked,181,8,
2026-08-02,10:30,masked,179,7,
2026-08-02,10:15,masked,134,8,
2026-08-02,10:00,masked,196,6,
2026-08-02,09:45,masked,196,6,
2026-08-02,09:30,masked,196,6,
2026-08-02,09:15,masked,196,6,
2026-08-02,09:00,masked,156,8,
2026-08-02,08:45,masked,168,8,
2026-08-02,08:30,masked,168,7,
2026-08-02,08:15,masked,60,9,
2026-08-02,08:00,masked,84,8,
2026-08-02,07:45,masked,96,7,
2026-08-02,07:30,masked,94,7,
2026-08-02,07:15,masked,93,7,
2026-08-02,07:00,masked,93,7,
2026-08-02,06:45,masked,119,7,
2026-08-02,06:30,masked,94,7,
2026-08-02,06:15,masked,94,8,
2026-08-02,06:00,masked,95,8,
2026-08-03,23:00,live,64,0,
2026-08-03,22:45,live,32,0,
2026-08-03,22:30,live,32,0,
2026-08-03,22:15,live,32,0,
2026-08-03,22:00,live,33,0,
2026-08-03,21:45,live,57,1,
2026-08-03,21:30,live,32,1,
2026-08-03,21:15,live,33,0,
2026-08-03,21:00,live,32,0,
2026-08-03,20:45,live,32,0,
2026-08-03,20:30,live,57,0,
2026-08-03,20:15,live,33,1,
2026-08-03,20:00,live,33,1,
2026-08-03,19:45,live,32,0,
2026-08-03,19:30,live,32,1,
2026-08-03,19:15,live,69,1,
2026-08-03,19:00,live,39,1,
2026-08-03,18:45,live,38,1,
2026-08-03,18:30,live,38,1,
2026-08-03,18:15,live,38,1,
2026-08-03,18:00,live,63,1,
2026-08-03,17:45,live,139,2,
2026-08-03,17:30,live,51,2,
2026-08-03,17:15,live,52,2,
2026-08-03,17:00,live,51,2,
2026-08-03,16:45,live,74,2,
2026-08-03,16:30,live,52,2,
2026-08-03,16:15,live,53,2,
2026-08-03,16:00,live,53,2,
2026-08-03,15:45,live,53,3,
2026-08-03,15:30,live,77,3,
2026-08-03,15:15,live,53,3,
2026-08-03,15:00,live,44,3,
2026-08-03,14:45,live,45,3,
2026-08-03,14:30,live,45,3,
2026-08-03,14:15,live,69,3,
2026-08-03,14:00,live,62,5,
2026-08-03,13:45,live,59,8,
2026-08-03,13:30,live,60,7,
2026-08-03,13:15,live,60,7,
2026-08-03,13:00,live,87,7,
2026-08-03,12:45,live,61,8,
2026-08-03,12:30,live,60,8,
2026-08-03,12:15,live,60,8,
2026-08-03,12:00,live,71,9,
2026-08-03,11:45,live,107,9,
2026-08-03,11:30,live,75,9,
2026-08-03,11:15,live,112,11,
2026-08-03,11:00,live,82,11,
2026-08-03,10:45,live,82,11,
2026-08-03,10:30,live,110,10,
2026-08-03,10:15,live,63,12,
2026-08-03,10:00,live,307,14,
2026-08-03,09:45,live,296,14,
2026-08-03,09:30,live,297,14,
2026-08-03,09:15,live,308,14,
2026-08-03,09:00,live,281,13,
2026-08-03,08:45,live,399,11,
2026-08-03,08:30,live,415,11,
2026-08-03,08:15,live,401,11,
2026-08-03,08:00,live,424,11,
2026-08-03,07:45,live,400,10,
2026-08-03,07:30,live,407,10,
2026-08-03,07:15,live,400,10,
2026-08-03,07:00,live,404,10,
2026-08-03,06:45,live,421,10,
2026-08-03,06:30,live,396,10,
2026-08-03,06:15,live,405,10,
2026-08-03,06:00,live,400,10,
2026-08-03,23:00,masked,33,0,
2026-08-03,22:45,masked,58,0,
2026-08-03,22:30,masked,33,0,
2026-08-03,22:15,masked,32,0,
2026-08-03,22:00,masked,32,0,
2026-08-03,21:45,masked,32,1,
2026-08-03,21:30,masked,57,1,
2026-08-03,21:15,masked,33,0,
2026-08-03,21:00,masked,33,0,
2026-08-03,20:45,masked,32,0,
2026-08-03,20:30,masked,32,0,
2026-08-03,20:15,masked,59,1,
2026-08-03,20:00,masked,33,1,
2026-08-03,19:45,masked,32,0,
2026-08-03,19:30,masked,33,1,
2026-08-03,19:15,masked,38,1,
2026-08-03,19:00,masked,63,1,
2026-08-03,18:45,masked,39,1,
2026-08-03,18:30,masked,39,1,
2026-08-03,18:15,masked,39,1,
2026-08-03,18:00,masked,38,1,
2026-08-03,17:45,masked,160,2,
2026-08-03,17:30,masked,50,4,
2026-08-03,17:15,masked,50,4,
2026-08-03,17:00,masked,51,3,
2026-08-03,16:45,masked,51,3,
2026-08-03,16:30,masked,76,3,
2026-08-03,16:15,masked,52,3,
2026-08-03,16:00,masked,53,2,
2026-08-03,15:45,masked,54,4,
2026-08-03,15:30,masked,53,4,
2026-08-03,15:15,masked,77,4,
2026-08-03,15:00,masked,46,3,
2026-08-03,14:45,masked,45,2,
2026-08-03,14:30,masked,45,2,
2026-08-03,14:15,masked,45,2,
2026-08-03,14:00,masked,69,3,
2026-08-03,13:45,masked,47,6,
2026-08-03,13:30,masked,49,5,
2026-08-03,13:15,masked,48,4,
2026-08-03,13:00,masked,48,4,
2026-08-03,12:45,masked,74,5,
2026-08-03,12:30,masked,48,5,
2026-08-03,12:15,masked,48,5,
2026-08-03,12:00,masked,57,6,
2026-08-03,11:45,masked,66,6,
2026-08-03,11:30,masked,90,6,
2026-08-03,11:15,masked,104,8,
2026-08-03,11:00,masked,81,8,
2026-08-03,10:45,masked,82,8,
2026-08-03,10:30,masked,84,7,
2026-08-03,10:15,masked,86,9,
2026-08-03,10:00,masked,300,11,
2026-08-03,09:45,masked,304,11,
2026-08-03,09:30,masked,224,10,
2026-08-03,09:15,masked,202,10,
2026-08-03,09:00,masked,225,9,
2026-08-03,08:45,masked,200,6,
2026-08-03,08:30,masked,218,6,
2026-08-03,08:15,masked,221,6,
2026-08-03,08:00,masked,218,6,
2026-08-03,07:45,masked,233,5,
2026-08-03,07:30,masked,208,5,
2026-08-03,07:15,masked,213,5,
2026-08-03,07:00,masked,205,5,
2026-08-03,06:45,masked,201,5,
2026-08-03,06:30,masked,225,5,
2026-08-03,06:15,masked,202,5,
2026-08-03,06:00,masked,202,5,
2026-08-04,23:00,live,38,0,
2026-08-04,22:45,live,28,0,
2026-08-04,22:30,live,51,0,
2026-08-04,22:15,live,131,1,
2026-08-04,22:00,live,121,1,
2026-08-04,21:45,live,28,0,
2026-08-04,21:30,live,28,0,
2026-08-04,21:15,live,29,0,
2026-08-04,21:00,live,54,0,
2026-08-04,20:45,live,28,0,
2026-08-04,20:30,live,28,1,
2026-08-04,20:15,live,29,1,
2026-08-04,20:00,live,29,0,
2026-08-04,19:45,live,28,0,
2026-08-04,19:30,live,29,1,
2026-08-04,19:15,live,54,0,
2026-08-04,19:00,live,28,0,
2026-08-04,18:45,live,29,0,
2026-08-04,18:30,live,41,1,
2026-08-04,18:15,live,32,1,
2026-08-04,18:00,live,32,1,
2026-08-04,17:45,live,58,1,
2026-08-04,17:30,live,33,2,
2026-08-04,17:15,live,33,3,
2026-08-04,17:00,live,33,3,
2026-08-04,16:45,live,29,2,
2026-08-04,16:30,live,30,1,
2026-08-04,16:15,live,53,1,
2026-08-04,16:00,live,29,1,
2026-08-04,15:45,live,31,1,
2026-08-04,15:30,live,31,2,
2026-08-04,15:15,live,31,2,
2026-08-04,15:00,live,30,2,
2026-08-04,14:45,live,55,2,
2026-08-04,14:30,live,85,1,
2026-08-04,14:15,live,76,1,
2026-08-04,14:00,live,82,1,
2026-08-04,13:45,live,80,1,
2026-08-04,13:30,live,81,1,
2026-08-04,13:15,live,172,2,
2026-08-04,13:00,live,137,2,
2026-08-04,12:45,live,245,3,
2026-08-04,12:30,live,190,2,
2026-08-04,12:15,live,195,3,
2026-08-04,12:00,live,87,2,
2026-08-04,11:45,live,183,6,
2026-08-04,11:30,live,146,6,
2026-08-04,11:15,live,146,7,
2026-08-04,11:00,live,117,4,
2026-08-04,10:45,live,263,6,
2026-08-04,10:30,live,376,7,
2026-08-04,10:15,live,268,9,
2026-08-04,10:00,live,294,8,
2026-08-04,09:45,live,424,8,
2026-08-04,09:30,live,474,6,
2026-08-04,09:15,live,181,4,
2026-08-04,09:00,live,180,5,
2026-08-04,08:45,live,181,5,
2026-08-04,08:30,live,209,5,
2026-08-04,08:15,live,185,5,
2026-08-04,08:00,live,184,4,
2026-08-04,07:45,live,185,4,
2026-08-04,07:30,live,183,4,
2026-08-04,07:15,live,185,4,
2026-08-04,07:00,live,204,4,
2026-08-04,06:45,live,184,4,
2026-08-04,06:30,live,182,4,
2026-08-04,06:15,live,182,4,
2026-08-04,06:00,live,186,4,
2026-08-04,23:00,masked,28,0,
2026-08-04,22:45,masked,51,0,
2026-08-04,22:30,masked,28,0,
2026-08-04,22:15,masked,119,1,
2026-08-04,22:00,masked,120,1,
2026-08-04,21:45,masked,28,0,
2026-08-04,21:30,masked,27,0,
2026-08-04,21:15,masked,54,0,
2026-08-04,21:00,masked,29,0,
2026-08-04,20:45,masked,28,0,
2026-08-04,20:30,masked,28,1,
2026-08-04,20:15,masked,28,1,
2026-08-04,20:00,masked,28,0,
2026-08-04,19:45,masked,52,0,
2026-08-04,19:30,masked,28,1,
2026-08-04,19:15,masked,28,0,
2026-08-04,19:00,masked,28,0,
2026-08-04,18:45,masked,28,0,
2026-08-04,18:30,masked,41,1,
2026-08-04,18:15,masked,56,1,
2026-08-04,18:00,masked,32,1,
2026-08-04,17:45,masked,32,1,
2026-08-04,17:30,masked,33,2,
2026-08-04,17:15,masked,33,3,
2026-08-04,17:00,masked,33,3,
2026-08-04,16:45,masked,29,2,
2026-08-04,16:30,masked,54,1,
2026-08-04,16:15,masked,30,1,
2026-08-04,16:00,masked,30,1,
2026-08-04,15:45,masked,30,1,
2026-08-04,15:30,masked,31,2,
2026-08-04,15:15,masked,31,2,
2026-08-04,15:00,masked,56,2,
2026-08-04,14:45,masked,31,2,
2026-08-04,14:30,masked,70,1,
2026-08-04,14:15,masked,71,1,
2026-08-04,14:00,masked,76,1,
2026-08-04,13:45,masked,74,1,
2026-08-04,13:30,masked,99,1,
2026-08-04,13:15,masked,126,2,
2026-08-04,13:00,masked,127,2,
2026-08-04,12:45,masked,230,3,
2026-08-04,12:30,masked,186,2,
2026-08-04,12:15,masked,185,3,
2026-08-04,12:00,masked,104,2,
2026-08-04,11:45,masked,191,5,
2026-08-04,11:30,masked,190,5,
2026-08-04,11:15,masked,190,6,
2026-08-04,11:00,masked,117,4,
2026-08-04,10:45,masked,266,6,
2026-08-04,10:30,masked,406,7,
2026-08-04,10:15,masked,279,9,
2026-08-04,10:00,masked,280,8,
2026-08-04,09:45,masked,431,8,
2026-08-04,09:30,masked,481,6,
2026-08-04,09:15,masked,196,4,
2026-08-04,09:00,masked,216,5,
2026-08-04,08:45,masked,191,5,
2026-08-04,08:30,masked,192,5,
2026-08-04,08:15,masked,196,5,
2026-08-04,08:00,masked,197,4,
2026-08-04,07:45,masked,198,4,
2026-08-04,07:30,masked,195,4,
2026-08-04,07:15,masked,217,4,
2026-08-04,07:00,masked,192,4,
2026-08-04,06:45,masked,195,4,
2026-08-04,06:30,masked,197,4,
2026-08-04,06:15,masked,197,4,
2026-08-04,06:00,masked,192,4,
2026-08-05,23:00,live,59,0,
2026-08-05,22:45,live,33,0,
2026-08-05,22:30,live,33,0,
2026-08-05,22:15,live,33,0,
2026-08-05,22:00,live,32,0,
2026-08-05,21:45,live,60,0,
2026-08-05,21:30,live,32,0,
2026-08-05,21:15,live,33,0,
2026-08-05,21:00,live,32,0,
2026-08-05,20:45,live,32,0,
2026-08-05,20:30,live,58,1,
2026-08-05,20:15,live,33,1,
2026-08-05,20:00,live,33,1,
2026-08-05,19:45,live,33,1,
2026-08-05,19:30,live,33,2,
2026-08-05,19:15,live,60,1,
2026-08-05,19:00,live,33,1,
2026-08-05,18:45,live,33,1,
2026-08-05,18:30,live,33,2,
2026-08-05,18:15,live,35,1,
2026-08-05,18:00,live,60,1,
2026-08-05,17:45,live,35,1,
2026-08-05,17:30,live,43,2,
2026-08-05,17:15,live,52,3,
2026-08-05,17:00,live,43,2,
2026-08-05,16:45,live,68,1,
2026-08-05,16:30,live,45,3,
2026-08-05,16:15,live,58,4,
2026-08-05,16:00,live,46,3,
2026-08-05,15:45,live,49,3,
2026-08-05,15:30,live,78,4,
2026-08-05,15:15,live,50,3,
2026-08-05,15:00,live,50,3,
2026-08-05,14:45,live,51,2,
2026-08-05,14:30,live,51,2,
2026-08-05,14:15,live,76,2,
2026-08-05,14:00,live,51,2,
2026-08-05,13:45,live,51,4,
2026-08-05,13:30,live,55,5,
2026-08-05,13:15,live,53,4,
2026-08-05,13:00,live,132,4,
2026-08-05,12:45,live,88,4,
2026-08-05,12:30,live,52,4,
2026-08-05,12:15,live,45,4,
2026-08-05,12:00,live,52,4,
2026-08-05,11:45,live,91,8,
2026-08-05,11:30,live,69,9,
2026-08-05,11:15,live,87,8,
2026-08-05,11:00,live,122,7,
2026-08-05,10:45,live,409,10,
2026-08-05,10:30,live,233,10,
2026-08-05,10:15,live,336,12,
2026-08-05,10:00,live,243,12,
2026-08-05,09:45,live,185,11,
2026-08-05,09:30,live,153,11,
2026-08-05,09:15,live,156,11,
2026-08-05,09:00,live,301,13,
2026-08-05,08:45,live,279,13,
2026-08-05,08:30,live,278,13,
2026-08-05,08:15,live,265,12,
2026-08-05,08:00,live,156,10,
2026-08-05,07:45,live,184,10,
2026-08-05,07:30,live,156,10,
2026-08-05,07:15,live,161,10,
2026-08-05,07:00,live,161,10,
2026-08-05,06:45,live,161,10,
2026-08-05,06:30,live,189,10,
2026-08-05,06:15,live,164,10,
2026-08-05,06:00,live,164,10,
2026-08-05,23:00,masked,32,0,
2026-08-05,22:45,masked,32,0,
2026-08-05,22:30,masked,57,0,
2026-08-05,22:15,masked,32,0,
2026-08-05,22:00,masked,33,0,
2026-08-05,21:45,masked,33,0,
2026-08-05,21:30,masked,32,0,
2026-08-05,21:15,masked,57,0,
2026-08-05,21:00,masked,33,0,
2026-08-05,20:45,masked,32,0,
2026-08-05,20:30,masked,32,1,
2026-08-05,20:15,masked,32,1,
2026-08-05,20:00,masked,57,1,
2026-08-05,19:45,masked,33,1,
2026-08-05,19:30,masked,33,2,
2026-08-05,19:15,masked,33,1,
2026-08-05,19:00,masked,34,1,
2026-08-05,18:45,masked,58,1,
2026-08-05,18:30,masked,34,2,
2026-08-05,18:15,masked,35,1,
2026-08-05,18:00,masked,36,1,
2026-08-05,17:45,masked,35,1,
2026-08-05,17:30,masked,66,2,
2026-08-05,17:15,masked,52,3,
2026-08-05,17:00,masked,43,2,
2026-08-05,16:45,masked,43,1,
2026-08-05,16:30,masked,44,3,
2026-08-05,16:15,masked,79,4,
2026-08-05,16:00,masked,46,3,
2026-08-05,15:45,masked,47,2,
2026-08-05,15:30,masked,48,3,
2026-08-05,15:15,masked,46,2,
2026-08-05,15:00,masked,70,2,
2026-08-05,14:45,masked,47,1,
2026-08-05,14:30,masked,46,1,
2026-08-05,14:15,masked,46,1,
2026-08-05,14:00,masked,46,1,
2026-08-05,13:45,masked,71,3,
2026-08-05,13:30,masked,49,4,
2026-08-05,13:15,masked,50,4,
2026-08-05,13:00,masked,65,2,
2026-08-05,12:45,masked,70,2,
2026-08-05,12:30,masked,69,2,
2026-08-05,12:15,masked,38,2,
2026-08-05,12:00,masked,40,2,
2026-08-05,11:45,masked,60,6,
2026-08-05,11:30,masked,63,7,
2026-08-05,11:15,masked,82,6,
2026-08-05,11:00,masked,140,5,
2026-08-05,10:45,masked,399,8,
2026-08-05,10:30,masked,230,8,
2026-08-05,10:15,masked,290,10,
2026-08-05,10:00,masked,203,9,
2026-08-05,09:45,masked,204,8,
2026-08-05,09:30,masked,149,8,
2026-08-05,09:15,masked,145,8,
2026-08-05,09:00,masked,171,10,
2026-08-05,08:45,masked,174,10,
2026-08-05,08:30,masked,198,10,
2026-08-05,08:15,masked,150,9,
2026-08-05,08:00,masked,150,7,
2026-08-05,07:45,masked,147,7,
2026-08-05,07:30,masked,147,7,
2026-08-05,07:15,masked,176,7,
2026-08-05,07:00,masked,152,7,
2026-08-05,06:45,masked,152,7,
2026-08-05,06:30,masked,155,7,
2026-08-05,06:15,masked,155,7,
2026-08-05,06:00,masked,180,7,
2026-08-06,23:00,live,81,1,
2026-08-06,22:45,live,115,2,
2026-08-06,22:30,live,149,6,
2026-08-06,22:15,live,172,6,
2026-08-06,22:00,live,165,8,
2026-08-06,21:45,live,143,9,
2026-08-06,21:30,live,146,7,
2026-08-06,21:15,live,146,6,
2026-08-06,21:00,live,139,4,
2026-08-06,20:45,live,122,2,
2026-08-06,20:30,live,81,3,
2026-08-06,20:15,live,33,1,
2026-08-06,20:00,live,36,2,
2026-08-06,19:45,live,38,5,
2026-08-06,19:30,live,97,6,
2026-08-06,19:15,live,61,5,
2026-08-06,19:00,live,37,5,
2026-08-06,18:45,live,119,8,
2026-08-06,18:30,live,122,7,
2026-08-06,18:15,live,147,8,
2026-08-06,18:00,live,122,8,
2026-08-06,17:45,live,117,8,
2026-08-06,17:30,live,117,6,
2026-08-06,17:15,live,117,6,
2026-08-06,17:00,live,144,8,
2026-08-06,16:45,live,119,6,
2026-08-06,16:30,live,120,6,
2026-08-06,16:15,live,119,5,
2026-08-06,16:00,live,147,6,
2026-08-06,15:45,live,245,7,
2026-08-06,15:30,live,218,7,
2026-08-06,15:15,live,133,6,
2026-08-06,15:00,live,131,6,
2026-08-06,14:45,live,119,4,
2026-08-06,14:30,live,132,3,
2026-08-06,14:15,live,130,4,
2026-08-06,14:00,live,131,5,
2026-08-06,13:45,live,130,4,
2026-08-06,13:30,live,133,5,
2026-08-06,13:15,live,137,5,
2026-08-06,13:00,live,162,5,
2026-08-06,12:45,live,141,6,
2026-08-06,12:30,live,139,6,
2026-08-06,12:15,live,139,6,
2026-08-06,12:00,live,138,7,
2026-08-06,11:45,live,164,7,
2026-08-06,11:30,live,136,7,
2026-08-06,11:15,live,142,8,
2026-08-06,11:00,live,171,8,
2026-08-06,10:45,live,175,9,
2026-08-06,10:30,live,257,9,
2026-08-06,10:15,live,203,10,
2026-08-06,10:00,live,79,9,
2026-08-06,09:45,live,135,9,
2026-08-06,09:30,live,88,8,
2026-08-06,09:15,live,103,8,
2026-08-06,09:00,live,339,9,
2026-08-06,08:45,live,328,8,
2026-08-06,08:30,live,329,8,
2026-08-06,08:15,live,329,8,
2026-08-06,08:00,live,359,8,
2026-08-06,07:45,live,329,8,
2026-08-06,07:30,live,168,7,
2026-08-06,07:15,live,210,7,
2026-08-06,07:00,live,208,7,
2026-08-06,06:45,live,204,7,
2026-08-06,06:30,live,235,7,
2026-08-06,06:15,live,208,7,
2026-08-06,06:00,live,204,7,
2026-08-06,23:00,masked,113,2,
2026-08-06,22:45,masked,215,4,
2026-08-06,22:30,masked,194,5,
2026-08-06,22:15,masked,191,6,
2026-08-06,22:00,masked,164,7,
2026-08-06,21:45,masked,163,9,
2026-08-06,21:30,masked,166,8,
2026-08-06,21:15,masked,187,7,
2026-08-06,21:00,masked,114,5,
2026-08-06,20:45,masked,76,3,
2026-08-06,20:30,masked,81,4,
2026-08-06,20:15,masked,33,1,
2026-08-06,20:00,masked,60,2,
2026-08-06,19:45,masked,38,5,
2026-08-06,19:30,masked,45,6,
2026-08-06,19:15,masked,40,6,
2026-08-06,19:00,masked,39,7,
2026-08-06,18:45,masked,146,10,
2026-08-06,18:30,masked,124,9,
2026-08-06,18:15,masked,127,10,
2026-08-06,18:00,masked,129,10,
2026-08-06,17:45,masked,125,9,
2026-08-06,17:30,masked,151,8,
2026-08-06,17:15,masked,83,8,
2026-08-06,17:00,masked,124,9,
2026-08-06,16:45,masked,121,6,
2026-08-06,16:30,masked,123,7,
2026-08-06,16:15,masked,110,8,
2026-08-06,16:00,masked,142,8,
2026-08-06,15:45,masked,191,9,
2026-08-06,15:30,masked,191,8,
2026-08-06,15:15,masked,132,7,
2026-08-06,15:00,masked,161,7,
2026-08-06,14:45,masked,122,5,
2026-08-06,14:30,masked,110,4,
2026-08-06,14:15,masked,134,5,
2026-08-06,14:00,masked,135,6,
2026-08-06,13:45,masked,166,5,
2026-08-06,13:30,masked,138,6,
2026-08-06,13:15,masked,136,6,
2026-08-06,13:00,masked,138,6,
2026-08-06,12:45,masked,139,7,
2026-08-06,12:30,masked,164,7,
2026-08-06,12:15,masked,138,7,
2026-08-06,12:00,masked,141,8,
2026-08-06,11:45,masked,139,8,
2026-08-06,11:30,masked,142,8,
2026-08-06,11:15,masked,127,9,
2026-08-06,11:00,masked,125,9,
2026-08-06,10:45,masked,144,10,
2026-08-06,10:30,masked,199,10,
2026-08-06,10:15,masked,198,11,
2026-08-06,10:00,masked,85,10,
2026-08-06,09:45,masked,156,10,
2026-08-06,09:30,masked,89,8,
2026-08-06,09:15,masked,78,8,
2026-08-06,09:00,masked,231,8,
2026-08-06,08:45,masked,232,7,
2026-08-06,08:30,masked,255,7,
2026-08-06,08:15,masked,231,7,
2026-08-06,08:00,masked,232,7,
2026-08-06,07:45,masked,231,7,
2026-08-06,07:30,masked,70,6,
2026-08-06,07:15,masked,120,6,
2026-08-06,07:00,masked,105,6,
2026-08-06,06:45,masked,105,6,
2026-08-06,06:30,masked,107,6,
2026-08-06,06:15,masked,105,6,
2026-08-06,06:00,masked,105,6,
2026-08-07,23:00,live,67,2,
2026-08-07,22:45,live,37,2,
2026-08-07,22:30,live,37,2,
2026-08-07,22:15,live,62,3,
2026-08-07,22:00,live,85,3,
2026-08-07,21:45,live,51,2,
2026-08-07,21:30,live,50,2,
2026-08-07,21:15,live,51,2,
2026-08-07,21:00,live,75,2,
2026-08-07,20:45,live,50,2,
2026-08-07,20:30,live,51,2,
2026-08-07,20:15,live,58,2,
2026-08-07,20:00,live,89,2,
2026-08-07,19:45,live,51,2,
2026-08-07,19:30,live,51,2,
2026-08-07,19:15,live,51,3,
2026-08-07,19:00,live,76,3,
2026-08-07,18:45,live,51,3,
2026-08-07,18:30,live,56,4,
2026-08-07,18:15,live,51,4,
2026-08-07,18:00,live,79,4,
2026-08-07,17:45,live,54,5,
2026-08-07,17:30,live,52,4,
2026-08-07,17:15,live,51,4,
2026-08-07,17:00,live,92,5,
2026-08-07,16:45,live,66,3,
2026-08-07,16:30,live,90,5,
2026-08-07,16:15,live,64,4,
2026-08-07,16:00,live,98,5,
2026-08-07,15:45,live,122,6,
2026-08-07,15:30,live,193,6,
2026-08-07,15:15,live,108,5,
2026-08-07,15:00,live,64,5,
2026-08-07,14:45,live,92,6,
2026-08-07,14:30,live,65,5,
2026-08-07,14:15,live,64,4,
2026-08-07,14:00,live,69,5,
2026-08-07,13:45,live,103,5,
2026-08-07,13:30,live,75,5,
2026-08-07,13:15,live,171,7,
2026-08-07,13:00,live,67,7,
2026-08-07,12:45,live,89,3,
2026-08-07,12:30,live,169,6,
2026-08-07,12:15,live,532,8,
2026-08-07,12:00,live,546,8,
2026-08-07,11:45,live,642,9,
2026-08-07,11:30,live,428,7,
2026-08-07,11:15,live,378,10,
2026-08-07,11:00,live,391,10,
2026-08-07,10:45,live,206,10,
2026-08-07,10:30,live,176,8,
2026-08-07,10:15,live,177,6,
2026-08-07,10:00,live,180,6,
2026-08-07,09:45,live,179,7,
2026-08-07,09:30,live,232,9,
2026-08-07,09:15,live,229,11,
2026-08-07,09:00,live,207,11,
2026-08-07,08:45,live,120,11,
2026-08-07,08:30,live,199,11,
2026-08-07,08:15,live,177,8,
2026-08-07,08:00,live,126,9,
2026-08-07,07:45,live,217,10,
2026-08-07,07:30,live,214,10,
2026-08-07,07:15,live,229,9,
2026-08-07,07:00,live,148,9,
2026-08-07,06:45,live,146,9,
2026-08-07,06:30,live,146,9,
2026-08-07,06:15,live,171,9,
2026-08-07,06:00,live,146,10,
2026-08-07,23:00,masked,37,3,
2026-08-07,22:45,masked,36,3,
2026-08-07,22:30,masked,64,3,
2026-08-07,22:15,masked,60,3,
2026-08-07,22:00,masked,60,3,
2026-08-07,21:45,masked,50,2,
2026-08-07,21:30,masked,75,2,
2026-08-07,21:15,masked,50,2,
2026-08-07,21:00,masked,50,2,
2026-08-07,20:45,masked,50,1,
2026-08-07,20:30,masked,76,1,
2026-08-07,20:15,masked,50,1,
2026-08-07,20:00,masked,51,1,
2026-08-07,19:45,masked,50,1,
2026-08-07,19:30,masked,82,1,
2026-08-07,19:15,masked,50,2,
2026-08-07,19:00,masked,51,2,
2026-08-07,18:45,masked,50,2,
2026-08-07,18:30,masked,79,3,
2026-08-07,18:15,masked,51,3,
2026-08-07,18:00,masked,54,3,
2026-08-07,17:45,masked,54,5,
2026-08-07,17:30,masked,51,4,
2026-08-07,17:15,masked,78,4,
2026-08-07,17:00,masked,61,5,
2026-08-07,16:45,masked,65,3,
2026-08-07,16:30,masked,87,5,
2026-08-07,16:15,masked,87,4,
2026-08-07,16:00,masked,69,5,
2026-08-07,15:45,masked,116,6,
2026-08-07,15:30,masked,189,6,
2026-08-07,15:15,masked,131,5,
2026-08-07,15:00,masked,65,5,
2026-08-07,14:45,masked,65,6,
2026-08-07,14:30,masked,62,4,
2026-08-07,14:15,masked,87,2,
2026-08-07,14:00,masked,65,3,
2026-08-07,13:45,masked,72,3,
2026-08-07,13:30,masked,71,3,
2026-08-07,13:15,masked,230,6,
2026-08-07,13:00,masked,67,7,
2026-08-07,12:45,masked,63,3,
2026-08-07,12:30,masked,132,5,
2026-08-07,12:15,masked,505,7,
2026-08-07,12:00,masked,553,7,
2026-08-07,11:45,masked,601,8,
2026-08-07,11:30,masked,401,6,
2026-08-07,11:15,masked,357,9,
2026-08-07,11:00,masked,397,9,
2026-08-07,10:45,masked,148,9,
2026-08-07,10:30,masked,146,7,
2026-08-07,10:15,masked,146,5,
2026-08-07,10:00,masked,171,5,
2026-08-07,09:45,masked,148,6,
2026-08-07,09:30,masked,170,8,
2026-08-07,09:15,masked,209,10,
2026-08-07,09:00,masked,188,10,
2026-08-07,08:45,masked,126,10,
2026-08-07,08:30,masked,156,10,
2026-08-07,08:15,masked,163,8,
2026-08-07,08:00,masked,118,9,
2026-08-07,07:45,masked,233,10,
2026-08-07,07:30,masked,209,10,
2026-08-07,07:15,masked,196,9,
2026-08-07,07:00,masked,144,9,
2026-08-07,06:45,masked,170,9,
2026-08-07,06:30,masked,144,9,
2026-08-07,06:15,masked,147,9,
2026-08-07,06:00,masked,141,10,
2026-08-08,23:00,live,73,1,
2026-08-08,22:45,live,44,1,
2026-08-08,22:30,live,44,1,
2026-08-08,22:15,live,44,1,
2026-08-08,22:00,live,72,1,
2026-08-08,21:45,live,44,1,
2026-08-08,21:30,live,44,1,
2026-08-08,21:15,live,105,2,
2026-08-08,21:00,live,79,1,
2026-08-08,20:45,live,79,1,
2026-08-08,20:30,live,105,1,
2026-08-08,20:15,live,79,1,
2026-08-08,20:00,live,79,1,
2026-08-08,19:45,live,79,1,
2026-08-08,19:30,live,107,1,
2026-08-08,19:15,live,91,2,
2026-08-08,19:00,live,91,2,
2026-08-08,18:45,live,117,2,
2026-08-08,18:30,live,92,3,
2026-08-08,18:15,live,92,4,
2026-08-08,18:00,live,117,3,
2026-08-08,17:45,live,92,3,
2026-08-08,17:30,live,92,2,
2026-08-08,17:15,live,118,2,
2026-08-08,17:00,live,97,3,
2026-08-08,16:45,live,97,3,
2026-08-08,16:30,live,104,5,
2026-08-08,16:15,live,130,6,
2026-08-08,16:00,live,102,6,
2026-08-08,15:45,live,102,7,
2026-08-08,15:30,live,131,8,
2026-08-08,15:15,live,101,5,
2026-08-08,15:00,live,102,4,
2026-08-08,14:45,live,226,8,
2026-08-08,14:30,live,188,8,
2026-08-08,14:15,live,158,7,
2026-08-08,14:00,live,183,9,
2026-08-08,13:45,live,148,8,
2026-08-08,13:30,live,75,9,
2026-08-08,13:15,live,133,9,
2026-08-08,13:00,live,166,7,
2026-08-08,12:45,live,453,10,
2026-08-08,12:30,live,331,10,
2026-08-08,12:15,live,463,9,
2026-08-08,12:00,live,391,8,
2026-08-08,11:45,live,230,11,
2026-08-08,11:30,live,168,12,
2026-08-08,11:15,live,110,13,
2026-08-08,11:00,live,713,13,
2026-08-08,10:45,live,380,14,
2026-08-08,10:30,live,363,12,
2026-08-08,10:15,live,412,14,
2026-08-08,10:00,live,472,16,
2026-08-08,09:45,live,418,18,
2026-08-08,09:30,live,458,17,
2026-08-08,09:15,live,429,16,
2026-08-08,09:00,live,457,16,
2026-08-08,08:45,live,501,17,
2026-08-08,08:30,live,525,15,
2026-08-08,08:15,live,464,16,
2026-08-08,08:00,live,595,15,
2026-08-08,07:45,live,394,13,
2026-08-08,07:30,live,388,13,
2026-08-08,07:15,live,488,14,
2026-08-08,07:00,live,492,15,
2026-08-08,06:45,live,444,17,
2026-08-08,06:30,live,442,14,
2026-08-08,06:15,live,455,14,
2026-08-08,06:00,live,378,11,
2026-08-08,23:00,masked,44,1,
2026-08-08,22:45,masked,69,1,
2026-08-08,22:30,masked,44,1,
2026-08-08,22:15,masked,44,1,
2026-08-08,22:00,masked,69,1,
2026-08-08,21:45,masked,44,1,
2026-08-08,21:30,masked,44,1,
2026-08-08,21:15,masked,105,2,
2026-08-08,21:00,masked,78,1,
2026-08-08,20:45,masked,81,2,
2026-08-08,20:30,masked,78,2,
2026-08-08,20:15,masked,108,2,
2026-08-08,20:00,masked,79,2,
2026-08-08,19:45,masked,78,2,
2026-08-08,19:30,masked,104,2,
2026-08-08,19:15,masked,92,2,
2026-08-08,19:00,masked,91,2,
2026-08-08,18:45,masked,117,2,
2026-08-08,18:30,masked,92,3,
2026-08-08,18:15,masked,92,4,
2026-08-08,18:00,masked,92,3,
2026-08-08,17:45,masked,120,3,
2026-08-08,17:30,masked,92,2,
2026-08-08,17:15,masked,92,2,
2026-08-08,17:00,masked,122,3,
2026-08-08,16:45,masked,97,3,
2026-08-08,16:30,masked,97,4,
2026-08-08,16:15,masked,123,5,
2026-08-08,16:00,masked,97,5,
2026-08-08,15:45,masked,97,6,
2026-08-08,15:30,masked,126,7,
2026-08-08,15:15,masked,96,4,
2026-08-08,15:00,masked,102,4,
2026-08-08,14:45,masked,181,8,
2026-08-08,14:30,masked,207,7,
2026-08-08,14:15,masked,140,7,
2026-08-08,14:00,masked,157,9,
2026-08-08,13:45,masked,157,8,
2026-08-08,13:30,masked,105,9,
2026-08-08,13:15,masked,113,9,
2026-08-08,13:00,masked,189,7,
2026-08-08,12:45,masked,488,10,
2026-08-08,12:30,masked,339,10,
2026-08-08,12:15,masked,506,9,
2026-08-08,12:00,masked,405,9,
2026-08-08,11:45,masked,255,11,
2026-08-08,11:30,masked,125,12,
2026-08-08,11:15,masked,138,13,
2026-08-08,11:00,masked,702,13,
2026-08-08,10:45,masked,348,14,
2026-08-08,10:30,masked,376,12,
2026-08-08,10:15,masked,408,14,
2026-08-08,10:00,masked,477,16,
2026-08-08,09:45,masked,412,18,
2026-08-08,09:30,masked,456,17,
2026-08-08,09:15,masked,429,16,
2026-08-08,09:00,masked,429,16,
2026-08-08,08:45,masked,529,17,
2026-08-08,08:30,masked,528,15,
2026-08-08,08:15,masked,472,16,
2026-08-08,08:00,masked,591,15,
2026-08-08,07:45,masked,383,12,
2026-08-08,07:30,masked,373,12,
2026-08-08,07:15,masked,465,13,
2026-08-08,07:00,masked,524,14,
2026-08-08,06:45,masked,440,16,
2026-08-08,06:30,masked,441,13,
2026-08-08,06:15,masked,451,13,
2026-08-08,06:00,masked,417,10,
2026-08-09,23:00,live,42,0,
2026-08-09,22:45,live,38,0,
2026-08-09,22:30,live,65,0,
2026-08-09,22:15,live,38,0,
2026-08-09,22:00,live,38,0,
2026-08-09,21:45,live,38,0,
2026-08-09,21:30,live,64,0,
2026-08-09,21:15,live,38,1,
2026-08-09,21:00,live,38,1,
2026-08-09,20:45,live,38,0,
2026-08-09,20:30,live,64,0,
2026-08-09,20:15,live,38,0,
2026-08-09,20:00,live,38,0,
2026-08-09,19:45,live,38,0,
2026-08-09,19:30,live,64,0,
2026-08-09,19:15,live,38,0,
2026-08-09,19:00,live,68,1,
2026-08-09,18:45,live,67,1,
2026-08-09,18:30,live,93,1,
2026-08-09,18:15,live,67,1,
2026-08-09,18:00,live,67,1,
2026-08-09,17:45,live,95,2,
2026-08-09,17:30,live,121,3,
2026-08-09,17:15,live,95,3,
2026-08-09,17:00,live,95,3,
2026-08-09,16:45,live,98,4,
2026-08-09,16:30,live,123,3,
2026-08-09,16:15,live,95,2,
2026-08-09,16:00,live,94,2,
2026-08-09,15:45,live,119,2,
2026-08-09,15:30,live,95,3,
2026-08-09,15:15,live,95,3,
2026-08-09,15:00,live,99,3,
2026-08-09,14:45,live,126,4,
2026-08-09,14:30,live,80,3,
2026-08-09,14:15,live,79,3,
2026-08-09,14:00,live,83,3,
2026-08-09,13:45,live,116,5,
2026-08-09,13:30,live,83,4,
2026-08-09,13:15,live,83,4,
2026-08-09,13:00,live,83,3,
2026-08-09,12:45,live,91,2,
2026-08-09,12:30,live,63,2,
2026-08-09,12:15,live,62,2,
2026-08-09,12:00,live,63,2,
2026-08-09,11:45,live,90,4,
2026-08-09,11:30,live,63,4,
2026-08-09,11:15,live,66,3,
2026-08-09,11:00,live,65,5,
2026-08-09,10:45,live,73,6,
2026-08-09,10:30,live,97,5,
2026-08-09,10:15,live,68,8,
2026-08-09,10:00,live,69,8,
2026-08-09,09:45,live,67,7,
2026-08-09,09:30,live,91,7,
2026-08-09,09:15,live,65,7,
2026-08-09,09:00,live,66,8,
2026-08-09,08:45,live,55,11,
2026-08-09,08:30,live,77,13,
2026-08-09,08:15,live,53,11,
2026-08-09,08:00,live,197,9,
2026-08-09,07:45,live,187,10,
2026-08-09,07:30,live,216,11,
2026-08-09,07:15,live,171,13,
2026-08-09,07:00,live,318,12,
2026-08-09,06:45,live,289,11,
2026-08-09,06:30,live,324,10,
2026-08-09,06:15,live,292,10,
2026-08-09,06:00,live,292,10,
2026-08-09,23:00,masked,39,0,
2026-08-09,22:45,masked,63,0,
2026-08-09,22:30,masked,38,0,
2026-08-09,22:15,masked,37,0,
2026-08-09,22:00,masked,38,0,
2026-08-09,21:45,masked,64,0,
2026-08-09,21:30,masked,38,0,
2026-08-09,21:15,masked,37,1,
2026-08-09,21:00,masked,38,1,
2026-08-09,20:45,masked,64,0,
2026-08-09,20:30,masked,37,0,
2026-08-09,20:15,masked,38,0,
2026-08-09,20:00,masked,38,0,
2026-08-09,19:45,masked,64,0,
2026-08-09,19:30,masked,38,0,
2026-08-09,19:15,masked,38,0,
2026-08-09,19:00,masked,67,1,
2026-08-09,18:45,masked,93,1,
2026-08-09,18:30,masked,67,1,
2026-08-09,18:15,masked,67,1,
2026-08-09,18:00,masked,79,2,
2026-08-09,17:45,masked,94,1,
2026-08-09,17:30,masked,68,2,
2026-08-09,17:15,masked,68,2,
2026-08-09,17:00,masked,68,2,
2026-08-09,16:45,masked,96,3,
2026-08-09,16:30,masked,70,2,
2026-08-09,16:15,masked,68,1,
2026-08-09,16:00,masked,68,1,
2026-08-09,15:45,masked,95,1,
2026-08-09,15:30,masked,68,2,
2026-08-09,15:15,masked,68,2,
2026-08-09,15:00,masked,72,2,
2026-08-09,14:45,masked,98,3,
2026-08-09,14:30,masked,61,2,
2026-08-09,14:15,masked,61,2,
2026-08-09,14:00,masked,66,2,
2026-08-09,13:45,masked,92,3,
2026-08-09,13:30,masked,64,3,
2026-08-09,13:15,masked,64,3,
2026-08-09,13:00,masked,63,2,
2026-08-09,12:45,masked,89,2,
2026-08-09,12:30,masked,63,2,
2026-08-09,12:15,masked,62,2,
2026-08-09,12:00,masked,62,2,
2026-08-09,11:45,masked,87,3,
2026-08-09,11:30,masked,61,3,
2026-08-09,11:15,masked,63,2,
2026-08-09,11:00,masked,63,4,
2026-08-09,10:45,masked,97,5,
2026-08-09,10:30,masked,66,4,
2026-08-09,10:15,masked,66,7,
2026-08-09,10:00,masked,66,7,
2026-08-09,09:45,masked,90,6,
2026-08-09,09:30,masked,64,6,
2026-08-09,09:15,masked,64,6,
2026-08-09,09:00,masked,64,7,
2026-08-09,08:45,masked,52,10,
2026-08-09,08:30,masked,79,12,
2026-08-09,08:15,masked,53,10,
2026-08-09,08:00,masked,67,8,
2026-08-09,07:45,masked,65,9,
2026-08-09,07:30,masked,107,10,
2026-08-09,07:15,masked,76,12,
2026-08-09,07:00,masked,214,11,
2026-08-09,06:45,masked,187,10,
2026-08-09,06:30,masked,214,9,
2026-08-09,06:15,masked,183,9,
2026-08-09,06:00,masked,182,9,
2026-08-10,23:00,live,37,0,
2026-08-10,22:45,live,58,0,
2026-08-10,22:30,live,33,0,
2026-08-10,22:15,live,33,0,
2026-08-10,22:00,live,33,0,
2026-08-10,21:45,live,33,0,
2026-08-10,21:30,live,59,0,
2026-08-10,21:15,live,33,0,
2026-08-10,21:00,live,33,0,
2026-08-10,20:45,live,33,0,
2026-08-10,20:30,live,33,0,
2026-08-10,20:15,live,58,0,
2026-08-10,20:00,live,33,0,
2026-08-10,19:45,live,33,0,
2026-08-10,19:30,live,33,0,
2026-08-10,19:15,live,59,0,
2026-08-10,19:00,live,33,0,
2026-08-10,18:45,live,33,0,
2026-08-10,18:30,live,34,0,
2026-08-10,18:15,live,33,0,
2026-08-10,18:00,live,59,0,
2026-08-10,17:45,live,34,0,
2026-08-10,17:30,live,33,0,
2026-08-10,17:15,live,33,0,
2026-08-10,17:00,live,33,0,
2026-08-10,16:45,live,59,0,
2026-08-10,16:30,live,33,0,
2026-08-10,16:15,live,33,0,
2026-08-10,16:00,live,33,0,
2026-08-10,15:45,live,34,0,
2026-08-10,15:30,live,61,0,
2026-08-10,15:15,live,34,0,
2026-08-10,15:00,live,34,1,
2026-08-10,14:45,live,34,1,
2026-08-10,14:30,live,37,3,
2026-08-10,14:15,live,62,3,
2026-08-10,14:00,live,37,1,
2026-08-10,13:45,live,40,2,
2026-08-10,13:30,live,40,4,
2026-08-10,13:15,live,44,6,
2026-08-10,13:00,live,67,4,
2026-08-10,12:45,live,42,4,
2026-08-10,12:30,live,44,4,
2026-08-10,12:15,live,42,4,
2026-08-10,12:00,live,40,4,
2026-08-10,11:45,live,73,5,
2026-08-10,11:30,live,47,2,
2026-08-10,11:15,live,53,5,
2026-08-10,11:00,live,45,5,
2026-08-10,10:45,live,48,6,
2026-08-10,10:30,live,84,6,
2026-08-10,10:15,live,40,6,
2026-08-10,10:00,live,48,6,
2026-08-10,09:45,live,132,5,
2026-08-10,09:30,live,46,6,
2026-08-10,09:15,live,70,6,
2026-08-10,09:00,live,96,7,
2026-08-10,08:45,live,125,9,
2026-08-10,08:30,live,133,8,
2026-08-10,08:15,live,156,8,
2026-08-10,08:00,live,177,8,
2026-08-10,07:45,live,104,8,
2026-08-10,07:30,live,80,7,
2026-08-10,07:15,live,86,6,
2026-08-10,07:00,live,85,6,
2026-08-10,06:45,live,110,7,
2026-08-10,06:30,live,89,7,
2026-08-10,06:15,live,84,5,
2026-08-10,06:00,live,85,4,
2026-08-10,23:00,masked,34,0,
2026-08-10,22:45,masked,59,0,
2026-08-10,22:30,masked,33,0,
2026-08-10,22:15,masked,33,0,
2026-08-10,22:00,masked,33,0,
2026-08-10,21:45,masked,33,0,
2026-08-10,21:30,masked,61,0,
2026-08-10,21:15,masked,33,0,
2026-08-10,21:00,masked,33,0,
2026-08-10,20:45,masked,34,0,
2026-08-10,20:30,masked,33,0,
2026-08-10,20:15,masked,60,0,
2026-08-10,20:00,masked,33,0,
2026-08-10,19:45,masked,33,0,
2026-08-10,19:30,masked,33,0,
2026-08-10,19:15,masked,57,0,
2026-08-10,19:00,masked,33,0,
2026-08-10,18:45,masked,34,0,
2026-08-10,18:30,masked,33,0,
2026-08-10,18:15,masked,33,0,
2026-08-10,18:00,masked,60,0,
2026-08-10,17:45,masked,33,0,
2026-08-10,17:30,masked,33,0,
2026-08-10,17:15,masked,33,0,
2026-08-10,17:00,masked,33,0,
2026-08-10,16:45,masked,59,0,
2026-08-10,16:30,masked,33,0,
2026-08-10,16:15,masked,33,0,
2026-08-10,16:00,masked,33,0,
2026-08-10,15:45,masked,33,0,
2026-08-10,15:30,masked,59,0,
2026-08-10,15:15,masked,34,0,
2026-08-10,15:00,masked,34,1,
2026-08-10,14:45,masked,34,1,
2026-08-10,14:30,masked,37,3,
2026-08-10,14:15,masked,62,3,
2026-08-10,14:00,masked,36,1,
2026-08-10,13:45,masked,39,2,
2026-08-10,13:30,masked,40,4,
2026-08-10,13:15,masked,45,7,
2026-08-10,13:00,masked,71,5,
2026-08-10,12:45,masked,46,5,
2026-08-10,12:30,masked,47,5,
2026-08-10,12:15,masked,41,4,
2026-08-10,12:00,masked,40,4,
2026-08-10,11:45,masked,73,5,
2026-08-10,11:30,masked,47,2,
2026-08-10,11:15,masked,52,5,
2026-08-10,11:00,masked,43,5,
2026-08-10,10:45,masked,48,6,
2026-08-10,10:30,masked,80,6,
2026-08-10,10:15,masked,40,6,
2026-08-10,10:00,masked,45,6,
2026-08-10,09:45,masked,130,5,
2026-08-10,09:30,masked,47,6,
2026-08-10,09:15,masked,69,6,
2026-08-10,09:00,masked,93,7,
2026-08-10,08:45,masked,124,9,
2026-08-10,08:30,masked,133,8,
2026-08-10,08:15,masked,156,8,
2026-08-10,08:00,masked,177,8,
2026-08-10,07:45,masked,105,8,
2026-08-10,07:30,masked,80,7,
2026-08-10,07:15,masked,85,6,
2026-08-10,07:00,masked,85,6,
2026-08-10,06:45,masked,110,7,
2026-08-10,06:30,masked,89,7,
2026-08-10,06:15,masked,84,5,
2026-08-10,06:00,masked,83,4,
2026-08-11,23:00,live,31,0,
2026-08-11,22:45,live,53,0,
2026-08-11,22:30,live,28,0,
2026-08-11,22:15,live,28,0,
2026-08-11,22:00,live,28,0,
2026-08-11,21:45,live,28,0,
2026-08-11,21:30,live,28,0,
2026-08-11,21:15,live,28,1,
2026-08-11,21:00,live,54,0,
2026-08-11,20:45,live,28,0,
2026-08-11,20:30,live,28,1,
2026-08-11,20:15,live,28,0,
2026-08-11,20:00,live,28,0,
2026-08-11,19:45,live,28,0,
2026-08-11,19:30,live,53,0,
2026-08-11,19:15,live,28,1,
2026-08-11,19:00,live,28,0,
2026-08-11,18:45,live,32,1,
2026-08-11,18:30,live,28,0,
2026-08-11,18:15,live,28,0,
2026-08-11,18:00,live,53,0,
2026-08-11,17:45,live,28,0,
2026-08-11,17:30,live,32,1,
2026-08-11,17:15,live,32,2,
2026-08-11,17:00,live,45,3,
2026-08-11,16:45,live,43,3,
2026-08-11,16:30,live,68,3,
2026-08-11,16:15,live,43,3,
2026-08-11,16:00,live,42,3,
2026-08-11,15:45,live,43,2,
2026-08-11,15:30,live,43,2,
2026-08-11,15:15,live,44,3,
2026-08-11,15:00,live,70,2,
2026-08-11,14:45,live,45,3,
2026-08-11,14:30,live,45,3,
2026-08-11,14:15,live,45,3,
2026-08-11,14:00,live,45,4,
2026-08-11,13:45,live,46,4,
2026-08-11,13:30,live,82,4,
2026-08-11,13:15,live,53,5,
2026-08-11,13:00,live,215,4,
2026-08-11,12:45,live,367,5,
2026-08-11,12:30,live,158,5,
2026-08-11,12:15,live,51,4,
2026-08-11,12:00,live,76,5,
2026-08-11,11:45,live,51,6,
2026-08-11,11:30,live,51,6,
2026-08-11,11:15,live,59,5,
2026-08-11,11:00,live,96,6,
2026-08-11,10:45,live,93,8,
2026-08-11,10:30,live,162,5,
2026-08-11,10:15,live,148,6,
2026-08-11,10:00,live,106,5,
2026-08-11,09:45,live,131,9,
2026-08-11,09:30,live,177,8,
2026-08-11,09:15,live,252,10,
2026-08-11,09:00,live,190,10,
2026-08-11,08:45,live,200,10,
2026-08-11,08:30,live,115,10,
2026-08-11,08:15,live,115,10,
2026-08-11,08:00,live,124,11,
2026-08-11,07:45,live,334,9,
2026-08-11,07:30,live,137,10,
2026-08-11,07:15,live,108,10,
2026-08-11,07:00,live,163,10,
2026-08-11,06:45,live,161,10,
2026-08-11,06:30,live,160,10,
2026-08-11,06:15,live,107,12,
2026-08-11,06:00,live,128,12,
2026-08-11,23:00,masked,28,1,
2026-08-11,22:45,masked,27,0,
2026-08-11,22:30,masked,28,0,
2026-08-11,22:15,masked,27,0,
2026-08-11,22:00,masked,28,0,
2026-08-11,21:45,masked,53,0,
2026-08-11,21:30,masked,27,0,
2026-08-11,21:15,masked,28,1,
2026-08-11,21:00,masked,27,0,
2026-08-11,20:45,masked,28,0,
2026-08-11,20:30,masked,28,1,
2026-08-11,20:15,masked,28,0,
2026-08-11,20:00,masked,54,0,
2026-08-11,19:45,masked,28,0,
2026-08-11,19:30,masked,28,1,
2026-08-11,19:15,masked,28,1,
2026-08-11,19:00,masked,28,0,
2026-08-11,18:45,masked,31,1,
2026-08-11,18:30,masked,53,0,
2026-08-11,18:15,masked,28,0,
2026-08-11,18:00,masked,28,0,
2026-08-11,17:45,masked,28,0,
2026-08-11,17:30,masked,33,1,
2026-08-11,17:15,masked,32,2,
2026-08-11,17:00,masked,58,3,
2026-08-11,16:45,masked,33,3,
2026-08-11,16:30,masked,33,3,
2026-08-11,16:15,masked,33,3,
2026-08-11,16:00,masked,33,3,
2026-08-11,15:45,masked,33,2,
2026-08-11,15:30,masked,58,2,
2026-08-11,15:15,masked,34,3,
2026-08-11,15:00,masked,35,2,
2026-08-11,14:45,masked,38,5,
2026-08-11,14:30,masked,38,4,
2026-08-11,14:15,masked,38,4,
2026-08-11,14:00,masked,64,5,
2026-08-11,13:45,masked,39,5,
2026-08-11,13:30,masked,54,6,
2026-08-11,13:15,masked,45,7,
2026-08-11,13:00,masked,200,6,
2026-08-11,12:45,masked,359,7,
2026-08-11,12:30,masked,182,7,
2026-08-11,12:15,masked,55,6,
2026-08-11,12:00,masked,53,6,
2026-08-11,11:45,masked,53,7,
2026-08-11,11:30,masked,52,7,
2026-08-11,11:15,masked,53,6,
2026-08-11,11:00,masked,81,7,
2026-08-11,10:45,masked,95,8,
2026-08-11,10:30,masked,126,6,
2026-08-11,10:15,masked,119,8,
2026-08-11,10:00,masked,83,7,
2026-08-11,09:45,masked,136,10,
2026-08-11,09:30,masked,241,9,
2026-08-11,09:15,masked,434,11,
2026-08-11,09:00,masked,158,11,
2026-08-11,08:45,masked,399,10,
2026-08-11,08:30,masked,393,9,
2026-08-11,08:15,masked,392,9,
2026-08-11,08:00,masked,416,9,
2026-08-11,07:45,masked,379,7,
2026-08-11,07:30,masked,374,8,
2026-08-11,07:15,masked,372,8,
2026-08-11,07:00,masked,391,8,
2026-08-11,06:45,masked,390,8,
2026-08-11,06:30,masked,393,8,
2026-08-11,06:15,masked,471,10,
2026-08-11,06:00,masked,444,10,
2026-08-12,23:00,live,32,0,
2026-08-12,22:45,live,29,0,
2026-08-12,22:30,live,62,1,
2026-08-12,22:15,live,85,1,
2026-08-12,22:00,live,61,1,
2026-08-12,21:45,live,61,1,
2026-08-12,21:30,live,29,0,
2026-08-12,21:15,live,29,1,
2026-08-12,21:00,live,30,3,
2026-08-12,20:45,live,55,3,
2026-08-12,20:30,live,30,3,
2026-08-12,20:15,live,30,3,
2026-08-12,20:00,live,30,3,
2026-08-12,19:45,live,32,2,
2026-08-12,19:30,live,32,2,
2026-08-12,19:15,live,58,1,
2026-08-12,19:00,live,32,1,
2026-08-12,18:45,live,32,1,
2026-08-12,18:30,live,30,3,
2026-08-12,18:15,live,30,2,
2026-08-12,18:00,live,34,2,
2026-08-12,17:45,live,60,2,
2026-08-12,17:30,live,35,2,
2026-08-12,17:15,live,36,3,
2026-08-12,17:00,live,36,3,
2026-08-12,16:45,live,36,3,
2026-08-12,16:30,live,36,3,
2026-08-12,16:15,live,60,5,
2026-08-12,16:00,live,35,4,
2026-08-12,15:45,live,35,2,
2026-08-12,15:30,live,35,2,
2026-08-12,15:15,live,35,2,
2026-08-12,15:00,live,35,3,
2026-08-12,14:45,live,60,3,
2026-08-12,14:30,live,35,2,
2026-08-12,14:15,live,35,3,
2026-08-12,14:00,live,35,3,
2026-08-12,13:45,live,35,3,
2026-08-12,13:30,live,38,3,
2026-08-12,13:15,live,63,3,
2026-08-12,13:00,live,41,4,
2026-08-12,12:45,live,41,4,
2026-08-12,12:30,live,36,3,
2026-08-12,12:15,live,36,3,
2026-08-12,12:00,live,56,3,
2026-08-12,11:45,live,62,3,
2026-08-12,11:30,live,36,3,
2026-08-12,11:15,live,37,2,
2026-08-12,11:00,live,37,2,
2026-08-12,10:45,live,151,4,
2026-08-12,10:30,live,221,5,
2026-08-12,10:15,live,245,5,
2026-08-12,10:00,live,219,4,
2026-08-12,09:45,live,242,4,
2026-08-12,09:30,live,251,5,
2026-08-12,09:15,live,74,6,
2026-08-12,09:00,live,60,6,
2026-08-12,08:45,live,78,5,
2026-08-12,08:30,live,53,5,
2026-08-12,08:15,live,136,5,
2026-08-12,08:00,live,133,4,
2026-08-12,07:45,live,260,5,
2026-08-12,07:30,live,160,5,
2026-08-12,07:15,live,190,6,
2026-08-12,07:00,live,162,5,
2026-08-12,06:45,live,161,6,
2026-08-12,06:30,live,161,6,
2026-08-12,06:15,live,161,7,
2026-08-12,06:00,live,161,8,
2026-08-12,23:00,masked,54,0,
2026-08-12,22:45,masked,29,0,
2026-08-12,22:30,masked,56,1,
2026-08-12,22:15,masked,56,1,
2026-08-12,22:00,masked,56,1,
2026-08-12,21:45,masked,53,0,
2026-08-12,21:30,masked,29,0,
2026-08-12,21:15,masked,29,1,
2026-08-12,21:00,masked,29,3,
2026-08-12,20:45,masked,29,2,
2026-08-12,20:30,masked,29,2,
2026-08-12,20:15,masked,56,2,
2026-08-12,20:00,masked,29,2,
2026-08-12,19:45,masked,33,1,
2026-08-12,19:30,masked,33,1,
2026-08-12,19:15,masked,33,2,
2026-08-12,19:00,masked,33,2,
2026-08-12,18:45,masked,59,2,
2026-08-12,18:30,masked,30,3,
2026-08-12,18:15,masked,30,2,
2026-08-12,18:00,masked,30,2,
2026-08-12,17:45,masked,33,2,
2026-08-12,17:30,masked,33,2,
2026-08-12,17:15,masked,56,2,
2026-08-12,17:00,masked,31,2,
2026-08-12,16:45,masked,31,2,
2026-08-12,16:30,masked,30,2,
2026-08-12,16:15,masked,31,4,
2026-08-12,16:00,masked,31,3,
2026-08-12,15:45,masked,59,1,
2026-08-12,15:30,masked,31,1,
2026-08-12,15:15,masked,31,1,
2026-08-12,15:00,masked,31,2,
2026-08-12,14:45,masked,31,2,
2026-08-12,14:30,masked,31,1,
2026-08-12,14:15,masked,57,2,
2026-08-12,14:00,masked,31,2,
2026-08-12,13:45,masked,31,2,
2026-08-12,13:30,masked,33,2,
2026-08-12,13:15,masked,33,2,
2026-08-12,13:00,masked,33,2,
2026-08-12,12:45,masked,62,3,
2026-08-12,12:30,masked,32,2,
2026-08-12,12:15,masked,32,2,
2026-08-12,12:00,masked,52,2,
2026-08-12,11:45,masked,33,2,
2026-08-12,11:30,masked,33,1,
2026-08-12,11:15,masked,58,1,
2026-08-12,11:00,masked,34,1,
2026-08-12,10:45,masked,144,4,
2026-08-12,10:30,masked,226,5,
2026-08-12,10:15,masked,226,5,
2026-08-12,10:00,masked,226,4,
2026-08-12,09:45,masked,263,3,
2026-08-12,09:30,masked,246,4,
2026-08-12,09:15,masked,69,5,
2026-08-12,09:00,masked,56,5,
2026-08-12,08:45,masked,48,3,
2026-08-12,08:30,masked,48,3,
2026-08-12,08:15,masked,72,4,
2026-08-12,08:00,masked,48,3,
2026-08-12,07:45,masked,174,4,
2026-08-12,07:30,masked,77,4,
2026-08-12,07:15,masked,77,5,
2026-08-12,07:00,masked,76,4,
2026-08-12,06:45,masked,78,4,
2026-08-12,06:30,masked,104,4,
2026-08-12,06:15,masked,79,5,
2026-08-12,06:00,masked,79,6,
2026-08-13,23:00,live,36,1,
2026-08-13,22:45,live,32,3,
2026-08-13,22:30,live,57,2,
2026-08-13,22:15,live,33,1,
2026-08-13,22:00,live,33,1,
2026-08-13,21:45,live,33,2,
2026-08-13,21:30,live,33,1,
2026-08-13,21:15,live,61,2,
2026-08-13,21:00,live,38,3,
2026-08-13,20:45,live,39,3,
2026-08-13,20:30,live,39,3,
2026-08-13,20:15,live,47,4,
2026-08-13,20:00,live,72,4,
2026-08-13,19:45,live,46,4,
2026-08-13,19:30,live,45,4,
2026-08-13,19:15,live,46,4,
2026-08-13,19:00,live,46,5,
2026-08-13,18:45,live,71,5,
2026-08-13,18:30,live,49,5,
2026-08-13,18:15,live,49,6,
2026-08-13,18:00,live,46,4,
2026-08-13,17:45,live,43,4,
2026-08-13,17:30,live,69,4,
2026-08-13,17:15,live,43,3,
2026-08-13,17:00,live,43,4,
2026-08-13,16:45,live,46,4,
2026-08-13,16:30,live,46,4,
2026-08-13,16:15,live,69,4,
2026-08-13,16:00,live,43,3,
2026-08-13,15:45,live,44,3,
2026-08-13,15:30,live,51,4,
2026-08-13,15:15,live,47,4,
2026-08-13,15:00,live,69,5,
2026-08-13,14:45,live,44,4,
2026-08-13,14:30,live,44,3,
2026-08-13,14:15,live,42,3,
2026-08-13,14:00,live,58,5,
2026-08-13,13:45,live,80,6,
2026-08-13,13:30,live,56,5,
2026-08-13,13:15,live,58,6,
2026-08-13,13:00,live,58,6,
2026-08-13,12:45,live,58,5,
2026-08-13,12:30,live,70,5,
2026-08-13,12:15,live,44,4,
2026-08-13,12:00,live,41,4,
2026-08-13,11:45,live,122,5,
2026-08-13,11:30,live,118,6,
2026-08-13,11:15,live,142,5,
2026-08-13,11:00,live,118,5,
2026-08-13,10:45,live,118,5,
2026-08-13,10:30,live,255,8,
2026-08-13,10:15,live,185,7,
2026-08-13,10:00,live,283,7,
2026-08-13,09:45,live,221,7,
2026-08-13,09:30,live,232,9,
2026-08-13,09:15,live,325,11,
2026-08-13,09:00,live,411,8,
2026-08-13,08:45,live,382,9,
2026-08-13,08:30,live,401,10,
2026-08-13,08:15,live,478,10,
2026-08-13,08:00,live,500,9,
2026-08-13,07:45,live,389,9,
2026-08-13,07:30,live,434,10,
2026-08-13,07:15,live,407,10,
2026-08-13,07:00,live,412,9,
2026-08-13,06:45,live,411,9,
2026-08-13,06:30,live,411,9,
2026-08-13,06:15,live,438,9,
2026-08-13,06:00,live,443,9,
2026-08-13,23:00,masked,32,1,
2026-08-13,22:45,masked,33,2,
2026-08-13,22:30,masked,33,1,
2026-08-13,22:15,masked,58,0,
2026-08-13,22:00,masked,32,0,
2026-08-13,21:45,masked,32,1,
2026-08-13,21:30,masked,33,0,
2026-08-13,21:15,masked,37,1,
2026-08-13,21:00,masked,63,2,
2026-08-13,20:45,masked,38,2,
2026-08-13,20:30,masked,39,2,
2026-08-13,20:15,masked,45,3,
2026-08-13,20:00,masked,46,3,
2026-08-13,19:45,masked,72,3,
2026-08-13,19:30,masked,45,3,
2026-08-13,19:15,masked,45,3,
2026-08-13,19:00,masked,46,4,
2026-08-13,18:45,masked,46,4,
2026-08-13,18:30,masked,74,4,
2026-08-13,18:15,masked,49,5,
2026-08-13,18:00,masked,46,3,
2026-08-13,17:45,masked,43,3,
2026-08-13,17:30,masked,43,3,
2026-08-13,17:15,masked,69,2,
2026-08-13,17:00,masked,43,3,
2026-08-13,16:45,masked,45,3,
2026-08-13,16:30,masked,47,3,
2026-08-13,16:15,masked,43,3,
2026-08-13,16:00,masked,68,2,
2026-08-13,15:45,masked,43,2,
2026-08-13,15:30,masked,49,3,
2026-08-13,15:15,masked,47,3,
2026-08-13,15:00,masked,44,4,
2026-08-13,14:45,masked,69,3,
2026-08-13,14:30,masked,44,2,
2026-08-13,14:15,masked,42,2,
2026-08-13,14:00,masked,55,4,
2026-08-13,13:45,masked,55,5,
2026-08-13,13:30,masked,81,4,
2026-08-13,13:15,masked,58,5,
2026-08-13,13:00,masked,58,5,
2026-08-13,12:45,masked,58,4,
2026-08-13,12:30,masked,45,4,
2026-08-13,12:15,masked,70,3,
2026-08-13,12:00,masked,41,3,
2026-08-13,11:45,masked,117,4,
2026-08-13,11:30,masked,118,5,
2026-08-13,11:15,masked,117,4,
2026-08-13,11:00,masked,118,4,
2026-08-13,10:45,masked,144,4,
2026-08-13,10:30,masked,248,7,
2026-08-13,10:15,masked,185,6,
2026-08-13,10:00,masked,257,6,
2026-08-13,09:45,masked,221,6,
2026-08-13,09:30,masked,253,8,
2026-08-13,09:15,masked,326,10,
2026-08-13,09:00,masked,410,7,
2026-08-13,08:45,masked,346,8,
2026-08-13,08:30,masked,399,9,
2026-08-13,08:15,masked,503,9,
2026-08-13,08:00,masked,499,8,
2026-08-13,07:45,masked,391,8,
2026-08-13,07:30,masked,408,9,
2026-08-13,07:15,masked,407,9,
2026-08-13,07:00,masked,437,8,
2026-08-13,06:45,masked,412,8,
2026-08-13,06:30,masked,411,8,
2026-08-13,06:15,masked,411,8,
2026-08-13,06:00,masked,440,8,
2026-08-14,23:00,live,62,0,
2026-08-14,22:45,live,34,0,
2026-08-14,22:30,live,34,0,
2026-08-14,22:15,live,34,1,
2026-08-14,22:00,live,60,1,
2026-08-14,21:45,live,35,1,
2026-08-14,21:30,live,34,2,
2026-08-14,21:15,live,34,1,
2026-08-14,21:00,live,35,0,
2026-08-14,20:45,live,62,0,
2026-08-14,20:30,live,35,0,
2026-08-14,20:15,live,76,1,
2026-08-14,20:00,live,77,1,
2026-08-14,19:45,live,102,1,
2026-08-14,19:30,live,81,6,
2026-08-14,19:15,live,81,6,
2026-08-14,19:00,live,81,5,
2026-08-14,18:45,live,81,6,
2026-08-14,18:30,live,118,9,
2026-08-14,18:15,live,51,9,
2026-08-14,18:00,live,53,7,
2026-08-14,17:45,live,87,6,
2026-08-14,17:30,live,109,4,
2026-08-14,17:15,live,83,4,
2026-08-14,17:00,live,105,5,
2026-08-14,16:45,live,112,5,
2026-08-14,16:30,live,110,4,
2026-08-14,16:15,live,84,3,
2026-08-14,16:00,live,83,3,
2026-08-14,15:45,live,83,2,
2026-08-14,15:30,live,86,3,
2026-08-14,15:15,live,112,3,
2026-08-14,15:00,live,85,3,
2026-08-14,14:45,live,98,4,
2026-08-14,14:30,live,99,6,
2026-08-14,14:15,live,137,7,
2026-08-14,14:00,live,109,8,
2026-08-14,13:45,live,94,8,
2026-08-14,13:30,live,94,7,
2026-08-14,13:15,live,85,11,
2026-08-14,13:00,live,135,10,
2026-08-14,12:45,live,158,13,
2026-08-14,12:30,live,240,15,
2026-08-14,12:15,live,241,15,
2026-08-14,12:00,live,194,14,
2026-08-14,11:45,live,199,15,
2026-08-14,11:30,live,221,14,
2026-08-14,11:15,live,268,17,
2026-08-14,11:00,live,255,14,
2026-08-14,10:45,live,331,15,
2026-08-14,10:30,live,292,14,
2026-08-14,10:15,live,375,14,
2026-08-14,10:00,live,377,15,
2026-08-14,09:45,live,407,15,
2026-08-14,09:30,live,455,13,
2026-08-14,09:15,live,440,16,
2026-08-14,09:00,live,449,17,
2026-08-14,08:45,live,271,21,
2026-08-14,08:30,live,329,20,
2026-08-14,08:15,live,382,18,
2026-08-14,08:00,live,388,17,
2026-08-14,07:45,live,315,16,
2026-08-14,07:30,live,411,15,
2026-08-14,07:15,live,523,15,
2026-08-14,07:00,live,521,14,
2026-08-14,06:45,live,425,15,
2026-08-14,06:30,live,523,14,
2026-08-14,06:15,live,554,16,
2026-08-14,06:00,live,523,16,
2026-08-14,23:00,masked,35,0,
2026-08-14,22:45,masked,34,0,
2026-08-14,22:30,masked,59,0,
2026-08-14,22:15,masked,34,1,
2026-08-14,22:00,masked,34,1,
2026-08-14,21:45,masked,34,2,
2026-08-14,21:30,masked,35,2,
2026-08-14,21:15,masked,61,2,
2026-08-14,21:00,masked,35,1,
2026-08-14,20:45,masked,34,0,
2026-08-14,20:30,masked,35,0,
2026-08-14,20:15,masked,102,1,
2026-08-14,20:00,masked,76,1,
2026-08-14,19:45,masked,76,2,
2026-08-14,19:30,masked,81,6,
2026-08-14,19:15,masked,81,6,
2026-08-14,19:00,masked,108,6,
2026-08-14,18:45,masked,81,6,
2026-08-14,18:30,masked,88,9,
2026-08-14,18:15,masked,51,9,
2026-08-14,18:00,masked,116,7,
2026-08-14,17:45,masked,87,6,
2026-08-14,17:30,masked,84,4,
2026-08-14,17:15,masked,84,4,
2026-08-14,17:00,masked,109,5,
2026-08-14,16:45,masked,147,5,
2026-08-14,16:30,masked,85,4,
2026-08-14,16:15,masked,84,3,
2026-08-14,16:00,masked,84,3,
2026-08-14,15:45,masked,108,2,
2026-08-14,15:30,masked,86,3,
2026-08-14,15:15,masked,85,3,
2026-08-14,15:00,masked,87,4,
2026-08-14,14:45,masked,124,4,
2026-08-14,14:30,masked,96,6,
2026-08-14,14:15,masked,111,7,
2026-08-14,14:00,masked,110,8,
2026-08-14,13:45,masked,90,8,
2026-08-14,13:30,masked,123,8,
2026-08-14,13:15,masked,85,12,
2026-08-14,13:00,masked,107,10,
2026-08-14,12:45,masked,158,13,
2026-08-14,12:30,masked,264,15,
2026-08-14,12:15,masked,241,15,
2026-08-14,12:00,masked,118,15,
2026-08-14,11:45,masked,198,16,
2026-08-14,11:30,masked,221,15,
2026-08-14,11:15,masked,296,17,
2026-08-14,11:00,masked,254,14,
2026-08-14,10:45,masked,301,15,
2026-08-14,10:30,masked,293,14,
2026-08-14,10:15,masked,397,13,
2026-08-14,10:00,masked,324,14,
2026-08-14,09:45,masked,382,14,
2026-08-14,09:30,masked,444,12,
2026-08-14,09:15,masked,440,15,
2026-08-14,09:00,masked,475,16,
2026-08-14,08:45,masked,271,20,
2026-08-14,08:30,masked,301,19,
2026-08-14,08:15,masked,380,17,
2026-08-14,08:00,masked,406,16,
2026-08-14,07:45,masked,314,15,
2026-08-14,07:30,masked,388,14,
2026-08-14,07:15,masked,523,14,
2026-08-14,07:00,masked,522,13,
2026-08-14,06:45,masked,453,14,
2026-08-14,06:30,masked,521,13,
2026-08-14,06:15,masked,531,15,
2026-08-14,06:00,masked,525,15,
2026-08-15,23:00,live,75,0,
2026-08-15,22:45,live,44,0,
2026-08-15,22:30,live,44,0,
2026-08-15,22:15,live,44,0,
2026-08-15,22:00,live,72,0,
2026-08-15,21:45,live,44,0,
2026-08-15,21:30,live,44,0,
2026-08-15,21:15,live,69,0,
2026-08-15,21:00,live,44,1,
2026-08-15,20:45,live,44,0,
2026-08-15,20:30,live,45,0,
2026-08-15,20:15,live,72,0,
2026-08-15,20:00,live,45,1,
2026-08-15,19:45,live,50,2,
2026-08-15,19:30,live,75,2,
2026-08-15,19:15,live,49,2,
2026-08-15,19:00,live,51,2,
2026-08-15,18:45,live,48,3,
2026-08-15,18:30,live,81,3,
2026-08-15,18:15,live,74,6,
2026-08-15,18:00,live,76,5,
2026-08-15,17:45,live,107,5,
2026-08-15,17:30,live,64,3,
2026-08-15,17:15,live,162,3,
2026-08-15,17:00,live,160,4,
2026-08-15,16:45,live,187,4,
2026-08-15,16:30,live,62,3,
2026-08-15,16:15,live,197,3,
2026-08-15,16:00,live,484,3,
2026-08-15,15:45,live,493,2,
2026-08-15,15:30,live,270,2,
2026-08-15,15:15,live,259,5,
2026-08-15,15:00,live,396,4,
2026-08-15,14:45,live,409,6,
2026-08-15,14:30,live,436,6,
2026-08-15,14:15,live,435,7,
2026-08-15,14:00,live,406,4,
2026-08-15,13:45,live,432,6,
2026-08-15,13:30,live,433,5,
2026-08-15,13:15,live,463,6,
2026-08-15,13:00,live,425,5,
2026-08-15,12:45,live,430,6,
2026-08-15,12:30,live,455,6,
2026-08-15,12:15,live,430,7,
2026-08-15,12:00,live,429,7,
2026-08-15,11:45,live,509,8,
2026-08-15,11:30,live,441,8,
2026-08-15,11:15,live,485,10,
2026-08-15,11:00,live,184,12,
2026-08-15,10:45,live,130,12,
2026-08-15,10:30,live,379,11,
2026-08-15,10:15,live,372,10,
2026-08-15,10:00,live,110,12,
2026-08-15,09:45,live,328,13,
2026-08-15,09:30,live,383,13,
2026-08-15,09:15,live,500,14,
2026-08-15,09:00,live,524,13,
2026-08-15,08:45,live,188,14,
2026-08-15,08:30,live,326,12,
2026-08-15,08:15,live,258,14,
2026-08-15,08:00,live,709,11,
2026-08-15,07:45,live,495,12,
2026-08-15,07:30,live,720,10,
2026-08-15,07:15,live,480,12,
2026-08-15,07:00,live,672,12,
2026-08-15,06:45,live,827,11,
2026-08-15,06:30,live,787,12,
2026-08-15,06:15,live,905,11,
2026-08-15,06:00,live,887,10,
2026-08-15,23:00,masked,45,0,
2026-08-15,22:45,masked,44,0,
2026-08-15,22:30,masked,69,0,
2026-08-15,22:15,masked,45,0,
2026-08-15,22:00,masked,44,0,
2026-08-15,21:45,masked,69,0,
2026-08-15,21:30,masked,44,0,
2026-08-15,21:15,masked,44,0,
2026-08-15,21:00,masked,44,1,
2026-08-15,20:45,masked,72,0,
2026-08-15,20:30,masked,44,0,
2026-08-15,20:15,masked,44,0,
2026-08-15,20:00,masked,70,1,
2026-08-15,19:45,masked,49,2,
2026-08-15,19:30,masked,49,2,
2026-08-15,19:15,masked,49,2,
2026-08-15,19:00,masked,78,2,
2026-08-15,18:45,masked,49,3,
2026-08-15,18:30,masked,53,3,
2026-08-15,18:15,masked,99,6,
2026-08-15,18:00,masked,75,6,
2026-08-15,17:45,masked,80,6,
2026-08-15,17:30,masked,63,3,
2026-08-15,17:15,masked,187,3,
2026-08-15,17:00,masked,259,5,
2026-08-15,16:45,masked,257,6,
2026-08-15,16:30,masked,185,5,
2026-08-15,16:15,masked,324,5,
2026-08-15,16:00,masked,586,5,
2026-08-15,15:45,masked,686,4,
2026-08-15,15:30,masked,504,4,
2026-08-15,15:15,masked,231,5,
2026-08-15,15:00,masked,115,3,
2026-08-15,14:45,masked,150,5,
2026-08-15,14:30,masked,153,6,
2026-08-15,14:15,masked,116,7,
2026-08-15,14:00,masked,334,4,
2026-08-15,13:45,masked,385,6,
2026-08-15,13:30,masked,344,5,
2026-08-15,13:15,masked,205,5,
2026-08-15,13:00,masked,195,5,
2026-08-15,12:45,masked,171,6,
2026-08-15,12:30,masked,171,6,
2026-08-15,12:15,masked,171,7,
2026-08-15,12:00,masked,201,7,
2026-08-15,11:45,masked,167,8,
2026-08-15,11:30,masked,164,8,
2026-08-15,11:15,masked,230,9,
2026-08-15,11:00,masked,209,11,
2026-08-15,10:45,masked,101,11,
2026-08-15,10:30,masked,374,10,
2026-08-15,10:15,masked,391,9,
2026-08-15,10:00,masked,109,11,
2026-08-15,09:45,masked,301,12,
2026-08-15,09:30,masked,335,12,
2026-08-15,09:15,masked,283,11,
2026-08-15,09:00,masked,253,10,
2026-08-15,08:45,masked,204,11,
2026-08-15,08:30,masked,271,9,
2026-08-15,08:15,masked,281,11,
2026-08-15,08:00,masked,369,8,
2026-08-15,07:45,masked,370,9,
2026-08-15,07:30,masked,379,7,
2026-08-15,07:15,masked,354,9,
2026-08-15,07:00,masked,352,9,
2026-08-15,06:45,masked,352,8,
2026-08-15,06:30,masked,522,9,
2026-08-15,06:15,masked,352,7,
2026-08-15,06:00,masked,336,6,
2026-08-16,23:00,live,72,1,
2026-08-16,22:45,live,42,1,
2026-08-16,22:30,live,42,1,
2026-08-16,22:15,live,42,1,
2026-08-16,22:00,live,73,1,
2026-08-16,21:45,live,42,1,
2026-08-16,21:30,live,47,1,
2026-08-16,21:15,live,44,0,
2026-08-16,21:00,live,70,0,
2026-08-16,20:45,live,43,0,
2026-08-16,20:30,live,42,0,
2026-08-16,20:15,live,73,3,
2026-08-16,20:00,live,47,2,
2026-08-16,19:45,live,47,3,
2026-08-16,19:30,live,43,2,
2026-08-16,19:15,live,71,2,
2026-08-16,19:00,live,43,3,
2026-08-16,18:45,live,43,1,
2026-08-16,18:30,live,68,1,
2026-08-16,18:15,live,47,2,
2026-08-16,18:00,live,47,1,
2026-08-16,17:45,live,47,2,
2026-08-16,17:30,live,75,1,
2026-08-16,17:15,live,47,1,
2026-08-16,17:00,live,47,1,
2026-08-16,16:45,live,73,1,
2026-08-16,16:30,live,51,3,
2026-08-16,16:15,live,52,3,
2026-08-16,16:00,live,51,3,
2026-08-16,15:45,live,78,3,
2026-08-16,15:30,live,47,2,
2026-08-16,15:15,live,48,1,
2026-08-16,15:00,live,48,1,
2026-08-16,14:45,live,75,1,
2026-08-16,14:30,live,48,1,
2026-08-16,14:15,live,51,2,
2026-08-16,14:00,live,75,2,
2026-08-16,13:45,live,52,4,
2026-08-16,13:30,live,52,4,
2026-08-16,13:15,live,50,3,
2026-08-16,13:00,live,77,3,
2026-08-16,12:45,live,50,3,
2026-08-16,12:30,live,98,4,
2026-08-16,12:15,live,98,6,
2026-08-16,12:00,live,127,6,
2026-08-16,11:45,live,163,7,
2026-08-16,11:30,live,278,9,
2026-08-16,11:15,live,274,10,
2026-08-16,11:00,live,254,10,
2026-08-16,10:45,live,377,10,
2026-08-16,10:30,live,324,9,
2026-08-16,10:15,live,432,10,
2026-08-16,10:00,live,401,9,
2026-08-16,09:45,live,594,9,
2026-08-16,09:30,live,610,8,
2026-08-16,09:15,live,525,9,
2026-08-16,09:00,live,525,9,
2026-08-16,08:45,live,225,14,
2026-08-16,08:30,live,235,15,
2026-08-16,08:15,live,208,15,
2026-08-16,08:00,live,61,13,
2026-08-16,07:45,live,239,10,
2026-08-16,07:30,live,263,12,
2026-08-16,07:15,live,275,11,
2026-08-16,07:00,live,275,11,
2026-08-16,06:45,live,274,11,
2026-08-16,06:30,live,302,11,
2026-08-16,06:15,live,276,11,
2026-08-16,06:00,live,263,12,
2026-08-16,23:00,masked,68,1,
2026-08-16,22:45,masked,42,1,
2026-08-16,22:30,masked,42,1,
2026-08-16,22:15,masked,42,1,
2026-08-16,22:00,masked,70,1,
2026-08-16,21:45,masked,42,1,
2026-08-16,21:30,masked,47,1,
2026-08-16,21:15,masked,68,0,
2026-08-16,21:00,masked,42,0,
2026-08-16,20:45,masked,42,0,
2026-08-16,20:30,masked,42,0,
2026-08-16,20:15,masked,75,3,
2026-08-16,20:00,masked,47,2,
2026-08-16,19:45,masked,48,3,
2026-08-16,19:30,masked,71,2,
2026-08-16,19:15,masked,43,2,
2026-08-16,19:00,masked,43,3,
2026-08-16,18:45,masked,43,1,
2026-08-16,18:30,masked,71,1,
2026-08-16,18:15,masked,47,3,
2026-08-16,18:00,masked,47,1,
2026-08-16,17:45,masked,46,2,
2026-08-16,17:30,masked,74,1,
2026-08-16,17:15,masked,47,1,
2026-08-16,17:00,masked,47,1,
2026-08-16,16:45,masked,73,1,
2026-08-16,16:30,masked,51,3,
2026-08-16,16:15,masked,51,3,
2026-08-16,16:00,masked,52,3,
2026-08-16,15:45,masked,79,3,
2026-08-16,15:30,masked,47,2,
2026-08-16,15:15,masked,47,1,
2026-08-16,15:00,masked,73,1,
2026-08-16,14:45,masked,47,1,
2026-08-16,14:30,masked,48,1,
2026-08-16,14:15,masked,52,2,
2026-08-16,14:00,masked,77,2,
2026-08-16,13:45,masked,51,4,
2026-08-16,13:30,masked,52,4,
2026-08-16,13:15,masked,50,3,
2026-08-16,13:00,masked,77,3,
2026-08-16,12:45,masked,50,3,
2026-08-16,12:30,masked,99,4,
2026-08-16,12:15,masked,193,6,
2026-08-16,12:00,masked,102,5,
2026-08-16,11:45,masked,198,7,
2026-08-16,11:30,masked,188,9,
2026-08-16,11:15,masked,184,10,
2026-08-16,11:00,masked,157,10,
2026-08-16,10:45,masked,249,11,
2026-08-16,10:30,masked,247,10,
2026-08-16,10:15,masked,336,11,
2026-08-16,10:00,masked,293,10,
2026-08-16,09:45,masked,844,10,
2026-08-16,09:30,masked,825,9,
2026-08-16,09:15,masked,517,10,
2026-08-16,09:00,masked,508,10,
2026-08-16,08:45,masked,225,15,
2026-08-16,08:30,masked,245,16,
2026-08-16,08:15,masked,207,16,
2026-08-16,08:00,masked,61,14,
2026-08-16,07:45,masked,235,11,
2026-08-16,07:30,masked,257,13,
2026-08-16,07:15,masked,273,12,
2026-08-16,07:00,masked,273,12,
2026-08-16,06:45,masked,298,12,
2026-08-16,06:30,masked,272,12,
2026-08-16,06:15,masked,273,11,
2026-08-16,06:00,masked,264,12,
2026-08-17,23:00,live,65,0,
2026-08-17,22:45,live,35,0,
2026-08-17,22:30,live,34,0,
2026-08-17,22:15,live,34,0,
2026-08-17,22:00,live,60,0,
2026-08-17,21:45,live,34,0,
2026-08-17,21:30,live,35,0,
2026-08-17,21:15,live,34,0,
2026-08-17,21:00,live,34,0,
2026-08-17,20:45,live,63,0,
2026-08-17,20:30,live,34,0,
2026-08-17,20:15,live,35,1,
2026-08-17,20:00,live,35,1,
2026-08-17,19:45,live,39,1,
2026-08-17,19:30,live,66,1,
2026-08-17,19:15,live,39,1,
2026-08-17,19:00,live,39,1,
2026-08-17,18:45,live,39,1,
2026-08-17,18:30,live,64,2,
2026-08-17,18:15,live,43,4,
2026-08-17,18:00,live,41,3,
2026-08-17,17:45,live,43,3,
2026-08-17,17:30,live,38,3,
2026-08-17,17:15,live,65,3,
2026-08-17,17:00,live,39,3,
2026-08-17,16:45,live,36,1,
2026-08-17,16:30,live,36,1,
2026-08-17,16:15,live,36,2,
2026-08-17,16:00,live,63,2,
2026-08-17,15:45,live,36,2,
2026-08-17,15:30,live,36,2,
2026-08-17,15:15,live,40,3,
2026-08-17,15:00,live,69,4,
2026-08-17,14:45,live,44,4,
2026-08-17,14:30,live,42,3,
2026-08-17,14:15,live,47,5,
2026-08-17,14:00,live,50,8,
2026-08-17,13:45,live,82,9,
2026-08-17,13:30,live,53,8,
2026-08-17,13:15,live,52,8,
2026-08-17,13:00,live,60,8,
2026-08-17,12:45,live,77,8,
2026-08-17,12:30,live,104,9,
2026-08-17,12:15,live,77,7,
2026-08-17,12:00,live,76,7,
2026-08-17,11:45,live,139,9,
2026-08-17,11:30,live,155,9,
2026-08-17,11:15,live,113,9,
2026-08-17,11:00,live,59,7,
2026-08-17,10:45,live,59,8,
2026-08-17,10:30,live,151,9,
2026-08-17,10:15,live,110,9,
2026-08-17,10:00,live,54,8,
2026-08-17,09:45,live,135,8,
2026-08-17,09:30,live,193,9,
2026-08-17,09:15,live,152,10,
2026-08-17,09:00,live,179,9,
2026-08-17,08:45,live,157,6,
2026-08-17,08:30,live,147,7,
2026-08-17,08:15,live,191,9,
2026-08-17,08:00,live,300,10,
2026-08-17,07:45,live,265,11,
2026-08-17,07:30,live,355,9,
2026-08-17,07:15,live,227,8,
2026-08-17,07:00,live,227,8,
2026-08-17,06:45,live,261,9,
2026-08-17,06:30,live,270,9,
2026-08-17,06:15,live,236,9,
2026-08-17,06:00,live,231,10,
2026-08-17,23:00,masked,60,0,
2026-08-17,22:45,masked,34,0,
2026-08-17,22:30,masked,37,0,
2026-08-17,22:15,masked,35,0,
2026-08-17,22:00,masked,34,0,
2026-08-17,21:45,masked,63,0,
2026-08-17,21:30,masked,34,0,
2026-08-17,21:15,masked,35,0,
2026-08-17,21:00,masked,35,0,
2026-08-17,20:45,masked,35,0,
2026-08-17,20:30,masked,62,0,
2026-08-17,20:15,masked,34,1,
2026-08-17,20:00,masked,35,1,
2026-08-17,19:45,masked,39,1,
2026-08-17,19:30,masked,60,0,
2026-08-17,19:15,masked,35,0,
2026-08-17,19:00,masked,35,0,
2026-08-17,18:45,masked,35,0,
2026-08-17,18:30,masked,35,1,
2026-08-17,18:15,masked,62,3,
2026-08-17,18:00,masked,36,2,
2026-08-17,17:45,masked,37,2,
2026-08-17,17:30,masked,38,3,
2026-08-17,17:15,masked,38,3,
2026-08-17,17:00,masked,66,3,
2026-08-17,16:45,masked,36,1,
2026-08-17,16:30,masked,36,1,
2026-08-17,16:15,masked,36,2,
2026-08-17,16:00,masked,61,2,
2026-08-17,15:45,masked,40,3,
2026-08-17,15:30,masked,38,3,
2026-08-17,15:15,masked,41,4,
2026-08-17,15:00,masked,45,5,
2026-08-17,14:45,masked,75,5,
2026-08-17,14:30,masked,44,4,
2026-08-17,14:15,masked,50,6,
2026-08-17,14:00,masked,53,9,
2026-08-17,13:45,masked,52,9,
2026-08-17,13:30,masked,82,7,
2026-08-17,13:15,masked,54,7,
2026-08-17,13:00,masked,60,7,
2026-08-17,12:45,masked,75,7,
2026-08-17,12:30,masked,98,8,
2026-08-17,12:15,masked,73,6,
2026-08-17,12:00,masked,73,6,
2026-08-17,11:45,masked,134,8,
2026-08-17,11:30,masked,132,8,
2026-08-17,11:15,masked,140,8,
2026-08-17,11:00,masked,73,7,
2026-08-17,10:45,masked,73,8,
2026-08-17,10:30,masked,164,9,
2026-08-17,10:15,masked,99,9,
2026-08-17,10:00,masked,83,8,
2026-08-17,09:45,masked,133,9,
2026-08-17,09:30,masked,194,10,
2026-08-17,09:15,masked,152,11,
2026-08-17,09:00,masked,178,10,
2026-08-17,08:45,masked,157,7,
2026-08-17,08:30,masked,147,7,
2026-08-17,08:15,masked,191,9,
2026-08-17,08:00,masked,269,10,
2026-08-17,07:45,masked,252,12,
2026-08-17,07:30,masked,309,10,
2026-08-17,07:15,masked,227,9,
2026-08-17,07:00,masked,228,9,
2026-08-17,06:45,masked,232,10,
2026-08-17,06:30,masked,257,10,
2026-08-17,06:15,masked,234,10,
2026-08-17,06:00,masked,185,11,
2026-08-18,23:00,live,32,0,
2026-08-18,22:45,live,28,0,
2026-08-18,22:30,live,54,0,
2026-08-18,22:15,live,29,0,
2026-08-18,22:00,live,29,1,
2026-08-18,21:45,live,32,1,
2026-08-18,21:30,live,32,1,
2026-08-18,21:15,live,32,1,
2026-08-18,21:00,live,54,0,
2026-08-18,20:45,live,28,0,
2026-08-18,20:30,live,29,1,
2026-08-18,20:15,live,29,1,
2026-08-18,20:00,live,28,1,
2026-08-18,19:45,live,29,2,
2026-08-18,19:30,live,54,2,
2026-08-18,19:15,live,29,1,
2026-08-18,19:00,live,29,0,
2026-08-18,18:45,live,29,0,
2026-08-18,18:30,live,29,1,
2026-08-18,18:15,live,29,2,
2026-08-18,18:00,live,54,2,
2026-08-18,17:45,live,29,2,
2026-08-18,17:30,live,30,2,
2026-08-18,17:15,live,29,1,
2026-08-18,17:00,live,31,1,
2026-08-18,16:45,live,30,1,
2026-08-18,16:30,live,54,0,
2026-08-18,16:15,live,30,1,
2026-08-18,16:00,live,30,1,
2026-08-18,15:45,live,30,1,
2026-08-18,15:30,live,29,2,
2026-08-18,15:15,live,29,2,
2026-08-18,15:00,live,55,1,
2026-08-18,14:45,live,30,1,
2026-08-18,14:30,live,29,0,
2026-08-18,14:15,live,29,1,
2026-08-18,14:00,live,30,1,
2026-08-18,13:45,live,33,1,
2026-08-18,13:30,live,58,1,
2026-08-18,13:15,live,34,3,
2026-08-18,13:00,live,53,3,
2026-08-18,12:45,live,37,4,
2026-08-18,12:30,live,36,4,
2026-08-18,12:15,live,54,4,
2026-08-18,12:00,live,93,3,
2026-08-18,11:45,live,68,4,
2026-08-18,11:30,live,94,5,
2026-08-18,11:15,live,84,6,
2026-08-18,11:00,live,83,8,
2026-08-18,10:45,live,89,9,
2026-08-18,10:30,live,68,6,
2026-08-18,10:15,live,41,6,
2026-08-18,10:00,live,35,4,
2026-08-18,09:45,live,53,5,
2026-08-18,09:30,live,74,6,
2026-08-18,09:15,live,74,6,
2026-08-18,09:00,live,63,4,
2026-08-18,08:45,live,35,4,
2026-08-18,08:30,live,48,4,
2026-08-18,08:15,live,44,5,
2026-08-18,08:00,live,39,5,
2026-08-18,07:45,live,39,4,
2026-08-18,07:30,live,38,3,
2026-08-18,07:15,live,64,3,
2026-08-18,07:00,live,35,2,
2026-08-18,06:45,live,35,2,
2026-08-18,06:30,live,35,2,
2026-08-18,06:15,live,35,2,
2026-08-18,06:00,live,35,2,
2026-08-18,23:00,masked,55,0,
2026-08-18,22:45,masked,29,0,
2026-08-18,22:30,masked,28,0,
2026-08-18,22:15,masked,29,0,
2026-08-18,22:00,masked,29,1,
2026-08-18,21:45,masked,32,1,
2026-08-18,21:30,masked,59,1,
2026-08-18,21:15,masked,32,1,
2026-08-18,21:00,masked,28,0,
2026-08-18,20:45,masked,28,0,
2026-08-18,20:30,masked,29,1,
2026-08-18,20:15,masked,28,1,
2026-08-18,20:00,masked,57,1,
2026-08-18,19:45,masked,29,2,
2026-08-18,19:30,masked,28,2,
2026-08-18,19:15,masked,28,1,
2026-08-18,19:00,masked,29,0,
2026-08-18,18:45,masked,29,0,
2026-08-18,18:30,masked,54,1,
2026-08-18,18:15,masked,29,2,
2026-08-18,18:00,masked,29,2,
2026-08-18,17:45,masked,29,2,
2026-08-18,17:30,masked,29,2,
2026-08-18,17:15,masked,29,1,
2026-08-18,17:00,masked,56,1,
2026-08-18,16:45,masked,30,1,
2026-08-18,16:30,masked,29,0,
2026-08-18,16:15,masked,29,1,
2026-08-18,16:00,masked,34,1,
2026-08-18,15:45,masked,34,1,
2026-08-18,15:30,masked,61,2,
2026-08-18,15:15,masked,34,3,
2026-08-18,15:00,masked,35,2,
2026-08-18,14:45,masked,36,2,
2026-08-18,14:30,masked,35,1,
2026-08-18,14:15,masked,33,1,
2026-08-18,14:00,masked,60,1,
2026-08-18,13:45,masked,33,1,
2026-08-18,13:30,masked,33,1,
2026-08-18,13:15,masked,33,3,
2026-08-18,13:00,masked,53,3,
2026-08-18,12:45,masked,37,4,
2026-08-18,12:30,masked,61,4,
2026-08-18,12:15,masked,55,4,
2026-08-18,12:00,masked,64,3,
2026-08-18,11:45,masked,66,4,
2026-08-18,11:30,masked,90,5,
2026-08-18,11:15,masked,88,6,
2026-08-18,11:00,masked,90,7,
2026-08-18,10:45,masked,66,8,
2026-08-18,10:30,masked,41,5,
2026-08-18,10:15,masked,40,5,
2026-08-18,10:00,masked,57,4,
2026-08-18,09:45,masked,83,5,
2026-08-18,09:30,masked,125,6,
2026-08-18,09:15,masked,100,6,
2026-08-18,09:00,masked,67,4,
2026-08-18,08:45,masked,67,4,
2026-08-18,08:30,masked,75,4,
2026-08-18,08:15,masked,75,5,
2026-08-18,08:00,masked,95,5,
2026-08-18,07:45,masked,70,5,
2026-08-18,07:30,masked,38,3,
2026-08-18,07:15,masked,38,3,
2026-08-18,07:00,masked,35,2,
2026-08-18,06:45,masked,36,2,
2026-08-18,06:30,masked,35,2,
2026-08-18,06:15,masked,62,2,
2026-08-18,06:00,masked,35,2,
2026-08-19,23:00,live,28,1,
2026-08-19,22:45,live,25,1,
2026-08-19,22:30,live,25,0,
2026-08-19,22:15,live,25,0,
2026-08-19,22:00,live,51,0,
2026-08-19,21:45,live,25,0,
2026-08-19,21:30,live,24,0,
2026-08-19,21:15,live,55,1,
2026-08-19,21:00,live,55,1,
2026-08-19,20:45,live,25,0,
2026-08-19,20:30,live,25,0,
2026-08-19,20:15,live,50,0,
2026-08-19,20:00,live,25,0,
2026-08-19,19:45,live,26,0,
2026-08-19,19:30,live,25,0,
2026-08-19,19:15,live,25,0,
2026-08-19,19:00,live,25,2,
2026-08-19,18:45,live,25,2,
2026-08-19,18:30,live,52,2,
2026-08-19,18:15,live,25,2,
2026-08-19,18:00,live,25,2,
2026-08-19,17:45,live,26,2,
2026-08-19,17:30,live,26,0,
2026-08-19,17:15,live,26,0,
2026-08-19,17:00,live,25,0,
2026-08-19,16:45,live,52,0,
2026-08-19,16:30,live,25,1,
2026-08-19,16:15,live,25,1,
2026-08-19,16:00,live,26,1,
2026-08-19,15:45,live,25,1,
2026-08-19,15:30,live,26,0,
2026-08-19,15:15,live,25,0,
2026-08-19,15:00,live,50,0,
2026-08-19,14:45,live,26,0,
2026-08-19,14:30,live,26,1,
2026-08-19,14:15,live,25,1,
2026-08-19,14:00,live,26,0,
2026-08-19,13:45,live,25,0,
2026-08-19,13:30,live,26,0,
2026-08-19,13:15,live,50,0,
2026-08-19,13:00,live,25,0,
2026-08-19,12:45,live,26,1,
2026-08-19,12:30,live,26,1,
2026-08-19,12:15,live,26,1,
2026-08-19,12:00,live,27,0,
2026-08-19,11:45,live,27,0,
2026-08-19,11:30,live,65,2,
2026-08-19,11:15,live,37,2,
2026-08-19,11:00,live,38,4,
2026-08-19,10:45,live,38,4,
2026-08-19,10:30,live,37,4,
2026-08-19,10:15,live,47,5,
2026-08-19,10:00,live,28,1,
2026-08-19,09:45,live,91,3,
2026-08-19,09:30,live,82,4,
2026-08-19,09:15,live,63,5,
2026-08-19,09:00,live,36,3,
2026-08-19,08:45,live,56,5,
2026-08-19,08:30,live,55,5,
2026-08-19,08:15,live,57,5,
2026-08-19,08:00,live,51,4,
2026-08-19,07:45,live,68,2,
2026-08-19,07:30,live,28,1,
2026-08-19,07:15,live,27,1,
2026-08-19,07:00,live,27,1,
2026-08-19,06:45,live,27,1,
2026-08-19,06:30,live,27,0,
2026-08-19,06:15,live,28,0,
2026-08-19,06:00,live,27,0,
2026-08-19,23:00,masked,25,1,
2026-08-19,22:45,masked,25,1,
2026-08-19,22:30,masked,26,0,
2026-08-19,22:15,masked,25,0,
2026-08-19,22:00,masked,25,0,
2026-08-19,21:45,masked,25,0,
2026-08-19,21:30,masked,50,0,
2026-08-19,21:15,masked,55,1,
2026-08-19,21:00,masked,55,1,
2026-08-19,20:45,masked,25,0,
2026-08-19,20:30,masked,25,0,
2026-08-19,20:15,masked,25,0,
2026-08-19,20:00,masked,26,0,
2026-08-19,19:45,masked,50,0,
2026-08-19,19:30,masked,25,0,
2026-08-19,19:15,masked,25,0,
2026-08-19,19:00,masked,26,2,
2026-08-19,18:45,masked,25,2,
2026-08-19,18:30,masked,25,2,
2026-08-19,18:15,masked,25,2,
2026-08-19,18:00,masked,50,2,
2026-08-19,17:45,masked,25,2,
2026-08-19,17:30,masked,25,0,
2026-08-19,17:15,masked,25,0,
2026-08-19,17:00,masked,25,0,
2026-08-19,16:45,masked,25,0,
2026-08-19,16:30,masked,25,1,
2026-08-19,16:15,masked,52,1,
2026-08-19,16:00,masked,26,1,
2026-08-19,15:45,masked,25,1,
2026-08-19,15:30,masked,26,0,
2026-08-19,15:15,masked,25,0,
2026-08-19,15:00,masked,25,0,
2026-08-19,14:45,masked,25,0,
2026-08-19,14:30,masked,50,1,
2026-08-19,14:15,masked,25,1,
2026-08-19,14:00,masked,26,0,
2026-08-19,13:45,masked,25,0,
2026-08-19,13:30,masked,25,0,
2026-08-19,13:15,masked,25,0,
2026-08-19,13:00,masked,25,0,
2026-08-19,12:45,masked,52,1,
2026-08-19,12:30,masked,26,1,
2026-08-19,12:15,masked,27,1,
2026-08-19,12:00,masked,26,0,
2026-08-19,11:45,masked,26,0,
2026-08-19,11:30,masked,37,2,
2026-08-19,11:15,masked,40,2,
2026-08-19,11:00,masked,65,3,
2026-08-19,10:45,masked,37,3,
2026-08-19,10:30,masked,37,3,
2026-08-19,10:15,masked,46,4,
2026-08-19,10:00,masked,27,0,
2026-08-19,09:45,masked,62,2,
2026-08-19,09:30,masked,76,3,
2026-08-19,09:15,masked,78,4,
2026-08-19,09:00,masked,27,1,
2026-08-19,08:45,masked,47,3,
2026-08-19,08:30,masked,46,3,
2026-08-19,08:15,masked,47,3,
2026-08-19,08:00,masked,42,2,
2026-08-19,07:45,masked,42,1,
2026-08-19,07:30,masked,27,0,
2026-08-19,07:15,masked,52,1,
2026-08-19,07:00,masked,27,1,
2026-08-19,06:45,masked,27,1,
2026-08-19,06:30,masked,28,0,
2026-08-19,06:15,masked,28,0,
2026-08-19,06:00,masked,27,0,
2026-08-20,23:00,live,31,0,
2026-08-20,22:45,live,54,0,
2026-08-20,22:30,live,28,0,
2026-08-20,22:15,live,28,0,
2026-08-20,22:00,live,27,0,
2026-08-20,21:45,live,27,0,
2026-08-20,21:30,live,28,0,
2026-08-20,21:15,live,52,0,
2026-08-20,21:00,live,28,0,
2026-08-20,20:45,live,27,0,
2026-08-20,20:30,live,28,0,
2026-08-20,20:15,live,28,0,
2026-08-20,20:00,live,28,0,
2026-08-20,19:45,live,53,0,
2026-08-20,19:30,live,28,0,
2026-08-20,19:15,live,28,0,
2026-08-20,19:00,live,29,0,
2026-08-20,18:45,live,28,0,
2026-08-20,18:30,live,28,0,
2026-08-20,18:15,live,53,0,
2026-08-20,18:00,live,32,1,
2026-08-20,17:45,live,33,1,
2026-08-20,17:30,live,28,0,
2026-08-20,17:15,live,28,0,
2026-08-20,17:00,live,28,0,
2026-08-20,16:45,live,28,0,
2026-08-20,16:30,live,54,1,
2026-08-20,16:15,live,34,2,
2026-08-20,16:00,live,33,3,
2026-08-20,15:45,live,33,2,
2026-08-20,15:30,live,32,1,
2026-08-20,15:15,live,34,1,
2026-08-20,15:00,live,58,1,
2026-08-20,14:45,live,34,1,
2026-08-20,14:30,live,40,1,
2026-08-20,14:15,live,39,2,
2026-08-20,14:00,live,38,1,
2026-08-20,13:45,live,56,3,
2026-08-20,13:30,live,67,2,
2026-08-20,13:15,live,42,2,
2026-08-20,13:00,live,41,2,
2026-08-20,12:45,live,41,2,
2026-08-20,12:30,live,41,2,
2026-08-20,12:15,live,42,2,
2026-08-20,12:00,live,41,2,
2026-08-20,11:45,live,71,3,
2026-08-20,11:30,live,43,2,
2026-08-20,11:15,live,42,2,
2026-08-20,11:00,live,45,3,
2026-08-20,10:45,live,67,5,
2026-08-20,10:30,live,66,6,
2026-08-20,10:15,live,362,4,
2026-08-20,10:00,live,343,4,
2026-08-20,09:45,live,45,2,
2026-08-20,09:30,live,194,3,
2026-08-20,09:15,live,46,3,
2026-08-20,09:00,live,45,2,
2026-08-20,08:45,live,67,4,
2026-08-20,08:30,live,273,5,
2026-08-20,08:15,live,230,4,
2026-08-20,08:00,live,230,4,
2026-08-20,07:45,live,393,5,
2026-08-20,07:30,live,543,5,
2026-08-20,07:15,live,219,4,
2026-08-20,07:00,live,242,5,
2026-08-20,06:45,live,216,5,
2026-08-20,06:30,live,221,5,
2026-08-20,06:15,live,221,5,
2026-08-20,06:00,live,222,5,
2026-08-20,23:00,masked,28,0,
2026-08-20,22:45,masked,54,0,
2026-08-20,22:30,masked,27,0,
2026-08-20,22:15,masked,28,0,
2026-08-20,22:00,masked,27,0,
2026-08-20,21:45,masked,28,0,
2026-08-20,21:30,masked,28,0,
2026-08-20,21:15,masked,53,0,
2026-08-20,21:00,masked,28,0,
2026-08-20,20:45,masked,28,0,
2026-08-20,20:30,masked,28,0,
2026-08-20,20:15,masked,27,0,
2026-08-20,20:00,masked,28,1,
2026-08-20,19:45,masked,53,1,
2026-08-20,19:30,masked,28,1,
2026-08-20,19:15,masked,28,1,
2026-08-20,19:00,masked,28,0,
2026-08-20,18:45,masked,28,0,
2026-08-20,18:30,masked,29,0,
2026-08-20,18:15,masked,55,0,
2026-08-20,18:00,masked,32,1,
2026-08-20,17:45,masked,31,1,
2026-08-20,17:30,masked,28,0,
2026-08-20,17:15,masked,28,0,
2026-08-20,17:00,masked,28,0,
2026-08-20,16:45,masked,28,0,
2026-08-20,16:30,masked,57,1,
2026-08-20,16:15,masked,32,2,
2026-08-20,16:00,masked,32,3,
2026-08-20,15:45,masked,32,2,
2026-08-20,15:30,masked,32,1,
2026-08-20,15:15,masked,33,1,
2026-08-20,15:00,masked,58,1,
2026-08-20,14:45,masked,33,1,
2026-08-20,14:30,masked,38,1,
2026-08-20,14:15,masked,38,2,
2026-08-20,14:00,masked,38,1,
2026-08-20,13:45,masked,51,3,
2026-08-20,13:30,masked,67,2,
2026-08-20,13:15,masked,42,2,
2026-08-20,13:00,masked,41,2,
2026-08-20,12:45,masked,41,2,
2026-08-20,12:30,masked,41,2,
2026-08-20,12:15,masked,41,2,
2026-08-20,12:00,masked,41,2,
2026-08-20,11:45,masked,72,3,
2026-08-20,11:30,masked,42,2,
2026-08-20,11:15,masked,42,2,
2026-08-20,11:00,masked,45,3,
2026-08-20,10:45,masked,66,5,
2026-08-20,10:30,masked,66,6,
2026-08-20,10:15,masked,337,3,
2026-08-20,10:00,masked,336,3,
2026-08-20,09:45,masked,41,1,
2026-08-20,09:30,masked,293,3,
2026-08-20,09:15,masked,193,3,
2026-08-20,09:00,masked,192,2,
2026-08-20,08:45,masked,210,4,
2026-08-20,08:30,masked,406,5,
2026-08-20,08:15,masked,380,4,
2026-08-20,08:00,masked,375,4,
2026-08-20,07:45,masked,509,5,
2026-08-20,07:30,masked,656,5,
2026-08-20,07:15,masked,359,4,
2026-08-20,07:00,masked,385,5,
2026-08-20,06:45,masked,361,5,
2026-08-20,06:30,masked,364,5,
2026-08-20,06:15,masked,372,5,
2026-08-20,06:00,masked,362,5,
