date,id,episode,episodes_on_id,kind,severity,basis,severity_end,basis_end,first_tick,last_tick,n_ticks,lifetime_min,impact_leg,impact_leg_first,n_legs,self_scored,has_plans,late_min,quality,scorable,late_15,impact_trip,mut_kind,mut_severity,mut_basis,mut_impact_leg,mut_n_legs,mut_impact_at
2026-07-24,flight_change:22677,1,1,flight_change,critical,flight,critical,flight,06:00,15:12,185,552,21091,21091,2,0,1,3.2,ok,1,0,arrival,0,0,0,0,0,0
2026-07-24,flight_change:26458,1,1,flight_change,critical,flight,critical,flight,06:00,09:54,79,234,29700,29700,2,0,1,4.6,ok,1,0,return,0,0,0,0,0,2
2026-07-24,flight_change:29786,1,1,flight_change,warning,flight,warning,flight,06:00,15:15,186,555,29786,29786,1,1,1,4.7,ok,1,0,arrival,0,0,0,0,0,0
2026-07-24,flight_change:25729,1,2,flight_change,critical,flight,critical,flight,06:12,07:12,21,60,30059,30059,2,0,1,-18.3,ok,1,0,arrival,0,0,0,0,0,0
2026-07-24,unassigned:28569,1,1,unassigned,warning,clock_only,warning,clock_only,07:03,07:36,12,33,28569,28569,1,1,1,745.9,ok,1,1,arrival,0,0,0,0,0,0
2026-07-24,unassigned:30059,1,1,unassigned,warning,clock_only,warning,clock_only,07:15,07:33,7,18,30059,30059,1,1,1,-18.3,ok,1,0,arrival,0,0,0,0,0,0
2026-07-24,flight_change:17263,1,1,flight_change,critical,flight,critical,flight,07:24,07:33,4,9,23670,23670,2,0,1,8.2,ok,1,0,return,0,0,0,0,0,0
2026-07-24,flight_change:25729,2,2,flight_change,critical,flight,critical,flight,07:36,08:54,27,78,25533,25533,2,0,1,15.0,ok,1,0,cruise,0,0,0,0,0,0
2026-07-24,late_cascade:22945,1,1,late_cascade,critical,clock_only,critical,clock_only,08:18,08:18,1,0,24145,24145,2,0,1,,none,0,,return,0,0,0,0,0,0
2026-07-24,late_cascade:25729,1,1,late_cascade,critical,clock_only,critical,clock_only,08:48,08:54,3,6,23670,23670,3,0,1,8.2,ok,1,0,return,0,0,0,0,0,0
2026-07-24,overlap:25729:25533,1,1,overlap,critical,recorded_pickup,critical,recorded_pickup,08:57,09:27,11,30,25533,25533,2,0,1,15.0,ok,1,0,cruise,0,0,0,0,0,0
2026-07-24,late_cascade:24145,1,1,late_cascade,critical,clock_only,critical,clock_only,09:18,09:42,9,24,28230,24145,2,0,1,4.0,ok,1,0,return,0,0,0,1,1,1
2026-07-24,overlap:22218:27871,1,1,overlap,critical,recorded_pickup,critical,recorded_pickup,09:18,09:30,5,12,27871,27871,2,0,1,-26.2,ok,1,0,arrival,0,0,0,0,0,0
2026-07-24,overlap:29625:20433,1,1,overlap,warning,recorded_pickup,warning,recorded_pickup,09:24,10:12,17,48,20433,20433,2,0,1,-2.4,ok,1,0,return,0,0,0,0,0,0
2026-07-24,late_cascade:25533,1,1,late_cascade,critical,clock_only,critical,clock_only,09:33,09:39,3,6,25533,25533,1,1,0,15.0,ok,1,0,cruise,0,0,0,0,0,0
2026-07-24,late_cascade:27763,1,1,late_cascade,critical,clock_only,critical,clock_only,09:33,09:54,8,21,27763,27763,1,1,0,44.5,ok,1,1,cruise,0,0,0,0,0,0
2026-07-24,overlap:25533:23670,1,1,overlap,warning,recorded_pickup,warning,recorded_pickup,09:54,11:57,42,123,23670,23670,2,0,1,8.2,ok,1,0,return,0,0,0,0,0,0
2026-07-24,overlap:27763:28997,1,1,overlap,warning,recorded_pickup,warning,recorded_pickup,09:57,10:42,16,45,28997,28997,2,0,1,70.4,ok,1,1,arrival,0,0,0,0,0,1
2026-07-24,overrun:25533,1,1,overrun,critical,recorded_pickup,critical,recorded_pickup,10:45,10:51,3,6,23670,23670,2,0,1,8.2,ok,1,0,return,0,0,0,0,0,0
2026-07-24,overlap:30039:29761,1,1,overlap,warning,recorded_pickup,warning,recorded_pickup,11:42,12:09,10,27,29761,29761,2,0,1,15.1,ok,1,1,arrival,0,0,0,0,0,0
2026-07-24,late_cascade:28953,1,1,late_cascade,critical,clock_only,critical,clock_only,12:12,12:39,10,27,29656,28953,2,0,1,,none,0,,return,0,0,0,1,1,1
2026-07-24,late_cascade:29656,1,2,late_cascade,critical,clock_only,critical,clock_only,13:03,13:12,4,9,29656,29656,1,1,0,,none,0,,return,0,0,0,0,0,0
2026-07-24,overrun:29675,1,1,overrun,warning,recorded_pickup,warning,recorded_pickup,13:03,13:09,3,6,29675,29675,1,1,1,17.6,ok,1,1,arrival,0,0,0,0,0,0
2026-07-24,overrun:27871,1,1,overrun,warning,recorded_pickup,critical,recorded_pickup,13:06,13:21,6,15,29054,27871,2,0,1,16.0,ok,1,1,return,0,1,0,1,1,1
2026-07-24,late_cascade:29656,2,2,late_cascade,watch,clock_only,watch,clock_only,13:48,13:51,2,3,29656,29656,1,1,0,,none,0,,return,0,0,0,0,0,0
2026-07-24,overrun:29305,1,1,overrun,warning,recorded_pickup,warning,recorded_pickup,14:27,14:30,2,3,29305,29305,1,1,1,9.4,ok,1,0,return,0,0,0,0,0,0
2026-07-24,late_cascade:29025,1,1,late_cascade,critical,clock_only,watch,clock_only,15:27,16:18,18,51,29025,29025,1,1,0,,none,0,,cruise,0,1,0,0,0,0
2026-07-24,late_cascade:7232,1,1,late_cascade,critical,clock_only,critical,clock_only,16:48,16:57,4,9,7232,7232,1,1,0,13.3,ok,1,0,return,0,0,0,0,0,0
2026-07-24,late_cascade:29779,1,1,late_cascade,critical,clock_only,critical,clock_only,18:48,18:51,2,3,29657,29657,2,0,1,49.8,ok,1,1,arrival,0,0,0,0,0,0
2026-07-24,overlap:29779:29657,1,1,overlap,critical,recorded_pickup,critical,recorded_pickup,18:54,19:45,18,51,29657,29657,2,0,1,49.8,ok,1,1,arrival,0,0,0,0,0,0
2026-07-24,late_cascade:29657,1,1,late_cascade,critical,clock_only,critical,clock_only,20:24,20:30,3,6,29657,29657,1,1,0,49.8,ok,1,1,arrival,0,0,0,0,0,0
2026-07-24,late_cascade:28768,1,1,late_cascade,critical,clock_only,critical,clock_only,22:30,22:45,6,15,28768,28768,1,1,0,55.8,ok,1,1,arrival,0,0,0,0,0,0
2026-07-24,overrun:26543,1,1,overrun,warning,recorded_pickup,warning,recorded_pickup,22:33,22:45,5,12,26543,26543,1,1,1,-24.2,ok,1,0,arrival,0,0,0,0,0,0
2026-07-25,flight_change:20399,1,1,flight_change,critical,flight,critical,flight,06:00,08:42,55,162,28673,28673,2,0,1,-1.6,ok,1,0,return,0,0,0,0,0,0
2026-07-25,flight_change:23523,1,1,flight_change,critical,flight,critical,flight,06:00,08:42,55,162,20399,20399,2,0,1,,none,0,,arrival,0,0,0,0,0,0
2026-07-25,flight_change:24917,1,1,flight_change,critical,flight,critical,flight,06:00,15:30,191,570,28430,28430,2,0,1,-30.6,ok,1,0,return,0,0,0,0,0,0
2026-07-25,flight_change:25316,1,1,flight_change,critical,flight,critical,flight,06:00,14:30,171,510,24541,24541,2,0,1,-9.6,ok,1,0,return,0,0,0,0,0,0
2026-07-25,flight_change:25753,1,1,flight_change,critical,flight,critical,flight,06:00,12:39,134,399,23305,23305,2,0,1,0.3,ok,1,0,arrival,0,0,0,0,0,0
2026-07-25,flight_change:27600,1,1,flight_change,critical,flight,critical,flight,06:00,10:48,97,288,22038,22038,2,0,1,-9.4,ok,1,0,return,0,0,0,0,0,0
2026-07-25,flight_change:27655,1,1,flight_change,critical,flight,critical,flight,06:00,10:09,84,249,25836,25836,2,0,1,1.3,ok,1,0,return,0,0,0,0,0,0
2026-07-25,flight_change:28321,1,1,flight_change,critical,flight,critical,flight,06:00,09:48,77,228,28948,28948,2,0,1,-4.8,ok,1,0,return,0,0,0,0,0,0
2026-07-25,flight_change:28701,1,1,flight_change,critical,flight,critical,flight,06:00,09:06,63,186,24589,24589,2,0,1,-15.7,ok,1,0,return,0,0,0,0,0,0
2026-07-25,late_cascade:21954,1,1,late_cascade,critical,clock_only,critical,clock_only,06:00,06:00,1,0,22631,22631,3,0,1,,none,0,,return,0,0,0,0,0,0
2026-07-25,overlap:21954:27597,1,1,overlap,critical,clock_only,critical,clock_only,06:00,06:27,10,27,27597,27597,2,0,1,,none,0,,return,0,0,0,0,0,0
2026-07-25,overlap:22000:27594,1,1,overlap,critical,clock_only,critical,recorded_pickup,06:00,11:12,105,312,27594,27594,2,0,1,7.8,ok,1,0,return,0,0,1,0,0,0
2026-07-25,overlap:22038:28711,1,1,overlap,critical,clock_only,critical,recorded_pickup,06:00,13:42,155,462,28711,28711,2,0,1,-7.0,ok,1,0,return,0,0,1,0,0,0
2026-07-25,overlap:23169:29996,1,1,overlap,critical,clock_only,critical,recorded_pickup,06:00,17:21,228,681,29996,29996,2,0,1,19.6,ok,1,1,arrival,0,0,1,0,0,0
2026-07-25,overlap:24823:29423,1,1,overlap,critical,clock_only,critical,recorded_pickup,06:00,13:12,145,432,29423,29423,2,0,1,58.9,ok,1,1,return,0,0,1,0,0,0
2026-07-25,overlap:25596:18979,1,1,overlap,critical,clock_only,critical,clock_only,06:00,09:30,71,210,18979,18979,2,0,0,-20.3,ok,1,0,return,0,0,0,0,0,0
2026-07-25,overlap:28673:25915,1,1,overlap,critical,clock_only,critical,recorded_pickup,06:00,12:27,130,387,25915,25915,2,0,1,5.7,ok,1,0,return,0,0,1,0,0,0
2026-07-25,late_cascade:26968,1,1,late_cascade,critical,clock_only,critical,clock_only,06:03,06:36,12,33,26968,26968,1,1,0,38.0,ok,1,1,return,0,0,0,0,0,0
2026-07-25,late_cascade:23862,1,1,late_cascade,critical,clock_only,critical,clock_only,06:36,06:36,1,0,29408,29408,2,0,1,-8.3,ok,1,0,other,0,0,0,0,0,0
2026-07-25,late_cascade:28202,1,1,late_cascade,critical,clock_only,critical,clock_only,06:36,06:57,8,21,29423,28356,5,0,1,58.9,ok,1,1,return,0,0,0,3,3,0
2026-07-25,overlap:23862:29408,1,1,overlap,critical,recorded_pickup,critical,recorded_pickup,06:39,07:21,15,42,29408,29408,2,0,1,-8.3,ok,1,0,other,0,0,0,0,0,0
2026-07-25,late_cascade:27597,1,1,late_cascade,critical,clock_only,watch,clock_only,06:48,07:30,15,42,27597,22631,1,1,1,,none,0,,return,0,1,0,2,2,1
2026-07-25,overlap:28202:28356,1,1,overlap,critical,recorded_pickup,critical,recorded_pickup,07:00,07:57,20,57,28356,28356,2,0,1,62.1,ok,1,1,cruise,0,0,0,0,0,0
2026-07-25,flight_change:28735,1,2,flight_change,critical,flight,critical,flight,07:27,07:27,1,0,24164,24164,2,0,0,,none,0,,return,0,0,0,0,0,0
2026-07-25,overlap:24164:28609,1,1,overlap,critical,clock_only,critical,clock_only,07:27,07:27,1,0,28609,28609,2,0,0,-18.7,ok,1,0,return,0,0,0,0,0,0
2026-07-25,late_cascade:28356,1,1,late_cascade,critical,clock_only,watch,clock_only,08:03,09:00,20,57,28356,28356,1,1,1,62.1,ok,1,1,cruise,0,1,0,3,3,1
2026-07-25,unassigned:20399,1,1,unassigned,warning,clock_only,critical,clock_only,08:45,09:27,15,42,20399,20399,1,1,1,,none,0,,arrival,0,1,0,0,0,0
2026-07-25,late_cascade:22631,1,1,late_cascade,critical,clock_only,critical,clock_only,08:48,08:48,1,0,22631,22631,1,1,0,,none,0,,return,0,0,0,0,0,0
2026-07-25,unassigned:25946,1,1,unassigned,critical,clock_only,critical,clock_only,09:00,09:00,1,0,25946,25946,1,1,1,,none,0,,cruise,0,0,0,0,0,0
2026-07-25,late_cascade:27890,1,1,late_cascade,critical,clock_only,critical,clock_only,09:03,09:30,10,27,27594,27890,3,0,1,7.8,ok,1,0,return,0,0,0,2,2,1
2026-07-25,overlap:28356:28594,1,1,overlap,critical,recorded_pickup,critical,recorded_pickup,09:03,09:42,14,39,28594,28594,2,0,1,16.6,ok,1,1,return,0,0,0,0,0,0
2026-07-25,overlap:22831:23460,1,1,overlap,warning,recorded_pickup,critical,recorded_pickup,09:21,11:03,35,102,23460,23460,2,0,1,-1.0,ok,1,0,arrival,0,1,0,0,0,1
2026-07-25,overlap:22678:18979,1,1,overlap,critical,clock_only,critical,recorded_pickup,09:33,11:27,39,114,18979,18979,2,0,1,-20.3,ok,1,0,return,0,0,1,0,0,0
2026-07-25,overlap:27890:22000,1,1,overlap,critical,recorded_pickup,critical,recorded_pickup,09:33,10:09,13,36,22000,22000,2,0,1,0.1,ok,1,0,return,0,0,0,0,0,0
2026-07-25,late_cascade:28594,1,1,late_cascade,critical,clock_only,critical,clock_only,09:51,10:00,4,9,29423,24823,3,0,1,58.9,ok,1,1,return,0,0,0,1,1,0
2026-07-25,overlap:28321:28948,1,1,overlap,critical,recorded_pickup,critical,recorded_pickup,09:51,10:09,7,18,28948,28948,2,0,1,-4.8,ok,1,0,return,0,0,0,0,0,0
2026-07-25,late_cascade:25883,1,1,late_cascade,critical,clock_only,watch,clock_only,10:03,11:09,23,66,25883,25883,1,1,0,,none,0,,cruise,0,1,0,0,0,0
2026-07-25,overlap:28594:24823,1,1,overlap,critical,recorded_pickup,critical,recorded_pickup,10:03,10:42,14,39,24823,24823,2,0,1,97.2,ok,1,1,cruise,0,0,0,0,0,0
2026-07-25,flight_change:28735,2,2,flight_change,critical,flight,critical,flight,10:06,12:12,43,126,24164,24164,2,0,1,,none,0,,return,0,0,0,0,0,0
2026-07-25,late_cascade:27655,1,1,late_cascade,critical,clock_only,critical,clock_only,10:09,10:09,1,0,25836,25836,2,0,0,1.3,ok,1,0,return,0,0,0,0,0,0
2026-07-25,overlap:27655:25836,1,1,overlap,critical,recorded_pickup,critical,recorded_pickup,10:12,11:27,26,75,25836,25836,2,0,1,1.3,ok,1,0,return,0,0,0,0,0,0
2026-07-25,overlap:28948:28673,1,1,overlap,critical,clock_only,critical,clock_only,10:12,10:27,6,15,28673,28673,2,0,1,-1.6,ok,1,0,return,0,0,0,0,0,0
2026-07-25,late_cascade:22000,1,1,late_cascade,critical,clock_only,critical,clock_only,10:18,10:54,13,36,27594,27594,2,0,1,7.8,ok,1,0,return,0,0,0,0,0,0
2026-07-25,late_cascade:22678,1,1,late_cascade,critical,clock_only,critical,clock_only,10:33,10:36,2,3,18979,18979,2,0,0,-20.3,ok,1,0,return,0,0,0,0,0,0
2026-07-25,late_cascade:24823,1,1,late_cascade,critical,clock_only,watch,clock_only,10:54,12:21,30,87,24823,29423,1,1,1,97.2,ok,1,1,cruise,0,1,0,1,1,1
2026-07-25,unassigned:24836,1,1,unassigned,warning,clock_only,warning,clock_only,11:00,11:15,6,15,24836,24836,1,1,0,,none,0,,arrival,0,0,0,0,0,0
2026-07-25,late_cascade:28877,1,1,late_cascade,critical,clock_only,critical,clock_only,11:09,11:24,6,15,28877,28877,1,1,0,56.5,ok,1,1,arrival,0,0,0,0,0,0
2026-07-25,unassigned:29167,1,1,unassigned,warning,clock_only,critical,clock_only,11:30,12:06,13,36,29167,29167,1,1,1,-21.2,ok,1,0,return,0,1,0,0,0,0
2026-07-25,overrun:22678,1,1,overrun,warning,recorded_pickup,warning,recorded_pickup,11:51,11:51,1,0,22678,22678,1,1,0,7.1,ok,1,0,cruise,0,0,0,0,0,0
2026-07-25,late_cascade:28642,1,1,late_cascade,critical,clock_only,watch,clock_only,12:00,12:51,18,51,28642,25316,1,1,1,2.1,ok,1,0,cruise,0,1,0,1,1,1
2026-07-25,late_cascade:27594,1,1,late_cascade,watch,clock_only,watch,clock_only,12:03,12:15,5,12,27594,27594,1,1,0,7.8,ok,1,0,return,0,0,0,0,0,0
2026-07-25,late_cascade:25753,1,1,late_cascade,critical,clock_only,critical,clock_only,12:33,12:39,3,6,23305,23305,2,0,1,0.3,ok,1,0,arrival,0,0,0,0,0,0
2026-07-25,overlap:25753:23305,1,1,overlap,critical,recorded_pickup,critical,recorded_pickup,12:42,13:51,24,69,23305,23305,2,0,1,0.3,ok,1,0,arrival,0,0,0,0,0,1
2026-07-25,overlap:28642:25316,1,1,overlap,critical,recorded_pickup,critical,recorded_pickup,12:54,14:09,26,75,25316,25316,2,0,1,-16.4,ok,1,0,arrival,0,0,0,0,0,0
2026-07-25,late_cascade:20465,1,1,late_cascade,critical,clock_only,critical,clock_only,13:12,13:30,7,18,25531,25531,2,0,1,63.6,ok,1,1,arrival,0,0,0,0,0,0
2026-07-25,late_cascade:29423,1,1,late_cascade,critical,clock_only,watch,clock_only,13:18,14:12,19,54,29423,29423,1,1,0,58.9,ok,1,1,return,0,1,0,0,0,0
2026-07-25,overlap:29613:26228,1,1,overlap,critical,clock_only,critical,recorded_pickup,13:45,16:27,55,162,26228,26228,2,0,1,24.3,ok,1,1,arrival,0,0,1,0,0,0
2026-07-25,late_cascade:28711,1,1,late_cascade,critical,clock_only,critical,clock_only,14:03,14:15,5,12,29412,29412,2,0,1,-12.3,ok,1,0,return,0,0,0,0,0,0
2026-07-25,late_cascade:24503,1,1,late_cascade,critical,clock_only,critical,clock_only,14:06,14:48,15,42,24164,24503,2,0,1,,none,0,,return,0,0,0,1,1,1
2026-07-25,late_cascade:25531,1,1,late_cascade,critical,clock_only,critical,clock_only,14:09,14:30,8,21,25531,25531,1,1,0,63.6,ok,1,1,arrival,0,0,0,0,0,0
2026-07-25,overlap:29423:27716,1,1,overlap,critical,recorded_pickup,critical,recorded_pickup,14:15,14:57,15,42,27716,27716,2,0,1,36.0,ok,1,1,return,0,0,0,0,0,0
2026-07-25,overlap:28711:29412,1,1,overlap,critical,recorded_pickup,critical,recorded_pickup,14:18,14:57,14,39,29412,29412,2,0,1,-12.3,ok,1,0,return,0,0,0,0,0,0
2026-07-25,late_cascade:27716,1,1,late_cascade,critical,clock_only,critical,clock_only,15:03,15:33,11,30,27716,27716,1,1,0,36.0,ok,1,1,return,0,0,0,0,0,0
2026-07-25,late_cascade:24164,1,1,late_cascade,critical,clock_only,critical,clock_only,15:33,15:51,7,18,24164,24164,1,1,0,,none,0,,return,0,0,0,0,0,0
2026-07-25,unassigned:28430,1,1,unassigned,warning,clock_only,warning,clock_only,15:33,15:33,1,0,28430,28430,1,1,1,-30.6,ok,1,0,return,0,0,0,0,0,0
2026-07-25,late_cascade:23169,1,1,late_cascade,critical,clock_only,critical,clock_only,16:03,16:21,7,18,29996,29996,2,0,1,19.6,ok,1,1,arrival,0,0,0,0,0,0
2026-07-25,late_cascade:25350,1,1,late_cascade,watch,clock_only,watch,clock_only,18:33,19:48,26,75,25350,25350,1,1,0,125.8,ok,1,1,return,0,0,0,0,0,0
2026-07-25,overrun:29452,1,1,overrun,warning,recorded_pickup,warning,recorded_pickup,19:48,20:09,8,21,29452,29452,1,1,1,5.5,ok,1,0,cruise,0,0,0,0,0,0
2026-07-26,flight_change:19464,1,1,flight_change,critical,flight,critical,flight,06:00,09:51,78,231,30251,30251,2,0,0,-38.1,ok,1,0,arrival,0,0,0,0,0,0
2026-07-26,flight_change:23303,1,1,flight_change,warning,flight,warning,flight,06:00,06:18,7,18,23303,23303,1,1,0,-3.8,ok,1,0,arrival,0,0,0,0,0,0
2026-07-26,flight_change:27376,1,1,flight_change,critical,flight,critical,flight,06:00,09:48,77,228,21303,21303,2,0,1,-21.9,ok,1,0,return,0,0,0,0,0,0
2026-07-26,flight_change:28571,1,1,flight_change,critical,flight,critical,flight,06:00,08:51,58,171,25941,25941,2,0,0,-53.6,ok,1,0,other,0,0,0,0,0,0
2026-07-26,flight_change:29390,1,1,flight_change,warning,flight,critical,flight,06:00,17:57,240,717,26775,29390,2,0,1,,none,0,,return,0,1,0,1,1,1
2026-07-26,flight_change:29510,1,1,flight_change,critical,flight,critical,flight,06:00,11:00,101,300,28999,25508,2,0,1,9.7,ok,1,0,arrival,0,0,0,1,0,1
2026-07-26,flight_change:29883,1,1,flight_change,critical,flight,critical,flight,06:00,11:03,102,303,27513,27513,2,0,1,-43.5,ok,1,0,return,0,0,0,0,0,0
2026-07-26,flight_change:30234,1,1,flight_change,critical,flight,critical,flight,06:00,08:39,54,159,26371,26371,2,0,0,-13.4,ok,1,0,return,0,0,0,0,0,0
2026-07-26,flight_change:30309,1,1,flight_change,critical,flight,critical,flight,06:00,14:33,172,513,25205,25205,2,0,1,-4.2,ok,1,0,return,0,0,0,0,0,0
2026-07-26,overlap:16925:28442,1,1,overlap,critical,clock_only,critical,clock_only,06:00,07:57,40,117,28442,28442,2,0,1,0.7,ok,1,0,return,0,0,0,0,0,0
2026-07-26,overlap:17585:23151,1,1,overlap,critical,clock_only,critical,recorded_pickup,06:00,09:57,80,237,23151,23151,2,0,1,-9.0,ok,1,0,return,0,0,1,0,0,0
2026-07-26,overlap:23603:15087,1,1,overlap,critical,clock_only,critical,recorded_pickup,06:00,09:42,75,222,15087,15087,2,0,1,19.7,ok,1,1,return,0,0,1,0,0,0
2026-07-26,overlap:27960:27968,1,1,overlap,critical,clock_only,critical,recorded_pickup,06:00,06:48,17,48,27968,27968,2,0,1,4.1,ok,1,0,return,0,0,1,0,0,0
2026-07-26,overlap:28442:29400,1,1,overlap,critical,clock_only,critical,clock_only,06:00,07:18,27,78,29400,29400,2,0,0,-7.2,ok,1,0,arrival,0,0,0,0,0,0
2026-07-26,overlap:28906:19977,1,1,overlap,critical,clock_only,critical,recorded_pickup,06:00,09:57,80,237,19977,19977,2,0,1,,none,0,,cruise,0,0,1,0,0,0
2026-07-26,overlap:29029:28700,1,1,overlap,critical,clock_only,critical,recorded_pickup,06:00,09:57,80,237,28700,28700,2,0,1,18.3,ok,1,1,return,0,0,1,0,0,0
2026-07-26,overlap:29100:25945,1,1,overlap,critical,recorded_pickup,critical,recorded_pickup,06:00,06:27,10,27,25945,25945,2,0,1,-0.6,ok,1,0,return,0,0,0,0,0,0
2026-07-26,overlap:30470:30054,1,1,overlap,critical,clock_only,critical,clock_only,06:00,07:54,39,114,30054,30054,2,0,1,1.8,ok,1,0,cruise,0,0,0,0,0,0
2026-07-26,overlap:30632:29030,1,1,overlap,critical,clock_only,critical,clock_only,06:00,17:15,226,675,29030,29030,2,0,1,26.9,ok,1,1,other,0,0,0,0,0,0
2026-07-26,late_cascade:27960,1,1,late_cascade,critical,clock_only,critical,clock_only,06:03,06:24,8,21,27968,27968,2,0,1,4.1,ok,1,0,return,0,0,0,0,0,0
2026-07-26,late_cascade:23719,1,1,late_cascade,critical,clock_only,critical,clock_only,06:18,06:39,8,21,23719,23719,1,1,0,,none,0,,return,0,0,0,0,0,0
2026-07-26,flight_change:30262,1,1,flight_change,critical,flight,critical,flight,06:57,07:57,21,60,25828,25828,2,0,0,-21.1,ok,1,0,cruise,0,0,0,0,0,0
2026-07-26,flight_change:17559,1,1,flight_change,critical,flight,critical,flight,07:09,07:12,2,3,29589,29589,2,0,1,,none,0,,cruise,0,0,0,0,0,0
2026-07-26,flight_change:29400,1,1,flight_change,critical,flight,critical,flight,07:21,10:48,70,207,24888,24888,2,0,1,-23.6,ok,1,0,return,0,0,0,0,0,0
2026-07-26,flight_change:30668,1,2,flight_change,critical,flight,critical,flight,07:21,09:51,51,150,27827,27827,2,0,1,-10.3,ok,1,0,return,0,0,0,0,0,0
2026-07-26,unassigned:29589,1,1,unassigned,warning,clock_only,warning,clock_only,07:30,08:18,17,48,29589,29589,1,1,0,,none,0,,cruise,0,0,0,0,0,0
2026-07-26,overlap:30470:30609,1,1,overlap,critical,clock_only,critical,recorded_pickup,07:57,08:57,21,60,30609,30609,2,0,1,1.2,ok,1,0,other,0,0,1,0,0,0
2026-07-26,unassigned:30262,1,1,unassigned,warning,clock_only,warning,clock_only,08:03,08:45,15,42,30262,30262,1,1,0,-19.5,ok,1,0,arrival,0,0,0,0,0,0
2026-07-26,overlap:18459:30067,1,1,overlap,warning,recorded_pickup,warning,recorded_pickup,08:06,09:27,28,81,30067,30067,2,0,0,-36.7,ok,1,0,cruise,0,0,0,0,0,0
2026-07-26,late_cascade:23603,1,1,late_cascade,critical,clock_only,critical,clock_only,08:33,08:33,1,0,15087,15087,2,0,1,19.7,ok,1,1,return,0,0,0,0,0,0
2026-07-26,flight_change:29337,1,1,flight_change,critical,flight,critical,flight,08:42,10:09,30,87,26371,26371,2,0,1,-13.4,ok,1,0,return,0,0,0,0,0,0
2026-07-26,flight_change:30674,1,1,flight_change,critical,flight,critical,flight,08:42,15:03,128,381,29382,29382,2,0,1,,none,0,,arrival,0,0,0,0,0,0
2026-07-26,late_cascade:29782,1,1,late_cascade,critical,clock_only,critical,clock_only,08:42,08:54,5,12,29802,17898,3,0,1,,none,0,,return,0,0,0,1,1,0
2026-07-26,late_cascade:17585,1,1,late_cascade,critical,clock_only,critical,clock_only,09:03,09:18,6,15,23151,23151,2,0,1,-9.0,ok,1,0,return,0,0,0,0,0,0
2026-07-26,late_cascade:28906,1,1,late_cascade,critical,clock_only,critical,clock_only,09:03,09:12,4,9,19977,19977,2,0,1,,none,0,,cruise,0,0,0,0,0,0
2026-07-26,late_cascade:29029,1,1,late_cascade,critical,clock_only,critical,clock_only,09:18,09:24,3,6,28700,28700,2,0,1,18.3,ok,1,1,return,0,0,0,0,0,0
2026-07-26,late_cascade:17898,1,1,late_cascade,critical,clock_only,critical,clock_only,09:45,10:03,7,18,29802,17898,2,0,1,,none,0,,return,0,0,0,1,1,1
2026-07-26,overlap:21303:27827,1,1,overlap,critical,clock_only,critical,clock_only,10:00,11:51,38,111,27827,27827,2,0,1,-10.3,ok,1,0,return,0,0,0,0,0,0
2026-07-26,late_cascade:19977,1,1,late_cascade,critical,clock_only,watch,clock_only,10:03,11:12,24,69,19977,19977,1,1,1,,none,0,,cruise,0,1,0,1,1,1
2026-07-26,flight_change:30668,2,2,flight_change,warning,flight,warning,flight,10:12,13:27,66,195,30668,30668,1,1,1,-30.8,ok,1,0,arrival,0,0,0,0,0,2
2026-07-26,late_cascade:23151,1,1,late_cascade,critical,clock_only,watch,clock_only,10:21,10:54,12,33,23151,30668,1,1,1,-9.0,ok,1,0,return,0,1,0,2,2,1
2026-07-26,overrun:15087,1,1,overrun,warning,recorded_pickup,warning,recorded_pickup,10:39,10:39,1,0,15087,15087,1,1,0,19.7,ok,1,1,return,0,0,0,0,0,0
2026-07-26,unassigned:22827,1,1,unassigned,warning,clock_only,warning,clock_only,10:42,10:48,3,6,22827,22827,1,1,0,-12.4,ok,1,0,arrival,0,0,0,0,0,0
2026-07-26,overlap:28700:30546,1,1,overlap,critical,recorded_pickup,critical,recorded_pickup,10:48,11:42,19,54,30546,30546,2,0,1,-19.6,ok,1,0,return,0,0,0,0,0,0
2026-07-26,overlap:23151:30668,1,1,overlap,critical,recorded_pickup,critical,recorded_pickup,10:57,12:21,29,84,30668,30668,2,0,1,-30.8,ok,1,0,arrival,0,0,0,0,0,2
2026-07-26,flight_change:29604,1,1,flight_change,critical,flight,critical,flight,11:09,13:03,39,114,28448,28448,2,0,1,-5.0,ok,1,0,return,0,0,0,0,0,0
2026-07-26,overlap:19977:26515,1,1,overlap,critical,recorded_pickup,critical,recorded_pickup,11:15,11:57,15,42,26515,26515,2,0,1,,none,0,,cruise,0,0,0,0,0,0
2026-07-26,overlap:16393:28667,1,1,overlap,warning,recorded_pickup,warning,recorded_pickup,11:36,13:51,46,135,28667,28667,2,0,1,-22.3,ok,1,0,arrival,0,0,0,0,0,0
2026-07-26,overlap:29707:24970,1,1,overlap,warning,recorded_pickup,warning,recorded_pickup,11:42,13:51,44,129,24970,24970,2,0,1,9.1,ok,1,0,arrival,0,0,0,0,0,1
2026-07-26,overrun:19977,1,1,overrun,critical,recorded_pickup,critical,recorded_pickup,11:54,11:57,2,3,26515,26515,2,0,1,,none,0,,cruise,0,0,0,0,0,0
2026-07-26,overlap:27338:29337,1,1,overlap,warning,recorded_pickup,warning,recorded_pickup,12:12,12:45,12,33,29337,29337,2,0,1,26.4,ok,1,1,arrival,0,0,0,0,0,0
2026-07-26,late_cascade:24993,1,1,late_cascade,critical,clock_only,critical,clock_only,12:33,13:03,11,30,28277,30371,3,0,1,-22.7,ok,1,0,arrival,0,0,0,1,1,0
2026-07-26,overrun:27338,1,1,overrun,critical,recorded_pickup,critical,recorded_pickup,12:57,12:57,1,0,29337,29337,2,0,1,26.4,ok,1,1,arrival,0,0,0,0,0,0
2026-07-26,late_cascade:30668,1,1,late_cascade,critical,clock_only,critical,clock_only,13:21,13:27,3,6,26371,26371,2,0,1,-13.4,ok,1,0,return,0,0,0,0,0,0
2026-07-26,overlap:30668:26371,1,1,overlap,critical,recorded_pickup,critical,recorded_pickup,13:30,13:57,10,27,26371,26371,2,0,1,-13.4,ok,1,0,return,0,0,0,0,0,0
2026-07-26,late_cascade:28043,1,1,late_cascade,watch,clock_only,watch,clock_only,16:03,16:03,1,0,28043,28043,1,1,0,49.5,ok,1,1,return,0,0,0,0,0,0
2026-07-26,late_cascade:29390,1,1,late_cascade,critical,clock_only,critical,clock_only,17:54,17:57,2,3,26775,26775,2,0,1,,none,0,,return,0,0,0,0,0,0
2026-07-26,overlap:29883:25941,1,1,overlap,warning,recorded_pickup,warning,recorded_pickup,18:03,18:57,19,54,25941,25941,2,0,1,-53.6,ok,1,0,other,0,0,0,0,0,0
2026-07-26,overrun:29030,1,1,overrun,warning,recorded_pickup,warning,recorded_pickup,19:12,19:33,8,21,29030,29030,1,1,1,26.9,ok,1,1,other,0,0,0,0,0,0
2026-07-26,late_cascade:30104,1,1,late_cascade,critical,clock_only,watch,clock_only,20:45,21:33,17,48,30104,30104,1,1,0,86.5,ok,1,1,arrival,0,1,0,0,0,0
2026-07-27,flight_change:28842,1,1,flight_change,warning,flight,warning,flight,06:00,07:36,33,96,28842,28842,1,1,0,,none,0,,return,0,0,0,0,0,0
2026-07-27,flight_change:29218,1,1,flight_change,critical,flight,critical,flight,06:00,07:51,38,111,29915,29915,2,0,1,-6.9,ok,1,0,return,0,0,0,0,0,0
2026-07-27,flight_change:29557,1,1,flight_change,critical,flight,critical,flight,06:00,10:06,83,246,26001,26001,2,0,1,25.4,ok,1,1,arrival,0,0,0,0,0,0
2026-07-27,flight_change:29848,1,1,flight_change,critical,flight,critical,flight,06:00,11:06,103,306,28975,28975,2,0,1,2.7,ok,1,0,return,0,0,0,0,0,0
2026-07-27,flight_change:30556,1,1,flight_change,critical,flight,warning,flight,06:00,11:42,115,342,30556,28216,1,1,1,-16.5,ok,1,0,arrival,0,1,0,1,1,2
2026-07-27,overlap:28165:29698,1,1,overlap,critical,clock_only,critical,clock_only,06:00,07:57,40,117,29698,29698,2,0,1,-2.9,ok,1,0,cruise,0,0,0,0,0,0
2026-07-27,overlap:28975:24060,1,1,overlap,critical,clock_only,critical,recorded_pickup,06:00,13:24,149,444,24060,24060,2,0,1,4.2,ok,1,0,return,0,0,1,0,0,0
2026-07-27,overlap:29040:24202,1,1,overlap,critical,clock_only,critical,recorded_pickup,06:00,12:27,130,387,24202,24202,2,0,1,-11.6,ok,1,0,return,0,0,1,0,0,0
2026-07-27,overlap:29771:23028,1,1,overlap,warning,recorded_pickup,warning,recorded_pickup,06:00,06:27,10,27,23028,23028,2,0,0,-31.3,ok,1,0,return,0,0,0,0,0,0
2026-07-27,overlap:29282:30684,1,3,overlap,critical,clock_only,critical,clock_only,06:51,07:00,4,9,30684,30684,2,0,1,-20.4,ok,1,0,arrival,0,0,0,0,0,0
2026-07-27,late_cascade:28842,1,1,late_cascade,critical,clock_only,critical,clock_only,07:03,07:36,12,33,28547,28842,2,0,1,,none,0,,arrival,0,0,0,1,1,1
2026-07-27,overlap:29282:30684,2,3,overlap,critical,clock_only,critical,clock_only,07:15,07:33,7,18,30684,30684,2,0,1,-20.4,ok,1,0,arrival,0,0,0,0,0,0
2026-07-27,overlap:29986:27277,1,1,overlap,warning,recorded_pickup,warning,recorded_pickup,07:24,08:57,32,93,27277,27277,2,0,1,9.7,ok,1,0,cruise,0,0,0,0,0,0
2026-07-27,unassigned:30684,1,1,unassigned,warning,clock_only,warning,clock_only,07:36,07:42,3,6,30684,30684,1,1,0,-20.4,ok,1,0,arrival,0,0,0,0,0,0
2026-07-27,overlap:29282:30684,3,3,overlap,critical,clock_only,critical,clock_only,07:45,07:57,5,12,30684,30684,2,0,1,-20.4,ok,1,0,arrival,0,0,0,0,0,0
2026-07-27,late_cascade:26985,1,2,late_cascade,critical,clock_only,critical,clock_only,07:48,07:51,2,3,29915,29915,3,0,1,-6.9,ok,1,0,return,0,0,0,0,0,0
2026-07-27,late_cascade:28547,1,1,late_cascade,critical,clock_only,critical,clock_only,07:48,08:12,9,24,28547,28547,1,1,0,,none,0,,arrival,0,0,0,0,0,0
2026-07-27,unassigned:29218,1,1,unassigned,critical,clock_only,critical,clock_only,07:54,07:57,2,3,29218,29218,1,1,1,16.6,ok,1,1,arrival,0,0,0,0,0,0
2026-07-27,late_cascade:26985,2,2,late_cascade,watch,clock_only,watch,clock_only,08:18,08:18,1,0,26985,26985,1,1,0,-0.1,ok,1,0,cruise,0,0,0,0,0,0
2026-07-27,late_cascade:30471,1,1,late_cascade,critical,clock_only,critical,clock_only,08:36,08:48,5,12,10447,10447,2,0,0,-61.7,ok,1,0,arrival,0,0,0,0,0,0
2026-07-27,overrun:26985,1,1,overrun,warning,recorded_pickup,warning,recorded_pickup,08:48,09:03,6,15,26985,26985,1,1,1,-0.1,ok,1,0,cruise,0,0,0,0,0,0
2026-07-27,flight_change:10447,1,1,flight_change,critical,flight,critical,flight,08:54,08:54,1,0,30841,30841,2,0,1,,none,0,,other,0,0,0,0,0,0
2026-07-27,late_cascade:29557,1,1,late_cascade,critical,clock_only,watch,clock_only,09:03,10:06,22,63,29557,26001,1,1,1,-30.7,ok,1,0,return,0,1,0,1,1,1
2026-07-27,late_cascade:24642,1,1,late_cascade,critical,clock_only,watch,clock_only,09:09,10:27,27,78,24642,28962,1,1,1,-24.9,ok,1,0,cruise,0,1,0,1,1,1
2026-07-27,overlap:29780:29848,1,1,overlap,warning,recorded_pickup,warning,recorded_pickup,09:09,09:36,10,27,29848,29848,2,0,0,87.6,ok,1,1,cruise,0,0,0,0,0,1
2026-07-27,overlap:27277:24328,1,1,overlap,warning,recorded_pickup,warning,recorded_pickup,09:18,10:42,29,84,24328,24328,2,0,1,48.5,ok,1,1,return,0,0,0,0,0,0
2026-07-27,flight_change:29915,1,1,flight_change,warning,flight,warning,flight,09:27,10:21,19,54,29915,29915,1,1,1,-6.9,ok,1,0,return,0,0,0,0,0,0
2026-07-27,late_cascade:24068,1,1,late_cascade,critical,clock_only,critical,clock_only,09:48,10:15,10,27,30511,24068,2,0,1,,none,0,,cruise,0,0,0,1,1,1
2026-07-27,unassigned:30755,1,1,unassigned,warning,clock_only,warning,clock_only,09:54,09:54,1,0,30755,30755,1,1,0,-29.4,ok,1,0,arrival,0,0,0,0,0,0
2026-07-27,late_cascade:30749,1,1,late_cascade,critical,clock_only,critical,clock_only,09:57,10:03,3,6,30017,30017,2,0,1,1.4,ok,1,0,arrival,0,0,0,0,0,0
2026-07-27,overlap:25534:30755,1,1,overlap,warning,recorded_pickup,warning,recorded_pickup,09:57,10:54,20,57,30755,30755,2,0,1,-29.4,ok,1,0,arrival,0,0,0,0,0,0
2026-07-27,overlap:30749:30017,1,1,overlap,critical,recorded_pickup,critical,recorded_pickup,10:06,10:15,4,9,30017,30017,2,0,1,1.4,ok,1,0,arrival,0,0,0,0,0,0
2026-07-27,late_cascade:29848,1,1,late_cascade,critical,clock_only,watch,clock_only,10:18,11:06,17,48,29848,24060,1,1,1,87.6,ok,1,1,cruise,0,1,0,1,1,1
2026-07-27,overrun:27277,1,1,overrun,critical,recorded_pickup,critical,recorded_pickup,10:18,10:21,2,3,24328,24328,2,0,0,48.5,ok,1,1,return,0,0,0,0,0,0
2026-07-27,overlap:24642:28962,1,1,overlap,critical,recorded_pickup,critical,recorded_pickup,10:30,11:42,25,72,28962,28962,2,0,1,-0.6,ok,1,0,arrival,0,0,0,0,0,0
2026-07-27,late_cascade:30511,1,1,late_cascade,critical,clock_only,watch,clock_only,11:03,12:27,29,84,30511,30511,1,1,0,,none,0,,cruise,0,1,0,0,0,0
2026-07-27,late_cascade:24328,1,1,late_cascade,critical,clock_only,watch,clock_only,11:06,11:33,10,27,24328,29522,1,1,1,48.5,ok,1,1,return,0,1,0,1,1,1
2026-07-27,overlap:29848:28975,1,1,overlap,critical,recorded_pickup,critical,recorded_pickup,11:09,12:27,27,78,28975,28975,2,0,1,2.7,ok,1,0,return,0,0,0,0,0,0
2026-07-27,late_cascade:29040,1,1,late_cascade,critical,clock_only,critical,clock_only,11:33,11:51,7,18,24202,24202,2,0,1,-11.6,ok,1,0,return,0,0,0,0,0,0
2026-07-27,late_cascade:28975,1,1,late_cascade,critical,clock_only,critical,clock_only,12:33,12:42,4,9,24060,24060,2,0,1,4.2,ok,1,0,return,0,0,0,0,0,0
2026-07-27,unassigned:30946,1,1,unassigned,critical,clock_only,critical,clock_only,13:45,13:45,1,0,30946,30946,1,1,1,-10.7,ok,1,0,other,0,0,0,0,0,0
2026-07-27,late_cascade:26612,1,1,late_cascade,critical,clock_only,watch,clock_only,16:36,18:48,45,132,26612,26612,1,1,0,120.6,ok,1,1,arrival,0,1,0,0,0,0
2026-07-27,overrun:30621,1,1,overrun,warning,recorded_pickup,warning,recorded_pickup,17:51,18:12,8,21,30621,30621,1,1,1,14.5,ok,1,0,arrival,0,0,0,0,0,0
2026-07-27,overlap:30476:28883,1,1,overlap,warning,recorded_pickup,warning,recorded_pickup,19:42,19:54,5,12,28883,28883,2,0,1,8.6,ok,1,0,arrival,0,0,0,0,0,1
2026-07-27,flight_change:26475,1,1,flight_change,warning,flight,warning,flight,19:57,21:27,31,90,26475,26475,1,1,1,-9.8,ok,1,0,other,0,0,0,0,0,0
2026-07-27,late_cascade:26475,1,1,late_cascade,critical,clock_only,critical,clock_only,21:27,21:27,1,0,27873,27873,2,0,1,29.7,ok,1,1,arrival,0,0,0,0,0,0
2026-07-27,overlap:26475:27873,1,1,overlap,critical,recorded_pickup,critical,recorded_pickup,21:30,22:00,11,30,27873,27873,2,0,1,29.7,ok,1,1,arrival,0,0,0,0,0,0
2026-07-27,late_cascade:30617,1,1,late_cascade,critical,clock_only,critical,clock_only,22:45,22:45,1,0,30617,30617,1,1,0,,none,0,,arrival,0,0,0,0,0,0
2026-07-28,flight_change:22449,1,1,flight_change,critical,flight,critical,flight,06:00,07:33,32,93,20978,20978,2,0,0,3.8,ok,1,0,return,0,0,0,0,0,0
2026-07-28,flight_change:29553,1,1,flight_change,critical,flight,critical,flight,06:00,14:00,161,480,28873,28873,2,0,1,-21.5,ok,1,0,return,0,0,0,0,0,0
2026-07-28,overlap:28988:27057,1,1,overlap,critical,clock_only,critical,clock_only,06:00,08:18,47,138,27057,27057,2,0,1,-21.7,ok,1,0,return,0,0,0,0,0,0
2026-07-28,late_cascade:24520,1,1,late_cascade,critical,clock_only,critical,clock_only,06:33,06:39,3,6,24520,24520,1,1,0,,none,0,,return,0,0,0,0,0,0
2026-07-28,unassigned:31079,1,1,unassigned,warning,clock_only,warning,clock_only,08:18,08:18,1,0,31079,31079,1,1,1,3.3,ok,1,0,other,0,0,0,0,0,0
2026-07-28,unassigned:27057,1,1,unassigned,warning,clock_only,warning,clock_only,08:21,08:21,1,0,27057,27057,1,1,1,-21.7,ok,1,0,return,0,0,0,0,0,0
2026-07-28,overlap:27057:20978,1,1,overlap,critical,clock_only,critical,clock_only,08:24,09:15,18,51,20978,20978,2,0,1,3.8,ok,1,0,return,0,0,0,0,0,0
2026-07-28,late_cascade:28289,1,1,late_cascade,critical,clock_only,critical,clock_only,09:03,09:15,5,12,27321,28289,2,0,1,-8.3,ok,1,0,return,0,0,0,1,1,1
2026-07-28,overlap:28289:27321,1,1,overlap,critical,recorded_pickup,critical,recorded_pickup,09:18,09:42,9,24,27321,27321,2,0,1,-8.3,ok,1,0,return,0,0,0,0,0,0
2026-07-28,overlap:31079:29207,1,1,overlap,warning,recorded_pickup,critical,recorded_pickup,10:33,11:00,10,27,29207,29207,2,0,1,3.1,ok,1,0,arrival,0,1,0,0,0,1
2026-07-28,unassigned:27791,1,1,unassigned,warning,clock_only,warning,clock_only,10:48,11:06,7,18,27791,27791,1,1,1,11.8,ok,1,0,return,0,0,0,0,0,0
2026-07-28,flight_change:27791,1,1,flight_change,critical,flight,critical,flight,11:09,11:51,15,42,22225,22225,2,0,1,-23.8,ok,1,0,return,0,0,0,0,0,0
2026-07-28,late_cascade:27791,1,2,late_cascade,critical,clock_only,critical,clock_only,12:33,12:39,3,6,27791,27791,1,1,0,11.8,ok,1,0,return,0,0,0,0,0,0
2026-07-28,late_cascade:27791,2,2,late_cascade,critical,clock_only,critical,clock_only,13:09,13:12,2,3,28580,28580,2,0,1,-7.3,ok,1,0,return,0,0,0,0,0,0
2026-07-28,overlap:27791:28580,1,1,overlap,critical,recorded_pickup,critical,recorded_pickup,13:15,14:00,16,45,28580,28580,2,0,1,-7.3,ok,1,0,return,0,0,0,0,0,0
2026-07-28,late_cascade:29381,1,1,late_cascade,critical,clock_only,critical,clock_only,13:18,13:18,1,0,19101,19101,2,0,1,-6.4,ok,1,0,arrival,0,0,0,0,0,0
2026-07-28,overlap:29381:19101,1,1,overlap,critical,recorded_pickup,critical,recorded_pickup,13:21,14:36,26,75,19101,19101,2,0,1,-6.4,ok,1,0,arrival,0,0,0,0,0,1
2026-07-28,late_cascade:24392,1,1,late_cascade,critical,clock_only,watch,clock_only,14:03,15:15,25,72,24392,24392,1,1,0,60.1,ok,1,1,return,0,1,0,0,0,0
2026-07-28,late_cascade:24989,1,1,late_cascade,critical,clock_only,critical,clock_only,14:03,14:03,1,0,24989,24989,1,1,0,4.7,ok,1,0,return,0,0,0,0,0,0
2026-07-28,overrun:30375,1,1,overrun,warning,recorded_pickup,warning,recorded_pickup,14:48,14:48,1,0,30375,30375,1,1,1,12.4,ok,1,0,arrival,0,0,0,0,0,0
2026-07-28,overrun:24392,1,1,overrun,warning,recorded_pickup,warning,recorded_pickup,15:18,15:21,2,3,24392,24392,1,1,1,60.1,ok,1,1,return,0,0,0,0,0,0
2026-07-28,late_cascade:22265,1,1,late_cascade,critical,clock_only,watch,clock_only,17:33,18:18,16,45,22265,22265,1,1,0,,none,0,,return,0,1,0,0,0,0
2026-07-29,flight_change:31087,1,2,flight_change,critical,flight,critical,flight,06:00,07:39,34,99,27780,27780,2,0,1,30.3,ok,1,1,arrival,0,0,0,0,0,0
2026-07-29,late_cascade:31212,1,1,late_cascade,critical,clock_only,watch,clock_only,06:33,07:33,21,60,31212,22452,1,1,1,,none,0,,return,0,1,0,1,1,1
2026-07-29,flight_change:31087,2,2,flight_change,critical,flight,critical,flight,07:57,09:21,29,84,27780,27780,2,0,1,30.3,ok,1,1,arrival,0,0,0,0,0,0
2026-07-29,overrun:30918,1,1,overrun,warning,recorded_pickup,warning,recorded_pickup,08:21,08:30,4,9,30918,30918,1,1,1,-0.2,ok,1,0,return,0,0,0,0,0,0
2026-07-29,late_cascade:22452,1,1,late_cascade,critical,clock_only,watch,clock_only,08:33,09:24,18,51,22452,22452,1,1,0,,none,0,,return,0,1,0,0,0,0
2026-07-29,late_cascade:28687,1,2,late_cascade,critical,clock_only,critical,clock_only,09:03,09:03,1,0,28687,28687,1,1,0,5.2,ok,1,0,return,0,0,0,0,0,0
2026-07-29,late_cascade:28687,2,2,late_cascade,watch,clock_only,watch,clock_only,09:48,09:48,1,0,28687,28687,1,1,0,5.2,ok,1,0,return,0,0,0,0,0,0
2026-07-29,overrun:28687,1,1,overrun,warning,recorded_pickup,warning,recorded_pickup,10:21,10:24,2,3,28687,28687,1,1,1,5.2,ok,1,0,return,0,0,0,0,0,0
2026-07-29,overlap:22568:30423,1,1,overlap,warning,recorded_pickup,warning,recorded_pickup,11:03,12:36,32,93,30423,30423,2,0,1,-1.4,ok,1,0,arrival,0,0,0,0,0,1
2026-07-29,late_cascade:30669,1,1,late_cascade,watch,clock_only,watch,clock_only,14:18,14:30,5,12,30669,30669,1,1,0,-4.9,ok,1,0,return,0,0,0,0,0,0
2026-07-29,late_cascade:28528,1,2,late_cascade,critical,clock_only,critical,clock_only,17:54,18:00,3,6,28528,28528,1,1,0,44.6,ok,1,1,arrival,0,0,0,0,0,0
2026-07-29,late_cascade:28528,2,2,late_cascade,watch,clock_only,watch,clock_only,18:39,19:06,10,27,28528,28528,1,1,0,44.6,ok,1,1,arrival,0,0,0,0,0,0
2026-07-29,unassigned:31197,1,1,unassigned,warning,clock_only,warning,clock_only,19:12,19:12,1,0,31197,31197,1,1,1,26.2,ok,1,1,arrival,0,0,0,0,0,0
2026-07-29,overlap:28528:31197,1,1,overlap,warning,recorded_pickup,warning,recorded_pickup,19:15,20:30,26,75,31197,31197,2,0,1,26.2,ok,1,1,arrival,0,0,0,0,0,0
2026-07-29,late_cascade:26711,1,1,late_cascade,watch,clock_only,watch,clock_only,19:24,19:24,1,0,26711,26711,1,1,0,-22.7,ok,1,0,arrival,0,0,0,0,0,0
2026-07-30,flight_change:19325,1,1,flight_change,critical,flight,critical,flight,06:00,12:12,125,372,24598,26289,2,0,1,,none,0,,arrival,0,0,0,1,0,1
2026-07-30,flight_change:22455,1,1,flight_change,critical,flight,critical,flight,06:00,11:21,108,321,26368,26368,2,0,1,14.2,ok,1,0,arrival,0,0,0,0,0,0
2026-07-30,flight_change:24598,1,1,flight_change,critical,flight,critical,flight,06:00,13:30,151,450,27628,27628,2,0,1,-7.8,ok,1,0,arrival,0,0,0,0,0,0
2026-07-30,flight_change:27924,1,1,flight_change,critical,flight,critical,flight,06:00,12:12,125,372,30747,30747,2,0,1,21.7,ok,1,1,arrival,0,0,0,0,0,0
2026-07-30,flight_change:28293,1,1,flight_change,critical,flight,critical,flight,06:00,12:57,140,417,27533,27533,2,0,1,-23.1,ok,1,0,arrival,0,0,0,0,0,0
2026-07-30,flight_change:29893,1,1,flight_change,warning,flight,warning,flight,06:00,11:33,112,333,29893,29893,1,1,0,18.3,ok,1,1,arrival,0,0,0,0,0,0
2026-07-30,flight_change:29949,1,1,flight_change,critical,flight,critical,flight,06:00,12:21,128,381,31435,31435,2,0,0,-22.4,ok,1,0,return,0,0,0,0,0,0
2026-07-30,flight_change:30002,1,1,flight_change,critical,flight,critical,flight,06:00,12:12,125,372,31137,31137,2,0,1,25.5,ok,1,1,arrival,0,0,0,0,0,0
2026-07-30,flight_change:30219,1,2,flight_change,critical,flight,critical,flight,06:00,10:03,82,243,19325,19325,2,0,0,-25.6,ok,1,0,arrival,0,0,0,0,0,0
2026-07-30,late_cascade:28801,1,1,late_cascade,critical,clock_only,critical,clock_only,06:03,06:33,11,30,28801,28801,1,1,0,,none,0,,return,0,0,0,0,0,0
2026-07-30,flight_change:31557,1,2,flight_change,critical,flight,critical,flight,07:36,10:03,50,147,24598,24598,2,0,0,,none,0,,arrival,0,0,0,0,0,0
2026-07-30,unassigned:31565,1,1,unassigned,warning,clock_only,warning,clock_only,08:39,08:51,5,12,31565,31565,1,1,0,-19.5,ok,1,0,other,0,0,0,0,0,0
2026-07-30,late_cascade:27494,1,1,late_cascade,critical,clock_only,critical,clock_only,10:03,10:15,5,12,27494,27494,1,1,0,,none,0,,arrival,0,0,0,0,0,0
2026-07-30,flight_change:31557,2,2,flight_change,critical,flight,critical,flight,10:09,10:48,14,39,30825,30825,2,0,0,1.6,ok,1,0,arrival,0,0,0,0,0,0
2026-07-30,late_cascade:31565,1,1,late_cascade,critical,clock_only,critical,clock_only,10:39,10:42,2,3,29260,29260,2,0,1,-4.3,ok,1,0,return,0,0,0,0,0,0
2026-07-30,overlap:31565:29260,1,1,overlap,critical,recorded_pickup,critical,recorded_pickup,10:45,10:57,5,12,29260,29260,2,0,1,-4.3,ok,1,0,return,0,0,0,0,0,0
2026-07-30,flight_change:30219,2,2,flight_change,critical,flight,critical,flight,11:24,11:42,7,18,21792,21792,2,0,1,-16.4,ok,1,0,arrival,0,0,0,0,0,0
2026-07-30,late_cascade:29265,1,1,late_cascade,critical,clock_only,critical,clock_only,12:03,12:15,5,12,29265,29265,1,1,0,,none,0,,return,0,0,0,0,0,0
2026-07-30,flight_change:26541,1,1,flight_change,warning,flight,warning,flight,12:36,13:27,18,51,26541,26541,1,1,1,-34.1,ok,1,0,arrival,0,0,0,0,0,0
2026-07-30,unassigned:30219,1,1,unassigned,warning,clock_only,warning,clock_only,13:21,13:39,7,18,30219,30219,1,1,1,8.8,ok,1,0,arrival,0,0,0,0,0,0
2026-07-30,unassigned:29893,1,1,unassigned,warning,clock_only,warning,clock_only,13:27,13:27,1,0,29893,29893,1,1,1,18.3,ok,1,1,arrival,0,0,0,0,0,0
2026-07-30,unassigned:28293,1,1,unassigned,warning,clock_only,warning,clock_only,14:09,14:15,3,6,28293,28293,1,1,1,-3.1,ok,1,0,arrival,0,0,0,0,0,0
2026-07-30,unassigned:30002,1,1,unassigned,warning,clock_only,warning,clock_only,14:09,14:09,1,0,30002,30002,1,1,1,-2.9,ok,1,0,arrival,0,0,0,0,0,0
2026-07-30,unassigned:24598,1,1,unassigned,warning,clock_only,warning,clock_only,15:00,15:27,10,27,24598,24598,1,1,1,,none,0,,arrival,0,0,0,0,0,0
2026-07-30,flight_change:30747,1,1,flight_change,warning,flight,warning,flight,15:27,16:15,17,48,30747,30747,1,1,1,21.7,ok,1,1,arrival,0,0,0,0,0,1
2026-07-30,overrun:29524,1,1,overrun,warning,recorded_pickup,warning,recorded_pickup,15:57,16:09,5,12,29524,29524,1,1,1,-35.6,ok,1,0,other,0,0,0,0,0,0
2026-07-30,late_cascade:29893,1,1,late_cascade,watch,clock_only,watch,clock_only,16:45,16:57,5,12,29893,29893,1,1,0,18.3,ok,1,1,arrival,0,0,0,0,0,0
2026-07-30,overlap:29893:27628,1,1,overlap,warning,recorded_pickup,warning,recorded_pickup,17:00,18:24,29,84,27628,27628,2,0,1,-7.8,ok,1,0,arrival,0,0,0,0,0,1
2026-07-30,late_cascade:25815,1,1,late_cascade,watch,clock_only,watch,clock_only,17:12,17:30,7,18,25815,25815,1,1,0,25.3,ok,1,1,arrival,0,0,0,0,0,0
2026-07-30,overrun:29949,1,1,overrun,warning,recorded_pickup,warning,recorded_pickup,18:21,18:42,8,21,29949,29949,1,1,1,31.8,ok,1,1,arrival,0,0,0,0,0,0
2026-07-30,late_cascade:28595,1,1,late_cascade,critical,clock_only,critical,clock_only,20:51,21:00,4,9,28595,28595,1,1,0,47.3,ok,1,1,arrival,0,0,0,0,0,0
2026-07-30,late_cascade:18884,1,1,late_cascade,critical,clock_only,critical,clock_only,22:57,23:00,2,3,18884,18884,1,1,0,82.6,ok,1,1,arrival,0,0,0,0,0,0
2026-07-31,flight_change:26459,1,1,flight_change,critical,flight,critical,flight,06:00,08:42,55,162,10448,10448,2,0,1,-8.9,ok,1,0,return,0,0,0,0,0,0
2026-07-31,flight_change:26732,1,1,flight_change,warning,flight,warning,flight,06:00,13:24,149,444,26732,26732,1,1,1,79.1,ok,1,1,arrival,0,0,0,0,0,0
2026-07-31,flight_change:28957,1,1,flight_change,critical,flight,critical,flight,06:00,08:48,57,168,29525,29525,2,0,1,1.6,ok,1,0,cruise,0,0,0,0,0,0
2026-07-31,flight_change:31389,1,1,flight_change,warning,flight,warning,flight,06:00,06:30,11,30,31389,31389,1,1,0,11.3,ok,1,0,arrival,0,0,0,0,0,0
2026-07-31,overlap:27872:16134,1,1,overlap,critical,clock_only,critical,recorded_pickup,06:00,09:36,73,216,16134,16134,2,0,1,-24.1,ok,1,0,return,0,0,1,0,0,0
2026-07-31,late_cascade:25982,1,1,late_cascade,critical,clock_only,critical,clock_only,07:33,07:39,3,6,26187,26187,2,0,1,-3.2,ok,1,0,return,0,0,0,0,0,0
2026-07-31,late_cascade:26297,1,1,late_cascade,critical,clock_only,critical,clock_only,07:33,07:42,4,9,26297,26297,1,1,0,,none,0,,return,0,0,0,0,0,0
2026-07-31,late_cascade:31391,1,1,late_cascade,critical,clock_only,critical,clock_only,07:36,07:36,1,0,16134,16134,3,0,1,-24.1,ok,1,0,return,0,0,0,0,0,0
2026-07-31,overlap:31391:27872,1,1,overlap,critical,recorded_pickup,critical,recorded_pickup,07:39,08:57,27,78,27872,27872,2,0,1,-6.4,ok,1,0,return,0,0,0,0,0,0
2026-07-31,overlap:25982:26187,1,1,overlap,critical,recorded_pickup,critical,recorded_pickup,07:42,08:27,16,45,26187,26187,2,0,1,-3.2,ok,1,0,return,0,0,0,0,0,0
2026-07-31,late_cascade:24837,1,2,late_cascade,critical,clock_only,critical,clock_only,08:03,08:03,1,0,24837,24837,1,1,0,3.2,ok,1,0,return,0,0,0,0,0,0
2026-07-31,late_cascade:25926,1,1,late_cascade,critical,clock_only,watch,clock_only,08:03,08:30,10,27,25926,30018,1,1,1,-10.0,ok,1,0,return,0,1,0,1,1,1
2026-07-31,late_cascade:26459,1,1,late_cascade,critical,clock_only,critical,clock_only,08:09,08:42,12,33,10448,10448,2,0,1,-8.9,ok,1,0,return,0,0,0,0,0,0
2026-07-31,late_cascade:24837,2,2,late_cascade,critical,clock_only,critical,clock_only,08:18,08:42,9,24,25754,31207,3,0,1,46.6,ok,1,1,arrival,0,0,0,1,1,0
2026-07-31,overlap:25926:30018,1,1,overlap,critical,recorded_pickup,critical,recorded_pickup,08:33,09:57,29,84,30018,30018,2,0,1,,none,0,,return,0,0,0,0,0,0
2026-07-31,flight_change:31214,1,2,flight_change,critical,flight,critical,flight,08:45,13:24,94,279,28963,28963,2,0,1,-8.3,ok,1,0,return,0,0,0,0,0,0
2026-07-31,overlap:24837:31207,1,1,overlap,critical,recorded_pickup,critical,recorded_pickup,08:45,09:12,10,27,31207,31207,2,0,1,78.6,ok,1,1,cruise,0,0,0,0,0,0
2026-07-31,overlap:26459:10448,1,1,overlap,critical,recorded_pickup,critical,recorded_pickup,08:45,08:51,3,6,10448,10448,2,0,1,-8.9,ok,1,0,return,0,0,0,0,0,0
2026-07-31,overlap:27824:31500,1,1,overlap,warning,recorded_pickup,warning,recorded_pickup,09:15,11:15,41,120,31500,31500,2,0,1,5.3,ok,1,0,arrival,0,0,0,0,0,0
2026-07-31,late_cascade:31207,1,1,late_cascade,critical,clock_only,watch,clock_only,09:27,10:33,23,66,31207,25754,1,1,1,78.6,ok,1,1,cruise,0,1,0,2,2,1
2026-07-31,overrun:26459,1,1,overrun,warning,recorded_pickup,warning,recorded_pickup,09:42,09:51,4,9,26459,26459,1,1,1,-21.3,ok,1,0,cruise,0,0,0,0,0,0
2026-07-31,overlap:29525:28998,1,1,overlap,warning,recorded_pickup,warning,recorded_pickup,09:45,11:06,28,81,28998,28998,2,0,1,-11.6,ok,1,0,cruise,0,0,0,0,0,0
2026-07-31,late_cascade:15880,1,1,late_cascade,watch,clock_only,watch,clock_only,09:48,10:15,10,27,15880,15880,1,1,0,75.5,ok,1,1,cruise,0,0,0,0,0,0
2026-07-31,overrun:31701,1,1,overrun,warning,recorded_pickup,warning,recorded_pickup,10:18,10:30,5,12,31701,31701,1,1,1,25.3,ok,1,1,cruise,0,0,0,0,0,0
2026-07-31,unassigned:31785,1,1,unassigned,warning,clock_only,warning,clock_only,10:18,10:24,3,6,31785,31785,1,1,1,,none,0,,return,0,0,0,0,0,0
2026-07-31,overlap:31207:25754,1,1,overlap,critical,recorded_pickup,critical,recorded_pickup,10:36,11:30,19,54,25754,25754,2,0,1,46.6,ok,1,1,arrival,0,0,0,0,0,0
2026-07-31,overlap:25509:30235,1,1,overlap,warning,recorded_pickup,warning,recorded_pickup,11:21,12:27,23,66,30235,30235,2,0,1,-7.3,ok,1,0,return,0,0,0,0,0,0
2026-07-31,late_cascade:26991,1,1,late_cascade,watch,clock_only,watch,clock_only,12:21,12:30,4,9,26991,26991,1,1,0,26.6,ok,1,1,cruise,0,0,0,0,0,0
2026-07-31,late_cascade:25754,1,1,late_cascade,critical,clock_only,critical,clock_only,12:33,12:51,7,18,28322,28322,2,0,1,-5.2,ok,1,0,return,0,0,0,0,0,0
2026-07-31,overlap:25754:28322,1,1,overlap,critical,recorded_pickup,critical,recorded_pickup,12:54,13:12,7,18,28322,28322,2,0,1,-5.2,ok,1,0,return,0,0,0,0,0,0
2026-07-31,late_cascade:29411,1,1,late_cascade,critical,clock_only,critical,clock_only,13:03,13:36,12,33,31070,29411,2,0,1,-3.4,ok,1,0,return,0,0,0,1,1,1
2026-07-31,unassigned:26732,1,1,unassigned,warning,clock_only,critical,clock_only,13:27,14:36,24,69,26732,26732,1,1,1,79.1,ok,1,1,arrival,0,1,0,0,0,0
2026-07-31,unassigned:31214,1,1,unassigned,warning,clock_only,critical,clock_only,13:27,14:09,15,42,31214,31214,1,1,1,40.2,ok,1,1,arrival,0,1,0,0,0,0
2026-07-31,overlap:29411:31070,1,1,overlap,critical,recorded_pickup,critical,recorded_pickup,13:39,14:27,17,48,31070,31070,2,0,1,-3.4,ok,1,0,return,0,0,0,0,0,0
2026-07-31,late_cascade:28322,1,1,late_cascade,critical,clock_only,critical,clock_only,13:48,13:54,3,6,24994,24994,2,0,1,8.3,ok,1,0,return,0,0,0,0,0,0
2026-07-31,overlap:28322:24994,1,1,overlap,critical,recorded_pickup,critical,recorded_pickup,13:57,14:42,16,45,24994,24994,2,0,1,8.3,ok,1,0,return,0,0,0,0,0,0
2026-07-31,flight_change:31214,2,2,flight_change,critical,flight,critical,flight,14:12,14:48,13,36,29122,29122,2,0,1,22.1,ok,1,1,arrival,0,0,0,0,0,0
2026-07-31,late_cascade:31214,1,1,late_cascade,critical,clock_only,critical,clock_only,14:33,14:48,6,15,29122,29122,2,0,1,22.1,ok,1,1,arrival,0,0,0,0,0,0
2026-07-31,unassigned:30557,1,1,unassigned,warning,clock_only,warning,clock_only,14:33,14:57,9,24,30557,30557,1,1,1,-10.6,ok,1,0,return,0,0,0,0,0,0
2026-07-31,late_cascade:23103,1,1,late_cascade,watch,clock_only,watch,clock_only,14:39,15:12,12,33,23103,23103,1,1,0,-10.8,ok,1,0,arrival,0,0,0,0,0,0
2026-07-31,late_cascade:26732,1,1,late_cascade,critical,clock_only,watch,clock_only,14:39,15:36,20,57,26732,26732,1,1,1,79.1,ok,1,1,arrival,0,1,0,1,1,1
2026-07-31,unassigned:28508,1,1,unassigned,watch,clock_only,critical,clock_only,14:45,15:15,11,30,28508,28508,1,1,1,153.5,ok,1,1,arrival,0,1,0,0,0,1
2026-07-31,overlap:31214:29122,1,1,overlap,critical,recorded_pickup,critical,recorded_pickup,14:51,16:12,28,81,29122,29122,2,0,1,22.1,ok,1,1,arrival,0,0,0,0,0,0
2026-07-31,late_cascade:24994,1,1,late_cascade,critical,clock_only,critical,clock_only,15:06,15:12,3,6,28262,28262,2,0,1,25.8,ok,1,1,arrival,0,0,0,0,0,0
2026-07-31,overlap:31070:23308,1,1,overlap,warning,recorded_pickup,warning,recorded_pickup,15:12,15:30,7,18,23308,23308,2,0,1,-29.9,ok,1,0,arrival,0,0,0,0,0,0
2026-07-31,overlap:24994:28262,1,1,overlap,critical,recorded_pickup,critical,recorded_pickup,15:15,15:24,4,9,28262,28262,2,0,1,25.8,ok,1,1,arrival,0,0,0,0,0,0
2026-07-31,late_cascade:31343,1,1,late_cascade,watch,clock_only,watch,clock_only,15:18,15:45,10,27,31343,31343,1,1,0,,none,0,,other,0,0,0,0,0,0
2026-07-31,overrun:26732,1,1,overrun,warning,recorded_pickup,warning,recorded_pickup,15:39,15:51,5,12,26732,26732,1,1,1,79.1,ok,1,1,arrival,0,0,0,0,0,0
2026-07-31,overrun:23103,1,1,overrun,warning,recorded_pickup,warning,recorded_pickup,15:54,16:00,3,6,23103,23103,1,1,1,-10.8,ok,1,0,arrival,0,0,0,0,0,0
2026-07-31,flight_change:25907,1,1,flight_change,critical,flight,critical,flight,15:57,15:57,1,0,31503,31503,2,0,1,-26.5,ok,1,0,arrival,0,0,0,0,0,0
2026-07-31,overrun:31343,1,1,overrun,warning,recorded_pickup,warning,recorded_pickup,16:42,17:03,8,21,31343,31343,1,1,1,,none,0,,other,0,0,0,0,0,0
2026-07-31,overrun:30831,1,1,overrun,warning,recorded_pickup,warning,recorded_pickup,17:30,17:33,2,3,30831,30831,1,1,1,-21.5,ok,1,0,return,0,0,0,0,0,0
2026-07-31,late_cascade:29219,1,1,late_cascade,critical,clock_only,critical,clock_only,19:03,19:06,2,3,29219,29219,1,1,0,8.5,ok,1,0,return,0,0,0,0,0,0
2026-07-31,late_cascade:25907,1,1,late_cascade,critical,clock_only,critical,clock_only,20:30,21:03,12,33,29663,25907,2,0,1,63.5,ok,1,1,arrival,0,0,0,1,1,1
2026-07-31,overlap:25907:29663,1,1,overlap,critical,recorded_pickup,critical,recorded_pickup,21:06,22:00,19,54,29663,29663,2,0,1,63.5,ok,1,1,arrival,0,0,0,0,0,0
2026-07-31,late_cascade:31756,1,1,late_cascade,watch,clock_only,watch,clock_only,21:15,22:42,30,87,31756,31756,1,1,0,-39.8,ok,1,0,arrival,0,0,0,0,0,0
2026-07-31,late_cascade:29663,1,1,late_cascade,critical,clock_only,critical,clock_only,22:42,23:00,7,18,29663,29663,1,1,0,63.5,ok,1,1,arrival,0,0,0,0,0,0
2026-08-01,flight_change:19465,1,1,flight_change,critical,flight,critical,flight,06:00,09:54,79,234,27551,27551,2,0,0,,none,0,,other,0,0,0,0,0,0
2026-08-01,flight_change:20702,1,1,flight_change,critical,flight,critical,flight,06:00,12:57,140,417,29658,31177,2,0,0,31.2,ok,1,1,arrival,0,0,0,1,0,1
2026-08-01,flight_change:21757,1,2,flight_change,warning,flight,warning,flight,06:00,09:27,70,207,21757,21757,1,1,0,12.3,ok,1,0,arrival,0,0,0,0,0,0
2026-08-01,flight_change:21907,1,1,flight_change,critical,flight,critical,flight,06:00,09:09,64,189,30352,30352,2,0,1,-3.1,ok,1,0,arrival,0,0,0,0,0,0
2026-08-01,flight_change:24849,1,2,flight_change,critical,flight,critical,flight,06:00,09:33,72,213,28474,28474,2,0,0,-31.1,ok,1,0,return,0,0,0,0,0,0
2026-08-01,flight_change:25366,1,1,flight_change,warning,flight,warning,flight,06:00,10:30,91,270,25366,25366,1,1,0,0.4,ok,1,0,arrival,0,0,0,0,0,0
2026-08-01,flight_change:25474,1,1,flight_change,critical,flight,critical,flight,06:00,09:24,69,204,29369,29369,2,0,1,-25.4,ok,1,0,return,0,0,0,0,0,0
2026-08-01,flight_change:26665,1,2,flight_change,critical,flight,critical,flight,06:00,09:18,67,198,24912,24912,2,0,0,-16.7,ok,1,0,return,0,0,0,0,0,0
2026-08-01,flight_change:27167,1,2,flight_change,critical,flight,critical,flight,06:00,13:09,144,429,31731,31731,2,0,0,-5.2,ok,1,0,arrival,0,0,0,0,0,0
2026-08-01,flight_change:28084,1,1,flight_change,critical,flight,critical,flight,06:00,15:42,195,582,31555,31555,2,0,1,15.4,ok,1,1,arrival,0,0,0,0,0,0
2026-08-01,flight_change:29575,1,1,flight_change,critical,flight,critical,flight,06:00,13:15,146,435,20702,28923,2,0,0,36.6,ok,1,1,arrival,0,0,0,1,0,1
2026-08-01,flight_change:30334,1,1,flight_change,critical,flight,critical,flight,06:00,12:00,121,360,23524,10743,2,0,1,-4.5,ok,1,0,return,0,0,0,1,0,1
2026-08-01,flight_change:31382,1,1,flight_change,critical,flight,critical,flight,06:00,08:33,52,153,30199,30199,2,0,0,3.0,ok,1,0,other,0,0,0,0,0,0
2026-08-01,flight_change:31476,1,3,flight_change,critical,flight,critical,flight,06:00,09:18,67,198,30366,30366,2,0,0,-15.3,ok,1,0,return,0,0,0,0,0,0
2026-08-01,flight_change:31731,1,1,flight_change,critical,flight,critical,flight,06:00,21:21,308,921,29571,29571,2,0,1,-0.2,ok,1,0,arrival,0,0,0,0,0,0
2026-08-01,flight_change:31907,1,1,flight_change,critical,flight,critical,flight,06:00,09:33,72,213,29426,29426,2,0,0,-71.6,ok,1,0,return,0,0,0,0,0,0
2026-08-01,overlap:18890:24941,1,1,overlap,critical,clock_only,critical,recorded_pickup,06:00,12:57,140,417,24941,24941,2,0,1,,none,0,,return,0,0,1,0,0,0
2026-08-01,overlap:24434:30334,1,1,overlap,critical,clock_only,critical,clock_only,06:00,10:48,97,288,30334,30334,2,0,1,-26.8,ok,1,0,return,0,0,0,0,0,0
2026-08-01,overlap:25317:30709,1,1,overlap,critical,recorded_pickup,critical,recorded_pickup,06:00,06:57,20,57,30709,30709,2,0,1,10.0,ok,1,0,arrival,0,0,0,0,0,0
2026-08-01,overlap:27094:23681,1,1,overlap,critical,clock_only,critical,recorded_pickup,06:00,08:57,60,177,23681,23681,2,0,1,5.2,ok,1,0,return,0,0,1,0,0,0
2026-08-01,overlap:27434:22219,1,1,overlap,critical,clock_only,critical,recorded_pickup,06:00,09:27,70,207,22219,22219,2,0,1,,none,0,,cruise,0,0,1,0,0,0
2026-08-01,overlap:27601:30048,1,1,overlap,critical,clock_only,critical,clock_only,06:00,07:03,22,63,30048,30048,2,0,1,9.1,ok,1,0,return,0,0,0,0,0,0
2026-08-01,overlap:28662:29913,1,1,overlap,warning,recorded_pickup,warning,recorded_pickup,06:00,06:57,20,57,29913,29913,2,0,0,-5.4,ok,1,0,return,0,0,0,0,0,0
2026-08-01,overlap:29391:23186,1,1,overlap,critical,clock_only,critical,recorded_pickup,06:00,06:57,20,57,23186,23186,2,0,1,7.9,ok,1,0,return,0,0,1,0,0,0
2026-08-01,late_cascade:29391,1,1,late_cascade,critical,clock_only,critical,clock_only,06:03,06:09,3,6,24824,23186,3,0,1,-2.6,ok,1,0,cruise,0,0,0,1,1,0
2026-08-01,overlap:16060:28455,1,1,overlap,warning,recorded_pickup,warning,recorded_pickup,06:51,07:57,23,66,28455,28455,2,0,0,-24.5,ok,1,0,return,0,0,0,0,0,0
2026-08-01,flight_change:28326,1,1,flight_change,critical,flight,critical,flight,07:06,09:12,43,126,30048,30048,2,0,1,9.1,ok,1,0,return,0,0,0,0,0,0
2026-08-01,late_cascade:23186,1,1,late_cascade,critical,clock_only,critical,clock_only,07:06,07:09,2,3,24824,24824,2,0,1,-2.6,ok,1,0,cruise,0,0,0,0,0,0
2026-08-01,overlap:28455:27601,1,1,overlap,critical,clock_only,critical,recorded_pickup,07:06,08:42,33,96,27601,27601,2,0,1,22.6,ok,1,1,return,0,0,1,0,0,0
2026-08-01,flight_change:29734,1,1,flight_change,critical,flight,critical,flight,07:09,10:42,72,213,27025,27025,2,0,1,6.4,ok,1,0,return,0,0,0,0,0,0
2026-08-01,overlap:23186:24824,1,1,overlap,critical,recorded_pickup,critical,recorded_pickup,07:12,08:27,26,75,24824,24824,2,0,1,-2.6,ok,1,0,cruise,0,0,0,0,0,0
2026-08-01,late_cascade:29913,1,1,late_cascade,critical,clock_only,critical,clock_only,07:21,07:42,8,21,29884,29884,2,0,1,-1.0,ok,1,0,return,0,0,0,0,0,0
2026-08-01,flight_change:31891,1,1,flight_change,critical,flight,critical,flight,07:30,13:12,115,342,29575,29575,2,0,0,,none,0,,arrival,0,0,0,0,0,0
2026-08-01,overlap:29913:29884,1,1,overlap,critical,recorded_pickup,critical,recorded_pickup,07:45,08:18,12,33,29884,29884,2,0,1,-1.0,ok,1,0,return,0,0,0,0,0,0
2026-08-01,late_cascade:28455,1,1,late_cascade,critical,clock_only,critical,clock_only,08:03,08:09,3,6,27601,27601,2,0,1,22.6,ok,1,1,return,0,0,0,0,0,0
2026-08-01,late_cascade:25884,1,2,late_cascade,critical,clock_only,critical,clock_only,09:06,09:18,5,12,28921,28921,2,0,1,2.3,ok,1,0,cruise,0,0,0,0,0,0
2026-08-01,late_cascade:26813,1,1,late_cascade,critical,clock_only,critical,clock_only,09:06,09:45,14,39,27869,17509,4,0,1,68.4,ok,1,1,arrival,0,0,0,2,2,0
2026-08-01,overlap:23681:31252,1,1,overlap,warning,recorded_pickup,warning,recorded_pickup,09:06,09:36,11,30,31252,31252,2,0,0,13.5,ok,1,0,arrival,0,0,0,0,0,0
2026-08-01,flight_change:30352,1,1,flight_change,critical,flight,critical,flight,09:12,09:24,5,12,23524,23524,2,0,1,-4.5,ok,1,0,return,0,0,0,0,0,0
2026-08-01,overlap:28326:30048,1,1,overlap,critical,recorded_pickup,critical,recorded_pickup,09:15,09:42,10,27,30048,30048,2,0,1,9.1,ok,1,0,return,0,0,0,0,0,0
2026-08-01,flight_change:29461,1,1,flight_change,critical,flight,critical,flight,09:21,12:09,57,168,24912,24912,2,0,1,-16.7,ok,1,0,return,0,0,0,0,0,0
2026-08-01,flight_change:31476,2,3,flight_change,critical,flight,critical,flight,09:27,10:03,13,36,23524,23524,2,0,0,-4.5,ok,1,0,return,0,0,0,0,0,0
2026-08-01,late_cascade:25884,2,2,late_cascade,critical,clock_only,critical,clock_only,09:27,09:33,3,6,21907,21907,2,0,1,16.7,ok,1,1,arrival,0,0,0,0,0,0
2026-08-01,late_cascade:29605,1,1,late_cascade,critical,clock_only,critical,clock_only,09:30,09:36,3,6,31482,26202,3,0,1,31.7,ok,1,1,arrival,0,0,0,1,1,0
2026-08-01,flight_change:21757,2,2,flight_change,critical,flight,critical,flight,09:33,14:00,90,267,29000,29000,2,0,1,3.2,ok,1,0,return,0,0,0,0,0,0
2026-08-01,flight_change:26665,2,2,flight_change,critical,flight,critical,flight,09:33,11:27,39,114,27541,31182,2,0,0,,none,0,,arrival,0,0,0,2,0,2
2026-08-01,overlap:10743:30622,1,1,overlap,critical,clock_only,critical,clock_only,09:33,12:06,52,153,30622,30622,2,0,1,10.6,ok,1,0,return,0,0,0,0,0,0
2026-08-01,late_cascade:22219,1,1,late_cascade,critical,clock_only,critical,clock_only,09:36,09:39,2,3,24434,24434,2,0,1,,none,0,,cruise,0,0,0,0,0,0
2026-08-01,overlap:25884:21907,1,1,overlap,critical,recorded_pickup,critical,recorded_pickup,09:36,10:06,11,30,21907,21907,2,0,1,16.7,ok,1,1,arrival,0,0,0,0,0,0
2026-08-01,overlap:29567:28474,1,2,overlap,critical,clock_only,critical,clock_only,09:36,09:54,7,18,28474,28474,2,0,0,-31.1,ok,1,0,return,0,0,0,0,0,0
2026-08-01,overlap:29605:26202,1,1,overlap,critical,recorded_pickup,critical,recorded_pickup,09:39,10:12,12,33,26202,26202,2,0,1,-2.3,ok,1,0,return,0,0,0,0,0,0
2026-08-01,overrun:27601,1,1,overrun,warning,recorded_pickup,warning,recorded_pickup,09:39,09:39,1,0,27601,27601,1,1,0,22.6,ok,1,1,return,0,0,0,0,0,0
2026-08-01,overlap:22219:24434,1,1,overlap,critical,recorded_pickup,critical,recorded_pickup,09:42,10:57,26,75,24434,24434,2,0,1,,none,0,,cruise,0,0,0,0,0,0
2026-08-01,overlap:26813:17509,1,1,overlap,critical,recorded_pickup,critical,recorded_pickup,09:48,10:27,14,39,17509,17509,2,0,1,32.0,ok,1,1,return,0,0,0,0,0,0
2026-08-01,flight_change:17522,1,1,flight_change,warning,flight,critical,flight,09:57,14:18,88,261,27551,17522,2,0,1,,none,0,,other,0,1,0,1,1,1
2026-08-01,flight_change:21064,1,1,flight_change,critical,flight,critical,flight,09:57,12:12,46,135,26122,26122,2,0,1,-23.3,ok,1,0,return,0,0,0,0,0,0
2026-08-01,overlap:29567:28474,2,2,overlap,critical,clock_only,critical,clock_only,10:00,10:06,3,6,28474,28474,2,0,0,-31.1,ok,1,0,return,0,0,0,0,0,0
2026-08-01,flight_change:24849,2,2,flight_change,critical,flight,critical,flight,10:09,14:00,78,231,29426,31182,2,0,0,-71.6,ok,1,0,return,0,0,0,2,0,2
2026-08-01,overrun:25884,1,1,overrun,critical,recorded_pickup,critical,recorded_pickup,10:09,10:21,5,12,21907,21907,2,0,1,16.7,ok,1,1,arrival,0,0,0,0,0,0
2026-08-01,flight_change:26617,1,1,flight_change,critical,flight,critical,flight,10:12,11:12,21,60,30473,30473,2,0,1,21.0,ok,1,1,cruise,0,0,0,0,0,0
2026-08-01,flight_change:31476,3,3,flight_change,warning,flight,warning,flight,10:33,11:12,14,39,31476,31476,1,1,0,-108.3,ok,1,0,arrival,0,0,0,0,0,0
2026-08-01,late_cascade:26617,1,1,late_cascade,critical,clock_only,critical,clock_only,10:45,11:12,10,27,30473,30473,2,0,1,21.0,ok,1,1,cruise,0,0,0,0,0,0
2026-08-01,late_cascade:17509,1,1,late_cascade,critical,clock_only,critical,clock_only,10:51,11:00,4,9,25474,25474,2,0,1,53.7,ok,1,1,arrival,0,0,0,0,0,0
2026-08-01,overlap:17509:25474,1,1,overlap,critical,recorded_pickup,critical,recorded_pickup,11:03,11:03,1,0,25474,25474,2,0,1,53.7,ok,1,1,arrival,0,0,0,0,0,0
2026-08-01,late_cascade:30611,1,1,late_cascade,critical,clock_only,critical,clock_only,11:09,11:27,7,18,30611,30611,1,1,0,56.4,ok,1,1,arrival,0,0,0,0,0,0
2026-08-01,late_cascade:31468,1,1,late_cascade,critical,clock_only,critical,clock_only,11:09,11:12,2,3,31468,31468,1,1,0,43.1,ok,1,1,arrival,0,0,0,0,0,0
2026-08-01,late_cascade:18890,1,1,late_cascade,critical,clock_only,critical,clock_only,11:24,11:39,6,15,22297,24941,3,0,1,,none,0,,return,0,0,0,1,1,0
2026-08-01,unassigned:29705,1,1,unassigned,critical,clock_only,critical,clock_only,11:48,11:48,1,0,29705,29705,1,1,1,49.8,ok,1,1,arrival,0,0,0,0,0,0
2026-08-01,overlap:25474:27869,1,1,overlap,warning,recorded_pickup,warning,recorded_pickup,12:00,12:57,20,57,27869,27869,2,0,0,68.4,ok,1,1,arrival,0,0,0,0,0,0
2026-08-01,flight_change:27707,1,1,flight_change,critical,flight,critical,flight,12:12,15:03,58,171,31177,31177,2,0,1,-2.8,ok,1,0,other,0,0,0,0,0,0
2026-08-01,flight_change:30447,1,1,flight_change,critical,flight,critical,flight,12:15,15:57,75,222,26122,26122,2,0,1,-23.3,ok,1,0,return,0,0,0,0,0,0
2026-08-01,overlap:28769:30890,1,1,overlap,warning,recorded_pickup,warning,recorded_pickup,12:48,13:57,24,69,30890,30890,2,0,0,-9.9,ok,1,0,return,0,0,0,0,0,0
2026-08-01,flight_change:30844,1,1,flight_change,critical,flight,critical,flight,13:15,13:15,1,0,31891,31891,2,0,0,-107.2,ok,1,0,arrival,0,0,0,0,0,0
2026-08-01,flight_change:25818,1,1,flight_change,critical,flight,critical,flight,13:18,16:12,59,174,28923,28923,2,0,1,21.9,ok,1,1,arrival,0,0,0,0,0,0
2026-08-01,flight_change:28923,1,1,flight_change,critical,flight,critical,flight,13:18,16:57,74,219,20702,20702,2,0,1,36.6,ok,1,1,arrival,0,0,0,0,0,0
2026-08-01,late_cascade:27869,1,1,late_cascade,critical,clock_only,critical,clock_only,13:36,14:03,10,27,30372,27869,2,0,1,38.5,ok,1,1,return,0,0,0,1,1,1
2026-08-01,flight_change:27167,2,2,flight_change,critical,flight,critical,flight,13:39,16:54,66,195,28923,30199,2,0,1,21.9,ok,1,1,arrival,0,0,0,2,0,2
2026-08-01,unassigned:30622,1,1,unassigned,warning,clock_only,warning,clock_only,13:45,13:54,4,9,30622,30622,1,1,0,10.6,ok,1,0,return,0,0,0,0,0,0
2026-08-01,overlap:29567:30622,1,1,overlap,critical,clock_only,critical,clock_only,13:57,14:42,16,45,30622,30622,2,0,1,10.6,ok,1,0,return,0,0,0,0,0,0
2026-08-01,flight_change:31555,1,1,flight_change,critical,flight,critical,flight,14:03,15:42,34,99,23779,23779,2,0,1,19.7,ok,1,1,return,0,0,0,0,0,0
2026-08-01,overlap:27869:30372,1,1,overlap,critical,recorded_pickup,critical,recorded_pickup,14:06,14:57,18,51,30372,30372,2,0,1,38.5,ok,1,1,return,0,0,0,0,0,0
2026-08-01,flight_change:24055,1,1,flight_change,critical,flight,critical,flight,14:21,14:27,3,6,27551,27551,2,0,1,,none,0,,other,0,0,0,0,0,0
2026-08-01,late_cascade:30890,1,1,late_cascade,critical,clock_only,critical,clock_only,14:27,14:42,6,15,30812,30812,2,0,1,66.2,ok,1,1,arrival,0,0,0,0,0,0
2026-08-01,overlap:22297:27551,1,1,overlap,critical,clock_only,critical,recorded_pickup,14:30,15:57,30,87,27551,27551,2,0,1,,none,0,,other,0,0,1,0,0,0
2026-08-01,flight_change:30496,1,1,flight_change,critical,flight,critical,flight,14:51,16:27,33,96,30199,30199,2,0,1,3.0,ok,1,0,other,0,0,0,0,0,0
2026-08-01,late_cascade:22297,1,1,late_cascade,critical,clock_only,critical,clock_only,15:03,15:03,1,0,27551,27551,2,0,1,,none,0,,other,0,0,0,0,0,0
2026-08-01,late_cascade:30372,1,1,late_cascade,critical,clock_only,critical,clock_only,15:03,15:36,12,33,30372,30372,1,1,0,38.5,ok,1,1,return,0,0,0,0,0,0
2026-08-01,late_cascade:30812,1,1,late_cascade,critical,clock_only,critical,clock_only,15:24,15:51,10,27,30812,30812,1,1,0,66.2,ok,1,1,arrival,0,0,0,0,0,0
2026-08-01,unassigned:31177,1,1,unassigned,warning,clock_only,warning,clock_only,15:30,15:30,1,0,31177,31177,1,1,0,-2.8,ok,1,0,other,0,0,0,0,0,0
2026-08-01,flight_change:30360,1,2,flight_change,critical,flight,critical,flight,15:48,15:54,3,6,29426,29426,2,0,1,-71.6,ok,1,0,return,0,0,0,0,0,0
2026-08-01,flight_change:17662,1,2,flight_change,critical,flight,critical,flight,15:51,20:39,97,288,32029,29574,2,0,1,-14.0,ok,1,0,arrival,0,0,0,1,0,2
2026-08-01,flight_change:30360,2,2,flight_change,warning,flight,warning,flight,16:09,16:30,8,21,30360,30360,1,1,1,-1.2,ok,1,0,return,0,0,0,0,0,0
2026-08-01,late_cascade:28084,1,1,late_cascade,critical,clock_only,watch,clock_only,16:12,16:57,16,45,28084,28084,1,1,1,86.4,ok,1,1,arrival,0,1,0,1,1,1
2026-08-01,late_cascade:27551,1,1,late_cascade,watch,clock_only,watch,clock_only,16:48,17:00,5,12,27551,27551,1,1,0,,none,0,,other,0,0,0,0,0,0
2026-08-01,unassigned:31907,1,1,unassigned,warning,clock_only,warning,clock_only,16:51,17:45,19,54,31907,31907,1,1,1,69.7,ok,1,1,arrival,0,0,0,0,0,0
2026-08-01,late_cascade:21064,1,1,late_cascade,critical,clock_only,watch,clock_only,16:54,18:18,29,84,21064,21064,1,1,0,122.9,ok,1,1,arrival,0,1,0,0,0,0
2026-08-01,overlap:28084:23779,1,1,overlap,critical,recorded_pickup,critical,recorded_pickup,17:00,17:57,20,57,23779,23779,2,0,1,19.7,ok,1,1,return,0,0,0,0,0,0
2026-08-01,overlap:28870:31898,1,1,overlap,warning,recorded_pickup,warning,recorded_pickup,17:33,17:45,5,12,31898,31898,2,0,1,,none,0,,arrival,0,0,0,0,0,0
2026-08-01,unassigned:31898,1,1,unassigned,critical,clock_only,critical,clock_only,17:48,18:12,9,24,31898,31898,1,1,1,,none,0,,arrival,0,0,0,0,0,0
2026-08-01,unassigned:30844,1,1,unassigned,warning,clock_only,warning,clock_only,17:51,18:15,9,24,30844,30844,1,1,1,-3.1,ok,1,0,arrival,0,0,0,0,0,0
2026-08-01,overrun:21064,1,1,overrun,warning,recorded_pickup,warning,recorded_pickup,18:21,18:30,4,9,21064,21064,1,1,1,122.9,ok,1,1,arrival,0,0,0,0,0,0
2026-08-01,unassigned:31891,1,1,unassigned,warning,clock_only,warning,clock_only,18:42,18:45,2,3,31891,31891,1,1,1,-107.2,ok,1,0,arrival,0,0,0,0,0,0
2026-08-01,late_cascade:31907,1,1,late_cascade,critical,clock_only,critical,clock_only,19:30,19:57,10,27,31907,31907,1,1,0,69.7,ok,1,1,arrival,0,0,0,0,0,0
2026-08-01,late_cascade:24849,1,1,late_cascade,critical,clock_only,critical,clock_only,19:36,20:00,9,24,24849,24849,1,1,0,64.5,ok,1,1,arrival,0,0,0,0,0,0
2026-08-01,overrun:29658,1,1,overrun,warning,recorded_pickup,warning,recorded_pickup,21:45,21:48,2,3,29658,29658,1,1,1,31.2,ok,1,1,arrival,0,0,0,0,0,0
2026-08-01,overlap:31731:29571,1,1,overlap,critical,recorded_pickup,critical,recorded_pickup,22:12,22:18,3,6,29571,29571,2,0,1,-0.2,ok,1,0,arrival,0,0,0,0,0,0
2026-08-01,flight_change:17662,2,2,flight_change,critical,flight,critical,flight,22:18,23:00,15,42,29574,29574,2,0,1,116.3,ok,1,1,arrival,0,0,0,0,0,0
2026-08-02,flight_change:20084,1,1,flight_change,critical,flight,critical,flight,06:00,11:06,103,306,30402,30402,2,0,1,-1.1,ok,1,0,cruise,0,0,0,0,0,0
2026-08-02,flight_change:24400,1,1,flight_change,critical,flight,critical,flight,06:00,11:39,114,339,28548,28548,2,0,1,-23.7,ok,1,0,return,0,0,0,0,0,0
2026-08-02,flight_change:25917,1,1,flight_change,warning,flight,warning,flight,06:00,06:27,10,27,25917,25917,1,1,0,-6.6,ok,1,0,arrival,0,0,0,0,0,0
2026-08-02,flight_change:26326,1,1,flight_change,critical,flight,warning,flight,06:00,12:03,122,363,26326,22379,1,1,1,-45.9,ok,1,0,arrival,0,1,0,1,1,1
2026-08-02,flight_change:26460,1,1,flight_change,critical,flight,warning,flight,06:00,14:21,168,501,26460,28601,1,1,1,37.2,ok,1,1,return,0,1,0,2,1,1
2026-08-02,flight_change:28368,1,2,flight_change,critical,flight,critical,flight,06:00,08:27,50,147,20916,20916,2,0,0,-6.6,ok,1,0,return,0,0,0,0,0,0
2026-08-02,flight_change:28405,1,1,flight_change,critical,flight,critical,flight,06:00,11:21,108,321,30947,30947,2,0,0,-37.8,ok,1,0,return,0,0,0,0,0,0
2026-08-02,flight_change:28684,1,1,flight_change,critical,flight,critical,flight,06:00,08:24,49,144,28736,28736,2,0,0,-6.8,ok,1,0,return,0,0,0,0,0,0
2026-08-02,flight_change:29577,1,1,flight_change,warning,flight,warning,flight,06:00,14:15,166,495,29577,29577,1,1,1,-6.1,ok,1,0,other,0,0,0,0,0,0
2026-08-02,flight_change:29636,1,2,flight_change,critical,flight,critical,flight,06:00,11:18,107,318,30950,30950,2,0,0,,none,0,,return,0,0,0,0,0,0
2026-08-02,flight_change:29799,1,1,flight_change,critical,flight,critical,flight,06:00,11:21,108,321,27120,22747,2,0,1,13.0,ok,1,0,arrival,0,0,0,1,0,1
2026-08-02,flight_change:30402,1,1,flight_change,critical,flight,critical,flight,06:00,11:03,102,303,26570,26570,2,0,1,-16.8,ok,1,0,return,0,0,0,0,0,0
2026-08-02,flight_change:30732,1,1,flight_change,critical,flight,critical,flight,06:00,11:12,105,312,30499,30499,2,0,1,72.1,ok,1,1,return,0,0,0,0,0,0
2026-08-02,flight_change:30740,1,1,flight_change,critical,flight,critical,flight,06:00,10:03,82,243,30618,30618,2,0,0,-30.1,ok,1,0,return,0,0,0,0,0,0
2026-08-02,flight_change:31129,1,1,flight_change,critical,flight,warning,flight,06:00,14:09,164,489,31129,30891,1,1,1,1.1,ok,1,0,arrival,0,1,0,3,1,3
2026-08-02,flight_change:31469,1,1,flight_change,critical,flight,critical,flight,06:00,11:21,108,321,30891,30805,2,0,1,-23.2,ok,1,0,return,0,0,0,2,0,2
2026-08-02,overlap:22379:31185,1,3,overlap,critical,clock_only,critical,clock_only,06:00,10:45,96,285,31185,31185,2,0,0,-19.9,ok,1,0,return,0,0,0,0,0,0
2026-08-02,late_cascade:24943,1,1,late_cascade,critical,clock_only,critical,clock_only,07:57,08:03,3,6,24943,24943,1,1,0,46.1,ok,1,1,arrival,0,0,0,0,0,0
2026-08-02,late_cascade:30804,1,1,late_cascade,critical,clock_only,critical,clock_only,08:03,08:15,5,12,30804,30804,1,1,0,15.8,ok,1,1,other,0,0,0,0,0,0
2026-08-02,late_cascade:30967,1,1,late_cascade,critical,clock_only,critical,clock_only,08:09,08:18,4,9,30967,30967,1,1,0,50.3,ok,1,1,arrival,0,0,0,0,0,0
2026-08-02,unassigned:28736,1,1,unassigned,critical,clock_only,critical,clock_only,08:27,08:27,1,0,28736,28736,1,1,1,-6.8,ok,1,0,return,0,0,0,0,0,0
2026-08-02,overlap:30804:28736,1,1,overlap,critical,recorded_pickup,critical,recorded_pickup,08:30,08:51,8,21,28736,28736,2,0,1,-6.8,ok,1,0,return,0,0,0,0,0,0
2026-08-02,late_cascade:29576,1,1,late_cascade,critical,clock_only,critical,clock_only,08:33,08:36,2,3,29576,29576,1,1,0,,none,0,,other,0,0,0,0,0,0
2026-08-02,overrun:30515,1,1,overrun,warning,recorded_pickup,warning,recorded_pickup,08:54,09:00,3,6,30515,30515,1,1,0,-25.4,ok,1,0,cruise,0,0,0,0,0,0
2026-08-02,unassigned:26334,1,1,unassigned,warning,clock_only,critical,clock_only,08:54,09:03,4,9,26334,26334,1,1,1,59.9,ok,1,1,cruise,0,1,0,0,0,0
2026-08-02,late_cascade:31114,1,1,late_cascade,critical,clock_only,critical,clock_only,10:03,10:24,8,21,31114,31114,1,1,0,24.6,ok,1,1,return,0,0,0,0,0,0
2026-08-02,late_cascade:31305,1,1,late_cascade,critical,clock_only,watch,clock_only,10:03,11:03,21,60,31305,31305,1,1,0,63.4,ok,1,1,cruise,0,1,0,0,0,0
2026-08-02,flight_change:26570,1,1,flight_change,warning,flight,warning,flight,10:06,11:03,20,57,26570,26570,1,1,0,-16.8,ok,1,0,return,0,0,0,0,0,0
2026-08-02,overlap:31114:26996,1,1,overlap,warning,recorded_pickup,warning,recorded_pickup,10:27,10:51,9,24,26996,26996,2,0,0,48.0,ok,1,1,arrival,0,0,0,0,0,0
2026-08-02,flight_change:31379,1,1,flight_change,warning,flight,critical,flight,11:03,11:45,15,42,20916,31379,2,0,1,-6.6,ok,1,0,return,0,1,0,4,1,4
2026-08-02,overlap:27832:28601,1,1,overlap,critical,clock_only,critical,clock_only,11:03,12:21,27,78,28601,28601,2,0,1,11.5,ok,1,0,return,0,0,0,0,0,0
2026-08-02,flight_change:26761,1,1,flight_change,critical,flight,critical,flight,11:24,16:30,103,306,30947,30947,2,0,1,-37.8,ok,1,0,return,0,0,0,0,0,0
2026-08-02,late_cascade:26996,1,1,late_cascade,critical,clock_only,critical,clock_only,11:24,11:30,3,6,26996,26996,1,1,0,48.0,ok,1,1,arrival,0,0,0,0,0,0
2026-08-02,flight_change:28368,2,2,flight_change,critical,flight,critical,flight,11:42,12:06,9,24,28548,28548,2,0,1,-23.7,ok,1,0,return,0,0,0,0,0,0
2026-08-02,overlap:22379:31185,2,3,overlap,critical,clock_only,critical,clock_only,12:06,13:39,32,93,31185,31185,2,0,1,-19.9,ok,1,0,return,0,0,0,0,0,0
2026-08-02,flight_change:28203,1,1,flight_change,critical,flight,critical,flight,12:27,13:00,12,33,29140,29140,2,0,1,-8.4,ok,1,0,arrival,0,0,0,0,0,0
2026-08-02,overlap:30735:26570,1,1,overlap,warning,recorded_pickup,warning,recorded_pickup,13:09,14:12,22,63,26570,26570,2,0,1,-16.8,ok,1,0,return,0,0,0,0,0,0
2026-08-02,late_cascade:29577,1,1,late_cascade,critical,clock_only,watch,clock_only,13:30,14:15,16,45,29577,29264,1,1,0,-6.1,ok,1,0,other,0,1,0,2,2,1
2026-08-02,overlap:22379:31185,3,3,overlap,critical,clock_only,critical,clock_only,13:45,13:45,1,0,31185,31185,2,0,1,-19.9,ok,1,0,return,0,0,0,0,0,0
2026-08-02,late_cascade:26460,1,1,late_cascade,critical,clock_only,critical,clock_only,13:48,14:21,12,33,30499,26460,2,0,1,72.1,ok,1,1,return,0,0,0,1,1,1
2026-08-02,late_cascade:28601,1,1,late_cascade,critical,clock_only,critical,clock_only,14:03,14:09,3,6,28601,28601,1,1,0,11.5,ok,1,0,return,0,0,0,0,0,0
2026-08-02,unassigned:31379,1,1,unassigned,warning,clock_only,warning,clock_only,14:12,14:12,1,0,31379,31379,1,1,1,6.2,ok,1,0,arrival,0,0,0,0,0,0
2026-08-02,late_cascade:27682,1,1,late_cascade,watch,clock_only,watch,clock_only,14:18,14:30,5,12,27682,27682,1,1,0,-1.8,ok,1,0,cruise,0,0,0,0,0,0
2026-08-02,late_cascade:29264,1,1,late_cascade,critical,clock_only,critical,clock_only,14:18,14:30,5,12,27377,29264,2,0,0,-6.5,ok,1,0,return,0,0,0,1,1,1
2026-08-02,flight_change:29636,2,2,flight_change,critical,flight,critical,flight,14:21,14:24,2,3,27377,27377,2,0,0,-6.5,ok,1,0,return,0,0,0,0,0,0
2026-08-02,flight_change:28794,1,1,flight_change,critical,flight,critical,flight,14:24,17:30,63,186,28548,28548,2,0,1,-23.7,ok,1,0,return,0,0,0,0,0,0
2026-08-02,overlap:26460:30499,1,1,overlap,critical,recorded_pickup,critical,recorded_pickup,14:24,14:48,9,24,30499,30499,2,0,1,72.1,ok,1,1,return,0,0,0,0,0,0
2026-08-02,overlap:29264:27377,1,1,overlap,critical,clock_only,critical,recorded_pickup,14:27,14:33,3,6,27377,27377,2,0,0,-6.5,ok,1,0,return,0,0,1,0,0,0
2026-08-02,late_cascade:30499,1,1,late_cascade,critical,clock_only,watch,clock_only,14:54,16:00,23,66,30499,30499,1,1,0,72.1,ok,1,1,return,0,1,0,0,0,0
2026-08-02,flight_change:27120,1,2,flight_change,critical,flight,critical,flight,14:57,14:57,1,0,31185,31185,2,0,1,-19.9,ok,1,0,return,0,0,0,0,0,0
2026-08-02,late_cascade:29140,1,1,late_cascade,watch,clock_only,watch,clock_only,15:36,15:51,6,15,29140,29140,1,1,0,-8.4,ok,1,0,arrival,0,0,0,0,0,0
2026-08-02,overrun:27377,1,1,overrun,warning,recorded_pickup,warning,recorded_pickup,16:12,16:33,8,21,27377,27377,1,1,1,-6.5,ok,1,0,return,0,0,0,0,0,0
2026-08-02,flight_change:27120,2,2,flight_change,critical,flight,critical,flight,16:33,16:45,5,12,26761,26761,2,0,1,-14.3,ok,1,0,arrival,0,0,0,0,0,0
2026-08-02,late_cascade:22747,1,1,late_cascade,critical,clock_only,watch,clock_only,17:27,19:39,45,132,22747,22747,1,1,0,108.6,ok,1,1,arrival,0,1,0,0,0,0
2026-08-02,flight_change:31294,1,1,flight_change,critical,flight,critical,flight,17:30,17:30,1,0,28368,28368,2,0,1,-41.8,ok,1,0,arrival,0,0,0,0,0,0
2026-08-02,overlap:30947:26761,1,1,overlap,warning,recorded_pickup,warning,recorded_pickup,17:39,18:15,13,36,26761,26761,2,0,1,-14.3,ok,1,0,arrival,0,0,0,0,0,0
2026-08-02,late_cascade:30950,1,1,late_cascade,critical,clock_only,critical,clock_only,17:48,17:54,3,6,29578,29578,2,0,1,-10.4,ok,1,0,other,0,0,0,0,0,0
2026-08-02,late_cascade:31915,1,1,late_cascade,critical,clock_only,critical,clock_only,18:24,18:51,10,27,31915,31915,1,1,0,69.0,ok,1,1,arrival,0,0,0,0,0,0
2026-08-02,overrun:29578,1,1,overrun,warning,recorded_pickup,warning,recorded_pickup,19:39,19:39,1,0,29578,29578,1,1,1,-10.4,ok,1,0,other,0,0,0,0,0,0
2026-08-02,overrun:22747,1,1,overrun,warning,recorded_pickup,warning,recorded_pickup,19:48,19:48,1,0,22747,22747,1,1,1,108.6,ok,1,1,arrival,0,0,0,0,0,0
2026-08-03,flight_change:22792,1,1,flight_change,critical,flight,warning,flight,06:00,13:57,160,477,22792,20648,1,1,1,-66.5,ok,1,0,arrival,0,1,0,1,1,1
2026-08-03,flight_change:24632,1,1,flight_change,critical,flight,critical,flight,06:00,14:09,164,489,31754,31754,2,0,1,25.1,ok,1,1,arrival,0,0,0,0,0,0
2026-08-03,flight_change:27858,1,1,flight_change,critical,flight,critical,flight,06:00,10:24,89,264,27659,27659,2,0,1,-4.6,ok,1,0,cruise,0,0,0,0,0,0
2026-08-03,flight_change:29902,1,1,flight_change,critical,flight,critical,flight,06:00,17:39,234,699,24640,24640,2,0,1,2.8,ok,1,0,arrival,0,0,0,1,0,1
2026-08-03,flight_change:31291,1,1,flight_change,critical,flight,critical,flight,06:00,19:18,267,798,31644,31644,2,0,1,,none,0,,other,0,0,0,0,0,0
2026-08-03,flight_change:31823,1,1,flight_change,warning,flight,critical,flight,06:00,14:06,163,486,20648,31823,2,0,1,7.8,ok,1,0,arrival,0,1,0,1,1,1
2026-08-03,flight_change:31847,1,1,flight_change,critical,flight,critical,flight,06:00,15:00,181,540,29581,29581,2,0,1,-8.7,ok,1,0,other,0,0,0,0,0,0
2026-08-03,flight_change:31899,1,1,flight_change,critical,flight,critical,flight,06:00,08:48,57,168,30579,30579,2,0,0,-9.5,ok,1,0,return,0,0,0,0,0,0
2026-08-03,flight_change:32026,1,1,flight_change,critical,flight,critical,flight,06:00,11:00,101,300,29162,29162,2,0,1,-14.5,ok,1,0,return,0,0,0,0,0,0
2026-08-03,flight_change:32288,1,1,flight_change,warning,flight,warning,flight,06:00,14:51,178,531,32288,32288,1,1,1,8.1,ok,1,0,arrival,0,0,0,0,0,0
2026-08-03,late_cascade:32159,1,1,late_cascade,critical,clock_only,critical,clock_only,06:00,06:03,2,3,32159,32159,1,1,0,34.7,ok,1,1,return,0,0,0,0,0,0
2026-08-03,overlap:24604:29526,1,1,overlap,critical,clock_only,critical,recorded_pickup,06:00,08:24,49,144,29526,29526,2,0,1,-10.4,ok,1,0,cruise,0,0,1,0,0,0
2026-08-03,overlap:30328:27874,1,1,overlap,critical,clock_only,critical,recorded_pickup,06:00,12:27,130,387,27874,27874,2,0,1,-17.8,ok,1,0,return,0,0,1,0,0,0
2026-08-03,overlap:31558:19768,1,1,overlap,critical,clock_only,critical,clock_only,06:00,08:00,41,120,19768,19768,2,0,1,-12.3,ok,1,0,cruise,0,0,0,0,0,0
2026-08-03,overlap:30867:25954,1,1,overlap,warning,recorded_pickup,warning,recorded_pickup,06:15,07:06,18,51,25954,25954,2,0,0,-9.7,ok,1,0,return,0,0,0,0,0,0
2026-08-03,late_cascade:24604,1,1,late_cascade,critical,clock_only,critical,clock_only,07:09,07:12,2,3,29526,29526,2,0,1,-10.4,ok,1,0,cruise,0,0,0,0,0,0
2026-08-03,late_cascade:29579,1,1,late_cascade,critical,clock_only,watch,clock_only,07:51,08:42,18,51,29579,31995,1,1,1,-3.3,ok,1,0,other,0,1,0,2,2,1
2026-08-03,late_cascade:25745,1,1,late_cascade,watch,clock_only,watch,clock_only,08:18,08:27,4,9,25745,25745,1,1,0,-31.1,ok,1,0,return,0,0,0,0,0,0
2026-08-03,overlap:25745:30328,1,1,overlap,warning,recorded_pickup,warning,recorded_pickup,08:30,10:27,40,117,30328,30328,2,0,0,-17.9,ok,1,0,return,0,0,0,0,0,0
2026-08-03,overlap:29579:26226,1,1,overlap,warning,recorded_pickup,warning,recorded_pickup,08:45,09:51,23,66,26226,26226,2,0,0,-11.8,ok,1,0,cruise,0,0,0,0,0,0
2026-08-03,unassigned:31899,1,1,unassigned,warning,clock_only,warning,clock_only,08:51,09:27,13,36,31899,31899,1,1,0,,none,0,,arrival,0,0,0,0,0,0
2026-08-03,flight_change:25845,1,1,flight_change,critical,flight,critical,flight,08:57,10:06,24,69,32318,32318,2,0,1,-8.4,ok,1,0,return,0,0,0,0,0,0
2026-08-03,flight_change:31041,1,3,flight_change,warning,flight,warning,flight,08:57,08:57,1,0,31041,31041,1,1,0,-10.2,ok,1,0,arrival,0,0,0,0,0,0
2026-08-03,unassigned:32317,1,1,unassigned,warning,clock_only,warning,clock_only,09:00,09:18,7,18,32317,32317,1,1,0,-2.5,ok,1,0,arrival,0,0,0,0,0,0
2026-08-03,overlap:29723:32052,1,1,overlap,warning,recorded_pickup,warning,recorded_pickup,09:15,10:12,20,57,32052,32052,2,0,0,-4.6,ok,1,0,arrival,0,0,0,0,0,0
2026-08-03,overlap:32317:15932,1,1,overlap,critical,clock_only,critical,recorded_pickup,09:21,11:57,53,156,15932,15932,2,0,1,-11.5,ok,1,0,cruise,0,0,1,0,0,0
2026-08-03,flight_change:31041,2,3,flight_change,critical,flight,critical,flight,09:24,10:21,20,57,31016,31016,2,0,0,9.2,ok,1,0,arrival,0,0,0,0,0,0
2026-08-03,overlap:32326:23025,1,1,overlap,critical,clock_only,critical,clock_only,09:45,09:57,5,12,23025,23025,2,0,1,3.6,ok,1,0,cruise,0,0,0,0,0,0
2026-08-03,late_cascade:31281,1,1,late_cascade,watch,clock_only,watch,clock_only,09:48,10:12,9,24,31281,31281,1,1,0,11.7,ok,1,0,cruise,0,0,0,0,0,0
2026-08-03,overlap:32318:25845,1,1,overlap,critical,clock_only,critical,clock_only,10:09,12:03,39,114,25845,25845,2,0,1,20.6,ok,1,1,arrival,0,0,0,0,0,0
2026-08-03,overlap:31281:27659,1,1,overlap,critical,recorded_pickup,critical,recorded_pickup,10:27,11:27,21,60,27659,27659,2,0,1,-4.6,ok,1,0,cruise,0,0,0,0,0,0
2026-08-03,late_cascade:30328,1,1,late_cascade,critical,clock_only,watch,clock_only,10:33,11:21,17,48,30328,27874,1,1,1,-17.9,ok,1,0,return,0,1,0,1,1,1
2026-08-03,late_cascade:32317,1,1,late_cascade,critical,clock_only,critical,clock_only,11:03,11:15,5,12,15932,15932,2,0,1,-11.5,ok,1,0,cruise,0,0,0,0,0,0
2026-08-03,late_cascade:27659,1,1,late_cascade,critical,clock_only,critical,clock_only,11:57,12:12,6,15,25845,25845,2,0,1,20.6,ok,1,1,arrival,0,0,0,0,1,1
2026-08-03,unassigned:32352,1,1,unassigned,warning,clock_only,warning,clock_only,12:06,12:06,1,0,32352,32352,1,1,0,17.6,ok,1,1,return,0,0,0,0,0,0
2026-08-03,flight_change:30956,1,1,flight_change,critical,flight,critical,flight,12:09,12:33,9,24,32352,32352,2,0,1,17.6,ok,1,1,return,0,0,0,0,0,0
2026-08-03,overlap:27659:25845,1,1,overlap,critical,recorded_pickup,critical,recorded_pickup,12:15,13:51,33,96,25845,25845,2,0,1,20.6,ok,1,1,arrival,0,0,0,0,0,0
2026-08-03,overrun:27877,1,1,overrun,warning,recorded_pickup,warning,recorded_pickup,12:30,12:51,8,21,27877,27877,1,1,0,54.2,ok,1,1,cruise,0,0,0,0,0,0
2026-08-03,overlap:32352:31647,1,1,overlap,critical,clock_only,critical,clock_only,13:12,13:42,11,30,31647,31647,2,0,1,-24.6,ok,1,0,return,0,0,0,0,0,0
2026-08-03,late_cascade:32352,1,1,late_cascade,critical,clock_only,critical,clock_only,13:45,13:45,1,0,32352,32352,1,1,0,17.6,ok,1,1,return,0,0,0,0,0,0
2026-08-03,overrun:29580,1,1,overrun,warning,recorded_pickup,warning,recorded_pickup,13:54,13:57,2,3,29580,29580,1,1,1,-9.0,ok,1,0,other,0,0,0,0,0,0
2026-08-03,overrun:32352,1,1,overrun,warning,recorded_pickup,warning,recorded_pickup,14:27,14:27,1,0,32352,32352,1,1,1,17.6,ok,1,1,return,0,0,0,0,0,0
2026-08-03,flight_change:31041,3,3,flight_change,critical,flight,critical,flight,15:03,18:24,68,201,22811,22811,2,0,1,-12.2,ok,1,0,return,0,0,0,0,0,0
2026-08-03,unassigned:24640,1,1,unassigned,warning,clock_only,warning,clock_only,17:45,17:48,2,3,24640,24640,1,1,1,2.8,ok,1,0,arrival,0,0,0,0,0,0
2026-08-03,overlap:31041:22811,1,1,overlap,critical,recorded_pickup,critical,recorded_pickup,18:27,19:27,21,60,22811,22811,2,0,1,-12.2,ok,1,0,return,0,0,0,0,0,0
2026-08-03,late_cascade:31796,1,1,late_cascade,watch,clock_only,watch,clock_only,19:27,19:42,6,15,31796,31796,1,1,0,18.7,ok,1,1,arrival,0,0,0,0,0,0
2026-08-03,overrun:31847,1,1,overrun,warning,recorded_pickup,warning,recorded_pickup,20:00,20:21,8,21,31847,31847,1,1,1,41.1,ok,1,1,arrival,0,0,0,0,0,0
2026-08-03,late_cascade:31291,1,1,late_cascade,watch,clock_only,watch,clock_only,20:33,20:39,3,6,31291,31291,1,1,0,23.8,ok,1,1,arrival,0,0,0,0,0,0
2026-08-03,overrun:31291,1,1,overrun,warning,recorded_pickup,warning,recorded_pickup,21:30,21:51,8,21,31291,31291,1,1,1,23.8,ok,1,1,arrival,0,0,0,0,0,0
2026-08-04,flight_change:22276,1,1,flight_change,critical,flight,critical,flight,06:00,11:57,120,357,31188,31188,2,0,1,7.1,ok,1,0,arrival,0,0,0,0,0,0
2026-08-04,flight_change:28812,1,2,flight_change,critical,flight,critical,flight,06:00,10:54,99,294,31928,31928,2,0,1,-16.0,ok,1,0,arrival,0,0,0,1,0,1
2026-08-04,flight_change:31877,1,1,flight_change,critical,flight,warning,flight,06:00,17:42,235,702,31877,31181,1,1,1,35.8,ok,1,1,arrival,0,1,0,2,1,2
2026-08-04,overlap:29582:30739,1,1,overlap,critical,clock_only,critical,recorded_pickup,06:00,12:27,130,387,30739,30739,2,0,1,-4.7,ok,1,0,return,0,0,1,0,0,0
2026-08-04,overlap:31253:29469,1,1,overlap,warning,recorded_pickup,warning,recorded_pickup,08:09,09:12,22,63,29469,29469,2,0,1,1.2,ok,1,0,arrival,0,0,0,0,0,1
2026-08-04,flight_change:29889,1,1,flight_change,critical,flight,critical,flight,09:21,09:21,1,0,30553,30553,2,0,1,13.2,ok,1,0,arrival,0,0,0,0,0,0
2026-08-04,flight_change:31401,1,1,flight_change,critical,flight,critical,flight,09:24,09:36,5,12,29889,29889,2,0,1,-15.8,ok,1,0,arrival,0,0,0,0,0,0
2026-08-04,flight_change:32021,1,1,flight_change,critical,flight,critical,flight,09:24,10:54,31,90,31525,31525,2,0,1,11.9,ok,1,0,arrival,0,0,0,0,0,0
2026-08-04,flight_change:29558,1,1,flight_change,warning,flight,warning,flight,09:39,11:15,33,96,29558,29558,1,1,1,24.0,ok,1,1,arrival,0,0,0,0,0,0
2026-08-04,late_cascade:28596,1,1,late_cascade,critical,clock_only,critical,clock_only,09:39,09:45,3,6,30090,30090,2,0,1,56.8,ok,1,1,arrival,0,0,0,0,0,0
2026-08-04,overlap:26529:20568,1,1,overlap,critical,clock_only,critical,clock_only,09:39,10:18,14,39,20568,20568,2,0,1,-2.7,ok,1,0,arrival,0,0,0,0,0,0
2026-08-04,late_cascade:31996,1,1,late_cascade,watch,clock_only,watch,clock_only,09:48,09:57,4,9,31996,31996,1,1,0,-6.7,ok,1,0,other,0,0,0,0,0,0
2026-08-04,overlap:28596:30090,1,1,overlap,critical,recorded_pickup,critical,recorded_pickup,09:48,09:51,2,3,30090,30090,2,0,1,56.8,ok,1,1,arrival,0,0,0,0,0,0
2026-08-04,overlap:31996:26529,1,1,overlap,warning,recorded_pickup,warning,recorded_pickup,10:00,10:18,7,18,26529,26529,2,0,0,-20.4,ok,1,0,return,0,0,0,0,0,0
2026-08-04,overrun:31917,1,1,overrun,warning,recorded_pickup,critical,recorded_pickup,10:12,10:42,11,30,29931,31917,3,0,1,15.5,ok,1,1,arrival,0,1,0,2,2,1
2026-08-04,flight_change:28812,2,2,flight_change,critical,flight,critical,flight,11:09,11:45,13,36,27534,27534,2,0,1,-33.8,ok,1,0,return,0,0,0,0,0,0
2026-08-04,flight_change:29931,1,1,flight_change,critical,flight,critical,flight,11:09,11:51,15,42,17995,17995,2,0,1,-46.5,ok,1,0,return,0,0,0,0,0,0
2026-08-04,overlap:32453:28812,1,1,overlap,critical,clock_only,critical,clock_only,11:09,11:45,13,36,28812,28812,2,0,1,,none,0,,arrival,0,0,0,0,0,0
2026-08-04,late_cascade:29582,1,1,late_cascade,critical,clock_only,critical,clock_only,11:33,11:42,4,9,27534,27534,5,0,1,-33.8,ok,1,0,return,0,0,0,0,0,0
2026-08-04,late_cascade:32021,1,1,late_cascade,critical,clock_only,critical,clock_only,12:03,12:06,2,3,31525,31525,2,0,1,11.9,ok,1,0,arrival,0,0,0,0,0,0
2026-08-04,overlap:32021:31525,1,1,overlap,critical,recorded_pickup,critical,recorded_pickup,12:09,12:57,17,48,31525,31525,2,0,1,11.9,ok,1,0,arrival,0,0,0,0,0,1
2026-08-04,late_cascade:30739,1,1,late_cascade,critical,clock_only,critical,clock_only,12:33,12:33,1,0,32453,32453,2,0,1,0.6,ok,1,0,return,0,0,0,0,0,0
2026-08-04,overlap:30739:32453,1,1,overlap,critical,recorded_pickup,critical,recorded_pickup,12:36,13:27,18,51,32453,32453,2,0,1,0.6,ok,1,0,return,0,0,0,0,0,0
2026-08-04,flight_change:27125,1,1,flight_change,critical,flight,critical,flight,14:06,14:06,1,0,30514,30514,2,0,1,6.7,ok,1,0,arrival,0,0,0,0,0,0
2026-08-04,flight_change:31835,1,1,flight_change,critical,flight,critical,flight,14:39,14:39,1,0,30266,30266,2,0,1,-8.4,ok,1,0,return,0,0,0,0,0,0
2026-08-04,overrun:29931,1,1,overrun,warning,recorded_pickup,warning,recorded_pickup,14:39,14:57,7,18,29931,29931,1,1,1,15.5,ok,1,1,arrival,0,0,0,0,0,0
2026-08-04,overlap:31928:27125,1,1,overlap,warning,recorded_pickup,warning,recorded_pickup,14:54,15:39,16,45,27125,27125,2,0,1,-5.0,ok,1,0,arrival,0,0,0,0,0,0
2026-08-04,late_cascade:31135,1,1,late_cascade,critical,clock_only,critical,clock_only,16:42,16:42,1,0,30266,30266,2,0,1,-8.4,ok,1,0,return,0,0,0,0,0,0
2026-08-04,late_cascade:31877,1,1,late_cascade,critical,clock_only,watch,clock_only,16:57,17:42,16,45,31877,32319,1,1,1,35.8,ok,1,1,arrival,0,1,0,1,1,1
2026-08-04,overlap:31877:32319,1,1,overlap,critical,recorded_pickup,critical,recorded_pickup,17:45,18:21,13,36,32319,32319,2,0,1,18.4,ok,1,1,arrival,0,0,0,0,0,1
2026-08-04,overrun:31918,1,1,overrun,warning,recorded_pickup,critical,recorded_pickup,18:27,18:42,6,15,19171,31918,2,0,1,16.2,ok,1,1,arrival,0,1,0,1,1,1
2026-08-04,late_cascade:22796,1,1,late_cascade,watch,clock_only,watch,clock_only,19:18,19:33,6,15,22796,22796,1,1,0,18.9,ok,1,1,arrival,0,0,0,0,0,0
2026-08-04,overrun:22796,1,1,overrun,warning,recorded_pickup,warning,recorded_pickup,20:09,20:30,8,21,22796,22796,1,1,1,18.9,ok,1,1,arrival,0,0,0,0,0,0
2026-08-04,unassigned:26861,1,1,unassigned,warning,clock_only,warning,clock_only,22:00,22:15,6,15,26861,26861,1,1,1,,none,0,,arrival,0,0,0,0,0,0
2026-08-05,flight_change:21382,1,2,flight_change,critical,flight,critical,flight,06:00,11:24,109,324,27781,27781,2,0,1,-18.1,ok,1,0,return,0,0,0,0,0,0
2026-08-05,flight_change:27904,1,1,flight_change,critical,flight,critical,flight,06:00,10:06,83,246,32723,32723,2,0,1,-7.6,ok,1,0,arrival,0,0,0,0,0,0
2026-08-05,flight_change:29007,1,2,flight_change,critical,flight,critical,flight,06:00,11:48,117,348,31749,31749,2,0,1,29.8,ok,1,1,arrival,0,0,0,0,0,0
2026-08-05,flight_change:29886,1,1,flight_change,critical,flight,critical,flight,06:00,09:48,77,228,31546,31546,2,0,0,-26.6,ok,1,0,return,0,0,0,0,0,0
2026-08-05,flight_change:30449,1,1,flight_change,critical,flight,critical,flight,06:00,15:57,200,597,30913,30913,2,0,1,-19.3,ok,1,0,arrival,0,0,0,0,0,0
2026-08-05,flight_change:30660,1,1,flight_change,critical,flight,critical,flight,06:00,13:06,143,426,28782,28782,2,0,1,21.8,ok,1,1,arrival,0,0,0,0,0,0
2026-08-05,flight_change:30951,1,1,flight_change,critical,flight,warning,flight,06:00,10:48,97,288,30951,30907,1,1,0,56.0,ok,1,1,arrival,0,1,0,1,1,1
2026-08-05,flight_change:31737,1,1,flight_change,critical,flight,critical,flight,06:00,10:24,89,264,19326,19326,2,0,1,-14.5,ok,1,0,return,0,0,0,0,0,0
2026-08-05,flight_change:32160,1,1,flight_change,critical,flight,critical,flight,06:00,15:21,188,561,28820,28820,2,0,1,-30.3,ok,1,0,return,0,0,0,0,0,0
2026-08-05,flight_change:32626,1,1,flight_change,critical,flight,critical,flight,06:00,10:15,86,255,26238,26238,2,0,0,22.2,ok,1,1,arrival,0,0,0,0,0,0
2026-08-05,overlap:20628:26470,1,1,overlap,critical,clock_only,critical,recorded_pickup,06:00,10:42,95,282,26470,26470,2,0,1,5.8,ok,1,0,return,0,0,1,0,0,0
2026-08-05,overlap:25403:31187,1,1,overlap,critical,clock_only,critical,clock_only,06:00,10:00,81,240,31187,31187,2,0,1,2.8,ok,1,0,other,0,0,0,0,0,0
2026-08-05,overlap:25816:21793,1,1,overlap,critical,clock_only,critical,clock_only,06:00,11:57,120,357,21793,21793,2,0,1,-30.7,ok,1,0,return,0,0,0,0,0,0
2026-08-05,overlap:27870:23012,1,1,overlap,critical,clock_only,critical,clock_only,06:00,09:06,63,186,23012,23012,2,0,1,,none,0,,cruise,0,0,0,0,0,0
2026-08-05,overlap:29877:26817,1,1,overlap,critical,clock_only,critical,recorded_pickup,06:00,10:48,97,288,26817,26817,2,0,1,43.7,ok,1,1,return,0,0,1,0,0,0
2026-08-05,late_cascade:26992,1,1,late_cascade,critical,clock_only,watch,clock_only,08:30,08:54,9,24,26992,30573,1,1,1,55.8,ok,1,1,cruise,0,1,0,2,2,1
2026-08-05,overlap:26992:30573,1,1,overlap,critical,recorded_pickup,critical,recorded_pickup,08:57,09:12,6,15,30573,30573,2,0,1,,none,0,,arrival,0,0,0,0,0,0
2026-08-05,late_cascade:29583,1,1,late_cascade,critical,clock_only,critical,clock_only,09:33,09:51,7,18,26817,26817,3,0,1,43.7,ok,1,1,return,0,0,0,0,0,0
2026-08-05,late_cascade:30573,1,1,late_cascade,critical,clock_only,critical,clock_only,09:54,09:54,1,0,26777,26777,2,0,1,-22.8,ok,1,0,arrival,0,0,0,0,0,0
2026-08-05,overlap:29583:29877,1,1,overlap,critical,recorded_pickup,critical,recorded_pickup,09:54,10:27,12,33,29877,29877,2,0,1,9.8,ok,1,0,return,0,0,0,0,0,0
2026-08-05,overlap:30573:26777,1,1,overlap,critical,recorded_pickup,critical,recorded_pickup,09:57,10:48,18,51,26777,26777,2,0,1,-22.8,ok,1,0,arrival,0,0,0,0,0,0
2026-08-05,late_cascade:23012,1,1,late_cascade,critical,clock_only,critical,clock_only,10:09,10:24,6,15,30500,31373,3,0,1,,none,0,,arrival,0,0,0,1,1,0
2026-08-05,overlap:23012:31373,1,1,overlap,critical,recorded_pickup,critical,recorded_pickup,10:27,11:54,30,87,31373,31373,2,0,1,,none,0,,arrival,0,0,0,0,0,0
2026-08-05,late_cascade:29877,1,1,late_cascade,critical,clock_only,critical,clock_only,10:33,10:39,3,6,26817,26817,2,0,1,43.7,ok,1,1,return,0,0,0,0,0,0
2026-08-05,flight_change:32631,1,1,flight_change,warning,flight,warning,flight,11:15,11:57,15,42,32631,32631,1,1,0,11.2,ok,1,0,other,0,0,0,0,0,0
2026-08-05,late_cascade:29005,1,1,late_cascade,critical,clock_only,critical,clock_only,11:21,11:33,5,12,30011,30907,3,0,1,3.6,ok,1,0,return,0,0,0,1,1,0
2026-08-05,overlap:29985:27781,1,1,overlap,critical,clock_only,critical,clock_only,11:27,13:48,48,141,27781,27781,2,0,1,-18.1,ok,1,0,return,0,0,0,0,0,0
2026-08-05,overrun:29877,1,1,overrun,warning,recorded_pickup,warning,recorded_pickup,11:27,11:30,2,3,29877,29877,1,1,0,9.8,ok,1,0,return,0,0,0,0,0,0
2026-08-05,overlap:29005:30907,1,1,overlap,critical,recorded_pickup,critical,recorded_pickup,11:36,12:27,18,51,30907,30907,2,0,1,-21.6,ok,1,0,other,0,0,0,0,0,0
2026-08-05,late_cascade:26777,1,1,late_cascade,critical,clock_only,critical,clock_only,12:18,12:24,3,6,32451,32451,2,0,1,-3.3,ok,1,0,arrival,0,0,0,0,0,0
2026-08-05,overlap:26777:32451,1,1,overlap,critical,recorded_pickup,critical,recorded_pickup,12:27,13:15,17,48,32451,32451,2,0,1,-3.3,ok,1,0,arrival,0,0,0,0,0,0
2026-08-05,late_cascade:30011,1,1,late_cascade,critical,clock_only,critical,clock_only,13:03,13:03,1,0,30011,30011,1,1,0,3.6,ok,1,0,return,0,0,0,0,0,0
2026-08-05,flight_change:29007,2,2,flight_change,critical,flight,critical,flight,13:06,15:48,55,162,22569,22569,2,0,1,33.6,ok,1,1,return,0,0,0,0,0,0
2026-08-05,flight_change:31365,1,1,flight_change,critical,flight,critical,flight,13:09,13:09,1,0,28782,28782,2,0,1,21.8,ok,1,1,arrival,0,0,0,0,0,0
2026-08-05,flight_change:31749,1,1,flight_change,critical,flight,critical,flight,13:12,13:12,1,0,31365,31365,2,0,1,23.1,ok,1,1,arrival,0,0,0,0,0,0
2026-08-05,flight_change:32864,1,1,flight_change,critical,flight,critical,flight,13:15,16:21,63,186,32234,32234,2,0,1,16.2,ok,1,1,arrival,0,0,0,0,0,0
2026-08-05,overlap:30011:26238,1,1,overlap,warning,recorded_pickup,warning,recorded_pickup,13:27,13:45,7,18,26238,26238,2,0,1,22.2,ok,1,1,arrival,0,0,0,0,0,0
2026-08-05,overlap:27018:31325,1,1,overlap,warning,recorded_pickup,warning,recorded_pickup,14:51,16:24,32,93,31325,31325,2,0,1,-32.6,ok,1,0,arrival,0,0,0,0,0,0
2026-08-05,overrun:32631,1,1,overrun,warning,recorded_pickup,warning,recorded_pickup,14:51,14:51,1,0,32631,32631,1,1,1,11.2,ok,1,0,other,0,0,0,0,0,0
2026-08-05,unassigned:29992,1,1,unassigned,warning,clock_only,critical,clock_only,15:18,15:36,7,18,29992,29992,1,1,1,6.6,ok,1,0,arrival,0,1,0,0,0,0
2026-08-05,unassigned:31546,1,1,unassigned,critical,clock_only,critical,clock_only,15:18,15:21,2,3,31546,31546,1,1,1,-26.6,ok,1,0,return,0,0,0,0,0,0
2026-08-05,overlap:31546:27781,1,1,overlap,critical,clock_only,critical,clock_only,15:24,16:09,16,45,27781,27781,2,0,1,-18.1,ok,1,0,return,0,0,0,0,0,0
2026-08-05,late_cascade:29886,1,1,late_cascade,critical,clock_only,critical,clock_only,15:48,15:54,3,6,29886,29886,1,1,0,47.2,ok,1,1,arrival,0,0,0,0,0,0
2026-08-05,late_cascade:31546,1,1,late_cascade,critical,clock_only,critical,clock_only,16:03,16:09,3,6,27781,27781,2,0,1,-18.1,ok,1,0,return,0,0,0,0,0,0
2026-08-05,unassigned:26936,1,1,unassigned,warning,clock_only,warning,clock_only,16:12,16:12,1,0,26936,26936,1,1,1,,none,0,,return,0,0,0,0,0,0
2026-08-05,flight_change:21382,2,2,flight_change,critical,flight,critical,flight,16:15,17:30,26,75,26936,26936,2,0,1,,none,0,,return,0,0,0,0,0,0
2026-08-05,overrun:30908,1,1,overrun,warning,recorded_pickup,warning,recorded_pickup,16:30,16:33,2,3,30908,30908,1,1,1,11.8,ok,1,0,other,0,0,0,0,0,0
2026-08-05,late_cascade:22569,1,1,late_cascade,critical,clock_only,critical,clock_only,16:48,17:18,11,30,22569,22569,1,1,0,33.6,ok,1,1,return,0,0,0,0,0,0
2026-08-05,late_cascade:28820,1,1,late_cascade,critical,clock_only,critical,clock_only,17:09,17:09,1,0,30913,30913,2,0,1,-19.3,ok,1,0,arrival,0,0,0,0,0,0
2026-08-05,overlap:28820:30913,1,1,overlap,critical,recorded_pickup,critical,recorded_pickup,17:12,18:36,29,84,30913,30913,2,0,1,-19.3,ok,1,0,arrival,0,0,0,0,0,0
2026-08-05,unassigned:32934,1,1,unassigned,critical,clock_only,critical,clock_only,17:24,17:24,1,0,32934,32934,1,1,1,38.3,ok,1,1,return,0,0,0,0,0,0
2026-08-05,late_cascade:21382,1,2,late_cascade,critical,clock_only,critical,clock_only,18:24,19:00,13,36,21382,21382,1,1,0,76.8,ok,1,1,arrival,0,0,0,0,0,0
2026-08-05,overrun:31365,1,1,overrun,warning,recorded_pickup,warning,recorded_pickup,18:33,18:33,1,0,31365,31365,1,1,1,23.1,ok,1,1,arrival,0,0,0,0,0,0
2026-08-05,late_cascade:21382,2,2,late_cascade,watch,clock_only,watch,clock_only,19:06,19:39,12,33,21382,21382,1,1,0,76.8,ok,1,1,arrival,0,0,0,0,0,0
2026-08-05,late_cascade:30916,1,1,late_cascade,critical,clock_only,critical,clock_only,19:24,19:33,4,9,30916,30916,1,1,0,52.0,ok,1,1,arrival,0,0,0,0,0,0
2026-08-05,overrun:21382,1,1,overrun,warning,recorded_pickup,warning,recorded_pickup,19:42,19:54,5,12,21382,21382,1,1,1,76.8,ok,1,1,arrival,0,0,0,0,0,0
2026-08-05,late_cascade:30913,1,1,late_cascade,watch,clock_only,watch,clock_only,20:00,20:30,11,30,30913,30913,1,1,0,-19.3,ok,1,0,arrival,0,0,0,0,0,0
2026-08-06,flight_change:24091,1,1,flight_change,critical,flight,critical,flight,06:00,12:00,121,360,31183,31183,2,0,1,,none,0,,return,0,0,0,0,0,0
2026-08-06,flight_change:24489,1,1,flight_change,critical,flight,critical,flight,06:00,11:45,116,345,24051,24051,2,0,1,6.4,ok,1,0,return,0,0,0,0,0,0
2026-08-06,flight_change:24815,1,2,flight_change,critical,flight,critical,flight,06:00,18:51,258,771,28620,28620,2,0,1,,none,0,,arrival,0,0,0,0,0,1
2026-08-06,flight_change:26527,1,1,flight_change,critical,flight,critical,flight,06:00,09:42,75,222,30276,30276,2,0,1,,none,0,,arrival,0,0,0,0,0,0
2026-08-06,flight_change:26762,1,1,flight_change,warning,flight,warning,flight,06:00,07:15,26,75,26762,26762,1,1,0,-8.5,ok,1,0,return,0,0,0,0,0,0
2026-08-06,flight_change:32739,1,1,flight_change,critical,flight,critical,flight,06:00,14:18,167,498,22730,22730,2,0,0,22.3,ok,1,1,arrival,0,0,0,0,0,0
2026-08-06,overlap:22567:30842,1,2,overlap,critical,clock_only,critical,clock_only,06:00,07:03,22,63,30842,30842,2,0,1,-49.0,ok,1,0,arrival,0,0,0,0,0,0
2026-08-06,overlap:28620:31538,1,1,overlap,critical,clock_only,critical,clock_only,06:00,18:51,258,771,31538,31538,2,0,1,79.8,ok,1,1,arrival,0,0,0,0,0,0
2026-08-06,overlap:29724:27542,1,1,overlap,critical,recorded_pickup,critical,recorded_pickup,06:00,07:21,28,81,27542,27542,2,0,1,-12.2,ok,1,0,return,0,0,0,0,0,0
2026-08-06,overlap:30318:32928,1,1,overlap,critical,clock_only,critical,clock_only,06:00,09:42,75,222,32928,32928,2,0,1,6.1,ok,1,0,return,0,0,0,0,0,0
2026-08-06,overlap:31183:28721,1,1,overlap,critical,clock_only,critical,clock_only,06:00,07:39,34,99,28721,28721,2,0,1,7.9,ok,1,0,return,0,0,0,0,0,0
2026-08-06,overlap:31467:26666,1,1,overlap,critical,clock_only,critical,clock_only,06:00,08:48,57,168,26666,26666,2,0,1,-18.1,ok,1,0,return,0,0,0,0,0,0
2026-08-06,flight_change:30842,1,1,flight_change,critical,flight,critical,flight,07:06,07:12,3,6,27552,27552,2,0,1,-43.7,ok,1,0,return,0,0,0,0,0,0
2026-08-06,overlap:22567:22793,1,1,overlap,critical,clock_only,critical,clock_only,07:06,07:12,3,6,22793,22793,2,0,1,-16.2,ok,1,0,return,0,0,0,0,0,0
2026-08-06,overlap:22567:30842,2,2,overlap,critical,clock_only,critical,clock_only,07:15,07:27,5,12,30842,30842,2,0,1,-49.0,ok,1,0,arrival,0,0,0,0,0,0
2026-08-06,flight_change:29549,1,1,flight_change,critical,flight,critical,flight,07:30,09:03,32,93,30842,30842,2,0,1,-49.0,ok,1,0,arrival,0,0,0,0,0,0
2026-08-06,flight_change:29850,1,3,flight_change,critical,flight,critical,flight,07:42,09:06,29,84,28721,28721,2,0,0,7.9,ok,1,0,return,0,0,0,0,0,0
2026-08-06,overlap:26327:29462,1,1,overlap,warning,recorded_pickup,warning,recorded_pickup,08:48,09:42,19,54,29462,29462,2,0,0,-18.6,ok,1,0,return,0,0,0,0,0,0
2026-08-06,flight_change:31321,1,1,flight_change,critical,flight,critical,flight,09:06,12:45,74,219,29595,29595,2,0,1,-10.8,ok,1,0,return,0,0,0,0,0,0
2026-08-06,late_cascade:28678,1,1,late_cascade,critical,clock_only,watch,clock_only,09:18,10:00,15,42,28678,32380,1,1,1,14.4,ok,1,0,arrival,0,1,0,1,1,1
2026-08-06,flight_change:32095,1,1,flight_change,critical,flight,critical,flight,09:33,10:54,28,81,23461,23461,2,0,1,11.7,ok,1,0,return,0,0,0,1,0,1
2026-08-06,flight_change:24384,1,1,flight_change,critical,flight,critical,flight,09:45,16:03,127,378,32928,32928,2,0,1,6.1,ok,1,0,return,0,0,0,0,0,0
2026-08-06,flight_change:29850,2,3,flight_change,critical,flight,critical,flight,09:45,09:45,1,0,23461,23461,2,0,1,11.7,ok,1,0,return,0,0,0,0,0,0
2026-08-06,late_cascade:29817,1,1,late_cascade,critical,clock_only,watch,clock_only,09:48,10:06,7,18,29817,24489,1,1,1,8.7,ok,1,0,arrival,0,1,0,2,2,1
2026-08-06,overlap:28678:32380,1,1,overlap,critical,recorded_pickup,critical,recorded_pickup,10:03,10:45,15,42,32380,32380,2,0,1,23.2,ok,1,1,arrival,0,0,0,0,0,1
2026-08-06,overlap:31599:24714,1,1,overlap,warning,recorded_pickup,warning,recorded_pickup,10:06,10:27,8,21,24714,24714,2,0,0,59.0,ok,1,1,arrival,0,0,0,0,0,1
2026-08-06,overlap:29817:24489,1,1,overlap,critical,recorded_pickup,critical,recorded_pickup,10:09,11:09,21,60,24489,24489,2,0,1,13.0,ok,1,0,arrival,0,0,0,0,0,0
2026-08-06,flight_change:29850,3,3,flight_change,critical,flight,critical,flight,10:57,13:36,54,159,23461,23461,2,0,1,11.7,ok,1,0,return,0,0,0,0,0,0
2026-08-06,unassigned:30318,1,1,unassigned,warning,clock_only,warning,clock_only,14:00,14:03,2,3,30318,30318,1,1,1,9.9,ok,1,0,return,0,0,0,0,0,0
2026-08-06,late_cascade:28721,1,1,late_cascade,critical,clock_only,critical,clock_only,14:03,14:06,2,3,28721,28721,1,1,0,7.9,ok,1,0,return,0,0,0,0,0,0
2026-08-06,late_cascade:25292,1,1,late_cascade,watch,clock_only,watch,clock_only,14:45,15:21,13,36,25292,25292,1,1,0,-2.9,ok,1,0,arrival,0,0,0,0,0,0
2026-08-06,flight_change:32377,1,1,flight_change,critical,flight,critical,flight,14:51,15:18,10,27,30968,30968,2,0,1,14.8,ok,1,0,return,0,0,0,0,0,0
2026-08-06,late_cascade:30165,1,1,late_cascade,watch,clock_only,watch,clock_only,14:51,16:06,26,75,30165,30165,1,1,0,160.5,ok,1,1,arrival,0,0,0,0,0,0
2026-08-06,flight_change:21970,1,1,flight_change,critical,flight,critical,flight,15:21,16:51,31,90,30968,30968,2,0,1,14.8,ok,1,0,return,0,0,0,0,0,0
2026-08-06,overlap:25292:30318,1,1,overlap,critical,recorded_pickup,critical,recorded_pickup,15:24,15:57,12,33,30318,30318,2,0,0,9.9,ok,1,0,return,0,0,0,0,0,1
2026-08-06,overrun:25292,1,1,overrun,critical,recorded_pickup,critical,recorded_pickup,15:24,16:00,13,36,30318,30318,2,0,0,9.9,ok,1,0,return,0,0,0,0,0,1
2026-08-06,late_cascade:30968,1,2,late_cascade,critical,clock_only,critical,clock_only,16:03,16:12,4,9,30968,30968,1,1,0,14.8,ok,1,0,return,0,0,0,0,0,0
2026-08-06,late_cascade:32095,1,1,late_cascade,critical,clock_only,watch,clock_only,16:09,18:18,44,129,32095,32095,1,1,0,169.6,ok,1,1,arrival,0,1,0,0,0,0
2026-08-06,overlap:30165:29533,1,1,overlap,critical,recorded_pickup,critical,recorded_pickup,16:09,17:03,19,54,29533,29533,2,0,1,402.1,ok,1,1,arrival,0,0,0,0,0,0
2026-08-06,overrun:30165,1,1,overrun,critical,recorded_pickup,critical,recorded_pickup,16:09,16:09,1,0,29533,29533,2,0,1,402.1,ok,1,1,arrival,0,0,0,0,0,0
2026-08-06,late_cascade:23593,1,1,late_cascade,watch,clock_only,watch,clock_only,16:24,17:51,30,87,23593,23593,1,1,0,,none,0,,arrival,0,0,0,0,0,0
2026-08-06,late_cascade:21970,1,2,late_cascade,critical,clock_only,critical,clock_only,16:48,17:24,13,36,21970,30968,1,1,0,166.6,ok,1,1,arrival,0,0,0,1,1,1
2026-08-06,late_cascade:30968,2,2,late_cascade,watch,clock_only,watch,clock_only,16:48,17:00,5,12,30968,30968,1,1,0,14.8,ok,1,0,return,0,0,0,0,0,0
2026-08-06,late_cascade:29515,1,1,late_cascade,critical,clock_only,watch,clock_only,16:51,19:00,44,129,29515,29515,1,1,0,374.8,ok,1,1,arrival,0,1,0,0,0,0
2026-08-06,overrun:30968,1,1,overrun,warning,recorded_pickup,warning,recorded_pickup,17:03,17:03,1,0,30968,30968,1,1,1,14.8,ok,1,0,return,0,0,0,0,0,0
2026-08-06,late_cascade:21970,2,2,late_cascade,watch,clock_only,watch,clock_only,17:30,18:54,29,84,21970,21970,1,1,0,166.6,ok,1,1,arrival,0,0,0,0,0,0
2026-08-06,late_cascade:29533,1,1,late_cascade,critical,clock_only,watch,clock_only,17:45,19:54,44,129,29533,29533,1,1,0,402.1,ok,1,1,arrival,0,1,0,0,0,0
2026-08-06,late_cascade:32281,1,1,late_cascade,critical,clock_only,watch,clock_only,17:45,19:54,44,129,32281,32281,1,1,1,398.0,ok,1,1,arrival,0,1,0,1,1,1
2026-08-06,unassigned:26527,1,1,unassigned,warning,clock_only,critical,clock_only,17:48,19:27,34,99,26527,26527,1,1,1,236.1,ok,1,1,arrival,0,1,0,0,0,0
2026-08-06,late_cascade:28526,1,1,late_cascade,critical,clock_only,watch,clock_only,18:42,20:06,29,84,28526,28526,1,1,0,117.8,ok,1,1,arrival,0,1,0,0,0,0
2026-08-06,unassigned:32522,1,1,unassigned,warning,clock_only,warning,clock_only,19:09,19:42,12,33,32522,32522,1,1,1,65.3,ok,1,1,arrival,0,0,0,0,0,0
2026-08-06,overlap:32095:23277,1,1,overlap,critical,recorded_pickup,critical,recorded_pickup,19:21,20:06,16,45,23277,23277,2,0,1,,none,0,,arrival,0,0,0,0,0,0
2026-08-06,overrun:32095,1,1,overrun,critical,recorded_pickup,critical,recorded_pickup,19:21,19:54,12,33,23277,23277,2,0,1,,none,0,,arrival,0,0,0,0,0,0
2026-08-06,overrun:28526,1,1,overrun,warning,recorded_pickup,warning,recorded_pickup,20:09,20:15,3,6,28526,28526,1,1,1,117.8,ok,1,1,arrival,0,0,0,0,0,0
2026-08-06,flight_change:24815,2,2,flight_change,critical,flight,critical,flight,20:24,20:36,5,12,32281,32281,2,0,1,398.0,ok,1,1,arrival,0,0,0,0,0,0
2026-08-06,flight_change:32281,1,1,flight_change,critical,flight,critical,flight,20:24,22:09,36,105,31538,31538,2,0,1,79.8,ok,1,1,arrival,0,0,0,1,0,1
2026-08-06,unassigned:30276,1,1,unassigned,watch,clock_only,watch,clock_only,20:24,20:24,1,0,30276,30276,1,1,0,,none,0,,arrival,0,0,0,0,0,0
2026-08-06,late_cascade:32961,1,1,late_cascade,critical,clock_only,watch,clock_only,20:27,22:39,45,132,32961,32961,1,1,1,194.3,ok,1,1,arrival,0,1,0,1,1,1
2026-08-06,late_cascade:23277,1,1,late_cascade,critical,clock_only,watch,clock_only,20:48,22:33,36,105,23277,23277,1,1,1,,none,0,,arrival,0,1,0,1,1,2
2026-08-06,unassigned:28620,1,1,unassigned,warning,clock_only,critical,clock_only,21:00,22:21,28,81,28620,28620,1,1,1,,none,0,,arrival,0,1,0,0,0,0
2026-08-06,flight_change:23277,1,1,flight_change,critical,flight,critical,flight,21:12,22:33,28,81,31172,31172,2,0,1,,none,0,,arrival,0,0,0,0,0,0
2026-08-06,overlap:29515:32281,1,1,overlap,critical,recorded_pickup,critical,recorded_pickup,21:15,21:54,14,39,32281,32281,2,0,1,398.0,ok,1,1,arrival,0,0,0,0,0,0
2026-08-06,overrun:29515,1,1,overrun,critical,recorded_pickup,critical,recorded_pickup,21:27,22:09,15,42,31538,31538,3,0,1,79.8,ok,1,1,arrival,0,0,0,0,0,0
2026-08-06,late_cascade:29682,1,1,late_cascade,watch,clock_only,watch,clock_only,21:42,22:09,10,27,29682,29682,1,1,0,95.8,ok,1,1,arrival,0,0,0,0,0,0
2026-08-06,late_cascade:24815,1,1,late_cascade,critical,clock_only,critical,clock_only,21:45,22:09,9,24,24815,24815,1,1,0,67.3,ok,1,1,arrival,0,0,0,0,0,0
2026-08-06,overlap:29682:33012,1,1,overlap,critical,recorded_pickup,critical,recorded_pickup,22:12,23:00,17,48,33012,33012,2,0,1,5.1,ok,1,0,arrival,0,0,0,0,0,0
2026-08-06,overrun:29682,1,1,overrun,critical,recorded_pickup,critical,recorded_pickup,22:12,22:45,12,33,33012,33012,2,0,1,5.1,ok,1,0,arrival,0,0,0,0,0,0
2026-08-06,late_cascade:28817,1,1,late_cascade,watch,clock_only,watch,clock_only,22:30,22:42,5,12,28817,28817,1,1,0,-71.8,ok,1,0,arrival,0,0,0,0,0,0
2026-08-07,flight_change:15553,1,1,flight_change,critical,flight,critical,flight,06:00,10:12,85,252,30852,30852,2,0,1,-10.4,ok,1,0,other,0,0,0,0,0,0
2026-08-07,flight_change:18386,1,1,flight_change,critical,flight,warning,flight,06:00,15:15,186,555,18386,30497,1,1,1,-11.5,ok,1,0,arrival,0,1,0,1,1,2
2026-08-07,flight_change:28031,1,2,flight_change,critical,flight,critical,flight,06:00,15:33,192,573,31824,31824,2,0,1,-13.7,ok,1,0,return,0,0,0,0,0,0
2026-08-07,flight_change:30813,1,1,flight_change,critical,flight,critical,flight,06:00,07:33,32,93,31697,31697,2,0,0,-6.9,ok,1,0,return,0,0,0,0,0,0
2026-08-07,flight_change:31826,1,1,flight_change,warning,flight,warning,flight,06:00,09:15,66,195,31826,31826,1,1,0,-12.2,ok,1,0,cruise,0,0,0,0,0,0
2026-08-07,flight_change:31901,1,1,flight_change,critical,flight,critical,flight,06:00,07:54,39,114,19727,19727,2,0,0,-80.3,ok,1,0,cruise,0,0,0,0,0,0
2026-08-07,flight_change:32162,1,1,flight_change,critical,flight,critical,flight,06:00,08:06,43,126,31908,31908,2,0,0,-26.7,ok,1,0,return,0,0,0,0,0,0
2026-08-07,flight_change:32191,1,1,flight_change,critical,flight,critical,flight,06:00,23:00,341,1020,27822,27822,2,0,1,-38.2,ok,1,0,other,0,0,0,0,0,1
2026-08-07,flight_change:32617,1,1,flight_change,critical,flight,critical,flight,06:00,15:21,188,561,29125,29125,2,0,1,-21.5,ok,1,0,return,0,0,0,0,0,0
2026-08-07,flight_change:32921,1,1,flight_change,critical,flight,critical,flight,06:00,10:42,95,282,25456,25456,2,0,0,-8.5,ok,1,0,return,0,0,0,0,0,0
2026-08-07,flight_change:33006,1,2,flight_change,critical,flight,critical,flight,06:00,13:06,143,426,31387,29665,2,0,1,,none,0,,arrival,0,0,0,1,0,1
2026-08-07,flight_change:33028,1,1,flight_change,warning,flight,critical,flight,06:00,13:27,150,447,29665,33028,2,0,1,5.5,ok,1,0,return,0,1,0,1,1,1
2026-08-07,late_cascade:31757,1,1,late_cascade,watch,clock_only,watch,clock_only,06:00,06:00,1,0,31757,31757,1,1,0,-6.7,ok,1,0,return,0,0,0,0,0,0
2026-08-07,overlap:15525:19393,1,1,overlap,critical,clock_only,critical,clock_only,06:00,08:54,59,174,19393,19393,2,0,1,22.0,ok,1,1,return,0,0,0,0,0,0
2026-08-07,overlap:17663:28344,1,1,overlap,critical,clock_only,critical,recorded_pickup,06:00,09:12,65,192,28344,28344,2,0,1,3.6,ok,1,0,cruise,0,0,1,0,0,0
2026-08-07,overlap:26573:31794,1,1,overlap,critical,clock_only,critical,clock_only,06:00,10:30,91,270,31794,31794,2,0,1,10.9,ok,1,0,cruise,0,0,0,0,0,0
2026-08-07,overlap:27134:26952,1,1,overlap,critical,clock_only,critical,clock_only,06:00,10:57,100,297,26952,26952,2,0,0,-13.1,ok,1,0,return,0,0,0,0,0,0
2026-08-07,overlap:28772:32295,1,1,overlap,critical,clock_only,critical,recorded_pickup,06:00,12:24,129,384,32295,32295,2,0,1,3.7,ok,1,0,arrival,0,0,1,0,0,1
2026-08-07,overlap:30834:29890,1,1,overlap,critical,clock_only,critical,clock_only,06:00,13:06,143,426,29890,29890,2,0,1,44.6,ok,1,1,return,0,0,0,0,0,0
2026-08-07,overlap:30970:25897,1,1,overlap,critical,clock_only,critical,clock_only,06:00,08:45,56,165,25897,25897,2,0,1,,none,0,,return,0,0,0,0,0,0
2026-08-07,late_cascade:28428,1,1,late_cascade,critical,clock_only,critical,clock_only,07:18,07:45,10,27,25897,30970,3,0,1,,none,0,,return,0,0,0,1,1,0
2026-08-07,overlap:21758:31697,1,1,overlap,critical,clock_only,critical,recorded_pickup,07:36,12:27,98,291,31697,31697,2,0,1,-6.9,ok,1,0,return,0,0,1,0,0,0
2026-08-07,overlap:28428:30970,1,1,overlap,critical,recorded_pickup,critical,recorded_pickup,07:48,08:12,9,24,30970,30970,2,0,1,35.9,ok,1,1,return,0,0,0,0,0,0
2026-08-07,late_cascade:30532,1,3,late_cascade,critical,clock_only,critical,clock_only,08:03,08:06,2,3,30532,30532,1,1,0,42.8,ok,1,1,cruise,0,0,0,0,0,0
2026-08-07,late_cascade:30532,2,3,late_cascade,critical,clock_only,critical,clock_only,08:12,08:36,9,24,19831,29885,3,0,1,19.0,ok,1,1,arrival,0,0,0,1,1,0
2026-08-07,late_cascade:14954,1,1,late_cascade,watch,clock_only,watch,clock_only,08:18,08:33,6,15,14954,14954,1,1,0,-81.5,ok,1,0,cruise,0,0,0,0,0,0
2026-08-07,late_cascade:30970,1,1,late_cascade,critical,clock_only,critical,clock_only,08:18,08:48,11,30,29885,30970,2,0,1,75.3,ok,1,1,cruise,0,0,0,2,1,2
2026-08-07,overrun:14954,1,1,overrun,warning,recorded_pickup,warning,recorded_pickup,08:36,08:57,8,21,14954,14954,1,1,1,-81.5,ok,1,0,cruise,0,1,0,1,1,1
2026-08-07,flight_change:19727,1,1,flight_change,critical,flight,critical,flight,08:39,08:39,1,0,19831,19831,2,0,0,19.0,ok,1,1,arrival,0,0,0,0,0,0
2026-08-07,overlap:14954:29885,1,1,overlap,critical,recorded_pickup,critical,recorded_pickup,08:39,08:39,1,0,29885,29885,2,0,1,75.3,ok,1,1,cruise,0,0,0,0,0,0
2026-08-07,unassigned:29885,1,1,unassigned,critical,clock_only,critical,clock_only,08:42,08:45,2,3,29885,29885,1,1,1,75.3,ok,1,1,cruise,0,0,0,0,0,0
2026-08-07,flight_change:25897,1,1,flight_change,critical,flight,critical,flight,08:48,09:12,9,24,33072,33072,2,0,1,,none,0,,return,0,0,0,0,0,0
2026-08-07,late_cascade:30532,3,3,late_cascade,watch,clock_only,watch,clock_only,08:48,09:33,16,45,30532,30532,1,1,0,42.8,ok,1,1,cruise,0,0,0,0,0,0
2026-08-07,overlap:30970:29885,1,1,overlap,critical,recorded_pickup,critical,recorded_pickup,08:51,09:27,13,36,29885,29885,2,0,1,75.3,ok,1,1,cruise,0,0,0,0,0,0
2026-08-07,overlap:25897:33072,1,1,overlap,critical,recorded_pickup,critical,recorded_pickup,09:15,09:57,15,42,33072,33072,2,0,1,,none,0,,return,0,0,0,0,0,0
2026-08-07,overlap:32838:27585,1,1,overlap,warning,recorded_pickup,warning,recorded_pickup,09:15,09:33,7,18,27585,27585,2,0,0,-19.0,ok,1,0,arrival,0,0,0,0,0,0
2026-08-07,overlap:30532:30813,1,1,overlap,warning,recorded_pickup,warning,recorded_pickup,09:36,10:57,28,81,30813,30813,2,0,0,8.1,ok,1,0,return,0,0,0,0,0,0
2026-08-07,overrun:30532,1,1,overrun,warning,recorded_pickup,warning,recorded_pickup,09:36,09:36,1,0,30532,30532,1,1,0,42.8,ok,1,1,cruise,0,0,0,0,0,0
2026-08-07,late_cascade:29885,1,1,late_cascade,watch,clock_only,watch,clock_only,10:18,10:45,10,27,29885,29885,1,1,0,75.3,ok,1,1,cruise,0,0,0,0,0,0
2026-08-07,overrun:15525,1,1,overrun,critical,recorded_pickup,critical,recorded_pickup,10:42,12:15,32,93,30656,19393,3,0,1,-14.9,ok,1,0,return,0,0,0,2,1,2
2026-08-07,overlap:31908:25456,1,1,overlap,critical,clock_only,critical,clock_only,10:45,10:48,2,3,25456,25456,2,0,0,-8.5,ok,1,0,return,0,0,0,0,0,0
2026-08-07,overlap:29885:24998,1,1,overlap,critical,recorded_pickup,critical,recorded_pickup,10:48,12:42,39,114,24998,24998,2,0,1,28.6,ok,1,1,return,0,0,0,0,0,0
2026-08-07,late_cascade:24995,1,1,late_cascade,critical,clock_only,critical,clock_only,10:51,10:57,3,6,18405,18405,2,0,1,-20.0,ok,1,0,return,0,0,0,0,0,0
2026-08-07,overlap:19393:32597,1,1,overlap,warning,recorded_pickup,warning,recorded_pickup,10:54,11:15,8,21,32597,32597,2,0,0,5.1,ok,1,0,arrival,0,0,0,0,0,0
2026-08-07,overlap:24995:18405,1,1,overlap,critical,recorded_pickup,critical,recorded_pickup,11:00,11:18,7,18,18405,18405,2,0,0,-20.0,ok,1,0,return,0,0,0,0,0,0
2026-08-07,late_cascade:21758,1,1,late_cascade,critical,clock_only,critical,clock_only,11:33,11:54,8,21,31697,31697,2,0,1,-6.9,ok,1,0,return,0,0,0,0,0,0
2026-08-07,late_cascade:31794,1,1,late_cascade,critical,clock_only,critical,clock_only,11:33,11:39,3,6,31794,31794,1,1,0,10.9,ok,1,0,cruise,0,0,0,0,0,0
2026-08-07,late_cascade:30813,1,1,late_cascade,critical,clock_only,watch,clock_only,11:39,11:48,4,9,30813,19831,1,1,1,8.1,ok,1,0,return,0,1,0,1,1,1
2026-08-07,overlap:30813:19831,1,1,overlap,critical,recorded_pickup,critical,recorded_pickup,11:51,11:57,3,6,19831,19831,2,0,1,19.0,ok,1,1,arrival,0,0,0,0,0,0
2026-08-07,flight_change:30212,1,2,flight_change,critical,flight,critical,flight,12:30,12:30,1,0,29753,29753,2,0,1,-19.1,ok,1,0,arrival,0,0,0,0,0,0
2026-08-07,late_cascade:24998,1,1,late_cascade,critical,clock_only,critical,clock_only,12:48,13:12,9,24,30834,24998,2,0,1,70.5,ok,1,1,return,0,0,0,1,1,1
2026-08-07,overrun:31794,1,1,overrun,warning,recorded_pickup,warning,recorded_pickup,12:48,13:09,8,21,31794,31794,1,1,1,10.9,ok,1,0,cruise,0,1,0,1,1,1
2026-08-07,overrun:27740,1,1,overrun,warning,recorded_pickup,warning,recorded_pickup,12:57,13:03,3,6,27740,27740,1,1,0,-39.6,ok,1,0,return,0,0,0,0,0,0
2026-08-07,flight_change:31679,1,1,flight_change,critical,flight,critical,flight,13:06,13:27,8,21,33006,33006,2,0,1,104.0,ok,1,1,arrival,0,0,0,0,0,0
2026-08-07,flight_change:31387,1,1,flight_change,critical,flight,critical,flight,13:09,14:42,32,93,27134,29665,2,0,1,-8.7,ok,1,0,return,0,0,0,1,0,1
2026-08-07,overlap:24998:30834,1,1,overlap,critical,recorded_pickup,critical,recorded_pickup,13:15,13:57,15,42,30834,30834,2,0,1,70.5,ok,1,1,return,0,0,0,0,0,0
2026-08-07,flight_change:33006,2,2,flight_change,critical,flight,critical,flight,13:30,15:48,47,138,29665,29665,2,0,1,5.5,ok,1,0,return,0,0,0,0,0,0
2026-08-07,flight_change:27290,1,2,flight_change,critical,flight,critical,flight,14:00,14:09,4,9,28308,28308,2,0,1,203.9,ok,1,1,return,0,0,0,0,0,0
2026-08-07,flight_change:27290,2,2,flight_change,critical,flight,critical,flight,14:18,14:18,1,0,28308,28308,2,0,1,203.9,ok,1,1,return,0,0,0,0,0,0
2026-08-07,overrun:23591,1,1,overrun,warning,recorded_pickup,warning,recorded_pickup,14:27,14:48,8,21,23591,23591,1,1,1,-8.3,ok,1,0,return,0,0,0,0,0,0
2026-08-07,overrun:32295,1,1,overrun,warning,recorded_pickup,warning,recorded_pickup,14:39,14:51,5,12,32295,32295,1,1,1,3.7,ok,1,0,arrival,0,0,0,0,0,0
2026-08-07,flight_change:32576,1,1,flight_change,critical,flight,critical,flight,14:45,15:27,15,42,27134,27134,2,0,1,-8.7,ok,1,0,return,0,0,0,0,0,0
2026-08-07,late_cascade:30834,1,1,late_cascade,watch,clock_only,watch,clock_only,14:48,15:09,8,21,30834,30834,1,1,0,70.5,ok,1,1,return,0,0,0,0,0,0
2026-08-07,overlap:30834:33006,1,1,overlap,critical,recorded_pickup,critical,recorded_pickup,15:12,15:18,3,6,33006,33006,2,0,1,104.0,ok,1,1,arrival,0,0,0,0,0,0
2026-08-07,late_cascade:32617,1,1,late_cascade,critical,clock_only,critical,clock_only,15:21,15:21,1,0,29125,29125,2,0,1,-21.5,ok,1,0,return,0,0,0,0,0,0
2026-08-07,late_cascade:33006,1,2,late_cascade,critical,clock_only,critical,clock_only,15:24,15:48,9,24,29665,29665,2,0,1,5.5,ok,1,0,return,0,0,0,0,0,0
2026-08-07,overlap:32617:29125,1,1,overlap,critical,recorded_pickup,critical,recorded_pickup,15:24,15:57,12,33,29125,29125,2,0,1,-21.5,ok,1,0,return,0,0,0,0,0,0
2026-08-07,overrun:22434,1,1,overrun,warning,recorded_pickup,warning,recorded_pickup,15:30,15:30,1,0,22434,22434,1,1,1,-10.3,ok,1,0,return,0,0,0,0,0,0
2026-08-07,late_cascade:30497,1,2,late_cascade,critical,clock_only,critical,clock_only,15:33,15:33,1,0,30497,30497,1,1,0,20.7,ok,1,1,return,0,0,0,0,0,0
2026-08-07,flight_change:30212,2,2,flight_change,critical,flight,critical,flight,15:36,18:15,54,159,31824,31824,2,0,1,-13.7,ok,1,0,return,0,0,0,0,0,0
2026-08-07,late_cascade:29890,1,1,late_cascade,critical,clock_only,critical,clock_only,15:36,15:42,3,6,27821,27821,2,0,1,108.0,ok,1,1,other,0,0,0,0,0,0
2026-08-07,overlap:29890:27821,1,1,overlap,critical,recorded_pickup,critical,recorded_pickup,15:45,16:42,20,57,27821,27821,2,0,1,108.0,ok,1,1,other,0,0,0,0,0,0
2026-08-07,unassigned:28308,1,1,unassigned,warning,clock_only,warning,clock_only,15:45,16:09,9,24,28308,28308,1,1,1,203.9,ok,1,1,return,0,0,0,0,0,0
2026-08-07,flight_change:28031,2,2,flight_change,critical,flight,critical,flight,15:51,17:33,35,102,29665,29665,2,0,1,5.5,ok,1,0,return,0,0,0,0,0,0
2026-08-07,late_cascade:33006,2,2,late_cascade,watch,clock_only,watch,clock_only,16:06,17:03,20,57,33006,33006,1,1,0,104.0,ok,1,1,arrival,0,0,0,0,0,0
2026-08-07,late_cascade:30497,2,2,late_cascade,watch,clock_only,watch,clock_only,16:18,16:30,5,12,30497,30497,1,1,0,20.7,ok,1,1,return,0,0,0,0,0,0
2026-08-07,late_cascade:27821,1,2,late_cascade,critical,clock_only,critical,clock_only,16:48,16:48,1,0,27821,27821,1,1,0,108.0,ok,1,1,other,0,0,0,0,0,0
2026-08-07,late_cascade:29125,1,1,late_cascade,watch,clock_only,watch,clock_only,16:48,17:57,24,69,29125,29125,1,1,0,-21.5,ok,1,0,return,0,0,0,0,0,0
2026-08-07,unassigned:33290,1,1,unassigned,warning,clock_only,warning,clock_only,17:00,17:03,2,3,33290,33290,1,1,1,,none,0,,return,0,0,0,0,0,0
2026-08-07,late_cascade:29665,1,1,late_cascade,critical,clock_only,critical,clock_only,17:03,17:03,1,0,29665,29665,1,1,0,5.5,ok,1,0,return,0,0,0,0,0,0
2026-08-07,overlap:33006:20864,1,1,overlap,warning,recorded_pickup,warning,recorded_pickup,17:06,17:51,16,45,20864,20864,2,0,1,84.6,ok,1,1,arrival,0,0,0,0,0,0
2026-08-07,late_cascade:27821,2,2,late_cascade,watch,clock_only,watch,clock_only,17:33,18:33,21,60,27821,27821,1,1,0,108.0,ok,1,1,other,0,0,0,0,0,0
2026-08-07,late_cascade:30212,1,1,late_cascade,critical,clock_only,watch,clock_only,17:42,18:15,12,33,30212,31824,1,1,1,-12.5,ok,1,0,arrival,0,1,0,1,1,1
2026-08-07,overlap:29125:32491,1,1,overlap,warning,recorded_pickup,warning,recorded_pickup,18:00,20:03,42,123,32491,32491,2,0,1,24.9,ok,1,1,arrival,0,0,0,0,0,0
2026-08-07,overlap:30212:31824,1,1,overlap,critical,recorded_pickup,critical,recorded_pickup,18:18,18:42,9,24,31824,31824,2,0,1,-13.7,ok,1,0,return,0,0,0,0,0,0
2026-08-07,late_cascade:20864,1,1,late_cascade,critical,clock_only,watch,clock_only,18:33,19:18,16,45,20864,20864,1,1,0,84.6,ok,1,1,arrival,0,1,0,0,0,0
2026-08-07,late_cascade:32491,1,1,late_cascade,critical,clock_only,watch,clock_only,20:09,22:18,44,129,32491,32491,1,1,0,24.9,ok,1,1,arrival,0,1,0,0,0,0
2026-08-07,late_cascade:32191,1,1,late_cascade,critical,clock_only,watch,clock_only,21:51,23:00,24,69,32191,27822,1,1,1,1566.8,ok,1,1,arrival,0,1,0,1,1,1
2026-08-08,flight_change:16384,1,1,flight_change,critical,flight,critical,flight,06:00,09:57,80,237,26424,26424,2,0,1,-3.5,ok,1,0,arrival,0,0,0,0,0,0
2026-08-08,flight_change:22731,1,1,flight_change,warning,flight,warning,flight,06:00,07:54,39,114,22731,22731,1,1,0,5.4,ok,1,0,arrival,0,0,0,0,0,0
2026-08-08,flight_change:24117,1,1,flight_change,critical,flight,critical,flight,06:00,11:21,108,321,32423,32423,2,0,1,-0.0,ok,1,0,return,0,0,0,0,0,0
2026-08-08,flight_change:26101,1,2,flight_change,critical,flight,critical,flight,06:00,09:57,80,237,31018,31018,2,0,0,-7.3,ok,1,0,arrival,0,0,0,1,0,1
2026-08-08,flight_change:27537,1,1,flight_change,critical,flight,critical,flight,06:00,07:00,21,60,29340,29340,2,0,0,-40.7,ok,1,0,arrival,0,0,0,0,0,0
2026-08-08,flight_change:30055,1,1,flight_change,critical,flight,critical,flight,06:00,11:54,119,354,31882,31882,2,0,1,-7.0,ok,1,0,return,0,0,0,0,0,0
2026-08-08,flight_change:30155,1,1,flight_change,critical,flight,critical,flight,06:00,11:30,111,330,14096,14096,2,0,1,-9.9,ok,1,0,arrival,0,0,0,0,0,1
2026-08-08,flight_change:30244,1,1,flight_change,critical,flight,critical,flight,06:00,11:09,104,309,26733,26733,2,0,0,4.6,ok,1,0,return,0,0,0,0,0,0
2026-08-08,flight_change:30260,1,1,flight_change,critical,flight,critical,flight,06:00,13:39,154,459,31157,31157,2,0,1,7.6,ok,1,0,cruise,0,0,0,0,0,0
2026-08-08,flight_change:30846,1,2,flight_change,warning,flight,warning,flight,06:00,13:18,147,438,30846,30846,1,1,0,15.3,ok,1,1,arrival,0,0,0,0,0,1
2026-08-08,flight_change:31018,1,2,flight_change,critical,flight,critical,flight,06:00,13:09,144,429,31590,31590,2,0,1,-30.0,ok,1,0,return,0,0,0,1,0,0
2026-08-08,flight_change:31857,1,2,flight_change,critical,flight,critical,flight,06:00,06:12,5,12,20957,20957,2,0,0,-8.9,ok,1,0,return,0,0,0,0,0,0
2026-08-08,flight_change:31974,1,1,flight_change,critical,flight,critical,flight,06:00,21:15,306,915,31925,31925,2,0,1,,none,0,,arrival,0,0,0,0,0,0
2026-08-08,flight_change:32270,1,1,flight_change,critical,flight,critical,flight,06:00,10:39,94,279,28093,31338,2,0,0,1.3,ok,1,0,arrival,0,0,0,1,0,1
2026-08-08,flight_change:32468,1,1,flight_change,critical,flight,critical,flight,06:00,13:42,155,462,30228,30228,2,0,0,,none,0,,arrival,0,0,0,0,0,0
2026-08-08,flight_change:32715,1,1,flight_change,critical,flight,critical,flight,06:00,14:06,163,486,30751,30751,2,0,0,69.4,ok,1,1,arrival,0,0,0,0,0,0
2026-08-08,overlap:22415:25755,1,1,overlap,critical,clock_only,critical,recorded_pickup,06:00,08:57,60,177,25755,25755,2,0,1,,none,0,,return,0,0,1,0,0,0
2026-08-08,overlap:24237:30648,1,1,overlap,critical,clock_only,critical,recorded_pickup,06:00,06:57,20,57,30648,30648,2,0,1,-3.1,ok,1,0,return,0,0,1,0,0,0
2026-08-08,overlap:25542:28406,1,1,overlap,critical,clock_only,critical,clock_only,06:00,08:30,51,150,28406,28406,2,0,0,-5.9,ok,1,0,return,0,0,0,0,0,0
2026-08-08,overlap:26870:24633,1,1,overlap,critical,clock_only,critical,clock_only,06:00,09:57,80,237,24633,24633,2,0,0,-10.3,ok,1,0,return,0,0,0,0,0,0
2026-08-08,overlap:28072:20085,1,1,overlap,critical,clock_only,critical,clock_only,06:00,13:09,144,429,20085,20085,2,0,1,-2.6,ok,1,0,return,0,0,0,0,0,0
2026-08-08,overlap:28406:26712,1,1,overlap,critical,clock_only,critical,clock_only,06:00,10:57,100,297,26712,26712,2,0,0,15.6,ok,1,1,return,0,0,0,0,0,0
2026-08-08,overlap:29862:27653,1,1,overlap,critical,clock_only,critical,recorded_pickup,06:00,06:57,20,57,27653,27653,2,0,1,6.8,ok,1,0,return,0,0,1,0,0,0
2026-08-08,late_cascade:24237,1,1,late_cascade,critical,clock_only,critical,clock_only,06:03,06:03,1,0,30648,30648,2,0,1,-3.1,ok,1,0,return,0,0,0,0,0,0
2026-08-08,late_cascade:29862,1,1,late_cascade,critical,clock_only,critical,clock_only,06:03,06:03,1,0,27653,27653,2,0,1,6.8,ok,1,0,return,0,0,0,0,0,0
2026-08-08,flight_change:23589,1,1,flight_change,critical,flight,critical,flight,06:15,07:21,23,66,20957,20957,2,0,0,-8.9,ok,1,0,return,0,0,0,0,0,0
2026-08-08,overlap:21908:24944,1,1,overlap,warning,recorded_pickup,warning,recorded_pickup,06:33,07:27,19,54,24944,24944,2,0,0,-24.6,ok,1,0,return,0,0,0,0,0,0
2026-08-08,overlap:30887:29932,1,1,overlap,warning,recorded_pickup,warning,recorded_pickup,06:42,07:36,19,54,29932,29932,2,0,0,-33.3,ok,1,0,return,0,0,0,0,0,0
2026-08-08,unassigned:31042,1,1,unassigned,warning,clock_only,warning,clock_only,06:45,07:12,10,27,31042,31042,1,1,0,57.0,ok,1,1,return,0,0,0,0,0,0
2026-08-08,late_cascade:27653,1,1,late_cascade,critical,clock_only,critical,clock_only,07:06,07:36,11,30,32763,18887,4,0,1,27.3,ok,1,1,arrival,0,0,0,1,1,0
2026-08-08,flight_change:20407,1,1,flight_change,critical,flight,critical,flight,07:24,12:12,97,288,29559,29559,2,0,0,11.4,ok,1,0,return,0,0,0,0,0,0
2026-08-08,flight_change:31857,2,2,flight_change,critical,flight,critical,flight,07:24,10:48,69,204,20957,20957,2,0,1,-8.9,ok,1,0,return,0,0,0,0,0,0
2026-08-08,late_cascade:23389,1,1,late_cascade,critical,clock_only,watch,clock_only,07:33,08:24,18,51,23389,23389,1,1,1,3.6,ok,1,0,cruise,0,1,0,1,1,1
2026-08-08,overlap:27653:18887,1,1,overlap,critical,recorded_pickup,critical,recorded_pickup,07:39,08:27,17,48,18887,18887,2,0,1,59.3,ok,1,1,cruise,0,0,0,0,0,0
2026-08-08,unassigned:31067,1,1,unassigned,critical,clock_only,critical,clock_only,07:42,07:42,1,0,31067,31067,1,1,1,-13.1,ok,1,0,cruise,0,0,0,0,0,0
2026-08-08,flight_change:31338,1,1,flight_change,critical,flight,critical,flight,07:54,10:45,58,171,31380,32721,2,0,1,6.4,ok,1,0,return,0,0,0,1,0,1
2026-08-08,flight_change:32314,1,1,flight_change,critical,flight,critical,flight,07:54,09:21,30,87,31916,31916,2,0,1,-18.6,ok,1,0,return,0,0,0,0,0,0
2026-08-08,overlap:31916:23553,1,1,overlap,critical,clock_only,critical,clock_only,07:54,08:00,3,6,23553,23553,2,0,1,-25.9,ok,1,0,return,0,0,0,0,0,0
2026-08-08,late_cascade:22415,1,1,late_cascade,critical,clock_only,critical,clock_only,08:03,08:06,2,3,25755,25755,2,0,1,,none,0,,return,0,0,0,0,0,0
2026-08-08,late_cascade:23865,1,1,late_cascade,critical,clock_only,critical,clock_only,08:06,08:15,4,9,24222,24222,2,0,1,63.4,ok,1,1,arrival,0,0,0,0,0,0
2026-08-08,overlap:23865:24222,1,1,overlap,critical,recorded_pickup,critical,recorded_pickup,08:18,08:45,10,27,24222,24222,2,0,1,63.4,ok,1,1,arrival,0,0,0,0,0,0
2026-08-08,overlap:23389:31358,1,1,overlap,critical,recorded_pickup,critical,recorded_pickup,08:27,08:57,11,30,31358,31358,2,0,1,31.4,ok,1,1,return,0,0,0,0,0,0
2026-08-08,overlap:31196:28406,1,1,overlap,critical,clock_only,critical,recorded_pickup,08:33,10:57,49,144,28406,28406,2,0,0,-5.9,ok,1,0,return,0,0,1,0,0,0
2026-08-08,late_cascade:18887,1,1,late_cascade,critical,clock_only,watch,clock_only,08:42,09:27,16,45,18887,30474,1,1,1,59.3,ok,1,1,cruise,0,1,0,2,2,1
2026-08-08,overlap:32608:33373,1,1,overlap,critical,clock_only,critical,clock_only,08:48,15:33,136,405,33373,33373,2,0,1,24.9,ok,1,1,return,0,0,0,0,0,0
2026-08-08,late_cascade:28252,1,1,late_cascade,critical,clock_only,critical,clock_only,08:51,08:57,3,6,28461,28461,2,0,1,20.8,ok,1,1,arrival,0,0,0,0,0,0
2026-08-08,late_cascade:24435,1,1,late_cascade,critical,clock_only,critical,clock_only,08:57,09:00,2,3,26712,26712,4,0,1,15.6,ok,1,1,return,0,0,0,0,0,0
2026-08-08,overlap:28252:28461,1,1,overlap,critical,recorded_pickup,critical,recorded_pickup,09:00,09:33,12,33,28461,28461,2,0,1,20.8,ok,1,1,arrival,0,0,0,0,0,0
2026-08-08,overlap:24435:31196,1,1,overlap,critical,recorded_pickup,critical,recorded_pickup,09:03,10:09,23,66,31196,31196,2,0,1,-3.2,ok,1,0,return,0,0,0,0,0,0
2026-08-08,unassigned:26483,1,1,unassigned,critical,clock_only,critical,clock_only,09:21,09:36,6,15,26483,26483,1,1,1,,none,0,,arrival,0,0,0,0,0,0
2026-08-08,overlap:32314:31916,1,1,overlap,critical,recorded_pickup,critical,recorded_pickup,09:24,09:39,6,15,31916,31916,2,0,1,-18.6,ok,1,0,return,0,0,0,0,0,0
2026-08-08,overlap:18887:30474,1,1,overlap,critical,recorded_pickup,critical,recorded_pickup,09:30,10:27,20,57,30474,30474,2,0,1,5.6,ok,1,0,cruise,0,0,0,0,0,0
2026-08-08,overlap:31358:16384,1,1,overlap,warning,recorded_pickup,warning,recorded_pickup,09:33,10:00,10,27,16384,16384,2,0,0,84.5,ok,1,1,cruise,0,0,0,0,0,1
2026-08-08,overrun:24435,1,1,overrun,critical,recorded_pickup,critical,recorded_pickup,09:39,09:45,3,6,20085,20085,6,0,1,-2.6,ok,1,0,return,0,0,0,0,0,0
2026-08-08,overrun:28252,1,1,overrun,critical,recorded_pickup,critical,recorded_pickup,09:39,09:45,3,6,28461,28461,2,0,1,20.8,ok,1,1,arrival,0,0,0,0,0,0
2026-08-08,overlap:31916:32054,1,1,overlap,critical,clock_only,critical,clock_only,09:42,10:12,11,30,32054,32054,2,0,1,-7.5,ok,1,0,return,0,0,0,0,0,0
2026-08-08,late_cascade:24222,1,1,late_cascade,critical,clock_only,critical,clock_only,09:51,09:51,1,0,31259,31259,2,0,1,31.5,ok,1,1,return,0,0,0,0,0,0
2026-08-08,overlap:24222:31259,1,1,overlap,critical,recorded_pickup,critical,recorded_pickup,09:54,10:27,12,33,31259,31259,2,0,1,31.5,ok,1,1,return,0,0,0,0,0,0
2026-08-08,overlap:26870:31590,1,1,overlap,critical,clock_only,critical,clock_only,10:00,11:54,39,114,31590,31590,2,0,0,-30.0,ok,1,0,return,0,0,0,0,0,0
2026-08-08,unassigned:31875,1,1,unassigned,warning,clock_only,warning,clock_only,10:00,10:12,5,12,31875,31875,1,1,0,,none,0,,arrival,0,0,0,0,0,0
2026-08-08,late_cascade:24013,1,1,late_cascade,critical,clock_only,critical,clock_only,10:03,10:03,1,0,18726,18726,2,0,1,-5.6,ok,1,0,return,0,0,0,0,0,0
2026-08-08,overlap:24013:18726,1,1,overlap,critical,recorded_pickup,critical,recorded_pickup,10:06,10:54,17,48,18726,18726,2,0,1,-5.6,ok,1,0,return,0,0,0,0,0,0
2026-08-08,unassigned:32054,1,1,unassigned,critical,clock_only,critical,clock_only,10:15,10:15,1,0,32054,32054,1,1,1,-7.5,ok,1,0,return,0,0,0,0,0,0
2026-08-08,late_cascade:15902,1,1,late_cascade,watch,clock_only,watch,clock_only,10:18,11:45,30,87,15902,15902,1,1,0,-21.6,ok,1,0,cruise,0,0,0,0,0,0
2026-08-08,late_cascade:30244,1,1,late_cascade,critical,clock_only,critical,clock_only,10:33,11:09,13,36,26733,26733,2,0,0,4.6,ok,1,0,return,0,0,0,0,0,0
2026-08-08,late_cascade:30474,1,1,late_cascade,critical,clock_only,critical,clock_only,10:33,10:33,1,0,32763,32763,2,0,1,27.3,ok,1,1,arrival,0,0,0,0,0,0
2026-08-08,overlap:30474:32763,1,1,overlap,critical,recorded_pickup,critical,recorded_pickup,10:36,11:15,14,39,32763,32763,2,0,1,27.3,ok,1,1,arrival,0,0,0,0,0,0
2026-08-08,late_cascade:16384,1,1,late_cascade,critical,clock_only,watch,clock_only,10:42,11:27,16,45,16384,16384,1,1,0,84.5,ok,1,1,cruise,0,1,0,0,0,0
2026-08-08,late_cascade:31259,1,1,late_cascade,critical,clock_only,critical,clock_only,10:48,11:00,5,12,24131,24131,2,0,1,33.2,ok,1,1,return,0,0,0,0,0,0
2026-08-08,overlap:31338:31380,1,1,overlap,critical,recorded_pickup,critical,recorded_pickup,10:48,11:42,19,54,31380,31380,2,0,1,6.4,ok,1,0,return,0,0,0,0,0,0
2026-08-08,overlap:31259:24131,1,1,overlap,critical,recorded_pickup,critical,recorded_pickup,11:03,11:42,14,39,24131,24131,2,0,1,33.2,ok,1,1,return,0,0,0,0,0,0
2026-08-08,unassigned:26424,1,1,unassigned,critical,clock_only,critical,clock_only,11:06,11:06,1,0,26424,26424,1,1,0,-3.5,ok,1,0,arrival,0,0,0,0,0,0
2026-08-08,flight_change:27393,1,1,flight_change,critical,flight,critical,flight,11:12,11:54,15,42,26870,26870,2,0,1,-65.7,ok,1,0,return,0,0,0,0,0,0
2026-08-08,overlap:30244:26733,1,1,overlap,critical,clock_only,critical,clock_only,11:12,11:12,1,0,26733,26733,2,0,0,4.6,ok,1,0,return,0,0,0,0,0,0
2026-08-08,late_cascade:26733,1,1,late_cascade,critical,clock_only,critical,clock_only,11:18,11:18,1,0,26733,26733,1,1,0,4.6,ok,1,0,return,0,0,0,0,0,0
2026-08-08,overlap:24117:32423,1,1,overlap,critical,recorded_pickup,critical,recorded_pickup,11:24,11:57,12,33,32423,32423,2,0,1,-0.0,ok,1,0,return,0,0,0,0,0,0
2026-08-08,overlap:16384:31018,1,1,overlap,critical,recorded_pickup,critical,recorded_pickup,11:30,11:54,9,24,31018,31018,2,0,1,-7.3,ok,1,0,arrival,0,0,0,0,0,0
2026-08-08,flight_change:14096,1,1,flight_change,critical,flight,critical,flight,11:33,13:27,39,114,26138,26138,2,0,1,-3.8,ok,1,0,return,0,0,0,0,0,0
2026-08-08,flight_change:26101,2,2,flight_change,warning,flight,warning,flight,11:33,11:54,8,21,26101,26101,1,1,0,20.4,ok,1,1,arrival,0,0,0,0,0,0
2026-08-08,overlap:16384:27393,1,1,overlap,critical,recorded_pickup,critical,recorded_pickup,11:57,12:48,18,51,27393,27393,2,0,1,77.5,ok,1,1,arrival,0,0,0,0,0,0
2026-08-08,late_cascade:24131,1,1,late_cascade,critical,clock_only,critical,clock_only,12:03,12:18,6,15,28871,28871,2,0,1,47.6,ok,1,1,return,0,0,0,0,0,0
2026-08-08,late_cascade:30155,1,1,late_cascade,critical,clock_only,critical,clock_only,12:12,12:27,6,15,30155,30155,1,1,0,54.4,ok,1,1,arrival,0,0,0,0,0,0
2026-08-08,overlap:15902:31018,1,1,overlap,warning,recorded_pickup,warning,recorded_pickup,12:18,13:06,17,48,31018,31018,2,0,0,-7.3,ok,1,0,arrival,0,0,0,0,0,1
2026-08-08,overlap:24131:28871,1,1,overlap,critical,recorded_pickup,critical,recorded_pickup,12:21,12:57,13,36,28871,28871,2,0,1,47.6,ok,1,1,return,0,0,0,0,0,0
2026-08-08,flight_change:32868,1,1,flight_change,critical,flight,critical,flight,12:33,14:09,33,96,26239,26239,2,0,1,-9.4,ok,1,0,return,0,0,0,0,0,0
2026-08-08,late_cascade:28871,1,1,late_cascade,critical,clock_only,critical,clock_only,13:03,13:45,15,42,31297,28871,2,0,1,36.8,ok,1,1,return,0,0,0,1,1,1
2026-08-08,unassigned:32285,1,1,unassigned,warning,clock_only,warning,clock_only,13:09,13:51,15,42,32285,32285,1,1,0,-33.0,ok,1,0,arrival,0,0,0,0,0,0
2026-08-08,late_cascade:23050,1,1,late_cascade,critical,clock_only,critical,clock_only,13:12,13:12,1,0,27769,27769,2,0,1,23.7,ok,1,1,arrival,0,0,0,0,0,0
2026-08-08,flight_change:29559,1,1,flight_change,critical,flight,critical,flight,13:15,13:18,2,3,31590,31590,2,0,0,-30.0,ok,1,0,return,0,0,0,0,0,0
2026-08-08,flight_change:31018,2,2,flight_change,critical,flight,critical,flight,13:15,13:51,13,36,29559,24633,2,0,1,11.4,ok,1,0,return,0,0,0,1,0,0
2026-08-08,overlap:23050:27769,1,1,overlap,critical,recorded_pickup,warning,recorded_pickup,13:15,14:45,31,90,27769,27769,2,0,1,23.7,ok,1,1,arrival,0,1,0,0,0,2
2026-08-08,overlap:31882:32868,1,1,overlap,critical,recorded_pickup,critical,recorded_pickup,13:24,13:39,6,15,32868,32868,2,0,1,-17.1,ok,1,0,arrival,0,0,0,0,0,0
2026-08-08,late_cascade:27393,1,1,late_cascade,critical,clock_only,critical,clock_only,13:27,14:06,14,39,23645,27393,2,0,1,,none,0,,arrival,0,0,0,2,2,1
2026-08-08,unassigned:28130,1,1,unassigned,warning,clock_only,warning,clock_only,13:42,14:03,8,21,28130,28130,1,1,0,,none,0,,arrival,0,0,0,0,0,0
2026-08-08,flight_change:30228,1,1,flight_change,critical,flight,critical,flight,13:45,19:24,114,339,27537,27537,2,0,1,,none,0,,arrival,0,0,0,0,0,0
2026-08-08,overlap:28871:31297,1,1,overlap,critical,recorded_pickup,critical,recorded_pickup,13:48,14:27,14,39,31297,31297,2,0,1,36.8,ok,1,1,return,0,0,0,0,0,0
2026-08-08,flight_change:23645,1,2,flight_change,critical,flight,critical,flight,13:54,14:00,3,6,31484,31484,2,0,1,-5.4,ok,1,0,return,0,0,0,0,0,0
2026-08-08,flight_change:30846,2,2,flight_change,warning,flight,warning,flight,13:54,14:33,14,39,30846,30846,1,1,0,15.3,ok,1,1,arrival,0,0,0,0,0,0
2026-08-08,overlap:20407:31485,1,1,overlap,warning,recorded_pickup,warning,recorded_pickup,13:54,14:54,21,60,31485,31485,2,0,0,,none,0,,arrival,0,0,0,0,0,0
2026-08-08,overlap:24633:31590,1,1,overlap,critical,clock_only,critical,recorded_pickup,13:54,15:15,28,81,31590,31590,2,0,1,-30.0,ok,1,0,return,0,0,1,0,0,0
2026-08-08,flight_change:31484,1,1,flight_change,critical,flight,critical,flight,14:03,14:54,18,51,27091,27091,2,0,1,89.7,ok,1,1,arrival,0,0,0,0,0,0
2026-08-08,overlap:27393:23645,1,1,overlap,critical,recorded_pickup,critical,recorded_pickup,14:09,14:48,14,39,23645,23645,2,0,1,,none,0,,arrival,0,0,0,0,0,0
2026-08-08,late_cascade:30846,1,1,late_cascade,critical,clock_only,critical,clock_only,14:18,14:33,6,15,31590,31590,3,0,1,-30.0,ok,1,0,return,0,0,0,0,0,0
2026-08-08,flight_change:31157,1,1,flight_change,critical,flight,critical,flight,14:24,15:09,16,45,28524,28524,2,0,1,-7.3,ok,1,0,arrival,0,0,0,0,0,0
2026-08-08,overlap:30846:24633,1,1,overlap,critical,recorded_pickup,critical,recorded_pickup,14:36,14:57,8,21,24633,24633,2,0,1,-10.3,ok,1,0,return,0,0,0,0,0,0
2026-08-08,flight_change:31590,1,3,flight_change,critical,flight,critical,flight,14:57,15:00,2,3,27091,27091,2,0,1,89.7,ok,1,1,arrival,0,0,0,0,0,0
2026-08-08,flight_change:23645,2,2,flight_change,critical,flight,critical,flight,15:03,15:03,1,0,31484,31484,2,0,1,-5.4,ok,1,0,return,0,0,0,0,0,0
2026-08-08,late_cascade:24633,1,1,late_cascade,critical,clock_only,critical,clock_only,15:03,15:09,3,6,31590,31590,2,0,1,-30.0,ok,1,0,return,0,0,0,0,0,0
2026-08-08,late_cascade:29559,1,1,late_cascade,critical,clock_only,critical,clock_only,15:03,15:09,3,6,29559,29559,1,1,0,11.4,ok,1,0,return,0,0,0,0,0,0
2026-08-08,overlap:31157:28524,1,1,overlap,critical,recorded_pickup,critical,recorded_pickup,15:12,16:51,34,99,28524,28524,2,0,1,-7.3,ok,1,0,arrival,0,0,0,0,0,1
2026-08-08,overrun:20407,1,1,overrun,warning,recorded_pickup,warning,recorded_pickup,15:15,15:36,8,21,20407,20407,1,1,1,-21.7,ok,1,0,arrival,0,0,0,0,0,0
2026-08-08,flight_change:31590,2,3,flight_change,critical,flight,warning,flight,15:18,15:39,8,21,31590,27091,1,1,1,-30.0,ok,1,0,return,0,1,0,1,1,1
2026-08-08,overlap:31297:31590,1,2,overlap,critical,recorded_pickup,critical,recorded_pickup,15:18,15:39,8,21,31590,31590,2,0,1,-30.0,ok,1,0,return,0,0,0,0,0,0
2026-08-08,late_cascade:23645,1,1,late_cascade,critical,clock_only,critical,clock_only,15:27,15:33,3,6,23645,23645,1,1,0,,none,0,,arrival,0,0,0,0,0,0
2026-08-08,overlap:26138:31484,1,1,overlap,critical,recorded_pickup,critical,recorded_pickup,15:30,16:12,15,42,31484,31484,2,0,1,-5.4,ok,1,0,return,0,0,0,0,0,0
2026-08-08,late_cascade:32608,1,1,late_cascade,critical,clock_only,critical,clock_only,15:33,15:33,1,0,33373,33373,2,0,1,24.9,ok,1,1,return,0,0,0,0,0,0
2026-08-08,flight_change:27091,1,1,flight_change,critical,flight,critical,flight,15:42,15:42,1,0,31590,31590,2,0,0,-30.0,ok,1,0,return,0,0,0,0,0,0
2026-08-08,flight_change:31590,3,3,flight_change,warning,flight,warning,flight,15:45,16:36,18,51,31590,31590,1,1,1,-30.0,ok,1,0,return,0,0,0,0,0,0
2026-08-08,overlap:31297:31590,2,2,overlap,critical,recorded_pickup,critical,recorded_pickup,15:45,15:57,5,12,31590,31590,2,0,0,-30.0,ok,1,0,return,0,0,0,0,0,0
2026-08-08,late_cascade:31590,1,1,late_cascade,critical,clock_only,critical,clock_only,16:06,16:36,11,30,27091,27091,2,0,1,89.7,ok,1,1,arrival,0,0,0,0,0,0
2026-08-08,late_cascade:33373,1,1,late_cascade,critical,clock_only,critical,clock_only,16:48,16:54,3,6,30751,30751,2,0,1,69.4,ok,1,1,arrival,0,0,0,0,0,0
2026-08-08,overlap:33373:30751,1,1,overlap,critical,recorded_pickup,critical,recorded_pickup,16:57,17:06,4,9,30751,30751,2,0,1,69.4,ok,1,1,arrival,0,0,0,0,0,0
2026-08-08,late_cascade:27091,1,1,late_cascade,watch,clock_only,watch,clock_only,17:36,17:42,3,6,27091,27091,1,1,0,89.7,ok,1,1,arrival,0,0,0,0,0,0
2026-08-08,late_cascade:30751,1,1,late_cascade,critical,clock_only,critical,clock_only,17:45,18:15,11,30,30751,30751,1,1,0,69.4,ok,1,1,arrival,0,0,0,0,0,0
2026-08-08,overrun:24623,1,1,overrun,warning,recorded_pickup,warning,recorded_pickup,18:12,18:33,8,21,24623,24623,1,1,1,0.3,ok,1,0,arrival,0,0,0,0,0,0
2026-08-08,late_cascade:32860,1,1,late_cascade,critical,clock_only,watch,clock_only,21:09,23:00,38,111,32860,32860,1,1,0,174.6,ok,1,1,arrival,0,1,0,0,0,0
2026-08-09,flight_change:21971,1,1,flight_change,critical,flight,critical,flight,06:00,11:00,101,300,30944,30944,2,0,1,13.6,ok,1,0,arrival,0,0,0,0,0,0
2026-08-09,flight_change:23022,1,1,flight_change,warning,flight,warning,flight,06:00,09:48,77,228,23022,23022,1,1,0,19.6,ok,1,1,cruise,0,0,0,0,0,0
2026-08-09,flight_change:27143,1,2,flight_change,critical,flight,critical,flight,06:00,07:33,32,93,33398,33398,2,0,1,33.1,ok,1,1,return,0,0,0,0,0,0
2026-08-09,flight_change:29587,1,2,flight_change,critical,flight,critical,flight,06:00,08:48,57,168,29617,29617,2,0,0,-26.8,ok,1,0,return,0,0,0,0,0,0
2026-08-09,flight_change:30138,1,1,flight_change,critical,flight,critical,flight,06:00,08:48,57,168,25932,25932,2,0,1,36.0,ok,1,1,cruise,0,0,0,0,0,0
2026-08-09,flight_change:31470,1,1,flight_change,critical,flight,critical,flight,06:00,19:00,261,780,30381,30381,2,0,1,-22.1,ok,1,0,arrival,0,0,0,0,0,0
2026-08-09,flight_change:32939,1,1,flight_change,critical,flight,critical,flight,06:00,08:15,46,135,31710,31710,2,0,0,107.6,ok,1,1,arrival,0,0,0,0,0,0
2026-08-09,overlap:28554:25934,1,1,overlap,critical,clock_only,critical,recorded_pickup,06:00,10:27,90,267,25934,25934,2,0,1,8.7,ok,1,0,cruise,0,0,1,0,0,0
2026-08-09,overlap:29740:27282,1,1,overlap,critical,clock_only,critical,recorded_pickup,06:00,08:57,60,177,27282,27282,2,0,1,-2.0,ok,1,0,return,0,0,1,0,0,0
2026-08-09,overlap:30917:31740,1,1,overlap,critical,clock_only,critical,recorded_pickup,06:00,07:27,30,87,31740,31740,2,0,1,-1.7,ok,1,0,return,0,0,1,0,0,0
2026-08-09,overlap:32962:31254,1,1,overlap,critical,clock_only,critical,clock_only,06:00,09:15,66,195,31254,31254,2,0,1,-9.2,ok,1,0,return,0,0,0,0,0,0
2026-08-09,unassigned:30555,1,1,unassigned,warning,clock_only,warning,clock_only,06:00,06:21,8,21,30555,30555,1,1,0,-3.3,ok,1,0,return,0,0,0,0,0,0
2026-08-09,overlap:32320:31295,1,1,overlap,warning,recorded_pickup,warning,recorded_pickup,06:27,07:27,21,60,31295,31295,2,0,0,-40.1,ok,1,0,return,0,0,0,0,0,0
2026-08-09,late_cascade:30917,1,1,late_cascade,critical,clock_only,critical,clock_only,06:33,06:48,6,15,31740,31740,2,0,1,-1.7,ok,1,0,return,0,0,0,0,0,0
2026-08-09,late_cascade:31570,1,1,late_cascade,critical,clock_only,critical,clock_only,06:51,06:57,3,6,29262,29262,2,0,1,44.8,ok,1,1,cruise,0,0,0,0,0,0
2026-08-09,overlap:31570:29262,1,1,overlap,critical,recorded_pickup,critical,recorded_pickup,07:00,08:12,25,72,29262,29262,2,0,1,44.8,ok,1,1,cruise,0,0,0,0,0,0
2026-08-09,unassigned:32929,1,3,unassigned,warning,clock_only,warning,clock_only,07:15,07:45,11,30,32929,32929,1,1,0,,none,0,,arrival,0,0,0,0,0,0
2026-08-09,overlap:31431:33398,1,2,overlap,critical,clock_only,critical,clock_only,07:36,07:39,2,3,33398,33398,2,0,1,33.1,ok,1,1,return,0,0,0,0,0,0
2026-08-09,flight_change:27143,2,2,flight_change,critical,flight,critical,flight,07:42,07:42,1,0,33398,33398,2,0,1,33.1,ok,1,1,return,0,0,0,0,0,0
2026-08-09,overlap:31431:33398,2,2,overlap,critical,clock_only,critical,recorded_pickup,07:45,12:57,105,312,33398,33398,2,0,1,33.1,ok,1,1,return,0,0,1,0,0,0
2026-08-09,late_cascade:33363,1,1,late_cascade,critical,clock_only,critical,clock_only,08:03,08:42,14,39,33363,33363,1,1,0,,none,0,,cruise,0,0,0,0,0,0
2026-08-09,unassigned:32929,2,3,unassigned,critical,clock_only,critical,clock_only,08:09,09:42,32,93,32929,32929,1,1,1,,none,0,,arrival,0,0,0,0,0,0
2026-08-09,late_cascade:27708,1,1,late_cascade,critical,clock_only,critical,clock_only,08:12,08:18,3,6,28558,28558,2,0,1,-22.3,ok,1,0,return,0,0,0,0,0,0
2026-08-09,late_cascade:29262,1,1,late_cascade,critical,clock_only,critical,clock_only,08:18,08:39,8,21,29262,29262,1,1,0,44.8,ok,1,1,cruise,0,0,0,0,0,0
2026-08-09,late_cascade:33421,1,1,late_cascade,critical,clock_only,critical,clock_only,08:21,08:39,7,18,29969,29969,2,0,1,-3.1,ok,1,0,other,0,0,0,0,0,0
2026-08-09,overlap:27708:28558,1,1,overlap,critical,recorded_pickup,critical,recorded_pickup,08:21,09:09,17,48,28558,28558,2,0,1,-22.3,ok,1,0,return,0,0,0,0,0,0
2026-08-09,unassigned:24382,1,1,unassigned,warning,clock_only,warning,clock_only,08:27,08:30,2,3,24382,24382,1,1,0,,none,0,,cruise,0,0,0,0,0,0
2026-08-09,overlap:29262:32272,1,1,overlap,warning,recorded_pickup,warning,recorded_pickup,08:42,09:24,15,42,32272,32272,2,0,0,60.9,ok,1,1,arrival,0,0,0,0,0,0
2026-08-09,overlap:33421:29969,1,1,overlap,critical,recorded_pickup,critical,recorded_pickup,08:42,08:57,6,15,29969,29969,2,0,1,-3.1,ok,1,0,other,0,0,0,0,0,0
2026-08-09,overlap:30138:25932,1,1,overlap,critical,recorded_pickup,critical,recorded_pickup,08:51,09:57,23,66,25932,25932,2,0,1,36.0,ok,1,1,cruise,0,0,0,0,0,0
2026-08-09,late_cascade:28296,1,1,late_cascade,watch,clock_only,watch,clock_only,09:18,09:24,3,6,28296,28296,1,1,0,-19.0,ok,1,0,return,0,0,0,0,0,0
2026-08-09,overlap:28296:31836,1,1,overlap,warning,recorded_pickup,warning,recorded_pickup,09:27,10:27,21,60,31836,31836,2,0,0,-9.0,ok,1,0,return,0,0,0,0,0,0
2026-08-09,overrun:28296,1,1,overrun,warning,recorded_pickup,warning,recorded_pickup,09:27,09:27,1,0,28296,28296,1,1,0,-19.0,ok,1,0,return,0,0,0,0,0,0
2026-08-09,late_cascade:23022,1,1,late_cascade,critical,clock_only,critical,clock_only,09:42,09:48,3,6,26136,26136,2,0,1,23.7,ok,1,1,arrival,0,0,0,0,0,0
2026-08-09,unassigned:32929,3,3,unassigned,watch,clock_only,watch,clock_only,09:48,10:27,14,39,32929,32929,1,1,0,,none,0,,arrival,0,0,0,0,0,0
2026-08-09,overlap:23022:26136,1,1,overlap,critical,recorded_pickup,critical,recorded_pickup,09:51,11:21,31,90,26136,26136,2,0,1,23.7,ok,1,1,arrival,0,0,0,0,0,0
2026-08-09,flight_change:25934,1,1,flight_change,critical,flight,critical,flight,10:00,10:36,13,36,25932,25932,2,0,1,36.0,ok,1,1,cruise,0,0,0,0,0,0
2026-08-09,unassigned:33376,1,1,unassigned,warning,clock_only,warning,clock_only,10:00,10:00,1,0,33376,33376,1,1,0,-33.1,ok,1,0,return,0,0,0,0,0,0
2026-08-09,late_cascade:32272,1,1,late_cascade,critical,clock_only,critical,clock_only,10:06,10:27,8,21,32272,32272,1,1,0,60.9,ok,1,1,arrival,0,0,0,0,0,0
2026-08-09,unassigned:33542,1,1,unassigned,critical,clock_only,critical,clock_only,10:18,10:18,1,0,33542,33542,1,1,1,62.5,ok,1,1,arrival,0,0,0,0,0,0
2026-08-09,flight_change:33542,1,1,flight_change,critical,flight,critical,flight,10:21,10:51,11,30,32939,32939,2,0,1,,none,0,,arrival,0,0,0,0,0,0
2026-08-09,late_cascade:25934,1,1,late_cascade,critical,clock_only,critical,clock_only,10:33,10:36,2,3,25932,25932,2,0,1,36.0,ok,1,1,cruise,0,0,0,0,0,0
2026-08-09,overlap:25934:25932,1,1,overlap,critical,recorded_pickup,critical,recorded_pickup,10:39,10:48,4,9,25932,25932,2,0,1,36.0,ok,1,1,cruise,0,0,0,0,0,0
2026-08-09,late_cascade:33542,1,1,late_cascade,critical,clock_only,critical,clock_only,10:45,11:00,6,15,33542,32939,1,1,1,62.5,ok,1,1,arrival,0,0,0,1,1,1
2026-08-09,late_cascade:25932,1,1,late_cascade,critical,clock_only,critical,clock_only,10:54,11:00,3,6,25932,25932,1,1,0,36.0,ok,1,1,cruise,0,0,0,0,0,0
2026-08-09,overlap:21971:30944,1,1,overlap,critical,recorded_pickup,critical,recorded_pickup,11:03,12:00,20,57,30944,30944,2,0,1,13.6,ok,1,0,arrival,0,0,0,0,0,2
2026-08-09,late_cascade:25183,1,1,late_cascade,watch,clock_only,watch,clock_only,11:06,11:06,1,0,25183,25183,1,1,0,1.5,ok,1,0,arrival,0,0,0,0,0,0
2026-08-09,late_cascade:31836,1,1,late_cascade,watch,clock_only,watch,clock_only,11:18,11:39,8,21,31836,31836,1,1,0,-9.0,ok,1,0,return,0,0,0,0,0,0
2026-08-09,overrun:25932,1,1,overrun,warning,recorded_pickup,warning,recorded_pickup,11:27,11:45,7,18,25932,25932,1,1,1,36.0,ok,1,1,cruise,0,0,0,0,0,0
2026-08-09,overrun:33542,1,1,overrun,warning,recorded_pickup,warning,recorded_pickup,11:42,11:57,6,15,33542,33542,1,1,1,62.5,ok,1,1,arrival,0,0,0,0,0,0
2026-08-09,flight_change:29587,2,2,flight_change,critical,flight,critical,flight,11:48,11:48,1,0,29617,29617,2,0,1,-26.8,ok,1,0,return,0,0,0,0,0,0
2026-08-09,late_cascade:31431,1,1,late_cascade,critical,clock_only,critical,clock_only,12:03,12:12,4,9,33398,33398,2,0,1,33.1,ok,1,1,return,0,0,0,0,0,0
2026-08-09,flight_change:27694,1,1,flight_change,critical,flight,critical,flight,12:48,17:54,103,306,31770,31770,2,0,1,,none,0,,arrival,0,0,0,0,0,0
2026-08-09,unassigned:32256,1,2,unassigned,critical,clock_only,critical,clock_only,12:51,13:57,23,66,32256,32256,1,1,1,,none,0,,return,0,0,0,0,0,0
2026-08-09,late_cascade:33398,1,1,late_cascade,critical,clock_only,critical,clock_only,13:03,13:33,11,30,33491,33398,2,0,1,8.2,ok,1,0,arrival,0,0,0,1,1,1
2026-08-09,overlap:33398:33491,1,1,overlap,critical,recorded_pickup,critical,recorded_pickup,13:36,13:51,6,15,33491,33491,2,0,1,8.2,ok,1,0,arrival,0,0,0,0,0,1
2026-08-09,late_cascade:32478,1,1,late_cascade,critical,clock_only,watch,clock_only,13:39,14:39,21,60,32478,33214,1,1,1,115.2,ok,1,1,arrival,0,1,0,1,1,1
2026-08-09,unassigned:32256,2,2,unassigned,watch,clock_only,watch,clock_only,14:03,14:09,3,6,32256,32256,1,1,0,,none,0,,return,0,0,0,0,0,0
2026-08-09,flight_change:20538,1,1,flight_change,critical,flight,critical,flight,14:36,14:36,1,0,32890,32890,2,0,1,-2.9,ok,1,0,arrival,0,0,0,0,0,0
2026-08-09,late_cascade:20538,1,2,late_cascade,critical,clock_only,critical,clock_only,14:36,14:48,5,12,20538,32890,1,1,1,68.1,ok,1,1,arrival,0,0,0,1,1,1
2026-08-09,overlap:32478:33214,1,1,overlap,critical,recorded_pickup,critical,recorded_pickup,14:42,15:06,9,24,33214,33214,2,0,1,15.4,ok,1,1,arrival,0,0,0,0,0,1
2026-08-09,late_cascade:20538,2,2,late_cascade,watch,clock_only,watch,clock_only,15:15,15:33,7,18,20538,20538,1,1,0,68.1,ok,1,1,arrival,0,0,0,0,0,0
2026-08-09,overlap:33214:33362,1,1,overlap,critical,recorded_pickup,critical,recorded_pickup,16:21,16:57,13,36,33362,33362,2,0,1,49.2,ok,1,1,return,0,0,0,0,0,0
2026-08-09,overlap:32962:31173,1,1,overlap,warning,recorded_pickup,warning,recorded_pickup,16:36,17:42,23,66,31173,31173,2,0,1,-5.3,ok,1,0,return,0,0,0,0,0,0
2026-08-09,late_cascade:33362,1,1,late_cascade,watch,clock_only,watch,clock_only,17:48,17:48,1,0,33362,33362,1,1,0,49.2,ok,1,1,return,0,0,0,0,0,0
2026-08-09,late_cascade:31412,1,1,late_cascade,watch,clock_only,watch,clock_only,20:18,20:18,1,0,31412,31412,1,1,0,85.5,ok,1,1,cruise,0,0,0,0,0,0
2026-08-09,late_cascade:28443,1,1,late_cascade,watch,clock_only,watch,clock_only,20:48,21:21,12,33,28443,28443,1,1,0,30.3,ok,1,1,arrival,0,0,0,0,0,0
2026-08-10,flight_change:28518,1,2,flight_change,critical,flight,critical,flight,06:00,08:45,56,165,33302,33302,2,0,0,14.7,ok,1,0,arrival,0,0,0,0,0,0
2026-08-10,flight_change:29187,1,2,flight_change,critical,flight,warning,flight,06:00,10:39,94,279,29187,25293,1,1,0,2.5,ok,1,0,arrival,0,1,0,1,1,1
2026-08-10,flight_change:31152,1,1,flight_change,critical,flight,critical,flight,06:00,10:51,98,291,29191,29191,2,0,1,-6.9,ok,1,0,return,0,0,0,0,0,1
2026-08-10,overlap:23594:33007,1,1,overlap,critical,clock_only,critical,clock_only,06:00,11:21,108,321,33007,33007,2,0,1,-9.1,ok,1,0,return,0,0,0,0,0,0
2026-08-10,overlap:29845:29075,1,1,overlap,critical,clock_only,critical,clock_only,06:00,07:57,40,117,29075,29075,2,0,1,,none,0,,cruise,0,0,0,0,0,0
2026-08-10,overlap:30442:32161,1,1,overlap,critical,clock_only,critical,recorded_pickup,06:00,09:12,65,192,32161,32161,2,0,1,9.0,ok,1,0,return,0,0,1,0,0,0
2026-08-10,overlap:31322:32378,1,1,overlap,critical,clock_only,critical,clock_only,06:00,09:48,77,228,32378,32378,2,0,1,1.7,ok,1,0,cruise,0,0,0,0,0,0
2026-08-10,overlap:33253:20650,1,1,overlap,critical,clock_only,critical,recorded_pickup,06:00,11:57,120,357,20650,20650,2,0,1,11.4,ok,1,0,cruise,0,0,1,0,0,0
2026-08-10,overlap:27008:29534,1,1,overlap,warning,recorded_pickup,warning,recorded_pickup,06:03,07:12,24,69,29534,29534,2,0,0,30.3,ok,1,1,return,0,0,0,0,0,0
2026-08-10,late_cascade:29818,1,1,late_cascade,critical,clock_only,critical,clock_only,06:18,06:51,12,33,29818,29818,1,1,0,,none,0,,return,0,0,0,0,0,0
2026-08-10,unassigned:29540,1,1,unassigned,warning,clock_only,warning,clock_only,06:30,07:24,19,54,29540,29540,1,1,0,2.9,ok,1,0,cruise,0,0,0,0,0,0
2026-08-10,overlap:28086:19728,1,1,overlap,warning,recorded_pickup,warning,recorded_pickup,07:15,09:27,45,132,19728,19728,2,0,0,-7.4,ok,1,0,cruise,0,0,0,0,0,0
2026-08-10,late_cascade:33555,1,1,late_cascade,critical,clock_only,watch,clock_only,07:30,08:15,16,45,33555,33555,1,1,0,,none,0,,cruise,0,1,0,0,0,0
2026-08-10,overlap:31374:29796,1,1,overlap,warning,recorded_pickup,warning,recorded_pickup,07:30,08:45,26,75,29796,29796,2,0,0,-19.1,ok,1,0,cruise,0,0,0,0,0,0
2026-08-10,late_cascade:32989,1,1,late_cascade,critical,clock_only,critical,clock_only,07:42,07:42,1,0,32430,32430,2,0,1,4.9,ok,1,0,cruise,0,0,0,0,0,0
2026-08-10,overlap:32989:32430,1,1,overlap,critical,recorded_pickup,critical,recorded_pickup,07:45,08:57,25,72,32430,32430,2,0,1,4.9,ok,1,0,cruise,0,0,0,0,0,0
2026-08-10,late_cascade:30442,1,1,late_cascade,critical,clock_only,critical,clock_only,08:03,08:09,3,6,32161,32161,2,0,1,9.0,ok,1,0,return,0,0,0,0,0,0
2026-08-10,overrun:32989,1,1,overrun,critical,recorded_pickup,critical,recorded_pickup,08:06,08:09,2,3,32430,32430,2,0,1,4.9,ok,1,0,cruise,0,0,0,0,0,0
2026-08-10,flight_change:26836,1,1,flight_change,critical,flight,critical,flight,08:30,11:15,56,165,25293,25293,2,0,1,,none,0,,return,0,0,0,0,0,0
2026-08-10,late_cascade:31515,1,1,late_cascade,critical,clock_only,watch,clock_only,08:33,09:18,16,45,31515,31515,1,1,0,,none,0,,cruise,0,1,0,0,0,0
2026-08-10,flight_change:28518,2,2,flight_change,critical,flight,critical,flight,08:51,13:18,90,267,31152,33302,2,0,1,35.4,ok,1,1,other,0,0,0,1,0,1
2026-08-10,overlap:32161:32222,1,1,overlap,warning,recorded_pickup,warning,recorded_pickup,09:30,10:27,20,57,32222,32222,2,0,1,-2.9,ok,1,0,return,0,0,0,0,0,0
2026-08-10,unassigned:33668,1,3,unassigned,warning,clock_only,warning,clock_only,09:30,09:39,4,9,33668,33668,1,1,0,5.6,ok,1,0,return,0,0,0,0,0,0
2026-08-10,late_cascade:32430,1,1,late_cascade,watch,clock_only,watch,clock_only,09:48,09:54,3,6,32430,32430,1,1,0,4.9,ok,1,0,cruise,0,0,0,0,0,0
2026-08-10,unassigned:33668,2,3,unassigned,warning,clock_only,critical,clock_only,10:00,10:39,14,39,33668,33668,1,1,1,5.6,ok,1,0,return,0,1,0,0,0,0
2026-08-10,overrun:31795,1,1,overrun,warning,recorded_pickup,critical,recorded_pickup,10:15,10:33,7,18,20650,31795,3,0,1,11.4,ok,1,0,cruise,0,1,0,2,2,1
2026-08-10,late_cascade:17473,1,1,late_cascade,critical,clock_only,critical,clock_only,10:18,10:24,3,6,31526,31526,2,0,1,-2.5,ok,1,0,return,0,0,0,0,0,0
2026-08-10,overlap:17473:31526,1,1,overlap,critical,recorded_pickup,critical,recorded_pickup,10:27,10:57,11,30,31526,31526,2,0,1,-2.5,ok,1,0,return,0,0,0,0,0,0
2026-08-10,flight_change:33668,1,1,flight_change,critical,flight,critical,flight,10:42,10:48,3,6,28621,28621,2,0,1,-12.7,ok,1,0,return,0,0,0,0,0,0
2026-08-10,late_cascade:26852,1,1,late_cascade,critical,clock_only,critical,clock_only,10:42,11:03,8,21,25215,31873,3,0,1,-15.5,ok,1,0,return,0,0,0,1,1,0
2026-08-10,overlap:32430:33668,1,1,overlap,warning,recorded_pickup,warning,recorded_pickup,10:42,10:48,3,6,33668,33668,2,0,0,5.6,ok,1,0,return,0,0,0,0,0,0
2026-08-10,unassigned:29187,1,1,unassigned,critical,clock_only,critical,clock_only,10:42,10:48,3,6,29187,29187,1,1,1,2.5,ok,1,0,arrival,0,0,0,0,0,0
2026-08-10,overrun:19728,1,1,overrun,warning,recorded_pickup,warning,recorded_pickup,10:48,11:09,8,21,19728,19728,1,1,0,-7.4,ok,1,0,cruise,0,0,0,0,0,0
2026-08-10,flight_change:29187,2,2,flight_change,warning,flight,warning,flight,10:51,11:15,9,24,29187,29187,1,1,0,2.5,ok,1,0,arrival,0,0,0,0,0,0
2026-08-10,unassigned:33668,3,3,unassigned,critical,clock_only,critical,clock_only,10:51,10:57,3,6,33668,33668,1,1,1,5.6,ok,1,0,return,0,0,0,0,0,0
2026-08-10,late_cascade:26836,1,1,late_cascade,critical,clock_only,critical,clock_only,10:54,11:15,8,21,25293,25293,2,0,1,,none,0,,return,0,0,0,0,0,0
2026-08-10,unassigned:31152,1,1,unassigned,warning,clock_only,warning,clock_only,10:54,11:24,11,30,31152,31152,1,1,1,35.4,ok,1,1,other,0,0,0,0,0,0
2026-08-10,late_cascade:32222,1,1,late_cascade,critical,clock_only,critical,clock_only,11:03,11:09,3,6,32335,32335,2,0,1,-3.1,ok,1,0,arrival,0,0,0,0,0,0
2026-08-10,late_cascade:33253,1,1,late_cascade,critical,clock_only,critical,clock_only,11:06,11:09,2,3,20650,20650,2,0,1,11.4,ok,1,0,cruise,0,0,0,0,0,0
2026-08-10,overlap:32222:32335,1,1,overlap,critical,recorded_pickup,critical,recorded_pickup,11:12,11:18,3,6,32335,32335,2,0,1,-3.1,ok,1,0,arrival,0,0,0,0,0,0
2026-08-10,overlap:26836:25293,1,1,overlap,critical,clock_only,critical,clock_only,11:18,11:33,6,15,25293,25293,2,0,1,,none,0,,return,0,0,0,0,0,0
2026-08-10,late_cascade:32378,1,1,late_cascade,watch,clock_only,watch,clock_only,11:33,11:45,5,12,32378,32378,1,1,0,1.7,ok,1,0,cruise,0,0,0,0,0,0
2026-08-10,overlap:31526:28337,1,1,overlap,warning,recorded_pickup,warning,recorded_pickup,11:36,11:54,7,18,28337,28337,2,0,1,-22.3,ok,1,0,arrival,0,0,0,0,0,0
2026-08-10,late_cascade:25293,1,1,late_cascade,critical,clock_only,critical,clock_only,11:39,12:12,12,33,25293,25293,1,1,0,,none,0,,return,0,0,0,0,0,0
2026-08-10,overlap:32378:30196,1,1,overlap,critical,recorded_pickup,critical,recorded_pickup,11:48,13:21,32,93,30196,30196,2,0,1,2.1,ok,1,0,arrival,0,0,0,0,0,1
2026-08-10,unassigned:23820,1,1,unassigned,warning,clock_only,warning,clock_only,12:00,12:21,8,21,23820,23820,1,1,1,21.5,ok,1,1,return,0,0,0,0,0,0
2026-08-10,late_cascade:23592,1,1,late_cascade,critical,clock_only,critical,clock_only,12:03,12:09,3,6,29191,29191,2,0,1,-6.9,ok,1,0,return,0,0,0,0,0,0
2026-08-10,unassigned:33302,1,1,unassigned,warning,clock_only,warning,clock_only,12:03,12:36,12,33,33302,33302,1,1,1,14.7,ok,1,0,arrival,0,0,0,0,0,0
2026-08-10,flight_change:29191,1,1,flight_change,critical,flight,critical,flight,12:12,13:00,17,48,20579,20579,2,0,1,0.2,ok,1,0,return,0,0,0,0,0,0
2026-08-10,unassigned:28621,1,1,unassigned,critical,clock_only,critical,clock_only,12:27,12:39,5,12,28621,28621,1,1,1,-12.7,ok,1,0,return,0,0,0,0,0,0
2026-08-10,unassigned:33754,1,1,unassigned,warning,clock_only,critical,clock_only,12:36,13:39,22,63,33754,33754,1,1,1,7.9,ok,1,0,arrival,0,1,0,0,0,0
2026-08-10,overlap:29191:20579,1,1,overlap,critical,recorded_pickup,critical,recorded_pickup,13:03,13:57,19,54,20579,20579,2,0,1,0.2,ok,1,0,return,0,0,0,0,0,0
2026-08-10,overrun:24547,1,1,overrun,warning,recorded_pickup,warning,recorded_pickup,13:09,13:30,8,21,24547,24547,1,1,1,37.3,ok,1,1,arrival,0,0,0,0,0,0
2026-08-10,late_cascade:31235,1,1,late_cascade,critical,clock_only,critical,clock_only,13:24,13:24,1,0,31878,31878,2,0,1,,none,0,,return,0,0,0,0,0,0
2026-08-10,overlap:31235:31878,1,1,overlap,critical,recorded_pickup,critical,recorded_pickup,13:27,13:57,11,30,31878,31878,2,0,1,,none,0,,return,0,0,0,0,0,0
2026-08-10,late_cascade:22554,1,1,late_cascade,critical,clock_only,critical,clock_only,13:48,14:03,6,15,27859,27859,2,0,1,-16.6,ok,1,0,return,0,0,0,0,0,0
2026-08-10,late_cascade:31878,1,1,late_cascade,critical,clock_only,critical,clock_only,14:03,14:39,13,36,32129,31878,2,0,1,34.4,ok,1,1,arrival,0,0,0,1,1,1
2026-08-10,overlap:22554:27859,1,1,overlap,critical,recorded_pickup,critical,recorded_pickup,14:06,14:42,13,36,27859,27859,2,0,1,-16.6,ok,1,0,return,0,0,0,0,0,0
2026-08-10,overlap:27068:30137,1,1,overlap,warning,recorded_pickup,warning,recorded_pickup,14:06,15:12,23,66,30137,30137,2,0,1,-6.6,ok,1,0,return,0,0,0,0,0,0
2026-08-11,flight_change:20391,1,1,flight_change,critical,flight,critical,flight,06:00,10:45,96,285,33047,33047,2,0,1,-6.9,ok,1,0,arrival,0,0,0,0,0,1
2026-08-11,flight_change:24658,1,1,flight_change,critical,flight,critical,flight,06:00,06:21,8,21,31024,31024,2,0,0,0.3,ok,1,0,arrival,0,0,0,0,0,0
2026-08-11,flight_change:25390,1,1,flight_change,critical,flight,critical,flight,06:00,09:33,72,213,32139,32139,2,0,1,48.8,ok,1,1,return,0,0,0,0,0,0
2026-08-11,flight_change:25609,1,1,flight_change,critical,flight,critical,flight,06:00,09:57,80,237,26722,26722,2,0,0,-21.4,ok,1,0,return,0,0,0,0,0,1
2026-08-11,flight_change:25855,1,1,flight_change,critical,flight,critical,flight,06:00,08:00,41,120,32819,32819,2,0,1,5.0,ok,1,0,return,0,0,0,0,0,0
2026-08-11,flight_change:26849,1,2,flight_change,critical,flight,critical,flight,06:00,09:48,77,228,33445,32515,2,0,0,-29.2,ok,1,0,arrival,0,0,0,1,0,1
2026-08-11,flight_change:28231,1,1,flight_change,critical,flight,critical,flight,06:00,08:36,53,156,33413,33413,2,0,1,-31.9,ok,1,0,arrival,0,0,0,0,0,0
2026-08-11,flight_change:30564,1,4,flight_change,critical,flight,critical,flight,06:00,07:03,22,63,33354,33354,2,0,0,27.9,ok,1,1,arrival,0,0,0,0,0,0
2026-08-11,flight_change:31024,1,1,flight_change,critical,flight,critical,flight,06:00,10:24,89,264,24677,24677,2,0,1,14.0,ok,1,0,arrival,0,0,0,0,0,0
2026-08-11,flight_change:31677,1,1,flight_change,critical,flight,critical,flight,06:00,09:54,79,234,30564,29935,2,0,1,-12.9,ok,1,0,arrival,0,0,0,1,0,1
2026-08-11,flight_change:33021,1,1,flight_change,warning,flight,warning,flight,06:00,09:57,80,237,33021,33021,1,1,0,-2.2,ok,1,0,arrival,0,0,0,0,0,0
2026-08-11,late_cascade:30091,1,1,late_cascade,critical,clock_only,critical,clock_only,06:00,06:24,9,24,29470,30091,2,0,1,,none,0,,return,0,0,0,1,1,1
2026-08-11,overlap:28261:27883,1,1,overlap,critical,clock_only,critical,clock_only,06:00,08:00,41,120,27883,27883,2,0,1,,none,0,,arrival,0,0,0,0,0,0
2026-08-11,overlap:32096:25401,1,1,overlap,critical,clock_only,critical,clock_only,06:00,07:12,25,72,25401,25401,2,0,1,-3.5,ok,1,0,return,0,0,0,0,0,0
2026-08-11,overlap:32393:32207,1,2,overlap,critical,clock_only,critical,clock_only,06:00,08:06,43,126,32207,32207,2,0,0,-18.8,ok,1,0,return,0,0,0,0,0,0
2026-08-11,overlap:33354:25833,1,1,overlap,critical,clock_only,critical,clock_only,06:00,09:30,71,210,25833,25833,2,0,1,97.5,ok,1,1,arrival,0,0,0,0,0,0
2026-08-11,late_cascade:29470,1,1,late_cascade,critical,clock_only,critical,clock_only,07:03,07:39,13,36,29659,29470,2,0,1,,none,0,,return,0,0,0,1,1,1
2026-08-11,flight_change:32819,1,1,flight_change,critical,flight,critical,flight,07:39,10:18,54,159,29935,19577,2,0,1,17.0,ok,1,1,return,0,0,0,1,0,0
2026-08-11,flight_change:30564,2,4,flight_change,critical,flight,critical,flight,07:57,08:06,4,9,30225,30225,2,0,0,2.2,ok,1,0,return,0,0,0,0,0,0
2026-08-11,overlap:29935:30564,1,1,overlap,critical,clock_only,critical,clock_only,07:57,07:57,1,0,30564,30564,2,0,0,-12.9,ok,1,0,arrival,0,0,0,0,0,0
2026-08-11,overlap:29659:32096,1,1,overlap,critical,clock_only,critical,clock_only,08:03,09:27,29,84,32096,32096,2,0,1,,none,0,,return,0,0,0,0,0,0
2026-08-11,overlap:32393:29638,1,2,overlap,critical,clock_only,critical,clock_only,08:09,08:51,15,42,29638,29638,2,0,0,16.1,ok,1,1,arrival,0,0,0,0,0,0
2026-08-11,late_cascade:29659,1,1,late_cascade,critical,clock_only,critical,clock_only,08:33,09:15,15,42,27883,32096,3,0,1,,none,0,,arrival,0,0,0,1,1,0
2026-08-11,flight_change:30564,3,4,flight_change,critical,flight,critical,flight,08:54,09:18,9,24,30225,30225,2,0,1,2.2,ok,1,0,return,0,0,0,0,0,0
2026-08-11,overlap:32393:32207,2,2,overlap,critical,clock_only,critical,clock_only,09:03,09:21,7,18,32207,32207,2,0,0,-18.8,ok,1,0,return,0,0,0,0,0,0
2026-08-11,overlap:32627:22797,1,1,overlap,critical,clock_only,critical,recorded_pickup,09:03,13:12,84,249,22797,22797,2,0,1,-5.6,ok,1,0,return,0,0,1,0,0,0
2026-08-11,flight_change:30564,4,4,flight_change,warning,flight,warning,flight,09:24,11:27,42,123,30564,30564,1,1,1,-12.9,ok,1,0,arrival,0,0,0,0,0,0
2026-08-11,flight_change:25833,1,1,flight_change,critical,flight,critical,flight,09:33,17:06,152,453,28404,28404,2,0,1,,none,0,,arrival,0,0,0,0,0,0
2026-08-11,late_cascade:32096,1,1,late_cascade,critical,clock_only,watch,clock_only,09:33,10:18,16,45,32096,32096,1,1,1,,none,0,,return,0,1,0,1,1,1
2026-08-11,overlap:25390:32139,1,1,overlap,critical,recorded_pickup,critical,recorded_pickup,09:36,09:45,4,9,32139,32139,2,0,1,48.8,ok,1,1,return,0,0,0,0,0,0
2026-08-11,flight_change:26849,2,2,flight_change,critical,flight,critical,flight,09:54,13:03,64,189,32515,32515,2,0,1,33.1,ok,1,1,arrival,0,0,0,0,0,0
2026-08-11,late_cascade:32819,1,1,late_cascade,critical,clock_only,critical,clock_only,10:03,10:18,6,15,29935,29935,2,0,1,17.0,ok,1,1,return,0,0,0,0,0,0
2026-08-11,flight_change:30214,1,3,flight_change,critical,flight,critical,flight,10:18,12:06,37,108,33355,33355,2,0,1,0.0,ok,1,0,arrival,0,0,0,0,0,0
2026-08-11,overlap:32819:29935,1,1,overlap,critical,recorded_pickup,critical,recorded_pickup,10:21,10:57,13,36,29935,29935,2,0,1,17.0,ok,1,1,return,0,0,0,0,0,0
2026-08-11,late_cascade:32139,1,1,late_cascade,critical,clock_only,watch,clock_only,10:33,11:18,16,45,32139,32139,1,1,0,48.8,ok,1,1,return,0,1,0,0,0,0
2026-08-11,late_cascade:26722,1,1,late_cascade,critical,clock_only,critical,clock_only,10:42,10:51,4,9,33021,33021,2,0,1,-2.2,ok,1,0,arrival,0,0,0,0,0,0
2026-08-11,late_cascade:27883,1,1,late_cascade,critical,clock_only,watch,clock_only,10:42,11:51,24,69,27883,27883,1,1,1,,none,0,,arrival,0,1,0,1,1,1
2026-08-11,overlap:26722:33021,1,1,overlap,critical,recorded_pickup,critical,recorded_pickup,10:54,11:03,4,9,33021,33021,2,0,1,-2.2,ok,1,0,arrival,0,0,0,0,0,1
2026-08-11,overlap:29935:30225,1,1,overlap,warning,recorded_pickup,warning,recorded_pickup,11:18,12:27,24,69,30225,30225,2,0,1,2.2,ok,1,0,return,0,0,0,0,0,0
2026-08-11,overlap:32139:32627,1,1,overlap,warning,recorded_pickup,warning,recorded_pickup,11:21,12:12,18,51,32627,32627,2,0,1,-11.0,ok,1,0,return,0,0,0,0,0,0
2026-08-11,overlap:32393:29638,2,2,overlap,critical,clock_only,critical,clock_only,12:15,12:27,5,12,29638,29638,2,0,1,16.1,ok,1,1,arrival,0,0,0,0,0,0
2026-08-11,late_cascade:32627,1,1,late_cascade,critical,clock_only,critical,clock_only,12:18,12:42,9,24,22797,22797,2,0,1,-5.6,ok,1,0,return,0,0,0,0,0,0
2026-08-11,flight_change:30214,2,3,flight_change,critical,flight,critical,flight,12:21,14:54,52,153,33355,33355,2,0,1,0.0,ok,1,0,arrival,0,0,0,0,0,1
2026-08-11,unassigned:32393,1,1,unassigned,critical,clock_only,critical,clock_only,12:30,12:30,1,0,32393,32393,1,1,1,16.0,ok,1,1,return,0,0,0,0,0,0
2026-08-11,overlap:33395:32393,1,1,overlap,critical,recorded_pickup,critical,recorded_pickup,12:33,12:57,9,24,32393,32393,2,0,1,16.0,ok,1,1,return,0,0,0,0,0,0
2026-08-11,late_cascade:30225,1,1,late_cascade,critical,clock_only,critical,clock_only,13:03,13:12,4,9,32207,32207,2,0,1,-18.8,ok,1,0,return,0,0,0,0,0,0
2026-08-11,late_cascade:32393,1,1,late_cascade,critical,clock_only,critical,clock_only,13:03,13:15,5,12,32393,32393,1,1,0,16.0,ok,1,1,return,0,0,0,0,0,0
2026-08-11,late_cascade:13585,1,1,late_cascade,critical,clock_only,watch,clock_only,13:09,14:06,20,57,13585,13585,1,1,0,,none,0,,arrival,0,1,0,0,0,0
2026-08-11,overlap:30225:32207,1,1,overlap,critical,recorded_pickup,critical,recorded_pickup,13:15,13:57,15,42,32207,32207,2,0,1,-18.8,ok,1,0,return,0,0,0,0,0,0
2026-08-11,late_cascade:24677,1,1,late_cascade,critical,clock_only,critical,clock_only,13:48,13:57,4,9,30948,30948,2,0,1,18.8,ok,1,1,arrival,0,0,0,0,0,0
2026-08-11,overlap:22797:30056,1,1,overlap,warning,recorded_pickup,warning,recorded_pickup,13:54,14:57,22,63,30056,30056,2,0,1,-45.6,ok,1,0,return,0,0,0,0,0,0
2026-08-11,flight_change:30948,1,1,flight_change,critical,flight,critical,flight,14:42,14:42,1,0,20391,20391,2,0,1,,none,0,,arrival,0,0,0,0,0,0
2026-08-11,flight_change:33355,1,1,flight_change,critical,flight,critical,flight,14:57,15:15,7,18,30214,30214,2,0,1,-2.1,ok,1,0,arrival,0,0,0,0,0,0
2026-08-11,late_cascade:27082,1,1,late_cascade,critical,clock_only,critical,clock_only,15:03,15:27,9,24,27082,27082,1,1,0,,none,0,,return,0,0,0,0,0,0
2026-08-11,flight_change:30214,3,3,flight_change,critical,flight,critical,flight,15:18,17:39,48,141,33355,33355,2,0,1,0.0,ok,1,0,arrival,0,0,0,0,0,0
2026-08-11,late_cascade:30056,1,1,late_cascade,watch,clock_only,watch,clock_only,15:48,17:15,30,87,30056,30056,1,1,0,-45.6,ok,1,0,return,0,0,0,0,0,0
2026-08-11,unassigned:26604,1,1,unassigned,warning,clock_only,warning,clock_only,17:42,17:42,1,0,26604,26604,1,1,1,60.4,ok,1,1,arrival,0,0,0,0,0,0
2026-08-11,flight_change:33342,1,1,flight_change,critical,flight,critical,flight,18:45,18:45,1,0,26849,26849,2,0,1,-5.5,ok,1,0,arrival,0,0,0,0,0,0
2026-08-11,late_cascade:33382,1,2,late_cascade,critical,clock_only,critical,clock_only,19:03,19:18,6,15,33382,33382,1,1,0,54.6,ok,1,1,arrival,0,0,0,0,0,0
2026-08-11,late_cascade:33382,2,2,late_cascade,watch,clock_only,watch,clock_only,19:48,19:48,1,0,33382,33382,1,1,0,54.6,ok,1,1,arrival,0,0,0,0,0,0
2026-08-11,overrun:33382,1,1,overrun,warning,recorded_pickup,warning,recorded_pickup,20:24,20:42,7,18,33382,33382,1,1,1,54.6,ok,1,1,arrival,0,0,0,0,0,0
2026-08-11,late_cascade:33342,1,1,late_cascade,critical,clock_only,critical,clock_only,21:06,21:15,4,9,33342,33342,1,1,0,,none,0,,arrival,0,0,0,0,0,0
2026-08-12,flight_change:23706,1,1,flight_change,critical,flight,critical,flight,06:00,09:51,78,231,31919,31919,2,0,1,-25.4,ok,1,0,return,0,0,0,0,0,0
2026-08-12,flight_change:25484,1,1,flight_change,critical,flight,critical,flight,06:00,18:39,254,759,31265,31265,2,0,1,-13.8,ok,1,0,arrival,0,0,0,0,0,0
2026-08-12,flight_change:26881,1,1,flight_change,warning,flight,warning,flight,06:00,18:30,251,750,26881,26881,1,1,1,43.9,ok,1,1,arrival,0,0,0,0,0,0
2026-08-12,flight_change:32119,1,1,flight_change,warning,flight,warning,flight,06:00,11:00,101,300,32119,32119,1,1,1,2.4,ok,1,0,arrival,0,0,0,0,0,0
2026-08-12,flight_change:33546,1,1,flight_change,critical,flight,critical,flight,06:00,10:57,100,297,28955,26862,2,0,1,-15.1,ok,1,0,arrival,0,1,0,2,1,3
2026-08-12,flight_change:33957,1,1,flight_change,critical,flight,critical,flight,06:00,07:45,36,105,14743,14743,2,0,1,10.1,ok,1,0,arrival,0,0,0,0,0,0
2026-08-12,late_cascade:32163,1,1,late_cascade,critical,clock_only,critical,clock_only,06:00,06:09,4,9,29993,32163,2,0,1,,none,0,,return,0,0,0,1,1,1
2026-08-12,late_cascade:33902,1,1,late_cascade,watch,clock_only,watch,clock_only,06:00,06:15,6,15,33902,33902,1,1,0,,none,0,,return,0,0,0,0,0,0
2026-08-12,overlap:27770:32045,1,1,overlap,critical,recorded_pickup,critical,recorded_pickup,06:00,06:57,20,57,32045,32045,2,0,1,6.4,ok,1,0,return,0,0,0,0,0,0
2026-08-12,late_cascade:29993,1,1,late_cascade,critical,clock_only,critical,clock_only,07:03,07:21,7,18,29993,29993,1,1,0,,none,0,,return,0,0,0,0,0,0
2026-08-12,flight_change:10835,1,1,flight_change,critical,flight,critical,flight,07:54,07:54,1,0,30093,30093,2,0,0,0.0,ok,1,0,return,0,0,0,0,0,0
2026-08-12,flight_change:33477,1,1,flight_change,critical,flight,critical,flight,07:54,07:54,1,0,33558,33558,2,0,1,-29.1,ok,1,0,arrival,0,0,0,0,0,0
2026-08-12,late_cascade:27905,1,1,late_cascade,critical,clock_only,critical,clock_only,08:03,08:36,12,33,27905,27905,1,1,0,37.4,ok,1,1,return,0,0,0,0,0,0
2026-08-12,unassigned:34110,1,1,unassigned,warning,clock_only,warning,clock_only,08:36,08:39,2,3,34110,34110,1,1,1,19.3,ok,1,1,arrival,0,0,0,0,0,0
2026-08-12,overlap:27905:25108,1,1,overlap,warning,recorded_pickup,warning,recorded_pickup,08:39,09:09,11,30,25108,25108,2,0,1,48.0,ok,1,1,arrival,0,0,0,0,0,0
2026-08-12,late_cascade:28131,1,1,late_cascade,critical,clock_only,critical,clock_only,08:48,09:03,6,15,30559,30559,2,0,1,2.2,ok,1,0,return,0,0,0,0,0,0
2026-08-12,late_cascade:27517,1,1,late_cascade,critical,clock_only,critical,clock_only,09:03,09:21,7,18,29741,27517,2,0,1,,none,0,,return,0,0,0,1,1,1
2026-08-12,overlap:28131:30559,1,1,overlap,critical,recorded_pickup,critical,recorded_pickup,09:06,09:42,13,36,30559,30559,2,0,1,2.2,ok,1,0,return,0,0,0,0,0,0
2026-08-12,late_cascade:25108,1,1,late_cascade,critical,clock_only,critical,clock_only,09:51,09:57,3,6,25108,25108,1,1,0,48.0,ok,1,1,arrival,0,0,0,0,0,0
2026-08-12,overlap:30459:28032,1,1,overlap,critical,clock_only,critical,clock_only,09:57,10:33,13,36,28032,28032,2,0,1,0.1,ok,1,0,return,0,0,0,0,0,0
2026-08-12,late_cascade:29741,1,1,late_cascade,critical,clock_only,critical,clock_only,10:03,10:45,15,42,29741,29741,1,1,0,,none,0,,return,0,0,0,0,0,0
2026-08-12,overlap:26484:28032,1,1,overlap,critical,clock_only,critical,recorded_pickup,10:36,13:27,58,171,28032,28032,2,0,1,0.1,ok,1,0,return,0,0,1,0,0,0
2026-08-12,late_cascade:26633,1,1,late_cascade,critical,clock_only,critical,clock_only,11:03,11:03,1,0,33558,33558,2,0,1,-29.1,ok,1,0,arrival,0,0,0,0,0,0
2026-08-12,late_cascade:28904,1,1,late_cascade,critical,clock_only,critical,clock_only,11:18,11:18,1,0,28904,28904,1,1,0,5.3,ok,1,0,return,0,0,0,0,0,0
2026-08-12,overrun:26633,1,1,overrun,warning,recorded_pickup,warning,recorded_pickup,11:27,11:45,7,18,26633,26633,1,1,1,-2.3,ok,1,0,arrival,0,0,0,0,0,0
2026-08-12,unassigned:33477,1,1,unassigned,critical,clock_only,critical,clock_only,11:48,12:00,5,12,33477,33477,1,1,1,,none,0,,arrival,0,0,0,0,0,0
2026-08-12,flight_change:33152,1,1,flight_change,warning,flight,warning,flight,11:57,15:45,77,228,33152,33152,1,1,1,19.6,ok,1,1,arrival,0,0,0,0,0,0
2026-08-12,late_cascade:29922,1,1,late_cascade,critical,clock_only,critical,clock_only,12:09,12:30,8,21,29922,29922,1,1,0,,none,0,,arrival,0,0,0,0,0,0
2026-08-12,late_cascade:26484,1,1,late_cascade,critical,clock_only,critical,clock_only,12:33,12:57,9,24,28032,28032,2,0,1,0.1,ok,1,0,return,0,0,0,0,0,0
2026-08-12,flight_change:33598,1,1,flight_change,critical,flight,critical,flight,12:42,13:03,8,21,32119,32119,2,0,1,2.4,ok,1,0,arrival,0,0,0,0,0,0
2026-08-12,late_cascade:14743,1,1,late_cascade,critical,clock_only,watch,clock_only,13:30,13:45,6,15,14743,10835,1,1,1,10.1,ok,1,0,arrival,0,1,0,1,1,1
2026-08-12,overlap:17274:31867,1,1,overlap,warning,recorded_pickup,warning,recorded_pickup,13:33,13:39,3,6,31867,31867,2,0,1,19.5,ok,1,1,arrival,0,0,0,0,0,0
2026-08-12,late_cascade:32888,1,1,late_cascade,critical,clock_only,critical,clock_only,14:00,14:18,7,18,32888,32888,1,1,0,59.2,ok,1,1,arrival,0,0,0,0,0,0
2026-08-12,late_cascade:33402,1,1,late_cascade,critical,clock_only,critical,clock_only,14:36,15:03,10,27,33402,33402,1,1,0,,none,0,,arrival,0,0,0,0,0,0
2026-08-12,overrun:30093,1,1,overrun,warning,recorded_pickup,warning,recorded_pickup,16:00,16:18,7,18,30093,30093,1,1,1,0.0,ok,1,0,return,0,0,0,0,0,0
2026-08-12,late_cascade:34162,1,1,late_cascade,critical,clock_only,watch,clock_only,16:03,17:27,29,84,34162,34162,1,1,0,,none,0,,return,0,1,0,0,0,0
2026-08-12,late_cascade:27482,1,1,late_cascade,watch,clock_only,watch,clock_only,17:18,17:18,1,0,27482,27482,1,1,0,-6.6,ok,1,0,return,0,0,0,0,0,0
2026-08-12,overrun:32351,1,1,overrun,warning,recorded_pickup,warning,recorded_pickup,17:24,17:24,1,0,32351,32351,1,1,1,26.1,ok,1,1,other,0,0,0,0,0,0
2026-08-12,late_cascade:26881,1,1,late_cascade,critical,clock_only,critical,clock_only,18:27,18:30,2,3,26881,26881,1,1,0,43.9,ok,1,1,arrival,0,0,0,0,0,0
2026-08-12,flight_change:31265,1,1,flight_change,critical,flight,critical,flight,18:42,18:57,6,15,25484,25484,2,0,1,124.1,ok,1,1,arrival,0,0,0,0,0,0
2026-08-12,overlap:31265:25484,1,1,overlap,critical,recorded_pickup,critical,recorded_pickup,19:00,19:54,19,54,25484,25484,2,0,1,124.1,ok,1,1,arrival,0,0,0,0,0,1
2026-08-12,late_cascade:25484,1,1,late_cascade,watch,clock_only,watch,clock_only,19:27,20:48,28,81,25484,25484,1,1,0,124.1,ok,1,1,arrival,0,0,0,0,0,0
2026-08-12,late_cascade:33838,1,1,late_cascade,critical,clock_only,watch,clock_only,19:48,21:12,29,84,33838,33838,1,1,0,,none,0,,arrival,0,1,0,0,0,0
2026-08-12,late_cascade:31817,1,1,late_cascade,watch,clock_only,watch,clock_only,19:54,21:09,26,75,31817,31817,1,1,0,-37.7,ok,1,0,arrival,0,0,0,0,0,0
2026-08-12,late_cascade:33597,1,1,late_cascade,watch,clock_only,watch,clock_only,20:54,21:18,9,24,33597,33597,1,1,0,107.2,ok,1,1,arrival,0,0,0,0,0,0
2026-08-12,overrun:31817,1,1,overrun,warning,recorded_pickup,warning,recorded_pickup,21:12,21:12,1,0,31817,31817,1,1,1,-37.7,ok,1,0,arrival,0,0,0,0,0,0
2026-08-12,unassigned:34295,1,1,unassigned,warning,clock_only,warning,clock_only,21:45,22:30,16,45,34295,34295,1,1,1,,none,0,,arrival,0,0,0,0,0,0
2026-08-13,flight_change:24996,1,1,flight_change,critical,flight,critical,flight,06:00,09:36,73,216,20700,20700,2,0,1,8.0,ok,1,0,cruise,0,0,0,0,0,0
2026-08-13,flight_change:26893,1,1,flight_change,critical,flight,critical,flight,06:00,07:33,32,93,26965,26965,2,0,1,3.2,ok,1,0,cruise,0,0,0,0,0,0
2026-08-13,flight_change:27041,1,1,flight_change,critical,flight,critical,flight,06:00,10:00,81,240,24641,24641,2,0,1,-7.3,ok,1,0,return,0,0,0,0,0,0
2026-08-13,flight_change:28804,1,1,flight_change,warning,flight,warning,flight,06:00,12:48,137,408,28804,28804,1,1,1,59.6,ok,1,1,arrival,0,0,0,0,0,0
2026-08-13,flight_change:29250,1,1,flight_change,warning,flight,warning,flight,06:00,22:45,336,1005,29250,29250,1,1,1,-29.9,ok,1,0,other,0,0,0,0,0,0
2026-08-13,flight_change:29466,1,1,flight_change,warning,flight,critical,flight,06:00,20:03,282,843,33326,29466,2,0,1,26.5,ok,1,1,arrival,0,1,0,1,1,3
2026-08-13,flight_change:30019,1,1,flight_change,critical,flight,critical,flight,06:00,09:36,73,216,29502,29502,2,0,1,,none,0,,return,0,0,0,0,0,0
2026-08-13,flight_change:33221,1,1,flight_change,critical,flight,critical,flight,06:00,21:09,304,909,34282,34282,2,0,1,28.3,ok,1,1,other,0,0,0,0,0,0
2026-08-13,flight_change:33469,1,1,flight_change,critical,flight,critical,flight,06:00,08:39,54,159,31510,31510,2,0,1,-14.7,ok,1,0,return,0,0,0,0,0,0
2026-08-13,flight_change:34281,1,2,flight_change,critical,flight,critical,flight,06:00,07:33,32,93,34222,34222,2,0,1,,none,0,,arrival,0,0,0,0,0,1
2026-08-13,overlap:27394:32286,1,1,overlap,critical,clock_only,critical,recorded_pickup,06:00,08:57,60,177,32286,32286,2,0,1,16.6,ok,1,1,return,0,0,1,0,0,0
2026-08-13,overlap:33252:24996,1,1,overlap,critical,clock_only,critical,clock_only,06:00,08:00,41,120,24996,24996,2,0,1,-5.5,ok,1,0,return,0,0,0,0,0,0
2026-08-13,late_cascade:30880,1,1,late_cascade,critical,clock_only,critical,clock_only,07:03,07:42,14,39,30880,30880,1,1,0,,none,0,,return,0,0,0,0,0,0
2026-08-13,flight_change:34222,1,1,flight_change,critical,flight,critical,flight,07:36,07:36,1,0,34281,34281,2,0,1,-34.3,ok,1,0,other,0,0,0,0,0,0
2026-08-13,overlap:26893:26965,1,1,overlap,critical,recorded_pickup,critical,recorded_pickup,07:36,09:27,38,111,26965,26965,2,0,1,3.2,ok,1,0,cruise,0,0,0,0,0,0
2026-08-13,flight_change:34281,2,2,flight_change,critical,flight,critical,flight,07:39,10:00,48,141,30280,34222,2,0,1,15.3,ok,1,1,arrival,0,0,0,1,0,1
2026-08-13,late_cascade:27394,1,1,late_cascade,critical,clock_only,critical,clock_only,08:03,08:36,12,33,29727,29727,3,0,1,40.0,ok,1,1,arrival,0,0,0,0,0,0
2026-08-13,flight_change:31720,1,1,flight_change,critical,flight,critical,flight,08:21,08:24,2,3,31619,31619,2,0,0,,none,0,,return,0,0,0,0,0,0
2026-08-13,late_cascade:24996,1,1,late_cascade,critical,clock_only,critical,clock_only,09:03,09:36,12,33,34106,20700,3,0,1,-22.2,ok,1,0,return,0,0,0,1,1,0
2026-08-13,late_cascade:31619,1,1,late_cascade,critical,clock_only,critical,clock_only,09:03,09:36,12,33,34222,31619,2,0,1,,none,0,,arrival,0,0,0,1,1,2
2026-08-13,late_cascade:32286,1,1,late_cascade,critical,clock_only,watch,clock_only,09:03,09:48,16,45,32286,29727,1,1,1,16.6,ok,1,1,return,0,1,0,1,1,3
2026-08-13,late_cascade:20700,1,1,late_cascade,critical,clock_only,critical,clock_only,09:33,09:36,2,3,20700,20700,1,1,0,8.0,ok,1,0,cruise,0,0,0,0,0,0
2026-08-13,late_cascade:27041,1,1,late_cascade,critical,clock_only,critical,clock_only,09:42,10:00,7,18,24641,24641,2,0,0,-7.3,ok,1,0,return,0,0,0,0,0,0
2026-08-13,late_cascade:31720,1,1,late_cascade,critical,clock_only,watch,clock_only,10:00,10:27,10,27,31720,28804,1,1,1,93.7,ok,1,1,cruise,0,1,0,2,2,1
2026-08-13,overlap:27041:24641,1,1,overlap,critical,recorded_pickup,critical,recorded_pickup,10:03,10:12,4,9,24641,24641,2,0,0,-7.3,ok,1,0,return,0,0,0,0,0,0
2026-08-13,overlap:34281:30280,1,1,overlap,critical,recorded_pickup,critical,recorded_pickup,10:03,10:33,11,30,30280,30280,2,0,1,15.3,ok,1,1,arrival,0,0,0,0,0,0
2026-08-13,overlap:30213:28714,1,1,overlap,warning,recorded_pickup,warning,recorded_pickup,10:06,10:33,10,27,28714,28714,2,0,1,-2.3,ok,1,0,arrival,0,0,0,0,0,0
2026-08-13,late_cascade:29502,1,1,late_cascade,critical,clock_only,critical,clock_only,10:18,10:24,3,6,29502,29502,1,1,0,,none,0,,return,0,0,0,0,0,0
2026-08-13,late_cascade:34222,1,1,late_cascade,critical,clock_only,critical,clock_only,10:18,10:42,9,24,24092,34222,2,0,1,,none,0,,return,0,0,0,1,1,1
2026-08-13,overlap:31720:28804,1,1,overlap,critical,recorded_pickup,critical,recorded_pickup,10:30,11:48,27,78,28804,28804,2,0,1,59.6,ok,1,1,arrival,0,0,0,0,0,0
2026-08-13,late_cascade:24092,1,1,late_cascade,critical,clock_only,critical,clock_only,11:18,11:42,9,24,24092,24092,1,1,0,,none,0,,return,0,0,0,0,0,0
2026-08-13,late_cascade:28804,1,1,late_cascade,critical,clock_only,critical,clock_only,12:27,12:48,8,21,33278,28804,2,0,1,60.5,ok,1,1,arrival,0,0,0,1,1,1
2026-08-13,late_cascade:33972,1,1,late_cascade,watch,clock_only,watch,clock_only,12:48,12:57,4,9,33972,33972,1,1,0,-39.6,ok,1,0,other,0,0,0,0,0,0
2026-08-13,overlap:28804:33278,1,1,overlap,critical,recorded_pickup,critical,recorded_pickup,12:51,14:03,25,72,33278,33278,2,0,1,60.5,ok,1,1,arrival,0,0,0,0,0,1
2026-08-13,overlap:33972:32940,1,1,overlap,warning,recorded_pickup,warning,recorded_pickup,13:00,13:57,20,57,32940,32940,2,0,1,1.5,ok,1,0,return,0,0,0,0,0,0
2026-08-13,overrun:33972,1,1,overrun,warning,recorded_pickup,warning,recorded_pickup,13:00,13:15,6,15,33972,33972,1,1,1,-39.6,ok,1,0,other,0,0,0,0,0,0
2026-08-13,late_cascade:29572,1,1,late_cascade,critical,clock_only,critical,clock_only,13:42,14:03,8,21,29572,29572,1,1,0,,none,0,,arrival,0,0,0,0,0,0
2026-08-13,late_cascade:33278,1,1,late_cascade,critical,clock_only,critical,clock_only,14:42,15:03,8,21,33278,33278,1,1,0,60.5,ok,1,1,arrival,0,0,0,0,0,0
2026-08-13,late_cascade:27092,1,1,late_cascade,critical,clock_only,critical,clock_only,14:48,15:30,15,42,31048,27092,3,0,1,,none,0,,return,0,0,0,2,2,1
2026-08-13,late_cascade:24223,1,1,late_cascade,critical,clock_only,watch,clock_only,16:03,17:03,21,60,24223,24223,1,1,1,,none,0,,return,0,1,0,1,1,1
2026-08-13,late_cascade:31048,1,1,late_cascade,critical,clock_only,critical,clock_only,17:18,17:54,13,36,31048,31048,1,1,0,,none,0,,return,0,0,0,0,0,0
2026-08-13,flight_change:25368,1,1,flight_change,critical,flight,critical,flight,17:57,20:18,48,141,34381,34381,2,0,1,15.8,ok,1,1,cruise,0,0,0,0,0,1
2026-08-13,late_cascade:30862,1,1,late_cascade,critical,clock_only,critical,clock_only,18:03,18:27,9,24,30862,30862,1,1,0,28.2,ok,1,1,return,0,0,0,0,0,0
2026-08-13,unassigned:23994,1,1,unassigned,warning,clock_only,warning,clock_only,18:09,18:39,11,30,23994,23994,1,1,1,4.3,ok,1,0,arrival,0,0,0,0,0,0
2026-08-13,overlap:28341:33330,1,1,overlap,warning,recorded_pickup,warning,recorded_pickup,18:42,19:03,8,21,33330,33330,2,0,1,-21.5,ok,1,0,arrival,0,0,0,0,0,0
2026-08-13,overlap:29466:33326,1,1,overlap,critical,recorded_pickup,critical,recorded_pickup,20:06,20:51,16,45,33326,33326,2,0,1,26.5,ok,1,1,arrival,0,0,0,0,0,1
2026-08-13,late_cascade:33221,1,1,late_cascade,critical,clock_only,critical,clock_only,20:48,21:09,8,21,34282,34282,2,0,1,28.3,ok,1,1,other,0,0,0,0,0,0
2026-08-13,overlap:33221:34282,1,1,overlap,critical,recorded_pickup,critical,recorded_pickup,21:12,21:27,6,15,34282,34282,2,0,1,28.3,ok,1,1,other,0,0,0,0,0,0
2026-08-13,late_cascade:31747,1,1,late_cascade,watch,clock_only,watch,clock_only,21:33,21:39,3,6,31747,31747,1,1,0,33.1,ok,1,1,arrival,0,0,0,0,0,0
2026-08-13,late_cascade:34282,1,1,late_cascade,critical,clock_only,critical,clock_only,21:33,21:57,9,24,34282,34282,1,1,0,28.3,ok,1,1,other,0,0,0,0,0,0
2026-08-13,overrun:31747,1,1,overrun,warning,recorded_pickup,warning,recorded_pickup,22:30,22:51,8,21,31747,31747,1,1,1,33.1,ok,1,1,arrival,0,0,0,0,0,0
2026-08-13,overrun:33326,1,1,overrun,warning,recorded_pickup,warning,recorded_pickup,22:45,23:00,6,15,33326,33326,1,1,1,26.5,ok,1,1,arrival,0,0,0,0,0,0
2026-08-14,flight_change:26549,1,1,flight_change,critical,flight,critical,flight,06:00,13:24,149,444,33280,33280,2,0,0,-37.6,ok,1,0,arrival,0,0,0,0,0,1
2026-08-14,flight_change:28606,1,2,flight_change,critical,flight,critical,flight,06:00,14:39,174,519,31490,31490,2,0,1,51.6,ok,1,1,return,0,0,0,0,0,0
2026-08-14,flight_change:29216,1,1,flight_change,critical,flight,critical,flight,06:00,10:27,90,267,24105,24105,2,0,0,121.4,ok,1,1,cruise,0,0,0,0,0,0
2026-08-14,flight_change:30443,1,1,flight_change,critical,flight,critical,flight,06:00,12:57,140,417,31471,31471,2,0,0,0.7,ok,1,0,return,0,0,0,0,0,0
2026-08-14,flight_change:31874,1,1,flight_change,critical,flight,critical,flight,06:00,07:36,33,96,33313,33313,2,0,1,-7.7,ok,1,0,cruise,0,0,0,0,0,0
2026-08-14,flight_change:32444,1,1,flight_change,critical,flight,critical,flight,06:00,08:51,58,171,32901,32901,2,0,0,27.8,ok,1,1,return,0,0,0,0,0,0
2026-08-14,flight_change:32492,1,2,flight_change,critical,flight,critical,flight,06:00,13:24,149,444,27204,27204,2,0,0,-42.9,ok,1,0,return,0,0,0,0,0,0
2026-08-14,flight_change:32795,1,1,flight_change,critical,flight,critical,flight,06:00,11:18,107,318,33210,33210,2,0,1,0.1,ok,1,0,return,0,0,0,0,0,0
2026-08-14,flight_change:33859,1,1,flight_change,critical,flight,critical,flight,06:00,10:12,85,252,33040,33040,2,0,1,,none,0,,return,0,0,0,0,0,0
2026-08-14,flight_change:34107,1,1,flight_change,critical,flight,critical,flight,06:00,20:27,290,867,25942,25942,2,0,1,6.0,ok,1,0,arrival,0,0,0,0,0,0
2026-08-14,overlap:20651:29344,1,1,overlap,critical,clock_only,critical,clock_only,06:00,09:18,67,198,29344,29344,2,0,1,-1.9,ok,1,0,return,0,0,0,0,0,0
2026-08-14,overlap:24855:32428,1,1,overlap,critical,clock_only,critical,clock_only,06:00,06:21,8,21,32428,32428,2,0,1,13.0,ok,1,0,arrival,0,0,0,0,0,0
2026-08-14,overlap:26184:11744,1,1,overlap,critical,clock_only,critical,recorded_pickup,06:00,11:27,110,327,11744,11744,2,0,1,1.8,ok,1,0,return,0,0,1,0,0,0
2026-08-14,overlap:27414:31486,1,1,overlap,critical,clock_only,critical,recorded_pickup,06:00,14:57,180,537,31486,31486,2,0,1,20.7,ok,1,1,return,0,0,1,0,0,0
2026-08-14,overlap:27416:33534,1,1,overlap,critical,clock_only,critical,recorded_pickup,06:00,14:48,177,528,33534,33534,2,0,1,0.1,ok,1,0,return,0,0,1,0,0,0
2026-08-14,overlap:30215:32332,1,1,overlap,critical,clock_only,critical,clock_only,06:00,11:57,120,357,32332,32332,2,0,1,-9.3,ok,1,0,return,0,0,0,0,0,0
2026-08-14,overlap:30452:33138,1,2,overlap,critical,clock_only,critical,clock_only,06:00,06:21,8,21,33138,33138,2,0,0,-7.8,ok,1,0,arrival,0,0,0,0,0,0
2026-08-14,overlap:31744:30215,1,1,overlap,critical,clock_only,critical,clock_only,06:00,07:45,36,105,30215,30215,2,0,1,-37.1,ok,1,0,cruise,0,0,0,0,0,0
2026-08-14,overlap:31912:31975,1,1,overlap,critical,clock_only,critical,clock_only,06:00,13:24,149,444,31975,31975,2,0,1,,none,0,,return,0,0,0,0,0,0
2026-08-14,overlap:31926:24855,1,1,overlap,critical,clock_only,critical,clock_only,06:00,07:48,37,108,24855,24855,2,0,1,15.7,ok,1,1,return,0,0,0,0,0,0
2026-08-14,overlap:32379:32688,1,1,overlap,critical,clock_only,critical,clock_only,06:00,07:45,36,105,32688,32688,2,0,1,-6.9,ok,1,0,return,0,0,0,0,0,0
2026-08-14,overlap:34562:28067,1,1,overlap,critical,clock_only,critical,recorded_pickup,06:00,13:57,160,477,28067,28067,2,0,1,3.0,ok,1,0,return,0,0,1,0,0,0
2026-08-14,late_cascade:23590,1,1,late_cascade,critical,clock_only,critical,clock_only,06:33,06:48,6,15,23590,23590,1,1,0,,none,0,,return,0,0,0,0,0,0
2026-08-14,overlap:33723:32761,1,1,overlap,warning,recorded_pickup,warning,recorded_pickup,07:15,09:27,45,132,32761,32761,2,0,0,4.9,ok,1,0,cruise,0,0,0,0,0,0
2026-08-14,late_cascade:31874,1,1,late_cascade,critical,clock_only,critical,clock_only,07:36,07:36,1,0,33313,33313,2,0,1,-7.7,ok,1,0,cruise,0,0,0,0,0,0
2026-08-14,overlap:31874:33313,1,1,overlap,critical,recorded_pickup,critical,recorded_pickup,07:39,08:54,26,75,33313,33313,2,0,1,-7.7,ok,1,0,cruise,0,0,0,0,0,0
2026-08-14,overlap:32379:31744,1,1,overlap,critical,clock_only,critical,clock_only,07:48,07:48,1,0,31744,31744,2,0,1,,none,0,,return,0,0,0,0,0,0
2026-08-14,overlap:31926:31744,1,1,overlap,critical,clock_only,critical,clock_only,07:51,08:27,13,36,31744,31744,2,0,1,,none,0,,return,0,0,0,0,0,0
2026-08-14,overlap:32379:24855,1,1,overlap,critical,clock_only,critical,clock_only,07:51,08:21,11,30,24855,24855,2,0,1,15.7,ok,1,1,return,0,0,0,0,0,0
2026-08-14,overlap:30452:33138,2,2,overlap,critical,clock_only,critical,clock_only,07:57,10:51,59,174,33138,33138,2,0,1,-7.8,ok,1,0,arrival,0,0,0,0,0,0
2026-08-14,late_cascade:33332,1,1,late_cascade,critical,clock_only,critical,clock_only,08:06,08:06,1,0,31711,31711,2,0,1,-4.8,ok,1,0,return,0,0,0,0,0,0
2026-08-14,overlap:33332:31711,1,1,overlap,critical,recorded_pickup,critical,recorded_pickup,08:09,09:27,27,78,31711,31711,2,0,1,-4.8,ok,1,0,return,0,0,0,0,0,0
2026-08-14,overlap:30197:20347,1,1,overlap,critical,recorded_pickup,critical,recorded_pickup,08:18,09:12,19,54,20347,20347,2,0,1,22.9,ok,1,1,return,0,0,0,0,0,0
2026-08-14,flight_change:32428,1,1,flight_change,critical,flight,critical,flight,08:30,08:30,1,0,31744,31744,2,0,1,,none,0,,return,0,0,0,0,0,0
2026-08-14,late_cascade:30156,1,1,late_cascade,critical,clock_only,critical,clock_only,08:33,08:54,8,21,30156,30156,1,1,0,,none,0,,return,0,0,0,0,0,0
2026-08-14,late_cascade:34018,1,1,late_cascade,critical,clock_only,watch,clock_only,08:33,08:45,5,12,34018,29689,1,1,1,53.4,ok,1,1,other,0,1,0,1,1,1
2026-08-14,unassigned:31744,1,1,unassigned,warning,clock_only,warning,clock_only,08:33,08:39,3,6,31744,31744,1,1,0,,none,0,,return,0,0,0,0,0,0
2026-08-14,overlap:34018:29689,1,1,overlap,critical,recorded_pickup,critical,recorded_pickup,08:48,09:33,16,45,29689,29689,2,0,1,-5.0,ok,1,0,arrival,0,0,0,0,0,0
2026-08-14,late_cascade:20347,1,1,late_cascade,critical,clock_only,critical,clock_only,09:33,09:36,2,3,21810,21810,2,0,1,29.0,ok,1,1,return,0,0,0,0,0,0
2026-08-14,overlap:31711:24432,1,1,overlap,warning,recorded_pickup,warning,recorded_pickup,09:33,10:03,11,30,24432,24432,2,0,0,4.4,ok,1,0,arrival,0,0,0,0,0,0
2026-08-14,flight_change:34349,1,1,flight_change,critical,flight,critical,flight,09:39,11:51,45,132,29728,29728,2,0,1,13.9,ok,1,0,arrival,0,0,0,0,0,2
2026-08-14,overlap:20347:21810,1,1,overlap,critical,recorded_pickup,critical,recorded_pickup,09:39,10:27,17,48,21810,21810,2,0,1,29.0,ok,1,1,return,0,0,0,0,0,0
2026-08-14,overlap:33859:33040,1,1,overlap,critical,recorded_pickup,critical,recorded_pickup,10:15,10:57,15,42,33040,33040,2,0,1,,none,0,,return,0,0,0,0,0,0
2026-08-14,overlap:24855:24678,1,1,overlap,warning,recorded_pickup,warning,recorded_pickup,10:18,11:27,24,69,24678,24678,2,0,0,6.3,ok,1,0,return,0,0,0,0,0,0
2026-08-14,overlap:25058:34019,1,1,overlap,critical,clock_only,critical,recorded_pickup,10:30,15:42,105,312,34019,34019,2,0,1,4.7,ok,1,0,other,0,0,1,0,0,1
2026-08-14,late_cascade:21810,1,1,late_cascade,critical,clock_only,critical,clock_only,10:33,10:57,9,24,21810,21810,1,1,0,29.0,ok,1,1,return,0,0,0,0,0,0
2026-08-14,overlap:29689:28226,1,1,overlap,warning,recorded_pickup,warning,recorded_pickup,10:48,11:27,14,39,28226,28226,2,0,0,-9.4,ok,1,0,cruise,0,0,0,0,0,0
2026-08-14,overlap:21810:32901,1,1,overlap,warning,recorded_pickup,warning,recorded_pickup,11:00,11:57,20,57,32901,32901,2,0,0,27.8,ok,1,1,return,0,0,0,0,0,0
2026-08-14,late_cascade:30215,1,1,late_cascade,critical,clock_only,watch,clock_only,11:03,12:24,28,81,30215,32332,1,1,1,-37.1,ok,1,0,cruise,0,1,0,2,2,1
2026-08-14,late_cascade:33040,1,1,late_cascade,critical,clock_only,watch,clock_only,11:03,12:12,24,69,33040,33040,1,1,0,,none,0,,return,0,1,0,0,0,0
2026-08-14,flight_change:31561,1,1,flight_change,critical,flight,critical,flight,11:12,13:27,46,135,33022,33022,2,0,0,-12.8,ok,1,0,return,0,0,0,0,0,0
2026-08-14,overlap:34349:29728,1,1,overlap,critical,recorded_pickup,critical,recorded_pickup,11:54,13:00,23,66,29728,29728,2,0,1,13.9,ok,1,0,arrival,0,0,0,0,0,0
2026-08-14,flight_change:33138,1,1,flight_change,critical,flight,critical,flight,12:00,12:00,1,0,32332,32332,2,0,1,-9.3,ok,1,0,return,0,0,0,0,0,0
2026-08-14,late_cascade:28226,1,1,late_cascade,critical,clock_only,watch,clock_only,12:00,12:39,14,39,28226,30900,1,1,1,-9.4,ok,1,0,cruise,0,1,0,1,1,2
2026-08-14,late_cascade:24678,1,1,late_cascade,critical,clock_only,critical,clock_only,12:03,12:06,2,3,28067,28067,3,0,1,3.0,ok,1,0,return,0,0,0,0,0,0
2026-08-14,overlap:24678:34562,1,1,overlap,critical,recorded_pickup,critical,recorded_pickup,12:09,12:57,17,48,34562,34562,2,0,1,-3.9,ok,1,0,return,0,0,0,0,0,0
2026-08-14,late_cascade:32901,1,1,late_cascade,critical,clock_only,critical,clock_only,12:15,12:27,5,12,32444,32444,2,0,1,90.9,ok,1,1,arrival,0,0,0,0,0,1
2026-08-14,overlap:30215:30799,1,1,overlap,critical,recorded_pickup,critical,recorded_pickup,12:27,13:27,21,60,30799,30799,2,0,0,-64.0,ok,1,0,return,0,0,0,0,0,0
2026-08-14,overlap:32901:32444,1,1,overlap,critical,recorded_pickup,critical,recorded_pickup,12:30,12:30,1,0,32444,32444,2,0,1,90.9,ok,1,1,arrival,0,0,0,0,0,0
2026-08-14,overlap:28226:30900,1,1,overlap,critical,recorded_pickup,critical,recorded_pickup,12:42,14:03,28,81,30900,30900,2,0,1,-5.3,ok,1,0,arrival,0,0,0,0,0,0
2026-08-14,late_cascade:27414,1,1,late_cascade,critical,clock_only,critical,clock_only,12:48,12:48,1,0,31486,31486,2,0,0,20.7,ok,1,1,return,0,0,0,0,0,0
2026-08-14,late_cascade:27415,1,1,late_cascade,critical,clock_only,critical,clock_only,12:48,12:51,2,3,27415,27415,1,1,0,6.4,ok,1,0,cruise,0,0,0,0,0,0
2026-08-14,late_cascade:27416,1,1,late_cascade,critical,clock_only,critical,clock_only,12:48,12:48,1,0,33534,33534,2,0,0,0.1,ok,1,0,return,0,0,0,0,0,0
2026-08-14,flight_change:11122,1,1,flight_change,warning,flight,warning,flight,13:00,18:09,104,309,11122,11122,1,1,1,255.2,ok,1,1,arrival,0,0,0,0,0,0
2026-08-14,late_cascade:32444,1,1,late_cascade,critical,clock_only,watch,clock_only,13:12,14:03,18,51,32444,32444,1,1,0,90.9,ok,1,1,arrival,0,1,0,0,0,0
2026-08-14,late_cascade:33081,1,1,late_cascade,critical,clock_only,critical,clock_only,13:42,14:15,12,33,29216,33081,2,0,1,,none,0,,arrival,0,0,0,1,1,1
2026-08-14,overrun:31902,1,1,overrun,warning,recorded_pickup,warning,recorded_pickup,13:57,14:00,2,3,31902,31902,1,1,0,24.8,ok,1,1,return,0,0,0,0,0,0
2026-08-14,late_cascade:32886,1,1,late_cascade,critical,clock_only,critical,clock_only,14:03,14:03,1,0,31938,31938,2,0,1,27.4,ok,1,1,arrival,0,0,0,0,0,0
2026-08-14,overlap:32444:25058,1,1,overlap,warning,recorded_pickup,warning,recorded_pickup,14:06,14:42,13,36,25058,25058,2,0,1,44.1,ok,1,1,return,0,0,0,0,0,0
2026-08-14,overlap:32886:31938,1,1,overlap,critical,recorded_pickup,critical,recorded_pickup,14:06,14:18,5,12,31938,31938,2,0,1,27.4,ok,1,1,arrival,0,0,0,0,0,1
2026-08-14,overlap:28067:32406,1,1,overlap,warning,recorded_pickup,warning,recorded_pickup,14:18,14:39,8,21,32406,32406,2,0,1,25.2,ok,1,1,cruise,0,0,0,0,0,1
2026-08-14,flight_change:32492,2,2,flight_change,critical,flight,critical,flight,14:42,18:24,75,222,31490,31490,2,0,1,51.6,ok,1,1,return,0,0,0,1,0,1
2026-08-14,late_cascade:25058,1,1,late_cascade,critical,clock_only,critical,clock_only,14:48,15:27,14,39,34019,34019,2,0,1,4.7,ok,1,0,other,0,0,0,0,0,0
2026-08-14,late_cascade:34019,1,1,late_cascade,critical,clock_only,critical,clock_only,15:48,15:48,1,0,34019,34019,1,1,0,4.7,ok,1,0,other,0,0,0,0,0,0
2026-08-14,late_cascade:29216,1,1,late_cascade,critical,clock_only,critical,clock_only,16:00,16:36,13,36,26549,29216,2,0,1,,none,0,,arrival,0,0,0,1,1,1
2026-08-14,flight_change:28606,2,2,flight_change,warning,flight,critical,flight,16:21,18:36,46,135,34733,28606,2,0,1,-31.5,ok,1,0,arrival,0,1,0,1,1,2
2026-08-14,flight_change:24105,1,1,flight_change,critical,flight,critical,flight,16:42,16:48,3,6,30451,30451,2,0,1,16.9,ok,1,1,arrival,0,0,0,0,0,0
2026-08-14,overlap:31490:32492,1,1,overlap,critical,clock_only,critical,clock_only,16:42,17:12,11,30,32492,32492,2,0,1,213.5,ok,1,1,arrival,0,0,0,0,0,0
2026-08-14,flight_change:33506,1,1,flight_change,critical,flight,critical,flight,16:51,17:57,23,66,30451,30451,2,0,1,16.9,ok,1,1,arrival,0,0,0,0,0,0
2026-08-14,unassigned:24105,1,1,unassigned,warning,clock_only,warning,clock_only,16:51,16:51,1,0,24105,24105,1,1,0,121.4,ok,1,1,cruise,0,0,0,0,0,0
2026-08-14,late_cascade:11122,1,1,late_cascade,critical,clock_only,watch,clock_only,17:39,19:30,38,111,11122,31471,1,1,1,255.2,ok,1,1,arrival,0,1,0,1,1,1
2026-08-14,late_cascade:32492,1,1,late_cascade,critical,clock_only,watch,clock_only,17:39,18:24,16,45,32492,31490,1,1,1,213.5,ok,1,1,arrival,0,1,0,2,2,1
2026-08-14,late_cascade:28606,1,1,late_cascade,critical,clock_only,watch,clock_only,17:48,18:36,17,48,28606,34733,1,1,1,135.3,ok,1,1,arrival,0,1,0,1,1,2
2026-08-14,late_cascade:33506,1,1,late_cascade,critical,clock_only,critical,clock_only,17:54,17:57,2,3,30451,30451,2,0,1,16.9,ok,1,1,arrival,0,0,0,0,0,0
2026-08-14,overlap:33506:30451,1,1,overlap,critical,recorded_pickup,critical,recorded_pickup,18:00,19:36,33,96,30451,30451,2,0,1,16.9,ok,1,1,arrival,0,0,0,0,0,0
2026-08-14,late_cascade:24105,1,1,late_cascade,watch,clock_only,watch,clock_only,18:09,19:36,30,87,24105,24105,1,1,0,121.4,ok,1,1,cruise,0,0,0,0,0,1
2026-08-14,late_cascade:26549,1,1,late_cascade,critical,clock_only,critical,clock_only,18:12,18:48,13,36,26549,26549,1,1,0,,none,0,,arrival,0,0,0,0,0,0
2026-08-14,late_cascade:31490,1,1,late_cascade,critical,clock_only,watch,clock_only,18:18,19:06,17,48,31490,31490,1,1,0,51.6,ok,1,1,return,0,1,0,0,0,0
2026-08-14,unassigned:32492,1,1,unassigned,watch,clock_only,critical,clock_only,18:27,18:33,3,6,32492,32492,1,1,1,213.5,ok,1,1,arrival,0,1,0,0,0,1
2026-08-14,unassigned:28606,1,1,unassigned,critical,clock_only,critical,clock_only,18:39,18:42,2,3,28606,28606,1,1,1,135.3,ok,1,1,arrival,0,0,0,0,0,0
2026-08-14,late_cascade:30347,1,1,late_cascade,watch,clock_only,watch,clock_only,19:03,19:09,3,6,30347,30347,1,1,0,90.1,ok,1,1,arrival,0,0,0,0,0,0
2026-08-14,overlap:31490:30666,1,1,overlap,warning,recorded_pickup,warning,recorded_pickup,19:09,19:30,8,21,30666,30666,2,0,1,21.0,ok,1,1,arrival,0,0,0,0,0,0
2026-08-14,overrun:31490,1,1,overrun,warning,recorded_pickup,warning,recorded_pickup,19:12,19:33,8,21,31490,31490,1,1,1,51.6,ok,1,1,return,0,0,0,0,0,0
2026-08-14,late_cascade:34733,1,1,late_cascade,watch,clock_only,watch,clock_only,21:03,22:21,27,78,34733,34733,1,1,0,-31.5,ok,1,0,arrival,0,0,0,0,0,0
2026-08-14,overrun:24105,1,1,overrun,warning,recorded_pickup,warning,recorded_pickup,21:18,21:33,6,15,24105,24105,1,1,1,121.4,ok,1,1,cruise,0,0,0,0,0,0
2026-08-15,flight_change:23984,1,2,flight_change,critical,flight,critical,flight,06:00,11:54,119,354,33301,29900,2,0,0,-5.6,ok,1,0,arrival,0,0,0,1,0,1
2026-08-15,flight_change:27538,1,1,flight_change,warning,flight,warning,flight,06:00,08:39,54,159,27538,27538,1,1,0,9.6,ok,1,0,return,0,0,0,0,0,0
2026-08-15,flight_change:28075,1,1,flight_change,critical,flight,critical,flight,06:00,10:57,100,297,33383,33383,2,0,1,7.3,ok,1,0,cruise,0,0,0,0,0,0
2026-08-15,flight_change:29413,1,1,flight_change,critical,flight,critical,flight,06:00,11:48,117,348,33303,33303,2,0,1,-10.8,ok,1,0,return,0,0,0,0,0,0
2026-08-15,flight_change:29730,1,2,flight_change,critical,flight,critical,flight,06:00,11:54,119,354,32198,24966,2,0,0,-5.5,ok,1,0,arrival,0,0,0,1,0,1
2026-08-15,flight_change:31349,1,1,flight_change,critical,flight,critical,flight,06:00,12:00,121,360,30510,30510,2,0,1,-7.8,ok,1,0,return,0,0,0,0,0,0
2026-08-15,flight_change:32325,1,1,flight_change,warning,flight,warning,flight,06:00,09:45,76,225,32325,32325,1,1,0,-1.3,ok,1,0,arrival,0,1,0,1,1,1
2026-08-15,flight_change:32978,1,1,flight_change,critical,flight,critical,flight,06:00,12:48,137,408,29035,29035,2,0,1,-7.6,ok,1,0,other,0,0,0,0,0,0
2026-08-15,flight_change:33246,1,1,flight_change,critical,flight,critical,flight,06:00,17:27,230,687,30574,30574,2,0,1,,none,0,,return,0,0,0,0,0,0
2026-08-15,flight_change:34825,1,1,flight_change,critical,flight,critical,flight,06:00,11:21,108,321,24273,24273,2,0,0,-23.5,ok,1,0,return,0,0,0,0,0,0
2026-08-15,flight_change:8519,1,1,flight_change,critical,flight,critical,flight,06:00,15:45,196,585,33078,29709,2,0,1,,none,0,,arrival,0,0,0,1,0,3
2026-08-15,overlap:22732:26233,1,1,overlap,critical,clock_only,critical,recorded_pickup,06:00,07:27,30,87,26233,26233,2,0,1,-3.6,ok,1,0,return,0,0,1,0,0,0
2026-08-15,overlap:27695:19008,1,1,overlap,critical,clock_only,critical,clock_only,06:00,07:57,40,117,19008,19008,2,0,1,4.5,ok,1,0,return,0,0,0,0,0,0
2026-08-15,overlap:29431:31013,1,1,overlap,critical,clock_only,critical,clock_only,06:00,08:57,60,177,31013,31013,2,0,1,,none,0,,return,0,0,0,0,0,0
2026-08-15,overlap:32469:27538,1,1,overlap,critical,clock_only,critical,recorded_pickup,06:00,08:27,50,147,27538,27538,2,0,0,9.6,ok,1,0,return,0,0,1,0,0,0
2026-08-15,overlap:32911:22634,1,1,overlap,critical,clock_only,critical,clock_only,06:00,06:24,9,24,22634,22634,2,0,1,73.1,ok,1,1,arrival,0,0,0,0,0,0
2026-08-15,flight_change:33912,1,1,flight_change,critical,flight,critical,flight,06:06,11:57,118,351,26425,26425,2,0,1,,none,0,,return,0,0,0,0,0,0
2026-08-15,late_cascade:28444,1,1,late_cascade,critical,clock_only,critical,clock_only,06:18,06:36,7,18,28444,28444,1,1,0,,none,0,,return,0,0,0,0,0,0
2026-08-15,flight_change:22634,1,1,flight_change,critical,flight,critical,flight,06:27,06:42,6,15,33778,32911,2,0,1,30.3,ok,1,1,other,0,0,0,1,0,0
2026-08-15,late_cascade:22732,1,1,late_cascade,critical,clock_only,critical,clock_only,06:33,06:33,1,0,26233,26233,2,0,1,-3.6,ok,1,0,return,0,0,0,0,0,0
2026-08-15,late_cascade:28545,1,1,late_cascade,critical,clock_only,critical,clock_only,06:48,07:18,11,30,28545,28545,1,1,0,35.8,ok,1,1,return,0,0,0,0,0,0
2026-08-15,late_cascade:31868,1,1,late_cascade,critical,clock_only,critical,clock_only,07:03,07:24,8,21,30166,31868,3,0,1,127.0,ok,1,1,cruise,0,0,0,2,2,1
2026-08-15,flight_change:33241,1,1,flight_change,critical,flight,critical,flight,07:15,11:21,83,246,20539,20539,2,0,1,-24.7,ok,1,0,return,0,0,0,0,0,0
2026-08-15,overlap:31868:33701,1,1,overlap,critical,recorded_pickup,critical,recorded_pickup,07:27,07:57,11,30,33701,33701,2,0,1,75.0,ok,1,1,return,0,0,0,0,0,0
2026-08-15,late_cascade:32469,1,1,late_cascade,critical,clock_only,critical,clock_only,07:33,07:33,1,0,27538,27538,2,0,0,9.6,ok,1,0,return,0,0,0,0,0,0
2026-08-15,late_cascade:26233,1,1,late_cascade,critical,clock_only,critical,clock_only,07:36,08:00,9,24,30728,31506,3,0,1,-22.1,ok,1,0,arrival,0,0,0,1,1,0
2026-08-15,late_cascade:29431,1,1,late_cascade,critical,clock_only,critical,clock_only,08:03,08:21,7,18,31013,31013,2,0,1,,none,0,,return,0,0,0,0,0,0
2026-08-15,late_cascade:33701,1,1,late_cascade,critical,clock_only,watch,clock_only,08:03,09:15,25,72,33701,33701,1,1,0,75.0,ok,1,1,return,0,1,0,1,1,1
2026-08-15,overlap:26233:31506,1,1,overlap,critical,recorded_pickup,critical,recorded_pickup,08:03,08:45,15,42,31506,31506,2,0,1,-19.3,ok,1,0,cruise,0,0,0,0,0,0
2026-08-15,flight_change:29716,1,1,flight_change,critical,flight,critical,flight,08:09,11:48,74,219,34835,21610,2,0,1,-6.5,ok,1,0,other,0,0,0,1,0,4
2026-08-15,late_cascade:27538,1,1,late_cascade,critical,clock_only,critical,clock_only,08:33,08:39,3,6,27538,27538,1,1,0,9.6,ok,1,0,return,0,0,0,0,0,0
2026-08-15,late_cascade:33778,1,1,late_cascade,critical,clock_only,critical,clock_only,08:33,09:00,10,27,33778,33778,1,1,0,30.3,ok,1,1,other,0,0,0,0,0,0
2026-08-15,late_cascade:31013,1,1,late_cascade,critical,clock_only,watch,clock_only,09:03,09:51,17,48,31013,31013,1,1,1,,none,0,,return,0,1,0,1,1,1
2026-08-15,overlap:33701:30166,1,1,overlap,critical,recorded_pickup,critical,recorded_pickup,09:18,09:27,4,9,30166,30166,2,0,0,127.0,ok,1,1,cruise,0,0,0,0,0,0
2026-08-15,flight_change:27069,1,1,flight_change,critical,flight,critical,flight,09:33,09:33,1,0,28638,28638,2,0,1,1.7,ok,1,0,other,0,0,0,0,0,0
2026-08-15,late_cascade:27069,1,1,late_cascade,critical,clock_only,critical,clock_only,09:33,09:36,2,3,27069,21610,1,1,1,,none,0,,return,0,0,0,1,1,1
2026-08-15,late_cascade:30166,1,1,late_cascade,critical,clock_only,watch,clock_only,09:33,11:36,42,123,30166,30166,1,1,0,127.0,ok,1,1,cruise,0,1,0,0,0,0
2026-08-15,unassigned:27069,1,2,unassigned,critical,clock_only,critical,clock_only,09:39,09:39,1,0,27069,27069,1,1,1,,none,0,,return,0,0,0,0,0,0
2026-08-15,unassigned:31413,1,1,unassigned,critical,clock_only,critical,clock_only,09:42,09:42,1,0,31413,31413,1,1,1,178.7,ok,1,1,cruise,0,0,0,0,0,0
2026-08-15,late_cascade:32869,1,1,late_cascade,critical,clock_only,critical,clock_only,09:48,09:48,1,0,32869,32869,1,1,0,5.3,ok,1,0,return,0,0,0,0,0,0
2026-08-15,unassigned:27069,2,2,unassigned,critical,clock_only,critical,clock_only,09:48,10:12,9,24,27069,27069,1,1,1,,none,0,,return,0,0,0,0,0,0
2026-08-15,late_cascade:28075,1,1,late_cascade,critical,clock_only,critical,clock_only,10:24,10:57,12,33,32765,33383,3,0,1,-1.3,ok,1,0,arrival,0,0,0,1,1,0
2026-08-15,late_cascade:19202,1,1,late_cascade,critical,clock_only,critical,clock_only,10:33,11:12,14,39,31318,19202,4,0,1,50.4,ok,1,1,arrival,0,0,0,2,2,1
2026-08-15,late_cascade:28638,1,1,late_cascade,critical,clock_only,critical,clock_only,10:33,10:48,6,15,34835,21610,3,0,1,-6.5,ok,1,0,other,0,0,0,2,1,0
2026-08-15,overlap:28638:29716,1,1,overlap,critical,recorded_pickup,critical,recorded_pickup,10:51,11:12,8,21,29716,29716,2,0,1,27.2,ok,1,1,arrival,0,0,0,0,0,0
2026-08-15,overlap:28075:33383,1,1,overlap,critical,recorded_pickup,critical,recorded_pickup,11:00,11:06,3,6,33383,33383,2,0,1,7.3,ok,1,0,cruise,0,0,0,0,0,0
2026-08-15,overlap:29035:24359,1,1,overlap,critical,clock_only,critical,recorded_pickup,11:00,14:42,75,222,24359,24359,2,0,1,3.5,ok,1,0,arrival,0,0,1,0,0,1
2026-08-15,overrun:28638,1,1,overrun,critical,recorded_pickup,warning,recorded_pickup,11:03,11:24,8,21,28638,34835,1,1,1,1.7,ok,1,0,other,0,1,0,1,1,1
2026-08-15,flight_change:34100,1,1,flight_change,critical,flight,critical,flight,11:30,15:21,78,231,34876,34876,2,0,1,-24.0,ok,1,0,return,0,0,0,0,0,0
2026-08-15,overlap:33383:27999,1,1,overlap,warning,recorded_pickup,warning,recorded_pickup,11:42,13:57,46,135,27999,27999,2,0,1,0.1,ok,1,0,return,0,0,0,0,0,0
2026-08-15,late_cascade:30829,1,1,late_cascade,watch,clock_only,watch,clock_only,11:54,11:54,1,0,30829,30829,1,1,0,5.6,ok,1,0,arrival,0,0,0,0,0,0
2026-08-15,flight_change:33301,1,1,flight_change,critical,flight,critical,flight,11:57,13:27,31,90,23984,23984,2,0,1,-12.7,ok,1,0,arrival,0,0,0,0,0,0
2026-08-15,overlap:30829:26966,1,1,overlap,critical,recorded_pickup,critical,recorded_pickup,11:57,12:21,9,24,26966,26966,2,0,1,-16.3,ok,1,0,return,0,0,0,0,0,0
2026-08-15,overlap:33912:26425,1,1,overlap,critical,clock_only,critical,clock_only,12:00,12:57,20,57,26425,26425,2,0,1,,none,0,,return,0,0,0,0,0,0
2026-08-15,flight_change:31318,1,1,flight_change,critical,flight,critical,flight,12:03,13:03,21,60,30510,30510,2,0,1,-7.8,ok,1,0,return,0,0,0,0,0,0
2026-08-15,late_cascade:26425,1,1,late_cascade,critical,clock_only,critical,clock_only,13:15,13:18,2,3,31349,31349,2,0,1,,none,0,,arrival,0,0,0,0,0,1
2026-08-15,overlap:21610:34533,1,1,overlap,critical,recorded_pickup,critical,recorded_pickup,13:18,13:57,14,39,34533,34533,2,0,1,-4.8,ok,1,0,return,0,0,0,0,0,0
2026-08-15,flight_change:23984,2,2,flight_change,critical,flight,critical,flight,13:33,15:15,35,102,22898,21065,2,0,1,3.8,ok,1,0,arrival,0,0,0,1,0,1
2026-08-15,overrun:34835,1,1,overrun,warning,recorded_pickup,warning,recorded_pickup,13:48,13:57,4,9,34835,34835,1,1,0,-6.5,ok,1,0,other,0,0,0,0,0,0
2026-08-15,late_cascade:27556,1,1,late_cascade,critical,clock_only,critical,clock_only,14:03,14:45,15,42,28938,27556,2,0,1,29.5,ok,1,1,arrival,0,0,0,1,1,2
2026-08-15,late_cascade:31318,1,1,late_cascade,critical,clock_only,critical,clock_only,14:06,14:15,4,9,31318,31318,1,1,0,50.4,ok,1,1,arrival,0,0,0,0,0,0
2026-08-15,late_cascade:31349,1,1,late_cascade,critical,clock_only,critical,clock_only,14:09,14:48,14,39,31349,31349,1,1,0,,none,0,,arrival,0,0,0,0,0,0
2026-08-15,flight_change:29730,2,2,flight_change,critical,flight,critical,flight,14:42,15:18,13,36,32198,32198,2,0,1,-5.5,ok,1,0,arrival,0,0,0,0,0,0
2026-08-15,unassigned:28938,1,1,unassigned,critical,clock_only,critical,clock_only,14:48,14:54,3,6,28938,28938,1,1,1,29.5,ok,1,1,arrival,0,0,0,0,0,0
2026-08-15,flight_change:28938,1,1,flight_change,critical,flight,critical,flight,14:57,15:06,4,9,31884,31884,2,0,1,-1.1,ok,1,0,return,0,0,0,0,0,0
2026-08-15,flight_change:27234,1,1,flight_change,critical,flight,critical,flight,15:15,15:15,1,0,21065,21065,2,0,0,-24.3,ok,1,0,return,0,0,0,0,0,0
2026-08-15,unassigned:27234,1,1,unassigned,warning,clock_only,warning,clock_only,15:18,15:18,1,0,27234,27234,1,1,1,68.7,ok,1,1,arrival,0,0,0,0,0,0
2026-08-15,flight_change:13682,1,1,flight_change,critical,flight,critical,flight,15:21,16:00,14,39,32808,32808,2,0,1,-3.2,ok,1,0,return,0,0,0,0,0,0
2026-08-15,late_cascade:33621,1,1,late_cascade,watch,clock_only,watch,clock_only,15:21,15:24,2,3,33621,33621,1,1,0,-28.6,ok,1,0,arrival,0,0,0,0,0,0
2026-08-15,unassigned:31884,1,1,unassigned,critical,clock_only,critical,clock_only,15:30,15:30,1,0,31884,31884,1,1,1,-1.1,ok,1,0,return,0,0,0,0,0,0
2026-08-15,overlap:8519:33078,1,1,overlap,critical,recorded_pickup,critical,recorded_pickup,15:48,16:24,13,36,33078,33078,2,0,1,,none,0,,arrival,0,0,0,0,0,0
2026-08-15,unassigned:34935,1,1,unassigned,warning,clock_only,warning,clock_only,15:57,15:57,1,0,34935,34935,1,1,1,164.6,ok,1,1,arrival,0,0,0,0,0,0
2026-08-15,flight_change:27131,1,1,flight_change,critical,flight,critical,flight,16:00,18:18,47,138,34935,34935,2,0,1,164.6,ok,1,1,arrival,0,0,0,0,0,0
2026-08-15,late_cascade:14703,1,1,late_cascade,critical,clock_only,critical,clock_only,16:03,16:33,11,30,14703,14703,1,1,0,34.0,ok,1,1,return,0,0,0,0,0,0
2026-08-15,flight_change:30987,1,2,flight_change,critical,flight,critical,flight,16:21,17:03,15,42,32198,32198,2,0,1,-5.5,ok,1,0,arrival,0,0,0,0,0,0
2026-08-15,overlap:14703:31667,1,1,overlap,warning,recorded_pickup,warning,recorded_pickup,16:36,17:03,10,27,31667,31667,2,0,1,72.8,ok,1,1,arrival,0,0,0,0,0,0
2026-08-15,late_cascade:28639,1,1,late_cascade,critical,clock_only,critical,clock_only,16:39,17:00,8,21,29730,29730,2,0,1,5.0,ok,1,0,arrival,0,0,0,0,0,0
2026-08-15,flight_change:33078,1,1,flight_change,critical,flight,critical,flight,17:03,18:03,21,60,31870,31870,2,0,1,,none,0,,return,0,0,0,0,0,0
2026-08-15,overlap:28639:29730,1,1,overlap,critical,recorded_pickup,critical,recorded_pickup,17:03,17:15,5,12,29730,29730,2,0,1,5.0,ok,1,0,arrival,0,0,0,0,0,1
2026-08-15,flight_change:30987,2,2,flight_change,critical,flight,critical,flight,17:15,17:51,13,36,32198,32198,2,0,1,-5.5,ok,1,0,arrival,0,0,0,0,0,0
2026-08-15,late_cascade:33078,1,1,late_cascade,critical,clock_only,watch,clock_only,17:21,18:03,15,42,33078,33078,1,1,1,,none,0,,arrival,0,1,0,1,1,1
2026-08-15,late_cascade:27131,1,1,late_cascade,critical,clock_only,critical,clock_only,17:42,18:18,13,36,31222,31222,3,0,1,31.4,ok,1,1,arrival,0,0,0,0,0,0
2026-08-15,late_cascade:31667,1,1,late_cascade,critical,clock_only,critical,clock_only,17:42,18:15,12,33,31667,31667,1,1,0,72.8,ok,1,1,arrival,0,0,0,0,0,0
2026-08-15,overlap:30987:32198,1,1,overlap,critical,recorded_pickup,critical,recorded_pickup,17:54,18:48,19,54,32198,32198,2,0,1,-5.5,ok,1,0,arrival,0,0,0,0,0,0
2026-08-15,late_cascade:31870,1,1,late_cascade,critical,clock_only,watch,clock_only,18:03,18:51,17,48,31870,31870,1,1,0,,none,0,,return,0,1,0,0,0,0
2026-08-15,late_cascade:34935,1,1,late_cascade,critical,clock_only,watch,clock_only,18:03,20:12,44,129,34935,34935,1,1,1,164.6,ok,1,1,arrival,0,1,0,1,1,1
2026-08-15,flight_change:24966,1,1,flight_change,critical,flight,critical,flight,18:51,19:00,4,9,31222,31222,2,0,1,31.4,ok,1,1,arrival,0,0,0,0,0,0
2026-08-15,overlap:24966:31222,1,1,overlap,critical,recorded_pickup,critical,recorded_pickup,19:03,19:57,19,54,31222,31222,2,0,1,31.4,ok,1,1,arrival,0,0,0,0,0,0
2026-08-15,overrun:32198,1,1,overrun,warning,recorded_pickup,warning,recorded_pickup,20:48,21:09,8,21,32198,32198,1,1,1,-5.5,ok,1,0,arrival,0,0,0,0,0,0
2026-08-16,flight_change:17815,1,2,flight_change,critical,flight,critical,flight,06:00,09:48,77,228,30158,30158,2,0,1,-9.1,ok,1,0,return,0,0,0,0,0,0
2026-08-16,flight_change:18982,1,1,flight_change,critical,flight,critical,flight,06:00,13:54,159,474,28852,28852,2,0,1,130.1,ok,1,1,return,0,0,0,0,0,0
2026-08-16,flight_change:21996,1,1,flight_change,critical,flight,critical,flight,06:00,12:21,128,381,29747,29747,2,0,1,-17.0,ok,1,0,return,0,0,0,0,0,0
2026-08-16,flight_change:23924,1,1,flight_change,critical,flight,critical,flight,06:00,12:36,133,396,31528,31528,2,0,1,-23.4,ok,1,0,return,0,0,0,0,0,0
2026-08-16,flight_change:26114,1,1,flight_change,critical,flight,critical,flight,06:00,07:39,34,99,28014,28014,2,0,1,,none,0,,return,0,0,0,0,0,0
2026-08-16,flight_change:27397,1,2,flight_change,critical,flight,critical,flight,06:00,11:45,116,345,33048,33048,2,0,0,26.3,ok,1,1,cruise,0,0,0,0,0,1
2026-08-16,flight_change:31447,1,1,flight_change,critical,flight,critical,flight,06:00,18:42,255,762,34108,34108,2,0,1,20.5,ok,1,1,return,0,0,0,0,0,0
2026-08-16,flight_change:31541,1,1,flight_change,critical,flight,critical,flight,06:00,10:54,99,294,31015,31642,2,0,1,,none,0,,return,0,0,0,1,0,1
2026-08-16,flight_change:32030,1,1,flight_change,critical,flight,critical,flight,06:00,09:54,79,234,33497,33497,2,0,1,,none,0,,arrival,0,0,0,0,0,2
2026-08-16,flight_change:32862,1,1,flight_change,critical,flight,critical,flight,06:00,12:30,131,390,27042,27042,2,0,0,-60.6,ok,1,0,return,0,0,0,0,0,0
2026-08-16,flight_change:34075,1,1,flight_change,critical,flight,critical,flight,06:00,12:42,135,402,29588,29588,2,0,1,-2.1,ok,1,0,return,0,0,0,0,0,0
2026-08-16,late_cascade:32273,1,1,late_cascade,critical,clock_only,critical,clock_only,06:00,06:03,2,3,32273,32273,1,1,0,,none,0,,return,0,0,0,0,0,0
2026-08-16,overlap:24416:30654,1,1,overlap,critical,clock_only,critical,recorded_pickup,06:00,08:42,55,162,30654,30654,2,0,1,-11.4,ok,1,0,return,0,0,1,0,0,0
2026-08-16,overlap:24624:17184,1,1,overlap,critical,clock_only,critical,clock_only,06:00,07:42,35,102,17184,17184,2,0,1,-17.9,ok,1,0,return,0,0,0,0,0,0
2026-08-16,overlap:24715:33411,1,1,overlap,critical,clock_only,critical,clock_only,06:00,09:00,61,180,33411,33411,2,0,1,-7.3,ok,1,0,return,0,0,0,0,0,0
2026-08-16,overlap:26839:31773,1,1,overlap,critical,clock_only,critical,clock_only,06:00,08:24,49,144,31773,31773,2,0,0,63.8,ok,1,1,arrival,0,0,0,0,0,2
2026-08-16,overlap:27042:34370,1,1,overlap,critical,clock_only,critical,clock_only,06:00,17:09,224,669,34370,34370,2,0,1,-6.3,ok,1,0,return,0,0,0,0,0,0
2026-08-16,overlap:31145:24715,1,1,overlap,critical,clock_only,critical,recorded_pickup,06:00,08:57,60,177,24715,24715,2,0,1,-5.5,ok,1,0,return,0,0,1,0,0,0
2026-08-16,overlap:31748:34595,1,1,overlap,critical,clock_only,critical,recorded_pickup,06:00,08:57,60,177,34595,34595,2,0,1,9.1,ok,1,0,return,0,0,1,0,0,0
2026-08-16,overlap:32098:32927,1,1,overlap,critical,clock_only,critical,recorded_pickup,06:00,09:27,70,207,32927,32927,2,0,1,1.0,ok,1,0,return,0,0,1,0,0,0
2026-08-16,overlap:32519:26839,1,1,overlap,critical,clock_only,critical,recorded_pickup,06:00,09:57,80,237,26839,26839,2,0,0,-0.6,ok,1,0,cruise,0,0,1,0,0,0
2026-08-16,overlap:32927:28529,1,1,overlap,critical,clock_only,critical,recorded_pickup,06:00,10:27,90,267,28529,28529,2,0,1,7.6,ok,1,0,cruise,0,0,1,0,0,0
2026-08-16,overlap:33247:7394,1,1,overlap,critical,clock_only,critical,clock_only,06:00,10:30,91,270,7394,7394,2,0,1,-18.3,ok,1,0,return,0,0,0,0,0,0
2026-08-16,overlap:33958:31145,1,1,overlap,critical,clock_only,critical,clock_only,06:00,06:57,20,57,31145,31145,2,0,1,0.7,ok,1,0,return,0,0,0,0,0,0
2026-08-16,overlap:31033:30528,1,1,overlap,critical,clock_only,critical,recorded_pickup,06:27,08:27,41,120,30528,30528,2,0,1,16.1,ok,1,1,arrival,0,0,1,0,0,0
2026-08-16,late_cascade:26114,1,1,late_cascade,critical,clock_only,critical,clock_only,07:18,07:39,8,21,28014,28014,2,0,1,,none,0,,return,0,0,0,0,0,0
2026-08-16,overlap:26114:28014,1,1,overlap,critical,clock_only,critical,clock_only,07:42,08:12,11,30,28014,28014,2,0,1,,none,0,,return,0,0,0,0,0,0
2026-08-16,late_cascade:24416,1,1,late_cascade,critical,clock_only,critical,clock_only,07:48,08:12,9,24,30654,30654,2,0,1,-11.4,ok,1,0,return,0,0,0,0,0,0
2026-08-16,late_cascade:32395,1,1,late_cascade,critical,clock_only,critical,clock_only,07:48,08:09,8,21,33034,32395,2,0,1,2.4,ok,1,0,return,0,0,0,1,1,1
2026-08-16,late_cascade:33414,1,1,late_cascade,critical,clock_only,critical,clock_only,07:48,08:06,7,18,30955,33414,2,0,0,29.9,ok,1,1,cruise,0,0,0,1,1,1
2026-08-16,late_cascade:31145,1,1,late_cascade,critical,clock_only,critical,clock_only,08:03,08:24,8,21,7138,33411,4,0,1,7.1,ok,1,0,arrival,0,0,0,1,1,0
2026-08-16,late_cascade:31748,1,1,late_cascade,critical,clock_only,critical,clock_only,08:03,08:06,2,3,34595,34595,2,0,1,9.1,ok,1,0,return,0,0,0,0,0,0
2026-08-16,overlap:33414:30955,1,1,overlap,critical,recorded_pickup,critical,recorded_pickup,08:09,09:27,27,78,30955,30955,2,0,1,29.9,ok,1,1,cruise,0,0,0,0,0,0
2026-08-16,overlap:32395:33034,1,1,overlap,critical,recorded_pickup,critical,recorded_pickup,08:12,08:57,16,45,33034,33034,2,0,1,2.4,ok,1,0,return,0,0,0,0,0,0
2026-08-16,late_cascade:28014,1,1,late_cascade,critical,clock_only,critical,clock_only,08:18,08:45,10,27,28014,28014,1,1,0,,none,0,,return,0,0,0,0,0,0
2026-08-16,flight_change:34945,1,1,flight_change,critical,flight,critical,flight,08:27,08:48,8,21,28363,28363,2,0,0,1.8,ok,1,0,return,0,0,0,0,0,0
2026-08-16,late_cascade:34595,1,1,late_cascade,critical,clock_only,critical,clock_only,09:03,09:09,3,6,34595,34595,1,1,0,9.1,ok,1,0,return,0,0,0,0,0,0
2026-08-16,overlap:25935:30181,1,1,overlap,warning,recorded_pickup,warning,recorded_pickup,09:27,10:12,16,45,30181,30181,2,0,0,40.4,ok,1,1,arrival,0,0,0,0,0,0
2026-08-16,late_cascade:32927,1,1,late_cascade,critical,clock_only,critical,clock_only,09:33,09:33,1,0,28529,28529,2,0,1,7.6,ok,1,0,cruise,0,0,0,0,0,0
2026-08-16,flight_change:30158,1,1,flight_change,critical,flight,critical,flight,09:51,11:33,35,102,24061,24061,2,0,1,-24.6,ok,1,0,arrival,0,0,0,0,0,1
2026-08-16,overlap:32030:33497,1,1,overlap,critical,recorded_pickup,critical,recorded_pickup,09:57,10:48,18,51,33497,33497,2,0,1,,none,0,,arrival,0,0,0,0,0,0
2026-08-16,overrun:25935,1,1,overrun,warning,recorded_pickup,warning,recorded_pickup,10:09,10:12,2,3,25935,25935,1,1,0,25.8,ok,1,1,cruise,0,0,0,0,0,0
2026-08-16,late_cascade:34919,1,1,late_cascade,critical,clock_only,critical,clock_only,10:12,10:36,9,24,34919,34919,1,1,0,62.2,ok,1,1,arrival,0,0,0,0,0,0
2026-08-16,overlap:26839:34945,1,1,overlap,warning,recorded_pickup,warning,recorded_pickup,10:15,11:21,23,66,34945,34945,2,0,0,10.5,ok,1,0,arrival,0,0,0,0,0,0
2026-08-16,late_cascade:34707,1,1,late_cascade,critical,clock_only,critical,clock_only,10:36,10:39,2,3,29588,29588,3,0,1,-2.1,ok,1,0,return,0,0,0,0,0,0
2026-08-16,overlap:34707:34075,1,1,overlap,critical,recorded_pickup,critical,recorded_pickup,10:42,11:57,26,75,34075,34075,2,0,1,-6.9,ok,1,0,arrival,0,0,0,0,0,0
2026-08-16,overlap:31541:31015,1,1,overlap,critical,recorded_pickup,critical,recorded_pickup,10:57,11:27,11,30,31015,31015,2,0,1,,none,0,,return,0,0,0,0,0,0
2026-08-16,overlap:32782:27925,1,1,overlap,warning,recorded_pickup,warning,recorded_pickup,10:57,12:27,31,90,27925,27925,2,0,0,-9.2,ok,1,0,arrival,0,0,0,0,0,1
2026-08-16,late_cascade:33497,1,1,late_cascade,critical,clock_only,critical,clock_only,11:30,11:54,9,24,28363,33497,2,0,1,1.8,ok,1,0,return,0,0,0,1,1,1
2026-08-16,flight_change:17815,2,2,flight_change,critical,flight,critical,flight,11:36,12:03,10,27,32889,32889,2,0,1,,none,0,,return,0,0,0,0,0,0
2026-08-16,late_cascade:34135,1,1,late_cascade,critical,clock_only,critical,clock_only,11:36,11:39,2,3,30080,30080,2,0,1,16.4,ok,1,1,arrival,0,0,0,0,0,0
2026-08-16,flight_change:33048,1,1,flight_change,critical,flight,critical,flight,11:48,12:15,10,27,27397,27397,2,0,1,3.1,ok,1,0,arrival,0,0,0,0,0,0
2026-08-16,late_cascade:26087,1,1,late_cascade,critical,clock_only,critical,clock_only,11:51,12:06,6,15,26087,26087,1,1,0,55.1,ok,1,1,arrival,0,0,0,0,0,0
2026-08-16,overlap:26087:29135,1,1,overlap,warning,recorded_pickup,warning,recorded_pickup,12:09,13:30,28,81,29135,29135,2,0,1,58.1,ok,1,1,arrival,0,0,0,0,0,0
2026-08-16,flight_change:27397,2,2,flight_change,critical,flight,critical,flight,12:18,12:27,4,9,33048,33048,2,0,1,26.3,ok,1,1,cruise,0,0,0,0,0,0
2026-08-16,late_cascade:34075,1,1,late_cascade,critical,clock_only,critical,clock_only,12:39,12:42,2,3,29588,29588,2,0,1,-2.1,ok,1,0,return,0,0,0,0,0,0
2026-08-16,overlap:34075:29588,1,1,overlap,critical,recorded_pickup,critical,recorded_pickup,12:45,13:57,25,72,29588,29588,2,0,1,-2.1,ok,1,0,return,0,0,0,0,0,0
2026-08-16,flight_change:27925,1,1,flight_change,critical,flight,critical,flight,12:48,13:30,15,42,30818,30818,2,0,1,-9.3,ok,1,0,return,0,0,0,0,0,0
2026-08-16,late_cascade:33505,1,1,late_cascade,critical,clock_only,critical,clock_only,13:03,13:06,2,3,33505,33505,1,1,0,7.5,ok,1,0,return,0,0,0,0,0,0
2026-08-16,late_cascade:27925,1,1,late_cascade,critical,clock_only,critical,clock_only,13:27,13:30,2,3,30818,30818,2,0,1,-9.3,ok,1,0,return,0,0,0,0,0,0
2026-08-16,overlap:27925:30818,1,1,overlap,critical,recorded_pickup,critical,recorded_pickup,13:33,14:27,19,54,30818,30818,2,0,1,-9.3,ok,1,0,return,0,0,0,0,0,0
2026-08-16,overrun:28466,1,1,overrun,warning,recorded_pickup,warning,recorded_pickup,15:30,15:33,2,3,28466,28466,1,1,1,14.9,ok,1,0,arrival,0,0,0,0,0,0
2026-08-16,late_cascade:21788,1,1,late_cascade,watch,clock_only,watch,clock_only,15:36,16:03,10,27,21788,21788,1,1,0,41.8,ok,1,1,arrival,0,0,0,0,0,0
2026-08-16,unassigned:28852,1,1,unassigned,warning,clock_only,warning,clock_only,15:45,16:09,9,24,28852,28852,1,1,1,130.1,ok,1,1,return,0,0,0,0,0,0
2026-08-16,overlap:21788:28792,1,1,overlap,critical,recorded_pickup,critical,recorded_pickup,16:06,16:39,12,33,28792,28792,2,0,1,13.0,ok,1,0,arrival,0,0,0,0,0,0
2026-08-16,late_cascade:33048,1,1,late_cascade,watch,clock_only,watch,clock_only,16:12,16:42,11,30,33048,33048,1,1,0,26.3,ok,1,1,cruise,0,0,0,0,0,0
2026-08-16,overrun:33605,1,1,overrun,warning,recorded_pickup,warning,recorded_pickup,17:42,17:51,4,9,33605,33605,1,1,1,-18.6,ok,1,0,return,0,0,0,0,0,0
2026-08-16,late_cascade:34108,1,2,late_cascade,critical,clock_only,critical,clock_only,18:03,18:18,6,15,34108,34108,1,1,0,20.5,ok,1,1,return,0,0,0,0,0,0
2026-08-16,late_cascade:31447,1,1,late_cascade,critical,clock_only,watch,clock_only,18:33,19:45,25,72,31447,34108,1,1,0,,none,0,,arrival,0,1,0,1,1,1
2026-08-16,late_cascade:27121,1,1,late_cascade,critical,clock_only,critical,clock_only,18:48,19:06,7,18,27121,27121,1,1,0,21.3,ok,1,1,return,0,0,0,0,0,0
2026-08-16,late_cascade:34108,2,2,late_cascade,watch,clock_only,watch,clock_only,18:48,19:45,20,57,34108,34108,1,1,0,20.5,ok,1,1,return,0,0,0,0,0,0
2026-08-16,late_cascade:15180,1,1,late_cascade,critical,clock_only,critical,clock_only,19:36,20:00,9,24,33861,33861,2,0,1,54.4,ok,1,1,arrival,0,0,0,0,0,0
2026-08-16,late_cascade:33573,1,1,late_cascade,watch,clock_only,watch,clock_only,19:48,20:21,12,33,33573,33573,1,1,0,-2.3,ok,1,0,arrival,0,0,0,0,0,0
2026-08-16,overlap:15180:33861,1,1,overlap,critical,recorded_pickup,critical,recorded_pickup,20:03,20:21,7,18,33861,33861,2,0,1,54.4,ok,1,1,arrival,0,0,0,0,0,0
2026-08-16,overrun:31447,1,1,overrun,warning,recorded_pickup,warning,recorded_pickup,20:12,20:18,3,6,31447,31447,1,1,1,,none,0,,arrival,0,0,0,0,0,0
2026-08-16,late_cascade:23499,1,1,late_cascade,critical,clock_only,watch,clock_only,21:27,21:39,5,12,23499,35129,1,1,1,14.2,ok,1,0,arrival,0,1,0,1,1,2
2026-08-16,late_cascade:33861,1,1,late_cascade,watch,clock_only,watch,clock_only,21:45,23:00,26,75,33861,33861,1,1,0,54.4,ok,1,1,arrival,0,0,0,0,0,0
2026-08-17,flight_change:28223,1,2,flight_change,critical,flight,critical,flight,06:00,06:30,11,30,33356,33356,2,0,0,-21.9,ok,1,0,return,0,0,0,0,0,0
2026-08-17,flight_change:30216,1,2,flight_change,warning,flight,warning,flight,06:00,07:33,32,93,30216,30216,1,1,0,0.3,ok,1,0,return,0,0,0,0,0,0
2026-08-17,flight_change:30355,1,1,flight_change,critical,flight,critical,flight,06:00,06:15,6,15,20392,20392,2,0,1,-21.3,ok,1,0,return,0,0,0,0,0,0
2026-08-17,flight_change:30821,1,1,flight_change,critical,flight,critical,flight,06:00,15:27,190,567,33493,23243,2,0,1,-17.4,ok,1,0,return,0,0,0,1,0,1
2026-08-17,flight_change:30926,1,1,flight_change,critical,flight,critical,flight,06:00,08:24,49,144,30281,30281,2,0,1,-10.4,ok,1,0,return,0,0,0,0,0,0
2026-08-17,flight_change:32050,1,2,flight_change,critical,flight,critical,flight,06:00,10:03,82,243,33973,33973,2,0,1,-14.0,ok,1,0,other,0,0,0,0,0,0
2026-08-17,flight_change:32305,1,1,flight_change,critical,flight,critical,flight,06:00,11:48,117,348,32942,32942,2,0,1,-4.8,ok,1,0,return,0,0,0,0,0,0
2026-08-17,flight_change:33396,1,1,flight_change,critical,flight,critical,flight,06:00,14:24,169,504,31607,25464,2,0,1,-36.3,ok,1,0,return,0,0,0,1,0,1
2026-08-17,flight_change:34602,1,1,flight_change,critical,flight,critical,flight,06:00,14:21,168,501,25464,31607,2,0,1,-36.2,ok,1,0,arrival,0,0,0,1,0,1
2026-08-17,flight_change:34953,1,2,flight_change,critical,flight,critical,flight,06:00,09:51,78,231,30216,34893,2,0,0,0.3,ok,1,0,return,0,0,0,1,0,2
2026-08-17,late_cascade:33446,1,1,late_cascade,critical,clock_only,critical,clock_only,06:00,06:09,4,9,33446,33446,1,1,0,,none,0,,other,0,0,0,0,0,0
2026-08-17,overlap:28519:13586,1,1,overlap,critical,recorded_pickup,critical,recorded_pickup,06:00,06:57,20,57,13586,13586,2,0,1,8.5,ok,1,0,return,0,0,0,0,0,0
2026-08-17,overlap:31607:33493,1,1,overlap,critical,clock_only,critical,clock_only,06:00,09:33,72,213,33493,33493,2,0,0,-17.4,ok,1,0,return,0,0,0,0,0,0
2026-08-17,overlap:33153:31939,1,1,overlap,critical,clock_only,critical,recorded_pickup,06:00,11:57,120,357,31939,31939,2,0,1,5.1,ok,1,0,return,0,0,1,0,0,0
2026-08-17,overlap:34630:31290,1,1,overlap,critical,clock_only,critical,clock_only,06:00,07:42,35,102,31290,31290,2,0,1,34.6,ok,1,1,return,0,0,0,0,0,0
2026-08-17,unassigned:27314,1,1,unassigned,warning,clock_only,critical,clock_only,06:18,08:12,39,114,27314,27314,1,1,1,,none,0,,arrival,0,1,0,0,0,0
2026-08-17,overlap:34741:30355,1,2,overlap,critical,clock_only,critical,clock_only,06:39,08:24,36,105,30355,30355,2,0,1,20.7,ok,1,1,arrival,0,0,0,0,0,0
2026-08-17,late_cascade:32282,1,1,late_cascade,critical,clock_only,critical,clock_only,07:18,07:57,14,39,34177,32282,2,0,1,,none,0,,arrival,0,0,0,1,1,1
2026-08-17,late_cascade:31853,1,1,late_cascade,critical,clock_only,watch,clock_only,07:33,07:48,6,15,31853,31290,1,1,1,,none,0,,return,0,1,0,2,2,1
2026-08-17,flight_change:28223,2,2,flight_change,critical,flight,critical,flight,07:36,11:57,88,261,30400,30400,2,0,0,-27.7,ok,1,0,return,0,0,0,0,0,0
2026-08-17,unassigned:31290,1,1,unassigned,warning,clock_only,warning,clock_only,07:45,07:45,1,0,31290,31290,1,1,0,34.6,ok,1,1,return,0,0,0,0,0,0
2026-08-17,overlap:31853:34630,1,1,overlap,critical,recorded_pickup,critical,recorded_pickup,07:51,08:27,13,36,34630,34630,2,0,1,,none,0,,return,0,0,0,0,0,0
2026-08-17,overrun:31853,1,1,overrun,critical,recorded_pickup,critical,recorded_pickup,07:57,07:57,1,0,34630,34630,2,0,1,,none,0,,return,0,0,0,0,0,0
2026-08-17,late_cascade:32439,1,2,late_cascade,critical,clock_only,critical,clock_only,08:30,08:30,1,0,32439,32439,1,1,0,11.5,ok,1,0,return,0,0,0,0,0,0
2026-08-17,late_cascade:34630,1,1,late_cascade,critical,clock_only,critical,clock_only,08:33,08:42,4,9,34630,34630,1,1,0,,none,0,,return,0,0,0,0,0,0
2026-08-17,overlap:34741:30355,2,2,overlap,critical,clock_only,critical,clock_only,08:42,09:39,20,57,30355,30355,2,0,1,20.7,ok,1,1,arrival,0,0,0,0,0,0
2026-08-17,late_cascade:34177,1,1,late_cascade,critical,clock_only,critical,clock_only,08:54,09:15,8,21,34177,34177,1,1,0,,none,0,,arrival,0,0,0,0,0,0
2026-08-17,late_cascade:27928,1,1,late_cascade,critical,clock_only,critical,clock_only,08:57,09:06,4,9,30281,30281,2,0,1,-10.4,ok,1,0,return,0,0,0,0,0,0
2026-08-17,overlap:27928:30281,1,1,overlap,critical,recorded_pickup,critical,recorded_pickup,09:09,09:27,7,18,30281,30281,2,0,1,-10.4,ok,1,0,return,0,0,0,0,0,0
2026-08-17,late_cascade:32439,2,2,late_cascade,watch,clock_only,watch,clock_only,09:12,09:15,2,3,32439,32439,1,1,0,11.5,ok,1,0,return,0,0,0,0,0,0
2026-08-17,late_cascade:30990,1,1,late_cascade,critical,clock_only,critical,clock_only,09:18,09:45,10,27,31261,31261,2,0,1,11.3,ok,1,0,arrival,0,0,0,0,0,0
2026-08-17,overlap:32439:32774,1,1,overlap,warning,recorded_pickup,warning,recorded_pickup,09:18,09:39,8,21,32774,32774,2,0,0,16.6,ok,1,1,arrival,0,0,0,0,0,0
2026-08-17,late_cascade:35157,1,1,late_cascade,critical,clock_only,critical,clock_only,09:36,09:36,1,0,33279,33279,2,0,1,-8.0,ok,1,0,return,0,0,0,0,0,0
2026-08-17,overlap:35157:33279,1,1,overlap,critical,recorded_pickup,critical,recorded_pickup,09:39,09:45,3,6,33279,33279,2,0,1,-8.0,ok,1,0,return,0,0,0,0,0,0
2026-08-17,flight_change:30438,1,1,flight_change,critical,flight,warning,flight,09:48,11:15,30,87,30438,34509,1,1,1,20.5,ok,1,1,arrival,0,1,0,1,1,1
2026-08-17,unassigned:33279,1,1,unassigned,warning,clock_only,critical,clock_only,09:48,10:00,5,12,33279,33279,1,1,1,-8.0,ok,1,0,return,0,1,0,0,0,0
2026-08-17,flight_change:35037,1,1,flight_change,critical,flight,critical,flight,09:54,13:48,79,234,30400,33493,2,0,1,-27.7,ok,1,0,return,0,0,0,2,0,2
2026-08-17,overlap:23986:17225,1,1,overlap,critical,clock_only,critical,clock_only,09:54,13:42,77,228,17225,17225,2,0,0,5.5,ok,1,0,arrival,0,0,0,0,0,0
2026-08-17,late_cascade:32768,1,1,late_cascade,critical,clock_only,critical,clock_only,10:03,10:30,10,27,27688,32768,2,0,1,,none,0,,arrival,0,0,0,1,1,2
2026-08-17,flight_change:33171,1,1,flight_change,warning,flight,warning,flight,10:06,10:09,2,3,33171,33171,1,1,0,,none,0,,cruise,0,0,0,0,0,0
2026-08-17,flight_change:32050,2,2,flight_change,critical,flight,critical,flight,10:12,13:42,71,210,33973,33973,2,0,1,-14.0,ok,1,0,other,0,0,0,0,0,0
2026-08-17,late_cascade:27421,1,1,late_cascade,critical,clock_only,watch,clock_only,10:12,10:45,12,33,27421,29202,1,1,1,-4.8,ok,1,0,cruise,0,1,0,1,1,1
2026-08-17,overlap:27421:29202,1,1,overlap,critical,recorded_pickup,critical,recorded_pickup,10:48,10:51,2,3,29202,29202,2,0,1,-5.9,ok,1,0,arrival,0,0,0,0,0,0
2026-08-17,overrun:35157,1,1,overrun,warning,recorded_pickup,warning,recorded_pickup,10:48,10:48,1,0,35157,35157,1,1,0,-13.0,ok,1,0,cruise,0,0,0,0,0,0
2026-08-17,late_cascade:33171,1,1,late_cascade,critical,clock_only,critical,clock_only,11:03,11:06,2,3,33171,33171,1,1,0,,none,0,,cruise,0,0,0,0,0,0
2026-08-17,late_cascade:33153,1,1,late_cascade,critical,clock_only,critical,clock_only,11:06,11:09,2,3,31939,31939,2,0,1,5.1,ok,1,0,return,0,0,0,0,0,0
2026-08-17,late_cascade:27688,1,1,late_cascade,critical,clock_only,critical,clock_only,11:15,11:42,10,27,27688,27688,1,1,0,,none,0,,arrival,0,0,0,0,0,0
2026-08-17,overlap:30308:24007,1,1,overlap,critical,clock_only,critical,recorded_pickup,11:18,12:48,31,90,24007,24007,2,0,1,8.4,ok,1,0,arrival,0,0,1,0,0,0
2026-08-17,overlap:33257:21090,1,1,overlap,warning,recorded_pickup,warning,recorded_pickup,11:39,14:00,48,141,21090,21090,2,0,0,-39.9,ok,1,0,return,0,0,0,0,0,0
2026-08-17,overlap:29511:30941,1,1,overlap,warning,recorded_pickup,warning,recorded_pickup,12:21,12:48,10,27,30941,30941,2,0,0,-26.9,ok,1,0,return,0,0,0,0,0,0
2026-08-17,overrun:24313,1,1,overrun,warning,recorded_pickup,warning,recorded_pickup,12:21,12:42,8,21,24313,24313,1,1,0,18.3,ok,1,1,cruise,0,0,0,0,0,0
2026-08-17,flight_change:19561,1,1,flight_change,critical,flight,critical,flight,12:51,13:42,18,51,30941,30941,2,0,1,-26.9,ok,1,0,return,0,0,0,0,0,0
2026-08-17,overlap:29511:19561,1,1,overlap,critical,recorded_pickup,critical,recorded_pickup,12:51,13:12,8,21,19561,19561,2,0,1,28.2,ok,1,1,arrival,0,0,0,0,0,0
2026-08-17,flight_change:34953,2,2,flight_change,critical,flight,critical,flight,13:06,16:51,76,225,23986,30400,2,0,1,251.4,ok,1,1,return,0,0,0,1,0,1
2026-08-17,late_cascade:30167,1,1,late_cascade,watch,clock_only,watch,clock_only,13:33,13:57,9,24,30167,30167,1,1,0,-11.0,ok,1,0,return,0,0,0,0,0,0
2026-08-17,late_cascade:29819,1,1,late_cascade,critical,clock_only,critical,clock_only,13:42,14:06,9,24,29819,29819,1,1,0,,none,0,,arrival,0,0,0,0,0,0
2026-08-17,flight_change:30216,2,2,flight_change,critical,flight,critical,flight,13:45,15:18,32,93,33493,33493,2,0,1,-17.4,ok,1,0,return,0,0,0,0,0,0
2026-08-17,overlap:30167:19341,1,1,overlap,critical,recorded_pickup,critical,recorded_pickup,14:00,14:06,3,6,19341,19341,2,0,1,24.0,ok,1,1,arrival,0,0,0,0,0,0
2026-08-17,late_cascade:19561,1,1,late_cascade,watch,clock_only,watch,clock_only,14:36,14:57,8,21,19561,19561,1,1,0,28.2,ok,1,1,arrival,0,0,0,0,0,0
2026-08-17,overrun:19561,1,1,overrun,warning,recorded_pickup,warning,recorded_pickup,15:00,15:00,1,0,19561,19561,1,1,1,28.2,ok,1,1,arrival,0,0,0,0,0,0
2026-08-17,overlap:19341:26453,1,1,overlap,warning,recorded_pickup,warning,recorded_pickup,15:21,16:27,23,66,26453,26453,2,0,1,-18.0,ok,1,0,return,0,0,0,0,0,0
2026-08-17,late_cascade:35037,1,1,late_cascade,critical,clock_only,critical,clock_only,16:54,16:54,1,0,30400,30400,2,0,1,-27.7,ok,1,0,return,0,0,0,0,0,0
2026-08-17,overlap:23986:30343,1,1,overlap,critical,clock_only,critical,clock_only,16:54,16:57,2,3,30343,30343,2,0,1,63.7,ok,1,1,arrival,0,0,0,0,0,0
2026-08-17,overlap:26453:33356,1,1,overlap,warning,recorded_pickup,warning,recorded_pickup,16:57,17:57,21,60,33356,33356,2,0,1,-21.9,ok,1,0,return,0,0,0,0,0,0
2026-08-17,overlap:35037:30400,1,1,overlap,critical,recorded_pickup,critical,recorded_pickup,16:57,16:57,1,0,30400,30400,2,0,1,-27.7,ok,1,0,return,0,0,0,0,0,0
2026-08-17,overlap:30400:30343,1,1,overlap,critical,clock_only,critical,clock_only,17:00,17:03,2,3,30343,30343,2,0,1,63.7,ok,1,1,arrival,0,0,0,0,0,0
2026-08-17,overlap:35037:23986,1,1,overlap,warning,recorded_pickup,warning,recorded_pickup,17:00,17:30,11,30,23986,23986,2,0,1,251.4,ok,1,1,return,0,0,0,0,0,0
2026-08-17,flight_change:30343,1,1,flight_change,critical,flight,critical,flight,17:06,18:15,24,69,30400,30400,2,0,1,-27.7,ok,1,0,return,0,0,0,0,0,0
2026-08-17,overlap:23243:17225,1,1,overlap,critical,clock_only,critical,recorded_pickup,17:33,19:45,45,132,17225,17225,2,0,1,5.5,ok,1,0,arrival,0,0,1,0,0,0
2026-08-17,unassigned:23986,1,1,unassigned,critical,clock_only,critical,clock_only,17:33,17:39,3,6,23986,23986,1,1,1,251.4,ok,1,1,return,0,0,0,0,0,0
2026-08-17,overrun:35037,1,1,overrun,warning,recorded_pickup,warning,recorded_pickup,17:57,18:18,8,21,35037,35037,1,1,1,34.6,ok,1,1,arrival,0,0,0,0,0,0
2026-08-17,overlap:33356:34703,1,1,overlap,warning,recorded_pickup,warning,recorded_pickup,18:15,18:36,8,21,34703,34703,2,0,1,40.8,ok,1,1,arrival,0,0,0,0,0,0
2026-08-17,late_cascade:25464,1,1,late_cascade,watch,clock_only,watch,clock_only,19:36,19:39,2,3,25464,25464,1,1,0,-36.2,ok,1,0,arrival,0,0,0,0,0,0
2026-08-17,overrun:30343,1,1,overrun,warning,recorded_pickup,warning,recorded_pickup,19:54,20:15,8,21,30343,30343,1,1,1,63.7,ok,1,1,arrival,0,0,0,0,0,0
2026-08-18,flight_change:20964,1,1,flight_change,critical,flight,warning,flight,06:00,14:21,168,501,20964,28250,1,1,1,-15.0,ok,1,0,arrival,0,1,0,1,1,1
2026-08-18,flight_change:28633,1,1,flight_change,warning,flight,warning,flight,06:00,11:12,105,312,28633,28633,1,1,1,10.9,ok,1,0,other,0,0,0,0,0,0
2026-08-18,overlap:20408:20564,1,1,overlap,critical,clock_only,critical,clock_only,06:00,10:27,90,267,20564,20564,2,0,1,,none,0,,cruise,0,0,0,0,0,0
2026-08-18,overlap:33139:35171,1,1,overlap,critical,clock_only,critical,clock_only,06:00,16:27,210,627,35171,35171,2,0,1,5.3,ok,1,0,return,0,0,0,0,0,0
2026-08-18,late_cascade:34213,1,1,late_cascade,critical,clock_only,critical,clock_only,07:12,07:24,5,12,31027,31027,2,0,1,-4.6,ok,1,0,return,0,0,0,0,0,0
2026-08-18,overlap:34213:31027,1,1,overlap,critical,recorded_pickup,critical,recorded_pickup,07:27,08:09,15,42,31027,31027,2,0,1,-4.6,ok,1,0,return,0,0,0,0,0,0
2026-08-18,late_cascade:28607,1,1,late_cascade,critical,clock_only,critical,clock_only,07:33,08:06,12,33,20564,28607,3,0,1,,none,0,,cruise,0,0,0,2,2,1
2026-08-18,flight_change:20564,1,1,flight_change,warning,flight,warning,flight,07:51,11:27,73,216,20564,20564,1,1,1,,none,0,,cruise,0,0,0,0,0,0
2026-08-18,late_cascade:25641,1,1,late_cascade,critical,clock_only,critical,clock_only,08:03,08:18,6,15,25641,25641,1,1,0,19.8,ok,1,1,cruise,0,0,0,0,0,0
2026-08-18,late_cascade:31721,1,1,late_cascade,critical,clock_only,critical,clock_only,08:12,08:12,1,0,34465,34465,2,0,1,-13.3,ok,1,0,other,0,0,0,0,0,0
2026-08-18,overlap:31721:34465,1,1,overlap,critical,recorded_pickup,warning,recorded_pickup,08:15,09:42,30,87,34465,34465,2,0,1,-13.3,ok,1,0,other,0,1,0,0,0,1
2026-08-18,overlap:33123:32147,1,1,overlap,critical,clock_only,critical,clock_only,09:03,09:48,16,45,32147,32147,2,0,1,-13.4,ok,1,0,arrival,0,0,0,0,0,0
2026-08-18,unassigned:35174,1,1,unassigned,warning,clock_only,warning,clock_only,09:03,09:12,4,9,35174,35174,1,1,0,749.2,ok,1,1,arrival,0,0,0,0,0,0
2026-08-18,late_cascade:20408,1,1,late_cascade,critical,clock_only,critical,clock_only,09:06,09:30,9,24,21285,20564,3,0,1,,none,0,,arrival,0,0,0,1,1,0
2026-08-18,overlap:23995:33353,1,1,overlap,critical,recorded_pickup,critical,recorded_pickup,09:39,09:57,7,18,33353,33353,2,0,1,6.4,ok,1,0,return,0,0,0,0,0,0
2026-08-18,flight_change:32147,1,1,flight_change,critical,flight,critical,flight,09:51,09:57,3,6,33123,33123,2,0,1,-10.2,ok,1,0,return,0,0,0,0,0,0
2026-08-18,overlap:29573:33123,1,1,overlap,warning,recorded_pickup,warning,recorded_pickup,10:00,10:06,3,6,33123,33123,2,0,1,-10.2,ok,1,0,return,0,0,0,0,0,0
2026-08-18,late_cascade:34465,1,1,late_cascade,critical,clock_only,critical,clock_only,10:06,10:18,5,12,27535,27535,2,0,1,24.3,ok,1,1,arrival,0,0,0,0,0,0
2026-08-18,overlap:33123:30444,1,1,overlap,critical,clock_only,critical,recorded_pickup,10:09,11:57,37,108,30444,30444,2,0,1,-5.0,ok,1,0,return,0,0,1,0,0,0
2026-08-18,overlap:24209:33773,1,1,overlap,warning,recorded_pickup,warning,recorded_pickup,10:12,10:33,8,21,33773,33773,2,0,0,24.4,ok,1,1,arrival,0,0,0,0,0,0
2026-08-18,overlap:33353:28633,1,1,overlap,critical,recorded_pickup,critical,recorded_pickup,10:12,10:57,16,45,28633,28633,2,0,1,10.9,ok,1,0,other,0,0,0,0,0,0
2026-08-18,overlap:34465:27535,1,1,overlap,critical,recorded_pickup,critical,recorded_pickup,10:21,10:33,5,12,27535,27535,2,0,1,24.3,ok,1,1,arrival,0,0,0,0,0,0
2026-08-18,flight_change:17124,1,1,flight_change,critical,flight,critical,flight,10:33,12:21,37,108,31276,31276,2,0,1,-56.8,ok,1,0,return,0,0,0,0,0,0
2026-08-18,late_cascade:20564,1,1,late_cascade,critical,clock_only,watch,clock_only,10:33,11:27,19,54,20564,20564,1,1,1,,none,0,,cruise,0,1,0,1,1,1
2026-08-18,overrun:34465,1,1,overrun,critical,recorded_pickup,critical,recorded_pickup,10:33,11:03,11,30,33773,27535,2,0,1,24.4,ok,1,1,arrival,0,0,0,1,0,1
2026-08-18,overlap:24209:27535,1,1,overlap,warning,recorded_pickup,warning,recorded_pickup,10:36,11:00,9,24,27535,27535,2,0,0,24.3,ok,1,1,arrival,0,0,0,0,0,0
2026-08-18,overlap:34465:33773,1,1,overlap,critical,recorded_pickup,critical,recorded_pickup,10:36,11:09,12,33,33773,33773,2,0,1,24.4,ok,1,1,arrival,0,0,0,0,0,0
2026-08-18,late_cascade:28633,1,1,late_cascade,critical,clock_only,critical,clock_only,11:03,11:12,4,9,33037,28633,2,0,1,-7.1,ok,1,0,return,0,0,0,1,1,1
2026-08-18,late_cascade:32058,1,1,late_cascade,critical,clock_only,critical,clock_only,11:06,11:06,1,0,32058,32058,1,1,0,80.0,ok,1,1,arrival,0,0,0,0,0,0
2026-08-18,late_cascade:33123,1,1,late_cascade,critical,clock_only,critical,clock_only,11:06,11:33,10,27,34855,30444,3,0,1,13.9,ok,1,0,arrival,0,0,0,1,1,0
2026-08-18,overlap:28633:33037,1,1,overlap,critical,recorded_pickup,critical,recorded_pickup,11:15,11:42,10,27,33037,33037,2,0,1,-7.1,ok,1,0,return,0,0,0,0,0,0
2026-08-18,late_cascade:30466,1,1,late_cascade,critical,clock_only,watch,clock_only,11:24,11:54,11,30,30466,30070,1,1,1,22.1,ok,1,1,arrival,0,1,0,1,1,1
2026-08-18,overlap:30466:30070,1,1,overlap,critical,recorded_pickup,critical,recorded_pickup,11:57,12:21,9,24,30070,30070,2,0,1,12.2,ok,1,0,arrival,0,0,0,0,0,0
2026-08-18,late_cascade:21285,1,1,late_cascade,critical,clock_only,critical,clock_only,12:06,12:48,15,42,21285,21285,1,1,0,,none,0,,arrival,0,0,0,0,0,0
2026-08-18,overlap:27535:29923,1,1,overlap,warning,recorded_pickup,warning,recorded_pickup,12:21,13:27,23,66,29923,29923,2,0,1,-6.2,ok,1,0,return,0,0,0,0,0,0
2026-08-18,late_cascade:10800,1,1,late_cascade,critical,clock_only,critical,clock_only,12:27,12:45,7,18,27518,24122,3,0,1,0.7,ok,1,0,arrival,0,0,0,1,1,0
2026-08-18,overlap:10800:24122,1,1,overlap,critical,recorded_pickup,critical,recorded_pickup,12:48,13:15,10,27,24122,24122,2,0,1,-12.7,ok,1,0,return,0,0,0,0,0,1
2026-08-18,late_cascade:31231,1,1,late_cascade,critical,clock_only,watch,clock_only,14:33,15:21,17,48,31231,31231,1,1,0,87.5,ok,1,1,arrival,0,1,0,0,0,0
2026-08-18,late_cascade:25626,1,1,late_cascade,critical,clock_only,critical,clock_only,15:03,15:30,10,27,25626,25626,1,1,0,,none,0,,return,0,0,0,0,0,0
2026-08-18,overlap:31231:20964,1,1,overlap,warning,recorded_pickup,warning,recorded_pickup,15:24,16:24,21,60,20964,20964,2,0,1,-15.0,ok,1,0,arrival,0,0,0,0,0,1
2026-08-18,late_cascade:31678,1,1,late_cascade,critical,clock_only,critical,clock_only,16:33,17:06,12,33,34449,31678,2,0,1,,none,0,,arrival,0,0,0,1,1,2
2026-08-18,late_cascade:33640,1,1,late_cascade,critical,clock_only,critical,clock_only,16:51,16:51,1,0,33640,33640,1,1,0,40.9,ok,1,1,arrival,0,0,0,0,0,0
2026-08-18,late_cascade:9118,1,1,late_cascade,watch,clock_only,watch,clock_only,17:09,18:36,30,87,9118,9118,1,1,0,8.9,ok,1,0,cruise,0,0,0,0,0,0
2026-08-18,late_cascade:28106,1,1,late_cascade,critical,clock_only,critical,clock_only,17:18,17:39,8,21,28106,28106,1,1,0,60.3,ok,1,1,arrival,0,0,0,0,0,0
2026-08-18,unassigned:25567,1,1,unassigned,warning,clock_only,warning,clock_only,17:18,17:24,3,6,25567,25567,1,1,1,16.1,ok,1,1,arrival,0,0,0,0,0,0
2026-08-18,late_cascade:34449,1,1,late_cascade,critical,clock_only,critical,clock_only,17:36,18:15,14,39,34449,34449,1,1,0,,none,0,,arrival,0,0,0,0,0,0
2026-08-18,late_cascade:28250,1,1,late_cascade,watch,clock_only,watch,clock_only,19:03,20:30,30,87,28250,28250,1,1,0,5.5,ok,1,0,arrival,0,0,0,0,0,0
2026-08-18,late_cascade:32529,1,1,late_cascade,critical,clock_only,critical,clock_only,19:18,19:51,12,33,32529,32529,1,1,0,,none,0,,return,0,0,0,0,0,0
2026-08-18,overlap:28250:12647,1,1,overlap,critical,recorded_pickup,critical,recorded_pickup,21:09,22:06,20,57,12647,12647,2,0,1,-6.6,ok,1,0,arrival,0,0,0,0,0,0
2026-08-18,overrun:28250,1,1,overrun,critical,recorded_pickup,critical,recorded_pickup,21:09,21:09,1,0,12647,12647,2,0,1,-6.6,ok,1,0,arrival,0,0,0,0,0,0
2026-08-19,overlap:32263:30921,1,1,overlap,critical,clock_only,critical,recorded_pickup,06:00,08:57,60,177,30921,30921,2,0,1,-10.2,ok,1,0,cruise,0,0,1,0,0,0
2026-08-19,late_cascade:22635,1,1,late_cascade,critical,clock_only,watch,clock_only,06:33,07:27,19,54,22635,22635,1,1,0,,none,0,,return,0,1,0,0,0,0
2026-08-19,flight_change:34274,1,1,flight_change,warning,flight,warning,flight,07:24,11:03,74,219,34274,34274,1,1,1,9.5,ok,1,0,arrival,0,0,0,0,0,0
2026-08-19,late_cascade:32263,1,1,late_cascade,critical,clock_only,critical,clock_only,07:36,07:39,2,3,32951,32951,3,0,1,11.5,ok,1,0,arrival,0,0,0,0,0,0
2026-08-19,overlap:30921:32951,1,1,overlap,critical,clock_only,critical,recorded_pickup,07:48,09:48,41,120,32951,32951,2,0,1,11.5,ok,1,0,arrival,0,0,1,0,0,1
2026-08-19,flight_change:31409,1,1,flight_change,critical,flight,critical,flight,08:00,09:42,35,102,31690,31690,2,0,1,-14.8,ok,1,0,return,0,0,0,0,0,0
2026-08-19,late_cascade:26557,1,1,late_cascade,critical,clock_only,critical,clock_only,08:00,08:24,9,24,32744,26557,4,0,1,13.7,ok,1,0,arrival,0,0,0,2,2,1
2026-08-19,overlap:26557:31409,1,1,overlap,critical,clock_only,critical,recorded_pickup,08:00,08:57,20,57,31409,31409,2,0,1,44.1,ok,1,1,return,0,0,1,0,0,0
2026-08-19,late_cascade:24879,1,1,late_cascade,critical,clock_only,critical,clock_only,09:03,09:18,6,15,24879,24879,1,1,0,,none,0,,other,0,0,0,0,0,0
2026-08-19,late_cascade:30921,1,1,late_cascade,critical,clock_only,critical,clock_only,09:03,09:09,3,6,32951,32951,2,0,1,11.5,ok,1,0,arrival,0,0,0,0,0,0
2026-08-19,late_cascade:31409,1,1,late_cascade,critical,clock_only,critical,clock_only,09:03,09:42,14,39,32744,31690,3,0,1,13.7,ok,1,0,arrival,0,0,0,1,1,0
2026-08-19,flight_change:21124,1,1,flight_change,critical,flight,critical,flight,09:12,09:30,7,18,34510,34510,2,0,1,-45.3,ok,1,0,return,0,0,0,0,0,0
2026-08-19,late_cascade:29240,1,1,late_cascade,critical,clock_only,critical,clock_only,09:18,09:18,1,0,29240,29240,1,1,0,3.9,ok,1,0,return,0,0,0,0,0,0
2026-08-19,overlap:31409:31690,1,1,overlap,critical,recorded_pickup,critical,recorded_pickup,09:45,09:57,5,12,31690,31690,2,0,1,-14.8,ok,1,0,return,0,0,0,0,0,0
2026-08-19,overlap:33741:32744,1,1,overlap,critical,recorded_pickup,critical,recorded_pickup,10:03,10:27,9,24,32744,32744,2,0,1,13.7,ok,1,0,arrival,0,0,0,0,0,0
2026-08-19,late_cascade:31034,1,1,late_cascade,critical,clock_only,critical,clock_only,10:09,10:15,3,6,21124,21124,2,0,1,11.0,ok,1,0,arrival,0,0,0,0,0,0
2026-08-19,overlap:31347:25481,1,1,overlap,warning,recorded_pickup,warning,recorded_pickup,10:12,11:39,30,87,25481,25481,2,0,1,-7.9,ok,1,0,return,0,0,0,0,0,0
2026-08-19,overlap:31034:21124,1,1,overlap,critical,recorded_pickup,critical,recorded_pickup,10:18,11:30,25,72,21124,21124,2,0,1,11.0,ok,1,0,arrival,0,0,0,0,0,0
2026-08-19,late_cascade:20463,1,1,late_cascade,critical,clock_only,critical,clock_only,12:15,12:54,14,39,20463,20463,1,1,0,,none,0,,cruise,0,0,0,0,0,0
2026-08-19,overrun:19909,1,1,overrun,warning,recorded_pickup,warning,recorded_pickup,13:21,13:24,2,3,19909,19909,1,1,1,-0.0,ok,1,0,cruise,0,0,0,0,0,0
2026-08-19,late_cascade:33569,1,1,late_cascade,critical,clock_only,critical,clock_only,14:03,14:36,12,33,33569,33569,1,1,0,72.3,ok,1,1,arrival,0,0,0,0,0,0
2026-08-19,overlap:32674:32936,1,1,overlap,warning,recorded_pickup,warning,recorded_pickup,15:39,16:42,22,63,32936,32936,2,0,1,-35.1,ok,1,0,return,0,0,0,0,0,0
2026-08-19,late_cascade:32936,1,1,late_cascade,watch,clock_only,watch,clock_only,17:33,19:00,30,87,32936,32936,1,1,0,-35.1,ok,1,0,return,0,0,0,0,0,0
2026-08-19,late_cascade:35430,1,1,late_cascade,watch,clock_only,watch,clock_only,17:33,19:00,30,87,35430,35430,1,1,0,4.4,ok,1,0,arrival,0,0,0,0,0,0
2026-08-19,flight_change:35672,1,1,flight_change,critical,flight,critical,flight,20:54,21:15,8,21,35816,35816,2,0,1,,none,0,,arrival,0,0,0,0,0,0
2026-08-19,overlap:29205:31850,1,1,overlap,warning,recorded_pickup,warning,recorded_pickup,22:45,23:00,6,15,31850,31850,2,0,1,8.0,ok,1,0,arrival,0,0,0,0,0,0
2026-08-20,flight_change:24347,1,1,flight_change,critical,flight,critical,flight,06:00,10:06,83,246,22279,22279,2,0,1,-18.2,ok,1,0,return,0,0,0,0,0,0
2026-08-20,flight_change:25600,1,1,flight_change,critical,flight,critical,flight,06:00,10:06,83,246,33130,33130,2,0,1,-36.0,ok,1,0,return,0,0,0,0,0,0
2026-08-20,flight_change:25778,1,1,flight_change,critical,flight,critical,flight,06:00,13:42,155,462,30529,30529,2,0,1,-16.0,ok,1,0,return,0,0,0,0,0,0
2026-08-20,flight_change:29998,1,1,flight_change,critical,flight,critical,flight,06:00,10:27,90,267,35353,35353,2,0,1,-14.6,ok,1,0,other,0,0,0,0,0,0
2026-08-20,flight_change:32676,1,1,flight_change,critical,flight,critical,flight,06:00,07:36,33,96,35785,35785,2,0,0,13.6,ok,1,0,arrival,0,0,0,0,0,0
2026-08-20,flight_change:34191,1,1,flight_change,critical,flight,critical,flight,06:00,08:57,60,177,35847,35847,2,0,1,,none,0,,return,0,0,0,0,0,0
2026-08-20,flight_change:34321,1,1,flight_change,critical,flight,critical,flight,06:00,07:36,33,96,24173,24173,2,0,1,,none,0,,arrival,0,0,0,0,0,0
2026-08-20,flight_change:35192,1,2,flight_change,critical,flight,critical,flight,06:00,07:06,23,66,29639,29639,2,0,0,,none,0,,return,0,0,0,0,0,0
2026-08-20,flight_change:35332,1,1,flight_change,critical,flight,critical,flight,06:00,10:18,87,258,29854,29854,2,0,1,-2.2,ok,1,0,return,0,0,0,0,0,0
2026-08-20,flight_change:35573,1,1,flight_change,critical,flight,critical,flight,06:00,11:54,119,354,34111,34111,2,0,1,-8.9,ok,1,0,return,0,0,0,0,0,0
2026-08-20,flight_change:32077,1,1,flight_change,critical,flight,critical,flight,07:27,08:42,26,75,24744,24744,2,0,1,-2.4,ok,1,0,arrival,0,0,0,0,0,1
2026-08-20,flight_change:32156,1,1,flight_change,critical,flight,critical,flight,07:27,07:45,7,18,31053,31053,2,0,1,30.0,ok,1,1,arrival,0,0,0,0,0,0
2026-08-20,flight_change:35785,1,1,flight_change,critical,flight,critical,flight,07:39,16:24,176,525,35914,32078,2,0,1,2.2,ok,1,0,return,0,0,0,1,0,1
2026-08-20,late_cascade:34191,1,1,late_cascade,critical,clock_only,critical,clock_only,08:27,08:57,11,30,24173,35847,3,0,1,,none,0,,arrival,0,0,0,1,1,0
2026-08-20,late_cascade:35847,1,1,late_cascade,critical,clock_only,critical,clock_only,09:03,09:36,12,33,24173,35847,2,0,1,,none,0,,arrival,0,0,0,1,1,2
2026-08-20,flight_change:29157,1,1,flight_change,critical,flight,critical,flight,09:36,17:57,168,501,32078,32078,2,0,1,-9.9,ok,1,0,return,0,0,0,0,0,0
2026-08-20,late_cascade:32156,1,1,late_cascade,critical,clock_only,critical,clock_only,09:51,10:15,9,24,31053,31053,2,0,1,30.0,ok,1,1,arrival,0,0,0,0,0,0
2026-08-20,late_cascade:25600,1,1,late_cascade,critical,clock_only,critical,clock_only,09:54,10:06,5,12,33130,33130,2,0,1,-36.0,ok,1,0,return,0,0,0,0,0,0
2026-08-20,overlap:25600:33130,1,1,overlap,critical,recorded_pickup,critical,recorded_pickup,10:09,10:57,17,48,33130,33130,2,0,1,-36.0,ok,1,0,return,0,0,0,0,0,0
2026-08-20,late_cascade:24173,1,1,late_cascade,critical,clock_only,critical,clock_only,10:18,10:30,5,12,24173,24173,1,1,0,,none,0,,arrival,0,0,0,0,0,0
2026-08-20,late_cascade:29998,1,1,late_cascade,critical,clock_only,critical,clock_only,10:18,10:27,4,9,35353,35353,2,0,1,-14.6,ok,1,0,other,0,0,0,0,0,0
2026-08-20,overlap:29998:35353,1,1,overlap,critical,recorded_pickup,critical,recorded_pickup,10:30,10:57,10,27,35353,35353,2,0,1,-14.6,ok,1,0,other,0,0,0,0,0,0
2026-08-20,late_cascade:28069,1,1,late_cascade,critical,clock_only,critical,clock_only,11:48,11:57,4,9,28069,28069,1,1,0,,none,0,,return,0,0,0,0,0,0
2026-08-20,late_cascade:35856,1,1,late_cascade,critical,clock_only,critical,clock_only,13:33,13:57,9,24,35856,35856,1,1,0,,none,0,,return,0,0,0,0,0,0
2026-08-20,overlap:36018:30897,1,1,overlap,critical,clock_only,critical,clock_only,13:42,13:57,6,15,30897,30897,2,0,1,-6.9,ok,1,0,arrival,0,0,0,0,0,0
2026-08-20,flight_change:30897,1,1,flight_change,critical,flight,critical,flight,14:00,15:36,33,96,30927,30927,2,0,1,-20.3,ok,1,0,return,0,0,0,0,0,0
2026-08-20,late_cascade:36018,1,2,late_cascade,critical,clock_only,critical,clock_only,14:03,14:15,5,12,36018,36018,1,1,0,16.0,ok,1,1,arrival,0,0,0,0,0,0
2026-08-20,overrun:25540,1,1,overrun,warning,recorded_pickup,warning,recorded_pickup,14:39,14:39,1,0,25540,25540,1,1,1,-75.4,ok,1,0,arrival,0,0,0,0,0,0
2026-08-20,late_cascade:36018,2,2,late_cascade,watch,clock_only,watch,clock_only,14:48,14:48,1,0,36018,36018,1,1,0,16.0,ok,1,1,arrival,0,0,0,0,0,0
2026-08-20,late_cascade:33082,1,1,late_cascade,critical,clock_only,watch,clock_only,15:33,16:36,22,63,33082,33082,1,1,0,,none,0,,return,0,1,0,0,0,0
2026-08-20,late_cascade:30194,1,1,late_cascade,critical,clock_only,critical,clock_only,15:54,16:09,6,15,30194,30194,1,1,0,19.7,ok,1,1,return,0,0,0,0,0,0
2026-08-20,flight_change:35192,2,2,flight_change,warning,flight,warning,flight,16:27,17:30,22,63,35192,35192,1,1,1,-22.4,ok,1,0,arrival,0,0,0,0,0,0
2026-08-20,late_cascade:29157,1,1,late_cascade,critical,clock_only,critical,clock_only,17:39,17:57,7,18,32078,32078,2,0,1,-9.9,ok,1,0,return,0,0,0,0,0,0
2026-08-20,overlap:29157:32078,1,1,overlap,critical,recorded_pickup,critical,recorded_pickup,18:00,18:03,2,3,32078,32078,2,0,1,-9.9,ok,1,0,return,0,0,0,0,0,0
