date,vehicle_id,vehicle_number,vehicle_type,drivers,legs,raw_span_h,productive_min,utilisation_pct
2026-01-18,1,003,suv,1,7,11.17,371.9,55.5
2026-01-18,2,004,Van(14 Pax),1,5,12.45,261.6,35.0
2026-01-18,3,005,van,1,6,10.34,359.0,57.9
2026-01-18,4,006,suv,1,4,8.0,224.6,46.8
2026-01-18,5,007,suv,1,6,10.84,359.0,55.2
2026-01-18,6,008,Van(14 Pax),1,1,0.95,57.1,100.0
2026-01-18,7,009,suv,1,7,11.2,311.5,46.3
2026-01-19,1,003,suv,1,7,11.2,329.7,49.0
2026-01-19,2,004,Van(14 Pax),1,8,15.04,429.1,47.6
2026-01-19,3,005,van,1,7,12.9,414.2,53.5
2026-01-19,4,006,suv,1,6,10.19,336.9,55.1
2026-01-19,5,007,suv,1,5,8.25,281.7,56.9
2026-01-19,6,008,Van(14 Pax),1,5,8.58,197.3,38.3
2026-01-19,7,009,suv,1,1,0.58,35.0,100.0
2026-01-19,8,10,mini_van,1,6,12.08,232.3,32.0
2026-01-20,1,003,suv,1,5,10.39,259.6,41.7
2026-01-20,2,004,Van(14 Pax),1,6,11.02,316.8,47.9
2026-01-20,3,005,van,1,7,14.32,414.2,48.2
2026-01-20,4,006,suv,1,8,10.79,407.0,62.9
2026-01-20,5,007,suv,1,5,8.85,344.1,64.8
2026-01-20,8,10,mini_van,1,4,5.83,140.1,40.0
2026-01-21,1,003,suv,1,7,11.2,414.2,61.6
2026-01-21,3,005,van,1,6,9.33,336.9,60.2
2026-01-21,4,006,suv,1,6,11.37,336.9,49.4
2026-01-21,5,007,suv,1,5,9.2,344.1,62.3
2026-01-21,6,008,Van(14 Pax),1,3,8.08,127.2,26.2
2026-01-22,1,003,suv,1,5,9.77,259.6,44.3
2026-01-22,2,004,Van(14 Pax),1,6,13.05,336.9,43.0
2026-01-22,3,005,van,1,7,11.7,456.4,65.0
2026-01-22,4,006,suv,1,5,8.12,281.7,57.8
2026-01-22,5,007,suv,1,4,6.92,266.9,64.3
2026-01-22,6,008,Van(14 Pax),1,1,0.95,57.1,100.0
2026-01-22,7,009,suv,1,6,10.29,379.2,61.4
2026-01-23,1,003,suv,1,8,12.7,407.0,53.4
2026-01-23,2,004,Van(14 Pax),1,6,17.02,336.9,33.0
2026-01-23,3,005,van,1,5,10.72,366.2,56.9
2026-01-23,4,006,suv,1,7,11.29,394.0,58.2
2026-01-23,5,007,suv,1,4,6.37,204.5,53.5
2026-01-23,7,009,suv,1,7,15.2,371.9,40.8
2026-01-23,8,10,mini_van,1,4,10.08,162.2,26.8
2026-01-24,1,003,suv,1,7,9.0,329.7,61.1
2026-01-24,2,004,Van(14 Pax),1,7,13.9,478.5,57.4
2026-01-24,3,005,van,1,7,12.54,371.9,49.4
2026-01-24,4,006,suv,1,6,10.52,336.9,53.4
2026-01-24,5,007,suv,1,8,11.67,322.5,46.1
2026-01-24,6,008,Van(14 Pax),1,5,11.75,197.3,28.0
2026-01-24,7,009,suv,1,6,11.92,294.7,41.2
2026-01-24,8,10,mini_van,1,4,5.58,162.2,48.4
2026-01-25,1,003,suv,1,5,10.58,301.9,47.5
2026-01-25,2,004,Van(14 Pax),1,8,14.95,473.3,52.8
2026-01-25,3,005,van,1,4,7.2,226.6,52.4
2026-01-25,4,006,suv,1,6,9.8,359.0,61.0
2026-01-25,5,007,suv,1,5,9.79,283.7,48.3
2026-01-25,6,008,Van(14 Pax),1,2,3.67,70.1,31.8
2026-01-25,7,009,suv,1,4,8.7,162.2,31.1
2026-01-25,8,10,mini_van,1,2,2.45,92.2,62.6
2026-01-26,1,003,suv,1,5,8.87,217.4,40.8
2026-01-26,2,004,Van(14 Pax),1,2,3.37,112.3,55.5
2026-01-26,3,005,van,1,7,14.04,351.8,41.8
2026-01-26,4,006,suv,1,4,6.7,162.2,40.3
2026-01-26,7,009,suv,1,4,9.08,182.4,33.5
2026-01-26,8,10,mini_van,1,2,9.58,92.2,16.0
2026-01-27,1,003,suv,1,6,12.08,294.7,40.6
2026-01-27,2,004,Van(14 Pax),1,2,10.79,112.3,17.4
2026-01-27,3,005,van,1,6,9.37,294.7,52.4
2026-01-27,4,006,suv,1,6,10.08,294.7,48.7
2026-01-27,7,009,suv,1,6,11.45,336.9,49.0
2026-01-27,8,10,mini_van,1,3,8.25,105.1,21.2
2026-01-28,1,003,suv,1,5,7.58,217.4,47.8
2026-01-28,2,004,Van(14 Pax),1,7,14.75,414.2,46.8
2026-01-28,3,005,van,2,11,20.27,618.6,50.9
2026-01-28,4,006,suv,1,8,12.92,471.3,60.8
2026-01-28,5,007,suv,1,7,12.79,371.9,48.5
2026-01-28,8,10,mini_van,1,6,9.33,210.2,37.5
2026-01-29,1,003,suv,1,7,13.04,371.9,47.5
2026-01-29,2,004,Van(14 Pax),1,7,12.45,353.8,47.4
2026-01-29,3,005,van,1,7,16.15,458.4,47.3
2026-01-29,4,006,suv,1,6,10.64,379.2,59.4
2026-01-29,5,007,suv,1,5,8.83,259.6,49.0
2026-01-29,7,009,suv,1,6,9.29,379.2,68.0
2026-01-29,8,10,mini_van,1,0,0.0,0.0,
2026-01-30,1,003,suv,1,5,7.2,301.9,69.8
2026-01-30,2,004,Van(14 Pax),1,5,10.09,303.8,50.2
2026-01-30,3,005,van,1,6,12.37,443.5,59.7
2026-01-30,4,006,suv,1,5,11.35,344.1,50.5
2026-01-30,5,007,suv,1,7,10.58,371.9,58.6
2026-01-30,6,008,Van(14 Pax),1,4,11.45,248.7,36.2
2026-01-30,7,009,suv,1,5,9.12,301.9,55.2
2026-01-30,8,10,mini_van,1,0,0.0,0.0,
2026-01-31,1,003,suv,1,7,9.44,371.9,65.7
2026-01-31,2,004,Van(14 Pax),1,7,14.67,371.9,42.3
2026-01-31,3,005,van,1,8,15.95,431.0,45.0
2026-01-31,4,006,suv,1,7,9.79,414.2,70.5
2026-01-31,5,007,suv,1,7,12.33,329.7,44.6
2026-01-31,6,008,Van(14 Pax),1,6,11.83,318.7,44.9
2026-01-31,7,009,suv,1,6,10.62,379.2,59.5
2026-01-31,8,10,mini_van,1,6,13.15,359.0,45.5
2026-02-01,1,003,suv,1,5,9.83,259.6,44.0
2026-02-01,2,004,Van(14 Pax),1,7,15.32,373.9,40.7
2026-02-01,3,005,van,1,5,10.7,301.9,47.0
2026-02-01,4,006,suv,1,8,13.44,449.2,55.7
2026-02-01,5,007,suv,1,6,12.12,316.8,43.6
2026-02-01,6,008,Van(14 Pax),1,6,8.45,294.7,58.1
2026-02-01,7,009,suv,1,4,8.07,246.7,50.9
2026-02-01,8,10,mini_van,1,7,14.82,414.2,46.6
2026-02-02,1,003,suv,1,5,9.45,259.6,45.8
2026-02-02,2,004,Van(14 Pax),1,5,12.55,281.7,37.4
2026-02-02,3,005,van,1,6,10.12,401.3,66.1
2026-02-02,4,006,suv,1,6,8.7,359.0,68.7
2026-02-02,5,007,suv,1,6,11.6,316.8,45.5
2026-02-02,7,009,suv,1,6,9.94,359.0,60.2
2026-02-02,8,10,mini_van,1,5,12.12,366.2,50.4
2026-02-03,1,003,suv,1,5,9.08,217.4,39.9
2026-02-03,2,004,Van(14 Pax),1,5,12.85,344.1,44.6
2026-02-03,4,006,suv,1,3,9.08,147.3,27.0
2026-02-03,5,007,suv,1,6,16.04,336.9,35.0
2026-02-03,6,008,Van(14 Pax),1,5,10.9,259.6,39.7
2026-02-03,7,009,suv,1,4,6.45,266.9,68.9
2026-02-04,1,003,suv,1,5,10.44,259.6,41.5
2026-02-04,2,004,Van(14 Pax),1,5,14.37,366.2,42.5
2026-02-04,3,005,van,1,8,15.12,535.7,59.1
2026-02-04,4,006,suv,1,6,9.14,294.7,53.7
2026-02-04,5,007,suv,2,9,18.55,548.6,49.3
2026-02-04,6,008,Van(14 Pax),1,4,9.95,224.6,37.6
2026-02-04,7,009,suv,1,6,12.6,359.0,47.5
2026-02-05,1,003,suv,1,4,9.33,182.4,32.6
2026-02-05,2,004,Van(14 Pax),1,6,9.83,359.0,60.8
2026-02-05,3,005,van,1,7,13.09,371.9,47.4
2026-02-05,4,006,suv,1,5,9.83,301.9,51.2
2026-02-05,5,007,suv,1,4,12.0,309.1,42.9
2026-02-05,6,008,Van(14 Pax),1,4,5.7,224.6,65.6
2026-02-05,7,009,suv,1,5,8.7,301.9,57.8
2026-02-05,8,10,mini_van,1,5,11.17,301.9,45.0
2026-02-05,9,001,suv,1,2,5.95,114.3,32.0
2026-02-06,1,003,suv,1,6,12.08,294.7,40.6
2026-02-06,2,004,Van(14 Pax),1,4,8.89,204.5,38.3
2026-02-06,3,005,van,1,9,11.7,484.2,69.0
2026-02-06,4,006,suv,1,7,12.95,353.8,45.5
2026-02-06,5,007,suv,1,6,12.25,316.8,43.1
2026-02-06,6,008,Van(14 Pax),1,5,15.12,303.8,33.5
2026-02-06,7,009,suv,1,4,10.92,246.7,37.7
2026-02-06,8,10,mini_van,1,8,12.67,407.0,53.5
2026-02-06,9,001,suv,1,5,7.08,175.1,41.2
2026-02-07,1,003,suv,1,7,8.92,329.7,61.6
2026-02-07,2,004,Van(14 Pax),1,5,8.87,239.5,45.0
2026-02-07,3,005,van,1,6,15.06,337.1,37.3
2026-02-07,4,006,suv,1,7,11.24,371.9,55.2
2026-02-07,5,007,suv,1,8,12.95,429.1,55.2
2026-02-07,6,008,Van(14 Pax),1,6,8.07,294.7,60.8
2026-02-07,7,009,suv,1,7,10.55,414.2,65.4
2026-02-07,8,10,mini_van,1,8,11.75,386.8,54.9
2026-02-07,9,001,suv,1,4,6.5,162.2,41.6
2026-02-08,1,003,suv,1,7,12.33,414.5,56.0
2026-02-08,2,004,Van(14 Pax),1,0,0.0,0.0,
2026-02-08,3,005,van,1,7,11.88,439.9,61.7
2026-02-08,4,006,suv,1,5,7.26,215.7,49.5
2026-02-08,5,007,suv,1,6,12.43,402.4,54.0
2026-02-08,6,008,Van(14 Pax),1,7,14.05,325.6,38.6
2026-02-08,7,009,suv,1,8,13.86,379.0,45.6
2026-02-08,8,10,mini_van,1,9,12.56,448.7,59.6
2026-02-09,1,003,suv,1,7,9.1,250.5,45.9
2026-02-09,2,004,Van(14 Pax),1,7,13.12,333.4,42.3
2026-02-09,3,005,van,1,3,3.61,132.9,61.4
2026-02-09,4,006,suv,1,5,10.54,326.6,51.6
2026-02-09,5,007,suv,1,5,11.95,304.1,42.4
2026-02-09,6,008,Van(14 Pax),1,0,0.0,0.0,
2026-02-09,7,009,suv,1,6,10.3,404.6,65.4
2026-02-09,8,10,mini_van,1,3,4.31,103.3,40.0
2026-02-10,1,003,suv,1,6,11.96,268.8,37.5
2026-02-10,2,004,Van(14 Pax),1,5,7.78,301.8,64.6
2026-02-10,3,005,van,1,6,15.79,314.2,33.2
2026-02-10,4,006,suv,1,6,10.49,268.7,42.7
2026-02-10,5,007,suv,1,6,9.62,312.0,54.0
2026-02-10,6,008,Van(14 Pax),1,6,10.59,307.3,48.3
2026-02-10,7,009,suv,1,4,7.61,178.8,39.2
2026-02-11,1,003,suv,1,6,10.8,281.1,43.4
2026-02-11,2,004,Van(14 Pax),1,4,6.72,193.9,48.1
2026-02-11,3,005,van,1,7,13.81,429.5,51.8
2026-02-11,4,006,suv,1,6,13.79,366.3,44.3
2026-02-11,5,007,suv,1,6,11.55,459.1,66.2
2026-02-11,6,008,Van(14 Pax),1,6,8.59,352.4,68.4
2026-02-11,7,009,suv,1,7,10.96,348.0,52.9
2026-02-11,8,10,mini_van,1,7,15.53,498.8,53.5
2026-02-12,1,003,suv,1,6,10.92,372.2,56.8
2026-02-12,2,004,Van(14 Pax),1,5,11.15,348.1,52.0
2026-02-12,3,005,van,1,6,10.48,357.7,56.9
2026-02-12,5,007,suv,1,6,11.23,398.5,59.1
2026-02-12,6,008,Van(14 Pax),1,6,13.01,395.7,50.7
2026-02-12,7,009,suv,1,4,10.56,333.0,52.6
2026-02-12,8,10,mini_van,1,7,13.91,453.8,54.4
2026-02-13,1,003,suv,1,5,8.89,180.5,33.8
2026-02-13,2,004,Van(14 Pax),1,8,14.85,414.7,46.5
2026-02-13,3,005,van,1,6,13.07,438.2,55.9
2026-02-13,4,006,suv,1,8,13.66,344.4,42.0
2026-02-13,5,007,suv,1,8,11.98,439.1,61.1
2026-02-13,6,008,Van(14 Pax),1,7,10.85,299.3,46.0
2026-02-13,7,009,suv,1,5,12.14,288.5,39.6
2026-02-13,8,10,mini_van,1,8,14.67,459.4,52.2
2026-02-13,11,002,mini_van,1,1,3.88,232.7,100.0
2026-02-14,1,003,suv,1,5,7.24,275.5,63.4
2026-02-14,2,004,Van(14 Pax),2,8,18.7,527.8,47.0
2026-02-14,3,005,van,1,7,13.48,477.5,59.0
2026-02-14,4,006,suv,1,6,8.26,304.0,61.4
2026-02-14,5,007,suv,1,8,13.78,409.8,49.5
2026-02-14,6,008,Van(14 Pax),1,6,14.5,474.2,54.5
2026-02-14,7,009,suv,1,10,13.01,447.1,57.3
2026-02-14,8,10,mini_van,1,4,15.29,252.5,27.5
2026-02-14,11,002,mini_van,1,4,6.84,274.7,66.9
2026-02-15,1,003,suv,1,6,8.85,279.7,52.7
2026-02-15,2,004,Van(14 Pax),1,6,11.66,439.8,62.8
2026-02-15,3,005,van,1,6,11.52,361.2,52.2
2026-02-15,4,006,suv,2,9,18.14,515.5,47.4
2026-02-15,5,007,suv,1,6,10.06,308.4,51.1
2026-02-15,6,008,Van(14 Pax),1,5,12.57,306.2,40.6
2026-02-15,7,009,suv,1,8,13.18,506.7,64.1
2026-02-15,8,10,mini_van,1,6,14.13,472.4,55.7
2026-02-15,11,002,mini_van,1,4,7.3,65.9,15.0
2026-02-16,1,003,suv,1,7,10.34,290.2,46.8
2026-02-16,2,004,Van(14 Pax),1,8,12.79,489.8,63.8
2026-02-16,3,005,van,1,8,11.28,655.2,96.8
2026-02-16,4,006,suv,1,7,13.24,424.1,53.4
2026-02-16,5,007,suv,1,7,10.98,452.3,68.6
2026-02-16,6,008,Van(14 Pax),1,8,11.99,388.1,53.9
2026-02-16,7,009,suv,1,7,12.53,581.8,77.4
2026-02-16,8,10,mini_van,1,8,13.09,390.7,49.7
2026-02-16,11,002,mini_van,1,4,7.93,223.5,47.0
2026-02-17,1,003,suv,1,7,9.96,376.9,63.1
2026-02-17,2,004,Van(14 Pax),1,6,12.01,350.2,48.6
2026-02-17,3,005,van,1,5,11.54,329.0,47.5
2026-02-17,4,006,suv,1,9,12.16,374.5,51.3
2026-02-17,5,007,suv,1,5,8.04,278.9,57.8
2026-02-17,6,008,Van(14 Pax),1,6,11.55,297.2,42.9
2026-02-17,7,009,suv,1,4,7.04,302.7,71.7
2026-02-17,8,10,mini_van,1,6,13.16,425.6,53.9
2026-02-17,11,002,mini_van,1,4,8.84,277.7,52.4
2026-02-18,1,003,suv,1,4,7.61,291.6,63.8
2026-02-18,2,004,Van(14 Pax),1,6,12.52,280.5,37.3
2026-02-18,3,005,van,1,5,9.72,282.8,48.5
2026-02-18,5,007,suv,1,5,8.41,254.8,50.5
2026-02-18,6,008,Van(14 Pax),1,7,14.79,362.7,40.9
2026-02-18,7,009,suv,1,4,7.32,238.7,54.3
2026-02-18,8,10,mini_van,1,3,5.05,123.8,40.9
2026-02-19,1,003,suv,1,8,11.93,351.6,49.1
2026-02-19,2,004,Van(14 Pax),1,6,11.14,310.7,46.5
2026-02-19,3,005,van,1,7,9.78,330.9,56.4
2026-02-19,5,007,suv,1,7,11.2,369.0,54.9
2026-02-19,6,008,Van(14 Pax),1,7,13.29,481.3,60.4
2026-02-19,7,009,suv,1,8,10.36,359.3,57.8
2026-02-19,8,10,mini_van,1,6,14.67,229.6,26.1
2026-02-19,11,002,mini_van,1,3,4.1,103.0,41.8
2026-02-20,1,003,suv,2,6,11.28,393.7,58.2
2026-02-20,2,004,Van(14 Pax),1,4,11.2,144.9,21.6
2026-02-20,3,005,van,1,6,15.76,366.1,38.7
2026-02-20,4,006,suv,1,7,12.69,415.4,54.6
2026-02-20,5,007,suv,1,6,14.05,326.1,38.7
2026-02-20,6,008,Van(14 Pax),1,5,13.34,473.7,59.2
2026-02-20,7,009,suv,2,8,15.5,457.9,49.3
2026-02-20,8,10,mini_van,1,7,12.58,280.4,37.1
2026-02-20,11,002,mini_van,1,3,4.74,121.7,42.8
2026-02-21,1,003,suv,1,6,9.49,326.7,57.3
2026-02-21,2,004,Van(14 Pax),1,8,16.77,583.0,57.9
2026-02-21,3,005,van,1,8,13.27,318.5,40.0
2026-02-21,4,006,suv,1,6,13.38,347.3,43.3
2026-02-21,5,007,suv,1,7,11.12,444.4,66.6
2026-02-21,6,008,Van(14 Pax),1,6,9.62,250.8,43.4
2026-02-21,7,009,suv,1,8,14.58,410.0,46.9
2026-02-21,8,10,mini_van,1,8,11.83,305.8,43.1
2026-02-21,11,002,mini_van,1,6,9.17,239.8,43.6
2026-02-22,1,003,suv,2,10,18.69,861.2,76.8
2026-02-22,2,004,Van(14 Pax),1,8,12.2,407.2,55.6
2026-02-22,3,005,van,1,7,11.29,365.0,53.9
2026-02-22,4,006,suv,1,8,13.3,388.6,48.7
2026-02-22,5,007,suv,1,7,12.34,332.9,45.0
2026-02-22,6,008,Van(14 Pax),1,7,12.61,380.9,50.3
2026-02-22,7,009,suv,1,8,13.11,550.8,70.0
2026-02-22,8,10,mini_van,1,4,8.39,282.6,56.1
2026-02-22,11,002,mini_van,1,7,11.11,268.8,40.3
2026-02-23,1,003,suv,1,5,11.06,331.5,49.9
2026-02-23,2,004,Van(14 Pax),1,6,13.7,240.9,29.3
2026-02-23,3,005,van,1,6,10.65,322.3,50.5
2026-02-23,4,006,suv,1,5,9.38,302.2,53.7
2026-02-23,5,007,suv,1,4,11.26,266.9,39.5
2026-02-23,6,008,Van(14 Pax),2,3,16.4,137.8,14.0
2026-02-23,7,009,suv,1,7,12.82,437.8,56.9
2026-02-23,8,10,mini_van,1,3,5.21,199.7,63.9
2026-02-24,1,003,suv,1,6,10.19,226.2,37.0
2026-02-24,2,004,Van(14 Pax),1,6,9.8,279.4,47.5
2026-02-24,3,005,van,1,8,14.36,436.6,50.7
2026-02-24,4,006,suv,1,5,10.86,313.4,48.1
2026-02-24,5,007,suv,1,6,8.89,272.2,51.0
2026-02-24,6,008,Van(14 Pax),1,7,12.55,296.1,39.3
2026-02-24,7,009,suv,1,4,5.51,199.3,60.3
2026-02-25,1,003,suv,1,7,13.92,319.5,38.2
2026-02-25,2,004,Van(14 Pax),1,8,12.95,342.0,44.0
2026-02-25,3,005,van,1,8,13.08,401.1,51.1
2026-02-25,4,006,suv,1,5,10.26,299.8,48.7
2026-02-25,5,007,suv,1,4,8.61,221.1,42.8
2026-02-25,6,008,Van(14 Pax),1,7,12.45,409.0,54.7
2026-02-25,7,009,suv,1,6,11.25,439.6,65.1
2026-02-25,8,10,mini_van,1,3,4.45,124.4,46.5
2026-02-26,1,003,suv,1,7,11.43,283.0,41.3
2026-02-26,2,004,Van(14 Pax),1,8,17.03,424.4,41.5
2026-02-26,3,005,van,1,6,11.66,239.3,34.2
2026-02-26,4,006,suv,1,7,13.68,537.9,65.5
2026-02-26,5,007,suv,1,6,10.83,329.1,50.6
2026-02-26,6,008,Van(14 Pax),1,7,11.86,394.7,55.5
2026-02-26,7,009,suv,1,6,12.22,391.0,53.3
2026-02-26,8,10,mini_van,1,6,11.58,309.6,44.6
2026-02-27,1,003,suv,1,8,13.72,486.8,59.1
2026-02-27,2,004,Van(14 Pax),1,5,11.49,348.8,50.6
2026-02-27,3,005,van,1,8,15.65,421.9,44.9
2026-02-27,4,006,suv,1,6,15.46,435.1,46.9
2026-02-27,5,007,suv,1,6,9.7,342.4,58.8
2026-02-27,6,008,Van(14 Pax),1,8,19.23,729.7,63.2
2026-02-27,7,009,suv,1,6,11.34,417.7,61.4
2026-02-27,11,002,mini_van,1,2,5.3,109.4,34.4
2026-02-28,1,003,suv,1,10,13.92,413.5,49.5
2026-02-28,2,004,Van(14 Pax),1,7,13.98,345.7,41.2
2026-02-28,3,005,van,1,9,13.3,389.5,48.8
2026-02-28,4,006,suv,1,7,12.68,433.6,57.0
2026-02-28,5,007,suv,1,7,10.51,333.6,52.9
2026-02-28,6,008,Van(14 Pax),1,6,9.36,507.0,90.3
2026-02-28,7,009,suv,1,7,10.98,309.9,47.0
2026-02-28,8,10,mini_van,1,5,10.57,270.6,42.7
2026-02-28,9,001,suv,1,4,11.05,349.3,52.7
2026-02-28,11,002,mini_van,1,6,13.12,375.6,47.7
2026-03-01,1,003,suv,1,6,8.0,293.4,61.1
2026-03-01,2,004,Van(14 Pax),1,7,12.72,447.6,58.7
2026-03-01,3,005,van,1,5,7.84,323.8,68.8
2026-03-01,4,006,suv,1,6,11.47,350.9,51.0
2026-03-01,5,007,suv,1,7,11.4,387.3,56.6
2026-03-01,6,008,Van(14 Pax),1,6,10.72,383.3,59.6
2026-03-01,7,009,suv,1,6,11.12,275.1,41.2
2026-03-01,8,10,mini_van,1,7,12.05,331.9,45.9
2026-03-01,11,002,mini_van,1,7,9.1,257.1,47.1
2026-03-02,1,003,suv,1,9,14.32,523.3,60.9
2026-03-02,2,004,Van(14 Pax),1,8,13.96,560.8,66.9
2026-03-02,3,005,van,1,5,8.12,303.5,62.3
2026-03-02,4,006,suv,1,8,13.88,359.4,43.1
2026-03-02,5,007,suv,1,5,6.82,276.3,67.5
2026-03-02,6,008,Van(14 Pax),1,6,10.33,391.3,63.1
2026-03-02,7,009,suv,1,5,9.48,436.0,76.7
2026-03-02,8,10,mini_van,1,6,16.08,488.4,50.6
2026-03-02,11,002,mini_van,1,6,12.79,369.7,48.2
2026-03-03,1,003,suv,1,6,10.83,258.5,39.8
2026-03-03,3,005,van,1,6,10.66,308.5,48.2
2026-03-03,4,006,suv,1,5,7.08,205.3,48.3
2026-03-03,5,007,suv,1,7,10.19,394.8,64.6
2026-03-03,6,008,Van(14 Pax),1,4,10.48,166.5,26.5
2026-03-03,7,009,suv,1,5,7.8,246.3,52.7
2026-03-03,8,10,mini_van,1,3,3.27,69.1,35.2
2026-03-03,11,002,mini_van,1,6,11.62,260.3,37.3
2026-03-04,1,003,suv,1,7,12.21,427.1,58.3
2026-03-04,2,004,Van(14 Pax),1,5,12.93,446.1,57.5
2026-03-04,3,005,van,1,6,12.79,367.5,47.9
2026-03-04,4,006,suv,1,3,7.14,352.3,82.2
2026-03-04,5,007,suv,1,6,10.68,307.0,47.9
2026-03-04,6,008,Van(14 Pax),1,4,12.2,202.2,27.6
2026-03-04,7,009,suv,1,8,12.93,430.3,55.5
2026-03-04,8,10,mini_van,1,1,7.59,455.3,100.0
2026-03-04,11,002,mini_van,1,4,10.31,193.1,31.2
2026-03-05,1,003,suv,1,7,10.74,406.4,63.0
2026-03-05,2,004,Van(14 Pax),1,6,10.68,336.0,52.5
2026-03-05,3,005,van,1,6,14.47,366.6,42.2
2026-03-05,4,006,suv,1,6,10.0,385.0,64.2
2026-03-05,5,007,suv,1,3,6.09,177.6,48.6
2026-03-05,6,008,Van(14 Pax),1,5,14.26,400.0,46.8
2026-03-05,7,009,suv,1,4,7.83,224.3,47.7
2026-03-05,8,10,mini_van,1,5,8.44,218.4,43.1
2026-03-05,11,002,mini_van,1,5,11.46,355.4,51.7
2026-03-06,1,003,suv,1,7,12.22,420.5,57.4
2026-03-06,2,004,Van(14 Pax),1,9,13.51,447.1,55.2
2026-03-06,3,005,van,1,7,15.77,469.5,49.6
2026-03-06,4,006,suv,1,7,10.92,401.0,61.2
2026-03-06,5,007,suv,1,6,9.21,417.1,75.5
2026-03-06,6,008,Van(14 Pax),1,5,9.91,404.0,67.9
2026-03-06,7,009,suv,1,6,9.39,434.5,77.1
2026-03-06,8,10,mini_van,1,8,14.69,396.9,45.0
2026-03-06,11,002,mini_van,1,4,8.9,271.7,50.9
2026-03-07,1,003,suv,1,7,11.55,394.5,56.9
2026-03-07,2,004,Van(14 Pax),1,8,17.17,399.5,38.8
2026-03-07,3,005,van,1,7,14.17,447.9,52.7
2026-03-07,4,006,suv,1,7,12.41,418.9,56.2
2026-03-07,5,007,suv,1,8,11.1,430.2,64.6
2026-03-07,6,008,Van(14 Pax),1,6,10.41,361.0,57.8
2026-03-07,7,009,suv,1,8,11.64,314.9,45.1
2026-03-07,8,10,mini_van,1,8,14.22,454.2,53.2
2026-03-07,9,001,suv,1,4,9.26,195.8,35.2
2026-03-07,11,002,mini_van,1,5,7.27,352.0,80.7
2026-03-08,1,003,suv,1,7,13.1,369.3,47.0
2026-03-08,2,004,Van(14 Pax),1,9,13.85,383.4,46.1
2026-03-08,3,005,van,1,7,13.94,526.4,62.9
2026-03-08,4,006,suv,1,8,11.4,377.5,55.2
2026-03-08,5,007,suv,1,7,7.89,305.8,64.6
2026-03-08,6,008,Van(14 Pax),1,7,18.45,645.8,58.3
2026-03-08,7,009,suv,1,8,11.24,482.3,71.5
2026-03-08,8,10,mini_van,1,10,13.56,567.6,69.8
2026-03-08,11,002,mini_van,1,3,5.35,231.1,72.0
2026-03-09,1,003,suv,1,6,10.9,265.0,40.5
2026-03-09,2,004,Van(14 Pax),1,6,9.73,226.7,38.9
2026-03-09,3,005,van,1,6,9.98,298.0,49.8
2026-03-09,4,006,suv,1,5,8.4,157.8,31.3
2026-03-09,5,007,suv,1,4,6.26,227.0,60.4
2026-03-09,6,008,Van(14 Pax),1,6,13.01,417.8,53.5
2026-03-09,7,009,suv,1,5,11.6,262.4,37.7
2026-03-09,8,10,mini_van,1,5,10.86,248.3,38.1
2026-03-09,9,001,suv,1,6,8.46,217.6,42.9
2026-03-09,11,002,mini_van,1,6,10.38,333.3,53.5
2026-03-10,1,003,suv,1,5,8.68,195.6,37.5
2026-03-10,3,005,van,1,4,10.03,312.9,52.0
2026-03-10,4,006,suv,1,5,6.39,226.6,59.1
2026-03-10,5,007,suv,1,7,14.44,442.7,51.1
2026-03-10,6,008,Van(14 Pax),1,6,13.4,339.6,42.2
2026-03-10,7,009,suv,1,6,7.35,208.6,47.3
2026-03-10,8,10,mini_van,1,5,10.96,229.8,35.0
2026-03-10,11,002,mini_van,1,4,7.49,211.2,47.0
2026-03-11,1,003,suv,1,6,9.86,336.9,57.0
2026-03-11,2,004,Van(14 Pax),1,6,10.92,328.5,50.2
2026-03-11,3,005,van,1,7,13.59,550.6,67.5
2026-03-11,4,006,suv,1,5,16.66,461.6,46.2
2026-03-11,6,008,Van(14 Pax),1,8,17.19,424.7,41.2
2026-03-11,7,009,suv,1,8,12.78,409.9,53.4
2026-03-11,8,10,mini_van,1,5,6.68,203.1,50.7
2026-03-11,9,001,suv,1,7,10.37,260.2,41.8
2026-03-12,1,003,suv,2,10,19.51,744.1,63.6
2026-03-12,2,004,Van(14 Pax),1,5,12.87,380.9,49.3
2026-03-12,3,005,van,1,5,9.84,300.2,50.9
2026-03-12,4,006,suv,1,6,9.14,335.2,61.1
2026-03-12,6,008,Van(14 Pax),1,8,12.85,498.9,64.7
2026-03-12,7,009,suv,1,7,13.12,357.9,45.5
2026-03-12,8,10,mini_van,1,8,11.56,385.1,55.5
2026-03-12,9,001,suv,1,4,6.7,171.0,42.5
2026-03-12,11,002,mini_van,1,4,9.73,303.0,51.9
2026-03-13,1,003,suv,1,8,12.49,442.0,59.0
2026-03-13,2,004,Van(14 Pax),1,8,14.44,462.8,53.4
2026-03-13,3,005,van,1,5,10.07,247.8,41.0
2026-03-13,4,006,suv,1,6,10.21,425.2,69.4
2026-03-13,6,008,Van(14 Pax),1,6,14.87,520.6,58.3
2026-03-13,7,009,suv,1,4,6.72,179.0,44.4
2026-03-13,8,10,mini_van,1,6,8.79,342.2,64.8
2026-03-13,9,001,suv,1,5,13.47,259.2,32.1
2026-03-13,11,002,mini_van,1,6,9.43,250.8,44.3
2026-03-14,1,003,suv,1,9,13.74,431.8,52.4
2026-03-14,2,004,Van(14 Pax),1,8,15.79,494.0,52.1
2026-03-14,3,005,van,1,7,11.99,352.3,49.0
2026-03-14,4,006,suv,1,9,15.23,706.4,77.3
2026-03-14,6,008,Van(14 Pax),1,5,10.31,330.5,53.5
2026-03-14,7,009,suv,1,9,14.07,389.3,46.1
2026-03-14,8,10,mini_van,1,8,10.82,368.5,56.8
2026-03-14,9,001,suv,1,8,20.21,342.0,28.2
2026-03-14,11,002,mini_van,1,8,10.77,459.9,71.2
2026-03-15,1,003,suv,1,7,11.63,306.4,43.9
2026-03-15,2,004,Van(14 Pax),1,7,9.12,329.3,60.1
2026-03-15,3,005,van,1,5,11.94,481.4,67.2
2026-03-15,4,006,suv,1,5,11.67,378.4,54.0
2026-03-15,5,007,suv,1,5,9.9,352.6,59.4
2026-03-15,6,008,Van(14 Pax),1,7,12.94,403.0,51.9
2026-03-15,7,009,suv,1,7,16.31,498.3,50.9
2026-03-15,8,10,mini_van,1,8,10.18,311.3,51.0
2026-03-15,9,001,suv,1,9,13.13,428.4,54.4
2026-03-15,11,002,mini_van,1,3,3.74,135.4,60.4
2026-03-16,1,003,suv,1,5,14.26,574.7,67.2
2026-03-16,2,004,Van(14 Pax),1,6,17.3,455.6,43.9
2026-03-16,3,005,van,1,5,13.74,313.3,38.0
2026-03-16,4,006,suv,1,6,14.63,380.2,43.3
2026-03-16,5,007,suv,1,2,3.06,100.3,54.6
2026-03-16,6,008,Van(14 Pax),1,5,10.0,247.7,41.3
2026-03-16,7,009,suv,1,7,12.99,328.6,42.2
2026-03-16,8,10,mini_van,1,1,1.25,75.0,100.0
2026-03-16,11,002,mini_van,1,5,11.81,325.5,45.9
2026-03-17,1,003,suv,1,7,12.16,371.5,50.9
2026-03-17,3,005,van,1,5,12.18,308.4,42.2
2026-03-17,4,006,suv,1,6,11.22,389.5,57.9
2026-03-17,5,007,suv,1,3,3.42,147.2,71.8
2026-03-17,6,008,Van(14 Pax),1,6,16.22,377.9,38.8
2026-03-17,7,009,suv,1,5,8.42,218.6,43.3
2026-03-17,11,002,mini_van,1,3,5.36,215.1,66.9
2026-03-17,12,11,Van(14 Pax),1,5,5.76,144.6,41.9
2026-03-18,1,003,suv,1,6,12.38,344.5,46.4
2026-03-18,2,004,Van(14 Pax),1,8,14.14,552.6,65.1
2026-03-18,3,005,van,1,6,11.22,403.3,59.9
2026-03-18,4,006,suv,1,6,12.11,247.1,34.0
2026-03-18,5,007,suv,1,6,12.61,468.0,61.8
2026-03-18,7,009,suv,1,5,8.9,299.2,56.0
2026-03-18,8,10,mini_van,1,4,7.77,230.1,49.3
2026-03-18,11,002,mini_van,1,5,10.88,391.2,59.9
2026-03-18,12,11,Van(14 Pax),1,7,9.91,194.2,32.7
2026-03-19,1,003,suv,2,10,19.97,614.4,51.3
2026-03-19,2,004,Van(14 Pax),1,7,16.12,343.2,35.5
2026-03-19,3,005,van,1,11,15.03,492.6,54.6
2026-03-19,4,006,suv,1,7,12.13,714.6,98.2
2026-03-19,5,007,suv,1,5,10.68,363.5,56.7
2026-03-19,7,009,suv,1,7,11.73,375.6,53.4
2026-03-19,8,10,mini_van,1,7,11.59,428.5,61.6
2026-03-19,9,001,suv,1,3,6.09,103.8,28.4
2026-03-19,11,002,mini_van,1,7,12.87,371.2,48.1
2026-03-19,12,11,Van(14 Pax),1,5,6.75,174.2,43.0
2026-03-20,1,003,suv,1,9,14.82,535.1,60.2
2026-03-20,2,004,Van(14 Pax),1,7,14.73,448.3,50.7
2026-03-20,3,005,van,1,6,12.76,331.4,43.3
2026-03-20,4,006,suv,2,9,16.8,504.9,50.1
2026-03-20,5,007,suv,1,6,14.15,519.3,61.2
2026-03-20,7,009,suv,1,6,10.97,324.4,49.3
2026-03-20,8,10,mini_van,1,7,22.4,819.7,61.0
2026-03-20,9,001,suv,1,5,9.45,367.1,64.8
2026-03-20,11,002,mini_van,1,6,11.65,336.8,48.2
2026-03-20,12,11,Van(14 Pax),1,6,11.73,350.8,49.8
2026-03-21,1,003,suv,1,8,13.04,403.7,51.6
2026-03-21,2,004,Van(14 Pax),1,9,18.96,619.5,54.5
2026-03-21,3,005,van,1,10,12.86,581.2,75.3
2026-03-21,4,006,suv,1,7,10.85,324.0,49.8
2026-03-21,5,007,suv,1,8,10.76,394.0,61.0
2026-03-21,7,009,suv,1,10,12.52,403.9,53.8
2026-03-21,8,10,mini_van,1,6,11.44,337.2,49.1
2026-03-21,9,001,suv,1,6,9.59,191.1,33.2
2026-03-21,11,002,mini_van,1,6,11.63,346.7,49.7
2026-03-21,12,11,Van(14 Pax),1,7,10.66,239.1,37.4
2026-03-21,13,12,Van(14 Pax),1,7,14.33,373.8,43.5
2026-03-22,1,003,suv,1,8,9.89,407.4,68.6
2026-03-22,2,004,Van(14 Pax),1,6,8.97,417.2,77.5
2026-03-22,3,005,van,1,8,15.23,365.8,40.0
2026-03-22,4,006,suv,1,8,11.01,398.7,60.4
2026-03-22,5,007,suv,1,8,12.23,385.2,52.5
2026-03-22,6,008,Van(14 Pax),1,8,16.12,652.0,67.4
2026-03-22,8,10,mini_van,1,5,13.92,356.2,42.6
2026-03-22,9,001,suv,1,5,8.82,181.4,34.3
2026-03-22,11,002,mini_van,1,8,11.92,493.3,69.0
2026-03-22,12,11,Van(14 Pax),1,5,9.02,370.4,68.5
2026-03-22,13,12,Van(14 Pax),1,7,9.36,228.2,40.6
2026-03-23,1,003,suv,1,6,10.08,377.3,62.4
2026-03-23,2,004,Van(14 Pax),1,6,13.29,764.3,95.9
2026-03-23,3,005,van,1,3,4.58,112.8,41.1
2026-03-23,4,006,suv,1,7,10.5,359.7,57.1
2026-03-23,6,008,Van(14 Pax),1,6,12.99,497.7,63.8
2026-03-23,7,009,suv,1,6,11.74,400.4,56.8
2026-03-23,8,10,mini_van,1,5,9.75,344.6,58.9
2026-03-23,9,001,suv,1,7,17.09,591.3,57.7
2026-03-23,11,002,mini_van,1,7,12.32,407.0,55.1
2026-03-23,12,11,Van(14 Pax),1,5,8.12,224.4,46.1
2026-03-24,1,003,suv,1,5,11.61,415.4,59.6
2026-03-24,3,005,van,2,8,15.21,496.1,54.4
2026-03-24,4,006,suv,1,6,9.13,298.3,54.4
2026-03-24,5,007,suv,1,7,9.99,290.3,48.4
2026-03-24,6,008,Van(14 Pax),1,4,10.39,257.6,41.3
2026-03-24,7,009,suv,1,4,7.82,161.9,34.5
2026-03-24,11,002,mini_van,1,4,7.47,236.2,52.7
2026-03-24,12,11,Van(14 Pax),1,4,7.56,145.4,32.1
2026-03-24,13,12,Van(14 Pax),1,4,6.66,160.9,40.3
2026-03-25,1,003,suv,1,7,10.34,353.3,56.9
2026-03-25,3,005,van,1,6,9.41,282.7,50.1
2026-03-25,4,006,suv,1,6,10.34,289.6,46.7
2026-03-25,5,007,suv,1,5,11.94,283.8,39.6
2026-03-25,6,008,Van(14 Pax),1,7,14.89,500.5,56.0
2026-03-25,7,009,suv,1,6,12.22,388.1,52.9
2026-03-25,8,10,mini_van,1,7,13.01,473.9,60.7
2026-03-25,9,001,suv,1,6,13.46,340.2,42.1
2026-03-25,11,002,mini_van,1,5,12.59,258.7,34.2
2026-03-25,12,11,Van(14 Pax),1,6,11.2,358.1,53.3
2026-03-26,1,003,suv,1,7,13.37,436.7,54.4
2026-03-26,3,005,van,1,5,15.3,434.6,47.3
2026-03-26,4,006,suv,1,7,13.61,287.4,35.2
2026-03-26,5,007,suv,1,4,12.15,182.2,25.0
2026-03-26,6,008,Van(14 Pax),1,7,16.55,565.7,57.0
2026-03-26,7,009,suv,1,4,9.52,327.5,57.3
2026-03-26,8,10,mini_van,1,6,12.99,229.6,29.5
2026-03-26,9,001,suv,1,6,10.72,262.9,40.9
2026-03-26,11,002,mini_van,2,5,11.08,282.1,42.4
2026-03-26,12,11,Van(14 Pax),1,8,13.19,404.9,51.1
2026-03-26,13,12,Van(14 Pax),1,5,6.57,167.5,42.5
2026-03-27,1,003,suv,1,6,11.83,310.5,43.7
2026-03-27,3,005,van,1,7,12.88,388.5,50.3
2026-03-27,4,006,suv,1,7,15.47,455.8,49.1
2026-03-27,5,007,suv,1,5,10.19,345.6,56.6
2026-03-27,6,008,Van(14 Pax),1,9,16.73,669.5,66.7
2026-03-27,7,009,suv,1,8,14.13,406.1,47.9
2026-03-27,8,10,mini_van,1,7,12.59,298.0,39.4
2026-03-27,9,001,suv,1,7,12.98,468.1,60.1
2026-03-27,11,002,mini_van,1,5,11.42,331.1,48.3
2026-03-27,12,11,Van(14 Pax),1,7,15.44,396.8,42.8
2026-03-27,13,12,Van(14 Pax),1,2,1.72,36.4,35.4
2026-03-27,14,0009,towncar,1,5,11.35,136.4,20.0
2026-03-28,1,003,suv,1,8,12.61,395.4,52.2
2026-03-28,3,005,van,1,7,10.99,500.0,75.8
2026-03-28,4,006,suv,1,7,10.67,435.9,68.1
2026-03-28,5,007,suv,1,8,12.43,409.7,54.9
2026-03-28,6,008,Van(14 Pax),1,9,13.54,463.9,57.1
2026-03-28,7,009,suv,2,13,20.21,788.4,65.0
2026-03-28,8,10,mini_van,1,8,13.88,410.6,49.3
2026-03-28,9,001,suv,1,8,11.5,360.9,52.3
2026-03-28,11,002,mini_van,1,7,14.31,634.1,73.8
2026-03-28,12,11,Van(14 Pax),1,8,12.29,475.7,64.5
2026-03-28,13,12,Van(14 Pax),1,9,13.64,283.0,34.6
2026-03-28,14,0009,towncar,1,1,0.51,30.7,100.0
2026-03-29,1,003,suv,1,10,15.31,493.6,53.7
2026-03-29,3,005,van,1,6,12.2,390.8,53.4
2026-03-29,4,006,suv,1,4,7.89,224.1,47.3
2026-03-29,5,007,suv,1,6,10.23,334.3,54.5
2026-03-29,6,008,Van(14 Pax),1,6,15.96,403.7,42.2
2026-03-29,7,009,suv,1,8,14.26,476.9,55.8
2026-03-29,8,10,mini_van,1,7,15.42,332.0,35.9
2026-03-29,9,001,suv,1,6,13.79,508.4,61.5
2026-03-29,11,002,mini_van,1,7,10.35,419.1,67.5
2026-03-29,12,11,Van(14 Pax),1,10,17.43,554.2,53.0
2026-03-29,13,12,Van(14 Pax),1,5,9.66,275.2,47.5
2026-03-29,14,0009,towncar,1,2,5.75,77.7,22.5
2026-03-30,1,003,suv,1,6,10.34,289.0,46.6
2026-03-30,3,005,van,1,6,13.13,433.9,55.1
2026-03-30,4,006,suv,1,4,5.33,143.0,44.7
2026-03-30,5,007,suv,1,4,6.58,209.8,53.1
2026-03-30,6,008,Van(14 Pax),1,6,14.15,330.0,38.9
2026-03-30,7,009,suv,1,4,8.82,331.6,62.7
2026-03-30,8,10,mini_van,1,4,7.82,246.9,52.6
2026-03-30,9,001,suv,1,6,10.36,542.7,87.3
2026-03-30,11,002,mini_van,1,4,9.09,311.0,57.0
2026-03-30,12,11,Van(14 Pax),1,7,10.82,410.1,63.2
2026-03-30,13,12,Van(14 Pax),1,5,10.07,223.4,37.0
2026-03-31,1,003,suv,1,5,8.58,280.0,54.4
2026-03-31,3,005,van,1,3,9.28,206.8,37.1
2026-03-31,4,006,suv,1,6,15.08,412.0,45.5
2026-03-31,5,007,suv,1,5,9.53,279.0,48.8
2026-03-31,6,008,Van(14 Pax),1,7,12.55,473.9,62.9
2026-03-31,9,001,suv,1,5,15.2,361.9,39.7
2026-03-31,12,11,Van(14 Pax),1,6,11.73,370.5,52.6
2026-04-01,1,003,suv,1,7,10.19,485.0,79.3
2026-04-01,3,005,van,1,7,16.51,426.9,43.1
2026-04-01,4,006,suv,1,7,9.15,324.7,59.2
2026-04-01,5,007,suv,1,7,13.77,479.3,58.0
2026-04-01,6,008,Van(14 Pax),1,6,13.7,393.3,47.9
2026-04-01,7,009,suv,1,4,11.17,381.4,56.9
2026-04-01,8,10,mini_van,1,5,8.03,274.8,57.0
2026-04-01,9,001,suv,1,6,7.12,301.6,70.7
2026-04-01,11,002,mini_van,1,6,12.57,407.7,54.0
2026-04-01,12,11,Van(14 Pax),1,6,14.38,498.5,57.8
2026-04-01,13,12,Van(14 Pax),1,7,13.55,350.0,43.1
2026-04-02,1,003,suv,1,9,11.33,532.4,78.3
2026-04-02,3,005,van,1,5,6.99,209.9,50.1
2026-04-02,4,006,suv,1,8,16.15,507.8,52.4
2026-04-02,5,007,suv,1,5,12.64,395.5,52.1
2026-04-02,6,008,Van(14 Pax),1,9,21.49,670.9,52.0
2026-04-02,7,009,suv,1,7,12.83,339.3,44.1
2026-04-02,8,10,mini_van,1,5,10.25,277.3,45.1
2026-04-02,9,001,suv,1,9,12.18,444.3,60.8
2026-04-02,11,002,mini_van,1,6,14.56,403.2,46.2
2026-04-02,12,11,Van(14 Pax),1,7,13.13,451.4,57.3
2026-04-02,13,12,Van(14 Pax),1,6,10.79,286.4,44.2
2026-04-03,1,003,suv,1,8,11.51,391.1,56.7
2026-04-03,2,004,Van(14 Pax),1,9,17.42,502.6,48.1
2026-04-03,3,005,van,1,7,10.64,418.1,65.5
2026-04-03,4,006,suv,1,9,15.65,416.3,44.3
2026-04-03,5,007,suv,1,6,8.0,226.4,47.2
2026-04-03,6,008,Van(14 Pax),1,8,12.29,544.0,73.8
2026-04-03,7,009,suv,1,4,9.45,823.8,145.2
2026-04-03,8,10,mini_van,1,7,12.5,355.3,47.4
2026-04-03,9,001,suv,1,11,13.55,488.7,60.1
2026-04-03,11,002,mini_van,1,8,15.93,519.8,54.4
2026-04-03,12,11,Van(14 Pax),1,8,10.5,396.3,62.9
2026-04-03,13,12,Van(14 Pax),1,5,8.97,266.7,49.6
2026-04-04,1,003,suv,1,7,11.51,300.6,43.5
2026-04-04,2,004,Van(14 Pax),1,8,12.56,398.3,52.8
2026-04-04,3,005,van,1,9,13.1,356.9,45.4
2026-04-04,4,006,suv,1,7,10.88,440.1,67.4
2026-04-04,5,007,suv,1,8,12.96,440.7,56.7
2026-04-04,6,008,Van(14 Pax),1,4,5.0,196.6,65.5
2026-04-04,7,009,suv,1,7,11.75,408.7,58.0
2026-04-04,8,10,mini_van,1,6,7.63,296.1,64.6
2026-04-04,9,001,suv,1,8,11.88,362.7,50.9
2026-04-04,11,002,mini_van,1,4,8.74,221.9,42.3
2026-04-04,12,11,Van(14 Pax),1,6,13.86,395.1,47.5
2026-04-04,13,12,Van(14 Pax),1,5,9.53,173.4,30.3
2026-04-05,1,003,suv,1,10,13.81,432.5,52.2
2026-04-05,2,004,Van(14 Pax),1,7,12.51,403.4,53.8
2026-04-05,3,005,van,1,5,11.87,331.2,46.5
2026-04-05,4,006,suv,1,7,11.46,361.1,52.5
2026-04-05,5,007,suv,1,8,12.75,360.8,47.2
2026-04-05,6,008,Van(14 Pax),1,6,12.96,382.4,49.2
2026-04-05,7,009,suv,1,6,12.54,504.0,67.0
2026-04-05,9,001,suv,1,6,11.19,304.6,45.4
2026-04-05,11,002,mini_van,1,7,12.16,350.7,48.1
2026-04-05,12,11,Van(14 Pax),1,7,12.04,349.3,48.3
2026-04-05,13,12,Van(14 Pax),1,6,10.91,260.3,39.8
2026-04-06,1,003,suv,1,8,12.39,454.8,61.2
2026-04-06,2,004,Van(14 Pax),1,6,12.52,346.1,46.1
2026-04-06,3,005,van,1,6,11.61,368.0,52.8
2026-04-06,4,006,suv,1,6,11.07,345.0,51.9
2026-04-06,5,007,suv,2,10,19.03,626.2,54.8
2026-04-06,6,008,Van(14 Pax),1,5,14.41,264.7,30.6
2026-04-06,7,009,suv,1,9,13.88,526.6,63.2
2026-04-06,8,10,mini_van,1,5,10.03,284.2,47.2
2026-04-06,9,001,suv,1,7,12.13,375.2,51.6
2026-04-06,11,002,mini_van,1,7,11.29,230.6,34.0
2026-04-06,12,11,Van(14 Pax),1,7,12.96,479.6,61.7
2026-04-06,13,12,Van(14 Pax),1,7,8.97,326.5,60.7
2026-04-07,1,003,suv,1,6,10.26,344.1,55.9
2026-04-07,2,004,Van(14 Pax),1,2,12.56,91.3,12.1
2026-04-07,4,006,suv,1,5,7.72,224.6,48.5
2026-04-07,5,007,suv,1,3,8.06,215.1,44.5
2026-04-07,6,008,Van(14 Pax),1,6,11.85,396.0,55.7
2026-04-07,8,10,mini_van,1,4,11.19,239.5,35.7
2026-04-07,9,001,suv,1,5,9.83,340.6,57.8
2026-04-07,11,002,mini_van,1,6,14.44,401.9,46.4
2026-04-07,12,11,Van(14 Pax),1,5,10.29,211.7,34.3
2026-04-08,1,003,suv,1,5,8.61,296.0,57.3
2026-04-08,2,004,Van(14 Pax),1,7,13.0,420.5,53.9
2026-04-08,3,005,van,1,4,11.55,249.9,36.1
2026-04-08,4,006,suv,1,6,9.07,242.6,44.6
2026-04-08,5,007,suv,1,4,9.04,417.2,76.9
2026-04-08,6,008,Van(14 Pax),1,6,11.61,389.4,55.9
2026-04-08,7,009,suv,1,3,6.69,154.4,38.4
2026-04-08,8,10,mini_van,1,6,13.85,474.4,57.1
2026-04-08,9,001,suv,1,4,8.8,212.0,40.1
2026-04-08,11,002,mini_van,1,3,8.59,181.7,35.3
2026-04-08,12,11,Van(14 Pax),1,5,11.45,312.4,45.5
2026-04-09,1,003,suv,1,4,6.03,159.3,44.1
2026-04-09,2,004,Van(14 Pax),1,8,15.91,482.4,50.5
2026-04-09,3,005,van,1,7,13.11,299.5,38.1
2026-04-09,4,006,suv,1,6,10.79,398.4,61.5
2026-04-09,5,007,suv,1,6,11.14,326.1,48.8
2026-04-09,6,008,Van(14 Pax),1,7,9.74,522.8,89.5
2026-04-09,8,10,mini_van,1,5,7.89,283.5,59.9
2026-04-09,9,001,suv,1,7,12.3,303.7,41.1
2026-04-09,11,002,mini_van,1,5,10.28,149.9,24.3
2026-04-09,12,11,Van(14 Pax),2,10,19.68,610.0,51.6
2026-04-09,13,12,Van(14 Pax),1,5,8.32,223.1,44.7
2026-04-10,1,003,suv,1,7,10.67,300.0,46.9
2026-04-10,2,004,Van(14 Pax),1,9,12.34,495.7,66.9
2026-04-10,3,005,van,1,7,11.91,543.9,76.1
2026-04-10,4,006,suv,1,7,9.95,451.2,75.6
2026-04-10,5,007,suv,1,6,19.66,940.8,79.7
2026-04-10,7,009,suv,1,5,19.44,378.4,32.4
2026-04-10,8,10,mini_van,1,5,10.58,260.4,41.0
2026-04-10,9,001,suv,1,7,12.39,374.4,50.4
2026-04-10,11,002,mini_van,2,8,13.31,414.5,51.9
2026-04-10,12,11,Van(14 Pax),1,8,14.04,594.9,70.6
2026-04-10,13,12,Van(14 Pax),1,7,12.36,239.9,32.3
2026-04-10,14,0009,towncar,1,0,0.0,0.0,
2026-04-11,1,003,suv,1,8,12.59,341.5,45.2
2026-04-11,2,004,Van(14 Pax),1,7,12.07,393.7,54.4
2026-04-11,3,005,van,1,9,14.46,406.5,46.9
2026-04-11,4,006,suv,1,7,12.17,422.4,57.8
2026-04-11,5,007,suv,1,9,12.91,357.6,46.2
2026-04-11,7,009,suv,1,8,11.51,469.5,68.0
2026-04-11,8,10,mini_van,1,7,15.15,405.0,44.6
2026-04-11,9,001,suv,1,8,11.62,360.5,51.7
2026-04-11,11,002,mini_van,1,7,10.09,440.2,72.8
2026-04-11,12,11,Van(14 Pax),1,7,14.0,549.0,65.3
2026-04-11,13,12,Van(14 Pax),1,7,10.38,285.3,45.8
2026-04-12,1,003,suv,1,9,13.75,424.8,51.5
2026-04-12,2,004,Van(14 Pax),1,8,16.07,632.7,65.6
2026-04-12,3,005,van,1,5,13.28,369.1,46.3
2026-04-12,4,006,suv,1,7,13.74,425.1,51.6
2026-04-12,5,007,suv,1,8,16.76,682.2,67.9
2026-04-12,6,008,Van(14 Pax),1,6,13.64,442.2,54.0
2026-04-12,7,009,suv,1,6,11.48,416.7,60.5
2026-04-12,8,10,mini_van,1,5,7.41,320.5,72.1
2026-04-12,9,001,suv,1,5,6.12,330.6,90.1
2026-04-12,11,002,mini_van,1,5,9.53,251.2,43.9
2026-04-12,12,11,Van(14 Pax),1,6,12.99,382.7,49.1
2026-04-12,13,12,Van(14 Pax),1,6,8.52,278.4,54.4
2026-04-13,1,003,suv,1,2,3.57,111.3,51.9
2026-04-13,2,004,Van(14 Pax),1,4,8.42,242.8,48.1
2026-04-13,3,005,van,1,5,11.56,439.9,63.4
2026-04-13,4,006,suv,1,8,16.12,653.3,67.6
2026-04-13,5,007,suv,1,5,7.61,292.1,64.0
2026-04-13,6,008,Van(14 Pax),1,6,13.42,382.9,47.5
2026-04-13,7,009,suv,1,6,11.36,395.6,58.0
2026-04-13,8,10,mini_van,1,4,8.48,105.4,20.7
2026-04-13,9,001,suv,1,7,13.18,310.6,39.3
2026-04-13,11,002,mini_van,1,6,11.15,362.9,54.2
2026-04-13,12,11,Van(14 Pax),1,5,10.38,355.6,57.1
2026-04-13,13,12,Van(14 Pax),1,5,7.67,202.8,44.1
2026-04-14,3,005,van,1,5,10.59,254.7,40.1
2026-04-14,4,006,suv,1,5,6.69,318.7,79.4
2026-04-14,5,007,suv,1,6,11.56,233.6,33.7
2026-04-14,7,009,suv,1,4,6.14,265.0,71.9
2026-04-14,8,10,mini_van,1,1,1.24,74.4,100.0
2026-04-14,9,001,suv,1,5,5.54,170.5,51.3
2026-04-14,11,002,mini_van,1,3,7.56,203.5,44.9
2026-04-14,12,11,Van(14 Pax),1,6,13.58,646.4,79.3
2026-04-15,2,004,Van(14 Pax),1,5,12.87,255.8,33.1
2026-04-15,3,005,van,1,4,10.35,318.2,51.2
2026-04-15,4,006,suv,1,5,6.71,219.8,54.6
2026-04-15,5,007,suv,1,6,11.64,418.7,59.9
2026-04-15,6,008,Van(14 Pax),1,5,12.59,347.1,46.0
2026-04-15,7,009,suv,1,6,15.66,439.0,46.7
2026-04-15,8,10,mini_van,1,5,11.37,431.0,63.2
2026-04-15,9,001,suv,1,5,7.64,347.7,75.8
2026-04-15,11,002,mini_van,1,4,6.94,284.1,68.3
2026-04-15,12,11,Van(14 Pax),1,6,12.61,405.5,53.6
2026-04-15,15,13,towncar,1,4,11.91,345.5,48.3
2026-04-16,2,004,Van(14 Pax),1,7,10.42,355.7,56.9
2026-04-16,3,005,van,1,7,11.85,406.1,57.1
2026-04-16,4,006,suv,1,7,11.47,384.6,55.9
2026-04-16,5,007,suv,1,5,9.81,265.6,45.1
2026-04-16,6,008,Van(14 Pax),1,6,10.83,312.3,48.0
2026-04-16,7,009,suv,1,6,8.87,305.0,57.3
2026-04-16,8,10,mini_van,1,6,10.04,278.1,46.1
2026-04-16,9,001,suv,1,6,9.73,395.2,67.7
2026-04-16,11,002,mini_van,1,6,12.05,367.5,50.8
2026-04-16,12,11,Van(14 Pax),1,5,8.02,323.2,67.2
2026-04-16,13,12,Van(14 Pax),1,5,10.03,176.4,29.3
2026-04-16,15,13,towncar,1,6,10.01,325.7,54.2
2026-04-17,1,003,suv,1,6,9.48,277.4,48.8
2026-04-17,2,004,Van(14 Pax),1,7,15.23,535.4,58.6
2026-04-17,3,005,van,1,8,16.29,409.1,41.9
2026-04-17,4,006,suv,1,7,11.74,448.5,63.6
2026-04-17,5,007,suv,2,8,19.36,503.6,43.3
2026-04-17,6,008,Van(14 Pax),1,7,12.53,467.2,62.1
2026-04-17,7,009,suv,1,6,12.05,308.2,42.6
2026-04-17,8,10,mini_van,1,5,8.5,274.7,53.9
2026-04-17,9,001,suv,1,6,19.58,498.8,42.5
2026-04-17,11,002,mini_van,1,5,11.86,258.6,36.3
2026-04-17,12,11,Van(14 Pax),1,7,13.71,473.5,57.6
2026-04-17,13,12,Van(14 Pax),1,5,9.82,157.1,26.7
2026-04-17,15,13,towncar,1,4,7.0,149.9,35.7
2026-04-18,1,003,suv,1,5,9.32,208.1,37.2
2026-04-18,2,004,Van(14 Pax),1,7,12.79,314.4,41.0
2026-04-18,3,005,van,1,9,15.27,506.3,55.3
2026-04-18,4,006,suv,1,7,13.84,452.7,54.5
2026-04-18,5,007,suv,1,5,12.53,531.6,70.7
2026-04-18,6,008,Van(14 Pax),1,6,12.95,322.3,41.5
2026-04-18,7,009,suv,1,7,10.69,262.4,40.9
2026-04-18,8,10,mini_van,1,5,12.21,447.0,61.0
2026-04-18,9,001,suv,1,4,8.55,296.9,57.9
2026-04-18,11,002,mini_van,1,5,12.14,345.7,47.5
2026-04-18,12,11,Van(14 Pax),1,8,12.78,408.0,53.2
2026-04-18,13,12,Van(14 Pax),1,5,8.17,206.6,42.1
2026-04-18,15,13,towncar,1,5,6.54,169.8,43.3
2026-04-19,1,003,suv,1,7,9.8,272.6,46.4
2026-04-19,2,004,Van(14 Pax),1,5,10.17,353.6,58.0
2026-04-19,3,005,van,1,6,11.93,457.4,63.9
2026-04-19,4,006,suv,1,7,15.06,549.7,60.8
2026-04-19,6,008,Van(14 Pax),1,8,14.26,571.8,66.8
2026-04-19,7,009,suv,1,7,12.54,497.8,66.2
2026-04-19,8,10,mini_van,1,7,11.59,480.4,69.1
2026-04-19,9,001,suv,1,6,10.24,274.8,44.7
2026-04-19,11,002,mini_van,1,6,13.83,499.9,60.2
2026-04-19,12,11,Van(14 Pax),1,7,13.33,446.2,55.8
2026-04-19,13,12,Van(14 Pax),1,5,11.14,216.0,32.3
2026-04-20,1,003,suv,1,5,8.47,300.1,59.1
2026-04-20,3,005,van,1,7,15.71,316.3,33.5
2026-04-20,4,006,suv,1,6,15.08,441.4,48.8
2026-04-20,5,007,suv,1,5,12.37,264.7,35.7
2026-04-20,6,008,Van(14 Pax),1,8,12.65,404.1,53.3
2026-04-20,7,009,suv,1,5,8.89,330.9,62.0
2026-04-20,8,10,mini_van,1,3,7.64,191.4,41.8
2026-04-20,9,001,suv,1,7,9.97,376.5,62.9
2026-04-20,11,002,mini_van,1,6,14.22,370.4,43.4
2026-04-20,12,11,Van(14 Pax),1,5,8.52,272.8,53.4
2026-04-20,13,12,Van(14 Pax),1,3,5.04,178.6,59.1
2026-04-20,15,13,towncar,1,4,12.28,223.6,30.3
2026-04-21,1,003,suv,1,5,8.08,122.7,25.3
2026-04-21,2,004,Van(14 Pax),1,6,14.51,296.3,34.0
2026-04-21,3,005,van,1,5,12.23,315.0,42.9
2026-04-21,5,007,suv,1,6,10.73,311.1,48.3
2026-04-21,6,008,Van(14 Pax),1,6,13.03,302.7,38.7
2026-04-21,8,10,mini_van,1,4,7.61,202.7,44.4
2026-04-21,9,001,suv,1,6,10.13,328.2,54.0
2026-04-21,11,002,mini_van,1,4,8.05,207.1,42.9
2026-04-21,12,11,Van(14 Pax),1,4,7.28,227.6,52.1
2026-04-22,1,003,suv,1,8,12.76,208.6,27.2
2026-04-22,2,004,Van(14 Pax),1,6,14.41,531.3,61.5
2026-04-22,3,005,van,1,8,14.12,442.4,52.2
2026-04-22,4,006,suv,1,7,14.43,353.8,40.9
2026-04-22,5,007,suv,1,7,10.57,365.8,57.7
2026-04-22,6,008,Van(14 Pax),1,5,14.42,363.3,42.0
2026-04-22,9,001,suv,1,5,10.26,278.1,45.2
2026-04-22,11,002,mini_van,1,7,11.57,429.4,61.9
2026-04-22,12,11,Van(14 Pax),1,6,12.6,277.4,36.7
2026-04-22,13,12,Van(14 Pax),1,7,6.97,325.8,77.9
2026-04-22,15,13,towncar,1,5,10.87,169.5,26.0
2026-04-23,1,003,suv,1,6,9.15,248.7,45.3
2026-04-23,2,004,Van(14 Pax),1,5,12.77,477.7,62.3
2026-04-23,3,005,van,1,6,12.57,226.9,30.1
2026-04-23,4,006,suv,1,2,3.29,143.5,72.6
2026-04-23,5,007,suv,1,5,10.29,340.3,55.1
2026-04-23,6,008,Van(14 Pax),1,7,10.62,507.3,79.6
2026-04-23,7,009,suv,2,10,19.38,460.1,39.6
2026-04-23,8,10,mini_van,1,6,14.32,448.6,52.2
2026-04-23,9,001,suv,1,6,10.13,415.8,68.4
2026-04-23,11,002,mini_van,1,5,11.66,281.5,40.2
2026-04-23,12,11,Van(14 Pax),1,6,14.2,556.8,65.4
2026-04-23,15,13,towncar,1,7,13.39,264.2,32.9
2026-04-24,1,003,suv,1,5,8.74,209.7,40.0
2026-04-24,2,004,Van(14 Pax),1,7,11.67,404.1,57.7
2026-04-24,3,005,van,1,4,12.31,373.0,50.5
2026-04-24,4,006,suv,1,8,11.15,399.7,59.7
2026-04-24,5,007,suv,2,9,17.42,450.3,43.1
2026-04-24,6,008,Van(14 Pax),1,6,10.88,461.0,70.6
2026-04-24,7,009,suv,1,7,12.28,496.3,67.3
2026-04-24,8,10,mini_van,1,4,6.96,199.8,47.9
2026-04-24,9,001,suv,1,8,11.4,292.3,42.7
2026-04-24,11,002,mini_van,1,6,10.61,395.9,62.2
2026-04-24,12,11,Van(14 Pax),1,8,12.06,464.9,64.2
2026-04-24,15,13,towncar,1,1,2.11,126.3,100.0
2026-04-25,1,003,suv,1,7,11.4,293.0,42.9
2026-04-25,2,004,Van(14 Pax),1,8,11.28,325.9,48.2
2026-04-25,3,005,van,1,10,14.95,486.4,54.2
2026-04-25,4,006,suv,1,5,7.09,334.0,78.5
2026-04-25,5,007,suv,1,2,4.22,233.1,92.0
2026-04-25,6,008,Van(14 Pax),1,8,15.55,590.1,63.3
2026-04-25,7,009,suv,1,5,10.92,507.6,77.4
2026-04-25,8,10,mini_van,1,8,11.46,361.8,52.6
2026-04-25,9,001,suv,1,7,11.41,337.2,49.3
2026-04-25,11,002,mini_van,1,6,12.55,453.6,60.2
2026-04-25,12,11,Van(14 Pax),1,8,11.7,518.4,73.8
2026-04-25,13,12,Van(14 Pax),1,8,13.49,324.4,40.1
2026-04-25,15,13,towncar,1,3,4.56,162.4,59.3
2026-04-26,1,003,suv,1,7,12.09,371.1,51.1
2026-04-26,2,004,Van(14 Pax),1,7,12.46,426.8,57.1
2026-04-26,3,005,van,1,8,14.33,449.4,52.3
2026-04-26,4,006,suv,1,7,12.88,351.8,45.5
2026-04-26,5,007,suv,1,6,9.75,336.3,57.5
2026-04-26,6,008,Van(14 Pax),1,8,15.16,456.4,50.2
2026-04-26,7,009,suv,1,2,4.5,196.1,72.6
2026-04-26,8,10,mini_van,1,9,13.49,463.3,57.2
2026-04-26,9,001,suv,1,7,10.13,406.7,66.9
2026-04-26,11,002,mini_van,1,6,10.9,364.5,55.7
2026-04-26,12,11,Van(14 Pax),1,6,10.28,328.0,53.2
2026-04-26,13,12,Van(14 Pax),1,6,14.88,230.0,25.8
2026-04-26,15,13,towncar,1,5,12.64,310.4,40.9
2026-04-27,1,003,suv,1,4,7.89,155.1,32.8
2026-04-27,2,004,Van(14 Pax),1,4,7.76,192.6,41.4
2026-04-27,3,005,van,1,7,12.47,435.4,58.2
2026-04-27,4,006,suv,1,4,9.85,269.5,45.6
2026-04-27,5,007,suv,1,7,10.44,465.0,74.2
2026-04-27,6,008,Van(14 Pax),1,7,13.18,377.6,47.8
2026-04-27,7,009,suv,1,4,8.33,261.5,52.3
2026-04-27,8,10,mini_van,1,4,7.04,190.4,45.1
2026-04-27,9,001,suv,1,5,10.38,266.0,42.7
2026-04-27,11,002,mini_van,1,4,8.67,292.4,56.2
2026-04-27,12,11,Van(14 Pax),1,6,13.65,352.7,43.1
2026-04-27,13,12,Van(14 Pax),1,6,7.24,208.7,48.1
2026-04-27,15,13,towncar,1,4,6.61,175.4,44.2
2026-04-28,1,003,suv,1,5,9.3,169.8,30.4
2026-04-28,2,004,Van(14 Pax),1,6,12.36,273.9,36.9
2026-04-28,3,005,van,1,6,14.05,455.7,54.0
2026-04-28,4,006,suv,1,6,13.24,329.9,41.5
2026-04-28,5,007,suv,1,6,10.02,310.5,51.6
2026-04-28,6,008,Van(14 Pax),1,4,7.02,190.0,45.1
2026-04-28,7,009,suv,1,5,9.63,320.1,55.4
2026-04-28,8,10,mini_van,1,3,4.27,83.4,32.6
2026-04-28,9,001,suv,1,8,11.98,409.9,57.0
2026-04-28,11,002,mini_van,1,4,7.96,226.8,47.5
2026-04-28,12,11,Van(14 Pax),1,6,9.57,303.6,52.9
2026-04-28,15,13,towncar,1,5,11.72,160.3,22.8
2026-04-29,1,003,suv,1,6,9.64,206.1,35.6
2026-04-29,2,004,Van(14 Pax),1,8,17.45,351.1,33.5
2026-04-29,3,005,van,1,7,12.15,379.0,52.0
2026-04-29,5,007,suv,1,6,9.4,267.6,47.5
2026-04-29,6,008,Van(14 Pax),1,6,12.03,388.6,53.8
2026-04-29,8,10,mini_van,1,6,12.17,326.1,44.6
2026-04-29,11,002,mini_van,2,7,17.28,385.6,37.2
2026-04-29,12,11,Van(14 Pax),1,7,11.98,358.3,49.8
2026-04-30,1,003,suv,1,4,5.9,293.8,83.0
2026-04-30,2,004,Van(14 Pax),1,6,11.55,390.6,56.4
2026-04-30,3,005,van,1,6,13.02,490.5,62.8
2026-04-30,4,006,suv,1,6,8.73,327.8,62.6
2026-04-30,5,007,suv,1,6,14.71,578.2,65.5
2026-04-30,6,008,Van(14 Pax),1,7,11.72,487.4,69.3
2026-04-30,7,009,suv,1,3,5.34,176.8,55.2
2026-04-30,8,10,mini_van,1,5,11.7,316.9,45.2
2026-04-30,9,001,suv,2,9,16.46,422.5,42.8
2026-04-30,11,002,mini_van,2,8,14.9,567.1,63.5
2026-04-30,12,11,Van(14 Pax),1,6,8.37,322.2,64.2
2026-04-30,13,12,Van(14 Pax),1,4,8.17,220.7,45.0
2026-05-01,2,004,Van(14 Pax),1,7,10.5,306.6,48.7
2026-05-01,3,005,van,1,7,12.97,361.0,46.4
2026-05-01,4,006,suv,1,7,9.1,360.6,66.0
2026-05-01,5,007,suv,1,4,6.36,211.3,55.3
2026-05-01,6,008,Van(14 Pax),1,7,12.61,333.5,44.1
2026-05-01,7,009,suv,1,7,12.54,446.4,59.3
2026-05-01,8,10,mini_van,1,4,8.08,236.6,48.8
2026-05-01,9,001,suv,1,9,11.34,501.3,73.7
2026-05-01,11,002,mini_van,1,4,12.02,353.8,49.1
2026-05-01,12,11,Van(14 Pax),1,3,4.85,188.4,64.7
2026-05-01,13,12,Van(14 Pax),1,5,11.37,239.9,35.2
2026-05-02,1,003,suv,1,7,15.68,547.3,58.2
2026-05-02,2,004,Van(14 Pax),1,7,11.82,338.6,47.8
2026-05-02,3,005,van,1,6,12.74,291.5,38.1
2026-05-02,4,006,suv,1,8,14.01,536.1,63.8
2026-05-02,5,007,suv,1,4,10.24,350.1,57.0
2026-05-02,6,008,Van(14 Pax),1,8,14.46,407.4,47.0
2026-05-02,7,009,suv,1,6,13.93,488.8,58.5
2026-05-02,8,10,mini_van,1,7,9.02,391.1,72.3
2026-05-02,9,001,suv,1,6,10.51,346.9,55.0
2026-05-02,11,002,mini_van,1,6,14.64,436.9,49.7
2026-05-02,12,11,Van(14 Pax),1,6,9.15,189.3,34.5
2026-05-02,13,12,Van(14 Pax),1,7,10.27,271.7,44.1
2026-05-02,15,13,towncar,1,6,8.56,203.7,39.7
2026-05-03,2,004,Van(14 Pax),1,9,12.09,440.3,60.7
2026-05-03,3,005,van,1,8,12.82,358.7,46.7
2026-05-03,4,006,suv,1,8,12.94,404.7,52.1
2026-05-03,5,007,suv,1,7,12.51,389.6,51.9
2026-05-03,6,008,Van(14 Pax),1,8,12.74,403.1,52.7
2026-05-03,7,009,suv,1,10,12.74,586.7,76.7
2026-05-03,9,001,suv,1,8,11.91,348.0,48.7
2026-05-03,11,002,mini_van,1,7,14.81,589.7,66.4
2026-05-03,12,11,Van(14 Pax),1,7,9.38,323.9,57.5
2026-05-03,13,12,Van(14 Pax),1,8,10.64,250.1,39.2
2026-05-03,15,13,towncar,1,5,14.58,464.0,53.0
2026-05-04,2,004,Van(14 Pax),1,6,10.47,296.0,47.1
2026-05-04,3,005,van,1,7,11.7,358.5,51.1
2026-05-04,4,006,suv,1,5,11.63,302.2,43.3
2026-05-04,5,007,suv,1,5,7.11,266.2,62.4
2026-05-04,6,008,Van(14 Pax),1,5,9.02,238.2,44.0
2026-05-04,7,009,suv,1,6,11.06,348.8,52.5
2026-05-04,8,10,mini_van,1,6,11.41,321.9,47.0
2026-05-04,9,001,suv,1,6,10.42,378.1,60.5
2026-05-04,11,002,mini_van,1,4,8.47,291.7,57.4
2026-05-04,12,11,Van(14 Pax),1,7,12.19,430.0,58.8
2026-05-04,13,12,Van(14 Pax),1,7,10.58,333.1,52.5
2026-05-04,14,0009,towncar,1,3,3.74,149.1,66.5
2026-05-04,15,13,towncar,1,2,3.79,104.4,45.9
2026-05-05,2,004,Van(14 Pax),1,7,10.57,306.6,48.3
2026-05-05,3,005,van,1,5,11.14,349.6,52.3
2026-05-05,4,006,suv,1,7,11.12,342.6,51.3
2026-05-05,5,007,suv,1,5,8.88,194.5,36.5
2026-05-05,6,008,Van(14 Pax),1,5,6.36,220.8,57.9
2026-05-05,7,009,suv,1,7,12.49,324.2,43.3
2026-05-05,8,10,mini_van,1,7,13.31,352.3,44.1
2026-05-05,9,001,suv,1,5,6.85,295.3,71.8
2026-05-05,11,002,mini_van,1,4,8.2,154.1,31.3
2026-05-06,2,004,Van(14 Pax),1,7,12.97,435.1,55.9
2026-05-06,3,005,van,1,6,16.99,447.4,43.9
2026-05-06,4,006,suv,1,5,7.91,302.0,63.7
2026-05-06,5,007,suv,1,5,9.48,315.8,55.5
2026-05-06,6,008,Van(14 Pax),1,5,8.78,253.4,48.1
2026-05-06,7,009,suv,1,5,11.33,335.6,49.4
2026-05-06,8,10,mini_van,1,4,8.11,161.8,33.3
2026-05-06,9,001,suv,2,7,14.03,410.0,48.7
2026-05-06,11,002,mini_van,1,6,10.39,358.2,57.5
2026-05-06,12,11,Van(14 Pax),1,7,11.07,393.6,59.2
2026-05-06,13,12,Van(14 Pax),1,6,10.21,255.1,41.6
2026-05-06,15,13,towncar,1,4,9.33,149.0,26.6
2026-05-07,2,004,Van(14 Pax),1,6,12.07,289.9,40.0
2026-05-07,3,005,van,1,6,12.02,300.3,41.6
2026-05-07,4,006,suv,1,7,12.01,378.9,52.6
2026-05-07,5,007,suv,2,9,20.93,575.1,45.8
2026-05-07,6,008,Van(14 Pax),1,4,5.69,237.4,69.5
2026-05-07,7,009,suv,1,2,4.18,112.6,44.9
2026-05-07,8,10,mini_van,1,2,4.95,156.3,52.6
2026-05-07,9,001,suv,1,5,9.99,267.8,44.7
2026-05-07,11,002,mini_van,1,4,9.19,344.7,62.5
2026-05-07,12,11,Van(14 Pax),1,7,14.24,567.3,66.4
2026-05-07,13,12,Van(14 Pax),1,5,8.74,158.6,30.2
2026-05-07,15,13,towncar,1,4,8.52,76.1,14.9
2026-05-08,2,004,Van(14 Pax),1,8,11.31,290.2,42.8
2026-05-08,3,005,van,1,8,14.28,332.8,38.8
2026-05-08,4,006,suv,1,6,11.35,355.2,52.1
2026-05-08,5,007,suv,1,6,9.14,294.9,53.8
2026-05-08,6,008,Van(14 Pax),1,6,10.9,338.7,51.8
2026-05-08,7,009,suv,1,5,12.3,295.4,40.0
2026-05-08,8,10,mini_van,1,6,15.21,411.0,45.1
2026-05-08,9,001,suv,1,8,13.41,417.9,52.0
2026-05-08,11,002,mini_van,1,4,11.78,331.0,46.8
2026-05-08,12,11,Van(14 Pax),1,5,13.51,407.3,50.3
2026-05-08,13,12,Van(14 Pax),1,8,13.07,327.3,41.7
2026-05-08,15,13,towncar,1,3,7.89,112.1,23.7
2026-05-09,1,003,suv,1,9,14.97,399.2,44.4
2026-05-09,2,004,Van(14 Pax),1,7,15.97,476.7,49.7
2026-05-09,3,005,van,1,8,11.66,492.7,70.4
2026-05-09,4,006,suv,1,7,10.83,423.1,65.1
2026-05-09,5,007,suv,1,7,12.23,454.1,61.9
2026-05-09,6,008,Van(14 Pax),1,6,9.94,329.0,55.2
2026-05-09,7,009,suv,1,8,12.19,457.0,62.5
2026-05-09,8,10,mini_van,1,7,14.54,327.6,37.6
2026-05-09,9,001,suv,1,10,12.89,445.0,57.5
2026-05-09,11,002,mini_van,1,8,10.12,408.4,67.3
2026-05-09,12,11,Van(14 Pax),1,7,11.14,367.3,55.0
2026-05-09,13,12,Van(14 Pax),1,7,12.68,286.7,37.7
2026-05-09,15,13,towncar,1,6,9.65,236.8,40.9
2026-05-10,1,003,suv,1,8,14.96,436.9,48.7
2026-05-10,2,004,Van(14 Pax),1,5,9.62,331.0,57.4
2026-05-10,3,005,van,1,8,16.29,454.1,46.5
2026-05-10,4,006,suv,1,5,8.29,326.6,65.6
2026-05-10,5,007,suv,1,9,14.38,540.9,62.7
2026-05-10,8,10,mini_van,1,6,10.23,444.2,72.4
2026-05-10,9,001,suv,1,7,11.39,411.0,60.1
2026-05-10,11,002,mini_van,1,6,9.43,328.7,58.1
2026-05-10,12,11,Van(14 Pax),1,5,13.99,553.6,65.9
2026-05-10,13,12,Van(14 Pax),1,7,11.48,293.9,42.7
2026-05-11,1,003,suv,1,6,10.43,313.6,50.1
2026-05-11,2,004,Van(14 Pax),1,6,11.49,333.1,48.3
2026-05-11,3,005,van,1,4,5.56,168.6,50.5
2026-05-11,4,006,suv,1,6,9.16,252.3,45.9
2026-05-11,5,007,suv,1,7,12.03,368.4,51.0
2026-05-11,6,008,Van(14 Pax),1,3,6.75,166.8,41.2
2026-05-11,7,009,suv,1,8,10.35,349.5,56.3
2026-05-11,8,10,mini_van,1,5,8.34,285.9,57.1
2026-05-11,9,001,suv,1,8,11.94,394.6,55.1
2026-05-11,11,002,mini_van,1,5,9.7,281.4,48.4
2026-05-11,12,11,Van(14 Pax),1,3,4.35,190.3,72.9
2026-05-11,13,12,Van(14 Pax),1,6,8.33,249.5,49.9
2026-05-11,15,13,towncar,1,4,12.11,136.9,18.8
2026-05-12,1,003,suv,1,6,13.77,380.6,46.1
2026-05-12,2,004,Van(14 Pax),1,5,11.04,304.8,46.0
2026-05-12,3,005,van,1,3,6.34,212.5,55.8
2026-05-12,4,006,suv,1,4,5.0,137.6,45.9
2026-05-12,5,007,suv,1,6,10.65,213.7,33.4
2026-05-12,7,009,suv,1,4,5.92,224.8,63.3
2026-05-12,9,001,suv,1,7,12.21,334.9,45.7
2026-05-12,11,002,mini_van,2,8,15.77,398.1,42.1
2026-05-12,12,11,Van(14 Pax),1,6,10.02,233.0,38.7
2026-05-13,1,003,suv,1,4,8.8,258.0,48.9
2026-05-13,2,004,Van(14 Pax),1,6,12.63,307.1,40.5
2026-05-13,3,005,van,1,1,8.51,510.8,100.0
2026-05-13,4,006,suv,1,5,13.87,304.5,36.6
2026-05-13,5,007,suv,1,6,13.4,362.1,45.0
2026-05-13,6,008,Van(14 Pax),1,6,9.6,292.4,50.8
2026-05-13,9,001,suv,1,3,3.66,170.1,77.6
2026-05-13,11,002,mini_van,1,5,11.98,311.2,43.3
2026-05-13,12,11,Van(14 Pax),1,5,13.77,380.7,46.1
2026-05-14,1,003,suv,1,5,8.17,260.0,53.0
2026-05-14,2,004,Van(14 Pax),1,4,8.26,249.8,50.4
2026-05-14,3,005,van,1,6,12.29,361.3,49.0
2026-05-14,4,006,suv,2,8,19.36,606.4,52.2
2026-05-14,5,007,suv,2,7,18.42,476.9,43.2
2026-05-14,6,008,Van(14 Pax),1,4,6.35,207.8,54.5
2026-05-14,7,009,suv,1,4,11.27,318.7,47.1
2026-05-14,8,10,mini_van,1,5,10.91,279.0,42.6
2026-05-14,9,001,suv,1,6,10.06,382.7,63.4
2026-05-14,11,002,mini_van,1,4,7.26,233.6,53.6
2026-05-14,12,11,Van(14 Pax),1,6,9.48,392.6,69.0
2026-05-15,1,003,suv,1,4,8.88,387.7,72.8
2026-05-15,2,004,Van(14 Pax),1,9,14.6,463.5,52.9
2026-05-15,3,005,van,1,4,10.59,275.3,43.3
2026-05-15,4,006,suv,1,8,14.27,445.2,52.0
2026-05-15,5,007,suv,2,9,17.28,586.5,56.6
2026-05-15,6,008,Van(14 Pax),1,2,2.61,127.5,81.4
2026-05-15,7,009,suv,1,5,11.05,314.8,47.5
2026-05-15,8,10,mini_van,1,5,11.0,309.5,46.9
2026-05-15,9,001,suv,1,9,14.13,484.2,57.1
2026-05-15,11,002,mini_van,1,6,10.08,279.8,46.3
2026-05-15,12,11,Van(14 Pax),1,7,14.7,596.9,67.7
2026-05-15,13,12,Van(14 Pax),1,5,9.86,280.0,47.3
2026-05-15,15,13,towncar,1,4,8.04,81.5,16.9
2026-05-16,1,003,suv,1,9,13.63,399.7,48.9
2026-05-16,2,004,Van(14 Pax),1,9,15.16,376.5,41.4
2026-05-16,3,005,van,1,10,13.76,434.0,52.6
2026-05-16,4,006,suv,1,6,10.42,349.7,56.0
2026-05-16,5,007,suv,1,7,12.8,483.4,63.0
2026-05-16,6,008,Van(14 Pax),1,8,12.24,445.9,60.7
2026-05-16,7,009,suv,1,4,9.5,361.7,63.4
2026-05-16,8,10,mini_van,1,8,14.11,472.7,55.8
2026-05-16,9,001,suv,1,8,13.11,303.1,38.5
2026-05-16,11,002,mini_van,1,7,13.09,327.6,41.7
2026-05-16,12,11,Van(14 Pax),1,8,12.35,428.5,57.8
2026-05-16,13,12,Van(14 Pax),1,9,13.55,356.9,43.9
2026-05-16,15,13,towncar,1,4,7.7,291.8,63.1
2026-05-17,1,003,suv,1,8,12.13,455.1,62.5
2026-05-17,2,004,Van(14 Pax),1,9,12.0,463.5,64.4
2026-05-17,3,005,van,1,6,9.41,314.4,55.7
2026-05-17,4,006,suv,1,5,8.22,386.9,78.5
2026-05-17,5,007,suv,1,10,12.6,518.0,68.5
2026-05-17,6,008,Van(14 Pax),1,7,11.62,429.4,61.6
2026-05-17,7,009,suv,1,5,10.18,488.0,79.9
2026-05-17,8,10,mini_van,1,8,13.2,349.3,44.1
2026-05-17,9,001,suv,1,7,10.33,384.9,62.1
2026-05-17,11,002,mini_van,1,7,16.9,727.5,71.7
2026-05-17,12,11,Van(14 Pax),1,5,10.1,339.2,56.0
2026-05-17,13,12,Van(14 Pax),1,7,11.62,308.3,44.2
2026-05-17,15,13,towncar,1,7,11.69,425.0,60.6
2026-05-18,1,003,suv,1,6,13.13,511.0,64.9
2026-05-18,2,004,Van(14 Pax),1,8,22.21,483.8,36.3
2026-05-18,3,005,van,1,5,9.55,191.8,33.5
2026-05-18,4,006,suv,1,6,8.62,266.8,51.6
2026-05-18,5,007,suv,1,6,12.62,334.8,44.2
2026-05-18,6,008,Van(14 Pax),1,5,10.01,379.2,63.2
2026-05-18,7,009,suv,1,4,5.92,232.2,65.4
2026-05-18,8,10,mini_van,1,4,11.47,272.4,39.6
2026-05-18,9,001,suv,1,7,10.16,421.3,69.1
2026-05-18,11,002,mini_van,1,5,10.26,301.0,48.9
2026-05-18,12,11,Van(14 Pax),1,4,6.29,147.4,39.0
2026-05-18,13,12,Van(14 Pax),1,5,9.07,271.8,50.0
2026-05-18,15,13,towncar,1,1,2.83,169.8,100.0
2026-05-19,1,003,suv,1,5,16.62,265.1,26.6
2026-05-19,4,006,suv,1,5,8.7,212.2,40.6
2026-05-19,5,007,suv,1,4,5.76,154.8,44.8
2026-05-19,6,008,Van(14 Pax),1,5,14.94,289.7,32.3
2026-05-19,7,009,suv,1,4,8.86,186.8,35.2
2026-05-19,8,10,mini_van,1,3,12.05,302.9,41.9
2026-05-19,9,001,suv,1,4,8.5,164.3,32.2
2026-05-19,11,002,mini_van,1,3,12.43,421.5,56.5
2026-05-19,13,12,Van(14 Pax),1,6,12.57,477.2,63.3
2026-05-20,1,003,suv,1,7,12.7,346.7,45.5
2026-05-20,2,004,Van(14 Pax),1,5,6.79,298.0,73.2
2026-05-20,3,005,van,1,8,14.78,466.8,52.7
2026-05-20,4,006,suv,1,6,15.08,477.4,52.8
2026-05-20,5,007,suv,1,3,11.05,248.7,37.5
2026-05-20,6,008,Van(14 Pax),1,6,22.2,754.1,56.6
2026-05-20,7,009,suv,1,7,12.75,373.7,48.9
2026-05-20,8,10,mini_van,1,5,12.0,336.6,46.8
2026-05-20,9,001,suv,1,6,8.22,252.1,51.1
2026-05-20,11,002,mini_van,1,6,11.09,447.6,67.3
2026-05-20,12,11,Van(14 Pax),1,7,10.87,423.6,64.9
2026-05-20,13,12,Van(14 Pax),1,5,6.9,263.5,63.6
2026-05-20,15,13,towncar,1,6,10.08,419.2,69.3
2026-05-21,1,003,suv,1,6,11.87,265.0,37.2
2026-05-21,2,004,Van(14 Pax),1,6,9.96,377.1,63.1
2026-05-21,3,005,van,1,6,10.15,303.5,49.9
2026-05-21,4,006,suv,2,11,20.83,486.6,38.9
2026-05-21,5,007,suv,2,8,18.09,531.0,48.9
2026-05-21,6,008,Van(14 Pax),1,6,22.92,359.2,26.1
2026-05-21,7,009,suv,1,4,9.52,405.6,71.0
2026-05-21,8,10,mini_van,1,3,10.06,256.8,42.5
2026-05-21,9,001,suv,1,7,10.6,341.8,53.8
2026-05-21,11,002,mini_van,1,7,19.91,624.0,52.2
2026-05-21,12,11,Van(14 Pax),1,6,14.42,360.2,41.6
2026-05-21,13,12,Van(14 Pax),1,6,9.1,307.9,56.4
2026-05-21,15,13,towncar,2,6,19.92,474.7,39.7
2026-05-22,1,003,suv,1,7,12.41,447.1,60.0
2026-05-22,2,004,Van(14 Pax),1,9,15.29,490.6,53.5
2026-05-22,3,005,van,1,6,14.61,208.4,23.8
2026-05-22,4,006,suv,1,8,14.34,494.3,57.5
2026-05-22,5,007,suv,2,7,17.75,428.7,40.3
2026-05-22,6,008,Van(14 Pax),1,9,16.85,624.1,61.7
2026-05-22,7,009,suv,1,4,9.71,336.5,57.8
2026-05-22,8,10,mini_van,1,4,11.6,273.4,39.3
2026-05-22,9,001,suv,2,6,11.74,321.2,45.6
2026-05-22,11,002,mini_van,1,5,12.0,339.5,47.1
2026-05-22,12,11,Van(14 Pax),1,4,5.63,220.2,65.2
2026-05-22,13,12,Van(14 Pax),1,9,13.07,471.0,60.1
2026-05-22,15,13,towncar,1,4,12.19,457.7,62.6
2026-05-23,1,003,suv,1,9,12.93,409.4,52.8
2026-05-23,2,004,Van(14 Pax),1,8,16.29,491.1,50.2
2026-05-23,3,005,van,1,10,14.19,422.2,49.6
2026-05-23,4,006,suv,1,4,14.64,459.5,52.3
2026-05-23,5,007,suv,1,5,11.63,422.1,60.5
2026-05-23,6,008,Van(14 Pax),1,6,14.85,395.4,44.4
2026-05-23,7,009,suv,1,5,13.3,444.7,55.7
2026-05-23,8,10,mini_van,1,7,16.44,466.6,47.3
2026-05-23,9,001,suv,1,8,10.68,346.1,54.0
2026-05-23,11,002,mini_van,2,8,17.01,458.7,44.9
2026-05-23,12,11,Van(14 Pax),1,8,12.66,331.3,43.6
2026-05-23,13,12,Van(14 Pax),1,7,12.38,455.2,61.3
2026-05-23,15,13,towncar,1,5,12.3,279.5,37.9
2026-05-24,1,003,suv,1,7,12.85,562.7,73.0
2026-05-24,2,004,Van(14 Pax),1,8,19.29,623.4,53.9
2026-05-24,3,005,van,1,6,8.83,228.4,43.1
2026-05-24,4,006,suv,1,5,9.57,250.8,43.7
2026-05-24,5,007,suv,1,7,11.04,232.7,35.1
2026-05-24,6,008,Van(14 Pax),2,7,16.28,513.8,52.6
2026-05-24,7,009,suv,1,7,11.92,413.1,57.8
2026-05-24,8,10,mini_van,1,6,11.29,307.6,45.4
2026-05-24,9,001,suv,1,8,13.83,388.7,46.9
2026-05-24,11,002,mini_van,1,1,1.48,89.0,100.0
2026-05-24,12,11,Van(14 Pax),1,7,15.81,492.1,51.9
2026-05-24,13,12,Van(14 Pax),1,5,12.93,379.7,48.9
2026-05-24,15,13,towncar,1,5,13.13,231.2,29.3
2026-05-25,1,003,suv,1,6,11.05,331.7,50.0
2026-05-25,2,004,Van(14 Pax),1,9,11.18,385.2,57.4
2026-05-25,3,005,van,1,6,10.3,335.3,54.3
2026-05-25,4,006,suv,1,9,14.29,387.5,45.2
2026-05-25,5,007,suv,1,8,10.95,363.7,55.4
2026-05-25,6,008,Van(14 Pax),1,5,12.46,357.6,47.8
2026-05-25,7,009,suv,1,4,8.24,282.2,57.1
2026-05-25,8,10,mini_van,1,8,14.36,474.8,55.1
2026-05-25,9,001,suv,1,7,11.21,350.3,52.1
2026-05-25,11,002,mini_van,1,4,8.19,358.3,72.9
2026-05-25,12,11,Van(14 Pax),1,4,6.59,144.1,36.4
2026-05-25,13,12,Van(14 Pax),1,5,10.36,275.0,44.2
2026-05-25,15,13,towncar,1,7,11.09,310.1,46.6
2026-05-26,1,003,suv,1,6,10.6,269.8,42.4
2026-05-26,2,004,Van(14 Pax),1,8,15.39,293.7,31.8
2026-05-26,3,005,van,1,5,10.78,351.4,54.3
2026-05-26,4,006,suv,1,7,13.85,457.6,55.1
2026-05-26,5,007,suv,1,6,11.81,282.8,39.9
2026-05-26,6,008,Van(14 Pax),1,7,10.71,227.6,35.4
2026-05-26,7,009,suv,1,4,10.55,241.5,38.1
2026-05-26,8,10,mini_van,1,4,7.56,277.5,61.2
2026-05-26,9,001,suv,1,6,10.43,248.2,39.7
2026-05-26,11,002,mini_van,1,4,11.84,246.2,34.6
2026-05-26,12,11,Van(14 Pax),1,6,12.09,441.6,60.9
2026-05-26,13,12,Van(14 Pax),1,7,15.05,436.5,48.3
2026-05-26,15,13,towncar,1,4,8.51,263.7,51.7
2026-05-27,1,003,suv,1,5,7.18,220.6,51.2
2026-05-27,2,004,Van(14 Pax),1,5,11.01,381.6,57.8
2026-05-27,3,005,van,1,7,14.52,452.8,52.0
2026-05-27,4,006,suv,1,8,13.85,422.3,50.8
2026-05-27,5,007,suv,1,4,9.87,198.4,33.5
2026-05-27,6,008,Van(14 Pax),1,6,11.4,337.8,49.4
2026-05-27,7,009,suv,1,6,14.44,622.7,71.9
2026-05-27,9,001,suv,1,6,12.4,419.0,56.3
2026-05-27,11,002,mini_van,1,7,14.28,365.5,42.6
2026-05-27,12,11,Van(14 Pax),1,5,10.88,290.0,44.4
2026-05-27,13,12,Van(14 Pax),1,5,11.86,359.5,50.5
2026-05-28,1,003,suv,1,5,6.84,244.2,59.5
2026-05-28,2,004,Van(14 Pax),1,6,10.77,381.2,59.0
2026-05-28,3,005,van,1,6,14.16,267.1,31.5
2026-05-28,4,006,suv,2,9,22.42,678.4,50.4
2026-05-28,5,007,suv,1,6,10.11,302.7,49.9
2026-05-28,6,008,Van(14 Pax),1,3,8.9,496.4,93.0
2026-05-28,7,009,suv,1,6,10.72,409.1,63.6
2026-05-28,8,10,mini_van,1,3,10.75,366.2,56.8
2026-05-28,9,001,suv,1,6,13.27,354.3,44.5
2026-05-28,11,002,mini_van,1,4,6.88,179.5,43.5
2026-05-28,12,11,Van(14 Pax),1,5,12.2,427.5,58.4
2026-05-28,13,12,Van(14 Pax),1,5,9.91,317.4,53.4
2026-05-28,15,13,towncar,1,2,2.04,130.0,106.3
2026-05-29,1,003,suv,1,4,8.75,389.0,74.1
2026-05-29,2,004,Van(14 Pax),1,7,12.19,379.8,51.9
2026-05-29,3,005,van,1,7,14.97,452.5,50.4
2026-05-29,4,006,suv,1,6,15.6,441.5,47.2
2026-05-29,5,007,suv,1,3,5.32,240.5,75.4
2026-05-29,6,008,Van(14 Pax),1,6,15.25,423.5,46.3
2026-05-29,7,009,suv,1,5,9.54,270.9,47.3
2026-05-29,8,10,mini_van,1,6,13.11,317.7,40.4
2026-05-29,9,001,suv,1,6,15.08,265.1,29.3
2026-05-29,11,002,mini_van,1,6,13.86,383.0,46.1
2026-05-29,12,11,Van(14 Pax),1,7,16.4,427.5,43.4
2026-05-29,13,12,Van(14 Pax),1,2,2.5,110.1,73.5
2026-05-29,15,13,towncar,1,5,13.52,352.3,43.4
2026-05-30,1,003,suv,1,8,12.47,398.8,53.3
2026-05-30,2,004,Van(14 Pax),1,9,13.39,424.6,52.9
2026-05-30,3,005,van,1,6,13.7,376.8,45.9
2026-05-30,4,006,suv,1,6,11.14,328.1,49.1
2026-05-30,5,007,suv,1,6,9.91,230.5,38.7
2026-05-30,6,008,Van(14 Pax),1,4,14.2,247.6,29.1
2026-05-30,7,009,suv,1,3,7.05,180.9,42.7
2026-05-30,8,10,mini_van,1,6,12.49,410.5,54.8
2026-05-30,9,001,suv,1,7,11.83,344.3,48.5
2026-05-30,11,002,mini_van,1,7,10.18,361.2,59.1
2026-05-30,12,11,Van(14 Pax),1,6,11.2,399.2,59.4
2026-05-30,13,12,Van(14 Pax),1,6,14.99,594.0,66.0
2026-05-30,15,13,towncar,1,3,3.67,175.8,79.8
2026-05-31,1,003,suv,1,6,13.13,356.5,45.3
2026-05-31,2,004,Van(14 Pax),1,8,11.77,363.8,51.5
2026-05-31,3,005,van,1,6,12.34,240.9,32.5
2026-05-31,4,006,suv,1,6,9.86,258.1,43.6
2026-05-31,5,007,suv,1,6,11.91,337.1,47.2
2026-05-31,6,008,Van(14 Pax),1,8,13.12,398.8,50.7
2026-05-31,7,009,suv,1,6,12.21,434.8,59.4
2026-05-31,8,10,mini_van,1,7,13.36,322.5,40.2
2026-05-31,9,001,suv,1,7,11.63,337.4,48.4
2026-05-31,11,002,mini_van,1,5,10.7,393.8,61.3
2026-05-31,12,11,Van(14 Pax),1,9,13.96,482.5,57.6
2026-05-31,13,12,Van(14 Pax),1,8,15.2,597.6,65.5
2026-05-31,15,13,towncar,2,10,19.55,366.4,31.2
2026-06-01,1,003,suv,1,4,7.81,274.9,58.6
2026-06-01,2,004,Van(14 Pax),1,5,10.83,304.1,46.8
2026-06-01,3,005,van,1,6,12.37,376.4,50.7
2026-06-01,4,006,suv,1,5,11.02,305.3,46.2
2026-06-01,5,007,suv,1,4,10.12,205.9,33.9
2026-06-01,6,008,Van(14 Pax),1,6,14.37,427.0,49.5
2026-06-01,7,009,suv,1,6,10.36,376.4,60.5
2026-06-01,8,10,mini_van,1,4,8.17,228.7,46.6
2026-06-01,9,001,suv,1,6,11.62,305.8,43.8
2026-06-01,11,002,mini_van,1,6,11.16,275.3,41.1
2026-06-01,12,11,Van(14 Pax),1,6,10.6,296.7,46.6
2026-06-01,13,12,Van(14 Pax),1,6,11.66,376.5,53.8
2026-06-01,15,13,towncar,1,6,15.31,413.1,45.0
2026-06-02,1,003,suv,1,5,11.81,172.2,24.3
2026-06-02,2,004,Van(14 Pax),1,5,10.0,201.8,33.6
2026-06-02,3,005,van,1,5,11.09,281.5,42.3
2026-06-02,4,006,suv,1,5,10.4,263.2,42.2
2026-06-02,5,007,suv,1,6,13.71,284.8,34.6
2026-06-02,6,008,Van(14 Pax),1,6,14.35,262.2,30.5
2026-06-02,8,10,mini_van,1,5,13.99,311.0,37.0
2026-06-02,9,001,suv,1,7,10.88,411.0,63.0
2026-06-02,11,002,mini_van,1,6,13.08,264.6,33.7
2026-06-02,15,13,towncar,1,4,12.56,303.1,40.2
2026-06-03,1,003,suv,1,6,12.09,335.9,46.3
2026-06-03,2,004,Van(14 Pax),1,8,11.82,424.0,59.8
2026-06-03,3,005,van,1,6,9.18,308.0,55.9
2026-06-03,4,006,suv,1,7,11.3,335.1,49.4
2026-06-03,5,007,suv,1,6,12.76,264.7,34.6
2026-06-03,6,008,Van(14 Pax),1,6,11.28,417.5,61.7
2026-06-03,7,009,suv,1,7,10.92,362.6,55.3
2026-06-03,9,001,suv,1,5,8.74,290.7,55.4
2026-06-03,11,002,mini_van,1,5,10.68,326.3,50.9
2026-06-03,12,11,Van(14 Pax),1,7,11.95,343.0,47.8
2026-06-03,13,12,Van(14 Pax),1,7,12.29,370.5,50.3
2026-06-03,15,13,towncar,1,5,7.19,213.0,49.4
2026-06-04,1,003,suv,1,5,7.17,295.7,68.8
2026-06-04,2,004,Van(14 Pax),1,6,8.42,321.0,63.5
2026-06-04,3,005,van,1,4,6.82,239.2,58.4
2026-06-04,4,006,suv,1,6,10.43,298.9,47.8
2026-06-04,5,007,suv,1,5,9.11,289.3,52.9
2026-06-04,7,009,suv,1,5,11.38,336.7,49.3
2026-06-04,8,10,mini_van,1,6,8.1,273.5,56.3
2026-06-04,9,001,suv,1,5,9.65,223.3,38.6
2026-06-04,11,002,mini_van,1,5,9.98,290.6,48.5
2026-06-04,12,11,Van(14 Pax),1,4,10.31,184.2,29.8
2026-06-04,13,12,Van(14 Pax),1,4,7.81,281.2,60.0
2026-06-04,15,13,towncar,1,4,9.42,230.5,40.8
2026-06-05,1,003,suv,1,9,18.5,523.3,47.1
2026-06-05,2,004,Van(14 Pax),1,7,15.11,372.8,41.1
2026-06-05,3,005,van,1,6,12.69,244.1,32.1
2026-06-05,4,006,suv,2,10,20.34,535.6,43.9
2026-06-05,5,007,suv,1,3,3.74,154.2,68.7
2026-06-05,6,008,Van(14 Pax),1,8,17.69,597.3,56.3
2026-06-05,7,009,suv,1,7,9.8,350.1,59.6
2026-06-05,8,10,mini_van,1,5,6.57,177.3,45.0
2026-06-05,9,001,suv,1,7,12.55,301.2,40.0
2026-06-05,11,002,mini_van,1,4,8.12,279.6,57.4
2026-06-05,12,11,Van(14 Pax),1,6,12.63,374.3,49.4
2026-06-05,13,12,Van(14 Pax),1,8,12.78,359.9,46.9
2026-06-05,15,13,towncar,1,6,13.44,423.5,52.5
2026-06-06,1,003,suv,1,9,13.55,500.7,61.6
2026-06-06,2,004,Van(14 Pax),1,8,11.87,346.3,48.6
2026-06-06,3,005,van,1,5,11.77,233.6,33.1
2026-06-06,4,006,suv,1,7,12.14,358.5,49.2
2026-06-06,5,007,suv,1,7,12.47,315.1,42.1
2026-06-06,6,008,Van(14 Pax),2,7,14.82,531.5,59.8
2026-06-06,7,009,suv,1,8,13.55,407.5,50.1
2026-06-06,8,10,mini_van,1,6,11.84,494.0,69.6
2026-06-06,9,001,suv,1,7,11.57,437.8,63.1
2026-06-06,11,002,mini_van,1,7,10.46,299.7,47.7
2026-06-06,12,11,Van(14 Pax),1,5,8.29,299.4,60.2
2026-06-06,13,12,Van(14 Pax),1,6,16.77,588.0,58.4
2026-06-06,15,13,towncar,1,6,13.38,296.6,36.9
2026-06-07,1,003,suv,1,7,10.85,236.8,36.4
2026-06-07,2,004,Van(14 Pax),1,7,10.76,303.1,46.9
2026-06-07,3,005,van,1,6,11.59,272.7,39.2
2026-06-07,4,006,suv,1,6,11.02,366.9,55.5
2026-06-07,5,007,suv,1,7,11.4,371.5,54.3
2026-06-07,6,008,Van(14 Pax),1,6,13.74,478.8,58.1
2026-06-07,7,009,suv,1,7,13.47,362.8,44.9
2026-06-07,8,10,mini_van,1,7,11.61,344.3,49.4
2026-06-07,9,001,suv,1,8,14.57,466.7,53.4
2026-06-07,11,002,mini_van,1,6,12.86,404.7,52.4
2026-06-07,12,11,Van(14 Pax),1,5,9.12,337.9,61.7
2026-06-07,13,12,Van(14 Pax),1,9,14.02,522.8,62.1
2026-06-07,15,13,towncar,1,7,15.25,365.4,39.9
2026-06-08,1,003,suv,1,8,14.7,365.5,41.4
2026-06-08,2,004,Van(14 Pax),1,5,9.58,262.0,45.6
2026-06-08,3,005,van,1,6,10.4,254.2,40.7
2026-06-08,4,006,suv,1,1,0.27,16.5,100.0
2026-06-08,5,007,suv,2,9,20.64,480.0,38.8
2026-06-08,6,008,Van(14 Pax),1,1,1.29,77.3,100.0
2026-06-08,7,009,suv,1,5,10.74,266.1,41.3
2026-06-08,8,10,mini_van,1,5,12.2,336.0,45.9
2026-06-08,9,001,suv,1,4,9.65,232.1,40.1
2026-06-08,11,002,mini_van,2,10,22.39,593.7,44.2
2026-06-08,12,11,Van(14 Pax),1,5,11.06,392.7,59.2
2026-06-08,13,12,Van(14 Pax),1,5,10.22,390.2,63.7
2026-06-08,15,13,towncar,1,5,13.34,429.2,53.6
2026-06-09,1,003,suv,1,6,10.3,296.5,48.0
2026-06-09,2,004,Van(14 Pax),1,4,9.14,263.7,48.1
2026-06-09,3,005,van,1,4,6.67,262.5,65.6
2026-06-09,4,006,suv,2,7,23.79,1461.2,102.4
2026-06-09,5,007,suv,2,6,15.74,382.3,40.5
2026-06-09,7,009,suv,1,6,12.25,307.1,41.8
2026-06-09,8,10,mini_van,1,3,7.07,216.3,51.0
2026-06-09,9,001,suv,1,5,8.38,212.1,42.2
2026-06-09,11,002,mini_van,1,3,3.82,170.3,74.3
2026-06-09,12,11,Van(14 Pax),1,5,7.16,253.4,59.0
2026-06-09,13,12,Van(14 Pax),1,2,1.63,65.4,66.8
2026-06-09,15,13,towncar,1,4,14.38,282.0,32.7
2026-06-10,1,003,suv,2,5,12.94,453.9,58.5
2026-06-10,2,004,Van(14 Pax),1,6,10.17,276.5,45.3
2026-06-10,3,005,van,1,8,9.89,284.7,48.0
2026-06-10,4,006,suv,1,4,8.61,312.4,60.5
2026-06-10,5,007,suv,1,6,11.79,264.8,37.4
2026-06-10,6,008,Van(14 Pax),1,7,14.41,426.6,49.3
2026-06-10,7,009,suv,2,10,19.18,527.4,45.8
2026-06-10,8,10,mini_van,1,3,6.61,226.0,57.0
2026-06-10,9,001,suv,1,6,9.68,244.6,42.1
2026-06-10,11,002,mini_van,1,6,12.53,366.4,48.8
2026-06-10,12,11,Van(14 Pax),1,5,9.8,312.5,53.1
2026-06-10,13,12,Van(14 Pax),1,7,17.39,490.2,47.0
2026-06-10,15,13,towncar,2,7,14.16,402.9,47.4
2026-06-11,1,003,suv,1,4,10.54,188.1,29.7
2026-06-11,2,004,Van(14 Pax),1,5,5.91,127.5,36.0
2026-06-11,3,005,van,1,6,14.09,395.4,46.8
2026-06-11,4,006,suv,1,5,11.27,237.1,35.1
2026-06-11,5,007,suv,2,8,22.31,482.8,36.1
2026-06-11,6,008,Van(14 Pax),1,6,22.74,387.6,28.4
2026-06-11,7,009,suv,1,6,16.2,384.0,39.5
2026-06-11,8,10,mini_van,1,3,6.16,135.2,36.6
2026-06-11,9,001,suv,1,5,9.64,329.6,57.0
2026-06-11,11,002,mini_van,1,4,9.33,270.5,48.3
2026-06-11,12,11,Van(14 Pax),1,7,10.69,323.1,50.4
2026-06-11,13,12,Van(14 Pax),1,6,11.92,434.6,60.8
2026-06-11,15,13,towncar,1,3,9.53,188.3,32.9
2026-06-12,1,003,suv,2,10,20.0,519.7,43.3
2026-06-12,2,004,Van(14 Pax),1,8,14.08,528.7,62.6
2026-06-12,3,005,van,1,7,12.72,350.3,45.9
2026-06-12,4,006,suv,1,7,13.52,351.4,43.3
2026-06-12,5,007,suv,1,7,12.19,433.7,59.3
2026-06-12,6,008,Van(14 Pax),1,7,13.06,473.7,60.5
2026-06-12,7,009,suv,1,6,10.72,307.5,47.8
2026-06-12,8,10,mini_van,1,7,10.64,428.3,67.1
2026-06-12,9,001,suv,1,6,15.12,386.8,42.6
2026-06-12,11,002,mini_van,1,7,15.8,334.1,35.2
2026-06-12,12,11,Van(14 Pax),1,8,13.41,548.0,68.1
2026-06-12,13,12,Van(14 Pax),1,8,15.53,516.6,55.4
2026-06-12,15,13,towncar,1,5,10.29,280.4,45.4
2026-06-13,1,003,suv,1,9,13.64,463.6,56.6
2026-06-13,2,004,Van(14 Pax),1,12,17.33,685.1,65.9
2026-06-13,3,005,van,1,9,14.19,455.4,53.5
2026-06-13,4,006,suv,2,12,18.45,582.1,52.6
2026-06-13,5,007,suv,2,5,17.06,321.0,31.4
2026-06-13,6,008,Van(14 Pax),1,9,14.64,232.2,26.4
2026-06-13,7,009,suv,1,8,12.67,511.3,67.2
2026-06-13,8,10,mini_van,1,9,12.38,472.1,63.6
2026-06-13,9,001,suv,1,6,9.23,325.3,58.7
2026-06-13,11,002,mini_van,1,6,12.73,394.7,51.7
2026-06-13,12,11,Van(14 Pax),1,6,7.21,315.9,73.0
2026-06-13,13,12,Van(14 Pax),1,6,11.62,444.0,63.7
2026-06-13,15,13,towncar,1,8,13.93,516.5,61.8
2026-06-14,1,003,suv,1,10,13.38,478.7,59.6
2026-06-14,2,004,Van(14 Pax),1,6,12.01,459.2,63.7
2026-06-14,3,005,van,1,8,11.54,345.2,49.9
2026-06-14,4,006,suv,1,9,13.05,451.7,57.7
2026-06-14,5,007,suv,2,10,20.36,422.7,34.6
2026-06-14,6,008,Van(14 Pax),1,9,15.63,543.7,58.0
2026-06-14,7,009,suv,1,9,14.23,421.0,49.3
2026-06-14,8,10,mini_van,1,8,12.39,378.8,51.0
2026-06-14,9,001,suv,1,8,11.47,345.7,50.2
2026-06-14,11,002,mini_van,1,5,10.3,312.7,50.6
2026-06-14,12,11,Van(14 Pax),1,8,13.05,446.1,57.0
2026-06-14,13,12,Van(14 Pax),1,8,11.13,459.5,68.8
2026-06-14,15,13,towncar,1,7,13.98,354.7,42.3
2026-06-15,1,003,suv,1,6,11.84,374.9,52.8
2026-06-15,2,004,Van(14 Pax),1,6,10.45,376.1,60.0
2026-06-15,3,005,van,1,5,8.75,219.5,41.8
2026-06-15,4,006,suv,1,6,12.02,371.7,51.5
2026-06-15,5,007,suv,1,5,13.04,377.5,48.2
2026-06-15,6,008,Van(14 Pax),1,4,13.79,282.6,34.1
2026-06-15,7,009,suv,1,5,8.0,252.7,52.7
2026-06-15,8,10,mini_van,1,5,12.46,310.2,41.5
2026-06-15,9,001,suv,1,7,11.33,326.4,48.0
2026-06-15,11,002,mini_van,1,3,5.98,185.5,51.7
2026-06-15,12,11,Van(14 Pax),1,4,9.97,280.2,46.9
2026-06-15,13,12,Van(14 Pax),1,6,15.26,347.5,38.0
2026-06-15,15,13,towncar,1,4,10.06,247.0,40.9
2026-06-16,1,003,suv,1,6,11.11,279.9,42.0
2026-06-16,2,004,Van(14 Pax),1,5,11.69,345.1,49.2
2026-06-16,3,005,van,1,5,7.61,241.2,52.8
2026-06-16,4,006,suv,1,4,12.75,416.1,54.4
2026-06-16,5,007,suv,1,3,12.25,274.9,37.4
2026-06-16,6,008,Van(14 Pax),1,4,7.81,151.5,32.3
2026-06-16,7,009,suv,1,5,7.34,169.4,38.4
2026-06-16,8,10,mini_van,1,3,5.25,162.4,51.5
2026-06-16,9,001,suv,1,8,11.28,314.1,46.4
2026-06-16,11,002,mini_van,1,5,7.64,212.5,46.3
2026-06-16,12,11,Van(14 Pax),1,4,9.26,239.7,43.1
2026-06-16,15,13,towncar,1,3,5.84,147.8,42.2
2026-06-17,1,003,suv,1,7,15.3,360.5,39.3
2026-06-17,2,004,Van(14 Pax),1,7,10.5,338.0,53.6
2026-06-17,3,005,van,1,6,11.25,315.4,46.7
2026-06-17,4,006,suv,1,7,10.93,249.4,38.0
2026-06-17,5,007,suv,1,6,11.11,343.7,51.6
2026-06-17,6,008,Van(14 Pax),1,8,15.09,459.9,50.8
2026-06-17,7,009,suv,1,4,11.36,358.4,52.6
2026-06-17,8,10,mini_van,1,5,10.97,364.6,55.4
2026-06-17,9,001,suv,1,5,9.32,410.2,73.4
2026-06-17,11,002,mini_van,1,6,12.33,468.0,63.2
2026-06-17,12,11,Van(14 Pax),1,5,10.5,318.2,50.5
2026-06-17,13,12,Van(14 Pax),1,6,13.12,411.2,52.2
2026-06-17,15,13,towncar,1,4,11.27,320.7,47.4
2026-06-18,1,003,suv,2,10,18.67,523.6,46.7
2026-06-18,2,004,Van(14 Pax),1,6,11.3,302.7,44.6
2026-06-18,3,005,van,1,4,10.65,256.9,40.2
2026-06-18,4,006,suv,1,5,11.81,283.4,40.0
2026-06-18,5,007,suv,1,7,13.32,415.6,52.0
2026-06-18,7,009,suv,1,7,12.85,306.2,39.7
2026-06-18,8,10,mini_van,1,4,8.95,266.0,49.5
2026-06-18,9,001,suv,1,5,8.96,295.7,55.0
2026-06-18,11,002,mini_van,1,5,10.93,238.7,36.4
2026-06-18,12,11,Van(14 Pax),1,6,10.0,322.5,53.7
2026-06-18,13,12,Van(14 Pax),1,8,15.64,469.9,50.1
2026-06-18,15,13,towncar,1,7,12.9,360.9,46.6
2026-06-19,1,003,suv,1,7,12.74,399.3,52.2
2026-06-19,2,004,Van(14 Pax),1,8,14.15,517.1,60.9
2026-06-19,3,005,van,1,4,4.81,203.8,70.7
2026-06-19,4,006,suv,2,7,14.93,524.2,58.5
2026-06-19,5,007,suv,2,9,18.67,443.5,39.6
2026-06-19,6,008,Van(14 Pax),1,7,13.31,463.7,58.1
2026-06-19,7,009,suv,1,5,11.18,300.2,44.7
2026-06-19,8,10,mini_van,1,4,13.19,385.2,48.7
2026-06-19,9,001,suv,1,7,12.56,382.4,50.7
2026-06-19,11,002,mini_van,1,6,10.87,418.3,64.2
2026-06-19,12,11,Van(14 Pax),1,6,14.87,502.5,56.3
2026-06-19,13,12,Van(14 Pax),1,7,15.89,607.5,63.7
2026-06-19,15,13,towncar,1,5,11.11,175.2,26.3
2026-06-20,1,003,suv,1,9,13.08,449.1,57.2
2026-06-20,2,004,Van(14 Pax),1,9,15.58,437.1,46.8
2026-06-20,3,005,van,1,10,14.16,376.4,44.3
2026-06-20,4,006,suv,1,8,12.61,409.7,54.1
2026-06-20,5,007,suv,1,8,15.98,379.3,39.5
2026-06-20,6,008,Van(14 Pax),1,5,10.67,429.3,67.1
2026-06-20,7,009,suv,1,8,12.44,344.7,46.2
2026-06-20,8,10,mini_van,1,6,14.07,606.1,71.8
2026-06-20,9,001,suv,1,9,13.57,411.8,50.6
2026-06-20,11,002,mini_van,1,7,15.47,465.9,50.2
2026-06-20,12,11,Van(14 Pax),1,7,12.19,515.9,70.6
2026-06-20,13,12,Van(14 Pax),1,9,15.95,597.0,62.4
2026-06-20,15,13,towncar,1,9,13.43,448.1,55.6
2026-06-21,1,003,suv,1,8,14.14,499.8,58.9
2026-06-21,2,004,Van(14 Pax),1,7,16.8,470.3,46.6
2026-06-21,3,005,van,1,8,11.31,372.1,54.9
2026-06-21,4,006,suv,1,8,13.36,379.0,47.3
2026-06-21,5,007,suv,1,8,12.22,493.4,67.3
2026-06-21,6,008,Van(14 Pax),1,6,12.21,267.9,36.6
2026-06-21,7,009,suv,1,8,12.0,394.2,54.7
2026-06-21,8,10,mini_van,1,6,7.54,275.6,60.9
2026-06-21,9,001,suv,1,7,15.42,545.4,59.0
2026-06-21,11,002,mini_van,2,8,20.14,386.5,32.0
2026-06-21,12,11,Van(14 Pax),1,9,12.89,521.0,67.4
2026-06-21,13,12,Van(14 Pax),1,4,12.93,517.1,66.6
2026-06-21,15,13,towncar,1,2,2.76,140.9,84.9
2026-06-22,1,003,suv,1,8,11.08,384.0,57.7
2026-06-22,2,004,Van(14 Pax),1,5,9.2,345.9,62.7
2026-06-22,3,005,van,1,8,11.93,412.4,57.6
2026-06-22,4,006,suv,1,6,10.79,358.4,55.3
2026-06-22,5,007,suv,2,8,16.13,481.9,49.8
2026-06-22,6,008,Van(14 Pax),1,5,10.84,377.1,58.0
2026-06-22,7,009,suv,1,4,6.85,276.3,67.2
2026-06-22,8,10,mini_van,1,5,8.44,232.3,45.8
2026-06-22,9,001,suv,1,4,8.12,310.9,63.8
2026-06-22,11,002,mini_van,1,3,9.5,299.8,52.6
2026-06-22,12,11,Van(14 Pax),1,4,8.96,282.9,52.6
2026-06-22,13,12,Van(14 Pax),1,5,10.14,337.1,55.4
2026-06-22,15,13,towncar,1,6,10.19,319.9,52.3
2026-06-23,1,003,suv,1,5,15.13,438.6,48.3
2026-06-23,2,004,Van(14 Pax),1,8,12.95,474.5,61.1
2026-06-23,3,005,van,1,6,11.7,461.3,65.7
2026-06-23,4,006,suv,1,8,14.07,445.8,52.8
2026-06-23,5,007,suv,1,7,12.86,453.7,58.8
2026-06-23,6,008,Van(14 Pax),1,2,10.39,116.6,18.7
2026-06-23,7,009,suv,1,4,10.82,284.5,43.8
2026-06-23,8,10,mini_van,2,6,21.42,427.6,33.3
2026-06-23,9,001,suv,1,6,11.12,300.0,45.0
2026-06-23,11,002,mini_van,1,6,9.71,321.4,55.2
2026-06-23,12,11,Van(14 Pax),1,6,12.46,292.3,39.1
2026-06-23,13,12,Van(14 Pax),1,8,12.16,391.8,53.7
2026-06-23,15,13,towncar,1,5,9.42,272.5,48.2
2026-06-24,1,003,suv,1,5,12.4,400.7,53.9
2026-06-24,2,004,Van(14 Pax),1,5,11.89,564.4,79.1
2026-06-24,3,005,van,1,6,9.62,287.1,49.7
2026-06-24,4,006,suv,1,4,12.01,373.8,51.9
2026-06-24,6,008,Van(14 Pax),1,6,13.52,370.8,45.7
2026-06-24,8,10,mini_van,1,5,12.31,285.8,38.7
2026-06-24,9,001,suv,1,6,10.72,302.5,47.0
2026-06-24,11,002,mini_van,1,5,10.76,437.9,67.8
2026-06-24,12,11,Van(14 Pax),1,5,11.69,374.3,53.4
2026-06-24,13,12,Van(14 Pax),1,6,11.14,316.8,47.4
2026-06-24,15,13,towncar,1,4,7.13,229.6,53.7
2026-06-25,1,003,suv,1,7,11.63,339.6,48.6
2026-06-25,2,004,Van(14 Pax),1,8,12.21,361.4,49.3
2026-06-25,3,005,van,1,6,10.99,291.1,44.2
2026-06-25,4,006,suv,1,6,9.71,269.7,46.3
2026-06-25,5,007,suv,1,4,10.97,428.2,65.1
2026-06-25,7,009,suv,1,3,10.36,247.7,39.8
2026-06-25,8,10,mini_van,1,3,7.35,267.0,60.6
2026-06-25,9,001,suv,1,5,10.37,395.4,63.5
2026-06-25,11,002,mini_van,1,4,9.93,228.6,38.4
2026-06-25,12,11,Van(14 Pax),1,6,16.01,558.4,58.1
2026-06-25,13,12,Van(14 Pax),1,7,13.53,358.6,44.2
2026-06-25,15,13,towncar,1,5,11.18,369.5,55.1
2026-06-26,1,003,suv,1,7,13.37,400.0,49.9
2026-06-26,2,004,Van(14 Pax),1,7,13.28,382.2,48.0
2026-06-26,3,005,van,1,8,10.8,375.9,58.0
2026-06-26,4,006,suv,1,6,13.83,499.1,60.2
2026-06-26,5,007,suv,1,7,12.73,535.1,70.0
2026-06-26,6,008,Van(14 Pax),1,7,16.39,672.3,68.4
2026-06-26,7,009,suv,2,9,14.52,527.0,60.5
2026-06-26,8,10,mini_van,2,9,15.96,577.5,60.3
2026-06-26,9,001,suv,1,7,12.25,316.5,43.1
2026-06-26,11,002,mini_van,2,8,17.81,530.6,49.7
2026-06-26,12,11,Van(14 Pax),1,5,7.55,329.4,72.7
2026-06-26,13,12,Van(14 Pax),1,5,13.99,530.3,63.2
2026-06-26,15,13,towncar,1,9,13.18,536.3,67.8
2026-06-27,1,003,suv,1,8,12.2,490.4,67.0
2026-06-27,2,004,Van(14 Pax),1,9,11.48,411.6,59.8
2026-06-27,3,005,van,1,10,12.2,412.8,56.4
2026-06-27,4,006,suv,1,9,15.71,529.8,56.2
2026-06-27,5,007,suv,1,5,15.63,713.7,76.1
2026-06-27,6,008,Van(14 Pax),1,7,14.04,397.6,47.2
2026-06-27,7,009,suv,2,10,20.43,626.9,51.1
2026-06-27,8,10,mini_van,1,7,9.86,403.5,68.2
2026-06-27,9,001,suv,1,8,9.78,331.2,56.5
2026-06-27,11,002,mini_van,1,4,13.65,284.4,34.7
2026-06-27,12,11,Van(14 Pax),1,12,17.28,772.4,74.5
2026-06-27,13,12,Van(14 Pax),1,8,16.99,532.7,52.2
2026-06-27,15,13,towncar,1,8,15.09,479.3,52.9
2026-06-28,1,003,suv,1,7,10.63,377.2,59.1
2026-06-28,2,004,Van(14 Pax),1,7,11.78,407.7,57.7
2026-06-28,3,005,van,1,6,10.05,304.7,50.5
2026-06-28,4,006,suv,1,7,11.63,389.9,55.9
2026-06-28,5,007,suv,1,8,14.2,479.4,56.3
2026-06-28,6,008,Van(14 Pax),1,6,12.95,471.5,60.7
2026-06-28,7,009,suv,1,7,11.48,365.4,53.0
2026-06-28,8,10,mini_van,1,4,13.18,500.3,63.3
2026-06-28,9,001,suv,2,7,19.3,492.9,42.6
2026-06-28,11,002,mini_van,2,8,18.23,461.5,42.2
2026-06-28,12,11,Van(14 Pax),1,6,14.14,373.4,44.0
2026-06-28,13,12,Van(14 Pax),1,8,14.53,371.9,42.7
2026-06-28,15,13,towncar,1,9,11.55,405.8,58.6
2026-06-29,1,003,suv,1,4,7.59,211.0,46.4
2026-06-29,2,004,Van(14 Pax),1,8,12.84,492.2,63.9
2026-06-29,3,005,van,1,6,13.6,378.8,46.4
2026-06-29,4,006,suv,1,8,10.44,431.5,68.9
2026-06-29,5,007,suv,1,5,8.05,185.1,38.3
2026-06-29,6,008,Van(14 Pax),1,6,9.98,354.4,59.2
2026-06-29,7,009,suv,1,7,12.25,383.3,52.1
2026-06-29,8,10,mini_van,1,7,13.17,415.6,52.6
2026-06-29,9,001,suv,1,5,7.83,302.2,64.3
2026-06-29,11,002,mini_van,1,4,6.93,229.3,55.1
2026-06-29,12,11,Van(14 Pax),1,3,4.92,206.7,70.0
2026-06-29,13,12,Van(14 Pax),1,6,10.54,361.6,57.2
2026-06-29,15,13,towncar,1,4,9.65,203.3,35.1
2026-06-30,1,003,suv,1,4,5.59,209.2,62.3
2026-06-30,2,004,Van(14 Pax),1,11,16.87,404.1,39.9
2026-06-30,3,005,van,1,4,10.58,378.2,59.5
2026-06-30,4,006,suv,1,5,11.31,301.7,44.4
2026-06-30,5,007,suv,1,3,6.5,219.1,56.2
2026-06-30,6,008,Van(14 Pax),2,9,18.87,978.4,86.4
2026-06-30,7,009,suv,1,3,9.6,371.2,64.4
2026-06-30,8,10,mini_van,1,6,16.8,594.0,58.9
2026-06-30,9,001,suv,1,5,10.25,325.5,52.9
2026-06-30,11,002,mini_van,1,5,10.45,395.3,63.0
2026-06-30,13,12,Van(14 Pax),1,6,16.24,704.1,72.3
2026-06-30,15,13,towncar,1,4,10.89,488.6,74.8
2026-07-01,1,003,suv,1,4,9.0,289.5,53.6
2026-07-01,2,004,Van(14 Pax),1,6,12.64,360.6,47.5
2026-07-01,3,005,van,1,6,10.15,315.4,51.8
2026-07-01,4,006,suv,1,5,10.12,365.9,60.2
2026-07-01,5,007,suv,1,6,10.52,319.2,50.6
2026-07-01,7,009,suv,1,6,10.98,414.1,62.9
2026-07-01,8,10,mini_van,1,6,11.73,381.6,54.2
2026-07-01,9,001,suv,1,6,9.2,315.2,57.1
2026-07-01,11,002,mini_van,1,5,8.96,310.2,57.7
2026-07-01,13,12,Van(14 Pax),1,1,1.39,83.1,100.0
2026-07-01,15,13,towncar,1,2,5.3,129.1,40.6
2026-07-02,1,003,suv,1,9,15.4,434.4,47.0
2026-07-02,2,004,Van(14 Pax),1,6,9.07,221.2,40.6
2026-07-02,3,005,van,1,6,13.15,376.0,47.7
2026-07-02,4,006,suv,1,9,14.03,387.4,46.0
2026-07-02,5,007,suv,1,7,14.1,463.4,54.8
2026-07-02,6,008,Van(14 Pax),1,8,14.47,385.6,44.4
2026-07-02,7,009,suv,1,6,10.69,342.3,53.4
2026-07-02,8,10,mini_van,1,5,11.9,304.1,42.6
2026-07-02,9,001,suv,1,7,12.2,407.7,55.7
2026-07-02,11,002,mini_van,1,7,11.62,341.0,48.9
2026-07-02,13,12,Van(14 Pax),1,9,23.25,566.6,40.6
2026-07-02,15,13,towncar,1,2,3.67,128.4,58.3
2026-07-03,1,003,suv,1,7,11.06,346.8,52.3
2026-07-03,3,005,van,1,7,9.62,361.4,62.6
2026-07-03,4,006,suv,2,8,16.72,562.7,56.1
2026-07-03,5,007,suv,1,6,10.58,372.1,58.6
2026-07-03,6,008,Van(14 Pax),1,8,10.75,360.4,55.9
2026-07-03,7,009,suv,1,5,10.68,316.7,49.4
2026-07-03,8,10,mini_van,2,10,15.86,442.6,46.5
2026-07-03,9,001,suv,1,10,14.2,408.8,48.0
2026-07-03,11,002,mini_van,2,9,16.77,460.9,45.8
2026-07-03,12,11,Van(14 Pax),1,9,12.35,376.7,50.8
2026-07-03,13,12,Van(14 Pax),1,8,10.5,310.6,49.3
2026-07-03,15,13,towncar,2,9,21.29,447.9,35.1
2026-07-04,1,003,suv,1,7,13.36,410.8,51.3
2026-07-04,2,004,Van(14 Pax),1,6,7.63,254.8,55.6
2026-07-04,3,005,van,1,5,9.49,337.7,59.3
2026-07-04,4,006,suv,1,4,8.26,305.8,61.7
2026-07-04,5,007,suv,1,4,7.96,277.1,58.1
2026-07-04,6,008,Van(14 Pax),1,5,6.81,291.0,71.2
2026-07-04,7,009,suv,1,8,12.35,496.3,67.0
2026-07-04,8,10,mini_van,1,4,10.29,270.5,43.8
2026-07-04,9,001,suv,1,7,10.73,360.5,56.0
2026-07-04,11,002,mini_van,1,4,9.92,253.9,42.7
2026-07-04,13,12,Van(14 Pax),1,7,12.25,486.2,66.2
2026-07-04,15,13,towncar,1,6,12.2,311.1,42.5
2026-07-05,1,003,suv,1,9,12.02,390.5,54.1
2026-07-05,2,004,Van(14 Pax),1,9,15.11,452.7,49.9
2026-07-05,3,005,van,1,8,11.46,354.0,51.5
2026-07-05,4,006,suv,1,7,11.3,426.1,62.9
2026-07-05,5,007,suv,1,8,12.92,498.7,64.4
2026-07-05,7,009,suv,1,8,12.53,511.4,68.0
2026-07-05,8,10,mini_van,1,7,11.73,403.5,57.4
2026-07-05,9,001,suv,1,7,12.44,354.3,47.5
2026-07-05,11,002,mini_van,2,11,23.14,827.7,59.6
2026-07-05,12,11,Van(14 Pax),1,8,13.68,467.0,56.9
2026-07-05,13,12,Van(14 Pax),1,5,11.18,292.8,43.6
2026-07-05,15,13,towncar,2,7,13.97,871.2,103.9
2026-07-06,1,003,suv,1,6,10.61,285.3,44.8
2026-07-06,2,004,Van(14 Pax),1,5,14.4,306.0,35.4
2026-07-06,3,005,van,1,4,7.38,185.0,41.8
2026-07-06,4,006,suv,1,5,11.27,269.8,39.9
2026-07-06,5,007,suv,1,5,10.55,426.1,67.3
2026-07-06,6,008,Van(14 Pax),1,3,2.93,110.6,62.8
2026-07-06,7,009,suv,1,5,14.54,438.3,50.2
2026-07-06,8,10,mini_van,1,6,13.39,379.9,47.3
2026-07-06,9,001,suv,1,6,11.62,387.4,55.6
2026-07-06,11,002,mini_van,1,7,13.67,394.7,48.1
2026-07-06,12,11,Van(14 Pax),1,6,13.69,363.0,44.2
2026-07-06,13,12,Van(14 Pax),1,9,21.63,491.6,37.9
2026-07-06,15,13,towncar,1,4,9.66,240.6,41.5
2026-07-07,1,003,suv,1,7,12.13,353.9,48.6
2026-07-07,2,004,Van(14 Pax),1,6,12.17,406.0,55.6
2026-07-07,3,005,van,1,5,8.76,346.8,65.9
2026-07-07,4,006,suv,1,7,15.49,499.3,53.7
2026-07-07,5,007,suv,1,6,14.76,409.1,46.2
2026-07-07,6,008,Van(14 Pax),1,8,13.03,370.9,47.4
2026-07-07,7,009,suv,2,4,16.85,221.1,21.9
2026-07-07,8,10,mini_van,1,7,15.82,429.9,45.3
2026-07-07,9,001,suv,1,6,10.12,335.0,55.1
2026-07-07,11,002,mini_van,1,5,16.25,282.1,28.9
2026-07-07,12,11,Van(14 Pax),1,7,8.76,297.3,56.6
2026-07-07,13,12,Van(14 Pax),1,6,18.55,426.9,38.3
2026-07-07,15,13,towncar,1,4,8.19,184.6,37.6
2026-07-08,1,003,suv,1,7,11.83,356.1,50.2
2026-07-08,2,004,Van(14 Pax),1,5,6.94,208.3,50.0
2026-07-08,3,005,van,1,3,5.24,167.5,53.3
2026-07-08,4,006,suv,1,6,15.76,473.3,50.0
2026-07-08,5,007,suv,1,6,11.23,377.2,56.0
2026-07-08,6,008,Van(14 Pax),1,6,13.07,316.0,40.3
2026-07-08,7,009,suv,1,7,13.6,479.5,58.7
2026-07-08,8,10,mini_van,1,5,15.0,322.7,35.9
2026-07-08,9,001,suv,1,6,9.69,218.1,37.5
2026-07-08,11,002,mini_van,1,5,15.29,343.1,37.4
2026-07-08,12,11,Van(14 Pax),1,6,12.12,368.4,50.7
2026-07-08,13,12,Van(14 Pax),1,7,13.27,393.4,49.4
2026-07-08,15,13,towncar,1,3,10.22,200.3,32.7
2026-07-09,1,003,suv,1,7,11.98,296.3,41.2
2026-07-09,2,004,Van(14 Pax),1,5,9.66,240.7,41.5
2026-07-09,3,005,van,1,5,12.08,394.0,54.4
2026-07-09,4,006,suv,2,5,12.66,318.8,42.0
2026-07-09,5,007,suv,1,3,12.76,248.8,32.5
2026-07-09,6,008,Van(14 Pax),1,5,10.18,277.5,45.4
2026-07-09,7,009,suv,1,4,8.78,227.1,43.1
2026-07-09,8,10,mini_van,1,6,10.4,262.9,42.1
2026-07-09,9,001,suv,1,3,3.74,206.6,92.0
2026-07-09,11,002,mini_van,2,6,16.97,395.0,38.8
2026-07-09,12,11,Van(14 Pax),1,5,10.04,400.4,66.4
2026-07-09,13,12,Van(14 Pax),1,1,1.5,89.8,100.0
2026-07-09,15,13,towncar,2,6,15.06,323.3,35.8
2026-07-10,1,003,suv,1,5,9.78,322.4,55.0
2026-07-10,2,004,Van(14 Pax),1,5,10.24,298.2,48.6
2026-07-10,3,005,van,1,5,9.83,235.9,40.0
2026-07-10,4,006,suv,1,4,11.96,205.1,28.6
2026-07-10,5,007,suv,1,4,12.0,251.1,34.9
2026-07-10,6,008,Van(14 Pax),1,6,12.97,331.8,42.6
2026-07-10,7,009,suv,1,5,9.9,307.4,51.8
2026-07-10,8,10,mini_van,1,4,10.56,244.5,38.6
2026-07-10,9,001,suv,2,9,19.87,448.4,37.6
2026-07-10,11,002,mini_van,2,4,15.38,287.9,31.2
2026-07-10,12,11,Van(14 Pax),1,6,11.38,546.1,80.0
2026-07-10,13,12,Van(14 Pax),1,7,14.23,474.2,55.5
2026-07-10,15,13,towncar,2,5,12.11,307.7,42.4
2026-07-11,1,003,suv,1,10,14.86,531.7,59.6
2026-07-11,2,004,Van(14 Pax),1,9,15.44,466.8,50.4
2026-07-11,3,005,van,1,7,8.94,399.9,74.6
2026-07-11,4,006,suv,2,9,15.0,510.3,56.7
2026-07-11,5,007,suv,1,7,10.05,411.5,68.3
2026-07-11,6,008,Van(14 Pax),2,7,12.48,423.8,56.6
2026-07-11,7,009,suv,1,10,13.08,472.4,60.2
2026-07-11,8,10,mini_van,2,8,17.71,400.1,37.7
2026-07-11,9,001,suv,1,9,13.3,427.4,53.5
2026-07-11,11,002,mini_van,2,8,16.0,453.1,47.2
2026-07-11,12,11,Van(14 Pax),1,9,17.32,432.6,41.6
2026-07-11,13,12,Van(14 Pax),1,6,20.61,544.6,44.0
2026-07-11,15,13,towncar,2,8,18.14,561.0,51.6
2026-07-12,1,003,suv,1,8,19.77,579.3,48.8
2026-07-12,2,004,Van(14 Pax),1,12,16.5,603.5,61.0
2026-07-12,3,005,van,1,8,12.91,294.9,38.1
2026-07-12,4,006,suv,1,8,14.3,476.4,55.5
2026-07-12,5,007,suv,1,6,11.84,333.0,46.9
2026-07-12,6,008,Van(14 Pax),1,5,14.28,333.1,38.9
2026-07-12,7,009,suv,1,7,11.02,439.7,66.5
2026-07-12,8,10,mini_van,1,5,11.28,369.6,54.6
2026-07-12,9,001,suv,1,6,10.89,329.5,50.4
2026-07-12,11,002,mini_van,2,8,19.89,489.4,41.0
2026-07-12,12,11,Van(14 Pax),1,10,14.15,650.3,76.6
2026-07-12,13,12,Van(14 Pax),1,9,22.08,622.2,47.0
2026-07-12,15,13,towncar,2,7,13.38,466.1,58.0
2026-07-13,1,003,suv,1,7,9.94,364.1,61.1
2026-07-13,2,004,Van(14 Pax),1,7,11.01,303.6,45.9
2026-07-13,3,005,van,1,6,7.62,265.8,58.2
2026-07-13,4,006,suv,1,4,5.03,220.4,73.0
2026-07-13,5,007,suv,1,5,8.31,209.3,42.0
2026-07-13,6,008,Van(14 Pax),1,5,8.4,295.9,58.7
2026-07-13,7,009,suv,1,4,7.16,174.7,40.7
2026-07-13,8,10,mini_van,2,7,13.35,617.7,77.1
2026-07-13,9,001,suv,1,6,9.17,283.4,51.5
2026-07-13,11,002,mini_van,2,6,10.98,348.6,52.9
2026-07-13,12,11,Van(14 Pax),1,5,10.54,381.1,60.2
2026-07-13,13,12,Van(14 Pax),1,6,11.36,355.6,52.2
2026-07-13,15,13,towncar,1,3,13.31,550.6,69.0
2026-07-14,1,003,suv,1,6,12.48,270.4,36.1
2026-07-14,2,004,Van(14 Pax),1,7,13.14,419.8,53.3
2026-07-14,3,005,van,1,3,6.04,163.4,45.1
2026-07-14,4,006,suv,1,4,6.34,177.2,46.6
2026-07-14,5,007,suv,1,5,9.69,323.6,55.7
2026-07-14,6,008,Van(14 Pax),1,6,14.06,380.9,45.1
2026-07-14,7,009,suv,1,4,8.71,314.5,60.2
2026-07-14,8,10,mini_van,1,4,8.12,202.5,41.6
2026-07-14,9,001,suv,1,5,6.67,219.1,54.8
2026-07-14,11,002,mini_van,2,8,14.69,444.4,50.4
2026-07-14,12,11,Van(14 Pax),1,3,5.68,189.2,55.5
2026-07-14,13,12,Van(14 Pax),1,5,14.21,506.4,59.4
2026-07-14,15,13,towncar,1,5,7.46,247.0,55.2
2026-07-15,1,003,suv,1,7,11.3,338.0,49.9
2026-07-15,2,004,Van(14 Pax),1,4,9.27,279.6,50.3
2026-07-15,3,005,van,1,5,11.02,238.0,36.0
2026-07-15,4,006,suv,1,6,11.06,301.0,45.3
2026-07-15,5,007,suv,1,6,11.95,313.8,43.7
2026-07-15,7,009,suv,1,5,13.51,380.4,46.9
2026-07-15,8,10,mini_van,2,5,12.73,305.5,40.0
2026-07-15,9,001,suv,1,7,11.19,401.9,59.9
2026-07-15,11,002,mini_van,1,5,7.23,253.2,58.4
2026-07-15,12,11,Van(14 Pax),1,8,11.45,502.3,73.1
2026-07-15,13,12,Van(14 Pax),1,4,10.6,262.3,41.2
2026-07-15,15,13,towncar,1,4,9.43,335.5,59.3
2026-07-16,1,003,suv,1,5,11.85,190.1,26.7
2026-07-16,2,004,Van(14 Pax),1,6,12.32,417.2,56.4
2026-07-16,3,005,van,1,7,12.45,247.8,33.2
2026-07-16,4,006,suv,1,6,11.18,417.0,62.2
2026-07-16,5,007,suv,1,4,7.19,175.5,40.7
2026-07-16,7,009,suv,1,4,10.76,219.2,33.9
2026-07-16,8,10,mini_van,1,6,14.77,395.0,44.6
2026-07-16,9,001,suv,1,5,6.28,244.4,64.9
2026-07-16,12,11,Van(14 Pax),1,5,7.95,298.1,62.5
2026-07-16,13,12,Van(14 Pax),1,7,14.33,540.9,62.9
2026-07-16,15,13,towncar,2,5,11.19,198.7,29.6
2026-07-17,1,003,suv,1,6,13.36,279.8,34.9
2026-07-17,2,004,Van(14 Pax),1,5,9.52,226.9,39.7
2026-07-17,3,005,van,1,7,14.2,310.2,36.4
2026-07-17,4,006,suv,1,4,6.71,211.5,52.5
2026-07-17,5,007,suv,1,6,12.43,391.2,52.5
2026-07-17,6,008,Van(14 Pax),1,6,12.98,440.9,56.6
2026-07-17,7,009,suv,1,7,12.94,367.6,47.4
2026-07-17,8,10,mini_van,2,5,12.41,278.0,37.3
2026-07-17,9,001,suv,2,10,21.26,573.9,45.0
2026-07-17,11,002,mini_van,1,2,4.27,98.3,38.4
2026-07-17,12,11,Van(14 Pax),1,7,7.67,395.0,85.9
2026-07-17,13,12,Van(14 Pax),1,7,23.61,489.6,34.6
2026-07-17,15,13,towncar,2,6,16.67,305.8,30.6
2026-07-18,1,003,suv,1,11,13.43,422.4,52.4
2026-07-18,2,004,Van(14 Pax),1,8,16.65,572.6,57.3
2026-07-18,3,005,van,1,8,13.23,368.0,46.3
2026-07-18,4,006,suv,1,8,11.71,389.1,55.4
2026-07-18,5,007,suv,1,10,16.48,512.5,51.9
2026-07-18,6,008,Van(14 Pax),2,10,17.41,569.3,54.5
2026-07-18,7,009,suv,1,8,11.27,353.0,52.2
2026-07-18,8,10,mini_van,1,8,11.32,414.1,61.0
2026-07-18,9,001,suv,2,9,21.45,555.7,43.2
2026-07-18,11,002,mini_van,1,8,13.39,570.6,71.1
2026-07-18,12,11,Van(14 Pax),1,7,12.28,330.4,44.8
2026-07-18,13,12,Van(14 Pax),1,7,12.48,416.6,55.7
2026-07-18,15,13,towncar,1,8,17.9,590.2,54.9
2026-07-19,1,003,suv,1,6,9.46,372.4,65.6
2026-07-19,2,004,Van(14 Pax),1,8,14.36,410.2,47.6
2026-07-19,3,005,van,1,7,10.55,339.6,53.6
2026-07-19,4,006,suv,1,4,11.68,214.5,30.6
2026-07-19,5,007,suv,1,6,8.82,428.2,80.9
2026-07-19,6,008,Van(14 Pax),1,6,16.31,464.5,47.5
2026-07-19,7,009,suv,1,6,10.91,326.9,50.0
2026-07-19,8,10,mini_van,2,7,18.2,686.3,62.9
2026-07-19,9,001,suv,1,6,10.02,386.4,64.3
2026-07-19,11,002,mini_van,1,4,9.68,258.5,44.5
2026-07-19,12,11,Van(14 Pax),1,4,7.91,233.6,49.2
2026-07-19,13,12,Van(14 Pax),1,7,17.3,405.6,39.1
2026-07-19,15,13,towncar,1,4,4.59,128.9,46.8
2026-07-20,1,003,suv,1,7,16.04,354.4,36.8
2026-07-20,2,004,Van(14 Pax),1,6,11.27,358.3,53.0
2026-07-20,3,005,van,1,5,6.79,300.2,73.7
2026-07-20,4,006,suv,1,5,11.5,306.0,44.4
2026-07-20,5,007,suv,1,4,9.02,291.5,53.8
2026-07-20,6,008,Van(14 Pax),1,6,14.23,473.6,55.5
2026-07-20,7,009,suv,1,4,8.97,233.6,43.4
2026-07-20,8,10,mini_van,1,5,7.85,268.3,57.0
2026-07-20,9,001,suv,1,5,10.86,289.7,44.5
2026-07-20,11,002,mini_van,1,5,9.45,254.6,44.9
2026-07-20,12,11,Van(14 Pax),1,6,11.37,353.4,51.8
2026-07-20,13,12,Van(14 Pax),1,4,15.29,352.0,38.4
2026-07-20,15,13,towncar,1,5,14.72,350.2,39.7
2026-07-21,1,003,suv,1,5,10.35,337.8,54.4
2026-07-21,2,004,Van(14 Pax),1,5,9.79,257.3,43.8
2026-07-21,3,005,van,1,5,10.53,235.6,37.3
2026-07-21,4,006,suv,1,6,10.69,351.0,54.7
2026-07-21,5,007,suv,1,6,10.08,241.2,39.9
2026-07-21,6,008,Van(14 Pax),1,6,17.21,303.7,29.4
2026-07-21,7,009,suv,1,2,5.0,296.6,98.8
2026-07-21,8,10,mini_van,1,5,9.39,277.3,49.2
2026-07-21,9,001,suv,1,4,8.38,177.3,35.3
2026-07-21,11,002,mini_van,1,3,4.14,131.6,53.0
2026-07-21,12,11,Van(14 Pax),1,3,5.1,145.6,47.6
2026-07-21,13,12,Van(14 Pax),1,5,14.53,349.8,40.1
2026-07-21,15,13,towncar,1,4,6.15,152.5,41.4
2026-07-22,1,003,suv,1,7,9.63,334.6,57.9
2026-07-22,2,004,Van(14 Pax),1,7,11.51,334.3,48.4
2026-07-22,3,005,van,1,6,12.61,289.4,38.3
2026-07-22,4,006,suv,1,6,14.97,440.3,49.0
2026-07-22,5,007,suv,1,5,8.01,234.1,48.7
2026-07-22,6,008,Van(14 Pax),1,7,16.05,468.6,48.7
2026-07-22,7,009,suv,1,4,7.82,211.2,45.0
2026-07-22,8,10,mini_van,1,4,9.54,253.9,44.3
2026-07-22,9,001,suv,2,7,16.94,490.3,48.2
2026-07-22,11,002,mini_van,1,2,3.18,136.6,71.6
2026-07-22,12,11,Van(14 Pax),1,5,9.41,317.7,56.3
2026-07-22,13,12,Van(14 Pax),1,6,12.52,332.8,44.3
2026-07-22,15,13,towncar,1,2,10.19,310.9,50.9
2026-07-23,1,003,suv,1,5,8.47,264.0,52.0
2026-07-23,2,004,Van(14 Pax),1,4,9.89,346.0,58.3
2026-07-23,3,005,van,1,6,10.16,261.7,42.9
2026-07-23,4,006,suv,1,6,11.62,408.7,58.6
2026-07-23,5,007,suv,1,4,7.83,289.1,61.5
2026-07-23,6,008,Van(14 Pax),1,5,8.96,312.2,58.1
2026-07-23,7,009,suv,2,7,18.51,379.9,34.2
2026-07-23,8,10,mini_van,1,3,5.88,170.3,48.3
2026-07-23,9,001,suv,1,6,9.26,395.4,71.2
2026-07-23,11,002,mini_van,2,7,17.76,439.7,41.3
2026-07-23,12,11,Van(14 Pax),1,4,8.3,313.9,63.1
2026-07-23,15,13,towncar,1,5,12.55,305.6,40.6
2026-07-24,1,003,suv,1,7,12.8,356.4,46.4
2026-07-24,2,004,Van(14 Pax),1,4,6.84,147.5,35.9
2026-07-24,3,005,van,2,6,27.36,908.3,55.3
2026-07-24,4,006,suv,1,6,10.62,338.1,53.1
2026-07-24,5,007,suv,1,5,12.0,206.1,28.6
2026-07-24,6,008,Van(14 Pax),1,7,12.38,499.9,67.3
2026-07-24,7,009,suv,1,6,13.3,368.3,46.1
2026-07-24,8,10,mini_van,1,5,10.76,308.6,47.8
2026-07-24,9,001,suv,1,6,10.11,348.1,57.4
2026-07-24,11,002,mini_van,2,4,13.52,304.4,37.5
2026-07-24,12,11,Van(14 Pax),1,7,13.37,445.7,55.6
2026-07-24,13,12,Van(14 Pax),1,6,15.48,542.3,58.4
2026-07-24,15,13,towncar,1,4,10.47,195.2,31.1
2026-07-24,16,14,suv,1,6,12.59,299.1,39.6
2026-07-25,1,003,suv,1,7,10.35,313.0,50.4
2026-07-25,2,004,Van(14 Pax),1,9,16.62,526.9,52.8
2026-07-25,3,005,van,1,8,15.09,368.6,40.7
2026-07-25,4,006,suv,1,7,11.34,449.7,66.1
2026-07-25,5,007,suv,1,7,11.97,375.9,52.3
2026-07-25,6,008,Van(14 Pax),1,8,10.17,387.1,63.4
2026-07-25,7,009,suv,2,10,17.11,582.2,56.7
2026-07-25,8,10,mini_van,1,7,10.91,423.0,64.6
2026-07-25,9,001,suv,1,9,12.55,394.2,52.4
2026-07-25,11,002,mini_van,1,6,12.02,345.8,47.9
2026-07-25,12,11,Van(14 Pax),1,6,12.36,428.0,57.7
2026-07-25,13,12,Van(14 Pax),1,6,11.82,388.4,54.8
2026-07-25,15,13,towncar,1,6,13.35,401.9,50.2
2026-07-25,16,14,suv,1,8,13.35,461.3,57.6
2026-07-26,1,003,suv,1,9,13.97,389.5,46.5
2026-07-26,2,004,Van(14 Pax),1,6,13.41,457.8,56.9
2026-07-26,3,005,van,1,6,15.15,417.8,46.0
2026-07-26,4,006,suv,1,5,9.93,335.9,56.4
2026-07-26,5,007,suv,1,8,15.59,445.6,47.6
2026-07-26,6,008,Van(14 Pax),2,7,12.31,418.0,56.6
2026-07-26,7,009,suv,1,6,10.58,341.9,53.8
2026-07-26,8,10,mini_van,1,4,9.97,294.7,49.3
2026-07-26,9,001,suv,1,8,11.78,435.3,61.6
2026-07-26,11,002,mini_van,1,8,13.34,414.0,51.7
2026-07-26,12,11,Van(14 Pax),1,7,13.56,322.7,39.7
2026-07-26,13,12,Van(14 Pax),1,7,13.05,350.0,44.7
2026-07-26,15,13,towncar,1,5,11.73,266.4,37.8
2026-07-26,16,14,suv,1,6,10.49,390.6,62.1
2026-07-27,1,003,suv,1,6,17.79,324.2,30.4
2026-07-27,2,004,Van(14 Pax),1,6,14.05,410.2,48.7
2026-07-27,3,005,van,1,4,9.11,265.4,48.6
2026-07-27,4,006,suv,1,6,12.21,361.5,49.4
2026-07-27,5,007,suv,1,5,16.96,304.1,29.9
2026-07-27,6,008,Van(14 Pax),1,7,16.67,495.0,49.5
2026-07-27,7,009,suv,2,5,8.25,254.2,51.4
2026-07-27,8,10,mini_van,1,5,7.37,210.3,47.6
2026-07-27,9,001,suv,1,7,11.62,293.9,42.1
2026-07-27,11,002,mini_van,1,3,4.49,117.3,43.5
2026-07-27,13,12,Van(14 Pax),1,3,3.49,136.3,65.0
2026-07-27,15,13,towncar,1,5,6.2,198.2,53.2
2026-07-27,16,14,suv,2,8,13.95,517.5,61.8
2026-07-28,1,003,suv,1,7,13.56,325.4,40.0
2026-07-28,2,004,Van(14 Pax),1,5,10.43,241.2,38.5
2026-07-28,3,005,van,1,5,10.02,315.3,52.5
2026-07-28,4,006,suv,1,4,9.73,205.8,35.3
2026-07-28,5,007,suv,1,6,12.32,322.3,43.6
2026-07-28,6,008,Van(14 Pax),1,5,12.26,327.2,44.5
2026-07-28,7,009,suv,2,5,12.09,260.4,35.9
2026-07-28,9,001,suv,1,5,6.74,185.5,45.9
2026-07-28,11,002,mini_van,1,2,4.31,172.5,66.7
2026-07-28,13,12,Van(14 Pax),1,5,16.4,249.6,25.4
2026-07-28,16,14,suv,1,5,9.27,306.2,55.0
2026-07-29,1,003,suv,1,5,7.25,207.4,47.7
2026-07-29,2,004,Van(14 Pax),1,5,9.82,305.7,51.9
2026-07-29,3,005,van,1,6,11.29,269.2,39.7
2026-07-29,4,006,suv,1,5,12.58,363.1,48.1
2026-07-29,5,007,suv,1,5,9.85,335.7,56.8
2026-07-29,6,008,Van(14 Pax),1,5,15.32,369.8,40.2
2026-07-29,7,009,suv,1,5,9.44,330.4,58.4
2026-07-29,8,10,mini_van,1,3,7.54,206.8,45.7
2026-07-29,9,001,suv,1,5,11.82,246.1,34.7
2026-07-29,11,002,mini_van,1,4,9.82,253.9,43.1
2026-07-29,13,12,Van(14 Pax),1,5,11.09,393.8,59.2
2026-07-29,15,13,towncar,1,4,6.91,204.3,49.3
2026-07-29,16,14,suv,1,6,11.73,330.3,46.9
2026-07-30,1,003,suv,1,6,13.0,285.4,36.6
2026-07-30,2,004,Van(14 Pax),1,5,15.46,362.0,39.0
2026-07-30,3,005,van,1,5,13.25,272.5,34.3
2026-07-30,4,006,suv,1,5,9.85,367.2,62.1
2026-07-30,5,007,suv,1,5,11.44,315.1,45.9
2026-07-30,6,008,Van(14 Pax),1,4,10.8,307.2,47.4
2026-07-30,7,009,suv,2,8,17.43,495.5,47.4
2026-07-30,8,10,mini_van,1,3,10.15,294.9,48.4
2026-07-30,9,001,suv,1,5,9.85,262.6,44.4
2026-07-30,11,002,mini_van,2,7,17.59,388.0,36.8
2026-07-30,13,12,Van(14 Pax),1,5,12.41,393.7,52.9
2026-07-30,15,13,towncar,2,7,14.29,365.7,42.6
2026-07-30,16,14,suv,1,6,10.83,415.3,63.9
2026-07-31,1,003,suv,2,6,15.61,467.1,49.9
2026-07-31,2,004,Van(14 Pax),1,6,13.14,337.4,42.8
2026-07-31,3,005,van,1,5,12.86,456.6,59.2
2026-07-31,4,006,suv,1,6,12.28,360.0,48.9
2026-07-31,5,007,suv,2,9,15.47,465.7,50.2
2026-07-31,6,008,Van(14 Pax),1,5,9.17,320.8,58.3
2026-07-31,7,009,suv,1,8,13.62,487.4,59.7
2026-07-31,8,10,mini_van,2,9,17.29,554.2,53.4
2026-07-31,9,001,suv,1,6,13.15,320.6,40.6
2026-07-31,11,002,mini_van,1,3,10.27,215.9,35.1
2026-07-31,12,11,Van(14 Pax),1,4,9.58,316.2,55.0
2026-07-31,13,12,Van(14 Pax),1,6,16.14,459.8,47.5
2026-07-31,15,13,towncar,1,8,13.49,434.7,53.7
2026-07-31,16,14,suv,1,7,10.59,288.4,45.4
2026-08-01,1,003,suv,1,8,15.52,504.8,54.2
2026-08-01,2,004,Van(14 Pax),1,9,17.41,445.9,42.7
2026-08-01,3,005,van,1,11,13.98,553.9,66.0
2026-08-01,4,006,suv,1,9,14.73,390.1,44.1
2026-08-01,5,007,suv,1,8,11.43,461.9,67.4
2026-08-01,6,008,Van(14 Pax),2,11,21.34,606.8,47.4
2026-08-01,7,009,suv,1,9,14.15,498.3,58.7
2026-08-01,8,10,mini_van,1,8,16.78,518.6,51.5
2026-08-01,9,001,suv,1,8,15.46,412.7,44.5
2026-08-01,11,002,mini_van,1,5,7.5,271.7,60.4
2026-08-01,12,11,Van(14 Pax),1,7,17.35,610.1,58.6
2026-08-01,13,12,Van(14 Pax),1,8,15.25,502.1,54.9
2026-08-01,15,13,towncar,1,8,14.98,519.6,57.8
2026-08-01,16,14,suv,1,8,14.78,411.2,46.4
2026-08-02,1,003,suv,1,8,12.91,384.5,49.6
2026-08-02,3,005,van,1,6,16.55,377.8,38.0
2026-08-02,4,006,suv,1,7,15.16,408.8,44.9
2026-08-02,5,007,suv,1,6,12.09,449.7,62.0
2026-08-02,6,008,Van(14 Pax),1,6,12.77,394.4,51.5
2026-08-02,7,009,suv,1,5,14.72,368.5,41.7
2026-08-02,8,10,mini_van,1,8,13.34,423.9,53.0
2026-08-02,9,001,suv,1,7,13.21,376.5,47.5
2026-08-02,11,002,mini_van,1,6,12.08,341.8,47.2
2026-08-02,12,11,Van(14 Pax),1,6,11.68,377.7,53.9
2026-08-02,13,12,Van(14 Pax),1,6,12.76,361.6,47.2
2026-08-02,15,13,towncar,1,5,6.73,183.5,45.5
2026-08-02,16,14,suv,1,7,14.91,337.5,37.7
2026-08-02,17,15,Van(14 Pax),1,6,15.05,390.6,43.3
2026-08-03,1,003,suv,1,7,12.63,449.8,59.4
2026-08-03,3,005,van,1,5,15.52,504.8,54.2
2026-08-03,4,006,suv,2,6,16.51,241.8,24.4
2026-08-03,5,007,suv,1,7,12.08,353.4,48.7
2026-08-03,6,008,Van(14 Pax),1,6,13.18,419.6,53.1
2026-08-03,7,009,suv,1,5,11.59,327.2,47.0
2026-08-03,8,10,mini_van,1,6,11.24,346.1,51.3
2026-08-03,9,001,suv,1,6,9.84,299.6,50.7
2026-08-03,11,002,mini_van,1,4,10.25,285.3,46.4
2026-08-03,12,11,Van(14 Pax),1,6,16.3,704.0,72.0
2026-08-03,13,12,Van(14 Pax),1,6,13.0,420.4,53.9
2026-08-03,15,13,towncar,1,7,13.05,432.6,55.3
2026-08-03,16,14,suv,2,8,20.64,416.3,33.6
2026-08-03,17,15,Van(14 Pax),1,8,13.97,296.4,35.4
2026-08-04,1,003,suv,1,6,10.23,381.1,62.1
2026-08-04,3,005,van,1,6,10.75,377.6,58.5
2026-08-04,4,006,suv,1,3,5.38,208.9,64.7
2026-08-04,5,007,suv,1,5,7.76,298.7,64.2
2026-08-04,6,008,Van(14 Pax),1,5,12.46,566.0,75.7
2026-08-04,7,009,suv,1,6,10.2,347.4,56.8
2026-08-04,9,001,suv,1,7,11.3,366.3,54.0
2026-08-04,13,12,Van(14 Pax),1,8,19.22,405.2,35.1
2026-08-04,15,13,towncar,1,7,10.55,417.7,66.0
2026-08-04,16,14,suv,1,4,11.37,426.6,62.5
2026-08-04,17,15,Van(14 Pax),1,9,12.43,283.8,38.1
2026-08-05,1,003,suv,1,7,14.12,415.5,49.0
2026-08-05,2,004,Van(14 Pax),1,6,11.15,374.0,55.9
2026-08-05,3,005,van,1,6,11.47,417.3,60.6
2026-08-05,4,006,suv,1,6,12.82,334.6,43.5
2026-08-05,5,007,suv,1,4,9.55,294.6,51.4
2026-08-05,6,008,Van(14 Pax),1,7,10.48,362.4,57.6
2026-08-05,7,009,suv,1,6,10.53,307.3,48.6
2026-08-05,8,10,mini_van,1,3,6.49,189.8,48.7
2026-08-05,9,001,suv,1,8,10.8,364.5,56.3
2026-08-05,11,002,mini_van,1,6,13.01,366.2,46.9
2026-08-05,13,12,Van(14 Pax),1,8,14.32,546.7,63.6
2026-08-05,15,13,towncar,1,7,14.76,406.7,45.9
2026-08-05,16,14,suv,1,7,13.11,395.1,50.2
2026-08-05,17,15,Van(14 Pax),1,7,10.05,251.1,41.7
2026-08-06,1,003,suv,1,6,14.29,795.1,92.8
2026-08-06,2,004,Van(14 Pax),1,4,5.86,266.0,75.7
2026-08-06,3,005,van,1,6,16.59,423.4,42.5
2026-08-06,5,007,suv,1,5,14.7,439.7,49.9
2026-08-06,6,008,Van(14 Pax),1,5,7.97,266.8,55.8
2026-08-06,7,009,suv,2,7,20.13,688.9,57.0
2026-08-06,8,10,mini_van,2,5,15.52,340.8,36.6
2026-08-06,9,001,suv,1,8,15.02,416.6,46.2
2026-08-06,11,002,mini_van,1,5,16.7,358.9,35.8
2026-08-06,13,12,Van(14 Pax),1,6,16.48,575.7,58.2
2026-08-06,15,13,towncar,1,4,13.69,298.5,36.3
2026-08-06,16,14,suv,1,7,11.23,395.4,58.7
2026-08-06,17,15,Van(14 Pax),1,5,9.52,174.3,30.5
2026-08-07,1,003,suv,1,7,12.32,455.9,61.7
2026-08-07,2,004,Van(14 Pax),1,6,11.83,341.5,48.1
2026-08-07,3,005,van,1,8,9.75,400.9,68.6
2026-08-07,4,006,suv,1,5,10.02,349.7,58.2
2026-08-07,5,007,suv,1,7,10.01,446.6,74.3
2026-08-07,6,008,Van(14 Pax),2,11,21.35,663.2,51.8
2026-08-07,7,009,suv,1,4,8.23,235.0,47.6
2026-08-07,8,10,mini_van,1,5,10.13,339.3,55.8
2026-08-07,9,001,suv,1,4,10.2,297.8,48.6
2026-08-07,11,002,mini_van,2,8,17.95,568.4,52.8
2026-08-07,13,12,Van(14 Pax),1,7,23.17,425.5,30.6
2026-08-07,15,13,towncar,1,8,20.21,489.3,40.4
2026-08-07,16,14,suv,1,8,13.53,543.8,67.0
2026-08-07,17,15,Van(14 Pax),1,7,12.3,387.3,52.5
2026-08-08,1,003,suv,1,9,16.5,485.6,49.0
2026-08-08,2,004,Van(14 Pax),1,8,10.76,392.0,60.7
2026-08-08,3,005,van,1,8,13.59,422.8,51.8
2026-08-08,4,006,suv,1,7,14.31,686.8,80.0
2026-08-08,5,007,suv,1,8,12.62,402.6,53.2
2026-08-08,6,008,Van(14 Pax),2,6,7.77,291.8,62.6
2026-08-08,7,009,suv,1,9,14.48,507.6,58.4
2026-08-08,8,10,mini_van,1,9,14.87,546.2,61.2
2026-08-08,9,001,suv,1,9,13.11,432.0,54.9
2026-08-08,11,002,mini_van,1,7,7.75,285.2,61.4
2026-08-08,13,12,Van(14 Pax),1,6,15.08,459.4,50.8
2026-08-08,15,13,towncar,1,5,10.03,221.5,36.8
2026-08-08,16,14,suv,1,8,15.9,634.7,66.6
2026-08-08,17,15,Van(14 Pax),1,10,11.24,355.4,52.7
2026-08-08,19,17,suv,1,7,10.27,299.6,48.6
2026-08-09,1,003,suv,2,7,16.41,564.4,57.3
2026-08-09,2,004,Van(14 Pax),1,7,13.86,505.0,60.7
2026-08-09,3,005,van,1,9,12.81,437.4,56.9
2026-08-09,4,006,suv,1,5,10.24,293.4,47.7
2026-08-09,5,007,suv,1,6,12.46,353.2,47.2
2026-08-09,7,009,suv,1,9,13.27,475.3,59.7
2026-08-09,8,10,mini_van,1,5,16.57,358.8,36.1
2026-08-09,9,001,suv,1,8,11.19,395.8,58.9
2026-08-09,13,12,Van(14 Pax),1,6,17.02,451.3,44.2
2026-08-09,15,13,towncar,1,7,13.89,351.1,42.1
2026-08-09,16,14,suv,1,8,11.77,316.5,44.8
2026-08-09,17,15,Van(14 Pax),1,6,11.98,259.1,36.0
2026-08-09,19,17,suv,1,6,9.47,269.6,47.5
2026-08-10,1,003,suv,1,8,11.04,483.6,73.0
2026-08-10,2,004,Van(14 Pax),1,5,8.51,275.4,54.0
2026-08-10,3,005,van,1,8,10.39,413.0,66.3
2026-08-10,4,006,suv,1,5,10.77,335.2,51.9
2026-08-10,5,007,suv,1,6,10.81,318.5,49.1
2026-08-10,7,009,suv,1,6,11.86,279.2,39.2
2026-08-10,9,001,suv,1,7,12.21,431.0,58.8
2026-08-10,11,002,mini_van,1,8,14.99,434.8,48.4
2026-08-10,13,12,Van(14 Pax),1,8,12.44,467.6,62.7
2026-08-10,15,13,towncar,1,6,9.67,252.4,43.5
2026-08-10,16,14,suv,2,10,20.18,614.6,50.8
2026-08-10,17,15,Van(14 Pax),2,9,21.37,324.5,25.3
2026-08-10,19,17,suv,1,3,9.4,391.1,69.3
2026-08-11,1,003,suv,1,6,13.08,432.9,55.2
2026-08-11,2,004,Van(14 Pax),1,8,15.54,492.1,52.8
2026-08-11,3,005,van,1,5,7.82,292.7,62.4
2026-08-11,4,006,suv,1,5,12.33,280.1,37.9
2026-08-11,5,007,suv,1,5,11.2,332.4,49.5
2026-08-11,7,009,suv,1,5,11.92,338.2,47.3
2026-08-11,9,001,suv,1,5,7.75,302.8,65.1
2026-08-11,11,002,mini_van,1,2,2.27,89.4,65.6
2026-08-11,13,12,Van(14 Pax),1,6,14.94,486.7,54.3
2026-08-11,15,13,towncar,1,6,9.94,319.0,53.5
2026-08-11,16,14,suv,1,4,8.78,267.6,50.8
2026-08-11,17,15,Van(14 Pax),1,6,15.79,358.5,37.8
2026-08-11,18,16,suv,1,7,13.69,460.2,56.0
2026-08-12,1,003,suv,1,9,17.22,759.8,73.6
2026-08-12,2,004,Van(14 Pax),1,6,11.46,390.4,56.8
2026-08-12,3,005,van,1,6,10.58,364.1,57.3
2026-08-12,4,006,suv,1,8,13.34,403.5,50.4
2026-08-12,5,007,suv,1,7,12.28,359.4,48.8
2026-08-12,7,009,suv,1,5,8.4,271.6,53.9
2026-08-12,8,10,mini_van,1,3,8.94,152.2,28.4
2026-08-12,9,001,suv,1,6,11.0,323.3,49.0
2026-08-12,15,13,towncar,1,4,8.19,272.0,55.3
2026-08-12,16,14,suv,1,5,12.2,401.7,54.9
2026-08-12,17,15,Van(14 Pax),2,9,20.44,606.9,49.5
2026-08-12,18,16,suv,1,5,8.12,307.5,63.1
2026-08-12,19,17,suv,1,6,9.25,257.5,46.4
2026-08-13,1,003,suv,1,8,10.93,408.5,62.3
2026-08-13,2,004,Van(14 Pax),1,8,15.98,400.6,41.8
2026-08-13,3,005,van,1,7,11.48,314.2,45.6
2026-08-13,4,006,suv,1,6,13.21,373.1,47.1
2026-08-13,5,007,suv,2,7,15.3,475.2,51.8
2026-08-13,7,009,suv,1,6,13.09,381.2,48.5
2026-08-13,8,10,mini_van,1,4,7.95,298.2,62.5
2026-08-13,9,001,suv,2,8,14.75,449.6,50.8
2026-08-13,11,002,mini_van,1,4,11.11,280.3,42.1
2026-08-13,12,11,Van(14 Pax),1,8,12.09,481.2,66.3
2026-08-13,15,13,towncar,1,5,14.31,321.2,37.4
2026-08-13,16,14,suv,1,6,11.82,270.2,38.1
2026-08-13,17,15,Van(14 Pax),1,9,17.72,621.8,58.5
2026-08-13,18,16,suv,1,5,7.74,276.2,59.4
2026-08-13,19,17,suv,1,5,14.88,276.1,30.9
2026-08-14,1,003,suv,1,9,15.32,460.2,50.1
2026-08-14,2,004,Van(14 Pax),1,7,13.31,462.5,57.9
2026-08-14,3,005,van,1,6,10.91,340.8,52.1
2026-08-14,4,006,suv,1,8,11.42,363.3,53.0
2026-08-14,5,007,suv,2,7,15.38,422.6,45.8
2026-08-14,7,009,suv,1,5,6.55,242.4,61.6
2026-08-14,8,10,mini_van,1,6,13.65,444.8,54.3
2026-08-14,9,001,suv,1,9,12.96,336.2,43.2
2026-08-14,11,002,mini_van,1,7,13.09,458.7,58.4
2026-08-14,12,11,Van(14 Pax),1,5,15.62,304.1,32.4
2026-08-14,15,13,towncar,1,6,13.27,361.0,45.4
2026-08-14,16,14,suv,1,7,15.14,744.2,81.9
2026-08-14,17,15,Van(14 Pax),1,5,13.23,340.1,42.9
2026-08-14,18,16,suv,1,5,7.71,291.8,63.1
2026-08-14,19,17,suv,1,7,14.36,320.2,37.2
2026-08-15,1,003,suv,1,11,13.87,483.5,58.1
2026-08-15,2,004,Van(14 Pax),1,9,16.11,502.6,52.0
2026-08-15,3,005,van,1,9,11.61,471.1,67.6
2026-08-15,4,006,suv,1,7,16.11,580.8,60.1
2026-08-15,5,007,suv,1,10,15.41,569.1,61.6
2026-08-15,7,009,suv,1,7,13.32,500.6,62.6
2026-08-15,8,10,mini_van,1,7,12.3,436.2,59.1
2026-08-15,9,001,suv,1,8,11.94,373.6,52.2
2026-08-15,11,002,mini_van,1,5,8.83,331.4,62.6
2026-08-15,12,11,Van(14 Pax),2,12,18.33,573.5,52.1
2026-08-15,13,12,Van(14 Pax),1,9,15.15,476.4,52.4
2026-08-15,15,13,towncar,1,6,11.31,396.7,58.5
2026-08-15,16,14,suv,1,7,11.68,369.1,52.7
2026-08-15,17,15,Van(14 Pax),1,10,11.98,583.9,81.2
2026-08-15,18,16,suv,1,8,10.97,417.5,63.4
2026-08-15,19,17,suv,1,5,7.75,221.0,47.5
2026-08-16,1,003,suv,1,8,11.97,416.4,58.0
2026-08-16,2,004,Van(14 Pax),1,7,14.03,437.2,51.9
2026-08-16,3,005,van,1,8,13.14,342.7,43.5
2026-08-16,4,006,suv,1,6,11.36,279.7,41.0
2026-08-16,5,007,suv,2,10,13.3,649.6,81.4
2026-08-16,7,009,suv,1,5,7.91,303.8,64.0
2026-08-16,8,10,mini_van,1,5,8.75,334.5,63.7
2026-08-16,9,001,suv,1,7,11.88,408.3,57.3
2026-08-16,11,002,mini_van,1,4,5.87,188.8,53.6
2026-08-16,12,11,Van(14 Pax),1,7,11.27,302.4,44.7
2026-08-16,13,12,Van(14 Pax),1,6,11.39,422.3,61.8
2026-08-16,15,13,towncar,1,9,17.71,660.0,62.1
2026-08-16,16,14,suv,1,10,15.13,498.2,54.9
2026-08-16,17,15,Van(14 Pax),1,8,15.23,641.1,70.2
2026-08-16,18,16,suv,1,6,7.67,360.5,78.4
2026-08-16,19,17,suv,1,8,11.77,335.8,47.5
2026-08-17,1,003,suv,1,8,14.72,434.0,49.2
2026-08-17,2,004,Van(14 Pax),1,5,10.96,364.5,55.5
2026-08-17,3,005,van,1,5,13.79,442.9,53.5
2026-08-17,4,006,suv,1,7,11.44,402.5,58.6
2026-08-17,5,007,suv,2,9,17.91,484.2,45.1
2026-08-17,7,009,suv,1,6,12.32,332.6,45.0
2026-08-17,9,001,suv,1,10,12.1,496.4,68.4
2026-08-17,11,002,mini_van,1,4,3.74,175.0,78.0
2026-08-17,12,11,Van(14 Pax),1,8,14.39,481.9,55.8
2026-08-17,13,12,Van(14 Pax),1,8,14.32,530.4,61.7
2026-08-17,15,13,towncar,1,5,13.76,358.3,43.4
2026-08-17,16,14,suv,2,7,11.67,450.5,64.3
2026-08-17,17,15,Van(14 Pax),1,6,11.06,431.4,65.0
2026-08-17,18,16,suv,1,6,12.12,417.2,57.4
2026-08-17,19,17,suv,1,3,3.48,126.9,60.8
2026-08-18,2,004,Van(14 Pax),1,7,10.52,334.4,53.0
2026-08-18,3,005,van,1,6,8.28,359.3,72.4
2026-08-18,4,006,suv,1,4,7.93,237.1,49.8
2026-08-18,5,007,suv,1,6,10.19,310.7,50.8
2026-08-18,7,009,suv,1,3,7.88,125.8,26.6
2026-08-18,8,10,mini_van,1,5,9.75,268.8,46.0
2026-08-18,9,001,suv,1,5,9.43,286.6,50.7
2026-08-18,11,002,mini_van,1,5,8.71,254.8,48.8
2026-08-18,12,11,Van(14 Pax),1,5,10.91,264.7,40.5
2026-08-18,13,12,Van(14 Pax),1,5,6.75,242.8,60.0
2026-08-18,15,13,towncar,1,5,12.74,481.5,63.0
2026-08-18,16,14,suv,1,5,9.92,335.4,56.4
2026-08-18,17,15,Van(14 Pax),1,8,12.36,413.0,55.7
2026-08-18,18,16,suv,1,3,9.63,284.8,49.3
2026-08-18,19,17,suv,1,8,9.77,261.5,44.6
2026-08-19,1,003,suv,1,4,8.75,208.6,39.7
2026-08-19,2,004,Van(14 Pax),1,5,9.87,291.0,49.1
2026-08-19,3,005,van,1,5,7.89,257.3,54.4
2026-08-19,4,006,suv,1,4,7.02,193.9,46.1
2026-08-19,5,007,suv,1,5,8.01,229.9,47.9
2026-08-19,7,009,suv,1,4,6.41,128.9,33.5
2026-08-19,8,10,mini_van,1,5,9.12,288.9,52.8
2026-08-19,9,001,suv,1,5,8.81,253.1,47.9
2026-08-19,11,002,mini_van,1,3,12.45,474.3,63.5
2026-08-19,12,11,Van(14 Pax),1,5,8.64,325.4,62.7
2026-08-19,15,13,towncar,1,4,9.62,217.2,37.6
2026-08-19,16,14,suv,1,4,6.93,263.0,63.3
2026-08-19,17,15,Van(14 Pax),1,5,12.97,409.7,52.6
2026-08-19,18,16,suv,1,6,15.31,485.9,52.9
2026-08-19,19,17,suv,1,4,6.43,157.5,40.8
2026-08-20,1,003,suv,1,6,8.97,290.6,54.0
2026-08-20,2,004,Van(14 Pax),1,6,8.55,284.6,55.5
2026-08-20,3,005,van,1,5,7.2,199.1,46.1
2026-08-20,4,006,suv,1,5,10.86,268.4,41.2
2026-08-20,5,007,suv,1,6,11.68,343.0,48.9
2026-08-20,7,009,suv,1,3,5.56,164.4,49.3
2026-08-20,8,10,mini_van,1,4,7.42,227.0,51.0
2026-08-20,9,001,suv,1,6,11.05,330.7,49.9
2026-08-20,11,002,mini_van,2,6,16.22,333.4,34.3
2026-08-20,12,11,Van(14 Pax),1,4,7.06,274.8,64.9
2026-08-20,13,12,Van(14 Pax),1,4,7.67,209.6,45.6
2026-08-20,15,13,towncar,2,6,14.04,310.3,36.8
2026-08-20,16,14,suv,1,5,10.34,275.3,44.4
2026-08-20,17,15,Van(14 Pax),1,6,14.0,353.2,42.1
2026-08-20,18,16,suv,1,3,3.79,151.1,66.5
